ordered_rank,solver_index,dof_index,component_real,component_imag
1,0,0,0.1256449976008311,0
1,0,1,-0.04054072992179429,0
1,0,2,0.07881132917831954,0
1,0,3,0.1977661544569309,0
1,0,4,-0.1076798934762757,0
1,0,5,0.2265463259979906,0
1,0,6,0.2560451101195402,0
1,0,7,-0.154672324031618,0
1,0,8,0.3433931799465649,0
1,0,9,0.2922300919305634,0
1,0,10,-0.1906614586452846,0
1,0,11,0.4419942375867341,0
1,0,12,0.2860688650510957,0
1,0,13,-0.206255734752801,0
1,0,14,0.5031538252756855,0
1,0,15,0.2213495591697668,0
1,0,16,-0.1910973457115879,0
1,0,17,0.4881549737112859,0
1,0,18,0.1244429611230446,0
1,0,19,-0.1349935414450144,0
1,0,20,0.3657291535357236,0
1,0,21,0.04471484393669414,0
1,0,22,-0.06855201463896159,0
1,0,23,0.1963904394178487,0
1,0,24,0.007175438319412174,0
1,0,25,-0.02140630063729899,0
1,0,26,0.06287855133965047,0
1,0,27,-0.00253541047132344,0
1,0,28,0.005740887175147517,0
1,0,29,0.1733584223225717,0
1,0,30,-0.05854360505755375,0
1,0,31,0.04849251415202421,0
1,0,32,0.3694160625772768,0
1,0,33,-0.1892215167321063,0
1,0,34,0.2141501831612114,0
1,0,35,0.545938848995506,0
1,0,36,-0.3200087707996056,0
1,0,37,0.4062341518350625,0
1,0,38,0.696818699929999,0
1,0,39,-0.4364520281994141,0
1,0,40,0.5899821165582551,0
1,0,41,0.7879142696219722,0
1,0,42,-0.5244375287020118,0
1,0,43,0.7514254889371933,0
1,0,44,0.7415374165281513,0
1,0,45,-0.5560987800697064,0
1,0,46,0.8437834522839031,0
1,0,47,0.536649340182982,0
1,0,48,-0.467804964669371,0
1,0,49,0.7686797737240366,0
1,0,50,0.2709498556621197,0
1,0,51,-0.2973681670927958,0
1,0,52,0.5328306471873984,0
1,0,53,0.07361853047454364,0
1,0,54,-0.1257590155303957,0
1,0,55,0.2404858032701437,0
1,0,56,-0.0241109310749688,0
1,0,57,0.03988123170607955,0
1,0,58,0.09854877490468894,0
1,0,59,-0.03224853547538331,0
1,0,60,0.01655103911629744,0
1,0,61,0.2828953461215336,0
1,0,62,-0.1344888903794702,0
1,0,63,0.1063086092142956,0
1,0,64,0.5005992730846274,0
1,0,65,-0.277437844900384,0
1,0,66,0.2604818574326311,0
1,0,67,0.7176813105706558,0
1,0,68,-0.4308702180080998,0
1,0,69,0.4430117978439573,0
1,0,70,0.9134564792377117,0
1,0,71,-0.5767884206118731,0
1,0,72,0.6310915772606124,0
1,0,73,1,0
1,0,74,-0.6927127520419943,0
1,0,75,0.8012159351517291,0
1,0,76,0.8836960957142463,0
1,0,77,-0.682354611964416,0
1,0,78,0.8538379372238564,0
1,0,79,0.5812922659998008,0
1,0,80,-0.5311391887190137,0
1,0,81,0.7322776291164511,0
1,0,82,0.2221103794927584,0
1,0,83,-0.2899488584091372,0
1,0,84,0.4440634810786399,0
1,0,85,-0.07444930493671678,0
1,0,86,0.1096502204377506,0
1,0,87,0.03060970715823311,0
1,0,88,-0.00982266378833813,0
1,0,89,0.002283530500716086,0
1,0,90,0.1203686603726356,0
1,0,91,-0.05401228646675008,0
1,0,92,0.02607762942412988,0
1,0,93,0.2657514364353259,0
1,0,94,-0.1394476310076314,0
1,0,95,0.08741271224563825,0
1,0,96,0.4392448482839192,0
1,0,97,-0.2532939128738193,0
1,0,98,0.1828121527956716,0
1,0,99,0.6258942422394218,0
1,0,100,-0.380212472383688,0
1,0,101,0.2967971466153563,0
1,0,102,0.7792771349078642,0
1,0,103,-0.5109704064611669,0
1,0,104,0.4222043233668939,0
1,0,105,0.8105847014896439,0
1,0,106,-0.5758278453508361,0
1,0,107,0.5148211373483775,0
1,0,108,0.6728375067054706,0
1,0,109,-0.5343174268524714,0
1,0,110,0.5243292599612351,0
1,0,111,0.3587715787267809,0
1,0,112,-0.3700873444141325,0
1,0,113,0.4194850667507991,0
1,0,114,-0.1249103598069119,0
1,0,115,0.164257542852031,0
1,0,116,0.002850323313299644,0
1,0,117,-0.0009898789106781776,0
1,0,118,0.01859500175681313,0
1,0,119,-0.008699679881928284,0
1,0,120,0.05575588384031636,0
1,0,121,-0.02973460239430361,0
1,0,122,0.1122229541680174,0
1,0,123,-0.06511366814863288,0
1,0,124,0.1814612104424258,0
1,0,125,-0.1106402208754725,0
1,0,126,0.2546144990523587,0
1,0,127,-0.1647498104080528,0
1,0,128,0.3055421252203938,0
1,0,129,-0.2076007146776306,0
1,0,130,0.3059502268090563,0
1,0,131,-0.2211793461242699,0
1,0,132,0.2329896324361277,0
1,0,133,-0.1887939442178434,0
1,0,134,-0.07915849494522578,0
1,0,135,3.854919032625836e-07,0
1,0,136,9.508287323577762e-07,0
1,0,137,1.95499891851482e-06,0
1,0,138,3.835483948267508e-06,0
1,0,139,7.304282303040171e-06,0
1,0,140,3.835666445886893e-06,0
1,0,141,1.95517517342915e-06,0
1,0,142,9.50949636758111e-07,0
1,0,143,3.85551712122532e-07,0
1,0,144,6.253476242391065e-07,0
1,0,145,1.546292369164912e-06,0
1,0,146,3.200366296931314e-06,0
1,0,147,6.384795063912232e-06,0
1,0,148,1.269161524880942e-05,0
1,0,149,6.385071366051464e-06,0
1,0,150,3.200635750518265e-06,0
1,0,151,1.546478052047583e-06,0
1,0,152,6.254390859123814e-07,0
1,0,153,6.258249150511771e-07,0
1,0,154,1.548056296144793e-06,0
1,0,155,3.206424986842884e-06,0
1,0,156,6.405525591463383e-06,0
1,0,157,1.276272900395831e-05,0
1,0,158,6.405782373322482e-06,0
1,0,159,3.206678687423526e-06,0
1,0,160,1.54823216062807e-06,0
1,0,161,6.25911268523871e-07,0
1,0,162,3.862640616128028e-07,0
1,0,163,9.536770160354322e-07,0
1,0,164,1.964756350800639e-06,0
1,0,165,3.868721988362412e-06,0
1,0,166,7.417397601699883e-06,0
1,0,167,3.868866811885135e-06,0
1,0,168,1.964902551401043e-06,0
1,0,169,9.537792929648179e-07,0
1,0,170,3.863140781394402e-07,0
2,1,0,0.2718984520638139,0
2,1,1,-0.0976939054275231,0
2,1,2,0.2180189747730492,0
2,1,3,0.2788816115280795,0
2,1,4,-0.205044085781583,0
2,1,5,0.4903186178570216,0
2,1,6,0.1473219547664255,0
2,1,7,-0.1722954897513828,0
2,1,8,0.47224159571547,0
2,1,9,-0.05466885351786951,0
2,1,10,-0.05699601838798252,0
2,1,11,0.235716870179883,0
2,1,12,-0.2314101249409644,0
2,1,13,0.08572058212311436,0
2,1,14,-0.1133334713970936,0
2,1,15,-0.2848383309896049,0
2,1,16,0.188396777536138,0
2,1,17,-0.4096361602058042,0
2,1,18,-0.2041657193310823,0
2,1,19,0.1922355728720777,0
2,1,20,-0.4795836879339619,0
2,1,21,-0.08455384776866047,0
2,1,22,0.1198887770297078,0
2,1,23,-0.3256198019946474,0
2,1,24,-0.01475545541969753,0
2,1,25,0.04238245580476665,0
2,1,26,-0.1196118767976811,0
2,1,27,0.005410903659426033,0
2,1,28,-0.01187996491467954,0
2,1,29,0.4734938147271714,0
2,1,30,-0.1695903677873864,0
2,1,31,0.1579885491820346,0
2,1,32,0.7751268786403942,0
2,1,33,-0.4600754641233883,0
2,1,34,0.5888144651614596,0
2,1,35,0.7066008268684891,0
2,1,36,-0.5505740413065509,0
2,1,37,0.8397371164496714,0
2,1,38,0.3205279627775345,0
2,1,39,-0.3901085348123783,0
2,1,40,0.7313275186424806,0
2,1,41,-0.220736489132201,0
2,1,42,-0.05197456904200116,0
2,1,43,0.3031650440077069,0
2,1,44,-0.6491935278619456,0
2,1,45,0.3166993063793437,0
2,1,46,-0.2752162574645908,0
2,1,47,-0.7140088819831392,0
2,1,48,0.5124216609052933,0
2,1,49,-0.701206470427959,0
2,1,50,-0.4499934636505876,0
2,1,51,0.4434395564055579,0
2,1,52,-0.7218589602670825,0
2,1,53,-0.1391656076152036,0
2,1,54,0.2231473715323625,0
2,1,55,-0.4019362000911423,0
2,1,56,0.04734868727911759,0
2,1,57,-0.07567715068814726,0
2,1,58,0.3193558799212564,0
2,1,59,-0.1092994737152459,0
2,1,60,0.06099298774150997,0
2,1,61,0.7667908122681977,0
2,1,62,-0.3998464618036854,0
2,1,63,0.3474342087892757,0
2,1,64,1,0
2,1,65,-0.6532391183478942,0
2,1,66,0.7024756654583159,0
2,1,67,0.8340772567436934,0
2,1,68,-0.6772749649070835,0
2,1,69,0.8639437821468886,0
2,1,70,0.3092539186384946,0
2,1,71,-0.4225919948655475,0
2,1,72,0.6941895259208957,0
2,1,73,-0.3708499378911406,0
2,1,74,0.02262472481141759,0
2,1,75,0.2255575258751633,0
2,1,76,-0.8292493584694118,0
2,1,77,0.4540685505688835,0
2,1,78,-0.3579720490349974,0
2,1,79,-0.7903871994646693,0
2,1,80,0.6137173345002453,0
2,1,81,-0.7137134121956988,0
2,1,82,-0.3674855606192017,0
2,1,83,0.4368251926743059,0
2,1,84,-0.6115969117283935,0
2,1,85,0.12905493211321,0
2,1,86,-0.1822833392193742,0
2,1,87,0.112389370360716,0
2,1,88,-0.037446451147494,0
2,1,89,0.00913522065458457,0
2,1,90,0.3904296318052531,0
2,1,91,-0.1866150503363251,0
2,1,92,0.09628276008103404,0
2,1,93,0.7028345973645512,0
2,1,94,-0.4087771024032221,0
2,1,95,0.2828975596721049,0
2,1,96,0.8249703912184916,0
2,1,97,-0.5659193272791937,0
2,1,98,0.4767860466520241,0
2,1,99,0.6435580640637513,0
2,1,100,-0.5358845770185858,0
2,1,101,0.5396554209072851,0
2,1,102,0.1768818954679755,0
2,1,103,-0.2965475837764934,0
2,1,104,0.4061994378123353,0
2,1,105,-0.3699887393992004,0
2,1,106,0.08843348860255988,0
2,1,107,0.08529702094349999,0
2,1,108,-0.6664974779986207,0
2,1,109,0.4020476158434225,0
2,1,110,-0.2668325186619331,0
2,1,111,-0.4893644640161257,0
2,1,112,0.4406514046007981,0
2,1,113,-0.4306661631074416,0
2,1,114,0.1817429598157039,0
2,1,115,-0.2269550235595427,0
2,1,116,0.01137636266794338,0
2,1,117,-0.004089594713420443,0
2,1,118,0.0682767284558352,0
2,1,119,-0.03337946489889563,0
2,1,120,0.1784650075442232,0
2,1,121,-0.1011446892706467,0
2,1,122,0.2869170145778291,0
2,1,123,-0.1824348989666222,0
2,1,124,0.3190609624344862,0
2,1,125,-0.2256451137936394,0
2,1,126,0.2318804884589429,0
2,1,127,-0.1964632833300181,0
2,1,128,0.03881531854973147,0
2,1,129,-0.079330201071144,0
2,1,130,-0.1629374155705535,0
2,1,131,0.07061475710347591,0
2,1,132,-0.2385789852221157,0
2,1,133,0.1633896679609857,0
2,1,134,0.09273202652879924,0
2,1,135,2.400405911556303e-08,0
2,1,136,2.996774646753235e-08,0
2,1,137,-5.908280076962119e-08,0
2,1,138,-5.530766241635227e-07,0
2,1,139,-2.607308531752739e-06,0
2,1,140,-5.530717940469512e-07,0
2,1,141,-5.906938589358858e-08,0
2,1,142,2.998011618552844e-08,0
2,1,143,2.401092704352438e-08,0
2,1,144,6.262350592842601e-08,0
2,1,145,1.369005580371661e-07,0
2,1,146,2.098347823952717e-07,0
2,1,147,1.575935717585744e-07,0
2,1,148,-5.715065266280231e-07,0
2,1,149,1.576298271168834e-07,0
2,1,150,2.098715343133162e-07,0
2,1,151,1.369263770835222e-07,0
2,1,152,6.263635280456233e-08,0
2,1,153,9.180986335199895e-08,0
2,1,154,2.449352520001194e-07,0
2,1,155,5.801697959255325e-07,0
2,1,156,1.416555990344189e-06,0
2,1,157,3.68916240551701e-06,0
2,1,158,1.41661442089007e-06,0
2,1,159,5.802189698853884e-07,0
2,1,160,2.449660714040092e-07,0
2,1,161,9.182422504503928e-08,0
2,1,162,7.133881114709778e-08,0
2,1,163,2.054837661152583e-07,0
2,1,164,5.446262543364643e-07,0
2,1,165,1.512317520813068e-06,0
2,1,166,4.465434373148143e-06,0
2,1,167,1.512357519774421e-06,0
2,1,168,5.446592071313431e-07,0
2,1,169,2.055038830269013e-07,0
2,1,170,7.13479390877073e-08,0
3,2,0,0.2131663632046711,0
3,2,1,-0.09890221326985796,0
3,2,2,0.2898788129112134,0
3,2,3,-0.0005028163113765105,0
3,2,4,-0.1139150905354356,0
3,2,5,0.3869464227538765,0
3,2,6,-0.2402236169140209,0
3,2,7,0.06441764515184252,0
3,2,8,-0.02423764889392307,0
3,2,9,-0.2348631261652731,0
3,2,10,0.1868798233584437,0
3,2,11,-0.4307570040087021,0
3,2,12,0.03912494248832108,0
3,2,13,0.1112822476397939,0
3,2,14,-0.3967221921352386,0
3,2,15,0.3233609505494677,0
3,2,16,-0.1074025947052183,0
3,2,17,0.09105360696428066,0
3,2,18,0.3522714798598296,0
3,2,19,-0.2625791420010471,0
3,2,20,0.5592393042783066,0
3,2,21,0.1801033453759217,0
3,2,22,-0.2273715876192864,0
3,2,23,0.5685439722172844,0
3,2,24,0.03540105296203138,0
3,2,25,-0.09623597159795645,0
3,2,26,0.2563728253519576,0
3,2,27,-0.01365791176676317,0
3,2,28,0.02866983322714003,0
3,2,29,0.6182725455209299,0
3,2,30,-0.2444553714666666,0
3,2,31,0.2790859198419983,0
3,2,32,0.572369144464725,0
3,2,33,-0.482111730639066,0
3,2,34,0.7814898868585984,0
3,2,35,-0.1009709991674363,0
3,2,36,-0.2080074487744573,0
3,2,37,0.5967203117770392,0
3,2,38,-0.6876538490891432,0
3,2,39,0.2918713455453254,0
3,2,40,-0.1669511622040512,0
3,2,41,-0.570908620812417,0
3,2,42,0.4988391693008242,0
3,2,43,-0.7689380482325087,0
3,2,44,0.204301185464623,0
3,2,45,0.1733534703924447,0
3,2,46,-0.5876414885749522,0
3,2,47,0.8566587364737052,0
3,2,48,-0.4035754993109769,0
3,2,49,0.2639356845042644,0
3,2,50,0.7875068174623368,0
3,2,51,-0.6540641127207107,0
3,2,52,0.8862334611148794,0
3,2,53,0.29563557020946,0
3,2,54,-0.4316853724001248,0
3,2,55,0.7070144395232786,0
3,2,56,-0.1061610562070696,0
3,2,57,0.1613655426079756,0
3,2,58,0.5608781315135152,0
3,2,59,-0.2051075456927981,0
3,2,60,0.1303135116209387,0
3,2,61,1,0
3,2,62,-0.6116071667215152,0
3,2,63,0.6193651835834327,0
3,2,64,0.6560594093587708,0
3,2,65,-0.6521010308951689,0
3,2,66,0.9100811133383361,0
3,2,67,-0.2720275572703382,0
3,2,68,-0.1524711590394232,0
3,2,69,0.5244847341917938,0
3,2,70,-0.9353032896186873,0
3,2,71,0.47154707449248,0
3,2,72,-0.3046647299993123,0
3,2,73,-0.6380239731564992,0
3,2,74,0.6318434364497484,0
3,2,75,-0.8420128205508689,0
3,2,76,0.358991323817193,0
3,2,77,0.1108593815593027,0
3,2,78,-0.5100889827403648,0
3,2,79,0.972995386556375,0
3,2,80,-0.5389389437744432,0
3,2,81,0.3489061103924854,0
3,2,82,0.6348980905557293,0
3,2,83,-0.6471615712522816,0
3,2,84,0.7626912294728679,0
3,2,85,-0.2391061018602565,0
3,2,86,0.3162424168622214,0
3,2,87,0.2390235745055602,0
3,2,88,-0.0839505184025504,0
3,2,89,0.02199586420640949,0
3,2,90,0.6905539667648983,0
3,2,91,-0.3629315748299541,0
3,2,92,0.2065035443385875,0
3,2,93,0.8859194986045775,0
3,2,94,-0.6167990931411816,0
3,2,95,0.4988526643505283,0
3,2,96,0.4507175434210849,0
3,2,97,-0.5097273173233164,0
3,2,98,0.5852869927549229,0
3,2,99,-0.3510311926212867,0
3,2,100,-0.01774606643280395,0
3,2,101,0.2576253162786582,0
3,2,102,-0.8102251926634025,0
3,2,103,0.4768666158063896,0
3,2,104,-0.2789359683390533,0
3,2,105,-0.4405247490285534,0
3,2,106,0.4887044590509513,0
3,2,107,-0.5414372850090401,0
3,2,108,0.3438828891853877,0
3,2,109,0.009657239778316283,0
3,2,110,-0.254593212983205,0
3,2,111,0.5949903993111028,0
3,2,112,-0.4020460947116065,0
3,2,113,0.2464549019309498,0
3,2,114,-0.2480128694021991,0
3,2,115,0.280943559644864,0
3,2,116,0.027212091980662,0
3,2,117,-0.01028449200891738,0
3,2,118,0.1453699822000349,0
3,2,119,-0.07568093721076839,0
3,2,120,0.3102987157052882,0
3,2,121,-0.1925835073679459,0
3,2,122,0.3415833199671526,0
3,2,123,-0.2554874349024432,0
3,2,124,0.1353283592825876,0
3,2,125,-0.1603244196714402,0
3,2,126,-0.1787532708073948,0
3,2,127,0.05568747253077054,0
3,2,128,-0.3154367906719411,0
3,2,129,0.2132280197592644,0
3,2,130,-0.1367751741834831,0
3,2,131,0.1565927835022037,0
3,2,132,0.1330578052836683,0
3,2,133,-0.03848781489464952,0
3,2,134,-0.07904828837997256,0
3,2,135,2.638270126843823e-07,0
3,2,136,6.691139686688902e-07,0
3,2,137,1.463911913474475e-06,0
3,2,138,3.262639774100285e-06,0
3,2,139,7.972189157491275e-06,0
3,2,140,3.262773387018708e-06,0
3,2,141,1.464036949562767e-06,0
3,2,142,6.691984987801735e-07,0
3,2,143,2.638685648036029e-07,0
3,2,144,4.130988557736691e-07,0
3,2,145,1.022789972519887e-06,0
3,2,146,2.11478165892013e-06,0
3,2,147,4.167818998344856e-06,0
3,2,148,7.880596058508046e-06,0
3,2,149,4.168002814597697e-06,0
3,2,150,2.11496427648961e-06,0
3,2,151,1.022916720826273e-06,0
3,2,152,4.13161447801791e-07,0
3,2,153,4.031692390136782e-07,0
3,2,154,9.858958568293549e-07,0
3,2,155,1.98739546762065e-06,0
3,2,156,3.728978950053152e-06,0
3,2,157,6.358823402458832e-06,0
3,2,158,3.729149403790808e-06,0
3,2,159,1.987565950990659e-06,0
3,2,160,9.860149001730226e-07,0
3,2,161,4.032279059051671e-07,0
3,2,162,2.478328639511175e-07,0
3,2,163,6.098818420138372e-07,0
3,2,164,1.260716639684488e-06,0
3,2,165,2.57098313465634e-06,0
3,2,166,5.625935359824358e-06,0
3,2,167,2.571083001395095e-06,0
3,2,168,1.260816052774265e-06,0
3,2,169,6.099512462188188e-07,0
3,2,170,2.478668271638377e-07,0
4,3,0,0.04078426662251049,0
4,3,1,0.02550761212733486,0
4,3,2,-0.2162166953140339,0
4,3,3,0.2751131489577206,0
4,3,4,-0.09365137437136629,0
4,3,5,0.05896399644626742,0
4,3,6,0.1745241808345339,0
4,3,7,-0.1993154998830836,0
4,3,8,0.4769330837583406,0
4,3,9,-0.1432376441037903,0
4,3,10,-0.05374290853194932,0
4,3,11,0.2706264242025131,0
4,3,12,-0.1713040678581173,0
4,3,13,0.1311526236291896,0
4,3,14,-0.284006794326361,0
4,3,15,0.1939421719020036,0
4,3,16,0.0455873908329554,0
4,3,17,-0.2996705702112074,0
4,3,18,0.4442504195088634,0
4,3,19,-0.2314457591017574,0
4,3,20,0.3425363362685269,0
4,3,21,0.3003431858696076,0
4,3,22,-0.3256148191050135,0
4,3,23,0.7218965089771587,0
4,3,24,0.06843274987122726,0
4,3,25,-0.1736609913498916,0
4,3,26,0.4293905970916341,0
4,3,27,-0.02809861217882204,0
4,3,28,0.05575129862366519,0
4,3,29,-0.4517130195351235,0
4,3,30,0.2175638435729983,0
4,3,31,-0.3660771993346386,0
4,3,32,0.1277494348913044,0
4,3,33,0.1780172877209888,0
4,3,34,-0.6074542593025121,0
4,3,35,0.7228759367803168,0
4,3,36,-0.3315281930858268,0
4,3,37,0.1542047035718617,0
4,3,38,0.3296655749495026,0
4,3,39,-0.453667093981278,0
4,3,40,0.7689255585532337,0
4,3,41,-0.4933002296906454,0
4,3,42,0.0451053914772864,0
4,3,43,0.2736123155781899,0
4,3,44,-0.4144526867912781,0
4,3,45,0.4012937023432052,0
4,3,46,-0.6059018949239088,0
4,3,47,0.5546906029063176,0
4,3,48,-0.02100640534057781,0
4,3,49,-0.4404569882085589,0
4,3,50,1,0
4,3,51,-0.643372887882027,0
4,3,52,0.5737439806412343,0
4,3,53,0.4891722565132472,0
4,3,54,-0.6303919313179699,0
4,3,55,0.8936094847370132,0
4,3,56,-0.1878767372750157,0
4,3,57,0.267526504059895,0
4,3,58,-0.7346431416445631,0
4,3,59,0.2941479686537318,0
4,3,60,-0.2256144458171986,0
4,3,61,-0.7759045859037734,0
4,3,62,0.6426054310964792,0
4,3,63,-0.8341189925771596,0
4,3,64,0.2193335415588134,0
4,3,65,0.240971558396819,0
4,3,66,-0.7104059556108,0
4,3,67,0.8695430553034998,0
4,3,68,-0.4572069123214388,0
4,3,69,0.2342686747774841,0
4,3,70,0.2103993307966599,0
4,3,71,-0.4572998127312618,0
4,3,72,0.7439767854518624,0
4,3,73,-0.77139630645108,0
4,3,74,0.2402196405498333,0
4,3,75,0.09142380074502093,0
4,3,76,-0.4879143199537638,0
4,3,77,0.5429538980131748,0
4,3,78,-0.735587534179074,0
4,3,79,0.6131448335504205,0
4,3,80,-0.0612708265429254,0
4,3,81,-0.4146074933013728,0
4,3,82,0.7752641637439461,0
4,3,83,-0.6100502053414055,0
4,3,84,0.4692544542871757,0
4,3,85,-0.3219940506437323,0
4,3,86,0.385356641310796,0
4,3,87,-0.412571546843692,0
4,3,88,0.1547284802579001,0
4,3,89,-0.04438859282616468,0
4,3,90,-0.9293118043239726,0
4,3,91,0.556409401741255,0
4,3,92,-0.3604964090907927,0
4,3,93,-0.6780343168336114,0
4,3,94,0.6580125349831297,0
4,3,95,-0.6701288706089686,0
4,3,96,0.2552497390937295,0
4,3,97,0.1444154690316187,0
4,3,98,-0.4268450072279614,0
4,3,99,0.6762345867866135,0
4,3,100,-0.4076252315170354,0
4,3,101,0.2122777531657573,0
4,3,102,-0.0004800467583219389,0
4,3,103,-0.2739745223276981,0
4,3,104,0.4390758144855595,0
4,3,105,-0.7334233838449732,0
4,3,106,0.3359391776603005,0
4,3,107,-0.06282179740052338,0
4,3,108,-0.3887825896738806,0
4,3,109,0.4632334691591352,0
4,3,110,-0.5138290735331532,0
4,3,111,0.3248730056815707,0
4,3,112,-0.02236737646135961,0
4,3,113,-0.2394615673180855,0
4,3,114,-0.1811386053237247,0
4,3,115,0.1561574367388966,0
4,3,116,-0.05457627435583764,0
4,3,117,0.02192498023243567,0
4,3,118,-0.2523406107953144,0
4,3,119,0.1419233056920493,0
4,3,120,-0.4124420935656303,0
4,3,121,0.2888107134327053,0
4,3,122,-0.2409009787461229,0
4,3,123,0.2449196186284298,0
4,3,124,0.1352711203280094,0
4,3,125,-0.007617274324110464,0
4,3,126,0.2440037158178566,0
4,3,127,-0.1780759646885662,0
4,3,128,-0.06023901896996835,0
4,3,129,-0.03876727661926931,0
4,3,130,-0.3064212193696249,0
4,3,131,0.1876634977376205,0
4,3,132,-0.1454045705755865,0
4,3,133,0.1633388209194988,0
4,3,134,0.01234165855011142,0
4,3,135,-4.738381638495874e-08,0
4,3,136,-6.671490800205735e-08,0
4,3,137,7.532707741308967e-08,0
4,3,138,9.519888388867125e-07,0
4,3,139,4.872442577494565e-06,0
4,3,140,9.519750805062748e-07,0
4,3,141,7.529868631269515e-08,0
4,3,142,-6.673981804701263e-08,0
4,3,143,-4.739741878601374e-08,0
4,3,144,-1.174959926829009e-07,0
4,3,145,-2.641503479913547e-07,0
4,3,146,-4.443853066191004e-07,0
4,3,147,-5.614178434049511e-07,0
4,3,148,-2.504301092799474e-07,0
4,3,149,-5.614904291341937e-07,0
4,3,150,-4.444573530760731e-07,0
4,3,151,-2.642005271437844e-07,0
4,3,152,-1.175208706001019e-07,0
4,3,153,-1.640023547962249e-07,0
4,3,154,-4.344141284518827e-07,0
4,3,155,-1.0153450450783e-06,0
4,3,156,-2.421609603439584e-06,0
4,3,157,-6.033447914286255e-06,0
4,3,158,-2.421716835203871e-06,0
4,3,159,-1.015436878182167e-06,0
4,3,160,-4.344722929646774e-07,0
4,3,161,-1.640296058167303e-07,0
4,3,162,-1.243326225332427e-07,0
4,3,163,-3.531993640123584e-07,0
4,3,164,-9.17885374867963e-07,0
4,3,165,-2.495536028744723e-06,0
4,3,166,-7.245615671951193e-06,0
4,3,167,-2.495608565768077e-06,0
4,3,168,-9.179460743477062e-07,0
4,3,169,-3.532368779751723e-07,0
4,3,170,-1.243497694785972e-07,0
5,4,0,-0.3037511867904075,0
5,4,1,0.0866478305993921,0
5,4,2,-0.008986488643001188,0
5,4,3,-0.2353318222168868,0
5,4,4,0.2429123910151984,0
5,4,5,-0.5075887952136551,0
5,4,6,0.1375914833172688,0
5,4,7,0.09166866940530695,0
5,4,8,-0.3548540659748892,0
5,4,9,0.1650063350122957,0
5,4,10,-0.1356960270522779,0
5,4,11,0.2809588472816032,0
5,4,12,-0.08798995999424648,0
5,4,13,-0.06938551874272489,0
5,4,14,0.2632348506198985,0
5,4,15,0.05553156819664052,0
5,4,16,0.04725936380774618,0
5,4,17,-0.2041524207535649,0
5,4,18,0.4463961585344479,0
5,4,19,-0.156079373003322,0
5,4,20,0.06819067676413945,0
5,4,21,0.4103555960253265,0
5,4,22,-0.3776475806600179,0
5,4,23,0.7133483810946758,0
5,4,24,0.1091599869434872,0
5,4,25,-0.2574591726319267,0
5,4,26,0.5852673276790749,0
5,4,27,-0.0478035589517992,0
5,4,28,0.08921709933027883,0
5,4,29,-0.01288112841185528,0
5,4,30,-0.05961312224054213,0
5,4,31,0.357626198551591,0
5,4,32,-0.7375463237431722,0
5,4,33,0.2857157546732372,0
5,4,34,0.09019423665057119,0
5,4,35,-0.4171255020012048,0
5,4,36,0.5185887673752263,0
5,4,37,-0.7229381635088215,0
5,4,38,0.4841276320824181,0
5,4,39,-0.0124224192757628,0
5,4,40,-0.3162343038736201,0
5,4,41,0.3199268925479642,0
5,4,42,-0.3803226924638396,0
5,4,43,0.5922728575199386,0
5,4,44,-0.3768716506604068,0
5,4,45,0.006691276544889884,0
5,4,46,0.2554365009480242,0
5,4,47,0.1077512416035733,0
5,4,48,0.1637754062134035,0
5,4,49,-0.5344979719768946,0
5,4,50,0.9745656571484801,0
5,4,51,-0.4473697188357096,0
5,4,52,0.02857404468345428,0
5,4,53,0.6563307325026774,0
5,4,54,-0.730939831995711,0
5,4,55,0.8375106049389505,0
5,4,56,-0.2707249434151335,0
5,4,57,0.3576723490337297,0
5,4,58,0.7289351849277685,0
5,4,59,-0.3279627039858968,0
5,4,60,0.3258412755472388,0
5,4,61,0.1820671507917613,0
5,4,62,-0.4302441353910303,0
5,4,63,0.876304291954082,0
5,4,64,-0.7413567618311349,0
5,4,65,0.2475032159330746,0
5,4,66,0.2212041433523282,0
5,4,67,-0.204751817123178,0
5,4,68,0.4270787007966674,0
5,4,69,-0.5788288137502231,0
5,4,70,0.7282808624552228,0
5,4,71,-0.2456835770585054,0
5,4,72,-0.04575973323242222,0
5,4,73,0.1496865084412027,0
5,4,74,-0.424330221724273,0
5,4,75,0.6765670838377031,0
5,4,76,-0.7464455705011349,0
5,4,77,0.2708052181311223,0
5,4,78,-0.003804229767487896,0
5,4,79,-0.0644691069407765,0
5,4,80,0.371679770980097,0
5,4,81,-0.7800952057863826,0
5,4,82,0.6725358524815153,0
5,4,83,-0.3043369016271496,0
5,4,84,-0.1363196475612519,0
5,4,85,-0.3193200018401005,0
5,4,86,0.3251095008595449,0
5,4,87,0.5967831002942473,0
5,4,88,-0.2399229482345837,0
5,4,89,0.07608495706081932,0
5,4,90,1,0
5,4,91,-0.7017447427218332,0
5,4,92,0.528953834096653,0
5,4,93,0.2573786459779215,0
5,4,94,-0.5238117283933081,0
5,4,95,0.7266729556658827,0
5,4,96,-0.4592650057963056,0
5,4,97,0.1333683198824835,0
5,4,98,0.1549827494140205,0
5,4,99,0.07192018703227997,0
5,4,100,0.1682703993678878,0
5,4,101,-0.2840206805994676,0
5,4,102,0.6231021954524114,0
5,4,103,-0.3463486369652301,0
5,4,104,0.1174308631116413,0
5,4,105,-0.1404501152901807,0
5,4,106,-0.2133654378237526,0
5,4,107,0.4093489775139469,0
5,4,108,-0.8309554416612989,0
5,4,109,0.457081508323804,0
5,4,110,-0.1836754794434746,0
5,4,111,-0.21553442573587,0
5,4,112,0.4355271923880044,0
5,4,113,-0.5968630125927493,0
5,4,114,0.02161229249422978,0
5,4,115,-0.1108100177804298,0
5,4,116,0.09318404360747458,0
5,4,117,-0.03987763840419963,0
5,4,118,0.3702724094265898,0
5,4,119,-0.2256246487290204,0
5,4,120,0.4504863188167511,0
5,4,121,-0.3614783274096214,0
5,4,122,0.09628590389427187,0
5,4,123,-0.1811228348014416,0
5,4,124,-0.1430669093684718,0
5,4,125,0.06462804329707576,0
5,4,126,0.09272091408169157,0
5,4,127,-0.0074715659974563,0
5,4,128,0.2222301415408649,0
5,4,129,-0.1662060561688765,0
5,4,130,-0.1437879655145747,0
5,4,131,0.01185934864291736,0
5,4,132,-0.3580834492732526,0
5,4,133,0.2545872922612544,0
5,4,134,0.1229179550039543,0
5,4,135,-4.211407153299471e-07,0
5,4,136,-1.050983680528838e-06,0
5,4,137,-2.196012411992544e-06,0
5,4,138,-4.344811323622386e-06,0
5,4,139,-7.924452591582022e-06,0
5,4,140,-4.345046103639501e-06,0
5,4,141,-2.196232717643326e-06,0
5,4,142,-1.051132214438666e-06,0
5,4,143,-4.212135430325118e-07,0
5,4,144,-6.732802413507302e-07,0
5,4,145,-1.684780738192359e-06,0
5,4,146,-3.579209170570088e-06,0
5,4,147,-7.531124731617941e-06,0
5,4,148,-1.664185071733616e-05,0
5,4,149,-7.531465680238811e-06,0
5,4,150,-3.57953555235913e-06,0
5,4,151,-1.68500384952202e-06,0
5,4,152,-6.733897654560483e-07,0
5,4,153,-6.515287734822637e-07,0
5,4,154,-1.603572546543653e-06,0
5,4,155,-3.29619262978621e-06,0
5,4,156,-6.539536663628628e-06,0
5,4,157,-1.309934078782514e-05,0
5,4,158,-6.539821492752277e-06,0
5,4,159,-3.296482739464719e-06,0
5,4,160,-1.603776841824518e-06,0
5,4,161,-6.516298229881134e-07,0
5,4,162,-3.864203022504513e-07,0
5,4,163,-9.226468624856078e-07,0
5,4,164,-1.757393055926982e-06,0
5,4,165,-2.862198249142745e-06,0
5,4,166,-2.960971885293408e-06,0
5,4,167,-2.862345732541378e-06,0
5,4,168,-1.757553019550595e-06,0
5,4,169,-9.227626774325185e-07,0
5,4,170,-3.86477819865394e-07,0
6,5,0,-0.2516240103439321,0
6,5,1,0.09458501042281116,0
6,5,2,-0.126427680279088,0
6,5,3,-0.3490638064900725,0
6,5,4,0.2414802076764369,0
6,5,5,-0.3869023182091104,0
6,5,6,-0.4557715441452647,0
6,5,7,0.3184995255909648,0
6,5,8,-0.4911106185844713,0
6,5,9,-0.5677402345110866,0
6,5,10,0.408426688096335,0
6,5,11,-0.6432736937880026,0
6,5,12,-0.5130404067738487,0
6,5,13,0.4571217555663984,0
6,5,14,-0.8206526359750462,0
6,5,15,-0.2718419493284698,0
6,5,16,0.3633116867661923,0
6,5,17,-0.7202088292250312,0
6,5,18,-0.07486188066364764,0
6,5,19,0.1631532282337247,0
6,5,20,-0.332131385251667,0
6,5,21,-0.009850322306751333,0
6,5,22,0.0367147249107915,0
6,5,23,-0.06456587400800856,0
6,5,24,-0.0007606708222606415,0
6,5,25,0.003386759395061543,0
6,5,26,-0.001712591289396697,0
6,5,27,0.0001973882478878049,0
6,5,28,0.0001164589845689943,0
6,5,29,-0.2398296523226918,0
6,5,30,0.09331186575920719,0
6,5,31,-0.01121952319778606,0
6,5,32,-0.4883714188138278,0
6,5,33,0.314445183386874,0
6,5,34,-0.1998237287259376,0
6,5,35,-0.5710028078792613,0
6,5,36,0.4478716905454661,0
6,5,37,-0.3105299353723077,0
6,5,38,-0.7644826611780413,0
6,5,39,0.5473465061219721,0
6,5,40,-0.2738176856188217,0
6,5,41,-1,0
6,5,42,0.7264974278153069,0
6,5,43,-0.4094429836720847,0
6,5,44,-0.8127443871614735,0
6,5,45,0.7789941244817483,0
6,5,46,-0.6232092277178106,0
6,5,47,-0.3057523662355399,0
6,5,48,0.4685798120130529,0
6,5,49,-0.4334716701054837,0
6,5,50,-0.0274928905830618,0
6,5,51,0.1171157357085801,0
6,5,52,-0.04489091424387423,0
6,5,53,0.005393009733716518,0
6,5,54,-0.004647743703270124,0
6,5,55,0.05996670510969115,0
6,5,56,-0.003378642762585623,0
6,5,57,0.009500593854885794,0
6,5,58,0.001966617213286077,0
6,5,59,-0.003209812612387958,0
6,5,60,0.02559867510133517,0
6,5,61,-0.1144815343727397,0
6,5,62,0.06069929773487009,0
6,5,63,0.04346991426672904,0
6,5,64,-0.07187397147902688,0
6,5,65,0.1045622227195904,0
6,5,66,0.0297771783232029,0
6,5,67,0.09781232482243291,0
6,5,68,0.00510593688823551,0
6,5,69,0.2065845827623762,0
6,5,70,0.01243432546125551,0
6,5,71,-0.0420738835471816,0
6,5,72,0.4695220320184442,0
6,5,73,-0.1877616119274493,0
6,5,74,0.08209289820317313,0
6,5,75,0.4591629504082079,0
6,5,76,-0.02698680931264984,0
6,5,77,0.08776833293834038,0
6,5,78,0.2985008705380897,0
6,5,79,0.2022137037198246,0
6,5,80,-0.1110191434413103,0
6,5,81,0.3634360585663489,0
6,5,82,0.1128192092176931,0
6,5,83,-0.1682570642591731,0
6,5,84,0.3471880635998983,0
6,5,85,-0.04928898427318679,0
6,5,86,0.07846461404413242,0
6,5,87,0.0529277840073397,0
6,5,88,-0.02106137722165904,0
6,5,89,0.007314190426569367,0
6,5,90,0.1009022359109299,0
6,5,91,-0.06086323088160677,0
6,5,92,0.05031594053947169,0
6,5,93,0.1850605925429704,0
6,5,94,-0.1043391126618504,0
6,5,95,0.09686802493151625,0
6,5,96,0.4794842559972487,0
6,5,97,-0.2625139065296926,0
6,5,98,0.1965566393415341,0
6,5,99,0.8293355057680084,0
6,5,100,-0.5403779336881445,0
6,5,101,0.4516535184721749,0
6,5,102,0.8637132818377976,0
6,5,103,-0.7143015232655968,0
6,5,104,0.7265757428415686,0
6,5,105,0.7077715292489551,0
6,5,106,-0.652482720716237,0
6,5,107,0.7467239062322498,0
6,5,108,0.657703328518296,0
6,5,109,-0.5836505285358768,0
6,5,110,0.6328940681662483,0
6,5,111,0.4062411802325607,0
6,5,112,-0.4767953281371807,0
6,5,113,0.5453228025949256,0
6,5,114,-0.1733652880247879,0
6,5,115,0.2164990331017547,0
6,5,116,0.009383158676479531,0
6,5,117,-0.004006475395054643,0
6,5,118,0.03959717000774764,0
6,5,119,-0.0231511156712928,0
6,5,120,0.07907825019789065,0
6,5,121,-0.05147990788929366,0
6,5,122,0.1637985671963399,0
6,5,123,-0.1050586633757858,0
6,5,124,0.3461090510480486,0
6,5,125,-0.2277981550973581,0
6,5,126,0.5235196447481228,0
6,5,127,-0.3894115973052053,0
6,5,128,0.5371071069020856,0
6,5,129,-0.4482651890323316,0
6,5,130,0.4604543321763396,0
6,5,131,-0.4084025364333472,0
6,5,132,0.3607954591903578,0
6,5,133,-0.340815521732282,0
6,5,134,-0.1453530944519055,0
6,5,135,-3.440903380314094e-07,0
6,5,136,-1.04619744684053e-06,0
6,5,137,-2.964197907965152e-06,0
6,5,138,-8.742831075872904e-06,0
6,5,139,-2.692648692561686e-05,0
6,5,140,-8.743071661569793e-06,0
6,5,141,-2.964362992088856e-06,0
6,5,142,-1.046286415791725e-06,0
6,5,143,-3.441286215338363e-07,0
6,5,144,-3.98224457492379e-07,0
6,5,145,-1.107630495500187e-06,0
6,5,146,-2.801589367800496e-06,0
6,5,147,-7.438493124782071e-06,0
6,5,148,-2.133530742436985e-05,0
6,5,149,-7.438634756927031e-06,0
6,5,150,-2.801717286979078e-06,0
6,5,151,-1.107715010292175e-06,0
6,5,152,-3.982651268621232e-07,0
6,5,153,-2.00337212580514e-07,0
6,5,154,-3.716717597724212e-07,0
6,5,155,-2.55424154248922e-07,0
6,5,156,1.365808206364146e-06,0
6,5,157,9.40258721082595e-06,0
6,5,158,1.365864850236081e-06,0
6,5,159,-2.554339362240532e-07,0
6,5,160,-3.717035063148052e-07,0
6,5,161,-2.003586723834176e-07,0
6,5,162,-2.595723357328311e-08,0
6,5,163,1.313212444990137e-07,0
6,5,164,1.071716339748904e-06,0
6,5,165,4.973772074905753e-06,0
6,5,166,1.947107807886463e-05,0
6,5,167,4.973853691489384e-06,0
6,5,168,1.071744332470067e-06,0
6,5,169,1.313190368872622e-07,0
6,5,170,-2.596361776699855e-08,0
7,6,0,-0.4672883770439126,0
7,6,1,0.2020332334299464,0
7,6,2,-0.3245605444135577,0
7,6,3,-0.4373175511702116,0
7,6,4,0.4062560101446314,0
7,6,5,-0.705556619809933,0
7,6,6,-0.2722804195113743,0
7,6,7,0.3240815004963519,0
7,6,8,-0.5808124740521086,0
7,6,9,0.1006342936085992,0
7,6,10,0.1226463672677879,0
7,6,11,-0.3656524130532708,0
7,6,12,0.5350783635260501,0
7,6,13,-0.2208625256894356,0
7,6,14,0.1678878777261696,0
7,6,15,0.4557671558310634,0
7,6,16,-0.4634808760672163,0
7,6,17,0.8116371757820431,0
7,6,18,-0.01758881999514009,0
7,6,19,-0.2566421797429748,0
7,6,20,0.6150514794122671,0
7,6,21,-0.1974739819918842,0
7,6,22,0.0895149330340072,0
7,6,23,-0.120863450128745,0
7,6,24,-0.06687200412954813,0
7,6,25,0.1419280732228889,0
7,6,26,-0.306805347967727,0
7,6,27,0.0316520753990131,0
7,6,28,-0.05655478408416546,0
7,6,29,-0.6028716553718479,0
7,6,30,0.2650757522287907,0
7,6,31,-0.1167271081938613,0
7,6,32,-0.8258492962673025,0
7,6,33,0.6624715474669356,0
7,6,34,-0.5151914979637529,0
7,6,35,-0.6050779600692605,0
7,6,36,0.6234319282384885,0
7,6,37,-0.4372449080830245,0
7,6,38,-0.4042491861196039,0
7,6,39,0.411985132418099,0
7,6,40,-0.2104438749491145,0
7,6,41,0.2399692886122943,0
7,6,42,0.06832256292066236,0
7,6,43,-0.2673762801083836,0
7,6,44,1,0
7,6,45,-0.5600192367789697,0
7,6,46,0.103225721494497,0
7,6,47,0.629717245481449,0
7,6,48,-0.7528368299975314,0
7,6,49,0.6713075583170159,0
7,6,50,-0.277976672148507,0
7,6,51,-0.1397935903963201,0
7,6,52,0.2860255963387944,0
7,6,53,-0.3543861177359117,0
7,6,54,0.3296743799779754,0
7,6,55,-0.3785642384280234,0
7,6,56,0.1603347075199824,0
7,6,57,-0.2065425161706046,0
7,6,58,-0.1617830244383251,0
7,6,59,0.07149501413359789,0
7,6,60,-0.003474024290552728,0
7,6,61,-0.2978389494115169,0
7,6,62,0.2512706331360183,0
7,6,63,-0.07213396246823932,0
7,6,64,0.05845281120355499,0
7,6,65,0.1431479903420635,0
7,6,66,0.06884882410318749,0
7,6,67,0.2019979085938942,0
7,6,68,-0.1459228000604229,0
7,6,69,0.5617678359268136,0
7,6,70,-0.2129147851807309,0
7,6,71,-0.05160964227721734,0
7,6,72,0.5478432712129712,0
7,6,73,-0.1474501789765925,0
7,6,74,0.1194175400916843,0
7,6,75,-0.1551505784900151,0
7,6,76,0.2701791396238821,0
7,6,77,-0.09111355695986724,0
7,6,78,-0.4042310013210635,0
7,6,79,-0.04506871655935148,0
7,6,80,-0.08881676032971048,0
7,6,81,-0.1837266648489801,0
7,6,82,-0.3973108099423814,0
7,6,83,0.2692869700046956,0
7,6,84,-0.2925820854773912,0
7,6,85,0.2087992996784087,0
7,6,86,-0.2323926104589277,0
7,6,87,0.0138922086532072,0
7,6,88,-0.00407653973477922,0
7,6,89,0.003327807868647147,0
7,6,90,0.07080546336221287,0
7,6,91,-0.01558983896020301,0
7,6,92,0.0237032499820206,0
7,6,93,0.4427407794476594,0
7,6,94,-0.1897499610685867,0
7,6,95,0.1232310487774994,0
7,6,96,0.9954076620861811,0
7,6,97,-0.6300353942063379,0
7,6,98,0.4795509813182245,0
7,6,99,0.7922096012915589,0
7,6,100,-0.8075111273501532,0
7,6,101,0.8713838022668901,0
7,6,102,-0.1960552848811807,0
7,6,103,-0.2734275363458625,0
7,6,104,0.6152176044525907,0
7,6,105,-0.686472147803023,0
7,6,106,0.3900496305189495,0
7,6,107,-0.2056485694956898,0
7,6,108,-0.54723570162402,0
7,6,109,0.5321690335543474,0
7,6,110,-0.6034874253410302,0
7,6,111,-0.3936477410044488,0
7,6,112,0.4445499854986001,0
7,6,113,-0.4994703285231858,0
7,6,114,0.2108760669353773,0
7,6,115,-0.2223329540404623,0
7,6,116,0.005622354685457504,0
7,6,117,-0.002318803499685876,0
7,6,118,0.03105105397439595,0
7,6,119,-0.01552316951457325,0
7,6,120,0.1303860488573488,0
7,6,121,-0.0720057404164442,0
7,6,122,0.3866046411619763,0
7,6,123,-0.2471959147765183,0
7,6,124,0.6155245266002944,0
7,6,125,-0.4677830877249292,0
7,6,126,0.3950811801999813,0
7,6,127,-0.4303581377527156,0
7,6,128,-0.1592420404502606,0
7,6,129,-0.03003078599172584,0
7,6,130,-0.4307044575500541,0
7,6,131,0.3002540539681947,0
7,6,132,-0.3469795301660801,0
7,6,133,0.3361222475552709,0
7,6,134,0.149865673030346,0
7,6,135,9.51306840450083e-07,0
7,6,136,2.383662913965015e-06,0
7,6,137,5.109447153229106e-06,0
7,6,138,1.109706806762359e-05,0
7,6,139,2.660197992450918e-05,0
7,6,140,1.109759952806236e-05,0
7,6,141,5.109955906565417e-06,0
7,6,142,2.384011302578585e-06,0
7,6,143,9.514791860062842e-07,0
7,6,144,1.513075051851258e-06,0
7,6,145,3.719913351599335e-06,0
7,6,146,7.577359330983844e-06,0
7,6,147,1.448628591049471e-05,0
7,6,148,2.560769102965534e-05,0
7,6,149,1.448704956640919e-05,0
7,6,150,7.578123213206109e-06,0
7,6,151,3.720445115913868e-06,0
7,6,152,1.513338005548909e-06,0
7,6,153,1.513053521212459e-06,0
7,6,154,3.719555959556126e-06,0
7,6,155,7.574350397832703e-06,0
7,6,156,1.446486760246305e-05,0
7,6,157,2.546457021428663e-05,0
7,6,158,1.44656189596784e-05,0
7,6,159,7.575087975974393e-06,0
7,6,160,3.720065801612311e-06,0
7,6,161,1.513303572421786e-06,0
7,6,162,9.514857062955224e-07,0
7,6,163,2.38445054601413e-06,0
7,6,164,5.113167122929532e-06,0
7,6,165,1.111650964412991e-05,0
7,6,166,2.671140562152674e-05,0
7,6,167,1.111696404198626e-05,0
7,6,168,5.113605984184064e-06,0
7,6,169,2.384751740794703e-06,0
7,6,170,9.516318736863832e-07,0
8,7,0,-0.2418749273958066,0
8,7,1,0.1193329981580887,0
8,7,2,-0.2394231854388996,0
8,7,3,0.3003725146060886,0
8,7,4,0.06698325141682399,0
8,7,5,-0.4274346767009128,0
8,7,6,0.4339563203447697,0
8,7,7,-0.3213369707003041,0
8,7,8,0.5194617841837079,0
8,7,9,-0.05714031189988264,0
8,7,10,-0.2413554645953137,0
8,7,11,0.6538999441907183,0
8,7,12,-0.1113264907161372,0
8,7,13,0.08944134857943371,0
8,7,14,-0.1979173600549615,0
8,7,15,0.004491046543013188,0
8,7,16,0.06562708488812354,0
8,7,17,-0.1625310194089065,0
8,7,18,-0.4198639713323248,0
8,7,19,0.1070288651784967,0
8,7,20,0.09551043898528669,0
8,7,21,-0.5624405654943792,0
8,7,22,0.4269380350282443,0
8,7,23,-0.6289489400011486,0
8,7,24,-0.1786204295147994,0
8,7,25,0.3869403091128914,0
8,7,26,-0.7933859185917881,0
8,7,27,0.08407774674986017,0
8,7,28,-0.146051865885271,0
8,7,29,-0.4753269098192275,0
8,7,30,0.1268889557301189,0
8,7,31,0.3138621954251437,0
8,7,32,-0.5683865470275496,0
8,7,33,0.4894740009706139,0
8,7,34,-0.4767829737212684,0
8,7,35,0.7834523208918495,0
8,7,36,-0.0526257649315497,0
8,7,37,-0.5774825992614517,0
8,7,38,0.7622380752037046,0
8,7,39,-0.7418038428571667,0
8,7,40,0.7706474783786997,0
8,7,41,-0.4280381054679712,0
8,7,42,-0.1660663896367359,0
8,7,43,0.534632518266828,0
8,7,44,-0.130164250723963,0
8,7,45,0.332473739523037,0
8,7,46,-0.6376792425534983,0
8,7,47,0.2327709198966978,0
8,7,48,-0.05542797694364728,0
8,7,49,0.0231720436389038,0
8,7,50,-0.8172920500411303,0
8,7,51,0.2087974979978443,0
8,7,52,0.4771441096535204,0
8,7,53,-0.8702554077548968,0
8,7,54,0.799308841922199,0
8,7,55,-0.6109038012819608,0
8,7,56,0.3900232188086957,0
8,7,57,-0.4690768424567274,0
8,7,58,0.6538309905644851,0
8,7,59,-0.3560431420205845,0
8,7,60,0.5027223995226254,0
8,7,61,-0.5101347568793001,0
8,7,62,-0.1177775276234979,0
8,7,63,0.8563351534423547,0
8,7,64,-0.6158870903331666,0
8,7,65,0.5313083670791765,0
8,7,66,-0.4145436159067865,0
8,7,67,0.7354214240980095,0
8,7,68,-0.08432929721612345,0
8,7,69,-0.5244529681561447,0
8,7,70,0.2591770006301359,0
8,7,71,-0.5044870398261719,0
8,7,72,0.5180890607368568,0
8,7,73,-0.8246736894660502,0
8,7,74,0.3170422109268309,0
8,7,75,-0.07572950983109225,0
8,7,76,0.2734514062209666,0
8,7,77,0.325692346771805,0
8,7,78,-0.7997417853085963,0
8,7,79,0.7664007528903289,0
8,7,80,-0.5088786503151684,0
8,7,81,0.468542033442437,0
8,7,82,-0.3776041575818641,0
8,7,83,-0.1614085495092503,0
8,7,84,0.8226091538993513,0
8,7,85,0.2416726127858,0
8,7,86,-0.1540179138352285,0
8,7,87,0.9192409905113957,0
8,7,88,-0.4013405126079437,0
8,7,89,0.1428975919123782,0
8,7,90,1,0
8,7,91,-0.9040243247971631,0
8,7,92,0.8262638795272863,0
8,7,93,-0.3606593623698074,0
8,7,94,-0.2509053611919421,0
8,7,95,0.7205494024820862,0
8,7,96,-0.4941374991556057,0
8,7,97,0.4134272104639251,0
8,7,98,-0.2799124836861797,0
8,7,99,0.3083108424164136,0
8,7,100,0.01689484885481205,0
8,7,101,-0.3243474169202452,0
8,7,102,-0.331065467572068,0
8,7,103,-0.006958727116809953,0
8,7,104,0.1448569060562427,0
8,7,105,-0.7241347096723316,0
8,7,106,0.5563556500238988,0
8,7,107,-0.3561053486513089,0
8,7,108,0.6436564067568248,0
8,7,109,0.02191758131920584,0
8,7,110,-0.4556972574101202,0
8,7,111,0.8321552719561274,0
8,7,112,-0.7286754972350225,0
8,7,113,0.5513663174668195,0
8,7,114,-0.3101828002090306,0
8,7,115,0.4336318142288523,0
8,7,116,0.1740253525857882,0
8,7,117,-0.08006044103811974,0
8,7,118,0.5765367102744569,0
8,7,119,-0.3867548676442422,0
8,7,120,0.4448925543076603,0
8,7,121,-0.4465524485796027,0
8,7,122,-0.1630150619500598,0
8,7,123,-0.02863298566908575,0
8,7,124,-0.1967286745985772,0
8,7,125,0.1713725473768022,0
8,7,126,0.02984556014067943,0
8,7,127,0.02170275886764415,0
8,7,128,-0.2569934238130588,0
8,7,129,0.1416944173434643,0
8,7,130,-0.2373521325941122,0
8,7,131,0.2432097874627291,0
8,7,132,0.3364740345595764,0
8,7,133,-0.1422863861564869,0
8,7,134,-0.1906101190638656,0
8,7,135,-1.995034805467201e-07,0
8,7,136,-3.206810361937462e-07,0
8,7,137,4.119276854651496e-08,0
8,7,138,2.570835613425149e-06,0
8,7,139,1.345409102757239e-05,0
8,7,140,2.570772107769215e-06,0
8,7,141,4.106998912820328e-08,0
8,7,142,-3.207874829857408e-07,0
8,7,143,-1.995613893991072e-07,0
8,7,144,-4.624762115014631e-07,0
8,7,145,-1.032673812109674e-06,0
8,7,146,-1.673514096767042e-06,0
8,7,147,-1.624500907159793e-06,0
8,7,148,3.013486616843678e-06,0
8,7,149,-1.624798357247482e-06,0
8,7,150,-1.673814899577401e-06,0
8,7,151,-1.032884812224833e-06,0
8,7,152,-4.625810957851387e-07,0
8,7,153,-6.382476985868539e-07,0
8,7,154,-1.687567441814927e-06,0
8,7,155,-3.947224078488919e-06,0
8,7,156,-9.537244085351462e-06,0
8,7,157,-2.492708487156456e-05,0
8,7,158,-9.537696191417768e-06,0
8,7,159,-3.947609973708585e-06,0
8,7,160,-1.68781194349819e-06,0
8,7,161,-6.383623547488923e-07,0
8,7,162,-4.811163997186121e-07,0
8,7,163,-1.362264978053772e-06,0
8,7,164,-3.523764281145139e-06,0
8,7,165,-9.513189613419096e-06,0
8,7,166,-2.721864491142371e-05,0
8,7,167,-9.513491089616343e-06,0
8,7,168,-3.524018015329192e-06,0
8,7,169,-1.362422274560955e-06,0
8,7,170,-4.811884145592583e-07,0
9,8,0,-0.4169493833529434,0
9,8,1,0.2239888316612207,0
9,8,2,-0.4275225261103053,0
9,8,3,-0.08665581404832268,0
9,8,4,0.2918392591138083,0
9,8,5,-0.6155454195059443,0
9,8,6,0.3339652075436595,0
9,8,7,-0.06399546399363683,0
9,8,8,-0.06703431834994718,0
9,8,9,0.4327454164672214,0
9,8,10,-0.3489296174300242,0
9,8,11,0.4931182521877995,0
9,8,12,-0.1486482310334705,0
9,8,13,-0.2232263178830773,0
9,8,14,0.6202193399687761,0
9,8,15,-0.6060959588669196,0
9,8,16,0.3050921969752716,0
9,8,17,-0.2713293062753767,0
9,8,18,-0.09972737302021897,0
9,8,19,0.4263916116161264,0
9,8,20,-0.8906855735929621,0
9,8,21,0.345137543463909,0
9,8,22,-0.07338690526648636,0
9,8,23,-0.02823977182318717,0
9,8,24,0.1459147889691588,0
9,8,25,-0.2789398303939271,0
9,8,26,0.539800042236998,0
9,8,27,-0.07482992478795431,0
9,8,28,0.1240241459220423,0
9,8,29,-0.7614134532808688,0
9,8,30,0.38503986294459,0
9,8,31,-0.2414388324485893,0
9,8,32,-0.6370537609270075,0
9,8,33,0.7086586431065046,0
9,8,34,-0.6199436622698494,0
9,8,35,0.003342294028237913,0
9,8,36,0.2649834150420295,0
9,8,37,-0.2312701466370515,0
9,8,38,0.5633391335781605,0
9,8,39,-0.2978249700279433,0
9,8,40,0.05746210599356155,0
9,8,41,0.697661159699977,0
9,8,42,-0.5852871379915393,0
9,8,43,0.2444900194653307,0
9,8,44,-0.4037555830986481,0
9,8,45,-0.1394482563510527,0
9,8,46,0.4705677980795334,0
9,8,47,-1,0
9,8,48,0.714374423819498,0
9,8,49,-0.2774974052075191,0
9,8,50,0.1555766585839969,0
9,8,51,0.4170340371545251,0
9,8,52,-0.6171893785269116,0
9,8,53,0.6169159371451519,0
9,8,54,-0.4451653050553985,0
9,8,55,0.3380310165025449,0
9,8,56,-0.307962655119408,0
9,8,57,0.3623410788788692,0
9,8,58,-0.3531230470101165,0
9,8,59,0.1837420444305531,0
9,8,60,-0.09287816040715605,0
9,8,61,-0.2730541046229152,0
9,8,62,0.3781772798795942,0
9,8,63,-0.2167270941423867,0
9,8,64,0.2089637190191113,0
9,8,65,0.01718729274304562,0
9,8,66,0.2459083184227314,0
9,8,67,-0.04022536648089695,0
9,8,68,-0.1909146471982425,0
9,8,69,0.5826006566367951,0
9,8,70,-0.1873919402623117,0
9,8,71,0.06389549862337771,0
9,8,72,-0.206032178967113,0
9,8,73,0.3091985451710141,0
9,8,74,-0.008250776969491469,0
9,8,75,-0.6124269275485569,0
9,8,76,0.003837301373834133,0
9,8,77,-0.06982819498026077,0
9,8,78,0.133865831521615,0
9,8,79,-0.1975635072373898,0
9,8,80,0.1296003778975596,0
9,8,81,0.3158801807595515,0
9,8,82,0.3883189751460592,0
9,8,83,-0.1769904735852673,0
9,8,84,0.1814747144821119,0
9,8,85,-0.2612408723577897,0
9,8,86,0.2480482814591256,0
9,8,87,-0.1258533069968479,0
9,8,88,0.06429397962479434,0
9,8,89,-0.02071732630640338,0
9,8,90,0.02435781649900216,0
9,8,91,0.09795410173028296,0
9,8,92,-0.08960167808058282,0
9,8,93,0.7259426812660323,0
9,8,94,-0.3237242028399036,0
9,8,95,0.1539288120198161,0
9,8,96,0.7866379377160417,0
9,8,97,-0.7616566889831813,0
9,8,98,0.7312755404382011,0
9,8,99,-0.4682084980619474,0
9,8,100,-0.1839694960913199,0
9,8,101,0.5926941214548933,0
9,8,102,-0.9464644228874942,0
9,8,103,0.7077943692223878,0
9,8,104,-0.5102892520116094,0
9,8,105,0.111824265543597,0
9,8,106,0.4157199862431192,0
9,8,107,-0.7878557977184715,0
9,8,108,0.6325621442794302,0
9,8,109,-0.3418653523415896,0
9,8,110,0.1366851999107182,0
9,8,111,0.3725217466209495,0
9,8,112,-0.4941621819221081,0
9,8,113,0.5767013760673114,0
9,8,114,-0.2263776006644966,0
9,8,115,0.2280909742504924,0
9,8,116,-0.02119391001835225,0
9,8,117,0.01116729655565895,0
9,8,118,-0.03159387336145245,0
9,8,119,0.03597065105899849,0
9,8,120,0.1859935186729668,0
9,8,121,-0.08201168824864376,0
9,8,122,0.5397753059917022,0
9,8,123,-0.3871338639406911,0
9,8,124,0.3541824574540882,0
9,8,125,-0.4107182232689229,0
9,8,126,-0.3898779593744052,0
9,8,127,0.1245454946049101,0
9,8,128,-0.517422403562697,0
9,8,129,0.4689542651567864,0
9,8,130,0.1119273549534882,0
9,8,131,0.1013172374545214,0
9,8,132,0.3912150359562677,0
9,8,133,-0.2910505858817312,0
9,8,134,-0.1775008181555723,0
9,8,135,2.665397941257507e-07,0
9,8,136,6.473802856420739e-07,0
9,8,137,1.259368849544352e-06,0
9,8,138,2.014133687961118e-06,0
9,8,139,1.035992375042822e-06,0
9,8,140,2.014298965368372e-06,0
9,8,141,1.259525392937502e-06,0
9,8,142,6.474864667491584e-07,0
9,8,143,2.665920221208601e-07,0
9,8,144,4.405291961044883e-07,0
9,8,145,1.107608615768221e-06,0
9,8,146,2.403246729276448e-06,0
9,8,147,5.432221304196706e-06,0
9,8,148,1.450040878530255e-05,0
9,8,149,5.432471551269088e-06,0
9,8,150,2.403484352319656e-06,0
9,8,151,1.107770552895931e-06,0
9,8,152,4.406086003163717e-07,0
9,8,153,4.310610582400057e-07,0
9,8,154,1.058823336931116e-06,0
9,8,155,2.143375303884662e-06,0
9,8,156,3.959092857008636e-06,0
9,8,157,5.775691324389167e-06,0
9,8,158,3.959302340264063e-06,0
9,8,159,2.143589034771061e-06,0
9,8,160,1.058973288492703e-06,0
9,8,161,4.311350161571853e-07,0
9,8,162,2.623085357532839e-07,0
9,8,163,6.401468679666174e-07,0
9,8,164,1.291479743859753e-06,0
9,8,165,2.485661060484532e-06,0
9,8,166,4.929802084735457e-06,0
9,8,167,2.485781991466077e-06,0
9,8,168,1.291602615764859e-06,0
9,8,169,6.402335251644147e-07,0
9,8,170,2.623511188681266e-07,0
10,9,0,0.1158954893627609,0
10,9,1,0.03194936469539644,0
10,9,2,-0.3173587672403247,0
10,9,3,0.3927143641842102,0
10,9,4,-0.1974082287302595,0
10,9,5,0.158796363693633,0
10,9,6,-0.1776619444401673,0
10,9,7,-0.2035211133521576,0
10,9,8,0.6190002347266761,0
10,9,9,-0.2394333483930731,0
10,9,10,0.2134804141169393,0
10,9,11,-0.3669438835219289,0
10,9,12,0.1694259595474782,0
10,9,13,0.09735035669205752,0
10,9,14,-0.3439283656782138,0
10,9,15,0.02987000580407001,0
10,9,16,-0.1400826740486872,0
10,9,17,0.333147956346327,0
10,9,18,0.2517522767682621,0
10,9,19,-0.08087568347278999,0
10,9,20,-0.05093114846165445,0
10,9,21,0.5664520606666206,0
10,9,22,-0.3376493685184601,0
10,9,23,0.3088734507860779,0
10,9,24,0.2218209814860443,0
10,9,25,-0.4340536530707131,0
10,9,26,0.7818936349456057,0
10,9,27,-0.11338815018597,0
10,9,28,0.1810250444858306,0
10,9,29,-0.6202190133946512,0
10,9,30,0.2494443278496822,0
10,9,31,0.08380490010521782,0
10,9,32,0.2578644998825645,0
10,9,33,0.2409217842628679,0
10,9,34,-0.7326312291254105,0
10,9,35,0.7591849881107884,0
10,9,36,-0.5132330950248225,0
10,9,37,0.2430822701807789,0
10,9,38,-0.6153591910201679,0
10,9,39,-0.1086930072637948,0
10,9,40,0.6552477209386645,0
10,9,41,-0.3218263914933762,0
10,9,42,0.5293234558275427,0
10,9,43,-0.7082586318627975,0
10,9,44,0.4908860489764972,0
10,9,45,-0.1053933976825367,0
10,9,46,-0.1103422378018518,0
10,9,47,-0.2388414056701583,0
10,9,48,-0.1911608784668107,0
10,9,49,0.534221914432032,0
10,9,50,0.3290815479501163,0
10,9,51,0.02050617342963696,0
10,9,52,-0.5320129873978282,0
10,9,53,0.8312131535214293,0
10,9,54,-0.5763783832954108,0
10,9,55,0.09046526739849263,0
10,9,56,-0.4118270600493293,0
10,9,57,0.4390945150898616,0
10,9,58,0.2053161461461189,0
10,9,59,-0.2029962899625437,0
10,9,60,0.5469860483894378,0
10,9,61,-0.8547485486086197,0
10,9,62,0.2832601808394963,0
10,9,63,0.3866767910214448,0
10,9,64,0.2226241258285714,0
10,9,65,0.3136909358106064,0
10,9,66,-0.7543136538219215,0
10,9,67,0.5382703127306343,0
10,9,68,-0.4227089730862311,0
10,9,69,0.1677990343362447,0
10,9,70,-0.7515146812751858,0
10,9,71,0.1499212525845948,0
10,9,72,0.3335469777061801,0
10,9,73,0.1618514270899101,0
10,9,74,0.3531230855822932,0
10,9,75,-0.6020126706732911,0
10,9,76,0.4899307176301315,0
10,9,77,-0.4256480799286462,0
10,9,78,0.4092132880378718,0
10,9,79,-0.88567179408797,0
10,9,80,0.1701033215618921,0
10,9,81,0.3522692091052897,0
10,9,82,-0.1426859060566963,0
10,9,83,0.5300057844965603,0
10,9,84,-0.9490829954467818,0
10,9,85,-0.02308179908622067,0
10,9,86,-0.1279408966281408,0
10,9,87,1,0
10,9,88,-0.4822938159020601,0
10,9,89,0.1978251318417834,0
10,9,90,0.5027078268710911,0
10,9,91,-0.7644392232409157,0
10,9,92,0.9149429751303817,0
10,9,93,-0.6909249600244665,0
10,9,94,0.1475344175356701,0
10,9,95,0.3532606754384116,0
10,9,96,0.09982900177690648,0
10,9,97,0.2585555248735659,0
10,9,98,-0.4862965872839002,0
10,9,99,0.2022972876220585,0
10,9,100,-0.1864530521513499,0
10,9,101,0.0779019513592441,0
10,9,102,-0.4087605049986084,0
10,9,103,0.1833644655620884,0
10,9,104,0.08580713130896557,0
10,9,105,0.5709953162747623,0
10,9,106,-0.09948458438562501,0
10,9,107,-0.2035055803268801,0
10,9,108,0.2028824131473608,0
10,9,109,-0.444794849768892,0
10,9,110,0.4982599012567777,0
10,9,111,-0.9041209238894709,0
10,9,112,0.4293477884133368,0
10,9,113,0.06097879012407248,0
10,9,114,0.434495770513868,0
10,9,115,-0.4867266355436389,0
10,9,116,0.2397249641171234,0
10,9,117,-0.1198139357775899,0
10,9,118,0.6387840433225223,0
10,9,119,-0.4804211592484331,0
10,9,120,0.2245803658315371,0
10,9,121,-0.3533611766355128,0
10,9,122,-0.2767381116748647,0
10,9,123,0.1224904401930714,0
10,9,124,0.03312552991020579,0
10,9,125,0.06103608411358556,0
10,9,126,0.03861311640287775,0
10,9,127,-0.04275824880518413,0
10,9,128,-0.06297706049094692,0
10,9,129,0.05365054046383708,0
10,9,130,0.3205845039964652,0
10,9,131,-0.1963805876328479,0
10,9,132,0.03782218785032791,0
10,9,133,-0.131241710578003,0
10,9,134,0.09687525714144578,0
10,9,135,5.418678852617805e-07,0
10,9,136,1.343135747834904e-06,0
10,9,137,2.740417784226476e-06,0
10,9,138,5.019302101624716e-06,0
10,9,139,6.84156835315746e-06,0
10,9,140,5.019638100447091e-06,0
10,9,141,2.740732169377366e-06,0
10,9,142,1.343346734049647e-06,0
10,9,143,5.419710088582645e-07,0
10,9,144,8.736892984949821e-07,0
10,9,145,2.203661151477653e-06,0
10,9,146,4.767071938999278e-06,0
10,9,147,1.040912226723681e-05,0
10,9,148,2.460457835734887e-05,0
10,9,149,1.04096221450187e-05,0
10,9,150,4.767538902935487e-06,0
10,9,151,2.203977015065245e-06,0
10,9,152,8.738436943872041e-07,0
10,9,153,8.360176609442103e-07,0
10,9,154,2.065339607027236e-06,0
10,9,155,4.300542587764113e-06,0
10,9,156,8.871811597820854e-06,0
10,9,157,1.971073552112063e-05,0
10,9,158,8.872195720292885e-06,0
10,9,159,4.300940654532143e-06,0
10,9,160,2.065622319659267e-06,0
10,9,161,8.361580352122711e-07,0
10,9,162,4.798535661209431e-07,0
10,9,163,1.112462628752234e-06,0
10,9,164,1.942221357590353e-06,0
10,9,165,2.258508916615381e-06,0
10,9,166,-2.801211139325729e-06,0
10,9,167,2.258683855909458e-06,0
10,9,168,1.942429649951991e-06,0
10,9,169,1.11261887457179e-06,0
10,9,170,4.799322505873487e-07,0
11,11,0,-0.08933119220972782,0
11,11,1,0.1514890474642236,0
11,11,2,-0.5026438655806611,0
11,11,3,0.3350701697010665,0
11,11,4,-0.05334068190814879,0
11,11,5,-0.1311715438257465,0
11,11,6,0.259024711805556,0
11,11,7,-0.3222589542305939,0
11,11,8,0.4881544710352514,0
11,11,9,-0.2280237587734742,0
11,11,10,-0.0865925983452807,0
11,11,11,0.3159442109463413,0
11,11,12,-0.3371309537727331,0
11,11,13,0.2821057967111267,0
11,11,14,-0.3632953026770953,0
11,11,15,0.4689704268744814,0
11,11,16,0.07710950755839896,0
11,11,17,-0.4990325371730059,0
11,11,18,0.3269724637678806,0
11,11,19,-0.4666138185689293,0
11,11,20,0.7435036679175979,0
11,11,21,-0.4831911487227544,0
11,11,22,-0.04252092335486638,0
11,11,23,0.3941928373856224,0
11,11,24,-0.2748142695412699,0
11,11,25,0.457002187565796,0
11,11,26,-0.7590242730732284,0
11,11,27,0.1556471999267384,0
11,11,28,-0.2347460479883739,0
11,11,29,-0.866430416801937,0
11,11,30,0.5064506210620794,0
11,11,31,-0.3613026374547497,0
11,11,32,-0.03142474937821456,0
11,11,33,0.517215238321583,0
11,11,34,-0.7324360186291624,0
11,11,35,0.5048246689283412,0
11,11,36,-0.3211055233998353,0
11,11,37,0.1687958521310965,0
11,11,38,0.2651977008470704,0
11,11,39,-0.3837093922833143,0
11,11,40,0.1752492957656291,0
11,11,41,-0.4241129213111246,0
11,11,42,0.1208655001116421,0
11,11,43,0.08817505324260605,0
11,11,44,-0.5345786613436359,0
11,11,45,0.5059721792225165,0
11,11,46,-0.1702637253193136,0
11,11,47,0.900050429238032,0
11,11,48,-0.208546283369196,0
11,11,49,-0.4249065085560396,0
11,11,50,0.2706036329802787,0
11,11,51,-0.6657866740235292,0
11,11,52,0.6169397678837986,0
11,11,53,-0.8555648909560603,0
11,11,54,0.3932665111683403,0
11,11,55,0.009789364610345339,0
11,11,56,0.4875762517188337,0
11,11,57,-0.508185050583572,0
11,11,58,-0.5114741854474906,0
11,11,59,0.275223981226803,0
11,11,60,-0.04977973644428495,0
11,11,61,-0.3609172348721824,0
11,11,62,0.5390920686362801,0
11,11,63,-0.2589073566713525,0
11,11,64,0.2628872495433836,0
11,11,65,-0.06493047147888834,0
11,11,66,0.2427022833153597,0
11,11,67,-0.2939884002751129,0
11,11,68,-0.09897883870726158,0
11,11,69,0.2819668043171888,0
11,11,70,0.0554655967894791,0
11,11,71,0.230816896271767,0
11,11,72,-0.7061441715424583,0
11,11,73,0.2107372576656199,0
11,11,74,-0.07769705735149905,0
11,11,75,0.1038552486968836,0
11,11,76,-0.4486544582452501,0
11,11,77,0.04604776053869691,0
11,11,78,0.57912830374281,0
11,11,79,0.2116927945288194,0
11,11,80,0.03916716982751464,0
11,11,81,-0.436476657655809,0
11,11,82,-0.1047947521358406,0
11,11,83,0.001476010303319604,0
11,11,84,-0.1682768883383704,0
11,11,85,0.1930240132381851,0
11,11,86,-0.1197499004871915,0
11,11,87,-0.005725838582201563,0
11,11,88,0.01204286475829038,0
11,11,89,0.007844993135818172,0
11,11,90,0.1391142905730776,0
11,11,91,0.004857490269298206,0
11,11,92,0.04687176204497533,0
11,11,93,0.7152256034043373,0
11,11,94,-0.4303928927553879,0
11,11,95,0.3218017007943916,0
11,11,96,0.1290378805176464,0
11,11,97,-0.5310644397302929,0
11,11,98,0.7164715908977586,0
11,11,99,-1,0
11,11,100,0.4809698535961416,0
11,11,101,-0.04493040316147225,0
11,11,102,0.3004830938545252,0
11,11,103,0.43244190478549,0
11,11,104,-0.8477134388609244,0
11,11,105,0.8301130923544758,0
11,11,106,-0.6420086866096946,0
11,11,107,0.3932967481355825,0
11,11,108,-0.5447720843018168,0
11,11,109,-0.1609104822846629,0
11,11,110,0.6773928489350178,0
11,11,111,-0.3953283818958108,0
11,11,112,0.4960978239060836,0
11,11,113,-0.4883388741681011,0
11,11,114,0.2317646800881806,0
11,11,115,-0.2496035511841672,0
11,11,116,0.01857571688217195,0
11,11,117,-0.008294993309748028,0
11,11,118,0.09250842945258461,0
11,11,119,-0.04959491702034113,0
11,11,120,0.3316343199192462,0
11,11,121,-0.2236510053274718,0
11,11,122,0.5007937916027363,0
11,11,123,-0.4593248012422999,0
11,11,124,-0.1003851275121692,0
11,11,125,-0.1274585337575099,0
11,11,126,-0.5261532008438815,0
11,11,127,0.4323592361700873,0
11,11,128,0.3115619633757784,0
11,11,129,-0.02163687712641391,0
11,11,130,0.4262903521849664,0
11,11,131,-0.4296053622815781,0
11,11,132,-0.3063647369088336,0
11,11,133,0.07874427629817105,0
11,11,134,0.1705141468479784,0
11,11,135,-1.110647389517832e-07,0
11,11,136,-3.67773442135377e-07,0
11,11,137,-1.155707373972287e-06,0
11,11,138,-3.778892501325514e-06,0
11,11,139,-1.285824743084654e-05,0
11,11,140,-3.778987290518504e-06,0
11,11,141,-1.155764299393065e-06,0
11,11,142,-3.678003812453625e-07,0
11,11,143,-1.110752616611668e-07,0
11,11,144,-1.041711996322761e-07,0
11,11,145,-3.052969643493404e-07,0
11,11,146,-8.2499273711208e-07,0
11,11,147,-2.32871245885092e-06,0
11,11,148,-7.003750336135419e-06,0
11,11,149,-2.32873350765836e-06,0
11,11,150,-8.250144254869725e-07,0
11,11,151,-3.053118602347136e-07,0
11,11,152,-1.041783958049832e-07,0
11,11,153,-1.875411213499111e-08,0
11,11,154,1.519423637373475e-08,0
11,11,155,3.027155941869004e-07,0
11,11,156,1.690075754756824e-06,0
11,11,157,7.770632818868011e-06,0
11,11,158,1.690135134369274e-06,0
11,11,159,3.027431931599949e-07,0
11,11,160,1.520159409063821e-08,0
11,11,161,-1.875326696682267e-08,0
11,11,162,2.397354593379637e-08,0
11,11,163,1.302971689703022e-07,0
11,11,164,5.395991786160556e-07,0
11,11,165,1.90758565535374e-06,0
11,11,166,5.899373519475787e-06,0
11,11,167,1.907630496892469e-06,0
11,11,168,5.396259171104518e-07,0
11,11,169,1.303075440230852e-07,0
11,11,170,2.397647303364104e-08,0
12,10,0,-0.3813535768623047,0
12,10,1,0.1025294744450509,0
12,10,2,0.1233897891694593,0
12,10,3,0.08658537214024531,0
12,10,4,0.2460707568849665,0
12,10,5,-0.5946431931453829,0
12,10,6,0.3478659408129738,0
12,10,7,-0.1992320468051772,0
12,10,8,0.2004416772158486,0
12,10,9,-0.2861317558091243,0
12,10,10,-0.1487264220355713,0
12,10,11,0.5268531802438317,0
12,10,12,0.02364800454058274,0
12,10,13,0.2228042033421398,0
12,10,14,-0.5435903046436283,0
12,10,15,0.2726676934625599,0
12,10,16,-0.1296259572684592,0
12,10,17,0.09653720414652703,0
12,10,18,0.2148686861341331,0
12,10,19,-0.2600495988703506,0
12,10,20,0.3452863976610401,0
12,10,21,0.4790835756614714,0
12,10,22,-0.2842853759347274,0
12,10,23,0.1480092681863022,0
12,10,24,0.2281013379948779,0
12,10,25,-0.4033933557185204,0
12,10,26,0.6054135160325107,0
12,10,27,-0.12682047287257,0
12,10,28,0.182105669584893,0
12,10,29,0.2547469055348509,0
12,10,30,-0.1456819444598159,0
12,10,31,0.1134668085489363,0
12,10,32,-0.7553150473249839,0
12,10,33,0.2135338136412101,0
12,10,34,0.4300117623926491,0
12,10,35,0.3722027887799707,0
12,10,36,0.2535222729328385,0
12,10,37,-0.699113688534007,0
12,10,38,0.554764640910464,0
12,10,39,-0.5468622845600197,0
12,10,40,0.4043421837714691,0
12,10,41,-0.7819033543167494,0
12,10,42,0.1185673803780452,0
12,10,43,0.3793093689388484,0
12,10,44,0.2696301511705835,0
12,10,45,0.3564235392804078,0
12,10,46,-0.7928983347150083,0
12,10,47,0.2421820756428754,0
12,10,48,-0.3777413715970132,0
12,10,49,0.4356305464806901,0
12,10,50,-0.03029361988374797,0
12,10,51,-0.08735177059547508,0
12,10,52,-0.1007081761851512,0
12,10,53,0.59245277813752,0
12,10,54,-0.2546736096911144,0
12,10,55,-0.3880646951419826,0
12,10,56,-0.3275811280635049,0
12,10,57,0.2836331762566151,0
12,10,58,0.2081201918052931,0
12,10,59,0.0337261710405905,0
12,10,60,-0.5517752329437295,0
12,10,61,0.6141177768609224,0
12,10,62,-0.4162378647076071,0
12,10,63,0.1112069358948088,0
12,10,64,-0.6710163029524108,0
12,10,65,0.03816929715731496,0
12,10,66,0.6227864741093723,0
12,10,67,0.3683072465682542,0
12,10,68,0.1451363476950229,0
12,10,69,-0.570507627501313,0
12,10,70,0.1938085166004269,0
12,10,71,-0.345395414626454,0
12,10,72,0.2409741167246491,0
12,10,73,-0.6735152377948782,0
12,10,74,0.363676378560216,0
12,10,75,0.02118075485341547,0
12,10,76,0.5462456026598738,0
12,10,77,0.02633897228651671,0
12,10,78,-0.3598678613762599,0
12,10,79,-0.5403953395929708,0
12,10,80,-0.1297211374235767,0
12,10,81,0.6110268504748839,0
12,10,82,-0.6499718664364046,0
12,10,83,0.6944163279988419,0
12,10,84,-0.6926041340491933,0
12,10,85,0.2655063422229098,0
12,10,86,-0.4191927254060179,0
12,10,87,-1,0
12,10,88,0.5439825002562924,0
12,10,89,-0.2626979766948306,0
12,10,90,0.07297382265426416,0
12,10,91,0.5196657170884678,0
12,10,92,-0.9298743069716228,0
12,10,93,0.6152793063104489,0
12,10,94,-0.4119772119383455,0
12,10,95,0.09313254455150224,0
12,10,96,-0.5244567402076065,0
12,10,97,0.005405964198047305,0
12,10,98,0.4175229362230033,0
12,10,99,0.1018013926848428,0
12,10,100,0.1844345777837316,0
12,10,101,-0.3977677661976671,0
12,10,102,-0.02982602940039092,0
12,10,103,-0.04055899408835673,0
12,10,104,0.03918949712815456,0
12,10,105,-0.05074064737956737,0
12,10,106,0.1276574904859063,0
12,10,107,-0.03556890953634315,0
12,10,108,0.5927622241642396,0
12,10,109,-0.3776387221333856,0
12,10,110,0.1268167266635968,0
12,10,111,-0.6727523008145796,0
12,10,112,0.09306811000475451,0
12,10,113,0.434462953067854,0
12,10,114,0.4405179651935604,0
12,10,115,-0.3837129030212507,0
12,10,116,-0.3161399511909072,0
12,10,117,0.1732358215480815,0
12,10,118,-0.6471637257024454,0
12,10,119,0.5591540693485227,0
12,10,120,0.04907773326642235,0
12,10,121,0.18508382983789,0
12,10,122,0.2301394536544132,0
12,10,123,-0.1978060158202103,0
12,10,124,-0.2433363390201133,0
12,10,125,0.1008721751558698,0
12,10,126,-0.003212435570538691,0
12,10,127,0.07835525021513895,0
12,10,128,0.002814785738440017,0
12,10,129,0.009141498699577881,0
12,10,130,0.1548023501435237,0
12,10,131,-0.0878415280399817,0
12,10,132,0.2862200918172341,0
12,10,133,-0.2657874349194945,0
12,10,134,-0.006024254710314504,0
12,10,135,-6.80562242489694e-09,0
12,10,136,1.760152304887305e-07,0
12,10,137,1.167362031991453e-06,0
12,10,138,5.252853634513639e-06,0
12,10,139,2.069656302180549e-05,0
12,10,140,5.252906142706639e-06,0
12,10,141,1.167338994493749e-06,0
12,10,142,1.759731962385978e-07,0
12,10,143,-6.832552594839079e-09,0
12,10,144,-1.672117947316576e-07,0
12,10,145,-3.028594106932261e-07,0
12,10,146,-1.7140749053021e-07,0
12,10,147,1.306136113828115e-06,0
12,10,148,8.46629795289118e-06,0
12,10,149,1.3059642080356e-06,0
12,10,150,-1.715802233924418e-07,0
12,10,151,-3.029806940846304e-07,0
12,10,152,-1.672722508659119e-07,0
12,10,153,-3.532096425134603e-07,0
12,10,154,-9.981364352122003e-07,0
12,10,155,-2.600590288371931e-06,0
12,10,156,-7.243567129527758e-06,0
12,10,157,-2.231731565652538e-05,0
12,10,158,-7.243916087743247e-06,0
12,10,159,-2.600865560774374e-06,0
12,10,160,-9.983009298029399e-07,0
12,10,161,-3.532842293957761e-07,0
12,10,162,-3.029583513399974e-07,0
12,10,163,-9.179360673182072e-07,0
12,10,164,-2.567266697965176e-06,0
12,10,165,-7.34523409443076e-06,0
12,10,166,-2.131779661098454e-05,0
12,10,167,-7.345470832955531e-06,0
12,10,168,-2.567455648775039e-06,0
12,10,169,-9.180472740912496e-07,0
12,10,170,-3.030075079375001e-07,0
13,12,0,0.4583341162112168,0
13,12,1,-0.1739215670462738,0
13,12,2,0.004728723709426823,0
13,12,3,0.07193216238139725,0
13,12,4,-0.3657382994290166,0
13,12,5,0.6184142964969314,0
13,12,6,0.4391869959656357,0
13,12,7,-0.156174973493908,0
13,12,8,-0.1354903693894211,0
13,12,9,0.4389983410875839,0
13,12,10,-0.473717964642439,0
13,12,11,0.5326233471308047,0
13,12,12,0.3836338346996534,0
13,12,13,-0.4153504994797828,0
13,12,14,0.3944088836142147,0
13,12,15,0.4392155751614406,0
13,12,16,-0.4069053060930506,0
13,12,17,0.3156641155229111,0
13,12,18,0.1040304206234768,0
13,12,19,-0.3384521627144303,0
13,12,20,0.4589429363448683,0
13,12,21,0.4634463582236728,0
13,12,22,-0.1967981937497212,0
13,12,23,-0.08362626737212775,0
13,12,24,0.2901335445432159,0
13,12,25,-0.4482280461777318,0
13,12,26,0.5602564394326259,0
13,12,27,-0.1770907363191301,0
13,12,28,0.2319433638938976,0
13,12,29,-0.01388961316527833,0
13,12,30,0.1107613885593506,0
13,12,31,-0.3979355965573159,0
13,12,32,0.5873410230132179,0
13,12,33,-0.3405709764821614,0
13,12,34,-0.1544079620413633,0
13,12,35,-0.455459349427736,0
13,12,36,-0.09642540541022972,0
13,12,37,0.309474952899481,0
13,12,38,0.5282692217320667,0
13,12,39,0.04230937463978987,0
13,12,40,-0.7930180674664673,0
13,12,41,0.0811301299679083,0
13,12,42,-0.4194043690428717,0
13,12,43,0.3106936280214265,0
13,12,44,0.1118475347705939,0
13,12,45,-0.03022136527819864,0
13,12,46,-0.4781066828357476,0
13,12,47,0.3077173282058955,0
13,12,48,-0.2255045593418367,0
13,12,49,-0.2338112777630257,0
13,12,50,-0.3448836339099097,0
13,12,51,0.02747946054792495,0
13,12,52,0.03661991002445214,0
13,12,53,0.5195133699884197,0
13,12,54,-0.05512706660099332,0
13,12,55,-0.6055009132902066,0
13,12,56,-0.3346679792893472,0
13,12,57,0.2464972286978479,0
13,12,58,-0.6940550777901781,0
13,12,59,0.2877898523115099,0
13,12,60,0.2997332852575041,0
13,12,61,-0.2396906388017016,0
13,12,62,0.5366664649767793,0
13,12,63,-0.5346710582515664,0
13,12,64,0.0345001748804036,0
13,12,65,0.002833076983986786,0
13,12,66,-0.03216287619780311,0
13,12,67,-1,0
13,12,68,0.5607824018275568,0
13,12,69,0.05842539840774803,0
13,12,70,0.1325621220840215,0
13,12,71,0.420465744263178,0
13,12,72,-0.6607790457392273,0
13,12,73,-0.9619314746258479,0
13,12,74,0.3538535628435976,0
13,12,75,0.3636050154670826,0
13,12,76,-0.3806946600995975,0
13,12,77,0.8035390294149313,0
13,12,78,-0.7818526444070055,0
13,12,79,-0.1476565825925634,0
13,12,80,0.1887078142341285,0
13,12,81,0.02164066274979489,0
13,12,82,-0.7537093192511715,0
13,12,83,0.5051184016972026,0
13,12,84,0.04678759962483275,0
13,12,85,0.339303617091044,0
13,12,86,-0.4153268871766914,0
13,12,87,0.6052014169701415,0
13,12,88,-0.370603179023271,0
13,12,89,0.2316648517893413,0
13,12,90,-0.291789746914827,0
13,12,91,-0.1418386840785516,0
13,12,92,0.6232798468190834,0
13,12,93,0.1976177286889005,0
13,12,94,0.06615375881811289,0
13,12,95,-0.08206889622460867,0
13,12,96,0.2060609329778217,0
13,12,97,-0.2541804175898712,0
13,12,98,0.322460755369646,0
13,12,99,-0.2032691996279233,0
13,12,100,0.1046999217548106,0
13,12,101,0.2688653466021094,0
13,12,102,0.6458394926738866,0
13,12,103,-0.3146337024754131,0
13,12,104,0.1520251429590432,0
13,12,105,-0.3983315399331134,0
13,12,106,-0.07086355040227919,0
13,12,107,0.6921576634508264,0
13,12,108,0.4883297001309885,0
13,12,109,-0.02707524871005582,0
13,12,110,-0.04957520080025666,0
13,12,111,0.2539208367953467,0
13,12,112,-0.4843004733484154,0
13,12,113,0.6589076283921735,0
13,12,114,-0.03107887044079733,0
13,12,115,0.1732970562111824,0
13,12,116,0.2870100857788794,0
13,12,117,-0.1702916039121045,0
13,12,118,0.4903781073598811,0
13,12,119,-0.460115444400804,0
13,12,120,0.07080927693439504,0
13,12,121,-0.189353025045722,0
13,12,122,0.3044187726477399,0
13,12,123,-0.2278885416165518,0
13,12,124,0.2914591972407326,0
13,12,125,-0.2967024372041906,0
13,12,126,0.2980547797419292,0
13,12,127,-0.2713249338958518,0
13,12,128,0.5761683922348247,0
13,12,129,-0.531772166195119,0
13,12,130,0.1767181566606311,0
13,12,131,-0.2781603316568558,0
13,12,132,0.5326539830184335,0
13,12,133,-0.4585334156127075,0
13,12,134,-0.2548079843336364,0
13,12,135,-3.415391670848445e-07,0
13,12,136,-7.04242956953361e-07,0
13,12,137,-6.544826629990172e-07,0
13,12,138,2.898451424438422e-06,0
13,12,139,2.727369234439145e-05,0
13,12,140,2.898202930512772e-06,0
13,12,141,-6.547376819084743e-07,0
13,12,142,-7.0441867111994e-07,0
13,12,143,-3.416256134356334e-07,0
13,12,144,-6.659852904917322e-07,0
13,12,145,-1.74269008094089e-06,0
13,12,146,-4.14670123867747e-06,0
13,12,147,-1.106919813843929e-05,0
13,12,148,-3.627142788855086e-05,0
13,12,149,-1.106974509840077e-05,0
13,12,150,-4.147145735226108e-06,0
13,12,151,-1.742971425413033e-06,0
13,12,152,-6.661190886219237e-07,0
13,12,153,-6.578308952893719e-07,0
13,12,154,-1.706233409735787e-06,0
13,12,155,-3.979465326541353e-06,0
13,12,156,-1.023169204145663e-05,0
13,12,157,-3.173151564161901e-05,0
13,12,158,-1.023199402378811e-05,0
13,12,159,-3.979791769028628e-06,0
13,12,160,-1.706468307375122e-06,0
13,12,161,-6.579479962261355e-07,0
13,12,162,-3.333849135584672e-07,0
13,12,163,-6.778456745030062e-07,0
13,12,164,-5.896269232357408e-07,0
13,12,165,2.955559486498298e-06,0
13,12,166,2.643049542267926e-05,0
13,12,167,2.955525293362525e-06,0
13,12,168,-5.897522895273419e-07,0
13,12,169,-6.779605438822686e-07,0
13,12,170,-3.334464488228379e-07,0
14,13,0,0.2784935929444142,0
14,13,1,0.009389748043428479,0
14,13,2,-0.4250960408143742,0
14,13,3,0.4376723659789026,0
14,13,4,-0.367889485779367,0
14,13,5,0.3582337057850597,0
14,13,6,-0.3053312048072362,0
14,13,7,-0.2013429345924334,0
14,13,8,0.5598881322102022,0
14,13,9,-0.5866066766285062,0
14,13,10,0.4626606468478398,0
14,13,11,-0.4629173264746165,0
14,13,12,0.09446318463388026,0
14,13,13,0.3776787678074131,0
14,13,14,-0.7091396150816381,0
14,13,15,-0.4563767900652681,0
14,13,16,0.02752132908461066,0
14,13,17,0.4050115728628625,0
14,13,18,-0.8089661732268126,0
14,13,19,0.6420402962465522,0
14,13,20,-0.5309834536495893,0
14,13,21,0.3844511788488683,0
14,13,22,0.4443960812524226,0
14,13,23,-0.9953107729645603,0
14,13,24,0.3711072633354697,0
14,13,25,-0.4968952484841926,0
14,13,26,0.7221284637030853,0
14,13,27,-0.2371532136305157,0
14,13,28,0.3300420820224271,0
14,13,29,-0.7030099297551917,0
14,13,30,0.5117988249436132,0
14,13,31,-0.4843671282349435,0
14,13,32,0.4078349028132427,0
14,13,33,0.1757127407604904,0
14,13,34,-0.5950432382073209,0
14,13,35,0.4642723628400469,0
14,13,36,-0.5482610466523086,0
14,13,37,0.2475743469219534,0
14,13,38,-0.4641902864744069,0
14,13,39,0.09426919703617591,0
14,13,40,0.1138127918856888,0
14,13,41,-0.545942673276515,0
14,13,42,0.5967844504859298,0
14,13,43,-0.08447532676225415,0
14,13,44,0.7091262146024652,0
14,13,45,-0.1443338525210966,0
14,13,46,-0.1163520583097784,0
14,13,47,-0.4744442455206626,0
14,13,48,-0.1697084321814747,0
14,13,49,0.8102896925817159,0
14,13,50,-0.799920219465351,0
14,13,51,0.7926347756338317,0
14,13,52,-0.06042242750597448,0
14,13,53,0.8731829084638357,0
14,13,54,-0.1665694146813813,0
14,13,55,-0.2296256252321994,0
14,13,56,-0.5936505965105425,0
14,13,57,0.5737371449616819,0
14,13,58,-0.6610816709983723,0
14,13,59,0.4502963559895147,0
14,13,60,-0.2561619643233938,0
14,13,61,-0.269131722337233,0
14,13,62,0.5852038311781963,0
14,13,63,-0.2677205723625965,0
14,13,64,-0.1008223198594287,0
14,13,65,-0.02479900742237068,0
14,13,66,0.3628166227142816,0
14,13,67,-0.1273755097441045,0
14,13,68,0.1572301290095676,0
14,13,69,-0.3758776703245567,0
14,13,70,0.4983950735140039,0
14,13,71,-0.0362430309056927,0
14,13,72,-0.3006327153804291,0
14,13,73,0.0826951576203072,0
14,13,74,-0.423854799053435,0
14,13,75,0.8209938508359567,0
14,13,76,0.7359810148443984,0
14,13,77,-0.4868986046068484,0
14,13,78,-0.2115158837138294,0
14,13,79,0.4677432772975951,0
14,13,80,-0.4819287590041285,0
14,13,81,0.1057338350692733,0
14,13,82,0.1304149225150788,0
14,13,83,-0.3207628795961011,0
14,13,84,0.5421875597948771,0
14,13,85,-0.259897678622208,0
14,13,86,0.1722931932944678,0
14,13,87,-0.294989667018241,0
14,13,88,0.2022660184552265,0
14,13,89,-0.07921371212522763,0
14,13,90,0.3523484075815526,0
14,13,91,0.09567166880290866,0
14,13,92,-0.1668601438331045,0
14,13,93,0.764737606983665,0
14,13,94,-0.6947064110442842,0
14,13,95,0.6434772217756634,0
14,13,96,-0.6824310283102335,0
14,13,97,-0.121526882502439,0
14,13,98,0.7105009846615779,0
14,13,99,-0.2826789851710565,0
14,13,100,0.6347211601611112,0
14,13,101,-0.69646936307755,0
14,13,102,0.8938502741112037,0
14,13,103,-0.4287052554527546,0
14,13,104,-0.1418361491170559,0
14,13,105,-0.7748510283138993,0
14,13,106,-0.1576792032104092,0
14,13,107,0.6085346620018599,0
14,13,108,-0.423296035165164,0
14,13,109,0.7176533098123796,0
14,13,110,-1,0
14,13,111,0.5312795734195276,0
14,13,112,-0.03555549367798088,0
14,13,113,-0.5655355137403774,0
14,13,114,-0.3378200656078377,0
14,13,115,0.2941602210627774,0
14,13,116,-0.07248324643247483,0
14,13,117,0.04883672840312713,0
14,13,118,0.004544775108920146,0
14,13,119,0.07078819755988421,0
14,13,120,0.5952445864323517,0
14,13,121,-0.4008825018596205,0
14,13,122,0.469014140182489,0
14,13,123,-0.5948356857136369,0
14,13,124,-0.4797983103278351,0
14,13,125,0.1921584654364357,0
14,13,126,-0.08050053114610811,0
14,13,127,0.2580674264995881,0
14,13,128,0.2322696138225869,0
14,13,129,-0.2297309951637814,0
14,13,130,-0.8440883675368356,0
14,13,131,0.5187142061201957,0
14,13,132,-0.5108465783751385,0
14,13,133,0.6866584400254773,0
14,13,134,0.1167062265411223,0
14,13,135,-2.370377103119752e-08,0
14,13,136,-1.61072168729886e-07,0
14,13,137,-7.734390861597466e-07,0
14,13,138,-3.218713411151101e-06,0
14,13,139,-1.262847496937668e-05,0
14,13,140,-3.218757478890735e-06,0
14,13,141,-7.734423179899358e-07,0
14,13,142,-1.61060815765497e-07,0
14,13,143,-2.369504046511322e-08,0
14,13,144,4.465888930055745e-08,0
14,13,145,6.25872310152119e-08,0
14,13,146,-6.230994766985856e-08,0
14,13,147,-7.96557986431832e-07,0
14,13,148,-3.922034830324989e-06,0
14,13,149,-7.964818974045138e-07,0
14,13,150,-6.224010125513084e-08,0
14,13,151,6.263455508285108e-08,0
14,13,152,4.468219114651113e-08,0
14,13,153,1.346815373866145e-07,0
14,13,154,4.019520865196399e-07,0
14,13,155,1.142419408736514e-06,0
14,13,156,3.562525100541512e-06,0
14,13,157,1.250153174125431e-05,0
14,13,158,3.562676953563662e-06,0
14,13,159,1.142535433804334e-06,0
14,13,160,4.020196548861738e-07,0
14,13,161,1.34711695112634e-07,0
14,13,162,1.173239937947335e-07,0
14,13,163,3.580777966868038e-07,0
14,13,164,9.867828808909105e-07,0
14,13,165,2.641720834268357e-06,0
14,13,166,6.421584528682082e-06,0
14,13,167,2.641812296589735e-06,0
14,13,168,9.868588491672477e-07,0
14,13,169,3.581229009472481e-07,0
14,13,170,1.173439001433891e-07,0
15,14,0,-0.1112502929091675,0
15,14,1,0.02819841091871003,0
15,14,2,0.05235360239360243,0
15,14,3,-0.5946696639119939,0
15,14,4,0.283902723124459,0
15,14,5,-0.05200191686447773,0
15,14,6,-0.227113245409472,0
15,14,7,0.5165361128569153,0
15,14,8,-0.7414407678052289,0
15,14,9,-0.4272836090664201,0
15,14,10,0.2588045748882683,0
15,14,11,-0.03235171188039131,0
15,14,12,-0.5235001321084694,0
15,14,13,0.4840943397823809,0
15,14,14,-0.4431264875109197,0
15,14,15,0.03898219192307607,0
15,14,16,0.354145577950889,0
15,14,17,-0.5767640918714834,0
15,14,18,0.07992942053416449,0
15,14,19,-0.1061990045389467,0
15,14,20,0.2094482021223188,0
15,14,21,0.3027744172606992,0
15,14,22,-0.1548393846685863,0
15,14,23,0.01493206111257636,0
15,14,24,0.1897698477393378,0
15,14,25,-0.2925207228995064,0
15,14,26,0.3480496022032799,0
15,14,27,-0.1168433528484488,0
15,14,28,0.148696901598817,0
15,14,29,0.1139198820207567,0
15,14,30,-0.01948532160065731,0
15,14,31,-0.1403251670246831,0
15,14,32,0.07574749958447363,0
15,14,33,-0.08926117103965855,0
15,14,34,0.1134961259013923,0
15,14,35,-0.6478200429516752,0
15,14,36,0.3309906322638985,0
15,14,37,0.3299853593886961,0
15,14,38,0.3331066876165892,0
15,14,39,0.1973673809780899,0
15,14,40,-0.2498086483936527,0
15,14,41,-0.3526565550091793,0
15,14,42,-0.07661605990609556,0
15,14,43,0.7514880320317566,0
15,14,44,-0.3664080929975278,0
15,14,45,0.4583317165950381,0
15,14,46,-0.04072330091959402,0
15,14,47,0.331319337426465,0
15,14,48,-0.06674504986289855,0
15,14,49,0.07483362220032529,0
15,14,50,-0.1697468259045334,0
15,14,51,-0.1569894715159225,0
15,14,52,0.3145203724902922,0
15,14,53,0.3011111586920223,0
15,14,54,-0.02477071200829302,0
15,14,55,-0.4429922317855608,0
15,14,56,-0.1945579426175412,0
15,14,57,0.1195488873230594,0
15,14,58,-0.2850869181685389,0
15,14,59,0.04916801382294879,0
15,14,60,0.3590062297235366,0
15,14,61,0.1362193030526671,0
15,14,62,0.1164699095071656,0
15,14,63,-0.3315979236229782,0
15,14,64,0.6037414858375145,0
15,14,65,-0.3769877251670347,0
15,14,66,0.01513473287373351,0
15,14,67,0.07246393070107617,0
15,14,68,-0.3221312420755257,0
15,14,69,0.483399254673507,0
15,14,70,1,0
15,14,71,-0.5891287167101747,0
15,14,72,-0.09439674876995341,0
15,14,73,0.2052188853280994,0
15,14,74,-0.619963491572839,0
15,14,75,0.5543406715721506,0
15,14,76,0.3995275413222241,0
15,14,77,-0.2509438975837303,0
15,14,78,-0.02914609122863695,0
15,14,79,0.1127382292253298,0
15,14,80,-0.3917769955637461,0
15,14,81,0.3561919198332315,0
15,14,82,-0.625712098633862,0
15,14,83,0.3594256587110915,0
15,14,84,-0.1126558299207586,0
15,14,85,0.3270244712084038,0
15,14,86,-0.4044721703567905,0
15,14,87,0.6241683361108009,0
15,14,88,-0.4005096778333439,0
15,14,89,0.2340761216517149,0
15,14,90,-0.4255538769514298,0
15,14,91,-0.1430917182266074,0
15,14,92,0.5775854450593336,0
15,14,93,-0.1264118527677789,0
15,14,94,0.319017412144337,0
15,14,95,-0.4109347721800132,0
15,14,96,0.243779252114877,0
15,14,97,-0.1321893935133145,0
15,14,98,-0.1638185183366138,0
15,14,99,-0.4550216977755886,0
15,14,100,0.1105990812092168,0
15,14,101,-0.01565483661771809,0
15,14,102,-0.004050278276222467,0
15,14,103,0.2019500679081098,0
15,14,104,-0.6301620857596826,0
15,14,105,-0.2797651108401517,0
15,14,106,0.2155590006653696,0
15,14,107,-0.3373305959351174,0
15,14,108,0.2062944064926222,0
15,14,109,0.03559074833181422,0
15,14,110,-0.3797864047578905,0
15,14,111,-0.204239225469331,0
15,14,112,0.01120373410863202,0
15,14,113,0.07027904096640439,0
15,14,114,0.2377558564193619,0
15,14,115,-0.150559874110656,0
15,14,116,0.2766869094690178,0
15,14,117,-0.1696644459220378,0
15,14,118,0.3845079212669105,0
15,14,119,-0.4104229630463752,0
15,14,120,-0.2913662658320012,0
15,14,121,0.0766934251999228,0
15,14,122,-0.183684913349673,0
15,14,123,0.2262526981071545,0
15,14,124,-0.1797188768764423,0
15,14,125,0.1431395034507823,0
15,14,126,-0.5954894752221764,0
15,14,127,0.4838684103908558,0
15,14,128,-0.424170318789647,0
15,14,129,0.4969268862826599,0
15,14,130,-0.3410921788694135,0
15,14,131,0.408839750727538,0
15,14,132,-0.009371456148266238,0
15,14,133,0.117985860898761,0
15,14,134,0.04637965883193367,0
15,14,135,3.33927427092713e-09,0
15,14,136,-7.792069751979709e-08,0
15,14,137,-5.961047100135198e-07,0
15,14,138,-3.214507323988005e-06,0
15,14,139,-1.581463907135921e-05,0
15,14,140,-3.214508684986671e-06,0
15,14,141,-5.960852244591882e-07,0
15,14,142,-7.790160708996965e-08,0
15,14,143,3.34981577201987e-09,0
15,14,144,7.520605485814433e-08,0
15,14,145,1.980636067913255e-07,0
15,14,146,5.089214238416565e-07,0
15,14,147,1.655920157180396e-06,0
15,14,148,6.991603370577478e-06,0
15,14,149,1.656031858922363e-06,0
15,14,150,5.089993143186891e-07,0
15,14,151,1.981087334543519e-07,0
15,14,152,7.522670422367456e-08,0
15,14,153,1.084857630471259e-07,0
15,14,154,3.217967461528476e-07,0
15,14,155,9.367550101937633e-07,0
15,14,156,3.133797187270797e-06,0
15,14,157,1.214175930845083e-05,0
15,14,158,3.133865697300922e-06,0
15,14,159,9.368182348059433e-07,0
15,14,160,3.218382301284549e-07,0
15,14,161,1.08505496682103e-07,0
15,14,162,5.686907986818437e-08,0
15,14,163,1.202295137355647e-07,0
15,14,164,8.318868050766686e-08,0
15,14,165,-9.049238672241106e-07,0
15,14,166,-7.99641422912878e-06,0
15,14,167,-9.049279019572086e-07,0
15,14,168,8.320803878256808e-08,0
15,14,169,1.20248793306004e-07,0
15,14,170,5.687941223166865e-08,0
16,15,0,0.5428437418397515,0
16,15,1,-0.3451220308124137,0
16,15,2,0.4370605708174336,0
16,15,3,0.4276627106259199,0
16,15,4,-0.5532016506576525,0
16,15,5,0.5619361341949825,0
16,15,6,0.5971372145930043,0
16,15,7,-0.4878713462148977,0
16,15,8,0.2622191402399897,0
16,15,9,-0.08999412787259457,0
16,15,10,-0.3994729790862828,0
16,15,11,0.6727883674303539,0
16,15,12,-0.6699928513611089,0
16,15,13,0.361302501357408,0
16,15,14,-0.194308732387586,0
16,15,15,-0.5226970559612145,0
16,15,16,0.7083568138386205,0
16,15,17,-0.7085666068623663,0
16,15,18,-0.04010278709065054,0
16,15,19,0.3587492136412589,0
16,15,20,-0.4152901347810496,0
16,15,21,-0.1761795567547499,0
16,15,22,0.04591809758477748,0
16,15,23,0.1444928291791538,0
16,15,24,-0.1450902979770905,0
16,15,25,0.1950750785831348,0
16,15,26,-0.2048457309648741,0
16,15,27,0.09587447745143468,0
16,15,28,-0.1182156384905999,0
16,15,29,0.6330021988378448,0
16,15,30,-0.3509004675536948,0
16,15,31,-0.1046351275390792,0
16,15,32,0.1803185042319417,0
16,15,33,-0.5729958561437158,0
16,15,34,0.2851312519254795,0
16,15,35,-0.06528441984604802,0
16,15,36,0.02582829047164562,0
16,15,37,-0.5099878574646367,0
16,15,38,0.5460434476065842,0
16,15,39,-0.2418447132240448,0
16,15,40,-0.5052933213176191,0
16,15,41,-0.2204403792212477,0
16,15,42,-0.1271819722185352,0
16,15,43,0.1818107423071761,0
16,15,44,-0.3190275882902947,0
16,15,45,0.4537193309545439,0
16,15,46,-0.05161321313081294,0
16,15,47,-0.116423883774529,0
16,15,48,0.1726473615754591,0
16,15,49,0.4413924906950681,0
16,15,50,0.2856491907107502,0
16,15,51,-0.1722246522313292,0
16,15,52,0.193218102840845,0
16,15,53,-0.1898451302802851,0
16,15,54,-0.06059508159178142,0
16,15,55,0.2739637103979805,0
16,15,56,0.1477338242020987,0
16,15,57,-0.1101445128372783,0
16,15,58,-0.3067366223920938,0
16,15,59,0.121705757045353,0
16,15,60,0.1097036651991496,0
16,15,61,-0.1861281489533296,0
16,15,62,0.205353185491972,0
16,15,63,-0.3106564985312976,0
16,15,64,-0.9674567606039386,0
16,15,65,0.6624137185509741,0
16,15,66,-0.17473870092945,0
16,15,67,-0.7014202589993537,0
16,15,68,0.9571933899111187,0
16,15,69,-0.4814743011244635,0
16,15,70,-0.09575272253738205,0
16,15,71,0.3140270370641053,0
16,15,72,-0.1611559372800959,0
16,15,73,0.2931928666942797,0
16,15,74,-0.005643057294424235,0
16,15,75,-0.1998687912625665,0
16,15,76,1,0
16,15,77,-0.7323742464623203,0
16,15,78,0.2085409940888351,0
16,15,79,0.1500697583884593,0
16,15,80,-0.7365107618838637,0
16,15,81,0.6663963423289168,0
16,15,82,0.2046551823328718,0
16,15,83,-0.1171249239033752,0
16,15,84,-0.3727389086550891,0
16,15,85,-0.0579463087352287,0
16,15,86,0.02131266981698927,0
16,15,87,0.2153179635844412,0
16,15,88,-0.1525232210981179,0
16,15,89,0.1174063334468285,0
16,15,90,-0.2441223242498315,0
16,15,91,0.03189203596478429,0
16,15,92,0.2407913733644471,0
16,15,93,0.1305591661995727,0
16,15,94,0.1194008319378812,0
16,15,95,-0.07889901413075683,0
16,15,96,0.2872067685039537,0
16,15,97,-0.1473511131457085,0
16,15,98,0.4116842624605852,0
16,15,99,0.3292491334516778,0
16,15,100,-0.4131484193189663,0
16,15,101,0.7324599073003435,0
16,15,102,-0.3512399964824065,0
16,15,103,-0.08816635885748172,0
16,15,104,0.5229155119103436,0
16,15,105,-0.06649151353197946,0
16,15,106,0.2293410223404969,0
16,15,107,-0.3941541787144076,0
16,15,108,0.0295729515333288,0
16,15,109,-0.1051892803847289,0
16,15,110,-0.2678118961404719,0
16,15,111,-0.7504807995123828,0
16,15,112,0.5263716613589106,0
16,15,113,-0.3799420500426006,0
16,15,114,0.4620780597008262,0
16,15,115,-0.5208570822310867,0
16,15,116,0.1470121149511312,0
16,15,117,-0.09318481623829626,0
16,15,118,0.2122563372566741,0
16,15,119,-0.2143083539693805,0
16,15,120,0.08894806412954316,0
16,15,121,-0.09801639002343665,0
16,15,122,0.5216971919053279,0
16,15,123,-0.3649839989653458,0
16,15,124,0.7796311623907437,0
16,15,125,-0.7357697346271238,0
16,15,126,0.4426910151874561,0
16,15,127,-0.6651764531698826,0
16,15,128,-0.3348404823235137,0
16,15,129,0.07439377364627262,0
16,15,130,-0.3745215447908296,0
16,15,131,0.3749500256891053,0
16,15,132,-0.4209388666747237,0
16,15,133,0.4445505317558127,0
16,15,134,0.3319461591344111,0
16,15,135,-4.668009619400878e-07,0
16,15,136,-1.31832920714058e-06,0
16,15,137,-3.405889109259754e-06,0
16,15,138,-9.308083937939755e-06,0
16,15,139,-2.814518948738878e-05,0
16,15,140,-9.308443153878259e-06,0
16,15,141,-3.406174299858937e-06,0
16,15,142,-1.318500581279622e-06,0
16,15,143,-4.668797348031442e-07,0
16,15,144,-6.220373326994252e-07,0
16,15,145,-1.635646170485893e-06,0
16,15,146,-3.722358156979087e-06,0
16,15,147,-8.14001040840621e-06,0
16,15,148,-1.519531740042869e-05,0
16,15,149,-8.140365961106979e-06,0
16,15,150,-3.722675661427496e-06,0
16,15,151,-1.635855827076313e-06,0
16,15,152,-6.221385836977105e-07,0
16,15,153,-4.601754299185773e-07,0
16,15,154,-1.083943597781357e-06,0
16,15,155,-2.15120889892212e-06,0
16,15,156,-4.83647086879891e-06,0
16,15,157,-1.693675135691263e-05,0
16,15,158,-4.836566622574676e-06,0
16,15,159,-2.151368723345813e-06,0
16,15,160,-1.084081614749002e-06,0
16,15,161,-4.602498926511197e-07,0
16,15,162,-1.658520279461851e-07,0
16,15,163,-1.73117758695928e-07,0
16,15,164,7.303420197751467e-07,0
16,15,165,6.093017140977575e-06,0
16,15,166,3.247191469669318e-05,0
16,15,167,6.093107485632146e-06,0
16,15,168,7.30322577116348e-07,0
16,15,169,-1.731691887162095e-07,0
16,15,170,-1.658855875439474e-07,0
17,17,0,-0.1422371778436408,0
17,17,1,0.07580673179974264,0
17,17,2,-0.05708153665203386,0
17,17,3,0.1955856515111664,0
17,17,4,0.04068417682889448,0
17,17,5,-0.2086083110900549,0
17,17,6,0.3053672291704506,0
17,17,7,-0.2798657958252534,0
17,17,8,0.2437779154590075,0
17,17,9,0.1847086172564715,0
17,17,10,-0.2851726330277607,0
17,17,11,0.2761343640478703,0
17,17,12,-0.3658169708842482,0
17,17,13,0.01276617996201384,0
17,17,14,0.204932881072379,0
17,17,15,0.1707323896060856,0
17,17,16,0.2555174193005244,0
17,17,17,-0.5516742243671167,0
17,17,18,-0.4632457897675589,0
17,17,19,-0.01745954211827945,0
17,17,20,0.4540948697374503,0
17,17,21,0.5760653884996813,0
17,17,22,0.1953694363132027,0
17,17,23,-0.7783344660699305,0
17,17,24,0.6067344689445913,0
17,17,25,-0.7493628650896537,0
17,17,26,0.7849603545821171,0
17,17,27,-0.4167976354032771,0
17,17,28,0.5062547878146695,0
17,17,29,-0.1303262808367476,0
17,17,30,-0.1090055006210459,0
17,17,31,0.5986339264805159,0
17,17,32,-0.1788880574572995,0
17,17,33,0.228412948518078,0
17,17,34,-0.127153053157839,0
17,17,35,0.1705660171549916,0
17,17,36,-0.05765004191239124,0
17,17,37,-0.04054122075363547,0
17,17,38,0.07930412528992432,0
17,17,39,-0.1730341230467206,0
17,17,40,-0.04328835172656278,0
17,17,41,0.2029864379639619,0
17,17,42,-0.09646725554954856,0
17,17,43,-0.2715311624939194,0
17,17,44,-0.5527170692354701,0
17,17,45,0.2405062706046434,0
17,17,46,0.2598839873904066,0
17,17,47,0.7095665155127535,0
17,17,48,-0.08165174705484966,0
17,17,49,-0.4064080112672472,0
17,17,50,-1,0
17,17,51,0.08827486533710989,0
17,17,52,0.8917306492059625,0
17,17,53,0.7755615599599703,0
17,17,54,0.1562179090619963,0
17,17,55,-0.9787297018154673,0
17,17,56,-0.6219209926740806,0
17,17,57,0.425900583033602,0
17,17,58,0.9631656757041474,0
17,17,59,-0.5585028251926967,0
17,17,60,-0.06181961600848303,0
17,17,61,-0.226858914258259,0
17,17,62,-0.4706414608473646,0
17,17,63,0.6829161081703076,0
17,17,64,0.1461833548169195,0
17,17,65,0.1845889716615327,0
17,17,66,-0.4628999256818103,0
17,17,67,-0.3395146980306707,0
17,17,68,-0.02891204395439943,0
17,17,69,0.4050696363776874,0
17,17,70,-0.4687424836615534,0
17,17,71,0.5173917201629444,0
17,17,72,-0.3400974600675298,0
17,17,73,0.4343696730176603,0
17,17,74,0.03351724915863275,0
17,17,75,-0.3192891342447878,0
17,17,76,-0.3370688064897795,0
17,17,77,-0.08161126234433029,0
17,17,78,0.5350955416615039,0
17,17,79,0.973879148951975,0
17,17,80,-0.3957134250096077,0
17,17,81,-0.4937697170236884,0
17,17,82,-0.9045425091625273,0
17,17,83,0.04045162718376107,0
17,17,84,0.7549832528694309,0
17,17,85,0.4045779757044964,0
17,17,86,-0.487479744048605,0
17,17,87,-0.2730552871782659,0
17,17,88,0.1906521984773573,0
17,17,89,-0.1978956407098439,0
17,17,90,0.2245381006030177,0
17,17,91,-0.06705146966803131,0
17,17,92,-0.3932001774073656,0
17,17,93,-0.5295051163343168,0
17,17,94,0.3024419133611276,0
17,17,95,-0.124942471634574,0
17,17,96,0.6539927193370648,0
17,17,97,-0.04915707192347794,0
17,17,98,-0.4120425852453982,0
17,17,99,-0.2577420218986684,0
17,17,100,-0.2639069986365164,0
17,17,101,0.6755001599154909,0
17,17,102,-0.05270365933405202,0
17,17,103,0.276734516537946,0
17,17,104,-0.1428951711288719,0
17,17,105,0.4599937788790388,0
17,17,106,-0.3900242415607,0
17,17,107,0.157117346926286,0
17,17,108,-0.7419821018903496,0
17,17,109,0.2021119258631649,0
17,17,110,0.2315979521432529,0
17,17,111,0.5986221507802694,0
17,17,112,0.06373331317876443,0
17,17,113,-0.7635139143526488,0
17,17,114,-0.1975340935483479,0
17,17,115,0.3037381352638187,0
17,17,116,-0.2635130868832614,0
17,17,117,0.1681364674662434,0
17,17,118,-0.4041141396509219,0
17,17,119,0.39347088392102,0
17,17,120,-0.2402646628447074,0
17,17,121,0.303257844515065,0
17,17,122,-0.2123825479206886,0
17,17,123,0.3104429808143584,0
17,17,124,0.4989743282858767,0
17,17,125,-0.3213281729166594,0
17,17,126,0.01056615313180476,0
17,17,127,-0.1727498952573835,0
17,17,128,0.1639156962493188,0
17,17,129,-0.1235806652442479,0
17,17,130,0.02872877176896097,0
17,17,131,-0.1545329981452466,0
17,17,132,-0.587424588188615,0
17,17,133,0.4767864859594796,0
17,17,134,0.155228423140073,0
17,17,135,-1.28112617110155e-07,0
17,17,136,-5.056368826072401e-07,0
17,17,137,-1.819011941268674e-06,0
17,17,138,-6.373524958031985e-06,0
17,17,139,-2.203098599042462e-05,0
17,17,140,-6.373677537137066e-06,0
17,17,141,-1.819077739332087e-06,0
17,17,142,-5.056523418179153e-07,0
17,17,143,-1.281132274678199e-07,0
17,17,144,-5.421804602414103e-08,0
17,17,145,-2.532987798143004e-07,0
17,17,146,-1.012933832101777e-06,0
17,17,147,-3.754474884366862e-06,0
17,17,148,-1.330418842604573e-05,0
17,17,149,-3.754438924650903e-06,0
17,17,150,-1.012883425766051e-06,0
17,17,151,-2.532587740212074e-07,0
17,17,152,-5.419700725990164e-08,0
17,17,153,1.370141047424304e-07,0
17,17,154,4.530742603132088e-07,0
17,17,155,1.398420019907582e-06,0
17,17,156,4.378919232766615e-06,0
17,17,157,1.381478831860865e-05,0
17,17,158,4.379189675942047e-06,0
17,17,159,1.398606609215396e-06,0
17,17,160,4.53172772096841e-07,0
17,17,161,1.370551991911915e-07,0
17,17,162,1.832400486044592e-07,0
17,17,163,6.49795361724073e-07,0
17,17,164,2.161519371167955e-06,0
17,17,165,7.284172281569201e-06,0
17,17,166,2.498733423664791e-05,0
17,17,167,7.284396445034271e-06,0
17,17,168,2.161672597804946e-06,0
17,17,169,6.498740280879308e-07,0
17,17,170,1.83271667864981e-07,0
18,16,0,-0.6921552321019626,0
18,16,1,0.2339134076999538,0
18,16,2,0.1751862825097076,0
18,16,3,-0.200045856201419,0
18,16,4,0.6273580949635713,0
18,16,5,-0.8515724068882587,0
18,16,6,0.564240069938986,0
18,16,7,-0.1192614729624179,0
18,16,8,-0.1046100440565136,0
18,16,9,-0.02689003497149794,0
18,16,10,-0.4537842258414481,0
18,16,11,0.7646084397729949,0
18,16,12,0.3987295571030623,0
18,16,13,-0.05405772424994529,0
18,16,14,-0.3288397474450176,0
18,16,15,-0.232012106098501,0
18,16,16,-0.2565919955142087,0
18,16,17,0.5890358987159092,0
18,16,18,-0.6632817159817654,0
18,16,19,0.4823575689968332,0
18,16,20,-0.3140754088218696,0
18,16,21,-0.2571369718619338,0
18,16,22,0.6006765960891668,0
18,16,23,-0.6558923286066164,0
18,16,24,-0.05771261338831184,0
18,16,25,0.1564159768908984,0
18,16,26,-0.06852816339014633,0
18,16,27,0.02718775333369981,0
18,16,28,-0.007851293855089408,0
18,16,29,0.3731807487937952,0
18,16,30,-0.1978026841034168,0
18,16,31,-0.03256758257573575,0
18,16,32,-0.710548415800508,0
18,16,33,0.2295727238461564,0
18,16,34,0.5548757299297168,0
18,16,35,0.07800312738520335,0
18,16,36,0.3508365685077406,0
18,16,37,-0.1884812319076376,0
18,16,38,0.5995881566808117,0
18,16,39,-0.555048861627269,0
18,16,40,0.1421212093389378,0
18,16,41,-0.6376928994097278,0
18,16,42,0.07870105833253521,0
18,16,43,0.1206081375568466,0
18,16,44,0.7069861660981075,0
18,16,45,0.04181599684383312,0
18,16,46,-0.8178171096238448,0
18,16,47,-0.3151227469396449,0
18,16,48,-0.2651203747783229,0
18,16,49,0.6227516355675041,0
18,16,50,-0.2231542455855393,0
18,16,51,0.4869388987083547,0
18,16,52,-0.158738961495046,0
18,16,53,0.1460822240790185,0
18,16,54,-0.08837874845030487,0
18,16,55,0.4540740873451536,0
18,16,56,-0.1305332958032503,0
18,16,57,0.2237520656146412,0
18,16,58,-0.1735305998774679,0
18,16,59,-0.07027789592714012,0
18,16,60,0.5027938881779224,0
18,16,61,0.750438150807183,0
18,16,62,-0.2617221464185004,0
18,16,63,-0.4801350518832336,0
18,16,64,0.2639063788898558,0
18,16,65,-0.5028127012710993,0
18,16,66,0.4608482625557514,0
18,16,67,-0.09071508571356821,0
18,16,68,-0.2070458201452616,0
18,16,69,0.3049107904548106,0
18,16,70,-0.2426049216407657,0
18,16,71,0.1981789565611672,0
18,16,72,-0.3200592294283379,0
18,16,73,-0.7177301967244387,0
18,16,74,0.6971956112440949,0
18,16,75,-0.0911195540298647,0
18,16,76,0.436097648885229,0
18,16,77,-0.02329536919340363,0
18,16,78,-0.1659100534808509,0
18,16,79,0.1076514309011577,0
18,16,80,-0.2062817578434786,0
18,16,81,0.07420533124303827,0
18,16,82,0.883255734991594,0
18,16,83,-0.5501230132344621,0
18,16,84,-0.0546190127961997,0
18,16,85,-0.6266843440364304,0
18,16,86,0.5653649426662496,0
18,16,87,0.7679639109834038,0
18,16,88,-0.586804183836741,0
18,16,89,0.385021945147659,0
18,16,90,-0.9107839569147796,0
18,16,91,0.008416980839067015,0
18,16,92,0.6480382157466232,0
18,16,93,0.1789141068920748,0
18,16,94,0.466393099504272,0
18,16,95,-1,0
18,16,96,0.1814912834446193,0
18,16,97,-0.242545570842345,0
18,16,98,0.003096328572209514,0
18,16,99,-0.4105346727335124,0
18,16,100,0.1881398998646865,0
18,16,101,0.01195883085315849,0
18,16,102,0.3915890637964494,0
18,16,103,0.1272627468771154,0
18,16,104,-0.2867470105848064,0
18,16,105,0.2046410004407321,0
18,16,106,-0.4146962496962019,0
18,16,107,0.6721829797646152,0
18,16,108,-0.3859707336464139,0
18,16,109,-0.04063412986195588,0
18,16,110,0.3015159906435376,0
18,16,111,-0.2511539825472553,0
18,16,112,0.4685974706026801,0
18,16,113,-0.5672007010638934,0
18,16,114,-0.01670325807938486,0
18,16,115,-0.1706674102491922,0
18,16,116,0.4363087811851469,0
18,16,117,-0.2972832299563735,0
18,16,118,0.3540327524745308,0
18,16,119,-0.5235688256324158,0
18,16,120,-0.7634031879462325,0
18,16,121,0.4720977798606884,0
18,16,122,-0.1231567455915005,0
18,16,123,0.3665283669471043,0
18,16,124,-0.05416962606196837,0
18,16,125,0.06989094422001239,0
18,16,126,-0.06135241001991867,0
18,16,127,0.1397555228666642,0
18,16,128,0.61812397215593,0
18,16,129,-0.4500411458334647,0
18,16,130,0.2073147717740371,0
18,16,131,-0.448416960141937,0
18,16,132,-0.456296928632613,0
18,16,133,0.2851845141942541,0
18,16,134,0.2491352052958371,0
18,16,135,4.097918060898504e-07,0
18,16,136,1.245563949629211e-06,0
18,16,137,3.629125251407552e-06,0
18,16,138,1.156654441883351e-05,0
18,16,139,4.0862636573863e-05,0
18,16,140,1.156687611135962e-05,0
18,16,141,3.629363894703937e-06,0
18,16,142,1.245700305930943e-06,0
18,16,143,4.09853107601416e-07,0
18,16,144,4.745953249126895e-07,0
18,16,145,1.237578427757559e-06,0
18,16,146,2.760070376149712e-06,0
18,16,147,5.833906720890529e-06,0
18,16,148,1.066903257901437e-05,0
18,16,149,5.834081648928602e-06,0
18,16,150,2.760271223954399e-06,0
18,16,151,1.237724458750987e-06,0
18,16,152,4.746684207128986e-07,0
18,16,153,3.058605194564518e-07,0
18,16,154,6.145304518261055e-07,0
18,16,155,6.347130377016603e-07,0
18,16,156,-1.324869084464528e-06,0
18,16,157,-1.313648006998434e-05,0
18,16,158,-1.324819118934304e-06,0
18,16,159,6.34822030791181e-07,0
18,16,160,6.146297109132091e-07,0
18,16,161,3.059149698911187e-07,0
18,16,162,1.348839174778227e-07,0
18,16,163,2.252260088889165e-07,0
18,16,164,1.130341714759482e-07,0
18,16,165,-5.036363208122633e-07,0
18,16,166,-7.282674620987396e-07,0
18,16,167,-5.03601927711567e-07,0
18,16,168,1.13088093092686e-07,0
18,16,169,2.252755799380135e-07,0
18,16,170,1.349116135246295e-07,0
19,18,0,0.1796946676640221,0
19,18,1,0.09564377146261779,0
19,18,2,-0.5426543294637844,0
19,18,3,-0.1977319392099496,0
19,18,4,-0.0995388690952547,0
19,18,5,0.3355433184860286,0
19,18,6,0.2682304025609154,0
19,18,7,0.08997949904859225,0
19,18,8,-0.3768633275808717,0
19,18,9,0.03731157645818517,0
19,18,10,-0.2632380689449996,0
19,18,11,0.4083414185396264,0
19,18,12,0.03493341390088261,0
19,18,13,-0.005997492258909062,0
19,18,14,-0.07863482898792512,0
19,18,15,-0.3213350188011848,0
19,18,16,0.09110346432947647,0
19,18,17,0.1126430037473044,0
19,18,18,0.03620272043900103,0
19,18,19,0.2615673257635193,0
19,18,20,-0.4000460850764375,0
19,18,21,-0.2378267921619684,0
19,18,22,0.01641715082268009,0
19,18,23,0.2222156162912767,0
19,18,24,-0.2701575189308588,0
19,18,25,0.3140559645349196,0
19,18,26,-0.2573254108822362,0
19,18,27,0.19418519271919,0
19,18,28,-0.2182520040620636,0
19,18,29,-0.8932092010728656,0
19,18,30,0.3930240985593478,0
19,18,31,0.5257756603676558,0
19,18,32,0.5685608795796974,0
19,18,33,0.2782626280092904,0
19,18,34,-0.7649190528775821,0
19,18,35,-0.5791271744693524,0
19,18,36,-0.1347484786778796,0
19,18,37,0.8122481479773921,0
19,18,38,0.5000521394893251,0
19,18,39,0.1317302569611297,0
19,18,40,-0.7131155323530946,0
19,18,41,-0.2887849479129562,0
19,18,42,-0.2212028210793378,0
19,18,43,0.4820549002276593,0
19,18,44,0.2828648865711156,0
19,18,45,0.1349716932895944,0
19,18,46,-0.5102269726562665,0
19,18,47,-0.3629232382566705,0
19,18,48,0.005530424385422207,0
19,18,49,0.4910775012484424,0
19,18,50,0.4103386459249442,0
19,18,51,-0.004331142038997494,0
19,18,52,-0.273090555893022,0
19,18,53,-0.2078166216019276,0
19,18,54,-0.1554678212738135,0
19,18,55,0.4506004606490788,0
19,18,56,0.2006630052094695,0
19,18,57,-0.1033325156122992,0
19,18,58,1,0
19,18,59,-0.5362566988361364,0
19,18,60,-0.2061034776183198,0
19,18,61,-0.622260193393344,0
19,18,62,-0.2187389299873733,0
19,18,63,0.9362161091813649,0
19,18,64,0.9330935926327851,0
19,18,65,-0.1926217304611099,0
19,18,66,-0.631829753181115,0
19,18,67,-0.8312916629682412,0
19,18,68,-0.07061903481093411,0
19,18,69,0.7957423941333214,0
19,18,70,0.478699784893178,0
19,18,71,0.2404611593361992,0
19,18,72,-0.7554157471340095,0
19,18,73,-0.6474677916777816,0
19,18,74,0.05423855748885941,0
19,18,75,0.5759597004191931,0
19,18,76,0.7057921854549234,0
19,18,77,0.02599003202121601,0
19,18,78,-0.6472140806402855,0
19,18,79,-0.3091054895111029,0
19,18,80,-0.3079997242470129,0
19,18,81,0.6621683642433611,0
19,18,82,0.4077081215407853,0
19,18,83,-0.03116276084158102,0
19,18,84,-0.4899262603264438,0
19,18,85,-0.2066637740319966,0
19,18,86,0.1738156498725263,0
19,18,87,-0.4714019125145743,0
19,18,88,0.3975156239570924,0
19,18,89,-0.3969092175566609,0
19,18,90,0.7072467573013117,0
19,18,91,-0.2164164788909484,0
19,18,92,-0.5796999477528118,0
19,18,93,-0.6907739304309073,0
19,18,94,0.09143392299889391,0
19,18,95,0.3237976522600456,0
19,18,96,0.6293707188214164,0
19,18,97,-0.02618256302309968,0
19,18,98,-0.6302865868485814,0
19,18,99,-0.5587989853271886,0
19,18,100,0.07853289579381412,0
19,18,101,0.4158126819029351,0
19,18,102,0.637223742270416,0
19,18,103,-0.1230945817022881,0
19,18,104,-0.3117153913869354,0
19,18,105,-0.618086114341304,0
19,18,106,0.02344487373587053,0
19,18,107,0.5514080597035271,0
19,18,108,0.4831964203838967,0
19,18,109,0.0019361754000384,0
19,18,110,-0.4863144984838214,0
19,18,111,-0.6254097343750192,0
19,18,112,0.1252912643146929,0
19,18,113,0.3059195828630448,0
19,18,114,0.3571894799488573,0
19,18,115,-0.402306118874633,0
19,18,116,-0.4972919836805578,0
19,18,117,0.3428062472567786,0
19,18,118,-0.5269833513186765,0
19,18,119,0.629988282423771,0
19,18,120,0.0278205524640162,0
19,18,121,0.1130167163760669,0
19,18,122,-0.4346681031276527,0
19,18,123,0.3782031793163892,0
19,18,124,0.2222061256892742,0
19,18,125,-0.04097375130909053,0
19,18,126,-0.09203985054378898,0
19,18,127,0.04508599687597459,0
19,18,128,0.3450284209516987,0
19,18,129,-0.2977328664984474,0
19,18,130,-0.2903623442021843,0
19,18,131,0.1377009728213215,0
19,18,132,0.1587719947554306,0
19,18,133,-0.04296847079230088,0
19,18,134,0.06291954604834996,0
19,18,135,-1.542595412943425e-07,0
19,18,136,-3.582080338632071e-07,0
19,18,137,-4.895257772322839e-07,0
19,18,138,8.484873143335284e-07,0
19,18,139,1.289534694779104e-05,0
19,18,140,8.483330753399523e-07,0
19,18,141,-4.896530594079569e-07,0
19,18,142,-3.582841374454301e-07,0
19,18,143,-1.542940611823672e-07,0
19,18,144,-2.682956224245576e-07,0
19,18,145,-7.753075975316472e-07,0
19,18,146,-2.169332025244552e-06,0
19,18,147,-6.977359021464046e-06,0
19,18,148,-2.641521055295039e-05,0
19,18,149,-6.977610630155689e-06,0
19,18,150,-2.169506766603493e-06,0
19,18,151,-7.754078127165713e-07,0
19,18,152,-2.683409864244165e-07,0
19,18,153,-1.890052926850202e-07,0
19,18,154,-4.740238568690278e-07,0
19,18,155,-1.084067250490359e-06,0
19,18,156,-2.953932094915006e-06,0
19,18,157,-1.068080188213453e-05,0
19,18,158,-2.95392218800543e-06,0
19,18,159,-1.084110408238121e-06,0
19,18,160,-4.740722321289131e-07,0
19,18,161,-1.890331768495907e-07,0
19,18,162,-3.196341965363994e-08,0
19,18,163,9.048721752000435e-08,0
19,18,164,1.021589063246646e-06,0
19,18,165,5.813624315226746e-06,0
19,18,166,2.860790607361464e-05,0
19,18,167,5.813751690627341e-06,0
19,18,168,1.02162576416074e-06,0
19,18,169,9.048269689645229e-08,0
19,18,170,-3.197207831869625e-08,0
20,19,0,0.3699393771677915,0
20,19,1,-0.3012659968298966,0
20,19,2,0.4064017048252157,0
20,19,3,0.226685765848882,0
20,19,4,-0.3715189510658712,0
20,19,5,0.3122297959560648,0
20,19,6,-0.06026873254033937,0
20,19,7,-0.1228851364552923,0
20,19,8,0.1454350583249822,0
20,19,9,-0.8056134827342256,0
20,19,10,0.378692864075287,0
20,19,11,0.03031461752415506,0
20,19,12,0.4053289059216639,0
20,19,13,0.5133587074923233,0
20,19,14,-1,0
20,19,15,0.5231319946513613,0
20,19,16,-0.6635349408179331,0
20,19,17,0.667834752727386,0
20,19,18,-0.1072050890373198,0
20,19,19,-0.3320154522814408,0
20,19,20,0.3992277746068961,0
20,19,21,-0.1372082868512209,0
20,19,22,0.2068062223198029,0
20,19,23,-0.267485441651246,0
20,19,24,-0.0610803102685779,0
20,19,25,0.1166209876453302,0
20,19,26,-0.07007269533022718,0
20,19,27,0.03730791123964265,0
20,19,28,-0.02559736008645414,0
20,19,29,0.4765848895549041,0
20,19,30,-0.4993571734808853,0
20,19,31,0.4511601639785955,0
20,19,32,-0.03215916211323028,0
20,19,33,-0.312127113350011,0
20,19,34,0.02669770647237751,0
20,19,35,0.05467050956264578,0
20,19,36,0.1041919308996972,0
20,19,37,-0.4878858463425405,0
20,19,38,0.2279401336778557,0
20,19,39,-0.1190251744073255,0
20,19,40,-0.05222142896950471,0
20,19,41,-0.8016346730778738,0
20,19,42,0.4069850737690719,0
20,19,43,0.5534204740893933,0
20,19,44,0.6071196630913588,0
20,19,45,-0.04627393323130562,0
20,19,46,-0.2746379648160723,0
20,19,47,-0.06755282145965648,0
20,19,48,-0.4479721315577355,0
20,19,49,0.167378940064331,0
20,19,50,-0.1645926073174442,0
20,19,51,0.393693499897446,0
20,19,52,-0.5540536765674483,0
20,19,53,0.05295095446534154,0
20,19,54,0.009469402655797342,0
20,19,55,0.1920184427235852,0
20,19,56,-0.06334702347634254,0
20,19,57,0.1368346958524018,0
20,19,58,0.5220574572826637,0
20,19,59,-0.4062793839667024,0
20,19,60,0.06571828338512599,0
20,19,61,-0.5806976492307055,0
20,19,62,-0.06735949960557717,0
20,19,63,0.2547531956935511,0
20,19,64,-0.5311929268522307,0
20,19,65,0.8789301989446521,0
20,19,66,-0.6530586598209639,0
20,19,67,-0.1018790055795994,0
20,19,68,0.2569288794139984,0
20,19,69,0.134301837356726,0
20,19,70,0.8567833335149356,0
20,19,71,-0.4423795004775621,0
20,19,72,-0.2400505817509922,0
20,19,73,0.03644147417380728,0
20,19,74,-0.4953645155094853,0
20,19,75,0.5031302328629388,0
20,19,76,-0.4303585124998364,0
20,19,77,0.08604406858721236,0
20,19,78,0.1109540685568861,0
20,19,79,-0.5190360768627077,0
20,19,80,0.7946781718636599,0
20,19,81,-0.4619207312433063,0
20,19,82,0.5163893708235325,0
20,19,83,-0.06902879468398196,0
20,19,84,0.009717029420111751,0
20,19,85,-0.4491433434648141,0
20,19,86,0.4639621033826826,0
20,19,87,-0.03103924007222727,0
20,19,88,0.0158537222262098,0
20,19,89,-0.0714171954293613,0
20,19,90,-0.04762854208108333,0
20,19,91,-0.00963486770536982,0
20,19,92,-0.1198239425852342,0
20,19,93,-0.1991736373222449,0
20,19,94,0.3747379865021238,0
20,19,95,-0.1395707707266365,0
20,19,96,0.7454794484035182,0
20,19,97,-0.3826871227326785,0
20,19,98,0.2789932831518577,0
20,19,99,-0.665171625483833,0
20,19,100,-0.2545496465851985,0
20,19,101,0.8961633096849888,0
20,19,102,0.09331862698817825,0
20,19,103,0.4054017233807525,0
20,19,104,-0.9069426269499656,0
20,19,105,0.1732503127991994,0
20,19,106,-0.106133276568495,0
20,19,107,-0.1634951265029525,0
20,19,108,-0.1126871784956039,0
20,19,109,0.0677896640581415,0
20,19,110,0.1854113112557005,0
20,19,111,0.4215481518956653,0
20,19,112,-0.2083807817307235,0
20,19,113,0.1761533677535266,0
20,19,114,-0.4870722607822116,0
20,19,115,0.3726359241775828,0
20,19,116,-0.1059912652570171,0
20,19,117,0.07132682036049616,0
20,19,118,-0.1477333272518741,0
20,19,119,0.1536714331127039,0
20,19,120,-0.02400431454268387,0
20,19,121,0.1234042115932922,0
20,19,122,0.4729725431072128,0
20,19,123,-0.2945590240546923,0
20,19,124,0.6057365878470404,0
20,19,125,-0.7828395152827859,0
20,19,126,-0.7773133966729324,0
20,19,127,0.3944097717486667,0
20,19,128,-0.2365462038080772,0
20,19,129,0.5278350722176107,0
20,19,130,0.1991240185699928,0
20,19,131,-0.04731544560835334,0
20,19,132,0.2558178688616051,0
20,19,133,-0.2729083766788283,0
20,19,134,-0.2486057411626868,0
20,19,135,2.542529163141581e-06,0
20,19,136,6.246408777767027e-06,0
20,19,137,1.273157303793078e-05,0
20,19,138,2.451950932750754e-05,0
20,19,139,4.477880247386228e-05,0
20,19,140,2.452134895369424e-05,0
20,19,141,1.273335908989485e-05,0
20,19,142,6.247637130064897e-06,0
20,19,143,2.543137514469104e-06,0
20,19,144,4.144750485259303e-06,0
20,19,145,1.024088230394762e-05,0
20,19,146,2.11697347990114e-05,0
20,19,147,4.218077674213871e-05,0
20,19,148,8.388506925176268e-05,0
20,19,149,4.218359844366168e-05,0
20,19,150,2.117248418230253e-05,0
20,19,151,1.024277634617029e-05,0
20,19,152,4.145683343769628e-06,0
20,19,153,4.166913788956735e-06,0
20,19,154,1.032222156220267e-05,0
20,19,155,2.144415154254321e-05,0
20,19,156,4.308616113917254e-05,0
20,19,157,8.677577347663872e-05,0
20,19,158,4.308879988489208e-05,0
20,19,159,2.144675127859691e-05,0
20,19,160,1.032402076491484e-05,0
20,19,161,4.167796535346914e-06,0
20,19,162,2.57899890134834e-06,0
20,19,163,6.381903890749484e-06,0
20,19,164,1.320002331056844e-05,0
20,19,165,2.613843718961883e-05,0
20,19,166,5.042719520402858e-05,0
20,19,167,2.613992763076279e-05,0
20,19,168,1.320152392796786e-05,0
20,19,169,6.382951765791078e-06,0
20,19,170,2.579510853957284e-06,0
21,20,0,0.5174111444492445,0
21,20,1,-0.3067720828527167,0
21,20,2,0.2032755217158135,0
21,20,3,-0.7221587982155123,0
21,20,4,-0.14566608078114,0
21,20,5,0.7003446715245509,0
21,20,6,-0.1390278503143326,0
21,20,7,0.7369629629008075,0
21,20,8,-1,0
21,20,9,0.2448748067944672,0
21,20,10,-0.0855511773653566,0
21,20,11,0.1086933101710278,0
21,20,12,0.1113310225510998,0
21,20,13,-0.2523347269377012,0
21,20,14,0.2619751072981931,0
21,20,15,0.1203848247254223,0
21,20,16,-0.1096078323406784,0
21,20,17,-0.001122086771846108,0
21,20,18,-0.823390494100094,0
21,20,19,0.2316103971864978,0
21,20,20,0.287772054801216,0
21,20,21,-0.1924374673445915,0
21,20,22,0.8088391000396841,0
21,20,23,-0.9105294535558874,0
21,20,24,0.1623133359265911,0
21,20,25,-0.01990948991392177,0
21,20,26,0.09577108134837217,0
21,20,27,-0.1487544500180824,0
21,20,28,0.2000734608132289,0
21,20,29,0.240846349284938,0
21,20,30,-0.07592038526582745,0
21,20,31,-0.3041786653515969,0
21,20,32,0.5651840335666229,0
21,20,33,-0.5680535468348983,0
21,20,34,-0.120114697312063,0
21,20,35,-0.7885514165835799,0
21,20,36,0.3662859894434413,0
21,20,37,0.2285631196779168,0
21,20,38,0.3970990702362779,0
21,20,39,0.1907226716910999,0
21,20,40,-0.1415217730903311,0
21,20,41,-0.0150849372785373,0
21,20,42,-0.4318332431034556,0
21,20,43,0.4885595017568455,0
21,20,44,-0.07598218434523385,0
21,20,45,0.1956847943586562,0
21,20,46,-0.4264979655636291,0
21,20,47,0.4431711963477161,0
21,20,48,-0.2231320026385104,0
21,20,49,-0.152699780583038,0
21,20,50,-0.5246296698137156,0
21,20,51,0.1862066169561687,0
21,20,52,0.498008433062267,0
21,20,53,0.3755278340469925,0
21,20,54,0.0123975266538001,0
21,20,55,0.0679103082538814,0
21,20,56,-0.3850156818005732,0
21,20,57,0.3770819602570514,0
21,20,58,-0.4467559081152858,0
21,20,59,0.4420066410019157,0
21,20,60,-0.3891870720754083,0
21,20,61,-0.5136745150419569,0
21,20,62,0.4820063798866002,0
21,20,63,-0.001653485406701633,0
21,20,64,0.1383036948087317,0
21,20,65,0.2385843858005778,0
21,20,66,-0.4230572980148457,0
21,20,67,0.486254276008901,0
21,20,68,-0.2458152317293985,0
21,20,69,0.02243865689277819,0
21,20,70,0.1205402593284322,0
21,20,71,-0.632657138494903,0
21,20,72,0.5459955951386897,0
21,20,73,-0.5291952792251073,0
21,20,74,0.4754090265375771,0
21,20,75,-0.3607709416002229,0
21,20,76,-0.1487487530998605,0
21,20,77,0.3931702524459079,0
21,20,78,-0.04527809413566797,0
21,20,79,0.4737427139898974,0
21,20,80,-0.3078005741960911,0
21,20,81,-0.06966916987355139,0
21,20,82,0.470541691987693,0
21,20,83,-0.4504883801208734,0
21,20,84,-0.06441299464035258,0
21,20,85,-0.4571456135991596,0
21,20,86,0.2753954956808004,0
21,20,87,-0.4148599352904737,0
21,20,88,0.4013387530837071,0
21,20,89,-0.2280393059402985,0
21,20,90,0.628866098872937,0
21,20,91,-0.03861152150786585,0
21,20,92,-0.1723782886166232,0
21,20,93,-0.3513484266525602,0
21,20,94,-0.3124169291844944,0
21,20,95,0.964277982851768,0
21,20,96,-0.08181696728493137,0
21,20,97,0.2748553142159987,0
21,20,98,-0.2457632813525938,0
21,20,99,0.2377047342706699,0
21,20,100,-0.2115713709482543,0
21,20,101,-0.1379193063705607,0
21,20,102,-0.5014858923374065,0
21,20,103,0.2814338521348126,0
21,20,104,-0.07483773338182058,0
21,20,105,0.6400026907102284,0
21,20,106,0.07549029245655477,0
21,20,107,-0.3499488660086613,0
21,20,108,-0.3208498618588451,0
21,20,109,-0.4782114146425165,0
21,20,110,0.9825729470969518,0
21,20,111,-0.5386308953129985,0
21,20,112,0.5926811094602772,0
21,20,113,-0.4495907819109418,0
21,20,114,0.3040195112107791,0
21,20,115,-0.4089892191403722,0
21,20,116,-0.2091709527245578,0
21,20,117,0.1739109907503444,0
21,20,118,0.1037184134428614,0
21,20,119,0.1073239126300826,0
21,20,120,0.8259771413373522,0
21,20,121,-0.7560867626656126,0
21,20,122,-0.1184568548423196,0
21,20,123,-0.2402559430999034,0
21,20,124,-0.1971499251864362,0
21,20,125,0.1921730372984059,0
21,20,126,-0.1771195159152596,0
21,20,127,0.2055550286688399,0
21,20,128,-0.04843044360521954,0
21,20,129,0.2326558973056689,0
21,20,130,0.7721846813243006,0
21,20,131,-0.6955614184582454,0
21,20,132,-0.324023836241366,0
21,20,133,-0.05243093403478807,0
21,20,134,0.3003913278103203,0
21,20,135,8.522020399941417e-08,0
21,20,136,5.489587388148094e-07,0
21,20,137,2.53463540279774e-06,0
21,20,138,1.011506612387097e-05,0
21,20,139,3.785273066203327e-05,0
21,20,140,1.011524459829642e-05,0
21,20,141,2.534656364288643e-06,0
21,20,142,5.489182837853453e-07,0
21,20,143,8.518722456027649e-08,0
21,20,144,-1.361508472430547e-07,0
21,20,145,-1.347836617839111e-07,0
21,20,146,5.378499289050709e-07,0
21,20,147,3.904099430153921e-06,0
21,20,148,1.691050266525673e-05,0
21,20,149,3.903866446027656e-06,0
21,20,150,5.375997634932319e-07,0
21,20,151,-1.349642836269436e-07,0
21,20,152,-1.362419905626748e-07,0
21,20,153,-4.689408651238546e-07,0
21,20,154,-1.362303827428757e-06,0
21,20,155,-3.640804439253306e-06,0
21,20,156,-1.011523884128916e-05,0
21,20,157,-2.93538832602633e-05,0
21,20,158,-1.01158805259121e-05,0
21,20,159,-3.64129152569415e-06,0
21,20,160,-1.362585074457662e-06,0
21,20,161,-4.690656247342013e-07,0
21,20,162,-4.580168751919856e-07,0
21,20,163,-1.468063224665162e-06,0
21,20,164,-4.421308978024996e-06,0
21,20,165,-1.379717548088347e-05,0
21,20,166,-4.475415057015225e-05,0
21,20,167,-1.379766336766703e-05,0
21,20,168,-4.421671024978131e-06,0
21,20,169,-1.468265181514925e-06,0
21,20,170,-4.581032584290875e-07,0
22,22,0,-0.05672212000316736,0
22,22,1,-0.2648900490264198,0
22,22,2,0.7596450178894453,0
22,22,3,-0.317151432185798,0
22,22,4,0.2355438746068471,0
22,22,5,-0.1178058144202728,0
22,22,6,-0.3365435597402486,0
22,22,7,0.4076625642542733,0
22,22,8,-0.195144467681672,0
22,22,9,0.2919866566628047,0
22,22,10,0.134146762086074,0
22,22,11,-0.2879212237188063,0
22,22,12,0.3798811790473395,0
22,22,13,-0.4676807196801589,0
22,22,14,0.327921494649565,0
22,22,15,-0.7359261491780853,0
22,22,16,0.02044686882455399,0
22,22,17,0.4146144675683845,0
22,22,18,0.5914113534452877,0
22,22,19,0.4827305961498037,0
22,22,20,-1,0
22,22,21,0.4174926366022402,0
22,22,22,-0.8655813942796844,0
22,22,23,0.8156931853818465,0
22,22,24,-0.0003051178421409284,0
22,22,25,-0.2547486774067316,0
22,22,26,0.08322402688640236,0
22,22,27,0.04884762881199004,0
22,22,28,-0.1198868225961737,0
22,22,29,0.9542345055235949,0
22,22,30,-0.8513015153262721,0
22,22,31,0.1882071023787728,0
22,22,32,-0.2396815624016171,0
22,22,33,-0.4020861841560647,0
22,22,34,0.2188622526782047,0
22,22,35,0.2284611646357414,0
22,22,36,0.2372017667581676,0
22,22,37,-0.4033973629567409,0
22,22,38,-0.2159214561122424,0
22,22,39,-0.1474978227299454,0
22,22,40,0.6532037539595537,0
22,22,41,0.1223882025104916,0
22,22,42,-0.007553429063185341,0
22,22,43,-0.1853326241104521,0
22,22,44,0.2841580076512903,0
22,22,45,-0.2719160687396502,0
22,22,46,-0.2759285966911834,0
22,22,47,-0.6855499477733207,0
22,22,48,0.5250331102884286,0
22,22,49,0.2304972748020594,0
22,22,50,0.4583736770394352,0
22,22,51,-0.2040416041640588,0
22,22,52,-0.01696673702137867,0
22,22,53,-0.3826756422857572,0
22,22,54,-0.01717980778888639,0
22,22,55,-0.1396763567954108,0
22,22,56,0.4548415943920944,0
22,22,57,-0.5010702354999,0
22,22,58,-0.01989918590517356,0
22,22,59,-0.01180277986090386,0
22,22,60,-0.1314858576114397,0
22,22,61,-0.6002564617629467,0
22,22,62,0.2615124259234847,0
22,22,63,-0.08023129516437195,0
22,22,64,-0.08501680680548959,0
22,22,65,0.7723314701880802,0
22,22,66,-0.6934554601150829,0
22,22,67,0.656627813239015,0
22,22,68,-0.664340162338196,0
22,22,69,0.3141641344301843,0
22,22,70,-0.2125150203985694,0
22,22,71,-0.1680495025998519,0
22,22,72,0.0374892593079968,0
22,22,73,-0.5342825624441147,0
22,22,74,0.5058207471388432,0
22,22,75,0.004464449258329567,0
22,22,76,0.4217493960812008,0
22,22,77,0.09356889884201519,0
22,22,78,-0.3143198397214099,0
22,22,79,0.3385589589665839,0
22,22,80,-0.5057548600914858,0
22,22,81,0.2705900682633298,0
22,22,82,-0.6867760131204034,0
22,22,83,0.09069581827584894,0
22,22,84,0.3704481295952727,0
22,22,85,0.792102545667885,0
22,22,86,-0.5537763686325147,0
22,22,87,-0.1809452196463073,0
22,22,88,0.1689793062181336,0
22,22,89,-0.06774635124318976,0
22,22,90,0.03275036233594913,0
22,22,91,0.1165823066883419,0
22,22,92,-0.02653877858268892,0
22,22,93,-0.2684372342426576,0
22,22,94,0.2523828092033725,0
22,22,95,0.3504091121902757,0
22,22,96,0.293019718164261,0
22,22,97,-0.2238256486995575,0
22,22,98,0.2322678503059539,0
22,22,99,-0.6171012973804176,0
22,22,100,0.09761259828551812,0
22,22,101,0.1351105983780626,0
22,22,102,0.6050554063411022,0
22,22,103,0.3573342755276429,0
22,22,104,-0.8701863064664344,0
22,22,105,-0.2231549909249903,0
22,22,106,-0.4762224316104715,0
22,22,107,0.9884207910742948,0
22,22,108,-0.07221851684205104,0
22,22,109,0.1537244646785549,0
22,22,110,-0.2640862962293908,0
22,22,111,0.3351339512734932,0
22,22,112,-0.1332214112746079,0
22,22,113,-0.3854118719504415,0
22,22,114,-0.007816119447956711,0
22,22,115,0.1358522251926486,0
22,22,116,-0.0354681995295866,0
22,22,117,0.04421404439064083,0
22,22,118,0.1586061940853468,0
22,22,119,-0.05231770018647042,0
22,22,120,0.5304200746113547,0
22,22,121,-0.4856030510839523,0
22,22,122,0.3718632027430743,0
22,22,123,-0.5483011826312988,0
22,22,124,-0.0812230821926621,0
22,22,125,-0.1999843606011694,0
22,22,126,-0.5466307211552799,0
22,22,127,0.6859286837735161,0
22,22,128,0.7944253937871016,0
22,22,129,-0.5327190109012766,0
22,22,130,-0.2765112945941217,0
22,22,131,-0.1671392936606249,0
22,22,132,-0.4637482985103434,0
22,22,133,0.5485702587623111,0
22,22,134,0.1904514904060727,0
22,22,135,8.294862807652723e-07,0
22,22,136,2.106992876520682e-06,0
22,22,137,4.635441984760164e-06,0
22,22,138,1.056649310537369e-05,0
22,22,139,2.784669759292412e-05,0
22,22,140,1.056712571080403e-05,0
22,22,141,4.636043471215114e-06,0
22,22,142,2.107400965116696e-06,0
22,22,143,8.296869343435785e-07,0
22,22,144,1.296208939169719e-06,0
22,22,145,3.201041448095629e-06,0
22,22,146,6.515452408795719e-06,0
22,22,147,1.194158922053075e-05,0
22,22,148,1.573926109776205e-05,0
22,22,149,1.194250503182767e-05,0
22,22,150,6.516343579398895e-06,0
22,22,151,3.201654701093736e-06,0
22,22,152,1.2965107888772e-06,0
22,22,153,1.270132681705397e-06,0
22,22,154,3.153787905934092e-06,0
22,22,155,6.685908876921229e-06,0
22,22,156,1.463760038159578e-05,0
22,22,157,3.828525821724583e-05,0
22,22,158,1.463841519711e-05,0
22,22,159,6.686718558171872e-06,0
22,22,160,3.154354108801922e-06,0
22,22,161,1.270412239954403e-06,0
22,22,162,7.472705066883991e-07,0
22,22,163,1.771694899189606e-06,0
22,22,164,3.27737944297405e-06,0
22,22,165,4.621658734894605e-06,0
22,22,166,-6.929392974642521e-07,0
22,22,167,4.622037599650956e-06,0
22,22,168,3.277812020394473e-06,0
22,22,169,1.772012631558127e-06,0
22,22,170,7.474289893523777e-07,0
23,21,0,-0.1550562203431313,0
23,21,1,0.05081493508602167,0
23,21,2,0.07281347910645834,0
23,21,3,-0.4871099917782944,0
23,21,4,0.3460532550243759,0
23,21,5,-0.04749075284342081,0
23,21,6,0.7367526555487648,0
23,21,7,0.1076990674745633,0
23,21,8,-0.6049137210475108,0
23,21,9,-0.2320467550397027,0
23,21,10,-0.6458659769734624,0
23,21,11,1,0
23,21,12,0.03758019724261185,0
23,21,13,0.330229746935332,0
23,21,14,-0.5938715953540658,0
23,21,15,0.2921104169550308,0
23,21,16,-0.2269238828486583,0
23,21,17,0.1266748806580719,0
23,21,18,0.6456517641348094,0
23,21,19,-0.5286811725277379,0
23,21,20,0.07332124223499484,0
23,21,21,0.2655944030277083,0
23,21,22,-0.6639953913961631,0
23,21,23,0.4393689152094635,0
23,21,24,0.003671527543598225,0
23,21,25,-0.1422617372619771,0
23,21,26,-0.002347897518452686,0
23,21,27,0.02353219428986575,0
23,21,28,-0.06244587420705851,0
23,21,29,0.1811468883852666,0
23,21,30,0.04776303106354066,0
23,21,31,-0.4335990196901283,0
23,21,32,0.1281898439382067,0
23,21,33,-0.2017458289475226,0
23,21,34,0.1606220897127485,0
23,21,35,-0.4852254537939138,0
23,21,36,0.2904134758792711,0
23,21,37,0.3262642599201346,0
23,21,38,0.708694161450499,0
23,21,39,-0.3820047494615147,0
23,21,40,-0.3100003011302588,0
23,21,41,-0.6778088791162976,0
23,21,42,0.1632213323020655,0
23,21,43,0.1338199195482492,0
23,21,44,0.2383013663508383,0
23,21,45,0.3145632497749853,0
23,21,46,-0.32503105971655,0
23,21,47,-0.4333443284880483,0
23,21,48,-0.09651928109512171,0
23,21,49,0.4172433513686581,0
23,21,50,0.02344445077777115,0
23,21,51,0.3245258751198242,0
23,21,52,-0.7003673135036328,0
23,21,53,-0.2573131956023251,0
23,21,54,0.1706729235144592,0
23,21,55,-0.1110594779807054,0
23,21,56,0.2466051035466199,0
23,21,57,-0.2064560647801917,0
23,21,58,-0.5429071745839932,0
23,21,59,0.5895806600520707,0
23,21,60,-0.3710847406207378,0
23,21,61,0.1171105053854955,0
23,21,62,0.1876581346438141,0
23,21,63,-0.08455524427833813,0
23,21,64,0.4472940782439228,0
23,21,65,-0.3883483029572311,0
23,21,66,-0.06781471316860944,0
23,21,67,-0.2895642748726961,0
23,21,68,-0.04537510156088165,0
23,21,69,0.219442037538419,0
23,21,70,-0.2690886574385684,0
23,21,71,0.2632959243902755,0
23,21,72,-0.07917246279125853,0
23,21,73,0.317194752198445,0
23,21,74,0.2375751269280711,0
23,21,75,-0.3209780365148727,0
23,21,76,0.1896902675300176,0
23,21,77,-0.6919829661463318,0
23,21,78,0.6173950987281465,0
23,21,79,-0.4965149853734972,0
23,21,80,0.5235024047367749,0
23,21,81,-0.1825704284523011,0
23,21,82,-0.05298120943355411,0
23,21,83,0.2287291245139602,0
23,21,84,0.2667596529447299,0
23,21,85,0.04111379564011208,0
23,21,86,0.1747551053105266,0
23,21,87,-0.292401745434496,0
23,21,88,0.3493980014335717,0
23,21,89,-0.1443104848373394,0
23,21,90,0.4419608346416772,0
23,21,91,-0.05210929271762825,0
23,21,92,0.02229533430503426,0
23,21,93,-0.5104493090039736,0
23,21,94,-0.216702684765021,0
23,21,95,0.7155048244263607,0
23,21,96,0.1230156014636336,0
23,21,97,0.397979224984003,0
23,21,98,-0.7351467715183319,0
23,21,99,0.1793525437822999,0
23,21,100,-0.1732732924838667,0
23,21,101,0.1282438468629963,0
23,21,102,-0.2146709143271576,0
23,21,103,0.02325814014322962,0
23,21,104,0.3107615316905458,0
23,21,105,0.4059608666964532,0
23,21,106,-0.2722450259204467,0
23,21,107,-0.1995235121936845,0
23,21,108,-0.2845477454988583,0
23,21,109,0.02914508496246745,0
23,21,110,-0.04708961956108599,0
23,21,111,0.9698153698594736,0
23,21,112,-0.2840700346806366,0
23,21,113,-0.4638546862358345,0
23,21,114,-0.8931126617359819,0
23,21,115,0.7496414763449145,0
23,21,116,-0.07853679180206459,0
23,21,117,0.09612951647145884,0
23,21,118,0.2661708778571178,0
23,21,119,-0.1043807675680307,0
23,21,120,0.5217830514528734,0
23,21,121,-0.6799378898067968,0
23,21,122,-0.5724164260268989,0
23,21,123,0.3114462057723017,0
23,21,124,0.1228510947757907,0
23,21,125,0.1795408975404643,0
23,21,126,0.2633348666057093,0
23,21,127,-0.3321986908084319,0
23,21,128,-0.2466368557175087,0
23,21,129,0.0725695891391806,0
23,21,130,-0.3347196338484237,0
23,21,131,0.3284537218956654,0
23,21,132,-0.4400518010371864,0
23,21,133,0.6014128161124481,0
23,21,134,-0.07186653183031297,0
23,21,135,2.592310695841504e-07,0
23,21,136,7.821752408043158e-07,0
23,21,137,2.185130495939275e-06,0
23,21,138,6.248895854392945e-06,0
23,21,139,1.781370629092494e-05,0
23,21,140,6.249165014477986e-06,0
23,21,141,2.185312972608958e-06,0
23,21,142,7.822738015674722e-07,0
23,21,143,2.592737319595473e-07,0
23,21,144,3.04894686247792e-07,0
23,21,145,8.516587798000865e-07,0
23,21,146,2.21533557023167e-06,0
23,21,147,6.422936032910176e-06,0
23,21,148,2.229917937917471e-05,0
23,21,149,6.423079015411497e-06,0
23,21,150,2.215475361283404e-06,0
23,21,151,8.517544711391287e-07,0
23,21,152,3.049414101296903e-07,0
23,21,153,1.546826351958362e-07,0
23,21,154,2.595450130678379e-07,0
23,21,155,-5.780052624722895e-08,0
23,21,156,-2.854053212288168e-06,0
23,21,157,-1.892136442938899e-05,0
23,21,158,-2.854098087646564e-06,0
23,21,159,-5.777160120151538e-08,0
23,21,160,2.595909675813722e-07,0
23,21,161,1.547110669427666e-07,0
23,21,162,4.484276978266792e-08,0
23,21,163,9.44835791645025e-09,0
23,21,164,-3.230399831996171e-07,0
23,21,165,-1.381843348267179e-06,0
23,21,166,-2.329279699398709e-06,0
23,21,167,-1.381856125254242e-06,0
23,21,168,-3.230327757226235e-07,0
23,21,169,9.46605411734124e-09,0
23,21,170,4.485506897105732e-08,0
24,23,0,-0.774450107985906,0
24,23,1,0.257076267102275,0
24,23,2,0.3843737971666899,0
24,23,3,-0.4330423082174937,0
24,23,4,0.9229824027103034,0
24,23,5,-0.6671122994198383,0
24,23,6,-0.3933911014378189,0
24,23,7,0.430902377389954,0
24,23,8,0.03033969992758329,0
24,23,9,-0.7042869595176139,0
24,23,10,0.6202723857178988,0
24,23,11,-0.0762998844907344,0
24,23,12,-0.884618962843805,0
24,23,13,0.9763992163402659,0
24,23,14,-0.3023254140907098,0
24,23,15,-0.3113890595305603,0
24,23,16,0.869265544704523,0
24,23,17,-0.4575532272159168,0
24,23,18,-0.4227630066302959,0
24,23,19,0.3369949160736838,0
24,23,20,0.1721345731904813,0
24,23,21,-0.2653093407037375,0
24,23,22,0.4909391198800169,0
24,23,23,-0.2418028188968876,0
24,23,24,-0.1888374123710884,0
24,23,25,0.2613564326169118,0
24,23,26,-0.01523755988675623,0
24,23,27,0.1438267369085406,0
24,23,28,-0.08728935357798255,0
24,23,29,0.6337813747246074,0
24,23,30,-0.439370288425407,0
24,23,31,-0.1435660570100174,0
24,23,32,-0.1235833097696184,0
24,23,33,-0.1544361699407267,0
24,23,34,0.3777058502513563,0
24,23,35,0.5427683147158693,0
24,23,36,-0.3117503662558024,0
24,23,37,0.1802635697285475,0
24,23,38,0.2729716918392609,0
24,23,39,-0.5726552860487306,0
24,23,40,0.4037862554697161,0
24,23,41,0.4515220987833694,0
24,23,42,-0.2857777238207297,0
24,23,43,0.05396724431803174,0
24,23,44,0.2292812902644144,0
24,23,45,-0.4649259906783723,0
24,23,46,0.6509963795824419,0
24,23,47,0.5110157261099649,0
24,23,48,-0.5908000712022718,0
24,23,49,0.2326199845450218,0
24,23,50,0.06691864486881696,0
24,23,51,-0.2994840660511296,0
24,23,52,0.1850405891745047,0
24,23,53,0.2630189864855587,0
24,23,54,-0.2049387657860673,0
24,23,55,0.06101878773555293,0
24,23,56,-0.2076934742826886,0
24,23,57,0.2258389769537395,0
24,23,58,-0.3003219563921257,0
24,23,59,0.3650349567404158,0
24,23,60,-0.3509087323572281,0
24,23,61,0.02269589611863832,0
24,23,62,0.0507432048616393,0
24,23,63,-0.1394470448402901,0
24,23,64,0.2802851371224415,0
24,23,65,-0.08844972316583836,0
24,23,66,-0.3599819488949559,0
24,23,67,-0.1673204585504245,0
24,23,68,-0.2689636568663689,0
24,23,69,0.1016328339854963,0
24,23,70,-0.12545105329126,0
24,23,71,0.3922478877904031,0
24,23,72,-0.6244858472205657,0
24,23,73,0.3822448534267738,0
24,23,74,-0.3257307977497445,0
24,23,75,-0.233195585584735,0
24,23,76,-0.1302927032599173,0
24,23,77,-0.1293439878402156,0
24,23,78,-0.2602124414215496,0
24,23,79,-0.1887585094831439,0
24,23,80,0.2629886721464063,0
24,23,81,-0.3785181738797408,0
24,23,82,0.03022853099724694,0
24,23,83,0.1728298564429779,0
24,23,84,-0.2542422714586535,0
24,23,85,-0.1236448582542133,0
24,23,86,0.01986206973750825,0
24,23,87,-0.3377034626573743,0
24,23,88,0.3408252940896117,0
24,23,89,-0.03620172096006397,0
24,23,90,0.1303895359772593,0
24,23,91,0.149753285235192,0
24,23,92,0.04606975600402069,0
24,23,93,-0.6462751993218157,0
24,23,94,0.191972192593281,0
24,23,95,0.5658402614856766,0
24,23,96,-0.003131729308881124,0
24,23,97,0.4660789781374321,0
24,23,98,-0.3865810884534214,0
24,23,99,-0.6283698180639145,0
24,23,100,0.4270352445211417,0
24,23,101,0.4119291635751623,0
24,23,102,-0.2092411476712995,0
24,23,103,0.5293988930383318,0
24,23,104,0.09659742872013515,0
24,23,105,-0.7172173516840482,0
24,23,106,0.4407179701528783,0
24,23,107,0.4420706894684273,0
24,23,108,-0.1044675736503092,0
24,23,109,0.7459844608585825,0
24,23,110,-0.2780312939060131,0
24,23,111,-0.1970821794110257,0
24,23,112,0.002556307289663494,0
24,23,113,0.6378841258414039,0
24,23,114,0.1101147900060334,0
24,23,115,-0.01887025889545324,0
24,23,116,0.07381536875010286,0
24,23,117,-0.02468243010605517,0
24,23,118,0.374391420683603,0
24,23,119,-0.2595046193280975,0
24,23,120,0.6568082772337914,0
24,23,121,-0.7866573067685948,0
24,23,122,0.03926725426407827,0
24,23,123,-0.2141723548477025,0
24,23,124,0.7051582831174033,0
24,23,125,-0.5695070397555799,0
24,23,126,0.6754354352130333,0
24,23,127,-0.8169662026320323,0
24,23,128,0.7648260710806747,0
24,23,129,-1,0
24,23,130,0.3243385788050511,0
24,23,131,-0.4902620321584348,0
24,23,132,0.8488881509467036,0
24,23,133,-0.9350924799019188,0
24,23,134,-0.4679748195348177,0
24,23,135,-1.249554947399055e-07,0
24,23,136,-5.966155618107209e-07,0
24,23,137,-2.580808815539916e-06,0
24,23,138,-1.105038448784155e-05,0
24,23,139,-4.890936503589889e-05,0
24,23,140,-1.105050997304254e-05,0
24,23,141,-2.580839602300634e-06,0
24,23,142,-5.966040147055143e-07,0
24,23,143,-1.24942076255177e-07,0
24,23,144,3.090459786879423e-08,0
24,23,145,3.184817511005568e-08,0
24,23,146,9.124370124551517e-08,0
24,23,147,1.703489737697879e-06,0
24,23,148,1.766725766875933e-05,0
24,23,149,1.703667436272434e-06,0
24,23,150,9.139439211595453e-08,0
24,23,151,3.194700380166578e-08,0
24,23,152,3.095267363444197e-08,0
24,23,153,2.110439103324291e-07,0
24,23,154,6.129859763803394e-07,0
24,23,155,1.505527865444933e-06,0
24,23,156,2.832811941787224e-06,0
24,23,157,-1.838127132509669e-06,0
24,23,158,2.833146339590602e-06,0
24,23,159,1.505795673110506e-06,0
24,23,160,6.131413375936789e-07,0
24,23,161,2.111122883146713e-07,0
24,23,162,2.365903870867262e-07,0
24,23,163,7.968418291365507e-07,0
24,23,164,2.567953434815729e-06,0
24,23,165,8.82140913775246e-06,0
24,23,166,3.336017842917875e-05,0
24,23,167,8.82173657669682e-06,0
24,23,168,2.568176908457552e-06,0
24,23,169,7.96960383470543e-07,0
24,23,170,2.366397020431382e-07,0
25,24,0,0.5062807618810345,0
25,24,1,-0.05602963432903003,0
25,24,2,-0.524461462679089,0
25,24,3,-0.3105981780048657,0
25,24,4,-0.3751822489352524,0
25,24,5,0.6222935909097015,0
25,24,6,-0.3367094024805184,0
25,24,7,0.5461729339126198,0
25,24,8,-0.4365601772962662,0
25,24,9,-0.6998918191389601,0
25,24,10,0.5496033336348023,0
25,24,11,0.05957435926894857,0
25,24,12,-0.1607307660689472,0
25,24,13,0.6861496440077319,0
25,24,14,-0.4861205461329795,0
25,24,15,-0.5779658503391769,0
25,24,16,0.2929245609745805,0
25,24,17,0.3016385307432276,0
25,24,18,0.3184842641845377,0
25,24,19,0.4082157467430983,0
25,24,20,-0.569379220802154,0
25,24,21,0.3796441530030902,0
25,24,22,-0.5992912077847899,0
25,24,23,0.4288227363049718,0
25,24,24,0.3298554233429697,0
25,24,25,-0.4292518250013174,0
25,24,26,0.03804301946116617,0
25,24,27,-0.2608992977183021,0
25,24,28,0.1533454469657888,0
25,24,29,-0.7254155237010927,0
25,24,30,0.5840513571900053,0
25,24,31,0.1004352754628143,0
25,24,32,0.4807047383733902,0
25,24,33,0.02789501433544981,0
25,24,34,-0.3706419424900542,0
25,24,35,-0.2570320372691148,0
25,24,36,-0.02650328629302279,0
25,24,37,0.2090539721970135,0
25,24,38,0.6169203306169299,0
25,24,39,-0.1719545906519677,0
25,24,40,-0.1236076119076995,0
25,24,41,-0.0598957858576224,0
25,24,42,-0.3900088741175967,0
25,24,43,0.6775332354947704,0
25,24,44,0.6433345109853548,0
25,24,45,-0.430921144424171,0
25,24,46,-0.09819274721063795,0
25,24,47,-0.3254514443811902,0
25,24,48,-0.1345790348808913,0
25,24,49,0.4584595721151453,0
25,24,50,0.1569710169310388,0
25,24,51,-0.05298632861343546,0
25,24,52,-0.09527709832323022,0
25,24,53,-0.4260993210194499,0
25,24,54,0.178650347298252,0
25,24,55,-0.08750590892214352,0
25,24,56,0.3751376163154891,0
25,24,57,-0.4357545151052506,0
25,24,58,0.2877677201737643,0
25,24,59,-0.3560108672935838,0
25,24,60,0.3578836060693494,0
25,24,61,0.0225777664056722,0
25,24,62,-0.07517072306846277,0
25,24,63,0.1443730063351925,0
25,24,64,-0.1683310006686335,0
25,24,65,-0.1323378732526813,0
25,24,66,0.288233606676514,0
25,24,67,0.0780999411005357,0
25,24,68,0.2798738059928691,0
25,24,69,-0.4133721775352965,0
25,24,70,0.2195343254918043,0
25,24,71,-0.5100495847709472,0
25,24,72,0.1243786292405402,0
25,24,73,-0.203016158744703,0
25,24,74,0.2424064196528612,0
25,24,75,-0.4626509589360998,0
25,24,76,0.08957313027664754,0
25,24,77,-0.07494394882150709,0
25,24,78,-0.1477638038403005,0
25,24,79,0.151184162946437,0
25,24,80,0.04851973428144089,0
25,24,81,-0.3215516130663004,0
25,24,82,-0.2585683209428391,0
25,24,83,-0.05559076957534233,0
25,24,84,0.3483575572369082,0
25,24,85,0.4114218885272991,0
25,24,86,-0.142136434042903,0
25,24,87,0.3446785016680444,0
25,24,88,-0.3366741159174541,0
25,24,89,-0.01834710994372899,0
25,24,90,-0.1283771562894714,0
25,24,91,-0.1592763693529674,0
25,24,92,-0.05267179881059096,0
25,24,93,0.4162699716654131,0
25,24,94,-0.06904701379701401,0
25,24,95,-0.4998091029280539,0
25,24,96,-0.4538814895888952,0
25,24,97,0.02440060963679827,0
25,24,98,0.4048059437620746,0
25,24,99,0.03979085386556772,0
25,24,100,0.2629795457862421,0
25,24,101,-0.2027363124397293,0
25,24,102,-0.7389842505816191,0
25,24,103,0.4511641154578817,0
25,24,104,0.3645003235530427,0
25,24,105,0.1384621634530166,0
25,24,106,0.5163393389021169,0
25,24,107,-0.2226366374761957,0
25,24,108,-0.6096733756245803,0
25,24,109,0.08503268041631122,0
25,24,110,0.7388365518644865,0
25,24,111,0.5233825324176334,0
25,24,112,0.15269004565202,0
25,24,113,-0.5752498050478195,0
25,24,114,-0.4147890747956401,0
25,24,115,0.3872553972531349,0
25,24,116,-0.1458523510212725,0
25,24,117,0.08875528590733514,0
25,24,118,-0.3731403418220102,0
25,24,119,0.3104189832713439,0
25,24,120,-0.5046172885586288,0
25,24,121,0.7010285757745309,0
25,24,122,0.3096964731478354,0
25,24,123,-0.06530330275258144,0
25,24,124,0.129910919747965,0
25,24,125,-0.1567078101385513,0
25,24,126,0.5653243037182369,0
25,24,127,-0.568014368836419,0
25,24,128,0.3702136849600197,0
25,24,129,-0.4425056652344615,0
25,24,130,0.7765701632857855,0
25,24,131,-1,0
25,24,132,-0.3536484082633575,0
25,24,133,0.01445266688894219,0
25,24,134,0.03032039458402526,0
25,24,135,4.863730733226045e-07,0
25,24,136,1.53377486227957e-06,0
25,24,137,4.378654061895667e-06,0
25,24,138,1.196903277156404e-05,0
25,24,139,2.813034625456282e-05,0
25,24,140,1.196964335720605e-05,0
25,24,141,4.379023478503698e-06,0
25,24,142,1.53394970316303e-06,0
25,24,143,4.864411389232028e-07,0
25,24,144,5.183916322406586e-07,0
25,24,145,1.611839393367706e-06,0
25,24,146,4.914191505444833e-06,0
25,24,147,1.699787914181284e-05,0
25,24,148,6.848805649789493e-05,0
25,24,149,1.69981298011121e-05,0
25,24,150,4.91437848009895e-06,0
25,24,151,1.611949905082208e-06,0
25,24,152,5.184416977382665e-07,0
25,24,153,8.467686635246375e-08,0
25,24,154,-9.912481727788981e-08,0
25,24,155,-1.662644934588732e-06,0
25,24,156,-9.890968667237858e-06,0
25,24,157,-5.124023871726461e-05,0
25,24,158,-9.891399833524532e-06,0
25,24,159,-1.66283488864549e-06,0
25,24,160,-9.917384708261366e-08,0
25,24,161,8.467139241054574e-08,0
25,24,162,-1.315690391108153e-07,0
25,24,163,-6.925598820384366e-07,0
25,24,164,-2.841304301950204e-06,0
25,24,165,-9.953401880363529e-06,0
25,24,166,-2.943225733077503e-05,0
25,24,167,-9.953698841133526e-06,0
25,24,168,-2.841483778435976e-06,0
25,24,169,-6.926297379272307e-07,0
25,24,170,-1.315888011973099e-07,0
26,25,0,-0.4922396956442471,0
26,25,1,0.3301258041380909,0
26,25,2,-0.1019360376709121,0
26,25,3,-0.4436678579458642,0
26,25,4,0.6560044052586343,0
26,25,5,-0.2568741736647582,0
26,25,6,-0.5825074934503056,0
26,25,7,0.5994994464846969,0
26,25,8,-0.01505295104748807,0
26,25,9,0.05534786700973254,0
26,25,10,0.4675695673385785,0
26,25,11,-0.3629197832336585,0
26,25,12,0.3146024519616369,0
26,25,13,-0.3001787187581152,0
26,25,14,0.1932219422457829,0
26,25,15,0.7321667798051161,0
26,25,16,-0.6260713937715839,0
26,25,17,-0.01781829998695345,0
26,25,18,0.4394506966679145,0
26,25,19,-0.8700836128221877,0
26,25,20,0.336393598411234,0
26,25,21,0.1024004752180198,0
26,25,22,-0.336940076011413,0
26,25,23,0.01775056328256758,0
26,25,24,1,0
26,25,25,-0.510097170556805,0
26,25,26,-0.3331100385240786,0
26,25,27,-0.9809294335233452,0
26,25,28,0.7888270918370798,0
26,25,29,-0.04716967575652478,0
26,25,30,-0.03062812213957346,0
26,25,31,0.2307306921220355,0
26,25,32,0.3135096120395113,0
26,25,33,-0.03163419277322816,0
26,25,34,-0.01521822708102789,0
26,25,35,0.4153195158541132,0
26,25,36,-0.6017925389490605,0
26,25,37,0.4173341102522741,0
26,25,38,0.04265909025978601,0
26,25,39,-0.2109473974417992,0
26,25,40,0.2432323717630525,0
26,25,41,0.05352144792860716,0
26,25,42,-0.2235235990545027,0
26,25,43,0.1793702394244672,0
26,25,44,-0.4966752143327956,0
26,25,45,0.3031676622696881,0
26,25,46,-0.05608440764603525,0
26,25,47,-0.3099596186819178,0
26,25,48,0.4913465351052106,0
26,25,49,-0.3415565965125144,0
26,25,50,-0.3297387562802656,0
26,25,51,0.5042072582663993,0
26,25,52,-0.2628450270455255,0
26,25,53,-0.619980432494218,0
26,25,54,0.6720856425795029,0
26,25,55,0.1303054833573292,0
26,25,56,0.1143097345715085,0
26,25,57,-0.2381931162592592,0
26,25,58,0.2779587114368368,0
26,25,59,-0.2744932690550442,0
26,25,60,0.02284348305871382,0
26,25,61,-0.0528239889966773,0
26,25,62,-0.1261592399058522,0
26,25,63,0.006522274822492279,0
26,25,64,0.1105417226541064,0
26,25,65,-0.1215562835993725,0
26,25,66,-0.221070992842333,0
26,25,67,-0.07045600837541394,0
26,25,68,0.002015236156331945,0
26,25,69,-0.2995304499911631,0
26,25,70,0.1855100347608683,0
26,25,71,0.01205631927024323,0
26,25,72,-0.3551496153227406,0
26,25,73,-0.05589444014972453,0
26,25,74,-0.09268347997148978,0
26,25,75,0.08631913361435224,0
26,25,76,0.1680490855907874,0
26,25,77,0.1078579716202342,0
26,25,78,-0.02845990557949499,0
26,25,79,-0.02724815197378551,0
26,25,80,-0.2238139598532863,0
26,25,81,0.554412088526099,0
26,25,82,0.6919782296021268,0
26,25,83,-0.3932767815017796,0
26,25,84,-0.1506996915209386,0
26,25,85,-0.5334675753808292,0
26,25,86,0.4781468943148245,0
26,25,87,-0.08800703622223036,0
26,25,88,-0.007378962254099714,0
26,25,89,0.1067233753141788,0
26,25,90,-0.2296183022946787,0
26,25,91,0.2056283984787163,0
26,25,92,-0.05583559465648159,0
26,25,93,-0.226648067859932,0
26,25,94,0.3850306232317419,0
26,25,95,-0.04926185374797177,0
26,25,96,-0.4676944945008421,0
26,25,97,0.4014729226490411,0
26,25,98,0.2989495292957751,0
26,25,99,-0.3039437104203205,0
26,25,100,0.5716155330487214,0
26,25,101,0.07650095808929848,0
26,25,102,-0.0448535269154997,0
26,25,103,0.06599647785010045,0
26,25,104,0.2216038436022442,0
26,25,105,0.07495645059446611,0
26,25,106,0.04181448736380496,0
26,25,107,-0.09754159979868798,0
26,25,108,0.4680600322356152,0
26,25,109,-0.5280233647927283,0
26,25,110,-0.135678939271331,0
26,25,111,-0.3994058383583898,0
26,25,112,0.05445068967479699,0
26,25,113,-0.0514950614025748,0
26,25,114,0.1919523645282824,0
26,25,115,-0.3724725509412058,0
26,25,116,0.1327601040394705,0
26,25,117,-0.1246334922574249,0
26,25,118,0.04551639198154624,0
26,25,119,-0.07788586834113995,0
26,25,120,0.2491789973955413,0
26,25,121,-0.1480786879203541,0
26,25,122,0.651911789058516,0
26,25,123,-0.6547965972421664,0
26,25,124,0.5370126711523022,0
26,25,125,-0.7212135253270506,0
26,25,126,0.4122384549914183,0
26,25,127,-0.6811749724587176,0
26,25,128,-0.1591735514315109,0
26,25,129,-0.1071156869291784,0
26,25,130,-0.3803068074941505,0
26,25,131,0.3915214951562468,0
26,25,132,-0.3235908159912101,0
26,25,133,0.4512053627460776,0
26,25,134,0.3731042966055535,0
26,25,135,-4.061291175001936e-07,0
26,25,136,-8.854609584948709e-07,0
26,25,137,-1.174002751331032e-06,0
26,25,138,9.849762569975426e-07,0
26,25,139,1.832505659224279e-05,0
26,25,140,9.84631047971174e-07,0
26,25,141,-1.174360768338796e-06,0
26,25,142,-8.857100508532964e-07,0
26,25,143,-4.062524006202961e-07,0
26,25,144,-7.530371771164652e-07,0
26,25,145,-1.925622139913953e-06,0
26,25,146,-4.330760673782121e-06,0
26,25,147,-1.032693083890289e-05,0
26,25,148,-2.84258931567199e-05,0
26,25,149,-1.032765785401753e-05,0
26,25,150,-4.331377024865545e-06,0
26,25,151,-1.92602087265028e-06,0
26,25,152,-7.532286246135924e-07,0
26,25,153,-7.602282803449834e-07,0
26,25,154,-1.967713285220149e-06,0
26,25,155,-4.579474287683586e-06,0
26,25,156,-1.18373376697199e-05,0
26,25,157,-3.775397209073172e-05,0
26,25,158,-1.183781592329397e-05,0
26,25,159,-4.579965829064482e-06,0
26,25,160,-1.968060476381989e-06,0
26,25,161,-7.604001659811485e-07,0
26,25,162,-4.052457789873238e-07,0
26,25,163,-8.726061505100173e-07,0
26,25,164,-1.065415923632133e-06,0
26,25,165,1.76460835778657e-06,0
26,25,166,2.356593832066338e-05,0
26,25,167,1.764508169929893e-06,0
26,25,168,-1.065624480637868e-06,0
26,25,169,-8.727831712810687e-07,0
26,25,170,-4.053383476105775e-07,0
27,26,0,0.1776399050161549,0
27,26,1,-0.0999779103525554,0
27,26,2,-0.007576572994414877,0
27,26,3,-0.462710389926435,0
27,26,4,0.0439754929221483,0
27,26,5,0.2689435016596313,0
27,26,6,-0.2068357635923495,0
27,26,7,0.57913478235982,0
27,26,8,-0.4182480112172192,0
27,26,9,0.2223389906679174,0
27,26,10,-0.003988052934345348,0
27,26,11,-0.01149268617732323,0
27,26,12,-0.2722091696871768,0
27,26,13,-0.1116378744961131,0
27,26,14,0.309901409321567,0
27,26,15,0.3845102110522765,0
27,26,16,0.1435341779407422,0
27,26,17,-0.442986488299038,0
27,26,18,-0.01511251333332291,0
27,26,19,-0.4474299332130874,0
27,26,20,0.4622163099683161,0
27,26,21,-0.1419687102448167,0
27,26,22,0.1835047091629887,0
27,26,23,-0.1826982972220572,0
27,26,24,-1,0
27,26,25,0.5902083357137713,0
27,26,26,0.2244811062443691,0
27,26,27,0.9673880160676482,0
27,26,28,-0.7432685161511593,0
27,26,29,-0.09481344603002308,0
27,26,30,-0.07628186866987442,0
27,26,31,0.2975788618196831,0
27,26,32,0.2782293110555962,0
27,26,33,-0.1093418304945939,0
27,26,34,-0.2633767824287617,0
27,26,35,-0.03248952045742291,0
27,26,36,-0.01326601799615127,0
27,26,37,0.1316435816548202,0
27,26,38,0.1109627519096299,0
27,26,39,-0.1590816544147778,0
27,26,40,0.2611729355360163,0
27,26,41,0.1600833976184182,0
27,26,42,-0.2735468012738771,0
27,26,43,-0.05545238912427115,0
27,26,44,-0.3026492386412486,0
27,26,45,0.3091583234159871,0
27,26,46,-0.02064112677235974,0
27,26,47,0.1570491792903285,0
27,26,48,-0.1484140216506761,0
27,26,49,0.03289072687979706,0
27,26,50,-0.1442232285381795,0
27,26,51,0.1692794825655504,0
27,26,52,-0.1867951890513203,0
27,26,53,0.6563915846541113,0
27,26,54,-0.3428463373248661,0
27,26,55,-0.1621635358685325,0
27,26,56,-0.2842338585210921,0
27,26,57,0.4994855848885336,0
27,26,58,0.2944819382660132,0
27,26,59,-0.4520951716318289,0
27,26,60,0.3217150899045778,0
27,26,61,-0.362988117417461,0
27,26,62,0.1484916335551922,0
27,26,63,0.0235826464919882,0
27,26,64,0.04326551861749509,0
27,26,65,0.1947085540121873,0
27,26,66,-0.1509167146774111,0
27,26,67,0.3052174346518743,0
27,26,68,-0.2738749549571351,0
27,26,69,-0.104949159860625,0
27,26,70,-0.3371026141557219,0
27,26,71,-0.0002899273151652787,0
27,26,72,0.09559838644031918,0
27,26,73,0.09498343856930405,0
27,26,74,0.3149811937950056,0
27,26,75,-0.3275578947509887,0
27,26,76,0.1637358101046016,0
27,26,77,-0.2722194994970378,0
27,26,78,0.205413844631802,0
27,26,79,-0.3494289669077125,0
27,26,80,0.1285789761755785,0
27,26,81,0.1554487405948087,0
27,26,82,-0.1163931655859608,0
27,26,83,0.4014546795775432,0
27,26,84,-0.08137983832003805,0
27,26,85,-0.2080270306988775,0
27,26,86,0.08292368427550216,0
27,26,87,0.2549538871341636,0
27,26,88,-0.2568894307249205,0
27,26,89,-0.08235038136658288,0
27,26,90,-0.1936475252914086,0
27,26,91,-0.02222832187793492,0
27,26,92,-0.05330228702028129,0
27,26,93,0.2527049243359,0
27,26,94,0.1576597738917218,0
27,26,95,-0.2728509239900754,0
27,26,96,-0.4173851920017476,0
27,26,97,-0.1276876910161749,0
27,26,98,0.5981041671157231,0
27,26,99,0.04356321494919523,0
27,26,100,0.3806710155304059,0
27,26,101,-0.4555455304552398,0
27,26,102,-0.0702151966552864,0
27,26,103,0.05919914023318144,0
27,26,104,0.2396460971808211,0
27,26,105,0.06463672094438382,0
27,26,106,-0.1651066817273873,0
27,26,107,0.1467982787217479,0
27,26,108,0.1350578059440288,0
27,26,109,-0.07969945734546081,0
27,26,110,-0.2434403348004789,0
27,26,111,0.3051326426933337,0
27,26,112,-0.1873032114354425,0
27,26,113,-0.0888820609759613,0
27,26,114,-0.3547895849595566,0
27,26,115,0.2682974039619531,0
27,26,116,-0.1970397977506475,0
27,26,117,0.1520047982111874,0
27,26,118,-0.2346160264530101,0
27,26,119,0.2754197635838521,0
27,26,120,-0.08421281725703271,0
27,26,121,0.3092981099139374,0
27,26,122,0.5263610071560872,0
27,26,123,-0.5282371232666915,0
27,26,124,-0.2173830622117171,0
27,26,125,0.02696117668399185,0
27,26,126,0.3252734806942053,0
27,26,127,-0.1801927095481004,0
27,26,128,0.09920505200825187,0
27,26,129,-0.3294569380841754,0
27,26,130,-0.3949443440770505,0
27,26,131,0.2975699890364692,0
27,26,132,-0.1925231935663944,0
27,26,133,0.4016722709773013,0
27,26,134,-0.0109380062476403,0
27,26,135,-1.236497816123602e-06,0
27,26,136,-2.937530667309521e-06,0
27,26,137,-5.56558043912305e-06,0
27,26,138,-9.159506451675622e-06,0
27,26,139,-1.11116627594986e-05,0
27,26,140,-9.160482880374353e-06,0
27,26,141,-5.566580920035631e-06,0
27,26,142,-2.938236803933672e-06,0
27,26,143,-1.236851673510725e-06,0
27,26,144,-2.096937258825989e-06,0
27,26,145,-5.124665680743952e-06,0
27,26,146,-1.034972447751178e-05,0
27,26,147,-1.965039103644076e-05,0
27,26,148,-3.500303665827285e-05,0
27,26,149,-1.965207296917255e-05,0
27,26,150,-1.035136132367438e-05,0
27,26,151,-5.125793271845059e-06,0
27,26,152,-2.097492809687506e-06,0
27,26,153,-2.203762184132169e-06,0
27,26,154,-5.532754896989885e-06,0
27,26,155,-1.183424631229668e-05,0
27,26,156,-2.524236018040026e-05,0
27,26,157,-5.738596186409273e-05,0
27,26,158,-2.5244049191169e-05,0
27,26,159,-1.183586342419468e-05,0
27,26,160,-5.533856774566764e-06,0
27,26,161,-2.204298799435614e-06,0
27,26,162,-1.399465775051832e-06,0
27,26,163,-3.533921982167359e-06,0
27,26,164,-7.564122239791673e-06,0
27,26,165,-1.56622243525083e-05,0
27,26,166,-3.127164308329151e-05,0
27,26,167,-1.566318213602918e-05,0
27,26,168,-7.565066626028906e-06,0
27,26,169,-3.534571198409206e-06,0
27,26,170,-1.399780181072034e-06,0
28,27,0,-0.3229951631952589,0
28,27,1,0.3003330537686952,0
28,27,2,-0.2378386520278645,0
28,27,3,0.02098435658818152,0
28,27,4,0.2734612707354657,0
28,27,5,-0.2063433017800967,0
28,27,6,-0.2243123836111116,0
28,27,7,0.02286531398069936,0
28,27,8,0.211168304361273,0
28,27,9,-0.2076590962786943,0
28,27,10,0.3330458904693515,0
28,27,11,-0.1686516685477771,0
28,27,12,0.5416278136854863,0
28,27,13,-0.09853100628429562,0
28,27,14,-0.2125902188383484,0
28,27,15,-0.04617224012343653,0
28,27,16,-0.5603530431050223,0
28,27,17,0.5192313981349922,0
28,27,18,-0.1403253981577528,0
28,27,19,0.2455324889067834,0
28,27,20,-0.265829583339039,0
28,27,21,0.08776972148053483,0
28,27,22,0.05805345769294071,0
28,27,23,-0.05203008248439222,0
28,27,24,-0.9748155871236261,0
28,27,25,0.3577110711763739,0
28,27,26,0.3950258653746822,0
28,27,27,1,0
28,27,28,-0.8100727714398888,0
28,27,29,-0.1679876002473174,0
28,27,30,0.260589164244411,0
28,27,31,-0.1123554528152331,0
28,27,32,0.1079536488151095,0
28,27,33,0.06343790024547551,0
28,27,34,0.1457146528310125,0
28,27,35,0.1969356464212061,0
28,27,36,-0.3721444345057835,0
28,27,37,0.2059625125060644,0
28,27,38,0.06395778096770473,0
28,27,39,-0.02413874717628026,0
28,27,40,-0.1129014590353712,0
28,27,41,-0.1997629365680418,0
28,27,42,0.04504780856513625,0
28,27,43,0.2893435577374628,0
28,27,44,0.0669976274808023,0
28,27,45,-0.09676440573344113,0
28,27,46,-0.1527687543465254,0
28,27,47,-0.1570738618487453,0
28,27,48,0.3194099471352366,0
28,27,49,-0.274574174898391,0
28,27,50,0.07006372133175849,0
28,27,51,-0.01238155030021601,0
28,27,52,0.1880293839408346,0
28,27,53,0.5413525756826654,0
28,27,54,-0.5036013207000956,0
28,27,55,-0.1403668542492559,0
28,27,56,-0.03143313375885039,0
28,27,57,0.1859016598251794,0
28,27,58,-0.009623355053207423,0
28,27,59,0.1551478186265503,0
28,27,60,-0.2119462450898423,0
28,27,61,0.3337705994492,0
28,27,62,-0.2711027619474349,0
28,27,63,0.02733524174605654,0
28,27,64,-0.04890410439735223,0
28,27,65,-0.3001079593029956,0
28,27,66,0.08041276860574452,0
28,27,67,-0.2500127438100916,0
28,27,68,0.3484145908548961,0
28,27,69,-0.2600031505045965,0
28,27,70,0.4109508943087081,0
28,27,71,-0.1419205781654216,0
28,27,72,-0.1875934148572797,0
28,27,73,-0.1936932771615469,0
28,27,74,-0.1663106515798543,0
28,27,75,0.2167651534621455,0
28,27,76,-0.2128708975819267,0
28,27,77,0.4004657948855193,0
28,27,78,-0.02954999155945555,0
28,27,79,0.3831252997750478,0
28,27,80,-0.2131685026566136,0
28,27,81,0.03225364840670571,0
28,27,82,-0.5496958942078164,0
28,27,83,0.01130965532728311,0
28,27,84,0.3289655886660999,0
28,27,85,0.4837453114199307,0
28,27,86,-0.4784484900161024,0
28,27,87,-0.2391698684281826,0
28,27,88,0.1514224251895868,0
28,27,89,0.1898413002756289,0
28,27,90,-0.002276949073568695,0
28,27,91,0.1393458033983976,0
28,27,92,-0.02032309865920069,0
28,27,93,-0.287999954400238,0
28,27,94,0.08688773820288791,0
28,27,95,0.1030275029183633,0
28,27,96,-0.05399052376809387,0
28,27,97,0.4395465976830113,0
28,27,98,-0.2554831088285772,0
28,27,99,-0.1495506442627521,0
28,27,100,0.007153451962933644,0
28,27,101,0.4336941545362109,0
28,27,102,-0.08207969709219434,0
28,27,103,0.0516052597796477,0
28,27,104,-0.02802422020210097,0
28,27,105,0.3354051628236463,0
28,27,106,0.01117685950143016,0
28,27,107,-0.3158714295594794,0
28,27,108,-0.01446388032486952,0
28,27,109,-0.3908815727867841,0
28,27,110,0.3606342847409387,0
28,27,111,0.1628807819387487,0
28,27,112,-0.08587004667714555,0
28,27,113,-0.3418209729109271,0
28,27,114,0.1436127391452818,0
28,27,115,-0.02319217906778318,0
28,27,116,0.2912378760615342,0
28,27,117,-0.2594468843868169,0
28,27,118,0.1506421725789062,0
28,27,119,-0.2515722560627411,0
28,27,120,0.1291233562567184,0
28,27,121,-0.2127235313475348,0
28,27,122,0.04005737896589886,0
28,27,123,0.0177078845552052,0
28,27,124,0.5753426421370524,0
28,27,125,-0.5635156610943142,0
28,27,126,-0.02866091103691279,0
28,27,127,-0.3262137784906908,0
28,27,128,-0.3015722666166624,0
28,27,129,0.3587281506086147,0
28,27,130,0.09505441838379165,0
28,27,131,-0.04789347975467829,0
28,27,132,-0.4481013449885304,0
28,27,133,0.3857450730015278,0
28,27,134,0.2893253465755725,0
28,27,135,1.0695527710972e-06,0
28,27,136,2.733540401288305e-06,0
28,27,137,6.10463247931046e-06,0
28,27,138,1.423638732675137e-05,0
28,27,139,3.764410878459877e-05,0
28,27,140,1.42372845982179e-05,0
28,27,141,6.105468219453121e-06,0
28,27,142,2.734105693452179e-06,0
28,27,143,1.069830957098802e-06,0
28,27,144,1.657796657716817e-06,0
28,27,145,4.08476956782096e-06,0
28,27,146,8.354089018677221e-06,0
28,27,147,1.610138954815276e-05,0
28,27,148,2.919908835390019e-05,0
28,27,149,1.610257699778691e-05,0
28,27,150,8.355297311278291e-06,0
28,27,151,4.085616127566404e-06,0
28,27,152,1.65821622433176e-06,0
28,27,153,1.62326222927722e-06,0
28,27,154,3.944314263915744e-06,0
28,27,155,7.78761900619053e-06,0
28,27,156,1.363485357636421e-05,0
28,27,157,1.742289338170993e-05,0
28,27,158,1.363602368253834e-05,0
28,27,159,7.788780912821657e-06,0
28,27,160,3.94512211842923e-06,0
28,27,161,1.623659512895717e-06,0
28,27,162,1.023751187818155e-06,0
28,27,163,2.571412753632699e-06,0
28,27,164,5.599137599386817e-06,0
28,27,165,1.283847221585385e-05,0
28,27,166,3.494669826093344e-05,0
28,27,167,1.283922191730707e-05,0
28,27,168,5.599843668572509e-06,0
28,27,169,2.571893508089898e-06,0
28,27,170,1.023984034959423e-06,0
29,28,0,0.1788940048091576,0
29,28,1,-0.03734364379242227,0
29,28,2,-0.150358709673829,0
29,28,3,0.04245549773971302,0
29,28,4,-0.2088741141799077,0
29,28,5,0.1518817479235139,0
29,28,6,0.06730709452438838,0
29,28,7,-0.03217407270740939,0
29,28,8,-0.07305233677934596,0
29,28,9,0.06893090903680291,0
29,28,10,-0.09979969007396863,0
29,28,11,0.0336628150707527,0
29,28,12,-0.1159596694603606,0
29,28,13,0.00154135263761761,0
29,28,14,0.05654102033626929,0
29,28,15,-0.03886342637676297,0
29,28,16,0.1515145482638115,0
29,28,17,-0.100970344210133,0
29,28,18,0.02060448639691672,0
29,28,19,-0.001785772163035615,0
29,28,20,0.02654029042161661,0
29,28,21,0.0009357481432047502,0
29,28,22,-0.02345700831409163,0
29,28,23,0.01866415449382322,0
29,28,24,0.01833029924387803,0
29,28,25,-0.004597268120236514,0
29,28,26,-0.01537516029559651,0
29,28,27,-0.01973170604583448,0
29,28,28,0.01545312634644692,0
29,28,29,-0.247221399449059,0
29,28,30,0.0788105377581293,0
29,28,31,0.3016066465360063,0
29,28,32,0.04818062416039317,0
29,28,33,0.1186681196397864,0
29,28,34,-0.1448349218971216,0
29,28,35,-0.151211167002559,0
29,28,36,0.07653734987860887,0
29,28,37,0.04527549240766295,0
29,28,38,-0.002498280765448145,0
29,28,39,0.1106690250109272,0
29,28,40,-0.06780884549941327,0
29,28,41,0.01452874226375594,0
29,28,42,-0.03748464186528649,0
29,28,43,0.005900901121745765,0
29,28,44,0.03081204272117925,0
29,28,45,0.03879723286725908,0
29,28,46,-0.0323083685534176,0
29,28,47,0.03187060174665306,0
29,28,48,-0.1096539173511691,0
29,28,49,0.1089028318588757,0
29,28,50,-0.002259182708264325,0
29,28,51,-0.006173028845867215,0
29,28,52,-0.04402528332582897,0
29,28,53,-0.0175336706425866,0
29,28,54,0.02596019359475776,0
29,28,55,-0.01042150378404074,0
29,28,56,0.001756319234302587,0
29,28,57,0.003290340330826018,0
29,28,58,0.4458231484320189,0
29,28,59,-0.2688248951801818,0
29,28,60,-0.3111751544640081,0
29,28,61,-0.06357671624137545,0
29,28,62,-0.2336839070024679,0
29,28,63,0.143258713405544,0
29,28,64,0.07519980695107562,0
29,28,65,0.01529875052656159,0
29,28,66,-0.09190644247013233,0
29,28,67,0.05088205384006405,0
29,28,68,-0.06820772275531505,0
29,28,69,0.0487858220878901,0
29,28,70,-0.02997906550704003,0
29,28,71,-0.05412493355110898,0
29,28,72,0.07975328811631092,0
29,28,73,-0.01840178263308237,0
29,28,74,0.07112811117057449,0
29,28,75,-0.04576060712057942,0
29,28,76,0.06649951986906386,0
29,28,77,-0.08382590613933637,0
29,28,78,-0.005557230117794348,0
29,28,79,-0.08873162503408388,0
29,28,80,0.04775952663163346,0
29,28,81,-0.02135011668270595,0
29,28,82,0.02664405156763088,0
29,28,83,0.06322082811077227,0
29,28,84,-0.03483115013870616,0
29,28,85,-0.05049426082205764,0
29,28,86,0.06189826572620743,0
29,28,87,-0.6101155214858519,0
29,28,88,0.1446358654365196,0
29,28,89,0.7880445436353721,0
29,28,90,-0.06628595925092796,0
29,28,91,0.5011897857680555,0
29,28,92,-0.3226567872805666,0
29,28,93,-0.05661895177447179,0
29,28,94,0.07592588215123203,0
29,28,95,0.09075235520966371,0
29,28,96,-0.01961660725321869,0
29,28,97,0.002123996733288926,0
29,28,98,0.04388173205903936,0
29,28,99,0.05696683421659662,0
29,28,100,-0.01764353087104155,0
29,28,101,-0.09089616705757489,0
29,28,102,-0.0173465846490393,0
29,28,103,-0.003075653157609346,0
29,28,104,0.001791050125367717,0
29,28,105,-0.02351601472954783,0
29,28,106,0.01636098559724889,0
29,28,107,0.02528788573261669,0
29,28,108,-0.0542829779757847,0
29,28,109,0.05583017644883555,0
29,28,110,0.01047244100379925,0
29,28,111,0.06787565819683541,0
29,28,112,0.02023895468578064,0
29,28,113,-0.02196457187955779,0
29,28,114,-0.1195882246495086,0
29,28,115,0.08643882251100987,0
29,28,116,1,0
29,28,117,-0.9926342038138861,0
29,28,118,0.04515369838753881,0
29,28,119,-0.4856753818036433,0
29,28,120,0.178172645989449,0
29,28,121,-0.1806359112608095,0
29,28,122,0.05777550532177522,0
29,28,123,-0.1657955373607319,0
29,28,124,-0.1131592464358324,0
29,28,125,0.0778063538221814,0
29,28,126,-0.01599527738150751,0
29,28,127,0.08270356427085787,0
29,28,128,0.05195088667194426,0
29,28,129,-0.03606429502329125,0
29,28,130,0.03809463936525456,0
29,28,131,-0.06347738608731411,0
29,28,132,0.01475180713707598,0
29,28,133,-0.02290271773942144,0
29,28,134,-0.05366683964950156,0
29,28,135,-2.216968376506097e-07,0
29,28,136,-5.366363127412323e-07,0
29,28,137,-1.076425086840707e-06,0
29,28,138,-2.100575584498566e-06,0
29,28,139,-4.399098886816948e-06,0
29,28,140,-2.100753420819513e-06,0
29,28,141,-1.076605464354297e-06,0
29,28,142,-5.367636508100898e-07,0
29,28,143,-2.217607477338878e-07,0
29,28,144,-3.679062726031303e-07,0
29,28,145,-8.912344529487732e-07,0
29,28,146,-1.760692765720943e-06,0
29,28,147,-3.169236707907913e-06,0
29,28,148,-4.912800824457959e-06,0
29,28,149,-3.16952322509492e-06,0
29,28,150,-1.760982370996851e-06,0
29,28,151,-8.914370057018676e-07,0
29,28,152,-3.680066537672436e-07,0
29,28,153,-3.882824790505885e-07,0
29,28,154,-9.656075058448759e-07,0
29,28,155,-2.00857917376727e-06,0
29,28,156,-3.967034267882289e-06,0
29,28,157,-7.328101660390101e-06,0
29,28,158,-3.967349277795505e-06,0
29,28,159,-2.008878011423662e-06,0
29,28,160,-9.65810021363239e-07,0
29,28,161,-3.883808383867515e-07,0
29,28,162,-2.555915807988319e-07,0
29,28,163,-6.629523486821527e-07,0
29,28,164,-1.515234236457022e-06,0
29,28,165,-3.629360672797556e-06,0
29,28,166,-9.807902242552631e-06,0
29,28,167,-3.629562113056271e-06,0
29,28,168,-1.51541884949855e-06,0
29,28,169,-6.630750906651421e-07,0
29,28,170,-2.556501943827201e-07,0
30,29,0,0.367265992484853,0
30,29,1,-0.2554129387674171,0
30,29,2,0.04587617349240511,0
30,29,3,0.621547682946511,0
30,29,4,-0.6558176316167365,0
30,29,5,0.05971724691316084,0
30,29,6,-0.4899217277321604,0
30,29,7,-0.3074472962878085,0
30,29,8,0.4490485647650369,0
30,29,9,-0.09505046243345631,0
30,29,10,0.667092433482075,0
30,29,11,-0.5942589193575483,0
30,29,12,-0.2756027653308363,0
30,29,13,0.08706738683470364,0
30,29,14,0.2960400201042055,0
30,29,15,0.6351969283738752,0
30,29,16,-0.02016459417965385,0
30,29,17,-0.4145024474310126,0
30,29,18,0.5077590640901568,0
30,29,19,-0.9869501406751551,0
30,29,20,0.4211311188921705,0
30,29,21,0.2533032140174887,0
30,29,22,-0.4752953032535935,0
30,29,23,-0.06238043037513524,0
30,29,24,-0.4112013912371515,0
30,29,25,0.03033436407932186,0
30,29,26,0.1416420404721511,0
30,29,27,0.4686955840138785,0
30,29,28,-0.3655963528610053,0
30,29,29,0.03986157495895937,0
30,29,30,0.1697790965400366,0
30,29,31,-0.4365208113652296,0
30,29,32,-0.5002196968626003,0
30,29,33,0.1543776546560379,0
30,29,34,0.214934187774383,0
30,29,35,0.1613562753010253,0
30,29,36,0.2976416549935729,0
30,29,37,-0.6154324759179294,0
30,29,38,-0.1337375111723087,0
30,29,39,0.2160365053669922,0
30,29,40,0.1266615617286268,0
30,29,41,0.4396026481062722,0
30,29,42,-0.4555254166972277,0
30,29,43,0.2290414804643725,0
30,29,44,-0.4044577223316221,0
30,29,45,0.08914367637749131,0
30,29,46,0.2022620906802191,0
30,29,47,-0.2673719927177411,0
30,29,48,0.2463309501297814,0
30,29,49,-0.03956415293015213,0
30,29,50,-0.5068639738822724,0
30,29,51,0.6996792484623275,0
30,29,52,-0.2814863804742603,0
30,29,53,0.1338723809865227,0
30,29,54,0.2668225319896405,0
30,29,55,-0.174912359222918,0
30,29,56,-0.01645494332400561,0
30,29,57,0.2280521341954116,0
30,29,58,-0.3981547548259678,0
30,29,59,0.6054442734278394,0
30,29,60,-0.2713479065327252,0
30,29,61,0.3552255925681356,0
30,29,62,-0.1160892236694078,0
30,29,63,0.07209470066054931,0
30,29,64,-0.3763571511619887,0
30,29,65,0.1303076234523817,0
30,29,66,0.3812381967761032,0
30,29,67,0.1738359364580185,0
30,29,68,0.02267144583706239,0
30,29,69,0.08488375964776193,0
30,29,70,0.1672280788201535,0
30,29,71,-0.3209253687479167,0
30,29,72,-0.01828615035115065,0
30,29,73,-0.07942844885301219,0
30,29,74,-0.06485020282904629,0
30,29,75,-0.190925183210146,0
30,29,76,0.4454873070791498,0
30,29,77,-0.02031673764533433,0
30,29,78,-0.3831754163645982,0
30,29,79,-0.06369830927972543,0
30,29,80,-0.3815798114031188,0
30,29,81,0.5198613737572346,0
30,29,82,0.3170223947957662,0
30,29,83,-0.03621791673086506,0
30,29,84,-0.0757973658773789,0
30,29,85,-0.5199390350957482,0
30,29,86,0.3526644991875537,0
30,29,87,-0.1212129742202445,0
30,29,88,0.1428873972892312,0
30,29,89,0.138848867154211,0
30,29,90,0.3703813504325601,0
30,29,91,-0.2092080941057479,0
30,29,92,0.03098328053616739,0
30,29,93,0.1175900116521622,0
30,29,94,-0.543308556688597,0
30,29,95,0.0882229801996636,0
30,29,96,0.4765947901533069,0
30,29,97,-0.1249410639512951,0
30,29,98,-0.5883889488813052,0
30,29,99,-0.4711197688739048,0
30,29,100,-0.2373519484635107,0
30,29,101,0.4858588944008645,0
30,29,102,-0.1612640080250354,0
30,29,103,0.7580461934672303,0
30,29,104,-0.4424232503473371,0
30,29,105,-0.443693890370532,0
30,29,106,0.3031351308011522,0
30,29,107,0.5732645737772638,0
30,29,108,0.2433951052747364,0
30,29,109,-0.045603853462073,0
30,29,110,-0.1818427050066962,0
30,29,111,-0.08000553279158545,0
30,29,112,0.008762547129173813,0
30,29,113,-0.1464619919003776,0
30,29,114,-0.08146376660220551,0
30,29,115,-0.09843636388574895,0
30,29,116,0.2141273570902365,0
30,29,117,-0.2048783861342817,0
30,29,118,0.00367899795530363,0
30,29,119,-0.1533687319404891,0
30,29,120,-0.3808760588158865,0
30,29,121,0.1947550679680741,0
30,29,122,-0.7347157610325431,0
30,29,123,1,0
30,29,124,0.2838108196766804,0
30,29,125,0.04299956631984399,0
30,29,126,0.07296862910831588,0
30,29,127,-0.003257088997219088,0
30,29,128,0.8500604346145221,0
30,29,129,-0.9207818981480752,0
30,29,130,-0.08978725459218018,0
30,29,131,-0.411418428604973,0
30,29,132,-0.3213412225556227,0
30,29,133,0.3523550590995452,0
30,29,134,0.2668965312796057,0
30,29,135,4.174651326623671e-07,0
30,29,136,1.067779787746597e-06,0
30,29,137,2.31396651768808e-06,0
30,29,138,4.778173450814916e-06,0
30,29,139,9.20240032464039e-06,0
30,29,140,4.778554610081201e-06,0
30,29,141,2.314309928721197e-06,0
30,29,142,1.068004067422995e-06,0
30,29,143,4.175730772146474e-07,0
30,29,144,6.463966792892098e-07,0
30,29,145,1.653086375914418e-06,0
30,29,146,3.641734447659242e-06,0
30,29,147,7.969562950607931e-06,0
30,29,148,1.74145392025381e-05,0
30,29,149,7.970097920860246e-06,0
30,29,150,3.642217711378332e-06,0
30,29,151,1.65340813225733e-06,0
30,29,152,6.465528772888634e-07,0
30,29,153,5.835921092978872e-07,0
30,29,154,1.443263189357159e-06,0
30,29,155,3.075336696866763e-06,0
30,29,156,7.017374449224598e-06,0
30,29,157,2.036439665086872e-05,0
30,29,158,7.01770324879223e-06,0
30,29,159,3.075699163842725e-06,0
30,29,160,1.443529763386386e-06,0
30,29,161,5.837267214905083e-07,0
30,29,162,2.972460251524831e-07,0
30,29,163,6.079953838224238e-07,0
30,29,164,6.382650831296505e-07,0
30,29,165,-1.552098005916595e-06,0
30,29,166,-1.623845931183318e-05,0
30,29,167,-1.552028326371248e-06,0
30,29,168,6.384184114315116e-07,0
30,29,169,6.081295894481648e-07,0
30,29,170,2.97317413055611e-07,0
31,30,0,-0.07178018963687331,0
31,30,1,0.1373306891288565,0
31,30,2,-0.1728198967608754,0
31,30,3,-0.1547199812552639,0
31,30,4,0.1267758179941741,0
31,30,5,0.04262678380249806,0
31,30,6,-0.8283656714188865,0
31,30,7,0.561288933521725,0
31,30,8,0.16380795131022,0
31,30,9,-0.2965900906749261,0
31,30,10,0.9642037674500193,0
31,30,11,-0.4298701768920119,0
31,30,12,-0.6083130635838184,0
31,30,13,0.4132911663232876,0
31,30,14,0.3494155061593256,0
31,30,15,-0.5142688011156902,0
31,30,16,0.8893011851616057,0
31,30,17,-0.194659170334089,0
31,30,18,-0.2692689086774289,0
31,30,19,0.5237012697938697,0
31,30,20,0.03868410674175089,0
31,30,21,-0.5884461561667363,0
31,30,22,0.4918302994926262,0
31,30,23,0.1889106587481247,0
31,30,24,0.5243517288891565,0
31,30,25,0.3002390427197891,0
31,30,26,-0.4601295582800801,0
31,30,27,-0.6974762391707771,0
31,30,28,0.5987379375226001,0
31,30,29,-0.08727857884868445,0
31,30,30,0.3039824025573703,0
31,30,31,-0.3000623164181502,0
31,30,32,0.1439379033594854,0
31,30,33,-0.1301281323294375,0
31,30,34,0.1354774417608663,0
31,30,35,0.500226836030662,0
31,30,36,-0.4320506188855044,0
31,30,37,-0.1478358161900367,0
31,30,38,0.3502697851168606,0
31,30,39,-0.4101874588929038,0
31,30,40,0.1435872556362514,0
31,30,41,0.6495831150064629,0
31,30,42,-0.937190480123648,0
31,30,43,0.1864098932471488,0
31,30,44,0.4472381491719317,0
31,30,45,-0.543104062425255,0
31,30,46,-0.2017738745359179,0
31,30,47,0.4761866998398441,0
31,30,48,-0.7362643836416685,0
31,30,49,0.1300187919361417,0
31,30,50,0.4908877527794108,0
31,30,51,-0.6947096782059009,0
31,30,52,-0.1496051329429191,0
31,30,53,-0.08980456599340383,0
31,30,54,-0.08969371059725792,0
31,30,55,0.1192762310710945,0
31,30,56,-0.3099071039830544,0
31,30,57,0.07152849471741834,0
31,30,58,-0.1998148429006525,0
31,30,59,0.3616742509982703,0
31,30,60,-0.1414915876468579,0
31,30,61,0.1974508400058448,0
31,30,62,-0.1288138811524282,0
31,30,63,0.1145666824104978,0
31,30,64,-0.5219396289636643,0
31,30,65,0.1775640927773892,0
31,30,66,0.216680169950239,0
31,30,67,-0.1911569495578052,0
31,30,68,0.5364068047856133,0
31,30,69,-0.2726958962242774,0
31,30,70,-0.3565314830713954,0
31,30,71,0.2519012324089631,0
31,30,72,0.02137364262859964,0
31,30,73,-0.7988795645544141,0
31,30,74,0.9389962447437235,0
31,30,75,-0.04130012011786525,0
31,30,76,-0.2451376022566268,0
31,30,77,0.6981628785191705,0
31,30,78,-0.07920572918682364,0
31,30,79,-0.7637337185749029,0
31,30,80,0.6259329670631973,0
31,30,81,0.2864036164338761,0
31,30,82,-0.01769633618701865,0
31,30,83,0.6439045037730659,0
31,30,84,-0.2996529404061551,0
31,30,85,-0.122557784552201,0
31,30,86,0.171218468001019,0
31,30,87,-0.06115498004665127,0
31,30,88,0.02111142583459155,0
31,30,89,0.1781607014008153,0
31,30,90,0.2571046934706294,0
31,30,91,-0.1649051266037924,0
31,30,92,-0.0454988702945484,0
31,30,93,0.09736190909664585,0
31,30,94,-0.3445957333009996,0
31,30,95,-0.002954960608725598,0
31,30,96,0.3118058462852206,0
31,30,97,0.009047844940209371,0
31,30,98,-0.2607545703554159,0
31,30,99,0.09725891736217537,0
31,30,100,-0.5249372977956729,0
31,30,101,0.4698090322825863,0
31,30,102,0.6113182051309949,0
31,30,103,-0.2737740257569107,0
31,30,104,-0.3530924188693906,0
31,30,105,0.5529812776290204,0
31,30,106,-0.9263471374474795,0
31,30,107,0.2884635062954308,0
31,30,108,0.6044261320700773,0
31,30,109,-0.8857660196851612,0
31,30,110,-0.1415775630113345,0
31,30,111,0.3575020007729006,0
31,30,112,-0.4341756421108661,0
31,30,113,-0.1235346286374652,0
31,30,114,-0.5087457983019156,0
31,30,115,0.2967617092665274,0
31,30,116,0.2081531180557766,0
31,30,117,-0.2298190565633637,0
31,30,118,-0.1148270472230443,0
31,30,119,-0.03767134553443355,0
31,30,120,-0.2969130026284488,0
31,30,121,0.2723721053830662,0
31,30,122,-0.2929194673341508,0
31,30,123,0.5239200769145578,0
31,30,124,0.1701222000557826,0
31,30,125,-0.1642930049952964,0
31,30,126,-0.5912590416082416,0
31,30,127,0.4888827142628289,0
31,30,128,-0.3369162131708898,0
31,30,129,0.4854482997500133,0
31,30,130,-0.8008713214826365,0
31,30,131,0.8702694324233708,0
31,30,132,-0.5377542529849165,0
31,30,133,1,0
31,30,134,0.2092749078718186,0
31,30,135,1.747753922875886e-07,0
31,30,136,4.623125594649554e-07,0
31,30,137,1.139620143077793e-06,0
31,30,138,3.268558538213436e-06,0
31,30,139,1.169225821440391e-05,0
31,30,140,3.26870075309129e-06,0
31,30,141,1.139754715347074e-06,0
31,30,142,4.624057081762128e-07,0
31,30,143,1.748219269063384e-07,0
31,30,144,2.582444178929393e-07,0
31,30,145,6.089859016550854e-07,0
31,30,146,1.103588434025567e-06,0
31,30,147,1.438787203856165e-06,0
31,30,148,-7.94343168970932e-07,0
31,30,149,1.438948484716593e-06,0
31,30,150,1.103779810115349e-06,0
31,30,151,6.091273992165818e-07,0
31,30,152,2.58315969206977e-07,0
31,30,153,2.668326010860569e-07,0
31,30,154,6.392283859755347e-07,0
31,30,155,1.196843479974952e-06,0
31,30,156,1.689551739706031e-06,0
31,30,157,-3.657805299242669e-07,0
31,30,158,1.6897886250458e-06,0
31,30,159,1.19706442129586e-06,0
31,30,160,6.393770923423487e-07,0
31,30,161,2.669046428743266e-07,0
31,30,162,1.899559815979113e-07,0
31,30,163,5.19546784468453e-07,0
31,30,164,1.342886780908165e-06,0
31,30,165,4.004641641807595e-06,0
31,30,166,1.446921456322713e-05,0
31,30,167,4.004834736489117e-06,0
31,30,168,1.343041651458877e-06,0
31,30,169,5.196429567044348e-07,0
31,30,170,1.900005725429936e-07,0
32,31,0,0.4146688693674318,0
32,31,1,-0.5109190588443752,0
32,31,2,0.4248633639542257,0
32,31,3,-0.502915490979866,0
32,31,4,-0.1011249820879265,0
32,31,5,0.2981512438780762,0
32,31,6,-0.04625130404142486,0
32,31,7,0.636309997963557,0
32,31,8,-0.4877838865899762,0
32,31,9,-0.9850684112782785,0
32,31,10,0.3998035226694737,0
32,31,11,0.5560449690055528,0
32,31,12,0.3935243836923957,0
32,31,13,0.8514165001088517,0
32,31,14,-0.8320060003617856,0
32,31,15,0.3618554959239749,0
32,31,16,-0.8946170242562018,0
32,31,17,0.6095393098075634,0
32,31,18,-0.1787576724533843,0
32,31,19,-0.1073771033000259,0
32,31,20,-0.04194766314783498,0
32,31,21,-0.1033167546275289,0
32,31,22,0.2988861206523123,0
32,31,23,-0.1663220763548949,0
32,31,24,0.04417170244051163,0
32,31,25,0.02303614378054681,0
32,31,26,0.03385934450378598,0
32,31,27,-0.05934747997277615,0
32,31,28,0.04781087535800285,0
32,31,29,0.248869905827859,0
32,31,30,-0.4762757848856254,0
32,31,31,0.1441800061011023,0
32,31,32,-0.009665301115596468,0
32,31,33,-0.1163919937404488,0
32,31,34,-0.383137520826894,0
32,31,35,0.1206434068866034,0
32,31,36,0.2980264355695235,0
32,31,37,-0.2031691707168466,0
32,31,38,0.7072479617016633,0
32,31,39,-1,0
32,31,40,0.255507981504295,0
32,31,41,-0.02672315434501495,0
32,31,42,-0.0001924536771345271,0
32,31,43,-0.02082424260772825,0
32,31,44,-0.07923331362851174,0
32,31,45,-0.5432711771257182,0
32,31,46,0.4645234046189308,0
32,31,47,-0.1828338561016132,0
32,31,48,0.6124433845714958,0
32,31,49,-0.6931840773933288,0
32,31,50,0.08165063879312036,0
32,31,51,0.06993490829283698,0
32,31,52,0.1712006968800027,0
32,31,53,0.0569471970591931,0
32,31,54,-0.2323329306148227,0
32,31,55,0.1960777482491501,0
32,31,56,-0.01383686761950851,0
32,31,57,-0.09486634230757826,0
32,31,58,-0.008868997856755378,0
32,31,59,-0.05122026991103594,0
32,31,60,-0.03819242822941852,0
32,31,61,-0.6783238603891044,0
32,31,62,0.5837894401764026,0
32,31,63,0.1658136810338299,0
32,31,64,0.06795821419485948,0
32,31,65,0.5401019020415581,0
32,31,66,-0.02984265143815826,0
32,31,67,-0.2902078300879984,0
32,31,68,-0.251487553546589,0
32,31,69,0.4890027864482506,0
32,31,70,-0.3975403678358981,0
32,31,71,0.7158301806982355,0
32,31,72,-0.4418414314418053,0
32,31,73,0.4617548887728322,0
32,31,74,-0.1577461281400246,0
32,31,75,-0.2734259565569814,0
32,31,76,-0.6288137729100791,0
32,31,77,0.3101908995018289,0
32,31,78,0.3631171251447366,0
32,31,79,0.5211510959531412,0
32,31,80,0.0331291783920503,0
32,31,81,-0.09456105201420759,0
32,31,82,-0.1481919942903812,0
32,31,83,-0.5697771892937452,0
32,31,84,0.3265905559957492,0
32,31,85,0.4519818260823237,0
32,31,86,-0.503997739457384,0
32,31,87,-0.1906779631279761,0
32,31,88,-0.207209332273803,0
32,31,89,0.6613456482687616,0
32,31,90,0.5357273418735128,0
32,31,91,-0.08245524679744841,0
32,31,92,-0.4466850207917619,0
32,31,93,0.5082186398763008,0
32,31,94,-0.7855264546715104,0
32,31,95,0.1723837469868956,0
32,31,96,0.2817668476216152,0
32,31,97,-0.7541832969244818,0
32,31,98,-0.08551528740155599,0
32,31,99,-0.003674880446901465,0
32,31,100,0.2376323156275974,0
32,31,101,-0.3476770670533823,0
32,31,102,-0.1626981294201285,0
32,31,103,-0.04538317105678718,0
32,31,104,0.5601972586159126,0
32,31,105,0.2136658998923781,0
32,31,106,-0.1762104779565526,0
32,31,107,-0.1212145232344799,0
32,31,108,0.3788079296212823,0
32,31,109,-0.2181360897082539,0
32,31,110,-0.2662200873008955,0
32,31,111,-0.4278619218623788,0
32,31,112,-0.3523392860308004,0
32,31,113,0.3454155836763453,0
32,31,114,0.9623867623256908,0
32,31,115,-0.6310066800318761,0
32,31,116,0.6461068176591439,0
32,31,117,-0.7957533190588337,0
32,31,118,-0.5339933634600829,0
32,31,119,0.1651984584976253,0
32,31,120,-0.369344976578073,0
32,31,121,0.5199350573533223,0
32,31,122,-0.6593685949654537,0
32,31,123,0.7443428478680767,0
32,31,124,-0.341396048418629,0
32,31,125,0.8670375813097103,0
32,31,126,0.6519916154664979,0
32,31,127,-0.5463811004839552,0
32,31,128,-0.239602291832527,0
32,31,129,-0.2267093649048844,0
32,31,130,-0.4483034548441512,0
32,31,131,0.6483489947062406,0
32,31,132,0.06491302869953366,0
32,31,133,0.0765350130461388,0
32,31,134,0.3172441102056147,0
32,31,135,7.943464803595e-07,0
32,31,136,2.158455148358348e-06,0
32,31,137,5.150538498701384e-06,0
32,31,138,1.193154901928927e-05,0
32,31,139,2.445364351002336e-05,0
32,31,140,1.193240314251571e-05,0
32,31,141,5.151213089563358e-06,0
32,31,142,2.158864440175964e-06,0
32,31,143,7.945364291331051e-07,0
32,31,144,1.127329960077271e-06,0
32,31,145,2.998631341495976e-06,0
32,31,146,7.232979347338932e-06,0
32,31,147,1.921520072386188e-05,0
32,31,148,6.181589141503634e-05,0
32,31,149,1.921603890302767e-05,0
32,31,150,7.233755998496306e-06,0
32,31,151,2.999153628221487e-06,0
32,31,152,1.127584161223962e-06,0
32,31,153,8.578708716463611e-07,0
32,31,154,1.925187504084402e-06,0
32,31,155,3.040657389418895e-06,0
32,31,156,1.700308892957096e-06,0
32,31,157,-1.814946827653604e-05,0
32,31,158,1.70063269773108e-06,0
32,31,159,3.04114014010125e-06,0
32,31,160,1.925578444798644e-06,0
32,31,161,8.580754122197483e-07,0
32,31,162,4.188839379573194e-07,0
32,31,163,8.130168506757252e-07,0
32,31,164,8.379679215501862e-07,0
32,31,165,-8.217613741289968e-07,0
32,31,166,-6.609774033896986e-06,0
32,31,167,-8.216010729721916e-07,0
32,31,168,8.382039065675605e-07,0
32,31,169,8.132177412417092e-07,0
32,31,170,4.18991587981032e-07,0
33,32,0,0.7025654110255733,0
33,32,1,-0.2431273848071932,0
33,32,2,-0.4349009074535002,0
33,32,3,-0.176326744972185,0
33,32,4,-0.6726188243626807,0
33,32,5,0.5762316302747772,0
33,32,6,0.04716064521400858,0
33,32,7,0.3501422417740421,0
33,32,8,-0.4813929642353418,0
33,32,9,0.4571534675231064,0
33,32,10,-0.3765838615866351,0
33,32,11,0.05990319101257291,0
33,32,12,0.6998182569292666,0
33,32,13,-0.8003029293778314,0
33,32,14,0.0204641114420736,0
33,32,15,-0.01827800127491546,0
33,32,16,-0.6334313626228885,0
33,32,17,0.2417728037550634,0
33,32,18,-0.3814648581521182,0
33,32,19,0.3927695555808937,0
33,32,20,-0.1776644048344984,0
33,32,21,-0.7583951692065509,0
33,32,22,0.7631413912346448,0
33,32,23,0.1069176369197618,0
33,32,24,0.4596006787747556,0
33,32,25,0.4727400440523895,0
33,32,26,-0.4413759821097575,0
33,32,27,-0.6813781726860595,0
33,32,28,0.6001957008756333,0
33,32,29,-0.4666684124566154,0
33,32,30,0.812317271439802,0
33,32,31,-0.4727974154493765,0
33,32,32,-0.06227695913551017,0
33,32,33,-0.03619609283366631,0
33,32,34,0.1544659168172381,0
33,32,35,-0.1813564106223449,0
33,32,36,0.6070864269336751,0
33,32,37,-0.3287652695481347,0
33,32,38,-0.1643204976279908,0
33,32,39,-0.07519811711688751,0
33,32,40,0.5127885760770042,0
33,32,41,-0.5608828004691566,0
33,32,42,0.5154157397507766,0
33,32,43,-0.05685496831433497,0
33,32,44,-0.3026535789303177,0
33,32,45,0.6160508798281712,0
33,32,46,-0.226615149280434,0
33,32,47,0.08301975142907908,0
33,32,48,0.339587636682526,0
33,32,49,-0.133350307411813,0
33,32,50,0.6203186592769883,0
33,32,51,-0.6425072091063374,0
33,32,52,0.1225678044429309,0
33,32,53,0.06414010811634933,0
33,32,54,-0.3818198934149301,0
33,32,55,0.2456609204066493,0
33,32,56,-0.4227114080194155,0
33,32,57,0.04749862711432697,0
33,32,58,-0.201616489095706,0
33,32,59,0.436044103758065,0
33,32,60,-0.07579492848444917,0
33,32,61,0.5208873463823283,0
33,32,62,-0.3954811664826516,0
33,32,63,0.1719748383031731,0
33,32,64,-0.286310934521727,0
33,32,65,-0.1679604489551879,0
33,32,66,0.3432336841794274,0
33,32,67,0.8303632036775723,0
33,32,68,-0.3919823511276157,0
33,32,69,-0.4748376916980991,0
33,32,70,0.003716216813435478,0
33,32,71,-0.6450207846375412,0
33,32,72,0.1961555409254378,0
33,32,73,0.4779237235924259,0
33,32,74,-0.01701829438443806,0
33,32,75,-0.3451528593361677,0
33,32,76,-0.04458800385279661,0
33,32,77,-0.5908104254106535,0
33,32,78,0.609965541797124,0
33,32,79,-0.1152730723037744,0
33,32,80,0.1616162955745045,0
33,32,81,-0.2017504091991234,0
33,32,82,-0.2972391870578214,0
33,32,83,0.2028509679056563,0
33,32,84,-0.08088614233594867,0
33,32,85,0.3914231866213067,0
33,32,86,-0.3509484122854569,0
33,32,87,0.04737270117458976,0
33,32,88,-0.07173005956952866,0
33,32,89,0.1482439785376495,0
33,32,90,0.1888494814038885,0
33,32,91,-0.2357163847293529,0
33,32,92,-0.03510176288642308,0
33,32,93,-0.1034021499553213,0
33,32,94,-0.1796664862920009,0
33,32,95,-0.1201748668331179,0
33,32,96,-0.3785560021128379,0
33,32,97,0.694074786370184,0
33,32,98,-0.196462575876826,0
33,32,99,-0.6491668636204928,0
33,32,100,0.329363027299566,0
33,32,101,0.4877609802465356,0
33,32,102,-0.09985751000187591,0
33,32,103,0.9915912069766866,0
33,32,104,-0.4294332125074126,0
33,32,105,-0.01553902465531361,0
33,32,106,-0.5409494967658376,0
33,32,107,0.464572621871404,0
33,32,108,0.03006271693524604,0
33,32,109,0.4925063206033676,0
33,32,110,-0.6643802770706655,0
33,32,111,-0.02186591485104258,0
33,32,112,-0.2063165008963803,0
33,32,113,0.425712535246843,0
33,32,114,0.1963763160837519,0
33,32,115,0.0400937157286294,0
33,32,116,0.1346284480006359,0
33,32,117,-0.1725444890833928,0
33,32,118,-0.1931927021565382,0
33,32,119,0.05905083881447901,0
33,32,120,-0.2896949513719773,0
33,32,121,0.394996535215882,0
33,32,122,0.1896810391147533,0
33,32,123,0.1750384167663083,0
33,32,124,0.8862664518533018,0
33,32,125,-1,0
33,32,126,0.16629183705018,0
33,32,127,-0.5125492992336368,0
33,32,128,0.3075362062581934,0
33,32,129,-0.6130270468198853,0
33,32,130,-0.5694024051196876,0
33,32,131,0.5754286377301585,0
33,32,132,0.4879053067397045,0
33,32,133,-0.1883578820579452,0
33,32,134,-0.3765185740226429,0
33,32,135,1.20283163056181e-06,0
33,32,136,3.088237820717156e-06,0
33,32,137,6.857693336549871e-06,0
33,32,138,1.535810657381221e-05,0
33,32,139,3.652897290618055e-05,0
33,32,140,1.535921414204722e-05,0
33,32,141,6.858701730842829e-06,0
33,32,142,3.0889066497788e-06,0
33,32,143,1.203156962883196e-06,0
33,32,144,1.852998008626502e-06,0
33,32,145,4.650934283452362e-06,0
33,32,146,9.884488716664902e-06,0
33,32,147,2.045573792100438e-05,0
33,32,148,4.19087027444223e-05,0
33,32,149,2.045721592512594e-05,0
33,32,150,9.885914457980414e-06,0
33,32,151,4.651911562995306e-06,0
33,32,152,1.853478126538444e-06,0
33,32,153,1.738064971342854e-06,0
33,32,154,4.241523456700262e-06,0
33,32,155,8.589318860527417e-06,0
33,32,156,1.674241707971066e-05,0
33,32,157,3.37160260679738e-05,0
33,32,158,1.674359885234655e-05,0
33,32,159,8.59054711481541e-06,0
33,32,160,4.24239911242693e-06,0
33,32,161,1.738500782477277e-06,0
33,32,162,1.003423350395827e-06,0
33,32,163,2.338839256547008e-06,0
33,32,164,4.213126111605183e-06,0
33,32,165,5.886845299550394e-06,0
33,32,166,1.42740612371357e-06,0
33,32,167,5.887425781619184e-06,0
33,32,168,4.213786375420748e-06,0
33,32,169,2.339328197155086e-06,0
33,32,170,1.0036687242858e-06,0
34,33,0,-0.3277119889996738,0
34,33,1,0.3894122060222054,0
34,33,2,-0.2805764038372633,0
34,33,3,-0.8151189907521855,0
34,33,4,0.7183593745884896,0
34,33,5,0.1553856214603038,0
34,33,6,-0.3943647080966309,0
34,33,7,0.9953222015614918,0
34,33,8,-0.2522241680162322,0
34,33,9,0.3314623037640878,0
34,33,10,0.04143489212415669,0
34,33,11,0.005279101685652814,0
34,33,12,0.06127734941470266,0
34,33,13,-0.4383691933533623,0
34,33,14,0.2864367557691709,0
34,33,15,0.06998736963657037,0
34,33,16,0.005379914220326684,0
34,33,17,-0.1716920846141126,0
34,33,18,0.1038111118813717,0
34,33,19,-0.1444531047115022,0
34,33,20,0.0235664863078547,0
34,33,21,0.6558745987364071,0
34,33,22,-0.4465407055324671,0
34,33,23,-0.2033259977642524,0
34,33,24,-0.2899912997806572,0
34,33,25,-0.5301427792351633,0
34,33,26,0.4238189670480115,0
34,33,27,0.5024414163090376,0
34,33,28,-0.4721161591911953,0
34,33,29,-0.08910258890833463,0
34,33,30,0.3955991397569358,0
34,33,31,-0.3092655603072977,0
34,33,32,0.680425455688178,0
34,33,33,-0.5345466497989205,0
34,33,34,0.05294760746451956,0
34,33,35,0.5010311044584737,0
34,33,36,-0.7667335183004031,0
34,33,37,0.134370808543496,0
34,33,38,0.1383169155967464,0
34,33,39,-0.5816115278638438,0
34,33,40,0.2263437547324127,0
34,33,41,-0.1022498198349182,0
34,33,42,-0.0803305627698743,0
34,33,43,-0.1900969122712502,0
34,33,44,-0.1312790171817445,0
34,33,45,0.4233291398110723,0
34,33,46,-0.2399589139214846,0
34,33,47,-0.0962861182516704,0
34,33,48,0.01352115280669841,0
34,33,49,0.2364385385066161,0
34,33,50,-0.4370359506955415,0
34,33,51,0.4533016433188088,0
34,33,52,0.1145715858620407,0
34,33,53,-0.116822928703619,0
34,33,54,0.2043617110315768,0
34,33,55,-0.07486961640867179,0
34,33,56,0.4823513364876383,0
34,33,57,-0.1816508208840936,0
34,33,58,-0.18193090953639,0
34,33,59,0.2989993421442991,0
34,33,60,0.006719889681719591,0
34,33,61,-0.0709675422124682,0
34,33,62,0.02577211813577415,0
34,33,63,0.2175910512304326,0
34,33,64,-0.6426421070628699,0
34,33,65,0.380793304749359,0
34,33,66,0.08289915699239579,0
34,33,67,-0.07488298968878421,0
34,33,68,0.6703447159792882,0
34,33,69,-0.5171537918186813,0
34,33,70,-0.3600355641771047,0
34,33,71,0.281155334848141,0
34,33,72,0.2371613369132377,0
34,33,73,0.08835622193310613,0
34,33,74,0.3460077887186867,0
34,33,75,0.005643247196124559,0
34,33,76,0.2542842822491641,0
34,33,77,-0.5511283405604621,0
34,33,78,0.2512033443081685,0
34,33,79,0.3593643792430679,0
34,33,80,-0.3063341701852532,0
34,33,81,-0.3688420178067001,0
34,33,82,0.2175619519840215,0
34,33,83,-0.3957468252561835,0
34,33,84,0.01419860756273858,0
34,33,85,-0.1139782176421799,0
34,33,86,0.1003696947183485,0
34,33,87,0.02236949718134471,0
34,33,88,-0.2764995065990433,0
34,33,89,0.4554680962335169,0
34,33,90,0.4300856306895538,0
34,33,91,-0.2694014330031714,0
34,33,92,-0.3056702451227165,0
34,33,93,0.1650945225443851,0
34,33,94,-0.4743409138924489,0
34,33,95,0.0139013444143996,0
34,33,96,0.1462363968093399,0
34,33,97,0.09968076262703614,0
34,33,98,-0.04864560156560317,0
34,33,99,0.2859858616211574,0
34,33,100,-0.6662668787109696,0
34,33,101,0.4037166375003008,0
34,33,102,0.3987506720706473,0
34,33,103,-0.2895388829903578,0
34,33,104,-0.3771565274464768,0
34,33,105,-0.1632470602016696,0
34,33,106,-0.4325437107032414,0
34,33,107,0.1724664229336402,0
34,33,108,-0.5677517932629726,0
34,33,109,0.9014514503951849,0
34,33,110,-0.216820095102593,0
34,33,111,-0.3065125925993651,0
34,33,112,0.4544565280628846,0
34,33,113,0.3181931390459186,0
34,33,114,0.2168777742063788,0
34,33,115,-0.0791378322093431,0
34,33,116,0.3774325440031261,0
34,33,117,-0.5231342158895309,0
34,33,118,-0.5327537845324307,0
34,33,119,0.2819649520351656,0
34,33,120,-0.3409686287996106,0
34,33,121,0.6083253507981858,0
34,33,122,-0.0499759618002644,0
34,33,123,0.3030639695020667,0
34,33,124,0.08482477352316824,0
34,33,125,-0.2525645319956694,0
34,33,126,-0.7081943658056665,0
34,33,127,0.6944485575821361,0
34,33,128,-0.08457017253011966,0
34,33,129,0.4897720666909758,0
34,33,130,0.2556534648674534,0
34,33,131,0.002630130736605226,0
34,33,132,0.8222184517320917,0
34,33,133,-1,0
34,33,134,-0.5684328506588493,0
34,33,135,3.348179331401886e-07,0
34,33,136,7.273392626974657e-07,0
34,33,137,1.227014742706002e-06,0
34,33,138,2.353046319903509e-06,0
34,33,139,9.892436915662664e-06,0
34,33,140,2.353223104060864e-06,0
34,33,141,1.227289238933524e-06,0
34,33,142,7.275650658130184e-07,0
34,33,143,3.349384984239071e-07,0
34,33,144,6.229588314441022e-07,0
34,33,145,1.36800626578673e-06,0
34,33,146,1.946838938987875e-06,0
34,33,147,-4.887136964483282e-07,0
34,33,148,-2.36584576027386e-05,0
34,33,149,-4.881675445823619e-07,0
34,33,150,1.947422331915319e-06,0
34,33,151,1.368423488344907e-06,0
34,33,152,6.231676604602183e-07,0
34,33,153,8.12319362478908e-07,0
34,33,154,2.143560534606103e-06,0
34,33,155,5.108754234633526e-06,0
34,33,156,1.346470261954326e-05,0
34,33,157,4.38832568920972e-05,0
34,33,158,1.346558205937518e-05,0
34,33,159,5.109497618360295e-06,0
34,33,160,2.144034121596267e-06,0
34,33,161,8.125428070006653e-07,0
34,33,162,5.814834867382563e-07,0
34,33,163,1.595961853448019e-06,0
34,33,164,3.904994494184258e-06,0
34,33,165,9.549569983759816e-06,0
34,33,166,2.215191051505979e-05,0
34,33,167,9.550081352511362e-06,0
34,33,168,3.905455041209464e-06,0
34,33,169,1.59625733806466e-06,0
34,33,170,5.816210421254374e-07,0
35,34,0,-0.8205869077584165,0
35,34,1,0.2493273173563094,0
35,34,2,0.5981951145382846,0
35,34,3,-0.120656322957395,0
35,34,4,1,0
35,34,5,-0.5243170904900426,0
35,34,6,-0.132468195350604,0
35,34,7,-0.04853995407156641,0
35,34,8,0.3969678411031846,0
35,34,9,0.5549386892564896,0
35,34,10,-0.1241012513970793,0
35,34,11,-0.3155978938799182,0
35,34,12,0.5521922279320356,0
35,34,13,-0.9415641223876037,0
35,34,14,0.2185802729249272,0
35,34,15,-0.1301674719203884,0
35,34,16,-0.3639882127097669,0
35,34,17,0.05322380778110487,0
35,34,18,0.1099980464306742,0
35,34,19,0.2056480568759299,0
35,34,20,-0.3000972491698551,0
35,34,21,-0.9113495362080465,0
35,34,22,0.3135234617445193,0
35,34,23,0.494439501638156,0
35,34,24,0.2586767108525275,0
35,34,25,0.9176954947514827,0
35,34,26,-0.6431796800842972,0
35,34,27,-0.5867661272077053,0
35,34,28,0.6071182711349516,0
35,34,29,0.6776018205295929,0
35,34,30,-0.8936814515435414,0
35,34,31,0.07369869413499287,0
35,34,32,0.3089627928230353,0
35,34,33,-0.2694711085006236,0
35,34,34,-0.2464164286612081,0
35,34,35,0.3229701542377793,0
35,34,36,-0.8774894774945706,0
35,34,37,0.3040562273338335,0
35,34,38,-0.3015473788117244,0
35,34,39,0.3099946951719028,0
35,34,40,-0.2373268287532672,0
35,34,41,-0.498868861475897,0
35,34,42,0.32163253325932,0
35,34,43,0.2296244855266233,0
35,34,44,-0.2619132594502333,0
35,34,45,0.7666447291213497,0
35,34,46,-0.3253748110059799,0
35,34,47,-0.09169926728530967,0
35,34,48,0.3253199366915308,0
35,34,49,0.2229278455862317,0
35,34,50,0.5339399949244463,0
35,34,51,-0.6363350026386105,0
35,34,52,-0.03574872751863729,0
35,34,53,0.2618164286598276,0
35,34,54,-0.1248901082511873,0
35,34,55,-0.1423455329367498,0
35,34,56,-0.8629957626323627,0
35,34,57,0.4323736835222123,0
35,34,58,-0.2854047449753374,0
35,34,59,0.07082921203400326,0
35,34,60,0.1612408624350066,0
35,34,61,-0.7813166775039588,0
35,34,62,0.888217045538747,0
35,34,63,0.06773026702095195,0
35,34,64,0.0001282143159138133,0
35,34,65,0.4785090325864697,0
35,34,66,-0.1434957671590701,0
35,34,67,-0.4039283388323607,0
35,34,68,0.3234621244018801,0
35,34,69,0.1911385117053354,0
35,34,70,0.7474123973435097,0
35,34,71,-0.1971395843505428,0
35,34,72,-0.3228076632488902,0
35,34,73,0.02251068764123535,0
35,34,74,-0.6550649580882668,0
35,34,75,0.4108404703602708,0
35,34,76,0.5793414153781773,0
35,34,77,-0.416382441097571,0
35,34,78,-0.3081182271318785,0
35,34,79,-0.4201982957041211,0
35,34,80,-0.2610807010981399,0
35,34,81,0.2517153708560027,0
35,34,82,-0.3892378848170043,0
35,34,83,0.8715129284498109,0
35,34,84,-0.2341333516827425,0
35,34,85,-0.01582958665468534,0
35,34,86,0.0734049933529581,0
35,34,87,0.04546809112828729,0
35,34,88,-0.5210441001434767,0
35,34,89,0.6654364620737006,0
35,34,90,0.7109398803091185,0
35,34,91,-0.2584259291165361,0
35,34,92,-0.5707177539336349,0
35,34,93,0.3382977007958563,0
35,34,94,-0.8894884186426316,0
35,34,95,0.346009159121513,0
35,34,96,0.2529956928288429,0
35,34,97,-0.4561924382829249,0
35,34,98,-0.1533224931151552,0
35,34,99,-0.1688211834228441,0
35,34,100,0.1263600846519767,0
35,34,101,0.004346665431601063,0
35,34,102,-0.3786234536187323,0
35,34,103,0.05740055116984379,0
35,34,104,0.1755547324221458,0
35,34,105,-0.2630005650506275,0
35,34,106,0.9362805399169014,0
35,34,107,-0.3774754828802013,0
35,34,108,-0.3076552058165057,0
35,34,109,-0.01432447201065443,0
35,34,110,0.4759367140606867,0
35,34,111,0.6141378002381376,0
35,34,112,0.2691289253954494,0
35,34,113,-0.5692349444279068,0
35,34,114,-0.991795853806035,0
35,34,115,0.7343923037719806,0
35,34,116,0.4809622164294315,0
35,34,117,-0.745513389415792,0
35,34,118,-0.8307054768335922,0
35,34,119,0.5933728637535149,0
35,34,120,-0.2741991154206956,0
35,34,121,0.6068529085373067,0
35,34,122,-0.4950282524496384,0
35,34,123,0.6551160093015573,0
35,34,124,-0.002759433261748751,0
35,34,125,0.3629707684681949,0
35,34,126,0.3080005173389138,0
35,34,127,-0.3496547063194981,0
35,34,128,0.1681714812962692,0
35,34,129,-0.1331499327753512,0
35,34,130,0.5835351503588035,0
35,34,131,-0.8891454321758668,0
35,34,132,-0.3828181406111397,0
35,34,133,0.2035630290633762,0
35,34,134,-0.1656363642079716,0
35,34,135,-1.334755623558003e-06,0
35,34,136,-3.25103350454714e-06,0
35,34,137,-6.332065425965298e-06,0
35,34,138,-1.000262956212423e-05,0
35,34,139,-3.891544846844322e-06,0
35,34,140,-1.000391968480811e-05,0
35,34,141,-6.333278081307892e-06,0
35,34,142,-3.251850802521562e-06,0
35,34,143,-1.335156112862562e-06,0
35,34,144,-2.198734482800486e-06,0
35,34,145,-5.559221540299465e-06,0
35,34,146,-1.218784090788445e-05,0
35,34,147,-2.793072935623507e-05,0
35,34,148,-7.508704672162847e-05,0
35,34,149,-2.793268301363195e-05,0
35,34,150,-1.218966789402415e-05,0
35,34,151,-5.560458249148134e-06,0
35,34,152,-2.199339202132201e-06,0
35,34,153,-2.122063373617181e-06,0
35,34,154,-5.221141568314242e-06,0
35,34,155,-1.066304307130109e-05,0
35,34,156,-2.041835147666318e-05,0
35,34,157,-3.489658086351153e-05,0
35,34,158,-2.041988494056627e-05,0
35,34,159,-1.066463053112669e-05,0
35,34,160,-5.222264126886362e-06,0
35,34,161,-2.122619132098546e-06,0
35,34,162,-1.254338955015539e-06,0
35,34,163,-2.986189990410619e-06,0
35,34,164,-5.646030880450547e-06,0
35,34,165,-9.08346665551891e-06,0
35,34,166,-9.743053585261728e-06,0
35,34,167,-9.08427393127335e-06,0
35,34,168,-5.646906590558409e-06,0
35,34,169,-2.98682526079174e-06,0
35,34,170,-1.254654821301823e-06,0
36,35,0,0.0004193934371652355,0
36,35,1,0.263132186712568,0
36,35,2,-0.4212397116411489,0
36,35,3,-0.2166260804583992,0
36,35,4,0.04635005700623034,0
36,35,5,0.1933597515691247,0
36,35,6,-0.1566446448219707,0
36,35,7,0.3464207464933458,0
36,35,8,-0.09209641835605586,0
36,35,9,-0.4251137833803534,0
36,35,10,0.3365936126736878,0
36,35,11,0.1817805970071708,0
36,35,12,0.2350794505475486,0
36,35,13,0.3095598290499468,0
36,35,14,-0.2585484991503778,0
36,35,15,0.3021060757756063,0
36,35,16,-0.5759566890902476,0
36,35,17,0.1959487918006002,0
36,35,18,0.440892691332073,0
36,35,19,-0.4773900395720782,0
36,35,20,-0.2033673147954543,0
36,35,21,-0.7964685887108136,0
36,35,22,0.03114389836020003,0
36,35,23,0.3904120908989932,0
36,35,24,0.06754301485790205,0
36,35,25,0.9882530536615649,0
36,35,26,-0.5715508586655152,0
36,35,27,-0.3822377315407897,0
36,35,28,0.4842639377076249,0
36,35,29,-0.3383397346745924,0
36,35,30,0.4355992124586366,0
36,35,31,0.1431317699149519,0
36,35,32,0.2756823489126728,0
36,35,33,-0.1271495534115533,0
36,35,34,0.0875630472361882,0
36,35,35,0.1159642556181325,0
36,35,36,-0.2465607014994027,0
36,35,37,0.002314559335933513,0
36,35,38,0.4087957235885392,0
36,35,39,-0.42708588400121,0
36,35,40,-0.1472059407513669,0
36,35,41,0.04597220620592787,0
36,35,42,-0.2205964100549097,0
36,35,43,0.05017374218751291,0
36,35,44,-0.2494548242581705,0
36,35,45,-0.06637599009840603,0
36,35,46,0.1518834656473803,0
36,35,47,-0.4614825761823927,0
36,35,48,0.8015812136953939,0
36,35,49,-0.1135000843452035,0
36,35,50,0.1869046317198054,0
36,35,51,-0.02757972242395568,0
36,35,52,-0.01250194087858562,0
36,35,53,0.3852591117458101,0
36,35,54,-0.003619581439461907,0
36,35,55,-0.1254621369441843,0
36,35,56,-1,0
36,35,57,0.5265972071936953,0
36,35,58,0.3481666769191319,0
36,35,59,-0.2098471264369104,0
36,35,60,-0.2380524876527801,0
36,35,61,0.1872311366368893,0
36,35,62,-0.4576475914040182,0
36,35,63,-0.01774602597644775,0
36,35,64,-0.3364093909231457,0
36,35,65,0.118733240298382,0
36,35,66,-0.007613538528856983,0
36,35,67,-0.2676485997407026,0
36,35,68,0.6054943145636549,0
36,35,69,-0.07393479485687976,0
36,35,70,-0.3120090840793507,0
36,35,71,0.2511751967812484,0
36,35,72,0.2651372766876596,0
36,35,73,0.2396110863203617,0
36,35,74,0.1470324447665327,0
36,35,75,-0.2824795426248966,0
36,35,76,0.2779703204016817,0
36,35,77,-0.3918025025734945,0
36,35,78,0.05899909928444453,0
36,35,79,0.2136049097913675,0
36,35,80,-0.4170759870972869,0
36,35,81,0.02772419861682775,0
36,35,82,-0.3399953339694857,0
36,35,83,0.09710644184150456,0
36,35,84,0.1364189110770162,0
36,35,85,0.1050374153369223,0
36,35,86,-0.2651598719352084,0
36,35,87,-0.1901543110487823,0
36,35,88,0.6068634080615206,0
36,35,89,-0.4971968440290833,0
36,35,90,-0.4867061220897476,0
36,35,91,0.2404393624940981,0
36,35,92,0.4702527522468398,0
36,35,93,0.1027368655676886,0
36,35,94,0.4820951204543965,0
36,35,95,-0.2885478530394928,0
36,35,96,0.3138280418907558,0
36,35,97,-0.409178833518213,0
36,35,98,0.2128223662554695,0
36,35,99,0.4762880359155547,0
36,35,100,-0.6979030604673673,0
36,35,101,-0.1274941729578589,0
36,35,102,-0.1126202591769807,0
36,35,103,-0.09234769394777906,0
36,35,104,-0.02813036713118398,0
36,35,105,-0.2616897787009054,0
36,35,106,0.164134824008193,0
36,35,107,0.1564529675249918,0
36,35,108,-0.2236209266276803,0
36,35,109,0.4362769866505141,0
36,35,110,-0.07956839475028643,0
36,35,111,0.0856117670715032,0
36,35,112,0.0598927911844598,0
36,35,113,-0.05598974031245105,0
36,35,114,0.0607314650875484,0
36,35,115,0.06989819566400185,0
36,35,116,-0.2536824182596715,0
36,35,117,0.5071021647694369,0
36,35,118,0.7430218703942939,0
36,35,119,-0.6725148920410817,0
36,35,120,0.04183753907262959,0
36,35,121,-0.4265417671879223,0
36,35,122,-0.0312682504321717,0
36,35,123,-0.1413317480154632,0
36,35,124,-0.5911572276199824,0
36,35,125,0.5610786878495205,0
36,35,126,-0.2168742993326589,0
36,35,127,0.6878540626445342,0
36,35,128,0.3407558736189374,0
36,35,129,-0.2079539584969802,0
36,35,130,0.1690297317091279,0
36,35,131,-0.3681850590932327,0
36,35,132,0.07878853561941793,0
36,35,133,-0.1673308031731818,0
36,35,134,-0.1123088799218439,0
36,35,135,1.305711295352414e-06,0
36,35,136,3.407812164114639e-06,0
36,35,137,7.734807835788522e-06,0
36,35,138,1.757693640006349e-05,0
36,35,139,4.098040929116022e-05,0
36,35,140,1.757824519693144e-05,0
36,35,141,7.735956963207607e-06,0
36,35,142,3.408556402311598e-06,0
36,35,143,1.306068689087961e-06,0
36,35,144,1.966597486873979e-06,0
36,35,145,5.014084951027709e-06,0
36,35,146,1.100376772348403e-05,0
36,35,147,2.41723944654375e-05,0
36,35,148,5.525264446318163e-05,0
36,35,149,2.417404125398157e-05,0
36,35,150,1.100531761366663e-05,0
36,35,151,5.01513570916701e-06,0
36,35,152,1.967111248209717e-06,0
36,35,153,1.752294154748626e-06,0
36,35,154,4.238010568891226e-06,0
36,35,155,8.459584455706491e-06,0
36,35,156,1.626336904658259e-05,0
36,35,157,3.318032245527533e-05,0
36,35,158,1.626446877082901e-05,0
36,35,159,8.460798440690312e-06,0
36,35,160,4.23890138067799e-06,0
36,35,161,1.752743255704986e-06,0
36,35,162,9.441898071335798e-07,0
36,35,163,2.056547105127647e-06,0
36,35,164,3.0150648648822e-06,0
36,35,165,9.748296362188243e-07,0
36,35,166,-1.873640024719927e-05,0
36,35,167,9.752626657087684e-07,0
36,35,168,3.015661461489492e-06,0
36,35,169,2.057021733800609e-06,0
36,35,170,9.44435024490127e-07,0
37,36,0,0.3334424480168822,0
37,36,1,-0.4166633257382286,0
37,36,2,0.2244625361050538,0
37,36,3,0.2147599770678756,0
37,36,4,-0.4301064643956162,0
37,36,5,-0.01947005269594243,0
37,36,6,-0.8539221075132167,0
37,36,7,0.3377287319285373,0
37,36,8,0.271621759695902,0
37,36,9,0.1963841079931496,0
37,36,10,0.8864773519710395,0
37,36,11,-0.5419171280022748,0
37,36,12,0.4673093962461779,0
37,36,13,-0.7779692515228994,0
37,36,14,0.3697054022543675,0
37,36,15,-0.05792445154440346,0
37,36,16,-0.3519773604584099,0
37,36,17,-0.004320284657842796,0
37,36,18,-0.4390208932167345,0
37,36,19,0.4486784384714485,0
37,36,20,-0.02551472951420334,0
37,36,21,0.3139517654104213,0
37,36,22,0.2581952701067985,0
37,36,23,-0.2112762404277286,0
37,36,24,0.05512785001864551,0
37,36,25,-0.5318193986412307,0
37,36,26,0.2984218694381193,0
37,36,27,0.09144977440162991,0
37,36,28,-0.1962251518632953,0
37,36,29,-0.02209591872314048,0
37,36,30,-0.3384075533596484,0
37,36,31,0.3182470857947389,0
37,36,32,-0.3573769568822256,0
37,36,33,0.4448222316842977,0
37,36,34,-0.1916233552290589,0
37,36,35,0.3832000046198932,0
37,36,36,-0.02523522250630367,0
37,36,37,-0.2655452062754814,0
37,36,38,0.2903162388319511,0
37,36,39,-0.2737888925297405,0
37,36,40,0.128855208524995,0
37,36,41,-0.2818975908724656,0
37,36,42,-0.5579935221341483,0
37,36,43,0.4663443898161987,0
37,36,44,-0.2094640293141538,0
37,36,45,0.8604148486263001,0
37,36,46,-0.6109495117689359,0
37,36,47,0.1997099122840635,0
37,36,48,-0.09748304389208598,0
37,36,49,0.1741689954074176,0
37,36,50,0.1249495328257522,0
37,36,51,-0.2200898825659954,0
37,36,52,0.1246819484249918,0
37,36,53,-0.2283904323280679,0
37,36,54,-0.2113189668586763,0
37,36,55,0.1257467652489742,0
37,36,56,0.6121971977866421,0
37,36,57,-0.3873749448854832,0
37,36,58,0.2867932459872737,0
37,36,59,-0.1078915304341535,0
37,36,60,-0.5069333850921584,0
37,36,61,-0.08650166267009546,0
37,36,62,-0.05070199334039434,0
37,36,63,0.02216228024985975,0
37,36,64,-0.00202436964550095,0
37,36,65,0.1613180579639492,0
37,36,66,0.1282159142028327,0
37,36,67,-0.3332517148476002,0
37,36,68,-0.03754833173042241,0
37,36,69,0.339893958599227,0
37,36,70,0.2500873024366272,0
37,36,71,0.1381001712700159,0
37,36,72,-0.5773198706518401,0
37,36,73,-0.12261039996715,0
37,36,74,0.2245266353182939,0
37,36,75,0.1403967923655722,0
37,36,76,0.2154537966288362,0
37,36,77,-0.4193379806972422,0
37,36,78,0.3039805640491557,0
37,36,79,-0.1422337044685167,0
37,36,80,-0.04787797831942354,0
37,36,81,-0.1463333351828166,0
37,36,82,0.05315439152260095,0
37,36,83,0.1722318835043798,0
37,36,84,-0.2594349678868337,0
37,36,85,0.1268822153810179,0
37,36,86,0.1437738687288895,0
37,36,87,-0.3701272583713524,0
37,36,88,0.9884050713546929,0
37,36,89,-0.5437595990051316,0
37,36,90,-0.237225548236367,0
37,36,91,0.07733262235860516,0
37,36,92,0.6073971094388682,0
37,36,93,0.3832742648278422,0
37,36,94,0.01384464606830859,0
37,36,95,-0.3290645532354445,0
37,36,96,0.1779445410531934,0
37,36,97,-0.6966178178853729,0
37,36,98,0.03111870603814869,0
37,36,99,-0.2489378848621962,0
37,36,100,0.5444156585715757,0
37,36,101,-0.1633880504579711,0
37,36,102,-0.007795891101805404,0
37,36,103,-0.1812453696037722,0
37,36,104,0.4326568931946624,0
37,36,105,0.2883836489123969,0
37,36,106,-0.1849971177699762,0
37,36,107,-0.384612876427417,0
37,36,108,-0.4021183135909094,0
37,36,109,0.1340981449626173,0
37,36,110,0.09693813516151428,0
37,36,111,0.08177528180981289,0
37,36,112,0.5011874709385291,0
37,36,113,-0.05517291968956829,0
37,36,114,-0.4618217240384349,0
37,36,115,0.4072554831981791,0
37,36,116,-0.1366203399454073,0
37,36,117,0.4671950983211153,0
37,36,118,0.8813466493826863,0
37,36,119,-1,0
37,36,120,-0.3822504643389473,0
37,36,121,-0.1869449722339218,0
37,36,122,-0.3828268239887401,0
37,36,123,0.597859551557041,0
37,36,124,0.0343160673657066,0
37,36,125,0.3893069699277167,0
37,36,126,0.4585056498176024,0
37,36,127,-0.7336069447159818,0
37,36,128,-0.5240501786075856,0
37,36,129,0.3303897336710561,0
37,36,130,0.09274331659726855,0
37,36,131,0.3054892893689822,0
37,36,132,0.3818939259584291,0
37,36,133,-0.3721544406225265,0
37,36,134,-0.6200169184144212,0
37,36,135,-2.549760991646792e-06,0
37,36,136,-5.830603770075161e-06,0
37,36,137,-9.725593056139104e-06,0
37,36,138,-8.716090502617017e-06,0
37,36,139,3.165348749031589e-05,0
37,36,140,-8.718448512954514e-06,0
37,36,141,-9.728040501874729e-06,0
37,36,142,-5.832333079649784e-06,0
37,36,143,-2.550626759408849e-06,0
37,36,144,-4.507859600636813e-06,0
37,36,145,-1.116489174655256e-05,0
37,36,146,-2.342585812578006e-05,0
37,36,147,-4.931655624218539e-05,0
37,36,148,-0.000114693555033735,0
37,36,149,-4.932097674869102e-05,0
37,36,150,-2.342997927784289e-05,0
37,36,151,-1.116767992605356e-05,0
37,36,152,-4.509223560518392e-06,0
37,36,153,-4.725930625309227e-06,0
37,36,154,-1.196196675679559e-05,0
37,36,155,-2.609023815001301e-05,0
37,36,156,-5.79422160823049e-05,0
37,36,157,-0.0001411464412962829,0
37,36,158,-5.794621423575493e-05,0
37,36,159,-2.609412375268381e-05,0
37,36,160,-1.196463058681779e-05,0
37,36,161,-4.727231002455682e-06,0
37,36,162,-2.911582977244378e-06,0
37,36,163,-7.178283827995755e-06,0
37,36,164,-1.440261067957083e-05,0
37,36,165,-2.498146866286873e-05,0
37,36,166,-2.571408919447869e-05,0
37,36,167,-2.498350812697802e-05,0
37,36,168,-1.440477185632953e-05,0
37,36,169,-7.179815331384534e-06,0
37,36,170,-2.912333834128856e-06,0
38,37,0,0.5996517945314481,0
38,37,1,-0.6002695203326991,0
38,37,2,0.1525404820231342,0
38,37,3,-0.05419976957762954,0
38,37,4,-0.5707755078519097,0
38,37,5,0.1753789467569308,0
38,37,6,-0.05642073714082189,0
38,37,7,0.2737365052474437,0
38,37,8,-0.2695065599403963,0
38,37,9,-0.1424949330212558,0
38,37,10,0.07454537403697041,0
38,37,11,0.1334570572837646,0
38,37,12,0.08993013010195994,0
38,37,13,0.1106173801072076,0
38,37,14,-0.1001529155226547,0
38,37,15,-0.4582627351238135,0
38,37,16,0.1201109338773224,0
38,37,17,0.2842683311240363,0
38,37,18,0.6858237088456954,0
38,37,19,0.1642255476553524,0
38,37,20,-0.5016746813190684,0
38,37,21,-0.02143003964748103,0
38,37,22,-0.9669257881624993,0
38,37,23,0.511231368773567,0
38,37,24,-0.3009514070345137,0
38,37,25,0.519429911679701,0
38,37,26,-0.3167314505153997,0
38,37,27,0.2419753944387786,0
38,37,28,0.03613585541506893,0
38,37,29,-0.0373693539101607,0
38,37,30,0.05117702384608129,0
38,37,31,-0.1824312191256632,0
38,37,32,-0.4620637223429186,0
38,37,33,0.2913800450488506,0
38,37,34,0.00625895450080737,0
38,37,35,0.1043457121697906,0
38,37,36,0.6653362063557393,0
38,37,37,-0.2763064413348127,0
38,37,38,0.0299544154171772,0
38,37,39,-0.5430323352453383,0
38,37,40,0.5052739403663615,0
38,37,41,0.1223638750044344,0
38,37,42,0.1622783272698413,0
38,37,43,-0.3277530872149597,0
38,37,44,0.1534167209955699,0
38,37,45,-0.5047899943871111,0
38,37,46,0.06971799834977951,0
38,37,47,-0.04617600636359548,0
38,37,48,0.373573723424414,0
38,37,49,-0.1390208409997812,0
38,37,50,-0.5194614289404139,0
38,37,51,-0.2460731182000966,0
38,37,52,0.514044973020697,0
38,37,53,0.3194929351934199,0
38,37,54,1,0
38,37,55,-0.8054894153365978,0
38,37,56,-0.9262629809037292,0
38,37,57,0.8397884515326657,0
38,37,58,-0.1326140502685943,0
38,37,59,0.2598893323865499,0
38,37,60,-0.03947606326443922,0
38,37,61,0.1539554149933306,0
38,37,62,-0.08372083779226941,0
38,37,63,0.09149882501150564,0
38,37,64,0.2615040675485517,0
38,37,65,-0.193761098747755,0
38,37,66,0.0533266014891949,0
38,37,67,0.0704790947301529,0
38,37,68,-0.6942246522736374,0
38,37,69,0.1151146587715069,0
38,37,70,-0.1608285533666844,0
38,37,71,0.6042344261472268,0
38,37,72,-0.4550562764389255,0
38,37,73,-0.2789596130858706,0
38,37,74,-0.002790930662094732,0
38,37,75,0.471239573558614,0
38,37,76,0.05787647009626589,0
38,37,77,0.4475947409223489,0
38,37,78,-0.2025783022223918,0
38,37,79,0.3312696906679445,0
38,37,80,-0.7481641904476486,0
38,37,81,0.03387665180987414,0
38,37,82,0.01185828427563419,0
38,37,83,0.4415281864960888,0
38,37,84,-0.2155681176742442,0
38,37,85,-0.9780576933878531,0
38,37,86,0.4816620714213416,0
38,37,87,0.0358683387716016,0
38,37,88,-0.06672168219046327,0
38,37,89,0.09422509463784232,0
38,37,90,0.1468009891006535,0
38,37,91,-0.1742861780173021,0
38,37,92,-0.05767342000820364,0
38,37,93,-0.1771996182755641,0
38,37,94,-0.01804532367243389,0
38,37,95,0.01084507808518302,0
38,37,96,-0.2517205771316945,0
38,37,97,0.3537363573755753,0
38,37,98,-0.1116770672760755,0
38,37,99,-0.1812433166198419,0
38,37,100,0.5994029350549699,0
38,37,101,0.1017977461398262,0
38,37,102,0.5192230439371581,0
38,37,103,-0.723766784457096,0
38,37,104,0.106334675234365,0
38,37,105,0.09496196564850083,0
38,37,106,-0.1932513368925048,0
38,37,107,-0.2816217297785102,0
38,37,108,-0.3735882294613952,0
38,37,109,0.04224878578463091,0
38,37,110,0.2478613727435467,0
38,37,111,-0.08793086033353531,0
38,37,112,0.6700032092827304,0
38,37,113,-0.1373127109608233,0
38,37,114,-0.4422366173427977,0
38,37,115,0.2294894929128773,0
38,37,116,0.05894617855794702,0
38,37,117,-0.1125373035493079,0
38,37,118,-0.156300375450943,0
38,37,119,0.1196745809557583,0
38,37,120,-0.05339224276940378,0
38,37,121,0.166493160062784,0
38,37,122,0.1688491733283355,0
38,37,123,-0.02045128409064899,0
38,37,124,0.4300823138467822,0
38,37,125,-0.5660343755903969,0
38,37,126,-0.1847364633468259,0
38,37,127,-0.2986901396878784,0
38,37,128,-0.5914137832065588,0
38,37,129,0.8979590530808856,0
38,37,130,0.3382501090940305,0
38,37,131,0.04420265747067855,0
38,37,132,0.2753228939082025,0
38,37,133,-0.4467801038720902,0
38,37,134,-0.4136011835247796,0
38,37,135,-2.484045613294395e-07,0
38,37,136,-9.202326303664076e-07,0
38,37,137,-3.038014768036213e-06,0
38,37,138,-9.437339616051984e-06,0
38,37,139,-2.715735662253245e-05,0
38,37,140,-9.437759329204978e-06,0
38,37,141,-3.038213770882542e-06,0
38,37,142,-9.202886458678081e-07,0
38,37,143,-2.484124218063282e-07,0
38,37,144,-1.538816626902335e-07,0
38,37,145,-6.694128040673361e-07,0
38,37,146,-2.608556405327069e-06,0
38,37,147,-9.706770526091497e-06,0
38,37,148,-3.487168267565526e-05,0
38,37,149,-9.706840480521668e-06,0
38,37,150,-2.608496186443059e-06,0
38,37,151,-6.693324503992317e-07,0
38,37,152,-1.538337463533537e-07,0
38,37,153,2.335650084069197e-07,0
38,37,154,7.344596323202966e-07,0
38,37,155,1.999420262660773e-06,0
38,37,156,4.656441913570722e-06,0
38,37,157,5.481142448593679e-06,0
38,37,158,4.657227129885589e-06,0
38,37,159,1.999954259427137e-06,0
38,37,160,7.34736875535925e-07,0
38,37,161,2.336791743417318e-07,0
38,37,162,4.045297443553002e-07,0
38,37,163,1.519619240547113e-06,0
38,37,164,5.480392615592668e-06,0
38,37,165,2.0505582504031e-05,0
38,37,166,8.041689783216873e-05,0
38,37,167,2.050641007679304e-05,0
38,37,168,5.480908435513057e-06,0
38,37,169,1.519866932677583e-06,0
38,37,170,4.046252582824408e-07,0
39,38,0,-0.01807079222965788,0
39,38,1,0.2460494897901071,0
39,38,2,-0.3287172860061008,0
39,38,3,-0.5746404013218291,0
39,38,4,0.2896714603810761,0
39,38,5,0.3118098461942657,0
39,38,6,0.302240825450385,0
39,38,7,0.4933386058563926,0
39,38,8,-0.3704511280469486,0
39,38,9,0.3714612274553384,0
39,38,10,-0.7735795695367377,0
39,38,11,0.2782246997027978,0
39,38,12,-0.1175287876975471,0
39,38,13,-0.1864367887618726,0
39,38,14,-0.04746977425261809,0
39,38,15,-0.1391552374353827,0
39,38,16,0.3096682965861917,0
39,38,17,-0.09565468120316473,0
39,38,18,-0.1253373242104699,0
39,38,19,0.167673816424174,0
39,38,20,0.1008348352830738,0
39,38,21,0.1690418945582615,0
39,38,22,0.01241562336337975,0
39,38,23,-0.06943627584907908,0
39,38,24,-0.003374941894126522,0
39,38,25,-0.2349000019006015,0
39,38,26,0.1070195908332451,0
39,38,27,0.08164259717682672,0
39,38,28,-0.1030141101280395,0
39,38,29,-0.1126865818102712,0
39,38,30,0.5426850592491039,0
39,38,31,-0.3072021307922377,0
39,38,32,0.3763480869852466,0
39,38,33,-0.5521322557949864,0
39,38,34,0.1529034652062384,0
39,38,35,0.1867211508719785,0
39,38,36,-0.1088731872835508,0
39,38,37,-0.1629911815293316,0
39,38,38,-0.4093387835125482,0
39,38,39,-0.2860617128588737,0
39,38,40,0.4017851546317412,0
39,38,41,-0.1019418454769218,0
39,38,42,0.8497522886391867,0
39,38,43,-0.53885936867657,0
39,38,44,0.0543682171021411,0
39,38,45,-0.1452007707831968,0
39,38,46,0.346134751096467,0
39,38,47,0.2377936059989832,0
39,38,48,-0.2756139659524977,0
39,38,49,-0.09335232521580623,0
39,38,50,-0.04122210358647705,0
39,38,51,-0.1243034691835051,0
39,38,52,-0.005970365740264423,0
39,38,53,-0.0930196591017763,0
39,38,54,0.0650074073964748,0
39,38,55,-0.02928241826964099,0
39,38,56,0.2144603219880567,0
39,38,57,-0.06539559836383224,0
39,38,58,0.1267976980095963,0
39,38,59,0.6429620361072906,0
39,38,60,-0.7645510423787546,0
39,38,61,-0.1802534581700301,0
39,38,62,-0.4822153615474716,0
39,38,63,0.600010184465778,0
39,38,64,-0.3143364018458215,0
39,38,65,0.7275760382352258,0
39,38,66,-0.2693168310264225,0
39,38,67,0.1991649894930505,0
39,38,68,-0.1991500064704701,0
39,38,69,0.02356019882566157,0
39,38,70,0.09829307787199923,0
39,38,71,0.1969089423955109,0
39,38,72,-0.1034656099058201,0
39,38,73,0.1618668249666872,0
39,38,74,-0.7574286464690082,0
39,38,75,0.3333859852331844,0
39,38,76,-0.1595380777314036,0
39,38,77,0.3502345159450674,0
39,38,78,-0.3684541942209827,0
39,38,79,-0.2114431112849236,0
39,38,80,0.1918857144564587,0
39,38,81,0.204774076318125,0
39,38,82,0.1181185183215186,0
39,38,83,0.1669136752576026,0
39,38,84,-0.07634588498189833,0
39,38,85,-0.1989310111728075,0
39,38,86,0.1829941325018028,0
39,38,87,-0.3612347443773455,0
39,38,88,1,0
39,38,89,-0.219384723884692,0
39,38,90,0.2448989019264841,0
39,38,91,-0.6367086705820467,0
39,38,92,0.4500621688701705,0
39,38,93,0.2155158003299408,0
39,38,94,0.1652635393540104,0
39,38,95,-0.5292911879238086,0
39,38,96,0.000517595444024713,0
39,38,97,-0.4790985334207797,0
39,38,98,0.3955260233749582,0
39,38,99,-0.1179724045625839,0
39,38,100,0.2785069573128067,0
39,38,101,-0.1495532601954488,0
39,38,102,-0.04573873228915018,0
39,38,103,-0.1245610881067337,0
39,38,104,0.02751286037522095,0
39,38,105,-0.2280723987891376,0
39,38,106,0.6052895105519983,0
39,38,107,-0.09347527983772948,0
39,38,108,0.3644156182698611,0
39,38,109,-0.4045734632186498,0
39,38,110,0.1604287931337929,0
39,38,111,0.04708373621928418,0
39,38,112,-0.2546644262433721,0
39,38,113,-0.08913365870369366,0
39,38,114,-0.1142567072397587,0
39,38,115,-0.09025852748434408,0
39,38,116,0.1727858543452159,0
39,38,117,0.005661596571991082,0
39,38,118,0.3496131379147885,0
39,38,119,-0.7637889326765342,0
39,38,120,-0.6657059929773717,0
39,38,121,0.6423584334735594,0
39,38,122,0.2181149014598415,0
39,38,123,0.1064200797453549,0
39,38,124,-0.0946586822898873,0
39,38,125,-0.00130874117026904,0
39,38,126,0.08725653590559557,0
39,38,127,-0.01485657875190146,0
39,38,128,0.144567782205393,0
39,38,129,-0.1435417419788833,0
39,38,130,0.08615506708263054,0
39,38,131,-0.3358738305086028,0
39,38,132,-0.4320519558891083,0
39,38,133,0.3880073299890589,0
39,38,134,0.4686086592567724,0
39,38,135,-5.84571582668494e-07,0
39,38,136,-2.014317884689346e-06,0
39,38,137,-6.623981770359366e-06,0
39,38,138,-2.264621214405145e-05,0
39,38,139,-8.062442532179262e-05,0
39,38,140,-2.264699747925282e-05,0
39,38,141,-6.624425894029612e-06,0
39,38,142,-2.014513931473896e-06,0
39,38,143,-5.8464360965867e-07,0
39,38,144,-4.846580267128729e-07,0
39,38,145,-1.453255535206868e-06,0
39,38,146,-4.004921626031013e-06,0
39,38,147,-1.131189195396085e-05,0
39,38,148,-3.297821733120953e-05,0
39,38,149,-1.131193319723735e-05,0
39,38,150,-4.004999439874713e-06,0
39,38,151,-1.453316295886015e-06,0
39,38,152,-4.846881412792731e-07,0
39,38,153,7.181637655252075e-09,0
39,38,154,3.899076425327881e-07,0
39,38,155,2.465488353137476e-06,0
39,38,156,1.165248475917103e-05,0
39,38,157,5.087590289395711e-05,0
39,38,158,1.165308875182391e-05,0
39,38,159,2.465816354973999e-06,0
39,38,160,3.900324704548039e-07,0
39,38,161,7.218734559860056e-09,0
39,38,162,1.948446993806219e-07,0
39,38,163,8.619570887542289e-07,0
39,38,164,3.176148526930892e-06,0
39,38,165,1.028945136875049e-05,0
39,38,166,2.842491526349394e-05,0
39,38,167,1.028985368054024e-05,0
39,38,168,3.176415970438453e-06,0
39,38,169,8.620777855831969e-07,0
39,38,170,1.948861240233315e-07,0
40,39,0,-0.337951030493287,0
40,39,1,0.4539959185526202,0
40,39,2,-0.1840512860199374,0
40,39,3,-0.05714082010059263,0
40,39,4,0.3526547609716969,0
40,39,5,0.01807010792757405,0
40,39,6,0.2924181205531077,0
40,39,7,-0.2188798165003336,0
40,39,8,0.001301316826134515,0
40,39,9,-0.2308861410954075,0
40,39,10,-0.1871038181875652,0
40,39,11,0.1710008749773053,0
40,39,12,0.3843551642413505,0
40,39,13,0.1413982553857681,0
40,39,14,-0.3700533477287439,0
40,39,15,-0.3683560547227194,0
40,39,16,-0.3652839701195418,0
40,39,17,0.4185480014190286,0
40,39,18,-0.1673384197133379,0
40,39,19,0.766876749183468,0
40,39,20,-0.2714855842354458,0
40,39,21,0.4977799301138669,0
40,39,22,-0.3541568969214905,0
40,39,23,0.02567938247504951,0
40,39,24,-0.163218420823707,0
40,39,25,-0.4833259125749888,0
40,39,26,0.175124130091227,0
40,39,27,0.4039689066090433,0
40,39,28,-0.2865772518865748,0
40,39,29,-0.03736594973277533,0
40,39,30,0.01503692892035723,0
40,39,31,0.209799531934221,0
40,39,32,0.3927589580121951,0
40,39,33,-0.3016334652739986,0
40,39,34,-0.05443287106734405,0
40,39,35,-0.2145742384359298,0
40,39,36,-0.3001708450452545,0
40,39,37,0.175721817929903,0
40,39,38,0.02683056166775898,0
40,39,39,0.2911723996467382,0
40,39,40,-0.3233299342724185,0
40,39,41,-0.1424447561814421,0
40,39,42,0.2352936821009147,0
40,39,43,0.2054682101894317,0
40,39,44,-0.08329483699516595,0
40,39,45,-0.2510678280872409,0
40,39,46,0.1541843501501192,0
40,39,47,0.50623142610141,0
40,39,48,0.2514263067916945,0
40,39,49,-0.5390112340597666,0
40,39,50,-0.376035804066489,0
40,39,51,-0.7301566393759221,0
40,39,52,0.6908253896383525,0
40,39,53,-0.08076660858196316,0
40,39,54,0.7677965942038264,0
40,39,55,-0.5432324146058332,0
40,39,56,0.0968499083431939,0
40,39,57,0.2679924110700743,0
40,39,58,0.1427420567350488,0
40,39,59,-0.3595485331323522,0
40,39,60,0.0876752703462487,0
40,39,61,-0.1325002216486658,0
40,39,62,0.1393084748119061,0
40,39,63,-0.1403062819418519,0
40,39,64,-0.20293473117238,0
40,39,65,0.1452523989612866,0
40,39,66,0.04133220328486679,0
40,39,67,0.09387380590234523,0
40,39,68,0.4295618805986272,0
40,39,69,-0.1067269669872179,0
40,39,70,0.09529959844134907,0
40,39,71,-0.6019970548671268,0
40,39,72,0.3521331582716483,0
40,39,73,0.2190894233543237,0
40,39,74,-0.04326986276080129,0
40,39,75,-0.484580755579912,0
40,39,76,-0.4093988922119649,0
40,39,77,0.3437389691479412,0
40,39,78,0.3561172632063436,0
40,39,79,0.02678562091435744,0
40,39,80,-0.2179356680535449,0
40,39,81,0.03057116012917483,0
40,39,82,0.258375638615456,0
40,39,83,0.5385465552291102,0
40,39,84,-0.4447699713917606,0
40,39,85,-1,0
40,39,86,0.6168680496578826,0
40,39,87,-0.0355346004996808,0
40,39,88,0.03509608876245254,0
40,39,89,-0.09046250155081585,0
40,39,90,-0.1542856777049574,0
40,39,91,0.2504991518761279,0
40,39,92,0.04276443888811982,0
40,39,93,0.2201500442965322,0
40,39,94,-0.09991180753733327,0
40,39,95,0.009350920297957439,0
40,39,96,0.121225322769149,0
40,39,97,-0.2707650134068439,0
40,39,98,0.04612899375971664,0
40,39,99,-0.02558816098193625,0
40,39,100,-0.2993966139289426,0
40,39,101,-0.07906604502750011,0
40,39,102,-0.3918870249742997,0
40,39,103,0.853113083937528,0
40,39,104,-0.03434847232800185,0
40,39,105,0.2949569194138147,0
40,39,106,-0.3865563416515144,0
40,39,107,0.2225432997724453,0
40,39,108,0.2063060916083828,0
40,39,109,-0.2461441139954647,0
40,39,110,-0.3403818326856988,0
40,39,111,-0.2831389644927351,0
40,39,112,0.2331425894042494,0
40,39,113,0.2583212167760349,0
40,39,114,-0.2514135056821074,0
40,39,115,0.0250008381731768,0
40,39,116,-0.0570815428722445,0
40,39,117,0.1220287007565046,0
40,39,118,0.1641321019284234,0
40,39,119,-0.1319557816239604,0
40,39,120,0.02151654463205493,0
40,39,121,-0.1793259328077398,0
40,39,122,-0.2152011143937403,0
40,39,123,0.1443618703502071,0
40,39,124,-0.1763269184420343,0
40,39,125,0.4238573898749532,0
40,39,126,0.3516376556820495,0
40,39,127,-0.1460616791249343,0
40,39,128,0.1489459043761251,0
40,39,129,-0.689981319839543,0
40,39,130,-0.5635525513931418,0
40,39,131,0.7021338558521664,0
40,39,132,0.3227667084705207,0
40,39,133,0.02654887050190026,0
40,39,134,-0.3460383044167457,0
40,39,135,1.766733098135078e-06,0
40,39,136,4.671548346102614e-06,0
40,39,137,1.059844151575416e-05,0
40,39,138,2.257488027589886e-05,0
40,39,139,3.946115097110703e-05,0
40,39,140,2.257692563362694e-05,0
40,39,141,1.060013544955597e-05,0
40,39,142,4.672600657408848e-06,0
40,39,143,1.767226593283155e-06,0
40,39,144,2.611982347954774e-06,0
40,39,145,6.896144295280272e-06,0
40,39,146,1.629892188065709e-05,0
40,39,147,4.117786608398743e-05,0
40,39,148,0.0001196694781800282,0
40,39,149,4.118026315092037e-05,0
40,39,150,1.630104721745572e-05,0
40,39,151,6.897545741591532e-06,0
40,39,152,2.612659325783812e-06,0
40,39,153,2.103225906279956e-06,0
40,39,154,4.97584958768301e-06,0
40,39,155,9.466443779240188e-06,0
40,39,156,1.636129696445384e-05,0
40,39,157,2.56077841057673e-05,0
40,39,158,1.636228105806728e-05,0
40,39,159,9.467772464325172e-06,0
40,39,160,4.976900492379345e-06,0
40,39,161,2.103771787623866e-06,0
40,39,162,9.71592799303484e-07,0
40,39,163,1.745779859629138e-06,0
40,39,164,6.8785746707956e-07,0
40,39,165,-1.035843914008033e-05,0
40,39,166,-6.718211860534864e-05,0
40,39,167,-1.035832766981331e-05,0
40,39,168,6.883669716626784e-07,0
40,39,169,1.746280735522796e-06,0
40,39,170,9.718709010632153e-07,0
41,40,0,-0.4751735651469363,0
41,40,1,0.2448111258233655,0
41,40,2,0.2619992097497756,0
41,40,3,0.2177721949816736,0
41,40,4,0.4426571528124441,0
41,40,5,-0.255429624725383,0
41,40,6,0.2055837679694263,0
41,40,7,-0.5804912836450636,0
41,40,8,0.2308492142215278,0
41,40,9,0.1538741159727876,0
41,40,10,-0.189489865364271,0
41,40,11,-0.1926471919719623,0
41,40,12,-0.2563796184808263,0
41,40,13,0.01085595545515444,0
41,40,14,0.1109883600079525,0
41,40,15,-0.3978703009033048,0
41,40,16,0.6353579564935476,0
41,40,17,0.04443357001729779,0
41,40,18,0.7345210225156255,0
41,40,19,-0.1359937793048882,0
41,40,20,-0.2460239851498432,0
41,40,21,-0.2060388221805151,0
41,40,22,-0.8800838176874729,0
41,40,23,0.3929773286400891,0
41,40,24,-0.2059947157680229,0
41,40,25,0.749139214635285,0
41,40,26,-0.3800870406994307,0
41,40,27,0.03120760909768664,0
41,40,28,0.2112935025869979,0
41,40,29,0.2413461467780541,0
41,40,30,-0.5496054393590031,0
41,40,31,0.1498141610627632,0
41,40,32,0.2838561508443291,0
41,40,33,-0.06248912560300604,0
41,40,34,-0.3009652484637458,0
41,40,35,-0.3768777915789497,0
41,40,36,-0.3898920077271406,0
41,40,37,0.3813078280413485,0
41,40,38,-0.1041707132107138,0
41,40,39,0.9404830864067071,0
41,40,40,-0.4298972754545516,0
41,40,41,-0.1131904718899951,0
41,40,42,-0.2553461566626958,0
41,40,43,0.4799882360596696,0
41,40,44,0.6079592257330615,0
41,40,45,-0.1080784121161505,0
41,40,46,-0.5141003685092903,0
41,40,47,-0.3042011841371915,0
41,40,48,-0.4820217017530017,0
41,40,49,0.4437557389673625,0
41,40,50,-0.3532225747142353,0
41,40,51,0.49517112727793,0
41,40,52,-0.1811054423205271,0
41,40,53,0.3322050580075751,0
41,40,54,0.5407455397199885,0
41,40,55,-0.2267120518757218,0
41,40,56,-1,0
41,40,57,0.5580262161863455,0
41,40,58,0.09128643102212634,0
41,40,59,0.287050139212324,0
41,40,60,-0.6283368919285397,0
41,40,61,-0.5481081111946712,0
41,40,62,0.3567765363641713,0
41,40,63,0.3971418104278,0
41,40,64,0.1866632756209695,0
41,40,65,0.1715478958194969,0
41,40,66,-0.163533702857253,0
41,40,67,0.2017073619488585,0
41,40,68,-0.02296599350534937,0
41,40,69,-0.01225519357455783,0
41,40,70,0.2316108022224259,0
41,40,71,-0.8942841071684163,0
41,40,72,0.1373737771738709,0
41,40,73,-0.3170835761831812,0
41,40,74,0.7381509395236913,0
41,40,75,-0.2480377069612276,0
41,40,76,-0.2813571124536567,0
41,40,77,-0.1451692311674115,0
41,40,78,0.4454057416876081,0
41,40,79,0.5402987851895193,0
41,40,80,0.4458311849028799,0
41,40,81,-0.6514819020362329,0
41,40,82,-0.1399055447347567,0
41,40,83,-0.8248298179463808,0
41,40,84,0.7092837090904641,0
41,40,85,0.06558467609870013,0
41,40,86,-0.4663530786350645,0
41,40,87,-0.327802193014366,0
41,40,88,0.9176805245867842,0
41,40,89,-0.1505002279309945,0
41,40,90,0.3789600234915675,0
41,40,91,-0.6217856415995727,0
41,40,92,0.3376135900337981,0
41,40,93,0.2793939459515223,0
41,40,94,-0.204655043491591,0
41,40,95,-0.3720181755454413,0
41,40,96,-0.3213962489292199,0
41,40,97,-0.1969070986253816,0
41,40,98,0.3152168916861843,0
41,40,99,-0.1736660619788122,0
41,40,100,0.5449239092874518,0
41,40,101,-0.2361706950674462,0
41,40,102,-0.04383906227052684,0
41,40,103,0.3037844395732089,0
41,40,104,0.1573131721530543,0
41,40,105,0.4980174912555836,0
41,40,106,-0.7555305373188561,0
41,40,107,-0.1077466165209465,0
41,40,108,-0.2750184493546968,0
41,40,109,0.3332313054030102,0
41,40,110,-0.005935345612992251,0
41,40,111,-0.1291152632110007,0
41,40,112,-0.3833161949717919,0
41,40,113,0.2250086988945569,0
41,40,114,0.9708002832372791,0
41,40,115,-0.5130210580825411,0
41,40,116,0.2111680101803415,0
41,40,117,-0.08221577187017999,0
41,40,118,0.1814708518435297,0
41,40,119,-0.6346542717935783,0
41,40,120,-0.6636905979058049,0
41,40,121,0.7464015282946711,0
41,40,122,0.2023566264729573,0
41,40,123,0.1905633068714085,0
41,40,124,0.1631551772719846,0
41,40,125,-0.1604999293060221,0
41,40,126,0.2642121215188306,0
41,40,127,-0.5727022034991199,0
41,40,128,-0.3999450615652262,0
41,40,129,0.2325948234768287,0
41,40,130,-0.06577319145500576,0
41,40,131,0.4846327117774112,0
41,40,132,0.2174422729716348,0
41,40,133,-0.3484421264345845,0
41,40,134,0.2151902325551804,0
41,40,135,-9.4866956210743e-07,0
41,40,136,-1.86536218804148e-06,0
41,40,137,-1.958179245212761e-06,0
41,40,138,2.31998721988474e-06,0
41,40,139,2.184378911898485e-05,0
41,40,140,2.319346133312835e-06,0
41,40,141,-1.959136704479525e-06,0
41,40,142,-1.866137603912984e-06,0
41,40,143,-9.490806476145337e-07,0
41,40,144,-1.923444863865696e-06,0
41,40,145,-4.398445862675144e-06,0
41,40,146,-7.457244861714663e-06,0
41,40,147,-7.708342759907779e-06,0
41,40,148,1.786508791173828e-05,0
41,40,149,-7.710424797034365e-06,0
41,40,150,-7.459311339191579e-06,0
41,40,151,-4.399883406118398e-06,0
41,40,152,-1.924156818853451e-06,0
41,40,153,-2.451839680864345e-06,0
41,40,154,-6.459540953240055e-06,0
41,40,155,-1.523223572404458e-05,0
41,40,156,-3.86573342859841e-05,0
41,40,157,-0.0001155211965164177,0
41,40,158,-3.866015247599859e-05,0
41,40,159,-1.523468516804452e-05,0
41,40,160,-6.461119306298129e-06,0
41,40,161,-2.452587466251768e-06,0
41,40,162,-1.720420757133474e-06,0
41,40,163,-4.662148487279857e-06,0
41,40,164,-1.114151660205458e-05,0
41,40,165,-2.632774644163578e-05,0
41,40,166,-5.880077761825434e-05,0
41,40,167,-2.63293795593329e-05,0
41,40,168,-1.114301370027887e-05,0
41,40,169,-4.663121302551082e-06,0
41,40,170,-1.720876728476439e-06,0
42,41,0,0.393234264279393,0
42,41,1,-0.4860236916393371,0
42,41,2,0.1251551019216389,0
42,41,3,-0.442384470705795,0
42,41,4,-0.1055687481323539,0
42,41,5,0.1897271926302747,0
42,41,6,-0.1153552043147641,0
42,41,7,0.7364634739698871,0
42,41,8,-0.235778884197844,0
42,41,9,0.4316381427152537,0
42,41,10,-0.3669643070718564,0
42,41,11,0.0706820298875418,0
42,41,12,-0.04512594215707952,0
42,41,13,-0.45702166571291,0
42,41,14,0.09581100589217122,0
42,41,15,-0.2713810611081507,0
42,41,16,0.4179149692775226,0
42,41,17,-0.09019464021907184,0
42,41,18,0.1620924465224183,0
42,41,19,0.1369705096892084,0
42,41,20,-0.02284085698153525,0
42,41,21,0.03447875187866035,0
42,41,22,-0.3127726723969368,0
42,41,23,0.1153976704089629,0
42,41,24,-0.07009943873888337,0
42,41,25,0.1114069293263194,0
42,41,26,-0.08235815848912496,0
42,41,27,0.06247622214054075,0
42,41,28,0.01392210161576223,0
42,41,29,-0.2623218773358786,0
42,41,30,-0.3623673534201757,0
42,41,31,0.6392225849653044,0
42,41,32,0.06348545895725957,0
42,41,33,0.4204423404481936,0
42,41,34,-0.4686995085490625,0
42,41,35,0.3519509594775487,0
42,41,36,-0.2338346953715525,0
42,41,37,0.0227385589916644,0
42,41,38,-0.2104741956231314,0
42,41,39,-0.4456383607274236,0
42,41,40,0.3087873192054555,0
42,41,41,-0.2198404186545931,0
42,41,42,0.5788728254646894,0
42,41,43,-0.2908641847334672,0
42,41,44,0.1885131814143614,0
42,41,45,0.09393541163258104,0
42,41,46,0.02381869192888991,0
42,41,47,0.08869029808473576,0
42,41,48,-0.4101986102915146,0
42,41,49,0.151365334620384,0
42,41,50,-0.1408594571472164,0
42,41,51,0.0372412249621993,0
42,41,52,-0.09453206580265895,0
42,41,53,0.05126072238049041,0
42,41,54,0.2709219591742512,0
42,41,55,-0.114327374080716,0
42,41,56,-0.229389713109877,0
42,41,57,0.1821381787441509,0
42,41,58,0.2455354879232998,0
42,41,59,-1,0
42,41,60,0.2990745885257157,0
42,41,61,0.06383833336666281,0
42,41,62,0.5439225847023534,0
42,41,63,-0.5766380156851135,0
42,41,64,-0.328282695885853,0
42,41,65,-0.3272845639585802,0
42,41,66,0.7010528069336258,0
42,41,67,0.07977930172053538,0
42,41,68,0.3738180535627786,0
42,41,69,-0.4695895816252361,0
42,41,70,0.08952275649856158,0
42,41,71,0.02178845755590692,0
42,41,72,0.06179512723551198,0
42,41,73,0.09715132442101754,0
42,41,74,-0.3845657289805173,0
42,41,75,0.1855122519781085,0
42,41,76,-0.1659874005522871,0
42,41,77,0.0387510916894984,0
42,41,78,-0.1119885984505845,0
42,41,79,-0.005700301089486811,0
42,41,80,0.3731503421489573,0
42,41,81,-0.1184403152161794,0
42,41,82,0.04007231433897047,0
42,41,83,-0.1445679658628149,0
42,41,84,0.2354189171931882,0
42,41,85,-0.1730560455569154,0
42,41,86,-0.03591682268917962,0
42,41,87,-0.05660604373744058,0
42,41,88,0.04127589178917988,0
42,41,89,-0.2816466866595354,0
42,41,90,-0.4086504168874047,0
42,41,91,0.7945374588651297,0
42,41,92,0.1575394722334638,0
42,41,93,0.468016138574376,0
42,41,94,-0.6746801418254404,0
42,41,95,0.06044946869446501,0
42,41,96,-0.06302269536362098,0
42,41,97,0.2323364865114158,0
42,41,98,-0.3064052535626626,0
42,41,99,-0.09026900694941992,0
42,41,100,-0.215329704528049,0
42,41,101,0.3893392930404352,0
42,41,102,0.04086446408352096,0
42,41,103,0.1154166980004009,0
42,41,104,-0.2575716680455352,0
42,41,105,-0.1509909543492881,0
42,41,106,0.1668093620878069,0
42,41,107,0.05633763576636244,0
42,41,108,0.2070393823633488,0
42,41,109,0.02512141686814482,0
42,41,110,0.02288690494075461,0
42,41,111,-0.002398049252494525,0
42,41,112,-0.5124294674685849,0
42,41,113,0.09441966289214641,0
42,41,114,0.34467485017696,0
42,41,115,-0.3481927907042842,0
42,41,116,-0.1871204416992809,0
42,41,117,0.4111220898830315,0
42,41,118,0.4926660724261764,0
42,41,119,-0.4264923797173207,0
42,41,120,-0.09387256602655594,0
42,41,121,-0.4391288615326888,0
42,41,122,-0.4133679448812095,0
42,41,123,0.7441606227522366,0
42,41,124,0.3858337528480907,0
42,41,125,-0.288748590979119,0
42,41,126,-0.2079245359835109,0
42,41,127,0.03859035507305871,0
42,41,128,0.1434124459490324,0
42,41,129,0.01835682548018315,0
42,41,130,0.06591050649992632,0
42,41,131,-0.2441234246501804,0
42,41,132,-0.2718037968492378,0
42,41,133,0.135766166529373,0
42,41,134,0.6004521536012449,0
42,41,135,4.657153101580046e-08,0
42,41,136,-3.467370803243834e-07,0
42,41,137,-2.680906208413915e-06,0
42,41,138,-1.267411271490675e-05,0
42,41,139,-5.143326573566818e-05,0
42,41,140,-1.267428019839844e-05,0
42,41,141,-2.680786494667626e-06,0
42,41,142,-3.465583382211789e-07,0
42,41,143,4.668205404123236e-08,0
42,41,144,4.494647455983912e-07,0
42,41,145,8.78578276711469e-07,0
42,41,146,8.415565586510024e-07,0
42,41,147,-2.050059580205932e-06,0
42,41,148,-1.898380066874816e-05,0
42,41,149,-2.049300550970427e-06,0
42,41,150,8.422677281103577e-07,0
42,41,151,8.790630956579366e-07,0
42,41,152,4.497035901671544e-07,0
42,41,153,8.689462464588019e-07,0
42,41,154,2.481692754833879e-06,0
42,41,155,6.676649840291424e-06,0
42,41,156,1.994875978136416e-05,0
42,41,157,6.917600959008288e-05,0
42,41,158,1.995004620784203e-05,0
42,41,159,6.677674133031339e-06,0
42,41,160,2.482311337875019e-06,0
42,41,161,8.692287257492527e-07,0
42,41,162,6.861106825454863e-07,0
42,41,163,1.99367694546988e-06,0
42,41,164,5.160473007448486e-06,0
42,41,165,1.282740994350519e-05,0
42,41,166,2.754137045914279e-05,0
42,41,167,1.282813956453821e-05,0
42,41,168,5.161113877293241e-06,0
42,41,169,1.99407375538491e-06,0
42,41,170,6.862905148543865e-07,0
43,42,0,0.1044862416798722,0
43,42,1,-0.6492793030391283,0
43,42,2,0.6092804927025456,0
43,42,3,-0.218190975207547,0
43,42,4,0.2306215007562883,0
43,42,5,-0.124256583923005,0
43,42,6,0.4984306801602321,0
43,42,7,-0.09861511599499399,0
43,42,8,-0.2242427506917628,0
43,42,9,-0.3185402333018301,0
43,42,10,-0.4818145335682015,0
43,42,11,0.3299928532380558,0
43,42,12,-0.2873762095662786,0
43,42,13,0.8385271761794626,0
43,42,14,-0.220914242696274,0
43,42,15,0.5178674072073624,0
43,42,16,-0.2507881526195176,0
43,42,17,-0.0179793636732124,0
43,42,18,-0.2142877728970606,0
43,42,19,-0.5439844375593975,0
43,42,20,0.1937566250516559,0
43,42,21,-0.1246752968762179,0
43,42,22,0.6313138235915589,0
43,42,23,-0.2399381953741965,0
43,42,24,0.1499507395213806,0
43,42,25,-0.1625382313806192,0
43,42,26,0.1357964995467539,0
43,42,27,-0.1663795670123764,0
43,42,28,-0.008893329867173236,0
43,42,29,0.009794649887528841,0
43,42,30,-1,0
43,42,31,0.5104555786392801,0
43,42,32,0.1831402598743896,0
43,42,33,0.6393364340512369,0
43,42,34,-0.8302806012454975,0
43,42,35,-0.3009133944587183,0
43,42,36,-0.2439087408478199,0
43,42,37,0.6420607348160569,0
43,42,38,-0.1094505298772023,0
43,42,39,0.2950684292029713,0
43,42,40,-0.1701991405716245,0
43,42,41,0.4717331874932114,0
43,42,42,0.04662614420677707,0
43,42,43,-0.263343859610301,0
43,42,44,-0.2575433007718433,0
43,42,45,-0.68799907732751,0
43,42,46,0.4659251220185895,0
43,42,47,-0.172033327080516,0
43,42,48,0.6620136045819844,0
43,42,49,-0.3571212805437729,0
43,42,50,0.2601941583074997,0
43,42,51,0.07829876925008712,0
43,42,52,0.05507018520021041,0
43,42,53,-0.0936852341250895,0
43,42,54,-0.5874502512864794,0
43,42,55,0.2650385248357922,0
43,42,56,0.4605688499045533,0
43,42,57,-0.3493751530886909,0
43,42,58,0.1372699255811894,0
43,42,59,-0.1439002092220736,0
43,42,60,-0.5122273583741737,0
43,42,61,-0.4167893143330636,0
43,42,62,0.8834355132102801,0
43,42,63,0.166393888637269,0
43,42,64,0.2543041609906754,0
43,42,65,-0.7069160243568926,0
43,42,66,0.3530310625503392,0
43,42,67,0.2874052854136576,0
43,42,68,0.1468652814872254,0
43,42,69,-0.6452472799486593,0
43,42,70,-0.3573035155217432,0
43,42,71,-0.1830320193341278,0
43,42,72,0.5555536490512756,0
43,42,73,-0.05193078516982544,0
43,42,74,0.225122640559165,0
43,42,75,-0.2101445304104312,0
43,42,76,0.2689941065212965,0
43,42,77,0.2905582619701564,0
43,42,78,-0.1985897233779559,0
43,42,79,-0.0948128594256003,0
43,42,80,-0.705364511209541,0
43,42,81,0.4565725411638529,0
43,42,82,-0.02682244499287178,0
43,42,83,0.3162879467475654,0
43,42,84,-0.4429688450134563,0
43,42,85,0.2829875356763983,0
43,42,86,0.09254035703163106,0
43,42,87,-0.3085678202624562,0
43,42,88,0.9775213505058001,0
43,42,89,-0.2233718731914443,0
43,42,90,0.318628356310532,0
43,42,91,-0.4986407407612772,0
43,42,92,0.3857172767841667,0
43,42,93,0.2525738488634248,0
43,42,94,-0.5610570265261682,0
43,42,95,-0.403625864931547,0
43,42,96,-0.6740715305074416,0
43,42,97,0.8470774671838266,0
43,42,98,0.192609026921169,0
43,42,99,0.3229922288241451,0
43,42,100,-0.2100899578170371,0
43,42,101,0.1029811237304003,0
43,42,102,0.1443832662256422,0
43,42,103,-0.06235637829192502,0
43,42,104,-0.2852636269233089,0
43,42,105,-0.1345085175342891,0
43,42,106,-0.1094622653224035,0
43,42,107,0.2973819071421953,0
43,42,108,-0.05522673981335073,0
43,42,109,-0.1019645931947369,0
43,42,110,-0.1271043931113592,0
43,42,111,-0.003723289772144374,0
43,42,112,0.6630732026533753,0
43,42,113,-0.1634284669714934,0
43,42,114,-0.5735492337546005,0
43,42,115,0.4967844362618952,0
43,42,116,0.1941284426363267,0
43,42,117,-0.008456871524541431,0
43,42,118,0.19917752961885,0
43,42,119,-0.7581659816514742,0
43,42,120,-0.7261840847083471,0
43,42,121,0.9154522419110646,0
43,42,122,0.5193019420617598,0
43,42,123,0.04868621423636085,0
43,42,124,0.2305371699571971,0
43,42,125,-0.8871619442193587,0
43,42,126,-0.4648382163890746,0
43,42,127,0.5518175192060358,0
43,42,128,0.220859039099721,0
43,42,129,-0.007510006990665271,0
43,42,130,-0.1091104261749558,0
43,42,131,-0.006352057105098799,0
43,42,132,0.2094494363049088,0
43,42,133,0.04282052965455211,0
43,42,134,-0.731713754346864,0
43,42,135,2.940651558512436e-06,0
43,42,136,7.104550265780312e-06,0
43,42,137,1.379081198300623e-05,0
43,42,138,2.284868883451716e-05,0
43,42,139,2.156817884275714e-05,0
43,42,140,2.285175880259655e-05,0
43,42,141,1.379380459312532e-05,0
43,42,142,7.106608917125071e-06,0
43,42,143,2.941670657152863e-06,0
43,42,144,4.891110658096128e-06,0
43,42,145,1.216746904221279e-05,0
43,42,146,2.56635511957122e-05,0
43,42,147,5.407682205621922e-05,0
43,42,148,0.0001242644470703203,0
43,42,149,5.40817111556943e-05,0
43,42,150,2.566822054241007e-05,0
43,42,151,1.217065933468967e-05,0
43,42,152,4.892676864191366e-06,0
43,42,153,4.91045814556163e-06,0
43,42,154,1.21947188747379e-05,0
43,42,155,2.545821924968741e-05,0
43,42,156,5.14778865074702e-05,0
43,42,157,0.0001034164041591455,0
43,42,158,5.148223821198623e-05,0
43,42,159,2.546254491896587e-05,0
43,42,160,1.219772161783918e-05,0
43,42,161,4.911932858127987e-06,0
43,42,162,3.007894073457787e-06,0
43,42,163,7.380964436172493e-06,0
43,42,164,1.492492370721143e-05,0
43,42,165,2.789370596292861e-05,0
43,42,166,4.618864157826899e-05,0
43,42,167,2.789609414150127e-05,0
43,42,168,1.492738309821099e-05,0
43,42,169,7.382699260989138e-06,0
43,42,170,3.008745209306306e-06,0
44,43,0,0.2905128101678995,0
44,43,1,-0.9304434754089548,0
44,43,2,0.5945243954010149,0
44,43,3,0.1024389345802829,0
44,43,4,-0.1532913099749709,0
44,43,5,-0.3128022716673072,0
44,43,6,-0.267897258220424,0
44,43,7,0.09370040862372117,0
44,43,8,0.1023966246240317,0
44,43,9,-0.1628351265735315,0
44,43,10,0.4922051708139187,0
44,43,11,0.01571070121726157,0
44,43,12,0.4503516207784009,0
44,43,13,-0.2634367415666549,0
44,43,14,-0.07455445323551189,0
44,43,15,-0.1788737975335976,0
44,43,16,-0.4862590573763606,0
44,43,17,0.117497563222171,0
44,43,18,-0.2241131161383134,0
44,43,19,0.664912465391895,0
44,43,20,-0.1222241856337606,0
44,43,21,0.2444838478382349,0
44,43,22,-0.1055884542908312,0
44,43,23,0.07104732351276886,0
44,43,24,-0.05335847803753711,0
44,43,25,-0.3092938124825342,0
44,43,26,0.05261566836863174,0
44,43,27,0.2177629098565851,0
44,43,28,-0.1329935584980234,0
44,43,29,0.06226407405649878,0
44,43,30,-0.5048778537738644,0
44,43,31,-0.1583786544641108,0
44,43,32,-0.3357426956806471,0
44,43,33,0.8860009563656378,0
44,43,34,-0.2570349306942997,0
44,43,35,0.03743360077987423,0
44,43,36,-0.1076972688955664,0
44,43,37,0.3616030500302641,0
44,43,38,0.4182162546231659,0
44,43,39,-0.2613754839261336,0
44,43,40,-0.2939665328265988,0
44,43,41,-0.2594255036983458,0
44,43,42,-0.302837087308952,0
44,43,43,0.1909859045488672,0
44,43,44,-0.2229235841033965,0
44,43,45,0.5956556323044552,0
44,43,46,-0.08506814530109361,0
44,43,47,0.37141803497975,0
44,43,48,-0.02109534203268401,0
44,43,49,-0.03454963018846226,0
44,43,50,-0.09736645928568402,0
44,43,51,-0.6402663846314035,0
44,43,52,0.1814559312589267,0
44,43,53,-0.06744156538543698,0
44,43,54,0.4922468596574293,0
44,43,55,-0.3010442630473003,0
44,43,56,0.01771063510583362,0
44,43,57,0.1967336662460884,0
44,43,58,-0.1380196571975692,0
44,43,59,0.6680838484357983,0
44,43,60,-0.3524930764010512,0
44,43,61,0.04464191026893784,0
44,43,62,-0.02384595399710661,0
44,43,63,0.3923094716028744,0
44,43,64,0.401072952299546,0
44,43,65,-0.715668526936845,0
44,43,66,-0.1688848811072359,0
44,43,67,-0.4119810424663773,0
44,43,68,0.3506657502188853,0
44,43,69,-0.04740928867800245,0
44,43,70,-0.1406002910656071,0
44,43,71,0.3063797308086904,0
44,43,72,0.1573633358646856,0
44,43,73,0.4435703553738647,0
44,43,74,-0.05749057777083928,0
44,43,75,-0.2209704189107283,0
44,43,76,-0.1725127864732955,0
44,43,77,-0.593523810817579,0
44,43,78,0.2485076734023179,0
44,43,79,-0.1800473348591325,0
44,43,80,0.5289014784879251,0
44,43,81,-0.2410451206245318,0
44,43,82,0.1152171599322863,0
44,43,83,0.2863364743554361,0
44,43,84,0.1198371679923391,0
44,43,85,-0.6253655265498665,0
44,43,86,0.2301048140486614,0
44,43,87,-0.004333051011142381,0
44,43,88,0.2417705417375573,0
44,43,89,0.1133182150663517,0
44,43,90,0.282701906322449,0
44,43,91,-0.7362561659360191,0
44,43,92,0.0204036279156057,0
44,43,93,-0.4150161284479763,0
44,43,94,0.4868571444301673,0
44,43,95,-0.1656532844371576,0
44,43,96,-0.0485700963936362,0
44,43,97,0.4091754360227408,0
44,43,98,0.1856887749422395,0
44,43,99,0.4963860189449278,0
44,43,100,-0.5633063731314819,0
44,43,101,-0.1213503292584275,0
44,43,102,-0.270627750910061,0
44,43,103,-0.1229111474378297,0
44,43,104,0.06454128567717035,0
44,43,105,-0.2269477133328835,0
44,43,106,0.3604943186740637,0
44,43,107,0.01483759726654364,0
44,43,108,0.301527843532524,0
44,43,109,0.297702987773247,0
44,43,110,-0.1151696599691408,0
44,43,111,0.02340417346109288,0
44,43,112,-0.8611681212035592,0
44,43,113,0.2714510501285816,0
44,43,114,0.2584328530213643,0
44,43,115,-0.490446236402209,0
44,43,116,0.1423528431629877,0
44,43,117,-0.2798018576998901,0
44,43,118,-0.2893875911491005,0
44,43,119,0.1529882901446349,0
44,43,120,0.01677105363506131,0
44,43,121,0.484994738069889,0
44,43,122,0.4821208792479988,0
44,43,123,-0.771411128595292,0
44,43,124,-0.4154750262056732,0
44,43,125,0.0415342810068077,0
44,43,126,-0.1194965451839699,0
44,43,127,0.6305498279105977,0
44,43,128,0.329760572260384,0
44,43,129,-0.2925276494984614,0
44,43,130,0.0353170619444934,0
44,43,131,-0.3513265421206683,0
44,43,132,-0.3468267641773882,0
44,43,133,0.1073551459933166,0
44,43,134,1,0
44,43,135,5.517494841139975e-07,0
44,43,136,1.575271220648271e-06,0
44,43,137,4.289584627282336e-06,0
44,43,138,1.326836411366005e-05,0
44,43,139,4.856629689246353e-05,0
44,43,140,1.326895935016514e-05,0
44,43,141,4.290080078073515e-06,0
44,43,142,1.575584630492235e-06,0
44,43,143,5.518985908136339e-07,0
44,43,144,7.214795143049953e-07,0
44,43,145,1.781308781742414e-06,0
44,43,146,3.505726323217337e-06,0
44,43,147,5.220336264656742e-06,0
44,43,148,-2.59628882169567e-06,0
44,43,149,5.220861306516849e-06,0
44,43,150,3.506299642906612e-06,0
44,43,151,1.78171997960932e-06,0
44,43,152,7.216848526114934e-07,0
44,43,153,6.172833666532996e-07,0
44,43,154,1.449363226576433e-06,0
44,43,155,2.730464514008324e-06,0
44,43,156,4.89363969480826e-06,0
44,43,157,1.093989845117696e-05,0
44,43,158,4.89409356548826e-06,0
44,43,159,2.730948905132663e-06,0
44,43,160,1.449718906871644e-06,0
44,43,161,6.174634573416072e-07,0
44,43,162,3.392115188849505e-07,0
44,43,163,7.539701810346494e-07,0
44,43,164,1.24120476477305e-06,0
44,43,165,1.422466338552533e-06,0
44,43,166,-9.252204881215888e-07,0
44,43,167,1.422676942585153e-06,0
44,43,168,1.241459050229754e-06,0
44,43,169,7.54165102587297e-07,0
44,43,170,3.393111724221555e-07,0
45,44,0,-0.3435644334518609,0
45,44,1,0.953979539567666,0
45,44,2,-0.3472013910431985,0
45,44,3,0.2263220092979477,0
45,44,4,-0.03905589387483006,0
45,44,5,0.1682526336463891,0
45,44,6,0.1327136403582371,0
45,44,7,-0.4725905729160929,0
45,44,8,-0.0493510693977529,0
45,44,9,-0.2737025320984868,0
45,44,10,0.2129328024984173,0
45,44,11,-0.001707692805154611,0
45,44,12,0.0622782169279642,0
45,44,13,0.3174184497337399,0
45,44,14,-0.0001920577430563529,0
45,44,15,0.1699320591388014,0
45,44,16,-0.4165318442356087,0
45,44,17,0.01249494689903132,0
45,44,18,-0.1900573533638433,0
45,44,19,0.06811176499859885,0
45,44,20,-0.02259082264889593,0
45,44,21,0.03220124591082268,0
45,44,22,0.2783176062591095,0
45,44,23,-0.004817291795271716,0
45,44,24,0.04769415235961694,0
45,44,25,-0.2380988673647048,0
45,44,26,0.06838978578645925,0
45,44,27,0.0342657478558115,0
45,44,28,-0.07875567682612573,0
45,44,29,0.09883698314140033,0
45,44,30,0.03545901177186515,0
45,44,31,0.2034164007806626,0
45,44,32,0.164247623570469,0
45,44,33,-0.6685601889034625,0
45,44,34,0.04893553775536916,0
45,44,35,-0.316304768293581,0
45,44,36,0.4327033572848226,0
45,44,37,-0.1125417968895197,0
45,44,38,0.1112902030740806,0
45,44,39,0.2151370769982882,0
45,44,40,0.07293256228205962,0
45,44,41,0.1971252100104197,0
45,44,42,-0.4480911642157714,0
45,44,43,-0.009704765007017013,0
45,44,44,-0.2483391949114117,0
45,44,45,0.06990859692309138,0
45,44,46,-0.001605085992648876,0
45,44,47,0.06383777674069911,0
45,44,48,0.3800077427108706,0
45,44,49,-0.02047930243566972,0
45,44,50,0.1068171042318585,0
45,44,51,-0.409437590030311,0
45,44,52,0.0835932138905435,0
45,44,53,-0.07006126534168024,0
45,44,54,0.02068571890899287,0
45,44,55,-0.125225445160174,0
45,44,56,0.2229962580762673,0
45,44,57,0.009158914868651138,0
45,44,58,0.05327133280904819,0
45,44,59,-0.4220883501926102,0
45,44,60,0.06602202685547946,0
45,44,61,-0.2027390289457197,0
45,44,62,0.3729301710673746,0
45,44,63,-0.166876326455151,0
45,44,64,0.06489259222549616,0
45,44,65,0.2302750925617707,0
45,44,66,0.09312895302432572,0
45,44,67,0.2333757587314611,0
45,44,68,-0.5307986919955731,0
45,44,69,-0.005490859683336544,0
45,44,70,-0.299174233938577,0
45,44,71,0.144995717767867,0
45,44,72,-0.02801300276264722,0
45,44,73,0.0748988388545912,0
45,44,74,0.397727553857286,0
45,44,75,-0.006987845230504695,0
45,44,76,0.1708462419581383,0
45,44,77,-0.4660937993929057,0
45,44,78,0.05022994356473221,0
45,44,79,-0.1873547687331608,0
45,44,80,0.01219760711940601,0
45,44,81,-0.07268041573608891,0
45,44,82,0.01610456982337689,0
45,44,83,0.4685631367954631,0
45,44,84,0.006974131243090318,0
45,44,85,-0.3628014094891943,0
45,44,86,0.2180007746763724,0
45,44,87,-0.07256896407288946,0
45,44,88,0.1406007906494002,0
45,44,89,-0.09146340897230594,0
45,44,90,0.04132699903308797,0
45,44,91,0.1844052177994974,0
45,44,92,0.05852567644358509,0
45,44,93,0.1845308691306668,0
45,44,94,-0.4812583682658748,0
45,44,95,0.02046674080395246,0
45,44,96,-0.2676424730747743,0
45,44,97,0.1914612672728709,0
45,44,98,-0.04731345038897355,0
45,44,99,0.02285903354713966,0
45,44,100,0.3641149835879188,0
45,44,101,0.03026028011628481,0
45,44,102,0.2550177987248046,0
45,44,103,-0.4561901054359281,0
45,44,104,-0.006105234014715479,0
45,44,105,-0.2933156527948065,0
45,44,106,-0.017975817429994,0
45,44,107,0.006712236505857864,0
45,44,108,0.07143316825114678,0
45,44,109,0.5628706931574152,0
45,44,110,-0.05052493645093457,0
45,44,111,0.1306832504374334,0
45,44,112,-0.580676403693788,0
45,44,113,0.15129604474109,0
45,44,114,-0.09715217139196054,0
45,44,115,-0.304312668895565,0
45,44,116,0.01284463256126647,0
45,44,117,0.09715701417613214,0
45,44,118,0.10986650657893,0
45,44,119,-0.2574665849754883,0
45,44,120,-0.2152769871348024,0
45,44,121,0.1311422981898264,0
45,44,122,0.04348467540010872,0
45,44,123,0.316250630425685,0
45,44,124,0.24613370818066,0
45,44,125,-0.4709935110196341,0
45,44,126,-0.2696710483339617,0
45,44,127,0.04746566299691524,0
45,44,128,0.004677503525553028,0
45,44,129,0.4448127476060916,0
45,44,130,0.2969890880989629,0
45,44,131,-0.4437403655610107,0
45,44,132,-0.3208345439706073,0
45,44,133,-0.1822865432850962,0
45,44,134,1,0
45,44,135,4.625072457929092e-07,0
45,44,136,1.364926565712385e-06,0
45,44,137,3.961640673851813e-06,0
45,44,138,1.324847973482465e-05,0
45,44,139,5.109166372284996e-05,0
45,44,140,1.324901869171494e-05,0
45,44,141,3.962067966395285e-06,0
45,44,142,1.365196783741673e-06,0
45,44,143,4.626370284372703e-07,0
45,44,144,5.687866865892194e-07,0
45,44,145,1.357748600383959e-06,0
45,44,146,2.50501678090088e-06,0
45,44,147,3.368595886075386e-06,0
45,44,148,-1.184718988353593e-06,0
45,44,149,3.36886614253404e-06,0
45,44,150,2.505454674828826e-06,0
45,44,151,1.358098781437512e-06,0
45,44,152,5.689682159033849e-07,0
45,44,153,4.968372184913293e-07,0
45,44,154,1.060598670188872e-06,0
45,44,155,1.278584477453422e-06,0
45,44,156,-2.123463027626011e-06,0
45,44,157,-2.815872632066654e-05,0
45,44,158,-2.122949262853357e-06,0
45,44,159,1.279099840068243e-06,0
45,44,160,1.060959630062834e-06,0
45,44,161,4.970154643138914e-07,0
45,44,162,3.70779405141845e-07,0
45,44,163,1.043761605134688e-06,0
45,44,164,2.984781527352252e-06,0
45,44,165,1.071779079109234e-05,0
45,44,166,4.753838260294616e-05,0
45,44,167,1.071839593349387e-05,0
45,44,168,2.985209044217422e-06,0
45,44,169,1.044011628644144e-06,0
45,44,170,3.70892963992744e-07,0
46,45,0,-0.2402275651659683,0
46,45,1,0.9469030179230958,0
46,45,2,-0.244299659264153,0
46,45,3,0.2842472892619917,0
46,45,4,-0.3322934213950599,0
46,45,5,0.1322250651226017,0
46,45,6,-0.1240037990698584,0
46,45,7,-0.2430762205591348,0
46,45,8,-0.05110102152003698,0
46,45,9,-0.1000774499995948,0
46,45,10,0.4652587943300072,0
46,45,11,0.002312847456286884,0
46,45,12,0.2025432377345857,0
46,45,13,-0.2559192099513005,0
46,45,14,0.02276282489902677,0
46,45,15,-0.1372132281756411,0
46,45,16,-0.1223510872190746,0
46,45,17,-0.02056000857184853,0
46,45,18,-0.008756319739888304,0
46,45,19,0.3623607753126567,0
46,45,20,0.006254390387607987,0
46,45,21,0.1059063503547542,0
46,45,22,-0.3100498277960975,0
46,45,23,0.02641110082270324,0
46,45,24,-0.07054619554085251,0
46,45,25,0.04528045009982361,0
46,45,26,-0.06063977593663287,0
46,45,27,0.1155716131822015,0
46,45,28,0.02949717638971185,0
46,45,29,0.1324928733352143,0
46,45,30,-0.2145750767267651,0
46,45,31,0.2095613993897745,0
46,45,32,-0.03537584691306504,0
46,45,33,-0.4033450632113362,0
46,45,34,-0.02214550889422852,0
46,45,35,-0.1479378406037075,0
46,45,36,0.5769357899631707,0
46,45,37,-0.05512864291943583,0
46,45,38,0.2294067668793178,0
46,45,39,-0.2946773701746991,0
46,45,40,0.06573557920382682,0
46,45,41,-0.1289937965000394,0
46,45,42,-0.1721063172238967,0
46,45,43,-0.04527602684692105,0
46,45,44,-0.03261452866455292,0
46,45,45,0.4400692642123623,0
46,45,46,0.009764988690317675,0
46,45,47,0.1412646767886643,0
46,45,48,-0.368043318327581,0
46,45,49,0.03275004335931812,0
46,45,50,-0.1226620400074751,0
46,45,51,0.04348387274404877,0
46,45,52,-0.06702573913387716,0
46,45,53,0.0194109813859008,0
46,45,54,0.2790621697620646,0
46,45,55,0.05498865191756554,0
46,45,56,-0.288978129320392,0
46,45,57,0.07664723899752002,0
46,45,58,-0.02556191157229436,0
46,45,59,-0.267042903644904,0
46,45,60,-0.03294190950259773,0
46,45,61,-0.110471276578029,0
46,45,62,0.4863684216478127,0
46,45,63,-0.08870946894283049,0
46,45,64,0.1879463322395259,0
46,45,65,-0.2076710988337969,0
46,45,66,0.08019899448945662,0
46,45,67,-0.09664991206521754,0
46,45,68,-0.2505567458573715,0
46,45,69,-0.0327168939232766,0
46,45,70,-0.08912198334983629,0
46,45,71,0.4978496956779887,0
46,45,72,-0.01291845341183465,0
46,45,73,0.1903364974977423,0
46,45,74,-0.3573777109818896,0
46,45,75,0.03490898869539001,0
46,45,76,-0.1663315473639513,0
46,45,77,-0.02092324166647349,0
46,45,78,-0.05056838614925865,0
46,45,79,0.04498555441642007,0
46,45,80,0.3929154664560751,0
46,45,81,0.03160215828115522,0
46,45,82,0.05681661986583835,0
46,45,83,-0.4952134383125416,0
46,45,84,0.04837920959343639,0
46,45,85,0.1690646483358701,0
46,45,86,-0.216872238508759,0
46,45,87,-0.04655836370478809,0
46,45,88,0.2586119679233324,0
46,45,89,-0.05575985982603955,0
46,45,90,0.1283718537002122,0
46,45,91,-0.1294042504830628,0
46,45,92,0.06557607743239381,0
46,45,93,-0.06358564671121118,0
46,45,94,-0.2499212991631847,0
46,45,95,-0.01723942909852854,0
46,45,96,-0.1081689264421224,0
46,45,97,0.4520531913394582,0
46,45,98,-0.01779143682470044,0
46,45,99,0.2199711204628979,0
46,45,100,-0.2646734011063618,0
46,45,101,0.03038691085710789,0
46,45,102,-0.179923141551575,0
46,45,103,-0.1527344394525537,0
46,45,104,-0.0136541122076005,0
46,45,105,0.03907736946122504,0
46,45,106,0.4946256592964678,0
46,45,107,-0.00794536685804113,0
46,45,108,0.1037261047436618,0
46,45,109,-0.5576735003655832,0
46,45,110,0.0524626090360041,0
46,45,111,-0.135563249941604,0
46,45,112,0.251745770174385,0
46,45,113,-0.1237624310674505,0
46,45,114,0.3524621649078017,0
46,45,115,0.2156192837022987,0
46,45,116,0.06463205143273115,0
46,45,117,-0.03421648171397975,0
46,45,118,-0.04498022138249973,0
46,45,119,-0.1602561045914093,0
46,45,120,-0.09957109407774438,0
46,45,121,0.3341164311802549,0
46,45,122,0.202363419256187,0
46,45,123,-0.1833906087143435,0
46,45,124,-0.133681535522811,0
46,45,125,-0.1999640191029226,0
46,45,126,-0.0391325760623665,0
46,45,127,0.4738779645885129,0
46,45,128,0.2115348447269295,0
46,45,129,-0.4276476886868314,0
46,45,130,-0.2806166179373804,0
46,45,131,0.05983044651880169,0
46,45,132,0.1995272689744099,0
46,45,133,0.4876349455427437,0
46,45,134,-1,0
46,45,135,-8.377436365860608e-09,0
46,45,136,-2.105815684889814e-07,0
46,45,137,-9.786817613068337e-07,0
46,45,138,-2.364228799401837e-06,0
46,45,139,2.947659649011292e-06,0
46,45,140,-2.36452047818768e-06,0
46,45,141,-9.787180201192006e-07,0
46,45,142,-2.105151219324024e-07,0
46,45,143,-8.322611826170368e-09,0
46,45,144,1.402432669801784e-07,0
46,45,145,3.714741992897131e-08,0
46,45,146,-1.457588133556442e-06,0
46,45,147,-1.015477317284887e-05,0
46,45,148,-5.598717698930238e-05,0
46,45,149,-1.015457726665267e-05,0
46,45,150,-1.457250959867533e-06,0
46,45,151,3.742335069804586e-08,0
46,45,152,1.403885355610115e-07,0
46,45,153,4.860178616936913e-07,0
46,45,154,1.412175603225015e-06,0
46,45,155,3.897418087041288e-06,0
46,45,156,1.213306760456308e-05,0
46,45,157,4.533287586426029e-05,0
46,45,158,1.213420971929616e-05,0
46,45,159,3.898243409841398e-06,0
46,45,160,1.412643478584847e-06,0
46,45,161,4.862244004151056e-07,0
46,45,162,4.753941342112246e-07,0
46,45,163,1.524685612172258e-06,0
46,45,164,4.59555993871411e-06,0
46,45,165,1.420293531397199e-05,0
46,45,166,4.390347710610177e-05,0
46,45,167,1.420374400338092e-05,0
46,45,168,4.596165891792199e-06,0
46,45,169,1.525023237243473e-06,0
46,45,170,4.755382134936029e-07,0
47,46,0,0.1486246152674358,0
47,46,1,-0.9537340392359055,0
47,46,2,0.1681069293392687,0
47,46,3,-0.2296960888689638,0
47,46,4,0.563183890559444,0
47,46,5,-0.1068250556182293,0
47,46,6,0.2136298072344321,0
47,46,7,-0.1108151867138813,0
47,46,8,0.05764348377949515,0
47,46,9,-0.1044244655712733,0
47,46,10,-0.2728465074858392,0
47,46,11,-0.02738671115264265,0
47,46,12,-0.04485500690540584,0
47,46,13,0.4563833704567918,0
47,46,14,0.0103174181853451,0
47,46,15,0.1329160425062796,0
47,46,16,-0.3879282289838381,0
47,46,17,-0.002435874858820853,0
47,46,18,-0.152314319125183,0
47,46,19,0.1600280609782861,0
47,46,20,-0.01768332751300214,0
47,46,21,0.09753820685533587,0
47,46,22,0.1189870342843831,0
47,46,23,0.03240016720214683,0
47,46,24,-0.009415594773629942,0
47,46,25,-0.3024820109886818,0
47,46,26,-0.02436932431474586,0
47,46,27,0.2465364936046293,0
47,46,28,-0.05067762208257681,0
47,46,29,-0.1113904685583303,0
47,46,30,0.4595404964355538,0
47,46,31,-0.2037745123306601,0
47,46,32,0.1179331157717345,0
47,46,33,0.06481183936560241,0
47,46,34,0.07648375980604313,0
47,46,35,-0.03204044990395769,0
47,46,36,-0.4169631484794367,0
47,46,37,-0.007930071392228989,0
47,46,38,-0.08984457669075947,0
47,46,39,0.5232193461437039,0
47,46,40,-0.01888406180802459,0
47,46,41,0.1678272165035889,0
47,46,42,-0.3720070193528618,0
47,46,43,0.03198989952081596,0
47,46,44,-0.1551559882583258,0
47,46,45,0.07575353035347701,0
47,46,46,-0.03228014318834099,0
47,46,47,0.08683686140702764,0
47,46,48,0.2158065352277427,0
47,46,49,0.0408994762543281,0
47,46,50,0.00108930781895623,0
47,46,51,-0.413844758839057,0
47,46,52,-0.02895109013895022,0
47,46,53,-0.04926982617089157,0
47,46,54,0.4211785734571363,0
47,46,55,-0.02594737599852272,0
47,46,56,-0.1720954515575401,0
47,46,57,0.1491760949750367,0
47,46,58,0.06835528510243265,0
47,46,59,0.03266690175878743,0
47,46,60,0.1143905449406429,0
47,46,61,-0.01688238690935741,0
47,46,62,-0.4140341607237687,0
47,46,63,0.01136491856128608,0
47,46,64,-0.08566219608904492,0
47,46,65,0.4836805945535944,0
47,46,66,-0.04637344673839441,0
47,46,67,0.1534415146635054,0
47,46,68,-0.2929196761248263,0
47,46,69,0.04513650158016402,0
47,46,70,-0.1315046424835423,0
47,46,71,-0.04241174314242861,0
47,46,72,-0.0431416838224923,0
47,46,73,0.05810538374274824,0
47,46,74,0.3368367308687166,0
47,46,75,0.03116205776120011,0
47,46,76,0.02600080050875372,0
47,46,77,-0.4907250325202557,0
47,46,78,-0.01405213588608046,0
47,46,79,-0.08198296176573035,0
47,46,80,0.4724182721937594,0
47,46,81,-0.02532748174030517,0
47,46,82,0.07625304971652377,0
47,46,83,-0.2539977177482276,0
47,46,84,0.09557395983257319,0
47,46,85,-0.1681155920850221,0
47,46,86,-0.1935926715187396,0
47,46,87,-0.01312517255822105,0
47,46,88,-0.26844317253449,0
47,46,89,-0.004476961054089278,0
47,46,90,-0.07408719227996995,0
47,46,91,0.3835416847014193,0
47,46,92,-0.04768944284604475,0
47,46,93,0.1425610220996339,0
47,46,94,-0.1950994871555508,0
47,46,95,0.03746921304699973,0
47,46,96,-0.1242924269240215,0
47,46,97,-0.1287750105444725,0
47,46,98,-0.02003731101481613,0
47,46,99,0.02649554319292535,0
47,46,100,0.4096633013575476,0
47,46,101,0.01153106450298997,0
47,46,102,0.05718703454749269,0
47,46,103,-0.5069820794618967,0
47,46,104,0.001890752027143197,0
47,46,105,-0.1150251805079159,0
47,46,106,0.4262565794361292,0
47,46,107,-0.02638618103366903,0
47,46,108,0.1268325614434159,0
47,46,109,-0.1876742942873041,0
47,46,110,0.05864926813592095,0
47,46,111,-0.08579553925256461,0
47,46,112,-0.1779894112113695,0
47,46,113,-0.09772516056303569,0
47,46,114,0.6289008281399331,0
47,46,115,0.1341397516195266,0
47,46,116,-0.05478243896340115,0
47,46,117,0.1890354755274964,0
47,46,118,0.1298227188673655,0
47,46,119,-0.1068383325325783,0
47,46,120,-0.1099246606336469,0
47,46,121,-0.1701474251390907,0
47,46,122,0.003033769635598066,0
47,46,123,0.4003606133577699,0
47,46,124,0.1211478835208637,0
47,46,125,-0.4340650385076223,0
47,46,126,-0.1811342864057654,0
47,46,127,0.2579839519644692,0
47,46,128,0.1991631052023378,0
47,46,129,0.02248708155158007,0
47,46,130,-0.1708578276500833,0
47,46,131,-0.364914395856795,0
47,46,132,0.1013521671960742,0
47,46,133,0.7086223937252681,0
47,46,134,-1,0
47,46,135,7.477937374764886e-07,0
47,46,136,2.150203045375485e-06,0
47,46,137,5.986266736742863e-06,0
47,46,138,1.908796187724426e-05,0
47,46,139,7.052848898695501e-05,0
47,46,140,1.908896004309867e-05,0
47,46,141,5.987077609789982e-06,0
47,46,142,2.150721578764721e-06,0
47,46,143,7.480438129439425e-07,0
47,46,144,9.655362358571308e-07,0
47,46,145,2.329644718279102e-06,0
47,46,146,4.468668986777404e-06,0
47,46,147,7.125327069127016e-06,0
47,46,148,6.292400556845302e-06,0
47,46,149,7.125963221438724e-06,0
47,46,150,4.469563906064273e-06,0
47,46,151,2.330337700437601e-06,0
47,46,152,9.658917981378807e-07,0
47,46,153,8.606543013617176e-07,0
47,46,154,1.881908773624975e-06,0
47,46,155,2.532635391132455e-06,0
47,46,156,-2.010069599476954e-06,0
47,46,157,-4.081749222373568e-05,0
47,46,158,-2.009074916189089e-06,0
47,46,159,2.533638736710123e-06,0
47,46,160,1.88261155622309e-06,0
47,46,161,8.610010955939054e-07,0
47,46,162,6.258819003939238e-07,0
47,46,163,1.734762945914107e-06,0
47,46,164,4.804097888818212e-06,0
47,46,165,1.660989398187324e-05,0
47,46,166,7.191346146948054e-05,0
47,46,167,1.661098932762898e-05,0
47,46,168,4.804895507137831e-06,0
47,46,169,1.735238753071438e-06,0
47,46,170,6.261000083101555e-07,0
48,47,0,-0.08310562836915895,0
48,47,1,0.9435195742324596,0
48,47,2,-0.1063197336131223,0
48,47,3,0.1475835577331646,0
48,47,4,-0.7106148747912368,0
48,47,5,0.0778946377655421,0
48,47,6,-0.1851562099923734,0
48,47,7,0.4227750619730776,0
48,47,8,-0.04736556961848445,0
48,47,9,0.1801809411980004,0
48,47,10,-0.1057118358800472,0
48,47,11,0.02765730476086142,0
48,47,12,-0.1172174164929751,0
48,47,13,-0.2058826123546403,0
48,47,14,-0.02896792988356539,0
48,47,15,0.04564741153762843,0
48,47,16,0.422485216388497,0
48,47,17,0.03391341824790069,0
48,47,18,0.03022624430708878,0
48,47,19,-0.5264482412793255,0
48,47,20,-0.02814422311118831,0
48,47,21,-0.08916702388840456,0
48,47,22,0.4994925242320314,0
48,47,23,0.01190948042761615,0
48,47,24,0.09553105747063184,0
48,47,25,-0.3331144910785292,0
48,47,26,0.02888851523494574,0
48,47,27,0.0444725355400126,0
48,47,28,-0.1117684925209026,0
48,47,29,0.07265631438109291,0
48,47,30,-0.6472391958538738,0
48,47,31,0.1615770040808704,0
48,47,32,-0.1141492239307688,0
48,47,33,0.2688449162730824,0
48,47,34,-0.08812707819294847,0
48,47,35,0.1112901824452167,0
48,47,36,0.0624673756314678,0
48,47,37,0.03733072775377644,0
48,47,38,-0.05819211313766633,0
48,47,39,-0.3219499790792594,0
48,47,40,-0.01907066881792907,0
48,47,41,-0.03053850972448966,0
48,47,42,0.4865067661194888,0
48,47,43,0.02772190352114382,0
48,47,44,0.08360597166596635,0
48,47,45,-0.5262339630735501,0
48,47,46,-0.03458930755810864,0
48,47,47,-0.1133029919140542,0
48,47,48,0.4687260197494332,0
48,47,49,0.01100069809503938,0
48,47,50,0.1076333614473206,0
48,47,51,-0.3078318978610356,0
48,47,52,0.02779136551540556,0
48,47,53,-0.06273467670637478,0
48,47,54,0.05465545882121749,0
48,47,55,-0.0850541824366267,0
48,47,56,0.2810421523381698,0
48,47,57,0.1516186119044764,0
48,47,58,-0.06389702671825701,0
48,47,59,0.2694890061633345,0
48,47,60,-0.1466721038043917,0
48,47,61,0.07737573094683324,0
48,47,62,0.11682089787931,0
48,47,63,0.04812057373712546,0
48,47,64,-0.03734843676693293,0
48,47,65,-0.3630141672763589,0
48,47,66,-0.005609271026697269,0
48,47,67,-0.03598361038041268,0
48,47,68,0.4725915958610748,0
48,47,69,0.001252392211044519,0
48,47,70,0.1049880585858582,0
48,47,71,-0.4587144957806156,0
48,47,72,-0.009800382269650907,0
48,47,73,-0.1176689499909012,0
48,47,74,0.3527061575465528,0
48,47,75,0.008833702157302191,0
48,47,76,0.1047578978074122,0
48,47,77,-0.1988942130509658,0
48,47,78,0.02471494931899779,0
48,47,79,-0.07215581355686801,0
48,47,80,-0.02018568162084279,0
48,47,81,-0.06212110745292268,0
48,47,82,0.03180703643617096,0
48,47,83,0.2950613272494336,0
48,47,84,0.09832989456592242,0
48,47,85,-0.6203888209858739,0
48,47,86,-0.1201038133294547,0
48,47,87,0.05341342875856905,0
48,47,88,0.06619472902531615,0
48,47,89,0.07238738279169216,0
48,47,90,-0.03138127701839778,0
48,47,91,-0.3483125356554574,0
48,47,92,0.0008586689219757536,0
48,47,93,-0.03327866835666861,0
48,47,94,0.4413408324474323,0
48,47,95,-0.01507301373456668,0
48,47,96,0.09528607355442781,0
48,47,97,-0.3846690020699947,0
48,47,98,0.01026555418362785,0
48,47,99,-0.1210504498730222,0
48,47,100,0.2293804694380953,0
48,47,101,-0.009966418279714654,0
48,47,102,0.1046727227125038,0
48,47,103,-0.04434048599656124,0
48,47,104,0.01524264144146442,0
48,47,105,-0.08016955632646397,0
48,47,106,-0.142643744613749,0
48,47,107,-0.03647841231498866,0
48,47,108,0.05375872983064386,0
48,47,109,0.3623135734446555,0
48,47,110,0.05259195062510889,0
48,47,111,-0.0285306858373099,0
48,47,112,-0.6067889852443524,0
48,47,113,-0.06089518943933687,0
48,47,114,0.8619263201761175,0
48,47,115,0.05883600743188142,0
48,47,116,-0.02189827404196368,0
48,47,117,-0.2249517449029476,0
48,47,118,-0.04615938250016736,0
48,47,119,0.3580894897070723,0
48,47,120,0.1135867762226059,0
48,47,121,-0.2873085624472878,0
48,47,122,-0.1405251608341001,0
48,47,123,0.09554073276786952,0
48,47,124,0.1250947034187788,0
48,47,125,0.1307188428178851,0
48,47,126,-0.1064424772974802,0
48,47,127,-0.3275999186674121,0
48,47,128,0.09094508504173583,0
48,47,129,0.5002782044098681,0
48,47,130,-0.07216549836339756,0
48,47,131,-0.6795033520600863,0
48,47,132,0.04407870729657331,0
48,47,133,0.8541183340821396,0
48,47,134,-1,0
48,47,135,-6.54114559541161e-07,0
48,47,136,-1.751888858197413e-06,0
48,47,137,-4.610455086314549e-06,0
48,47,138,-1.549747372647661e-05,0
48,47,139,-6.889334957949891e-05,0
48,47,140,-1.549809183084717e-05,0
48,47,141,-4.611148431362042e-06,0
48,47,142,-1.752404798050461e-06,0
48,47,143,-6.543800988720416e-07,0
48,47,144,-9.490366024454881e-07,0
48,47,145,-2.077942507156243e-06,0
48,47,146,-2.718736465135058e-06,0
48,47,147,3.435133974079832e-06,0
48,47,148,5.706875459506999e-05,0
48,47,149,3.43423581818873e-06,0
48,47,150,-2.719849455739665e-06,0
48,47,151,-2.078776467995854e-06,0
48,47,152,-9.494606531372088e-07,0
48,47,153,-1.098507890603895e-06,0
48,47,154,-2.799913298166715e-06,0
48,47,155,-6.33155975999837e-06,0
48,47,156,-1.609117569842086e-05,0
48,47,157,-5.495256178819264e-05,0
48,47,158,-1.609284044297802e-05,0
48,47,159,-6.332979368970355e-06,0
48,47,160,-2.800834304328716e-06,0
48,47,161,-1.098948022244799e-06,0
48,47,162,-7.598916686032005e-07,0
48,47,163,-2.04006415186629e-06,0
48,47,164,-4.901280458634097e-06,0
48,47,165,-1.204896642302905e-05,0
48,47,166,-2.908467544528828e-05,0
48,47,167,-1.20499365748935e-05,0
48,47,168,-4.902160052866116e-06,0
48,47,169,-2.040635089169731e-06,0
48,47,170,-7.601599821848965e-07,0
49,48,0,0.04525073469354391,0
49,48,1,-1,0
49,48,2,0.0662198743841789,0
49,48,3,-0.08404689501474803,0
49,48,4,0.8574839010696143,0
49,48,5,-0.05688062718595693,0
49,48,6,0.1222334223483943,0
49,48,7,-0.6862425085788102,0
49,48,8,0.03733189047889912,0
49,48,9,-0.156040816826013,0
49,48,10,0.485045791488897,0
49,48,11,-0.01909539294587516,0
49,48,12,0.1639754647263577,0
49,48,13,-0.2367112185847714,0
49,48,14,0.0185056531538946,0
49,48,15,-0.1449558401440391,0
49,48,16,-0.01971390918746339,0
49,48,17,-0.02114064164714219,0
49,48,18,0.1165695588662989,0
49,48,19,0.2525585303649596,0
49,48,20,0.02791312318006865,0
49,48,21,-0.08259946241197211,0
49,48,22,-0.4525829853187462,0
49,48,23,-0.03158337027665924,0
49,48,24,0.04412745432890774,0
49,48,25,0.6101408561813334,0
49,48,26,0.03429190663950001,0
49,48,27,-0.7223666245629676,0
49,48,28,-0.03906200716516042,0
49,48,29,-0.04100857243306595,0
49,48,30,0.8301993632890677,0
49,48,31,-0.1174046021195112,0
49,48,32,0.0807484966940331,0
49,48,33,-0.5727259773046265,0
49,48,34,0.07925477247266677,0
49,48,35,-0.1125598483893929,0
49,48,36,0.3249490388470377,0
49,48,37,-0.03985755933966587,0
49,48,38,0.1193870959389164,0
49,48,39,-0.08429508352787934,0
49,48,40,0.02090697569719364,0
49,48,41,-0.08660381439486096,0
49,48,42,-0.1639861047280106,0
49,48,43,-0.03750257145653887,0
49,48,44,0.05386388567260719,0
49,48,45,0.3782939139351227,0
49,48,46,0.05189274568007945,0
49,48,47,-0.02553746094996395,0
49,48,48,-0.5497956451926732,0
49,48,49,-0.05183132118036297,0
49,48,50,0.00495395415312711,0
49,48,51,0.6823532034745841,0
49,48,52,0.04501554789253942,0
49,48,53,0.00486920109805684,0
49,48,54,-0.7780846833440034,0
49,48,55,-0.03441279407550048,0
49,48,56,0.8472330791631959,0
49,48,57,0.02191752207161239,0
49,48,58,0.04345458275119575,0
49,48,59,-0.5740379106014183,0
49,48,60,0.1358102609211981,0
49,48,61,-0.08053729431130928,0
49,48,62,0.2585304270747895,0
49,48,63,-0.06800144592606532,0
49,48,64,0.09126868870889636,0
49,48,65,0.002605985950640246,0
49,48,66,0.02746328179856938,0
49,48,67,-0.06470296815585755,0
49,48,68,-0.2213378298580082,0
49,48,69,-0.02467134485547011,0
49,48,70,0.007855529538929628,0
49,48,71,0.4168529124224903,0
49,48,72,0.05422794959834726,0
49,48,73,0.0129962243743831,0
49,48,74,-0.5646726776079642,0
49,48,75,-0.06558853318339004,0
49,48,76,-0.01784576596550822,0
49,48,77,0.6821341152082697,0
49,48,78,0.04810895300601207,0
49,48,79,0.01356166735799133,0
49,48,80,-0.7677138379069189,0
49,48,81,-0.02948831985960088,0
49,48,82,-0.005544338513056534,0
49,48,83,0.828989805451225,0
49,48,84,0.01405493804924079,0
49,48,85,-0.8727852674377859,0
49,48,86,-0.00360560282202235,0
49,48,87,-0.0544111922046721,0
49,48,88,0.2712394243695553,0
49,48,89,-0.1066015782397552,0
49,48,90,0.07978442138976632,0
49,48,91,0.0399036552619552,0
49,48,92,0.03487142785307003,0
49,48,93,-0.06327666724087873,0
49,48,94,-0.267209954400912,0
49,48,95,-0.01483446586740479,0
49,48,96,0.0181088964048014,0
49,48,97,0.428913392950257,0
49,48,98,0.02452977368411948,0
49,48,99,0.03070801209909656,0
49,48,100,-0.553317583737038,0
49,48,101,-0.04724147191489396,0
49,48,102,-0.021540185832329,0
49,48,103,0.6401273852769602,0
49,48,104,0.04435789903735317,0
49,48,105,0.005282553290467275,0
49,48,106,-0.7271673696695053,0
49,48,107,-0.02009176733828947,0
49,48,108,0.005520442730081959,0
49,48,109,0.7936102386727525,0
49,48,110,0.006549248929790402,0
49,48,111,-0.007515248381123478,0
49,48,112,-0.8409573452026228,0
49,48,113,-0.0001018027795830734,0
49,48,114,0.8699503260483977,0
49,48,115,-6.006358986858183e-05,0
49,48,116,0.09096343121146701,0
49,48,117,0.04019131927245776,0
49,48,118,-0.08906693778328718,0
49,48,119,-0.3159982265274466,0
49,48,120,0.05113274670890021,0
49,48,121,0.4912699090086941,0
49,48,122,-0.01173993949462146,0
49,48,123,-0.5843653158809369,0
49,48,124,-0.01149906571754923,0
49,48,125,0.6358361614798994,0
49,48,126,-0.01713001332153025,0
49,48,127,-0.6820904271524209,0
49,48,128,0.02635829909885443,0
49,48,129,0.7654073035151973,0
49,48,130,-0.02169494176538424,0
49,48,131,-0.8278641950049066,0
49,48,132,0.01107182814402822,0
49,48,133,0.8660414522156776,0
49,48,134,-0.8810872611154642,0
49,48,135,-1.230039315315487e-06,0
49,48,136,-2.987187884306576e-06,0
49,48,137,-5.951459894584854e-06,0
49,48,138,-1.062425585617585e-05,0
49,48,139,-1.189177273136612e-05,0
49,48,140,-1.062605031070047e-05,0
49,48,141,-5.95315581993804e-06,0
49,48,142,-2.988359366876897e-06,0
49,48,143,-1.230623708661445e-06,0
49,48,144,-2.033474933390859e-06,0
49,48,145,-4.99743418744822e-06,0
49,48,146,-1.052072534044558e-05,0
49,48,147,-2.401047173462432e-05,0
49,48,148,-7.505224288848139e-05,0
49,48,149,-2.401286098691311e-05,0
49,48,150,-1.05232832999792e-05,0
49,48,151,-4.999262728089404e-06,0
49,48,152,-2.034388329438626e-06,0
49,48,153,-2.083737202387319e-06,0
49,48,154,-4.935851970203864e-06,0
49,48,155,-8.63954174357279e-06,0
49,48,156,-6.983691461644217e-06,0
49,48,157,4.998942469610766e-05,0
49,48,158,-6.986523119347296e-06,0
49,48,159,-8.642311059104201e-06,0
49,48,160,-4.937736856340274e-06,0
49,48,161,-2.084651739445182e-06,0
49,48,162,-1.512126918904488e-06,0
49,48,163,-4.185771744995503e-06,0
49,48,164,-1.110213763292161e-05,0
49,48,165,-3.476808765008963e-05,0
49,48,166,-0.0001356686667569725,0
49,48,167,-3.477070627388847e-05,0
49,48,168,-1.110416240970533e-05,0
49,48,169,-4.187009036785966e-06,0
49,48,170,-1.512696947772687e-06,0
50,49,0,-0.01328318220675655,0
50,49,1,1,0
50,49,2,-0.02635318064673412,0
50,49,3,0.009578716173667533,0
50,49,4,-0.9245376202394175,0
50,49,5,0.04230136060392926,0
50,49,6,-0.002851577489106902,0
50,49,7,0.8541143717204909,0
50,49,8,-0.04240607470693727,0
50,49,9,0.01581210775227173,0
50,49,10,-0.8225483746533386,0
50,49,11,0.02030621490495159,0
50,49,12,-0.06993654964398634,0
50,49,13,0.8406375525729229,0
50,49,14,0.02905164765859808,0
50,49,15,0.09170059343339361,0
50,49,16,-0.8448267515970384,0
50,49,17,-0.07466584892022676,0
50,49,18,-0.1084534556570659,0
50,49,19,0.8202144340568738,0
50,49,20,0.06914208970592786,0
50,49,21,0.1045886357907184,0
50,49,22,-0.7342700920095531,0
50,49,23,-0.04060193973045743,0
50,49,24,-0.06826629272281523,0
50,49,25,0.594727084733166,0
50,49,26,-0.003698037983243785,0
50,49,27,-0.4421040600598883,0
50,49,28,0.04843452949833224,0
50,49,29,-0.004121587588147778,0
50,49,30,-0.9657991667742643,0
50,49,31,0.07076022180499507,0
50,49,32,-0.0005498794401429947,0
50,49,33,0.8389397248735488,0
50,49,34,-0.07158942692659442,0
50,49,35,0.03063543045592518,0
50,49,36,-0.7283041307524991,0
50,49,37,0.03894746597472174,0
50,49,38,-0.08939795991191607,0
50,49,39,0.6533111028673722,0
50,49,40,0.01813257445855366,0
50,49,41,0.1591926517732629,0
50,49,42,-0.6167899223533672,0
50,49,43,-0.08334497694669349,0
50,49,44,-0.1674273636719461,0
50,49,45,0.5961180693970164,0
50,49,46,0.1170714286434496,0
50,49,47,0.139046816357362,0
50,49,48,-0.578814132717887,0
50,49,49,-0.07388269148586961,0
50,49,50,-0.08445075516067725,0
50,49,51,0.5068158360103584,0
50,49,52,0.0111069453027866,0
50,49,53,0.0272120515389822,0
50,49,54,-0.3950576001224665,0
50,49,55,0.04276742806390395,0
50,49,56,0.27256337298245,0
50,49,57,-0.06186386328450837,0
50,49,58,-0.007071138086807682,0
50,49,59,0.8467828353646376,0
50,49,60,-0.09772705738964298,0
50,49,61,0.04599070562565818,0
50,49,62,-0.6660615681385584,0
50,49,63,0.05568611131421593,0
50,49,64,-0.1035782355237357,0
50,49,65,0.5117790052140639,0
50,49,66,0.00419516852065909,0
50,49,67,0.1564731643857034,0
50,49,68,-0.3990294763223645,0
50,49,69,-0.06050169714831344,0
50,49,70,-0.1790039288559061,0
50,49,71,0.3381497504321809,0
50,49,72,0.0954568106170444,0
50,49,73,0.1341878582475917,0
50,49,74,-0.3263360794071457,0
50,49,75,-0.0863304646332498,0
50,49,76,-0.06744730109042422,0
50,49,77,0.3372175222602387,0
50,49,78,0.02068927185872229,0
50,49,79,0.009593998176077515,0
50,49,80,-0.3032463884814214,0
50,49,81,0.03422060752474672,0
50,49,82,0.01480211462894379,0
50,49,83,0.2314971393245566,0
50,49,84,-0.05562891722070105,0
50,49,85,-0.1446759049603957,0
50,49,86,0.03658671061784811,0
50,49,87,0.04515376793434137,0
50,49,88,-0.6289352574775612,0
50,49,89,0.07332848987542055,0
50,49,90,-0.1002102924793706,0
50,49,91,0.419099643881774,0
50,49,92,-0.01159674275877438,0
50,49,93,0.1331492744135095,0
50,49,94,-0.2480072279068072,0
50,49,95,-0.03071985575422588,0
50,49,96,-0.1299603073819305,0
50,49,97,0.1400200432991958,0
50,49,98,0.05102601402700839,0
50,49,99,0.09119029482115842,0
50,49,100,-0.109632838971067,0
50,49,101,-0.04849450122784598,0
50,49,102,-0.02575619174628611,0
50,49,103,0.1450780204212005,0
50,49,104,0.02178232294645741,0
50,49,105,-0.02200431577272053,0
50,49,106,-0.2012200348281186,0
50,49,107,0.01954088565570216,0
50,49,108,0.03580305693201494,0
50,49,109,0.2079093599824587,0
50,49,110,-0.03686388195881649,0
50,49,111,-0.02118425137602628,0
50,49,112,-0.1697220069247044,0
50,49,113,0.02899472463223257,0
50,49,114,0.1145700350317845,0
50,49,115,-0.006161417323149255,0
50,49,116,-0.08041968831085507,0
50,49,117,0.3953884465473102,0
50,49,118,0.09767984877754803,0
50,49,119,-0.1859618485912655,0
50,49,120,-0.07149415590480876,0
50,49,121,0.03629625304473711,0
50,49,122,0.02490697233440112,0
50,49,123,0.02008296814012914,0
50,49,124,0.01807156957331417,0
50,49,125,0.01476832511833635,0
50,49,126,-0.04323595013576063,0
50,49,127,-0.1041661574840431,0
50,49,128,0.03599966466523596,0
50,49,129,0.1887973873158725,0
50,49,130,-0.01432126307985596,0
50,49,131,-0.2091912790862016,0
50,49,132,-0.002041809666876742,0
50,49,133,0.1784111985846686,0
50,49,134,-0.1371140207643995,0
50,49,135,1.466608765762527e-06,0
50,49,136,4.275276180942621e-06,0
50,49,137,1.209040413653978e-05,0
50,49,138,3.942355043972655e-05,0
50,49,139,0.0001529558000567809,0
50,49,140,3.942558991591092e-05,0
50,49,141,1.20920973210483e-05,0
50,49,142,4.276344960260575e-06,0
50,49,143,1.467116596805026e-06,0
50,49,144,1.846556668087313e-06,0
50,49,145,4.496409943491774e-06,0
50,49,146,8.374012234593133e-06,0
50,49,147,9.033687600164216e-06,0
50,49,148,-3.527241667804626e-05,0
50,49,149,9.03536064149309e-06,0
50,49,150,8.375910443546907e-06,0
50,49,151,4.497788459457839e-06,0
50,49,152,1.847248125319282e-06,0
50,49,153,1.576302213613831e-06,0
50,49,154,3.724196413395534e-06,0
50,49,155,7.266287137157401e-06,0
50,49,156,1.506906313043888e-05,0
50,49,157,4.730870072536469e-05,0
50,49,158,1.507062009224969e-05,0
50,49,159,7.267909326883753e-06,0
50,49,160,3.725385744258217e-06,0
50,49,161,1.576905464921103e-06,0
50,49,162,8.434288239552889e-07,0
50,49,163,1.823564573156481e-06,0
50,49,164,2.709067308770937e-06,0
50,49,165,1.313685761682973e-06,0
50,49,166,-1.544135682177155e-05,0
50,49,167,1.314262042632576e-06,0
50,49,168,2.709865588025753e-06,0
50,49,169,1.824200817267096e-06,0
50,49,170,8.437584728281499e-07,0
51,50,0,-0.0121450323634406,0
51,50,1,-0.1178711624220671,0
51,50,2,0.006913070190802697,0
51,50,3,-0.01274506913622124,0
51,50,4,0.1840547924258026,0
51,50,5,0.03779453704786347,0
51,50,6,0.06654311666619224,0
51,50,7,-0.26674553059689,0
51,50,8,-0.07429743485427248,0
51,50,9,-0.122428279534544,0
51,50,10,0.2844752454461796,0
51,50,11,0.07766596253067634,0
51,50,12,0.1470869133713733,0
51,50,13,-0.1759790432547256,0
51,50,14,-0.03739624699909595,0
51,50,15,-0.101696077715229,0
51,50,16,-0.09339597014725221,0
51,50,17,-0.06457143392389214,0
51,50,18,0.00524454372727294,0
51,50,19,0.4489653392723711,0
51,50,20,0.1766045147774069,0
51,50,21,0.08541599598937342,0
51,50,22,-0.7393701115285788,0
51,50,23,-0.2158105116514791,0
51,50,24,-0.100935015375649,0
51,50,25,0.8304074786129029,0
51,50,26,0.1476095571373116,0
51,50,27,-0.7089858753285354,0
51,50,28,-0.0005466453732807531,0
51,50,29,-0.03930366209248407,0
51,50,30,0.04994838420194841,0
51,50,31,0.03938269463625303,0
51,50,32,0.0894871240053727,0
51,50,33,-0.1236211451978992,0
51,50,34,-0.1001503578887537,0
51,50,35,-0.1061363878066279,0
51,50,36,0.1969303341344238,0
51,50,37,0.1037514760189306,0
51,50,38,0.0596118556157154,0
51,50,39,-0.2089087868693661,0
51,50,40,-0.03749254480718907,0
51,50,41,0.05465596938938205,0
51,50,42,0.1279767427105042,0
51,50,43,-0.08065427561518466,0
51,50,44,-0.2112552845732479,0
51,50,45,0.08584241132093531,0
51,50,46,0.2509133749600136,0
51,50,47,0.314188626385888,0
51,50,48,-0.3734430566288073,0
51,50,49,-0.3482783344225099,0
51,50,50,-0.2935555810075483,0
51,50,51,0.6055825193593343,0
51,50,52,0.2883620699577268,0
51,50,53,0.158109989905488,0
51,50,54,-0.671956959136404,0
51,50,55,-0.1044171139129864,0
51,50,56,0.5636674919770214,0
51,50,57,-0.0845830531195829,0
51,50,58,0.04601762798446912,0
51,50,59,-0.03804127212117993,0
51,50,60,-0.09239830962045341,0
51,50,61,-0.03372805233762116,0
51,50,62,0.1584738102419492,0
51,50,63,0.09538326348678387,0
51,50,64,-0.04936921305555499,0
51,50,65,-0.2854346726116734,0
51,50,66,-0.02758573899462492,0
51,50,67,0.1801052729338473,0
51,50,68,0.372008016636324,0
51,50,69,-0.08671644375834624,0
51,50,70,-0.3119243518934053,0
51,50,71,-0.3836000533471516,0
51,50,72,0.203282799331443,0
51,50,73,0.4049664839239998,0
51,50,74,0.2478406272769653,0
51,50,75,-0.3156537289042422,0
51,50,76,-0.3667955365998692,0
51,50,77,-0.005872444911757493,0
51,50,78,0.3051942597009631,0
51,50,79,0.2167444884315265,0
51,50,80,-0.2162443900685517,0
51,50,81,-0.1575364908833198,0
51,50,82,-0.05675192415484165,0
51,50,83,0.3022303154485822,0
51,50,84,-0.02389563778901118,0
51,50,85,-0.223936583790938,0
51,50,86,0.11171553396591,0
51,50,87,0.02469742203444046,0
51,50,88,0.2062709753578178,0
51,50,89,0.07653433550956025,0
51,50,90,-0.1109676985347765,0
51,50,91,-0.3903561198485958,0
51,50,92,-0.02152930243941235,0
51,50,93,0.2135017347421062,0
51,50,94,0.5904264057759642,0
51,50,95,-0.05297488904214828,0
51,50,96,-0.2825391869781345,0
51,50,97,-0.7393946518811894,0
51,50,98,0.1227800377683577,0
51,50,99,0.2847359455837978,0
51,50,100,0.7769743902149693,0
51,50,101,-0.1590582400367665,0
51,50,102,-0.2413252179317356,0
51,50,103,-0.6309360935379434,0
51,50,104,0.1714081606535473,0
51,50,105,0.1172648648775129,0
51,50,106,0.3608969097014104,0
51,50,107,-0.1118409248761304,0
51,50,108,0.008578240089906944,0
51,50,109,-0.09517102133914686,0
51,50,110,0.004284459997069895,0
51,50,111,-0.05296815433134268,0
51,50,112,-0.03399178261294929,0
51,50,113,0.0672885498194877,0
51,50,114,-0.004869826418590191,0
51,50,115,-0.05430699323082245,0
51,50,116,-0.09176800471186558,0
51,50,117,-0.4509256127921534,0
51,50,118,0.1448792472222792,0
51,50,119,0.6717401087443613,0
51,50,120,-0.1416307889103819,0
51,50,121,-0.8879336229810584,0
51,50,122,0.08057146716373922,0
51,50,123,1,0
51,50,124,0.01491959135649426,0
51,50,125,-0.9414272259881337,0
51,50,126,-0.07271650285249795,0
51,50,127,0.7076508313932062,0
51,50,128,0.1173561120882217,0
51,50,129,-0.3943689137371996,0
51,50,130,-0.106440064193193,0
51,50,131,0.1049947203322071,0
51,50,132,0.04933345040040695,0
51,50,133,0.02936723047481613,0
51,50,134,-0.0004852623833027924,0
51,50,135,6.668368811932607e-07,0
51,50,136,1.462995947050948e-06,0
51,50,137,2.234788826524704e-06,0
51,50,138,9.954992917322476e-07,0
51,50,139,-1.64979742178242e-05,0
51,50,140,9.965298527762796e-07,0
51,50,141,2.235839633361431e-06,0
51,50,142,1.463763347368188e-06,0
51,50,143,6.672311732191314e-07,0
51,50,144,1.22913189036144e-06,0
51,50,145,2.946178071447806e-06,0
51,50,146,6.099359717871557e-06,0
51,50,147,1.51583686817647e-05,0
51,50,148,6.140991191042141e-05,0
51,50,149,1.515988001410575e-05,0
51,50,150,6.101118866642618e-06,0
51,50,151,2.947474003683809e-06,0
51,50,152,1.229786810839945e-06,0
51,50,153,1.396555827514479e-06,0
51,50,154,3.266862348501545e-06,0
51,50,155,5.181572236918371e-06,0
51,50,156,-8.028307757847457e-07,0
51,50,157,-7.403839360070814e-05,0
51,50,158,-8.004168857012943e-07,0
51,50,159,5.183831703545203e-06,0
51,50,160,3.268349424432599e-06,0
51,50,161,1.397263698828453e-06,0
51,50,162,1.180623664070877e-06,0
51,50,163,3.552546729804019e-06,0
51,50,164,1.066403963539924e-05,0
51,50,165,3.771253667686597e-05,0
51,50,166,0.0001588802746747167,0
51,50,167,3.771525235141902e-05,0
51,50,168,1.066592742293327e-05,0
51,50,169,3.553611491031926e-06,0
51,50,170,1.181092767180496e-06,0
52,51,0,0.06137095124802277,0
52,51,1,-0.1171392307533919,0
52,51,2,-0.07790420115510885,0
52,51,3,-0.1277839483192144,0
52,51,4,0.1547503040439193,0
52,51,5,0.08679744490104491,0
52,51,6,0.125527726006422,0
52,51,7,0.01224338708724143,0
52,51,8,0.00373297175430989,0
52,51,9,-0.01317682106359798,0
52,51,10,-0.3789805745517331,0
52,51,11,-0.1562211565472758,0
52,51,12,-0.1941643355420417,0
52,51,13,0.7958149982757652,0
52,51,14,0.3007114865514234,0
52,51,15,0.332645552447472,0
52,51,16,-1,0
52,51,17,-0.3389495204481605,0
52,51,18,-0.3431298388559768,0
52,51,19,0.826052801961785,0
52,51,20,0.1670902732124778,0
52,51,21,0.2203587064770555,0
52,51,22,-0.3223076322613821,0
52,51,23,0.07405525006503624,0
52,51,24,-0.05973994505606874,0
52,51,25,-0.2248351469750456,0
52,51,26,-0.2183590628304003,0
52,51,27,0.5062781878383499,0
52,51,28,0.1607113551384854,0
52,51,29,-0.04499524926684528,0
52,51,30,0.1594507032267047,0
52,51,31,0.1414141712068725,0
52,51,32,-0.03300805777465566,0
52,51,33,-0.233780347354672,0
52,51,34,-0.02089340644558827,0
52,51,35,0.2224989998365498,0
52,51,36,0.1218218574729996,0
52,51,37,-0.2024434814353777,0
52,51,38,-0.4371540910208877,0
52,51,39,0.1395488043893717,0
52,51,40,0.4051305872726429,0
52,51,41,0.5541155856713759,0
52,51,42,-0.4157875247806419,0
52,51,43,-0.4678269402539317,0
52,51,44,-0.4329579301377247,0
52,51,45,0.5285669037713315,0
52,51,46,0.3026315068819119,0
52,51,47,0.1451860010450927,0
52,51,48,-0.3538818632417584,0
52,51,49,0.08124779374471526,0
52,51,50,0.1171667529177856,0
52,51,51,-0.09735793117146448,0
52,51,52,-0.3801391710103774,0
52,51,53,-0.1765500171332516,0
52,51,54,0.5669587645910034,0
52,51,55,0.3900521191633662,0
52,51,56,-0.7976719496941419,0
52,51,57,-0.117177945100974,0
52,51,58,-0.09115484656892679,0
52,51,59,-0.4899606300510878,0
52,51,60,-0.08318753893931713,0
52,51,61,0.2822022184427979,0
52,51,62,0.6111617676411852,0
52,51,63,-0.1371588610446721,0
52,51,64,-0.4482464941354837,0
52,51,65,-0.5467857762517975,0
52,51,66,0.3384236745831079,0
52,51,67,0.4691893751679883,0
52,51,68,0.312468718431004,0
52,51,69,-0.4011069529892445,0
52,51,70,-0.291811192826422,0
52,51,71,-0.005890435049059688,0
52,51,72,0.272927900918453,0
52,51,73,-0.05708582184359464,0
52,51,74,-0.1984610826715483,0
52,51,75,0.04384407286461613,0
52,51,76,0.3644760545945783,0
52,51,77,0.1519146300764868,0
52,51,78,-0.3896786691497943,0
52,51,79,-0.4363632420743119,0
52,51,80,0.1650327917609915,0
52,51,81,0.4899295572499558,0
52,51,82,0.2561193609576771,0
52,51,83,-0.5293062627357531,0
52,51,84,-0.2920152709394644,0
52,51,85,0.6937784833732556,0
52,51,86,-0.0331554567502066,0
52,51,87,0.1649363589329036,0
52,51,88,0.8478407872425793,0
52,51,89,-0.02552512544618683,0
52,51,90,-0.2663157345334005,0
52,51,91,-0.9452307508704424,0
52,51,92,0.1672074044318135,0
52,51,93,0.2194487930403499,0
52,51,94,0.8127202967641937,0
52,51,95,-0.2164213962777824,0
52,51,96,-0.02387805419537135,0
52,51,97,-0.4472669879532185,0
52,51,98,0.1457446309136906,0
52,51,99,-0.2420939937320708,0
52,51,100,-0.03699156052953705,0
52,51,101,0.01446737887613252,0
52,51,102,0.4721815792551952,0
52,51,103,0.3993040732279445,0
52,51,104,-0.2232961328697768,0
52,51,105,-0.5036560081122515,0
52,51,106,-0.4596294778243416,0
52,51,107,0.3373932092630423,0
52,51,108,0.3287427294172997,0
52,51,109,0.2047173804704467,0
52,51,110,-0.2597212064821858,0
52,51,111,-0.09892639528084213,0
52,51,112,0.1334665549114932,0
52,51,113,0.06514204510700697,0
52,51,114,-0.2833038975635409,0
52,51,115,0.08833137686295142,0
52,51,116,-0.04588481281249581,0
52,51,117,-0.8797206350364283,0
52,51,118,-0.03461814815121055,0
52,51,119,0.9039632773093624,0
52,51,120,0.1806200684296196,0
52,51,121,-0.6377139048428838,0
52,51,122,-0.3029067141390074,0
52,51,123,0.1212057574543793,0
52,51,124,0.3265029315362911,0
52,51,125,0.4575155858631841,0
52,51,126,-0.2637412299449577,0
52,51,127,-0.8364054875400538,0
52,51,128,0.1034549944905652,0
52,51,129,0.8563105106187054,0
52,51,130,0.04153655234126215,0
52,51,131,-0.5365211987662765,0
52,51,132,-0.07572658100193369,0
52,51,133,0.14689149600956,0
52,51,134,0.02819023311399468,0
52,51,135,7.233075884335435e-07,0
52,51,136,2.521203014982013e-06,0
52,51,137,8.629302709404909e-06,0
52,51,138,3.228166278499709e-05,0
52,51,139,0.0001348340195205396,0
52,51,140,3.228280766816447e-05,0
52,51,141,8.630012246591377e-06,0
52,51,142,2.521533863905638e-06,0
52,51,143,7.234326819889554e-07,0
52,51,144,5.763963039132939e-07,0
52,51,145,1.551778795644437e-06,0
52,51,146,3.049736003281404e-06,0
52,51,147,6.606670795880167e-07,0
52,51,148,-4.897883660271295e-05,0
52,51,149,6.608984716178612e-07,0
52,51,150,3.049930337649975e-06,0
52,51,151,1.551896432028474e-06,0
52,51,152,5.7644935591942e-07,0
52,51,153,1.064378706396649e-07,0
52,51,154,1.594412691682196e-07,0
52,51,155,6.195294201377645e-07,0
52,51,156,7.314155982676054e-06,0
52,51,157,6.81246725005104e-05,0
52,51,158,7.313230327531383e-06,0
52,51,159,6.18919233862825e-07,0
52,51,160,1.591780462398747e-07,0
52,51,161,1.063514809559157e-07,0
52,51,162,-3.202498005771419e-07,0
52,51,163,-1.562736145667403e-06,0
52,51,164,-6.861112742655621e-06,0
52,51,165,-2.986730541936717e-05,0
52,51,166,-0.0001356582552276746,0
52,51,167,-2.986907127777761e-05,0
52,51,168,-6.862036529271924e-06,0
52,51,169,-1.563102465249318e-06,0
52,51,170,-3.203682802814261e-07,0
53,52,0,0.07075454359325875,0
53,52,1,-0.03640122023476761,0
53,52,2,-0.08597471131756476,0
53,52,3,0.01196758867522739,0
53,52,4,-0.2350494471154788,0
53,52,5,-0.1465369799662932,0
53,52,6,-0.202156684014503,0
53,52,7,0.7145933188115163,0
53,52,8,0.378984336559901,0
53,52,9,0.3470744644651358,0
53,52,10,-1,0
53,52,11,-0.3968332190163954,0
53,52,12,-0.3167140149457243,0
53,52,13,0.8208231980301496,0
53,52,14,0.1665950007165523,0
53,52,15,0.08950591090974029,0
53,52,16,-0.2695057643970484,0
53,52,17,0.1559821600781435,0
53,52,18,0.1118900705398558,0
53,52,19,-0.1836314165794677,0
53,52,20,-0.2804700027250904,0
53,52,21,-0.1331538189815287,0
53,52,22,0.1688073742991744,0
53,52,23,0.08047388741912849,0
53,52,24,0.02623574037073783,0
53,52,25,0.2140736076238656,0
53,52,26,0.1886719269696742,0
53,52,27,-0.4928687756573472,0
53,52,28,-0.1958076991920165,0
53,52,29,0.167752707448457,0
53,52,30,0.3799477542766676,0
53,52,31,-0.006312498319242378,0
53,52,32,-0.4522849745717247,0
53,52,33,-0.1281097660835178,0
53,52,34,0.4267216127994792,0
53,52,35,0.5844323494439975,0
53,52,36,-0.3298454824970496,0
53,52,37,-0.6022593312656638,0
53,52,38,-0.4102283066679872,0
53,52,39,0.6155225299234128,0
53,52,40,0.3535144138169563,0
53,52,41,0.02534445738933672,0
53,52,42,-0.490111189257634,0
53,52,43,0.1338777395990491,0
53,52,44,0.289875175277127,0
53,52,45,0.05454002944779535,0
53,52,46,-0.4828320255171828,0
53,52,47,-0.2552194590868969,0
53,52,48,0.2639089970049616,0
53,52,49,0.3318141871610357,0
53,52,50,-0.02020742426075986,0
53,52,51,-0.1310214695840261,0
53,52,52,0.1735864599498081,0
53,52,53,0.1772222077568004,0
53,52,54,-0.3625726412059443,0
53,52,55,-0.4821019674346904,0
53,52,56,0.7469282043967007,0
53,52,57,0.2572212106496967,0
53,52,58,-0.3277975139861824,0
53,52,59,-0.8381216975009872,0
53,52,60,0.1638272399020709,0
53,52,61,0.5089520147188621,0
53,52,62,0.5685017847304675,0
53,52,63,-0.4885164292159213,0
53,52,64,-0.3438819832561466,0
53,52,65,-0.06573865121278677,0
53,52,66,0.4062751510327471,0
53,52,67,-0.06115600115279598,0
53,52,68,-0.3040587300807151,0
53,52,69,0.01630943161539952,0
53,52,70,0.3859648705564014,0
53,52,71,0.2894896725924053,0
53,52,72,-0.4186419467848626,0
53,52,73,-0.3433393190886269,0
53,52,74,0.04369599253573409,0
53,52,75,0.4532810136668826,0
53,52,76,-0.05430311617694332,0
53,52,77,-0.304572531571191,0
53,52,78,-0.003808168902617148,0
53,52,79,0.4024979334936269,0
53,52,80,0.1429145260184334,0
53,52,81,-0.5026880398109341,0
53,52,82,-0.3579899259113504,0
53,52,83,0.3723949583288064,0
53,52,84,0.5602504852033863,0
53,52,85,-0.7863923005120239,0
53,52,86,-0.1360458829277816,0
53,52,87,0.2279692561945822,0
53,52,88,0.9619764644392947,0
53,52,89,-0.1826129222103337,0
53,52,90,-0.1651235158550583,0
53,52,91,-0.6720352327315726,0
53,52,92,0.2590573988618719,0
53,52,93,-0.1127426243459022,0
53,52,94,0.1324597169640816,0
53,52,95,-0.0709996058206093,0
53,52,96,0.3354217055614382,0
53,52,97,0.2721673385586786,0
53,52,98,-0.1941889880163033,0
53,52,99,-0.2740896440422128,0
53,52,100,-0.2543904608209379,0
53,52,101,0.2917461764876843,0
53,52,102,-0.08347158733297846,0
53,52,103,-0.1280908990793852,0
53,52,104,-0.1090560778704739,0
53,52,105,0.4661268159840106,0
53,52,106,0.4793052801708735,0
53,52,107,-0.2484940313304539,0
53,52,108,-0.5390813139209195,0
53,52,109,-0.4094975677851584,0
53,52,110,0.4426848273030656,0
53,52,111,0.2813152872138107,0
53,52,112,-0.04417103891794059,0
53,52,113,-0.2957562418677497,0
53,52,114,0.4397238957145651,0
53,52,115,-0.01974647084225848,0
53,52,116,0.007728907157810209,0
53,52,117,-0.7277756142015225,0
53,52,118,-0.139466287733801,0
53,52,119,0.4812944857173859,0
53,52,120,0.2076834357926882,0
53,52,121,0.01497015920501077,0
53,52,122,-0.1055820730677236,0
53,52,123,-0.3446966575758455,0
53,52,124,-0.1155101579492945,0
53,52,125,0.2120046721765712,0
53,52,126,0.306815216359806,0
53,52,127,0.2935245471996744,0
53,52,128,-0.3154107788295478,0
53,52,129,-0.7581454509185486,0
53,52,130,0.1491153227375979,0
53,52,131,0.7729939104266991,0
53,52,132,0.009862468734488948,0
53,52,133,-0.3631030885235947,0
53,52,134,-0.02659671598141503,0
53,52,135,1.274515708523859e-06,0
53,52,136,3.762305477059335e-06,0
53,52,137,1.116754438006781e-05,0
53,52,138,3.977722822455887e-05,0
53,52,139,0.0001699495176862099,0
53,52,140,3.977896790173394e-05,0
53,52,141,1.116907490321852e-05,0
53,52,142,3.763326556781271e-06,0
53,52,143,1.275017584846804e-06,0
53,52,144,1.566664241234517e-06,0
53,52,145,3.542495656009767e-06,0
53,52,146,5.162120856030162e-06,0
53,52,147,-2.703433807690053e-06,0
53,52,148,-8.138060559748927e-05,0
53,52,149,-2.702254664641561e-06,0
53,52,150,5.163905912482698e-06,0
53,52,151,3.543901863434769e-06,0
53,52,152,1.567390315299143e-06,0
53,52,153,1.527838299976462e-06,0
53,52,154,3.612225628030269e-06,0
53,52,155,6.841224858664551e-06,0
53,52,156,1.217326250376208e-05,0
53,52,157,2.710914632677613e-05,0
53,52,158,1.217566941073003e-05,0
53,52,159,6.843400526048815e-06,0
53,52,160,3.613696947746887e-06,0
53,52,161,1.528557010498178e-06,0
53,52,162,1.038630239812925e-06,0
53,52,163,2.75586189399699e-06,0
53,52,164,6.819002375049956e-06,0
53,52,165,1.927534009918394e-05,0
53,52,166,6.430230951804398e-05,0
53,52,167,1.927707256920258e-05,0
53,52,168,6.820460283021418e-06,0
53,52,169,2.75679273879644e-06,0
53,52,170,1.039068287364031e-06,0
54,53,0,-0.02994532198970637,0
54,53,1,-0.008278539766255715,0
54,53,2,0.02902582510159795,0
54,53,3,0.1640171670582238,0
54,53,4,-0.2959144850700355,0
54,53,5,-0.2630943270223025,0
54,53,6,-0.2408736608378123,0
54,53,7,0.4806532906604704,0
54,53,8,0.2752606963277482,0
54,53,9,0.1875180943501017,0
54,53,10,-0.335382616824341,0
54,53,11,-0.07649519160055418,0
54,53,12,-0.1059079103752393,0
54,53,13,0.06907738371284665,0
54,53,14,-0.06125233402968693,0
54,53,15,0.1615977580997817,0
54,53,16,-0.114787112712236,0
54,53,17,-0.1170236390455024,0
54,53,18,-0.3339671935163884,0
54,53,19,0.5252574869036916,0
54,53,20,0.4468813533358283,0
54,53,21,0.4133298947326682,0
54,53,22,-0.8626355858738689,0
54,53,23,-0.5154433101895796,0
54,53,24,-0.2692028265155929,0
54,53,25,0.7681519165757426,0
54,53,26,0.2287547426691951,0
54,53,27,-0.4231896557593363,0
54,53,28,0.07743766379936598,0
54,53,29,0.2760584615543035,0
54,53,30,0.3567395449884668,0
54,53,31,-0.1844192272356747,0
54,53,32,-0.4409723315478803,0
54,53,33,-0.07536945475698285,0
54,53,34,0.4110269497451721,0
54,53,35,0.3455609674954161,0
54,53,36,-0.06902400224606796,0
54,53,37,-0.1997458804102522,0
54,53,38,-0.1693726892800738,0
54,53,39,-0.1479077535363638,0
54,53,40,-0.1722547941599591,0
54,53,41,0.2021502595819534,0
54,53,42,0.5266559892727236,0
54,53,43,0.2403746215015629,0
54,53,44,-0.513727274770551,0
54,53,45,-0.6060392473850613,0
54,53,46,0.1504780561817273,0
54,53,47,0.7242544656861811,0
54,53,48,0.2453160823044788,0
54,53,49,-0.550004623031369,0
54,53,50,-0.5507568067204838,0
54,53,51,0.1576298129337075,0
54,53,52,0.4080924548101806,0
54,53,53,0.1722338498807536,0
54,53,54,-0.1964685760702039,0
54,53,55,0.07897413645154301,0
54,53,56,-0.0104357452737005,0
54,53,57,-0.2672768170324509,0
54,53,58,-0.2546392535119458,0
54,53,59,-0.5134633484119869,0
54,53,60,0.2539928444467504,0
54,53,61,0.171077635196059,0
54,53,62,0.259545515098044,0
54,53,63,-0.2170512078523478,0
54,53,64,0.1320284243355872,0
54,53,65,-0.1459560764672843,0
54,53,66,-0.1861062647048327,0
54,53,67,-0.2928858108554762,0
54,53,68,0.401410399588898,0
54,53,69,0.505541902246018,0
54,53,70,0.1255063003588522,0
54,53,71,-0.8310790208236237,0
54,53,72,-0.3968247568462213,0
54,53,73,0.2003685255578566,0
54,53,74,1,0
54,53,75,-0.005799887341763773,0
54,53,76,-0.2280948929290783,0
54,53,77,-0.7270907520910568,0
54,53,78,0.2160372322026091,0
54,53,79,-0.0643413799697375,0
54,53,80,0.3459570924394989,0
54,53,81,0.07781049480737068,0
54,53,82,0.240000883896197,0
54,53,83,-0.2943570528798197,0
54,53,84,-0.4141734220481121,0
54,53,85,0.4915044309683217,0
54,53,86,0.2552240014892612,0
54,53,87,-0.05130815334391962,0
54,53,88,0.1777083011089126,0
54,53,89,-0.1275319481140898,0
54,53,90,0.3570717011056742,0
54,53,91,0.1077057668158596,0
54,53,92,-0.07003745763819234,0
54,53,93,-0.6249048561476976,0
54,53,94,-0.2824806646240735,0
54,53,95,0.3622750640351978,0
54,53,96,0.6148525949421013,0
54,53,97,0.09442011789331316,0
54,53,98,-0.4569075646591127,0
54,53,99,-0.4008575160121658,0
54,53,100,0.288924408216005,0
54,53,101,0.2824443011697967,0
54,53,102,0.2462105502611528,0
54,53,103,-0.4891485469576832,0
54,53,104,-0.0689717397862951,0
54,53,105,-0.3487692412186728,0
54,53,106,0.327209996637214,0
54,53,107,0.0577721440769161,0
54,53,108,0.4915725309930197,0
54,53,109,-0.06494478389265591,0
54,53,110,-0.2631694485077317,0
54,53,111,-0.3550915420273342,0
54,53,112,0.119043124040597,0
54,53,113,0.327295084183037,0
54,53,114,-0.4081781214736608,0
54,53,115,-0.0782152568210004,0
54,53,116,0.2066664956409235,0
54,53,117,0.2390633596863533,0
54,53,118,-0.3673996532656236,0
54,53,119,-0.6090967134583121,0
54,53,120,0.3615514664158325,0
54,53,121,0.8899084708610918,0
54,53,122,-0.2320914493149676,0
54,53,123,-0.7932472104802362,0
54,53,124,0.1360988975332779,0
54,53,125,0.4465288151604563,0
54,53,126,-0.1738948329942273,0
54,53,127,-0.2194230804709792,0
54,53,128,0.2569008350347781,0
54,53,129,0.2936828505326012,0
54,53,130,-0.2244461149534938,0
54,53,131,-0.4579596962339272,0
54,53,132,0.07526509529899861,0
54,53,133,0.3353985432740759,0
54,53,134,0.004918638977211323,0
54,53,135,2.153118138545278e-07,0
54,53,136,8.603629831399287e-07,0
54,53,137,2.35041218277701e-06,0
54,53,138,1.348237973311018e-06,0
54,53,139,-4.30589562188089e-05,0
54,53,140,1.34980745507279e-06,0
54,53,141,2.351013659644629e-06,0
54,53,142,8.60458611402265e-07,0
54,53,143,2.152860283784684e-07,0
54,53,144,8.261629745038577e-08,0
54,53,145,1.036663587440434e-06,0
54,53,146,6.721043241020354e-06,0
54,53,147,3.785994449375724e-05,0
54,53,148,0.0002114782765987221,0
54,53,149,3.785985589705907e-05,0
54,53,150,6.720594110134378e-06,0
54,53,151,1.036245700025902e-06,0
54,53,152,8.238624108305295e-08,0
54,53,153,-7.559788761412396e-07,0
54,53,154,-2.618556286757336e-06,0
54,53,155,-9.525693585566875e-06,0
54,53,156,-4.103164052309284e-05,0
54,53,157,-0.0002055442685006951,0
54,53,158,-4.103469167104568e-05,0
54,53,159,-9.527599175557161e-06,0
54,53,160,-2.619534999160558e-06,0
54,53,161,-7.563883960278854e-07,0
54,53,162,-6.984774887232389e-07,0
54,53,163,-2.188503089460175e-06,0
54,53,164,-5.850163981423069e-06,0
54,53,165,-1.219845541769908e-05,0
54,53,166,1.986029168477982e-06,0
54,53,167,-1.219952154243846e-05,0
54,53,168,-5.851220835718077e-06,0
54,53,169,-2.189143298651266e-06,0
54,53,170,-6.98756109708576e-07,0
55,54,0,0.09052279771048714,0
55,54,1,0.009731949105977926,0
55,54,2,-0.09231751966977464,0
55,54,3,-0.3388133379440692,0
55,54,4,0.6237704398115919,0
55,54,5,0.5725683823016799,0
55,54,6,0.3806719787947128,0
55,54,7,-0.9500672030302603,0
55,54,8,-0.5113300149581963,0
55,54,9,-0.06713617636036252,0
55,54,10,0.4561152963898141,0
55,54,11,-0.1121889237915688,0
55,54,12,-0.3322780696375972,0
55,54,13,0.3751575641010033,0
55,54,14,0.6136058055370917,0
55,54,15,0.413886948494735,0
55,54,16,-0.6851070737041814,0
55,54,17,-0.4903318245896218,0
55,54,18,-0.2364562663140754,0
55,54,19,0.3792774377140252,0
55,54,20,0.03458543486473684,0
55,54,21,0.1530482675835139,0
55,54,22,-0.2578882293772698,0
55,54,23,-0.063136478097805,0
55,54,24,-0.1965032921301108,0
55,54,25,0.6815922659832088,0
55,54,26,0.4478962502172379,0
55,54,27,-0.9446329745079602,0
55,54,28,-0.3473663822849556,0
55,54,29,-0.4569984847324207,0
55,54,30,-0.5368517264533675,0
55,54,31,0.3189033630039694,0
55,54,32,0.6142063767986948,0
55,54,33,-0.2170470738925804,0
55,54,34,-0.8477677133790827,0
55,54,35,-0.1055565030204355,0
55,54,36,0.8355626660745611,0
55,54,37,0.3759452325381577,0
55,54,38,-0.6224464145842549,0
55,54,39,-0.6748446443928459,0
55,54,40,0.5614336323117675,0
55,54,41,0.8479688299752868,0
55,54,42,0.09719060027667309,0
55,54,43,-0.8096478181377453,0
55,54,44,-0.4618375912707193,0
55,54,45,0.04997955299090834,0
55,54,46,0.1072051103954253,0
55,54,47,0.1558774814254677,0
55,54,48,0.3402661014175563,0
55,54,49,0.4914897628875611,0
55,54,50,-0.3323903528344332,0
55,54,51,-0.436853013331434,0
55,54,52,-0.00635656617988533,0
55,54,53,0.4522069328601765,0
55,54,54,-0.2605092037458555,0
55,54,55,-0.7289985460609305,0
55,54,56,0.9766548004716474,0
55,54,57,0.4413086602096168,0
55,54,58,0.486220998960266,0
55,54,59,0.889328117085817,0
55,54,60,-0.4037921488175332,0
55,54,61,-0.3692421580074388,0
55,54,62,-0.09319623040621466,0
55,54,63,0.6765303028629666,0
55,54,64,-0.2475959419760845,0
55,54,65,-0.697758616247741,0
55,54,66,-0.05688369961134811,0
55,54,67,0.5520281566677433,0
55,54,68,0.7444923109779453,0
55,54,69,-0.5220432020720636,0
55,54,70,-0.1129259214505256,0
55,54,71,-0.3246364975459848,0
55,54,72,0.1823549030601344,0
55,54,73,-0.4981249335863777,0
55,54,74,0.3227507479608647,0
55,54,75,0.7358630355941767,0
55,54,76,0.3877904548579178,0
55,54,77,-0.8478191816022631,0
55,54,78,-0.8732950114777408,0
55,54,79,0.2686080740403277,0
55,54,80,1,0
55,54,81,-0.1033553749220221,0
55,54,82,-0.4817319430974216,0
55,54,83,-0.200144103335744,0
55,54,84,0.838022190651137,0
55,54,85,-0.7511591102739281,0
55,54,86,-0.370931652571121,0
55,54,87,-0.3392827483568031,0
55,54,88,-0.9641751185151176,0
55,54,89,0.2943077085542494,0
55,54,90,0.1825126016318813,0
55,54,91,0.3533793494871017,0
55,54,92,-0.3349175004934191,0
55,54,93,0.02824673536726286,0
55,54,94,0.2932222559388836,0
55,54,95,-0.02537281960179517,0
55,54,96,0.2412009938835151,0
55,54,97,-0.259400172072481,0
55,54,98,0.1048750088696279,0
55,54,99,-0.8186443085965561,0
55,54,100,-0.2004926977491977,0
55,54,101,0.3343420810128427,0
55,54,102,0.9608726532511216,0
55,54,103,0.1722708216215696,0
55,54,104,-0.7895878953565633,0
55,54,105,-0.3063376824734226,0
55,54,106,0.5198235520171405,0
55,54,107,0.4820200497434044,0
55,54,108,-0.4180330212911204,0
55,54,109,-0.9534303065778454,0
55,54,110,0.312849682431627,0
55,54,111,0.4385307184704184,0
55,54,112,0.4291683133506152,0
55,54,113,-0.6069644300278706,0
55,54,114,0.4280934286623607,0
55,54,115,0.1562084110979733,0
55,54,116,0.1033558447815977,0
55,54,117,0.8252288330200521,0
55,54,118,-0.04391169368346231,0
55,54,119,-0.5523247418924064,0
55,54,120,0.1470225351097127,0
55,54,121,0.1734468465092941,0
55,54,122,-0.4008567234696843,0
55,54,123,-0.3414391574891238,0
55,54,124,0.4774962932054655,0
55,54,125,0.8461375576844191,0
55,54,126,-0.2009766717250599,0
55,54,127,-0.846402565917219,0
55,54,128,-0.2278861709449208,0
55,54,129,0.04170593227667915,0
55,54,130,0.3466095846489938,0
55,54,131,0.7451884305502686,0
55,54,132,-0.1369188434419982,0
55,54,133,-0.6512032164642191,0
55,54,134,0.01763827675744772,0
55,54,135,-1.055627729725539e-07,0
55,54,136,2.410396426790366e-08,0
55,54,137,1.417163455427668e-06,0
55,54,138,9.63099255271181e-06,0
55,54,139,5.814737125423722e-05,0
55,54,140,9.630563952466238e-06,0
55,54,141,1.416736422586424e-06,0
55,54,142,2.376166038779292e-08,0
55,54,143,-1.057499673047264e-07,0
55,54,144,-4.017130330520251e-07,0
55,54,145,-9.751975775064317e-07,0
55,54,146,-2.690442328162766e-06,0
55,54,147,-1.338278597154359e-05,0
55,54,148,-9.264266508329208e-05,0
55,54,149,-1.338323388590156e-05,0
55,54,150,-2.691267428196068e-06,0
55,54,151,-9.758810325816597e-07,0
55,54,152,-4.020723457459128e-07,0
55,54,153,-5.588608062218248e-07,0
55,54,154,-1.049922697573076e-06,0
55,54,155,4.731567689234001e-07,0
55,54,156,1.91434004819436e-05,0
55,54,157,0.0001554981717272029,0
55,54,158,1.914169822955822e-05,0
55,54,159,4.715504478264492e-07,0
55,54,160,-1.050940484894005e-06,0
55,54,161,-5.593301406773105e-07,0
55,54,162,-7.711420914085728e-07,0
55,54,163,-2.756641754913783e-06,0
55,54,164,-1.025339872350546e-05,0
55,54,165,-4.365481260681344e-05,0
55,54,166,-0.0002084944969518834,0
55,54,167,-4.365814187591388e-05,0
55,54,168,-1.025531854934055e-05,0
55,54,169,-2.757563112871459e-06,0
55,54,170,-7.715090663721102e-07,0
56,55,0,-0.1260324330134728,0
56,55,1,-0.03249300524456296,0
56,55,2,0.115458660025072,0
56,55,3,0.2855797584856601,0
56,55,4,-0.2487815386499499,0
56,55,5,-0.3143806249127213,0
56,55,6,-0.3521256157462325,0
56,55,7,0.3326703467783097,0
56,55,8,0.2643137367487297,0
56,55,9,0.406022430899085,0
56,55,10,-0.3658121009161774,0
56,55,11,-0.2692612663625728,0
56,55,12,-0.5178137763471438,0
56,55,13,0.6036544135468226,0
56,55,14,0.4714778128118651,0
56,55,15,0.4934369037983591,0
56,55,16,-0.8678716289229824,0
56,55,17,-0.5621097219758472,0
56,55,18,-0.1931943606849156,0
56,55,19,0.6041925747009054,0
56,55,20,0.09245544268684038,0
56,55,21,-0.1801096485832523,0
56,55,22,0.1382948264843444,0
56,55,23,0.4888286831009782,0
56,55,24,0.2691302796199376,0
56,55,25,-0.6570765888634255,0
56,55,26,-0.5398078062332062,0
56,55,27,0.6010678951275893,0
56,55,28,0.1229788808483548,0
56,55,29,0.3994821046999307,0
56,55,30,0.4609381667992108,0
56,55,31,-0.273414787266906,0
56,55,32,-0.529316989125618,0
56,55,33,-0.3483803412022685,0
56,55,34,0.2505045158499292,0
56,55,35,0.4922815331963162,0
56,55,36,0.468262095757572,0
56,55,37,0.04721290954894384,0
56,55,38,-0.5402190703679264,0
56,55,39,-0.5811225562028903,0
56,55,40,-0.01688981165760824,0
56,55,41,0.5732788436200794,0
56,55,42,0.2889672917239683,0
56,55,43,-0.3385603953472396,0
56,55,44,-0.2202380507012268,0
56,55,45,0.3303418504858536,0
56,55,46,0.4114651524622927,0
56,55,47,-0.4419752058208324,0
56,55,48,-0.6068490194106085,0
56,55,49,0.1961871660627785,0
56,55,50,0.7686132043600381,0
56,55,51,0.2414815822734115,0
56,55,52,-0.6706658668081652,0
56,55,53,-0.4700470207973196,0
56,55,54,0.218331198382808,0
56,55,55,0.3720135262104707,0
56,55,56,-0.345496449992476,0
56,55,57,0.1399130067231205,0
56,55,58,-0.07968240866400256,0
56,55,59,-0.3347657298214631,0
56,55,60,0.1639643623925663,0
56,55,61,-0.1937386203107583,0
56,55,62,0.4076971439578995,0
56,55,63,0.2776413446933723,0
56,55,64,0.3574942617740179,0
56,55,65,-0.7342013548102289,0
56,55,66,-0.6480058623538399,0
56,55,67,-0.1853147008567125,0
56,55,68,1,0
56,55,69,0.4139544957546745,0
56,55,70,-0.001298103992965872,0
56,55,71,-0.7141375943773637,0
56,55,72,0.1209033330614829,0
56,55,73,-0.1482552907203689,0
56,55,74,-0.08709562935204961,0
56,55,75,-0.3134453464276474,0
56,55,76,0.4107026636416987,0
56,55,77,0.7070548708176203,0
56,55,78,0.005437642575047951,0
56,55,79,-0.2909163089842711,0
56,55,80,-0.6902744797662809,0
56,55,81,0.07562488593859878,0
56,55,82,-0.04511399366306836,0
56,55,83,0.4382430809228469,0
56,55,84,0.2806525172788086,0
56,55,85,-0.3624986325610962,0
56,55,86,-0.3381035068042669,0
56,55,87,-0.4262335320431845,0
56,55,88,-0.3648872973848479,0
56,55,89,0.07834758522892882,0
56,55,90,0.8048529737022643,0
56,55,91,0.3125720560569541,0
56,55,92,-0.4995331219347492,0
56,55,93,-0.7122928324358092,0
56,55,94,0.08890869441369031,0
56,55,95,0.6011276105710622,0
56,55,96,0.2317714689386259,0
56,55,97,-0.5742722058500461,0
56,55,98,-0.2348282998317955,0
56,55,99,0.1985707702408655,0
56,55,100,0.6260787604145229,0
56,55,101,-0.2127914687050452,0
56,55,102,-0.3699015738975933,0
56,55,103,-0.157032882801952,0
56,55,104,0.3904603417793683,0
56,55,105,0.4540641704802702,0
56,55,106,-0.3173621598926611,0
56,55,107,-0.3095374365338294,0
56,55,108,-0.5970876324623035,0
56,55,109,0.3946535542322219,0
56,55,110,0.3432848424551364,0
56,55,111,0.5019177517642976,0
56,55,112,-0.3737020935748664,0
56,55,113,-0.4335152246464569,0
56,55,114,0.5536122838459308,0
56,55,115,0.1825828145885147,0
56,55,116,0.3160543108708708,0
56,55,117,0.7148672260966649,0
56,55,118,-0.3305832610955122,0
56,55,119,-0.8868126912419741,0
56,55,120,0.06632952719014996,0
56,55,121,0.5504885850344091,0
56,55,122,0.2276037677655668,0
56,55,123,0.1355096347162069,0
56,55,124,-0.3669838180091816,0
56,55,125,-0.6203560095859025,0
56,55,126,0.4120807305075976,0
56,55,127,0.6505249562279937,0
56,55,128,-0.4349623473644011,0
56,55,129,-0.4909079048044536,0
56,55,130,0.3965639352301419,0
56,55,131,0.4465928342053684,0
56,55,132,-0.1998315076482304,0
56,55,133,-0.3321661532439737,0
56,55,134,-0.04243810379757879,0
56,55,135,2.05636314621803e-06,0
56,55,136,5.458173885092448e-06,0
56,55,137,1.322352406309652e-05,0
56,55,138,3.521200171774995e-05,0
56,55,139,0.0001080141914372806,0
56,55,140,3.521595376702041e-05,0
56,55,141,1.322700924540137e-05,0
56,55,142,5.460496161029101e-06,0
56,55,143,2.057502854669055e-06,0
56,55,144,3.02367785488971e-06,0
56,55,145,7.383786609442385e-06,0
56,55,146,1.493076396999106e-05,0
56,55,147,2.927644463229959e-05,0
56,55,148,6.445521362068297e-05,0
56,55,149,2.928045910483249e-05,0
56,55,150,1.493539033960701e-05,0
56,55,151,7.387174235657667e-06,0
56,55,152,3.025383975192976e-06,0
56,55,153,2.909491977371414e-06,0
56,55,154,6.730410088976572e-06,0
56,55,155,1.113545767528816e-05,0
56,55,156,6.472437719179182e-06,0
56,55,157,-7.550754232304794e-05,0
56,55,158,6.477422075244282e-06,0
56,55,159,1.11404059857238e-05,0
56,55,160,6.733828460448424e-06,0
56,55,161,2.911165429620263e-06,0
56,55,162,2.057995790714617e-06,0
56,55,163,5.606195104662413e-06,0
56,55,164,1.46897108942194e-05,0
56,55,165,4.630192095539809e-05,0
56,55,166,0.0001842657335731115,0
56,55,167,4.630658841835388e-05,0
56,55,168,1.469333163720213e-05,0
56,55,169,5.608426207532215e-06,0
56,55,170,2.059030871788464e-06,0
57,56,0,-0.2830173922900118,0
57,56,1,0.07827729638941618,0
57,56,2,0.3568937370946283,0
57,56,3,0.4376594919195386,0
57,56,4,-0.8443544338030808,0
57,56,5,-0.8017374273715149,0
57,56,6,-0.0485150524254758,0
57,56,7,0.5380936534075477,0
57,56,8,-0.002149613843506311,0
57,56,9,-0.382614099532532,0
57,56,10,0.4271490176663051,0
57,56,11,0.7760726147191697,0
57,56,12,0.2919813914879926,0
57,56,13,-0.5618032403198874,0
57,56,14,-0.333181936295184,0
57,56,15,0.005364523311156831,0
57,56,16,-0.05466331096942326,0
57,56,17,-0.3580871494824417,0
57,56,18,0.03559023008327922,0
57,56,19,0.05043878671491262,0
57,56,20,6.186038137222276e-05,0
57,56,21,-0.09248354528486247,0
57,56,22,0.2940927417263515,0
57,56,23,0.3102415768595843,0
57,56,24,-0.09952223395725442,0
57,56,25,0.1779046420552419,0
57,56,26,0.3522415199620238,0
57,56,27,-0.7046994009467114,0
57,56,28,-0.4972406050576623,0
57,56,29,0.6581143358304178,0
57,56,30,0.5205246803999887,0
57,56,31,-0.6550893956433682,0
57,56,32,-0.3696358546725501,0
57,56,33,0.5416633414121139,0
57,56,34,0.9083106179162846,0
57,56,35,-0.5658002227485914,0
57,56,36,-0.6986780981787861,0
57,56,37,0.4572692816707924,0
57,56,38,0.6990077645869337,0
57,56,39,-0.1115821139447709,0
57,56,40,-1,0
57,56,41,0.03945698974116308,0
57,56,42,0.3396962643451015,0
57,56,43,-0.1829010978057201,0
57,56,44,-0.3064866159678621,0
57,56,45,0.2358876702197831,0
57,56,46,0.8420950847909419,0
57,56,47,-0.07642494554604529,0
57,56,48,-0.1372411113503791,0
57,56,49,0.283435289173045,0
57,56,50,-0.07451259965591861,0
57,56,51,-0.5106668664923598,0
57,56,52,-0.588129990863543,0
57,56,53,0.4858435728773013,0
57,56,54,0.1155477708440287,0
57,56,55,-0.6831464714460603,0
57,56,56,0.8524863040644063,0
57,56,57,0.7171723325322529,0
57,56,58,-0.5517343993612579,0
57,56,59,-0.7911286192048893,0
57,56,60,0.6365792346319329,0
57,56,61,0.01545791623941039,0
57,56,62,-0.2818969348540682,0
57,56,63,-0.5576626023435599,0
57,56,64,0.5798632214781504,0
57,56,65,0.6668343113308371,0
57,56,66,-0.5786949934260742,0
57,56,67,-0.04093715041328368,0
57,56,68,-0.003640689535044529,0
57,56,69,0.4304519017620234,0
57,56,70,-0.6955927998903436,0
57,56,71,-0.2134771583315511,0
57,56,72,0.7960800161193832,0
57,56,73,0.2451702872137768,0
57,56,74,-0.3479190679889411,0
57,56,75,-0.6708741969479249,0
57,56,76,0.452097345049888,0
57,56,77,0.1617137788063229,0
57,56,78,-0.8739713681749142,0
57,56,79,0.03355751060348039,0
57,56,80,0.7775897887434005,0
57,56,81,0.7442892464607106,0
57,56,82,-0.5931039633238984,0
57,56,83,-0.5671286049380569,0
57,56,84,0.783606326663409,0
57,56,85,-0.6435500854050615,0
57,56,86,-0.6468543650441883,0
57,56,87,0.2977128595436058,0
57,56,88,0.7530413159239431,0
57,56,89,-0.3797532265358597,0
57,56,90,0.0746488283545118,0
57,56,91,0.04219328121793852,0
57,56,92,0.1979402703439603,0
57,56,93,-0.1004305875833705,0
57,56,94,-0.3977280015390247,0
57,56,95,0.3046393494894126,0
57,56,96,-0.4788289083440004,0
57,56,97,-0.1482187907621775,0
57,56,98,0.0659185841833725,0
57,56,99,0.4892192142841081,0
57,56,100,0.2643155910891987,0
57,56,101,-0.6101073476692205,0
57,56,102,0.4532725700236139,0
57,56,103,0.4141692998144411,0
57,56,104,0.03831385545545227,0
57,56,105,-0.821213123414535,0
57,56,106,-0.3965347489169296,0
57,56,107,0.919562973222577,0
57,56,108,-0.006880563352621788,0
57,56,109,-0.6334782217338499,0
57,56,110,-0.4200608129374927,0
57,56,111,0.4910339121961437,0
57,56,112,0.7877146620390526,0
57,56,113,-0.6171718187309606,0
57,56,114,0.2641286987677269,0
57,56,115,0.3594543551504668,0
57,56,116,-0.03440517204930369,0
57,56,117,-0.5495560932620551,0
57,56,118,-0.06917154591569777,0
57,56,119,0.1175763691622783,0
57,56,120,-0.09945601204216099,0
57,56,121,0.1681012464348492,0
57,56,122,0.2290382357486096,0
57,56,123,0.2668609154877675,0
57,56,124,0.1032735292640329,0
57,56,125,-0.3455859356334477,0
57,56,126,-0.505320159086865,0
57,56,127,-0.4506587415781509,0
57,56,128,0.2811444444488594,0
57,56,129,0.8027660201028681,0
57,56,130,0.2132874134007567,0
57,56,131,0.1125970804264048,0
57,56,132,-0.2251144218688323,0
57,56,133,-0.737998124018887,0
57,56,134,0.1458055381348363,0
57,56,135,-6.069341293194909e-07,0
57,56,136,-2.247811978262383e-06,0
57,56,137,-9.163133801041483e-06,0
57,56,138,-4.306158760898209e-05,0
57,56,139,-0.0002179019250293663,0
57,56,140,-4.306212945997635e-05,0
57,56,141,-9.163580526785857e-06,0
57,56,142,-2.248168549259583e-06,0
57,56,143,-6.071334078731015e-07,0
57,56,144,-3.765661779934886e-07,0
57,56,145,-2.239156510646345e-07,0
57,56,146,3.528032484662003e-06,0
57,56,147,2.803111215823129e-05,0
57,56,148,0.0001659171738334956,0
57,56,149,2.803278498949636e-05,0
57,56,150,3.528033259656185e-06,0
57,56,151,-2.243739531907807e-07,0
57,56,152,-3.768805112823287e-07,0
57,56,153,-5.750054374841193e-07,0
57,56,154,-1.115531891314365e-06,0
57,56,155,-5.879057989799747e-07,0
57,56,156,7.293840484411954e-06,0
57,56,157,5.296454922311165e-05,0
57,56,158,7.291179109142629e-06,0
57,56,159,-5.898105983145215e-07,0
57,56,160,-1.116632466174822e-06,0
57,56,161,-5.755010878930042e-07,0
57,56,162,-8.016280366162947e-07,0
57,56,163,-2.873003430018091e-06,0
57,56,164,-1.066212655287124e-05,0
57,56,165,-4.405579833661329e-05,0
57,56,166,-0.0001952509200773567,0
57,56,167,-4.405947255048205e-05,0
57,56,168,-1.066428617982995e-05,0
57,56,169,-2.874030493084557e-06,0
57,56,170,-8.020317441957114e-07,0
58,57,0,0.2885769609088893,0
58,57,1,0.08969444337966165,0
58,57,2,-0.2305599839808257,0
58,57,3,-0.5211686226569634,0
58,57,4,0.2734682978960523,0
58,57,5,0.4630669605147592,0
58,57,6,0.5941991571262304,0
58,57,7,-0.5517503524581299,0
58,57,8,-0.5193004375491529,0
58,57,9,-0.4943814322198316,0
58,57,10,0.844637946257214,0
58,57,11,0.5717021112461622,0
58,57,12,0.09819650062950117,0
58,57,13,-0.75542271893674,0
58,57,14,-0.1958885087073129,0
58,57,15,0.4614319825823065,0
58,57,16,-0.101237925442107,0
58,57,17,-0.6748808269697459,0
58,57,18,-0.5580825182967006,0
58,57,19,0.8485754829488009,0
58,57,20,0.8621504537895903,0
58,57,21,0.1004639958126236,0
58,57,22,-0.4737723369448009,0
58,57,23,0.05075986812585945,0
58,57,24,0.2255225035373085,0
58,57,25,-0.3726466578860934,0
58,57,26,-0.6738516910717098,0
58,57,27,0.5760063562757889,0
58,57,28,0.2824855336859636,0
58,57,29,-0.5509238686888965,0
58,57,30,-0.6392192939246861,0
58,57,31,0.2953648792360524,0
58,57,32,0.6664000857166649,0
58,57,33,0.6409010297880692,0
58,57,34,-0.07008021132919451,0
58,57,35,-0.5728663281161235,0
58,57,36,-0.5029002813071377,0
58,57,37,0.01806382469190623,0
58,57,38,0.2407672004646869,0
58,57,39,-0.1469417052714755,0
58,57,40,-0.3405309092433053,0
58,57,41,0.4606676559256084,0
58,57,42,0.822038179278021,0
58,57,43,0.1257258831251938,0
58,57,44,-0.9163379955124158,0
58,57,45,-0.5556410060837371,0
58,57,46,0.6564675822850939,0
58,57,47,0.3081504988924835,0
58,57,48,-0.3351532476980102,0
58,57,49,-0.5289623350489786,0
58,57,50,0.6265202575294384,0
58,57,51,0.5324253459486744,0
58,57,52,-0.5451480119552579,0
58,57,53,-0.6563253398969819,0
58,57,54,0.02817959099147219,0
58,57,55,0.7302231903808497,0
58,57,56,-0.4406913358443654,0
58,57,57,0.004857926832354379,0
58,57,58,-0.1822618700799883,0
58,57,59,0.2342919713778616,0
58,57,60,0.08358582627528542,0
58,57,61,0.4638766253722509,0
58,57,62,-0.707524538376346,0
58,57,63,-0.7925428810129718,0
58,57,64,-0.2596860657410421,0
58,57,65,1,0
58,57,66,0.569899482844622,0
58,57,67,-0.04851432187428127,0
58,57,68,-0.423607645931452,0
58,57,69,0.3234537076538403,0
58,57,70,-0.01386335822720051,0
58,57,71,-0.6074444386683255,0
58,57,72,-0.5509658934639869,0
58,57,73,0.0349264775410145,0
58,57,74,0.8271184197014176,0
58,57,75,0.05957045299892201,0
58,57,76,0.4077516427431611,0
58,57,77,-0.02470387079325873,0
58,57,78,0.04548268349949763,0
58,57,79,-0.5868439462253652,0
58,57,80,-0.6028689040356826,0
58,57,81,0.1901666712207253,0
58,57,82,0.1519321441533807,0
58,57,83,0.5598601187100752,0
58,57,84,0.2250620045857152,0
58,57,85,-0.3619378682579892,0
58,57,86,-0.4879380155818734,0
58,57,87,0.7573836688414717,0
58,57,88,0.6612525213302562,0
58,57,89,-0.3471259440606002,0
58,57,90,-0.8437179941039933,0
58,57,91,-0.09777446934995709,0
58,57,92,0.8046433737570716,0
58,57,93,0.08696880074025007,0
58,57,94,-0.6544044072128768,0
58,57,95,-0.3014295740777028,0
58,57,96,0.6037438219240098,0
58,57,97,0.6584395140017143,0
58,57,98,-0.518892530131071,0
58,57,99,-0.6134205441075975,0
58,57,100,0.1073191375629069,0
58,57,101,0.649874803992877,0
58,57,102,0.2183681323502732,0
58,57,103,-0.6019972509435018,0
58,57,104,-0.1858937095318715,0
58,57,105,0.2007286866560072,0
58,57,106,0.2901701058378713,0
58,57,107,-0.2206764025197237,0
58,57,108,-0.6622837543723755,0
58,57,109,0.1985466819798312,0
58,57,110,0.4684779983432782,0
58,57,111,0.7532723799476809,0
58,57,112,-0.4682309508398103,0
58,57,113,-0.7401561952027357,0
58,57,114,0.7884472306519226,0
58,57,115,0.4119590694618793,0
58,57,116,-0.3435653327513254,0
58,57,117,-0.8818372774022231,0
58,57,118,0.1059124357287782,0
58,57,119,0.6926893073385433,0
58,57,120,0.3320986041047401,0
58,57,121,0.1966548996083531,0
58,57,122,-0.4284878088095769,0
58,57,123,-0.7727892733638874,0
58,57,124,0.1397951471393197,0
58,57,125,0.433803192332977,0
58,57,126,0.2547602803905186,0
58,57,127,0.252672809696498,0
58,57,128,-0.5734738850495692,0
58,57,129,-0.6146978123747203,0
58,57,130,0.7103633866625839,0
58,57,131,0.6805312694789939,0
58,57,132,-0.4594729441964807,0
58,57,133,-0.5335280050339131,0
58,57,134,-0.07372226891559419,0
58,57,135,-9.583288806801225e-07,0
58,57,136,-3.899927353274257e-06,0
58,57,137,-1.617089831468543e-05,0
58,57,138,-7.322821482093613e-05,0
58,57,139,-0.0003597203674296001,0
58,57,140,-7.322934224753392e-05,0
58,57,141,-1.617148160662876e-05,0
58,57,142,-3.900148353646547e-06,0
58,57,143,-9.583966169034513e-07,0
58,57,144,-3.105193311748208e-07,0
58,57,145,-2.441819670455414e-07,0
58,57,146,3.931168981499859e-06,0
58,57,147,3.937089643971839e-05,0
58,57,148,0.0002856046565115577,0
58,57,149,3.937283016653836e-05,0
58,57,150,3.93205954591576e-06,0
58,57,151,-2.438332254720335e-07,0
58,57,152,-3.10396215900902e-07,0
58,57,153,3.194668113364475e-08,0
58,57,154,8.314366651857837e-08,0
58,57,155,-1.290222668580841e-06,0
58,57,156,-1.876555533779656e-05,0
58,57,157,-0.0001672585941375278,0
58,57,158,-1.876487129918947e-05,0
58,57,159,-1.289288053167422e-06,0
58,57,160,8.370925364551313e-08,0
58,57,161,3.21832737870641e-08,0
58,57,162,3.588772824322996e-07,0
58,57,163,1.564571569905958e-06,0
58,57,164,6.531373711983536e-06,0
58,57,165,2.922047053428902e-05,0
58,57,166,0.0001472378174760809,0
58,57,167,2.922308423009476e-05,0
58,57,168,6.532761543026711e-06,0
58,57,169,1.565174421565403e-06,0
58,57,170,3.590961614188195e-07,0
59,58,0,-0.1931708345200966,0
59,58,1,-0.07573158551252779,0
59,58,2,0.1314123671763766,0
59,58,3,0.3373858568768954,0
59,58,4,-0.0984898688859758,0
59,58,5,-0.2400240823810751,0
59,58,6,-0.4001755260947471,0
59,58,7,0.1485735623119242,0
59,58,8,0.2014256252508392,0
59,58,9,0.4521456861439487,0
59,58,10,-0.1161863677633339,0
59,58,11,-0.1605363260297335,0
59,58,12,-0.5589062693045385,0
59,58,13,0.05504615800796241,0
59,58,14,0.1600512247079848,0
59,58,15,0.7357490509819437,0
59,58,16,-0.09684944092260704,0
59,58,17,-0.2806221167520065,0
59,58,18,-0.8894879060462347,0
59,58,19,0.3755314162224318,0
59,58,20,0.5383407688151413,0
59,58,21,0.8254562303372369,0
59,58,22,-0.6879918827317074,0
59,58,23,-0.6294048478343564,0
59,58,24,-0.4708831856515093,0
59,58,25,0.6995174322055403,0
59,58,26,0.3413865560136622,0
59,58,27,-0.4692163753466174,0
59,58,28,0.01149009351779437,0
59,58,29,0.2170138801875907,0
59,58,30,0.276801614483681,0
59,58,31,-0.103338440385523,0
59,58,32,-0.2010163495702629,0
59,58,33,-0.266058425302422,0
59,58,34,-0.02019449726580137,0
59,58,35,0.1033807204081787,0
59,58,36,0.2907114395413047,0
59,58,37,0.1665760707088027,0
59,58,38,-0.06183675002688053,0
59,58,39,-0.3689565187429564,0
59,58,40,-0.2200204023149893,0
59,58,41,0.1197816258767839,0
59,58,42,0.5605548383108653,0
59,58,43,0.2947659469792833,0
59,58,44,-0.3243534367999404,0
59,58,45,-0.843887656265603,0
59,58,46,-0.3593974554825631,0
59,58,47,0.4892722471421014,0
59,58,48,0.8768381378358617,0
59,58,49,0.1784227902828689,0
59,58,50,-0.3643697393858685,0
59,58,51,-0.5647730867487778,0
59,58,52,-0.07034319093268718,0
59,58,53,0.07484238039548491,0
59,58,54,0.240704242662781,0
59,58,55,0.2006990783223088,0
59,58,56,-0.0928626739732268,0
59,58,57,-0.1826178668871909,0
59,58,58,0.2542744830983347,0
59,58,59,0.08091399072665686,0
59,58,60,-0.08673861369737659,0
59,58,61,-0.5212828130110502,0
59,58,62,-0.09355793841091298,0
59,58,63,0.2120868459906597,0
59,58,64,0.6658390370133753,0
59,58,65,0.1945413758166881,0
59,58,66,-0.138361366278464,0
59,58,67,-0.7742974328354592,0
59,58,68,-0.3408083080098733,0
59,58,69,0.02128318598723558,0
59,58,70,0.9330000498133669,0
59,58,71,0.3566598654308482,0
59,58,72,-0.1303308904462221,0
59,58,73,-1,0
59,58,74,-0.06807092180648985,0
59,58,75,0.3597779500177098,0
59,58,76,0.8888052062982091,0
59,58,77,-0.2748916472562754,0
59,58,78,-0.3417277326507062,0
59,58,79,-0.7180261705627532,0
59,58,80,0.3194858453300075,0
59,58,81,0.2170257172175082,0
59,58,82,0.4334440955024717,0
59,58,83,-0.233189427025157,0
59,58,84,-0.1428862762444593,0
59,58,85,0.2489017803856736,0
59,58,86,-0.01302433475181026,0
59,58,87,-0.04576102662414151,0
59,58,88,-0.09520356241183243,0
59,58,89,0.04712220176725021,0
59,58,90,-0.1347403719549317,0
59,58,91,0.1381827559060653,0
59,58,92,0.1020882765899432,0
59,58,93,0.4032769344927109,0
59,58,94,-0.2717272107849445,0
59,58,95,-0.3896431191172149,0
59,58,96,-0.4843322399893072,0
59,58,97,0.5521731592231915,0
59,58,98,0.5684297910700116,0
59,58,99,0.3448167811685779,0
59,58,100,-0.811652387947727,0
59,58,101,-0.4701592583823055,0
59,58,102,-0.1790239950723547,0
59,58,103,0.824788913271471,0
59,58,104,0.2997220723312284,0
59,58,105,0.1484078333403504,0
59,58,106,-0.6085296028758947,0
59,58,107,-0.2427844385510589,0
59,58,108,-0.1737455896024704,0
59,58,109,0.4470240498676683,0
59,58,110,0.26074042136778,0
59,58,111,0.1621139752130291,0
59,58,112,-0.3726573838817965,0
59,58,113,-0.2219883218753272,0
59,58,114,0.2692534849949732,0
59,58,115,0.1179039792226962,0
59,58,116,-0.2712504461914542,0
59,58,117,-0.2562998831058881,0
59,58,118,0.5785867749501303,0
59,58,119,0.4601945158460681,0
59,58,120,-0.7844292099585287,0
59,58,121,-0.6587932076801333,0
59,58,122,0.7962299938537024,0
59,58,123,0.6341617549590477,0
59,58,124,-0.7033312107539951,0
59,58,125,-0.4077497315437402,0
59,58,126,0.6242741653557216,0
59,58,127,0.2151742051164512,0
59,58,128,-0.5453007951236778,0
59,58,129,-0.1593480357913556,0
59,58,130,0.421494268761457,0
59,58,131,0.1317359633527896,0
59,58,132,-0.2327000731703075,0
59,58,133,-0.02679896013791933,0
59,58,134,-0.1208284692868554,0
59,58,135,2.256560446402895e-06,0
59,58,136,4.686657402601008e-06,0
59,58,137,5.401249144485626e-06,0
59,58,138,-8.034388999691968e-06,0
59,58,139,-9.702445017930658e-05,0
59,58,140,-8.029876335792465e-06,0
59,58,141,5.406524368896167e-06,0
59,58,142,4.690542438015276e-06,0
59,58,143,2.258535758561288e-06,0
59,58,144,4.373638014046299e-06,0
59,58,145,1.076510486841448e-05,0
59,58,146,2.226731166428959e-05,0
59,58,147,4.513026559600999e-05,0
59,58,148,9.349437059454329e-05,0
59,58,149,4.514143324603205e-05,0
59,58,150,2.227728094369801e-05,0
59,58,151,1.077172271935978e-05,0
59,58,152,4.376852052273469e-06,0
59,58,153,4.858116662617549e-06,0
59,58,154,1.270841853711888e-05,0
59,58,155,2.99411281740509e-05,0
59,58,156,7.766187729371494e-05,0
59,58,157,0.000244452566187762,0
59,58,158,7.767185092417751e-05,0
59,58,159,2.995054043631857e-05,0
59,58,160,1.271478168720887e-05,0
59,58,161,4.861203777836457e-06,0
59,58,162,2.920747572170902e-06,0
59,58,163,7.056720959983576e-06,0
59,58,164,1.293032332451487e-05,0
59,58,165,1.377194010215667e-05,0
59,58,166,-4.725427328260228e-05,0
59,58,167,1.377584334674244e-05,0
59,58,168,1.293511799506842e-05,0
59,58,169,7.06026384762716e-06,0
59,58,170,2.922506384047088e-06,0
60,59,0,-0.2674839537825772,0
60,59,1,0.1679208829488019,0
60,59,2,0.4464545867415999,0
60,59,3,0.1464993192183479,0
60,59,4,-0.5891005710743047,0
60,59,5,-0.4736316352884285,0
60,59,6,0.2751991772112198,0
60,59,7,-0.1410636056722728,0
60,59,8,-0.5782556133686541,0
60,59,9,-0.197261706741016,0
60,59,10,0.4645391312316314,0
60,59,11,0.391573880937326,0
60,59,12,-0.09920343433838601,0
60,59,13,0.1365297171637458,0
60,59,14,0.4457037543733068,0
60,59,15,-0.003604408561713538,0
60,59,16,-0.09945499313316473,0
60,59,17,-0.004904233206685115,0
60,59,18,0.04460428262096711,0
60,59,19,-0.2135149871393803,0
60,59,20,-0.2789971778015321,0
60,59,21,0.08091205874037763,0
60,59,22,-0.2079389570921486,0
60,59,23,-0.3593600803545598,0
60,59,24,0.07662606272002492,0
60,59,25,0.01459605271773435,0
60,59,26,-0.1451265052517672,0
60,59,27,0.5226664272633228,0
60,59,28,0.5016981855256709,0
60,59,29,0.4765225464286697,0
60,59,30,0.2332465486504051,0
60,59,31,-0.7010224776951767,0
60,59,32,0.1157683701014503,0
60,59,33,0.5820894514785269,0
60,59,34,0.4539952045189762,0
60,59,35,-0.5723522319638505,0
60,59,36,-0.1521246390300607,0
60,59,37,0.8945433168149943,0
60,59,38,-0.06996721330071723,0
60,59,39,-0.3638784561570348,0
60,59,40,-0.09937742621283614,0
60,59,41,0.3281724638372497,0
60,59,42,-0.1403210151742653,0
60,59,43,-0.8588608687243073,0
60,59,44,0.1500085470532676,0
60,59,45,0.1576557833791462,0
60,59,46,-0.3120871548229118,0
60,59,47,-0.008691608735183614,0
60,59,48,0.2717493740538361,0
60,59,49,0.43565343272677,0
60,59,50,-0.09199982704340588,0
60,59,51,0.2467117688260154,0
60,59,52,0.7363019467705536,0
60,59,53,-0.3689556927341735,0
60,59,54,-0.3092824374189249,0
60,59,55,0.2738510768942679,0
60,59,56,-0.5646909853441439,0
60,59,57,-0.7506889690858272,0
60,59,58,-0.419722624448872,0
60,59,59,-0.4745291190570692,0
60,59,60,0.6519095743837259,0
60,59,61,-0.1948630531700615,0
60,59,62,-0.414243379156808,0
60,59,63,-0.2408588207207297,0
60,59,64,0.2253272353033007,0
60,59,65,0.2296713598626236,0
60,59,66,-0.6924875513529863,0
60,59,67,0.5025739613471586,0
60,59,68,0.3162107780148022,0
60,59,69,-0.3291374655655744,0
60,59,70,-0.2034227863081837,0
60,59,71,0.1217759904746506,0
60,59,72,0.6802637580938383,0
60,59,73,-0.3948886360924669,0
60,59,74,-0.14752971925297,0
60,59,75,0.7664503896591077,0
60,59,76,-0.1675157531982887,0
60,59,77,-0.4043207043760332,0
60,59,78,-0.3076349040678575,0
60,59,79,0.2410315911646649,0
60,59,80,-0.1698868098636379,0
60,59,81,-1,0
60,59,82,0.4135632704126929,0
60,59,83,0.6092252502080615,0
60,59,84,-0.2678916600118367,0
60,59,85,0.3340948119905204,0
60,59,86,0.698047318487463,0
60,59,87,0.2251337174253547,0
60,59,88,0.5034777270937519,0
60,59,89,-0.3726891212544216,0
60,59,90,0.1542170930723991,0
60,59,91,0.1878799458647538,0
60,59,92,0.04042144579391639,0
60,59,93,0.04336239275091337,0
60,59,94,-0.1565019079187933,0
60,59,95,0.3296134597204551,0
60,59,96,-0.324604989544259,0
60,59,97,-0.3124198077686567,0
60,59,98,0.3011199033801834,0
60,59,99,-0.2848313639324292,0
60,59,100,-0.1034820558141806,0
60,59,101,-0.1614542983394026,0
60,59,102,0.4331076322081306,0
60,59,103,0.204522134228708,0
60,59,104,-0.6972506484685395,0
60,59,105,0.4069637154171926,0
60,59,106,0.4967980828024114,0
60,59,107,-0.002146848003432329,0
60,59,108,-0.3201929853505572,0
60,59,109,-0.1331894950559245,0
60,59,110,0.7631443186675518,0
60,59,111,-0.3127362325042238,0
60,59,112,-0.6223570365806882,0
60,59,113,0.225177689236294,0
60,59,114,-0.03832157222493567,0
60,59,115,-0.4203384222216561,0
60,59,116,0.005163595944652171,0
60,59,117,-0.361652212358222,0
60,59,118,-0.1115045955991305,0
60,59,119,-0.06818684176657358,0
60,59,120,-0.04508610577455911,0
60,59,121,0.1654696702684282,0
60,59,122,-0.01694876880508896,0
60,59,123,0.2333193971380283,0
60,59,124,0.2931441455309516,0
60,59,125,0.1206642619874611,0
60,59,126,-0.0670106396824842,0
60,59,127,-0.4224785957301131,0
60,59,128,-0.2976300872670201,0
60,59,129,-0.338790712922457,0
60,59,130,0.03571233768182065,0
60,59,131,0.4458111049057906,0
60,59,132,0.1792644752402183,0
60,59,133,0.4011723460027975,0
60,59,134,-0.213304337745321,0
60,59,135,-3.673381947882575e-07,0
60,59,136,-9.809938840787762e-07,0
60,59,137,-1.385919991831601e-06,0
60,59,138,6.798419838013969e-06,0
60,59,139,9.71197711049553e-05,0
60,59,140,6.7954851006483e-06,0
60,59,141,-1.387433237337536e-06,0
60,59,142,-9.816481663176336e-07,0
60,59,143,-3.675841062210907e-07,0
60,59,144,-5.353609545043941e-07,0
60,59,145,-2.131731015450443e-06,0
60,59,146,-9.731391996828862e-06,0
60,59,147,-5.294218781313868e-05,0
60,59,148,-0.0003170529523274901,0
60,59,149,-5.294252559194399e-05,0
60,59,150,-9.731913275056611e-06,0
60,59,151,-2.132143670673578e-06,0
60,59,152,-5.355704788971366e-07,0
60,59,153,1.55896616441877e-07,0
60,59,154,1.579781804107467e-06,0
60,59,155,1.076681693443632e-05,0
60,59,156,6.624022899601001e-05,0
60,59,157,0.0004001759541079119,0
60,59,158,6.624195987338529e-05,0
60,59,159,1.076707734529974e-05,0
60,59,160,1.579625138675262e-06,0
60,59,161,1.557657146330191e-07,0
60,59,162,-1.798888594869812e-07,0
60,59,163,-9.964944094802616e-07,0
60,59,164,-6.22438102963799e-06,0
60,59,165,-4.011628990702458e-05,0
60,59,166,-0.0002548569044478493,0
60,59,167,-4.012006117423766e-05,0
60,59,168,-6.225893525448302e-06,0
60,59,169,-9.970153290247412e-07,0
60,59,170,-1.800585674467331e-07,0
61,60,0,0.4623487300808529,0
61,60,1,0.08387846755509687,0
61,60,2,-0.3870972998715308,0
61,60,3,-0.6209259139220467,0
61,60,4,0.4626395512394164,0
61,60,5,0.6506352611279609,0
61,60,6,0.3237945703666129,0
61,60,7,-0.7331266533910791,0
61,60,8,-0.4668947613482745,0
61,60,9,0.2627526354796417,0
61,60,10,0.4476570712537596,0
61,60,11,-0.1310169055924844,0
61,60,12,-0.6625860754301438,0
61,60,13,0.4341072822243192,0
61,60,14,0.8711548687570859,0
61,60,15,0.3200862580219678,0
61,60,16,-0.7403963318792307,0
61,60,17,-0.4993456544256621,0
61,60,18,0.1906588047776945,0
61,60,19,-0.1812456182454265,0
61,60,20,-0.7293849399576688,0
61,60,21,0.03020557506589887,0
61,60,22,0.4720230288776112,0
61,60,23,0.3162665613726416,0
61,60,24,-0.3651032856767304,0
61,60,25,0.3494861049043296,0
61,60,26,0.7430731622633994,0
61,60,27,-0.6642491227690391,0
61,60,28,-0.3895813143416276,0
61,60,29,-0.6253545428617299,0
61,60,30,-0.6916970998203646,0
61,60,31,0.3013274074594881,0
61,60,32,0.511574533398338,0
61,60,33,0.4686226769713447,0
61,60,34,-0.0397965546663587,0
61,60,35,0.02231753063548137,0
61,60,36,0.1824840502653617,0
61,60,37,0.1100313229207682,0
61,60,38,-0.6473484497587536,0
61,60,39,-0.7836543584833849,0
61,60,40,-0.05253359534032785,0
61,60,41,0.6279264951825666,0
61,60,42,0.332851354026956,0
61,60,43,-0.5031788221330669,0
61,60,44,0.3431475831290525,0
61,60,45,0.4811806771760025,0
61,60,46,0.05699527226185329,0
61,60,47,-0.6487293086640402,0
61,60,48,-0.03557798958278987,0
61,60,49,1,0
61,60,50,-0.330387874261996,0
61,60,51,-0.7008596097579197,0
61,60,52,-0.1210207133800203,0
61,60,53,0.7027676201322539,0
61,60,54,0.3256821804342952,0
61,60,55,-0.7495200375549723,0
61,60,56,0.3321619713273611,0
61,60,57,0.05323703803030947,0
61,60,58,-0.2850525607782503,0
61,60,59,0.2607106229087496,0
61,60,60,0.2665756795918773,0
61,60,61,0.366908935306798,0
61,60,62,-0.7585600989945711,0
61,60,63,-0.8437369711499442,0
61,60,64,0.0855200818320493,0
61,60,65,0.4814026688658237,0
61,60,66,-0.06800750675535952,0
61,60,67,-0.2848729495975961,0
61,60,68,0.4925694468555282,0
61,60,69,0.7765074070023703,0
61,60,70,0.3067024952172354,0
61,60,71,-0.5716586184813184,0
61,60,72,-0.122852908081907,0
61,60,73,-0.5678974407559443,0
61,60,74,-0.4211680008274909,0
61,60,75,-0.2720522439592539,0
61,60,76,0.3217893816722779,0
61,60,77,0.5776921592915419,0
61,60,78,-0.08529384048538591,0
61,60,79,0.2426690590107858,0
61,60,80,0.2634711043877442,0
61,60,81,-0.1528503267425291,0
61,60,82,-0.08722157115750009,0
61,60,83,-0.6391319292564599,0
61,60,84,-0.1427351365274106,0
61,60,85,0.4591669037855918,0
61,60,86,0.5628155971060794,0
61,60,87,0.7629220528932609,0
61,60,88,0.547103008487833,0
61,60,89,-0.4746374856586287,0
61,60,90,-0.3817714039481988,0
61,60,91,0.2492658863909404,0
61,60,92,0.7144781628390977,0
61,60,93,-0.566486196953541,0
61,60,94,-0.6934042060001677,0
61,60,95,0.312747199941433,0
61,60,96,0.5400691844079207,0
61,60,97,-0.01075911084857209,0
61,60,98,-0.7596179147597172,0
61,60,99,0.2524283807944449,0
61,60,100,0.5685249256288237,0
61,60,101,-0.08798717585132788,0
61,60,102,-0.6592606452747557,0
61,60,103,0.07918323894015063,0
61,60,104,0.7815925103006229,0
61,60,105,0.4190720028959257,0
61,60,106,-0.7289798501283257,0
61,60,107,-0.5055602524741794,0
61,60,108,0.2766247722508406,0
61,60,109,0.4536128914805813,0
61,60,110,-0.03679504925254468,0
61,60,111,-0.7378155619945072,0
61,60,112,0.1045388389917839,0
61,60,113,0.7336232456767694,0
61,60,114,-0.6817503459714018,0
61,60,115,-0.5919305569055324,0
61,60,116,-0.2877591144202955,0
61,60,117,-0.7312383182311388,0
61,60,118,-0.08761656755172445,0
61,60,119,0.3116864175556467,0
61,60,120,0.3355992227665133,0
61,60,121,0.5388802304374928,0
61,60,122,0.07039251359866146,0
61,60,123,-0.3242878124707327,0
61,60,124,-0.5726429083008393,0
61,60,125,-0.5722370349011171,0
61,60,126,0.5690985888210456,0
61,60,127,0.6818991536389376,0
61,60,128,-0.0711551571712765,0
61,60,129,0.003405732039927027,0
61,60,130,-0.5063772498253024,0
61,60,131,-0.5456382006965976,0
61,60,132,0.5437210878906866,0
61,60,133,0.6724778028296883,0
61,60,134,-0.03201152129930135,0
61,60,135,4.756707781549858e-07,0
61,60,136,1.702605106242942e-06,0
61,60,137,7.276140327704565e-06,0
61,60,138,3.705102487903363e-05,0
61,60,139,0.0001978164912434863,0
61,60,140,3.705117806569147e-05,0
61,60,141,7.276475912779641e-06,0
61,60,142,1.703047709946353e-06,0
61,60,143,4.759603432465472e-07,0
61,60,144,3.429871095982079e-07,0
61,60,145,-1.150842009424702e-07,0
61,60,146,-5.049209496214064e-06,0
61,60,147,-3.199206811513439e-05,0
61,60,148,-0.0001617851285603469,0
61,60,149,-3.19945583004801e-05,0
61,60,150,-5.048995506741769e-06,0
61,60,151,-1.141851339015133e-07,0
61,60,152,3.435766268717326e-07,0
61,60,153,8.593363641149424e-07,0
61,60,154,1.692792218646279e-06,0
61,60,155,4.500163822485368e-07,0
61,60,156,-1.774324195022238e-05,0
61,60,157,-0.0001417638685491076,0
61,60,158,-1.773782127602523e-05,0
61,60,159,4.540189387379317e-07,0
61,60,160,1.695077665057618e-06,0
61,60,161,8.60347014708933e-07,0
61,60,162,1.397135392581554e-06,0
61,60,163,5.183707894354244e-06,0
61,60,164,1.968207940976739e-05,0
61,60,165,8.223165874069705e-05,0
61,60,166,0.0003697653583453513,0
61,60,167,8.223985571732377e-05,0
61,60,168,1.968680852499214e-05,0
61,60,169,5.185911049294669e-06,0
61,60,170,1.397985777615441e-06,0
62,61,0,-0.3791060078579735,0
62,61,1,-0.172326942583323,0
62,61,2,0.1966436938883738,0
62,61,3,0.638568424283272,0
62,61,4,-0.04736322439890118,0
62,61,5,-0.3182412785581114,0
62,61,6,-0.7674154735966879,0
62,61,7,0.1490314757847336,0
62,61,8,0.2977909185961413,0
62,61,9,0.8312541935502945,0
62,61,10,-0.2350986933884479,0
62,61,11,-0.3260420157010033,0
62,61,12,-0.7902194643929753,0
62,61,13,0.4526905656171413,0
62,61,14,0.4628383915006166,0
62,61,15,0.4064644052939326,0
62,61,16,-0.7066521876192867,0
62,61,17,-0.4606190166848793,0
62,61,18,0.2657618159125589,0
62,61,19,0.4823595136841179,0
62,61,20,-0.1018506989733278,0
62,61,21,-0.7081256677553301,0
62,61,22,0.1735544201749911,0
62,61,23,0.6589131924958086,0
62,61,24,0.5521523790406956,0
62,61,25,-0.5942827773857142,0
62,61,26,-0.5575266020284624,0
62,61,27,0.5390866145051685,0
62,61,28,0.08829987654365846,0
62,61,29,0.1806993100346251,0
62,61,30,0.3300106987893534,0
62,61,31,-0.01483910249845961,0
62,61,32,-0.1184700222296417,0
62,61,33,-0.444389445686774,0
62,61,34,-0.2393875876462875,0
62,61,35,0.06881866707661169,0
62,61,36,0.5902848849786173,0
62,61,37,0.4092709751863248,0
62,61,38,-0.1558204330749081,0
62,61,39,-0.7453707625666,0
62,61,40,-0.4128656594383497,0
62,61,41,0.2239043077158399,0
62,61,42,0.6455267191030475,0
62,61,43,0.1873022988315814,0
62,61,44,0.0338236586018928,0
62,61,45,-0.07489088409065534,0
62,61,46,0.1077649135952817,0
62,61,47,-0.4970384897412829,0
62,61,48,-0.5692468239789285,0
62,61,49,-0.1135606033221205,0
62,61,50,0.5759519539298253,0
62,61,51,0.6709001011546748,0
62,61,52,0.06916210180632244,0
62,61,53,-0.2279203192777616,0
62,61,54,-0.3723746903277959,0
62,61,55,-0.2450291022766864,0
62,61,56,0.06835068516020455,0
62,61,57,0.2257419247501473,0
62,61,58,0.5879352151038199,0
62,61,59,0.3521451123663871,0
62,61,60,-0.1957478614944351,0
62,61,61,-0.9420101661641236,0
62,61,62,-0.3719711256646138,0
62,61,63,0.1884168752399077,0
62,61,64,1,0
62,61,65,0.3212997087079211,0
62,61,66,-0.1117410977635062,0
62,61,67,-0.7894477350688546,0
62,61,68,0.02194119872869312,0
62,61,69,0.2208420568997354,0
62,61,70,0.321580670584959,0
62,61,71,-0.4975658458767015,0
62,61,72,-0.2645359479336154,0
62,61,73,0.2878282906865154,0
62,61,74,0.630760931834764,0
62,61,75,0.02892550452026142,0
62,61,76,-0.7782568607441698,0
62,61,77,-0.2512648168139075,0
62,61,78,0.3083770763302819,0
62,61,79,0.9678021930182334,0
62,61,80,-0.1521702311946515,0
62,61,81,-0.4454683434546069,0
62,61,82,-0.6724625238698653,0
62,61,83,0.30176572187669,0
62,61,84,0.308353326469179,0
62,61,85,-0.3597890246920378,0
62,61,86,0.02430102186336851,0
62,61,87,0.224390480257275,0
62,61,88,-0.04269686360872471,0
62,61,89,-0.08148152707733917,0
62,61,90,-0.5547919997055344,0
62,61,91,0.3615061998163431,0
62,61,92,0.5516415701704445,0
62,61,93,0.5468420161726184,0
62,61,94,-0.7483815024937341,0
62,61,95,-0.7121545154916432,0
62,61,96,-0.2169271712959948,0
62,61,97,0.8241622799235631,0
62,61,98,0.3567321506499928,0
62,61,99,-0.04312219395162168,0
62,61,100,-0.3958270290491219,0
62,61,101,0.08855933157252997,0
62,61,102,0.05130849788988574,0
62,61,103,-0.2114193975136761,0
62,61,104,-0.2910156285235703,0
62,61,105,0.007407029219738443,0
62,61,106,0.5366619172919453,0
62,61,107,0.2788223454630598,0
62,61,108,0.09178793477370902,0
62,61,109,-0.550718211468229,0
62,61,110,-0.3189349854213069,0
62,61,111,-0.2210108025854232,0
62,61,112,0.4906206869086983,0
62,61,113,0.4142209193250179,0
62,61,114,-0.4004704522494426,0
62,61,115,-0.2821873000264825,0
62,61,116,-0.5893674234296327,0
62,61,117,-0.6162236646349221,0
62,61,118,0.8543181289987949,0
62,61,119,0.7403442056813185,0
62,61,120,-0.6272467394874571,0
62,61,121,-0.4316211945580494,0
62,61,122,0.1265255791664561,0
62,61,123,-0.1406158033383608,0
62,61,124,0.3283421263493493,0
62,61,125,0.497638089448869,0
62,61,126,-0.6319451441740521,0
62,61,127,-0.5001416717635744,0
62,61,128,0.7778870682238798,0
62,61,129,0.3537749112325209,0
62,61,130,-0.7727002417126587,0
62,61,131,-0.2605116791868172,0
62,61,132,0.5094981731127011,0
62,61,133,0.1216486731213648,0
62,61,134,0.1956303412492567,0
62,61,135,1.589678230502025e-06,0
62,61,136,5.543186791274469e-06,0
62,61,137,1.742974058077842e-05,0
62,61,138,5.179324454229785e-05,0
62,61,139,0.0001362741887697296,0
62,61,140,5.180016914368382e-05,0
62,61,141,1.743332959542951e-05,0
62,61,142,5.544509051027725e-06,0
62,61,143,1.590060068907991e-06,0
62,61,144,1.265425333996835e-06,0
62,61,145,4.663309512090669e-06,0
62,61,146,1.666202241210763e-05,0
62,61,147,6.302015323539085e-05,0
62,61,148,0.0002566276893659049,0
62,61,149,6.302145610751977e-05,0
62,61,150,1.666213565729617e-05,0
62,61,151,4.6630258964817e-06,0
62,61,152,1.265203482282489e-06,0
62,61,153,-7.857565310298283e-07,0
62,61,154,-3.181846461997738e-06,0
62,61,155,-1.193191548594335e-05,0
62,61,156,-4.500666817433151e-05,0
62,61,157,-0.0001775512973763647,0
62,61,158,-4.501584779500235e-05,0
62,61,159,-1.193759581288434e-05,0
62,61,160,-3.184553668447113e-06,0
62,61,161,-7.868032436268066e-07,0
62,61,162,-1.53308408877362e-06,0
62,61,163,-5.882210432994323e-06,0
62,61,164,-2.082990108663356e-05,0
62,61,165,-7.248858949789337e-05,0
62,61,166,-0.0002476021265172941,0
62,61,167,-7.24962223857021e-05,0
62,61,168,-2.083488208239952e-05,0
62,61,169,-5.88460826756462e-06,0
62,61,170,-1.533993941535577e-06,0
63,62,0,-0.1621601289323559,0
63,62,1,0.231118232791208,0
63,62,2,0.4484495561948459,0
63,62,3,-0.08786060929874485,0
63,62,4,-0.2538334233123913,0
63,62,5,-0.0580810048501721,0
63,62,6,0.1945817073902716,0
63,62,7,-0.4445304302778698,0
63,62,8,-0.6542606633296106,0
63,62,9,0.1538866886143223,0
63,62,10,-0.01694977358933186,0
63,62,11,-0.3739795844237481,0
63,62,12,-0.08456577240614635,0
63,62,13,0.2743422815723098,0
63,62,14,0.2691765663038788,0
63,62,15,-0.05885606038646087,0
63,62,16,0.2247983366227911,0
63,62,17,0.4421377676962218,0
63,62,18,-0.05949053211219369,0
63,62,19,0.1991698885303858,0
63,62,20,0.3824493875880369,0
63,62,21,-0.09142250621465077,0
63,62,22,0.05796568989956,0
63,62,23,0.2286328496777189,0
63,62,24,-0.01352318273638859,0
63,62,25,-0.1667173254673744,0
63,62,26,-0.1144942671149744,0
63,62,27,-0.4287692012398881,0
63,62,28,-0.5527649577277755,0
63,62,29,0.2543714709559932,0
63,62,30,-0.004747583712647068,0
63,62,31,-0.7124031768951086,0
63,62,32,0.3345856691887276,0
63,62,33,0.4541077810843863,0
63,62,34,0.01823697563919453,0
63,62,35,-0.1444339689718715,0
63,62,36,0.2695951900460068,0
63,62,37,0.7923588091454672,0
63,62,38,-0.3883530512403761,0
63,62,39,-0.1504753302761234,0
63,62,40,0.7291534567998433,0
63,62,41,-0.105863637546259,0
63,62,42,-0.250741382317836,0
63,62,43,-0.07924819534736355,0
63,62,44,0.08615530507869831,0
63,62,45,-0.2383308792168144,0
63,62,46,-0.7404128947623572,0
63,62,47,0.1218779176261364,0
63,62,48,-0.1414118075273108,0
63,62,49,-0.7794163104262155,0
63,62,50,0.1596000486753559,0
63,62,51,0.04482610275778684,0
63,62,52,-0.4531007921808092,0
63,62,53,0.2507106053573115,0
63,62,54,0.3433125490084716,0
63,62,55,0.1546053479825825,0
63,62,56,0.4289339148352347,0
63,62,57,0.8667858664722415,0
63,62,58,-0.31266054589606,0
63,62,59,-0.2526546708260788,0
63,62,60,0.7193209112715235,0
63,62,61,-0.2543683476008852,0
63,62,62,-0.4564846938069034,0
63,62,63,-0.00357280541281452,0
63,62,64,-0.06427847130625153,0
63,62,65,-0.07000581806854833,0
63,62,66,-0.5549623914428333,0
63,62,67,0.2639665974617083,0
63,62,68,0.1890941678518803,0
63,62,69,-0.6992357447155788,0
63,62,70,0.3861899227725415,0
63,62,71,0.2543234461988964,0
63,62,72,-0.2663766252071127,0
63,62,73,0.0468417455027141,0
63,62,74,0.1989901581255206,0
63,62,75,0.5700931855720938,0
63,62,76,-0.1678857110396263,0
63,62,77,0.07426234817952483,0
63,62,78,1,0
63,62,79,-0.2786166269555975,0
63,62,80,-0.2032082608130072,0
63,62,81,0.6346027631107987,0
63,62,82,-0.2873254103819687,0
63,62,83,-0.4865974746689426,0
63,62,84,-0.2271976139155949,0
63,62,85,-0.1791733482912382,0
63,62,86,-0.8139939506101023,0
63,62,87,0.2273438585475744,0
63,62,88,0.4137917038921923,0
63,62,89,-0.4417238642158721,0
63,62,90,0.1500764079071002,0
63,62,91,0.2752071855325955,0
63,62,92,-0.04134057062214735,0
63,62,93,0.105039099041911,0
63,62,94,-0.02517162744046867,0
63,62,95,0.2652193815268182,0
63,62,96,-0.02772252722849,0
63,62,97,-0.2014731964809857,0
63,62,98,0.3734832878718102,0
63,62,99,-0.2903397277653523,0
63,62,100,-0.2485271826004559,0
63,62,101,0.2843875716198886,0
63,62,102,-0.3179183470666814,0
63,62,103,-0.1425706640484912,0
63,62,104,-0.1462452364715741,0
63,62,105,0.08827980240165081,0
63,62,106,0.04556682462301549,0
63,62,107,-0.7085065342168826,0
63,62,108,0.3858844834639719,0
63,62,109,0.4235161522791218,0
63,62,110,-0.5528606038088821,0
63,62,111,0.1695971876938577,0
63,62,112,0.3739425118636401,0
63,62,113,0.1615313716813671,0
63,62,114,-0.1118980394933082,0
63,62,115,0.4953149548698716,0
63,62,116,-0.01002321074490661,0
63,62,117,-0.3678829606974253,0
63,62,118,-0.08986882433287928,0
63,62,119,-0.1161698070085398,0
63,62,120,-0.05836936159089052,0
63,62,121,0.09347277871165666,0
63,62,122,-0.05138978779539573,0
63,62,123,0.213444751839877,0
63,62,124,0.02589146605393794,0
63,62,125,0.2106937711409937,0
63,62,126,0.2447035256362302,0
63,62,127,0.09624678923689772,0
63,62,128,0.07183316083114127,0
63,62,129,-0.2947717734765181,0
63,62,130,-0.1566837396309459,0
63,62,131,-0.4831958781405091,0
63,62,132,-0.1201948549761246,0
63,62,133,-0.08887394495472402,0
63,62,134,0.2832975019149516,0
63,62,135,2.351473399290047e-07,0
63,62,136,1.269597559494468e-06,0
63,62,137,7.042722278153377e-06,0
63,62,138,3.992823462604258e-05,0
63,62,139,0.0002272211703126664,0
63,62,140,3.992732475150597e-05,0
63,62,141,7.042179965115506e-06,0
63,62,142,1.269400703055053e-06,0
63,62,143,2.350991237476426e-07,0
63,62,144,-1.770925725139945e-07,0
63,62,145,-1.298902805715611e-06,0
63,62,146,-7.874376987326975e-06,0
63,62,147,-4.520674622826904e-05,0
63,62,148,-0.0002583425957909685,0
63,62,149,-4.520974314817399e-05,0
63,62,150,-7.875481316579034e-06,0
63,62,151,-1.299153290823799e-06,0
63,62,152,-1.771161520106809e-07,0
63,62,153,1.758328990168616e-07,0
63,62,154,5.49598711928078e-07,0
63,62,155,2.118763477012158e-06,0
63,62,156,1.204330747947862e-05,0
63,62,157,8.302176175705174e-05,0
63,62,158,1.204599573550418e-05,0
63,62,159,2.120085895857137e-06,0
63,62,160,5.501606228917384e-07,0
63,62,161,1.760437942169755e-07,0
63,62,162,3.685615000506345e-07,0
63,62,163,1.43026187315109e-06,0
63,62,164,5.345696389069215e-06,0
63,62,165,1.984738463885877e-05,0
63,62,166,6.849688574082002e-05,0
63,62,167,1.984943820508496e-05,0
63,62,168,5.346973593199514e-06,0
63,62,169,1.430841575163268e-06,0
63,62,170,3.687724733909995e-07,0
64,63,0,-0.6262424019535818,0
64,63,1,0.07168726432605259,0
64,63,2,0.7250515823079191,0
64,63,3,0.399872017755984,0
64,63,4,-0.7203110321717234,0
64,63,5,-0.7054145371368175,0
64,63,6,0.3415025358484614,0
64,63,7,0.4122473431476593,0
64,63,8,-0.2141476246281221,0
64,63,9,-0.6295953400037025,0
64,63,10,0.3961963609351456,0
64,63,11,0.8032335145167402,0
64,63,12,0.1355966900434199,0
64,63,13,-0.6300626734437162,0
64,63,14,-0.3239402162845609,0
64,63,15,0.2484813593474967,0
64,63,16,-0.3970993714217231,0
64,63,17,-0.9380697212405493,0
64,63,18,0.2197578961497909,0
64,63,19,0.2705248196684424,0
64,63,20,-0.09400616447395177,0
64,63,21,-0.1980228611483572,0
64,63,22,0.6569986536772265,0
64,63,23,0.8904012732876342,0
64,63,24,-0.3536961878023802,0
64,63,25,0.1001735415224015,0
64,63,26,0.6919917538886443,0
64,63,27,-0.6499115123934642,0
64,63,28,-0.5479673306699558,0
64,63,29,0.7345121812010875,0
64,63,30,0.6948064433588124,0
64,63,31,-0.5656729449306512,0
64,63,32,-0.08498459235119049,0
64,63,33,-0.02181006169794682,0
64,63,34,0.02153885426961622,0
64,63,35,-0.5971528892472777,0
64,63,36,-0.617454564157814,0
64,63,37,0.1023344518322788,0
64,63,38,0.3907724960203298,0
64,63,39,0.3618449458013771,0
64,63,40,-0.1249527168347151,0
64,63,41,0.5351000476862394,0
64,63,42,0.5348321280374615,0
64,63,43,0.0879682279786394,0
64,63,44,-0.4922579284744099,0
64,63,45,-0.02132617437527011,0
64,63,46,0.8720363464118606,0
64,63,47,-0.5508080320484479,0
64,63,48,-0.5965109471264262,0
64,63,49,0.3123683630231724,0
64,63,50,0.01350637656021149,0
64,63,51,-0.3648871159626872,0
64,63,52,-0.8583114285003191,0
64,63,53,0.769119099806875,0
64,63,54,0.5432256549349959,0
64,63,55,-0.721958133056552,0
64,63,56,0.2458100839386004,0
64,63,57,0.1185109778306863,0
64,63,58,0.2046365467797137,0
64,63,59,-0.4397683313663284,0
64,63,60,-0.211009470953607,0
64,63,61,-0.1903960589650407,0
64,63,62,0.6174838426530598,0
64,63,63,0.7646699588110437,0
64,63,64,-0.3830165486957274,0
64,63,65,0.09858435926612047,0
64,63,66,0.6043576759724089,0
64,63,67,0.3514898077513818,0
64,63,68,-0.6239987042424945,0
64,63,69,-0.6522690165940848,0
64,63,70,-0.1621261072115706,0
64,63,71,-0.28355234193687,0
64,63,72,-0.6490014628033522,0
64,63,73,-0.1146559983852195,0
64,63,74,0.504842099665898,0
64,63,75,0.1028000770503791,0
64,63,76,0.4793000808282472,0
64,63,77,0.5963562250917364,0
64,63,78,0.149903701700403,0
64,63,79,-0.06170914668189819,0
64,63,80,-0.3308401629653828,0
64,63,81,-0.01957204290894562,0
64,63,82,-0.02384514127348984,0
64,63,83,-0.5887618770145485,0
64,63,84,-0.009811156938940664,0
64,63,85,0.5817546683366156,0
64,63,86,0.7131746344562525,0
64,63,87,-0.7112883179070704,0
64,63,88,-0.3290322440056894,0
64,63,89,0.5024207975412787,0
64,63,90,0.008351498295468213,0
64,63,91,-0.4251521685269072,0
64,63,92,-0.6062746499337783,0
64,63,93,0.6935889882693219,0
64,63,94,0.4207152636120097,0
64,63,95,-0.7672827987706754,0
64,63,96,0.2341016002469127,0
64,63,97,0.4954955845026269,0
64,63,98,0.3589729521853978,0
64,63,99,-0.7855693895008852,0
64,63,100,-0.1613197704892329,0
64,63,101,1,0
64,63,102,-0.02539606500879483,0
64,63,103,-0.6966539088572259,0
64,63,104,-0.2548076910975587,0
64,63,105,0.6038883318012844,0
64,63,106,-0.06618779500830814,0
64,63,107,-0.8212989669344399,0
64,63,108,-0.094767402598027,0
64,63,109,0.7407500764542405,0
64,63,110,0.5378992881532809,0
64,63,111,-0.7018670376708467,0
64,63,112,-0.2277585810969144,0
64,63,113,0.4918992175546899,0
64,63,114,-0.5732374319757553,0
64,63,115,-0.8057643341886495,0
64,63,116,0.2689639283570927,0
64,63,117,0.5969455515063862,0
64,63,118,0.2010760444167019,0
64,63,119,-0.1016568305030666,0
64,63,120,-0.2054569151310144,0
64,63,121,-0.5951737504320544,0
64,63,122,-0.4077453703577382,0
64,63,123,-0.2003052742859172,0
64,63,124,0.2711621284567773,0
64,63,125,0.6658733672146361,0
64,63,126,0.5031885186008614,0
64,63,127,0.3777954933015396,0
64,63,128,-0.6531962855550278,0
64,63,129,-0.6991628788997414,0
64,63,130,-0.04014463147250416,0
64,63,131,-0.1128664965490728,0
64,63,132,0.5057158375939038,0
64,63,133,0.6903268518475885,0
64,63,134,-0.2152856329030113,0
64,63,135,-1.186291224717439e-06,0
64,63,136,-5.698233832875038e-06,0
64,63,137,-2.54396445940428e-05,0
64,63,138,-0.0001147511120337352,0
64,63,139,-0.0005413362017806225,0
64,63,140,-0.0001147541914253583,0
64,63,141,-2.544025580257924e-05,0
64,63,142,-5.697797593395735e-06,0
64,63,143,-1.185873517671053e-06,0
64,63,144,3.207089212883489e-07,0
64,63,145,9.371122989836915e-07,0
64,63,146,5.463034250154877e-06,0
64,63,147,4.365219544973596e-05,0
64,63,148,0.0003270410185204852,0
64,63,149,4.36586780011092e-05,0
64,63,150,5.467945480078553e-06,0
64,63,151,9.401460963528936e-07,0
64,63,152,3.221459775882746e-07,0
64,63,153,1.588519238118762e-06,0
64,63,154,4.406506879223554e-06,0
64,63,155,9.100962490934766e-06,0
64,63,156,3.457042997096971e-06,0
64,63,157,-0.0001423466225589061,0
64,63,158,3.465528302472903e-06,0
64,63,159,9.108350725718739e-06,0
64,63,160,4.410924218760603e-06,0
64,63,161,1.590483328095458e-06,0
64,63,162,1.861405814174719e-06,0
64,63,163,6.35873333768422e-06,0
64,63,164,2.111999159756535e-05,0
64,63,165,7.680522362149963e-05,0
64,63,166,0.0003179072241639183,0
64,63,167,7.681546438962891e-05,0
64,63,168,2.112667395927347e-05,0
64,63,169,6.362206285662279e-06,0
64,63,170,1.862839372733912e-06,0
65,64,0,0.2674268772393283,0
65,64,1,0.109026869480846,0
65,64,2,-0.1245318653961052,0
65,64,3,-0.3759392354000513,0
65,64,4,0.07682999255021583,0
65,64,5,0.2111728923581642,0
65,64,6,0.2663996848257327,0
65,64,7,-0.2328165844441903,0
65,64,8,-0.1992080092295836,0
65,64,9,0.06127828823014131,0
65,64,10,0.3843966143006241,0
65,64,11,0.1794935401931536,0
65,64,12,-0.5864645454010692,0
65,64,13,-0.397084029820033,0
65,64,14,-0.002162163633834806,0
65,64,15,1,0
65,64,16,-0.03760142590548038,0
65,64,17,-0.4681691735645743,0
65,64,18,-0.7966785425138899,0
65,64,19,0.4892500366840193,0
65,64,20,0.490962481106029,0
65,64,21,0.2226417558216968,0
65,64,22,-0.3396244329712883,0
65,64,23,0.0915186110551118,0
65,64,24,0.07837751862364291,0
65,64,25,-0.0113371962158635,0
65,64,26,-0.3170809531454584,0
65,64,27,0.1527032710271195,0
65,64,28,0.1384523005684127,0
65,64,29,-0.1015048058599049,0
65,64,30,-0.2170425728537901,0
65,64,31,-0.06153306500157597,0
65,64,32,0.1167750769272871,0
65,64,33,0.3367534621067669,0
65,64,34,0.2205730174016349,0
65,64,35,-0.184991865476193,0
65,64,36,-0.3734756734945246,0
65,64,37,-0.2281903387599508,0
65,64,38,0.2468631206991035,0
65,64,39,0.1692078210060703,0
65,64,40,-0.01715593752397872,0
65,64,41,-0.1285061698694747,0
65,64,42,0.3197730806509623,0
65,64,43,0.3084551236296996,0
65,64,44,0.03934172218297496,0
65,64,45,-0.5757104891799283,0
65,64,46,-0.2569610901441876,0
65,64,47,-0.334505280414264,0
65,64,48,0.2572165495799598,0
65,64,49,0.1700402638859841,0
65,64,50,0.5568720159652697,0
65,64,51,0.09359278911309564,0
65,64,52,-0.1807568367814265,0
65,64,53,-0.3355475979161049,0
65,64,54,-0.1341733000375573,0
65,64,55,-0.09462633718110931,0
65,64,56,-0.05823801790862687,0
65,64,57,0.1143455136139995,0
65,64,58,-0.4631280040489307,0
65,64,59,-0.2853778121614943,0
65,64,60,0.1488575543690173,0
65,64,61,0.5871427441958535,0
65,64,62,0.1869046807752896,0
65,64,63,-0.09726995081432309,0
65,64,64,-0.3479383898611512,0
65,64,65,0.1263065890271654,0
65,64,66,0.1550716543243904,0
65,64,67,-0.1322244733008555,0
65,64,68,-0.5142337941054549,0
65,64,69,-0.1820236501569827,0
65,64,70,0.4935277416268822,0
65,64,71,0.478525453687884,0
65,64,72,-0.03559225531564874,0
65,64,73,-0.4551872273528971,0
65,64,74,-0.06495416816426505,0
65,64,75,0.1269623732003573,0
65,64,76,0.04652325389762638,0
65,64,77,-0.1522847703017369,0
65,64,78,0.02263867476356872,0
65,64,79,0.4543539164372107,0
65,64,80,0.01859554667014154,0
65,64,81,-0.2934066017774929,0
65,64,82,-0.495490063505321,0
65,64,83,0.1914931135678738,0
65,64,84,0.4077173997778375,0
65,64,85,-0.2876465791846606,0
65,64,86,-0.02735918959507429,0
65,64,87,-0.2033934383950265,0
65,64,88,0.06132037499722812,0
65,64,89,0.1373570060745537,0
65,64,90,0.2580867576146828,0
65,64,91,-0.4080475906017537,0
65,64,92,-0.4996835210739343,0
65,64,93,0.05727239146009016,0
65,64,94,0.5712599262831919,0
65,64,95,0.2860011432641355,0
65,64,96,-0.3542342292128969,0
65,64,97,-0.2455980748121285,0
65,64,98,0.154792638976549,0
65,64,99,0.419718965141048,0
65,64,100,-0.1637948755585046,0
65,64,101,-0.2487326256800827,0
65,64,102,-0.3871878583687603,0
65,64,103,0.1865979550987421,0
65,64,104,0.1044568864772039,0
65,64,105,0.3699548932487084,0
65,64,106,0.06361924143647425,0
65,64,107,0.08487510365806228,0
65,64,108,-0.2701758171080508,0
65,64,109,-0.2795998093631764,0
65,64,110,-0.2032459880462447,0
65,64,111,0.007795869530358195,0
65,64,112,0.3315336423507658,0
65,64,113,0.3253692725008117,0
65,64,114,-0.2393060353429152,0
65,64,115,-0.3201696482467827,0
65,64,116,0.5088978875133225,0
65,64,117,0.4892973650612826,0
65,64,118,-0.5679977485091718,0
65,64,119,-0.4211077385179755,0
65,64,120,0.2459365520740459,0
65,64,121,-0.02887882209730335,0
65,64,122,-0.005057212806276459,0
65,64,123,0.2991138705201865,0
65,64,124,0.07988895059445561,0
65,64,125,-0.1308013616758373,0
65,64,126,-0.390579981091786,0
65,64,127,-0.1457988797412673,0
65,64,128,0.7074121248065204,0
65,64,129,0.2826957265797309,0
65,64,130,-0.8447445685478641,0
65,64,131,-0.2399198668050858,0
65,64,132,0.6344988598128389,0
65,64,133,0.08108790643169765,0
65,64,134,0.221242665882477,0
65,64,135,-3.887998070526791e-06,0
65,64,136,-1.133577491827963e-05,0
65,64,137,-3.161959981228336e-05,0
65,64,138,-9.866230990051139e-05,0
65,64,139,-0.0003527020246118327,0
65,64,140,-9.867477813418049e-05,0
65,64,141,-3.162937900090196e-05,0
65,64,142,-1.134176215550952e-05,0
65,64,143,-3.890802594412618e-06,0
65,64,144,-4.894812212746031e-06,0
65,64,145,-1.228044304851304e-05,0
65,64,146,-2.538051144469767e-05,0
65,64,147,-4.590330250173583e-05,0
65,64,148,-4.977968522194968e-05,0
65,64,149,-4.59121371956388e-05,0
65,64,150,-2.539071283643454e-05,0
65,64,151,-1.228789246664431e-05,0
65,64,152,-4.898553512475642e-06,0
65,64,153,-3.886567138932808e-06,0
65,64,154,-8.602497747584674e-06,0
65,64,155,-1.314080683552746e-05,0
65,64,156,-6.645981961930806e-06,0
65,64,157,6.813638309286574e-05,0
65,64,158,-6.653159360917264e-06,0
65,64,159,-1.314916482371946e-05,0
65,64,160,-8.608824248359352e-06,0
65,64,161,-3.889805718267641e-06,0
65,64,162,-2.208440504263856e-06,0
65,64,163,-5.072772665379372e-06,0
65,64,164,-9.84503070795876e-06,0
65,64,165,-2.270857332561614e-05,0
65,64,166,-8.345103396494094e-05,0
65,64,167,-2.271387787999319e-05,0
65,64,168,-9.850135148487447e-06,0
65,64,169,-5.076424577890153e-06,0
65,64,170,-2.210271668437992e-06,0
66,65,0,-0.3980345197812213,0
66,65,1,-0.1580030191260977,0
66,65,2,0.187948713529347,0
66,65,3,0.6009282567512528,0
66,65,4,0.01153516483222212,0
66,65,5,-0.1885667176256424,0
66,65,6,-0.662098085179762,0
66,65,7,0.0687270608323083,0
66,65,8,0.153848136230924,0
66,65,9,0.6159807516617164,0
66,65,10,-0.1683749973256823,0
66,65,11,-0.1798388135826166,0
66,65,12,-0.4949356683297976,0
66,65,13,0.110770383161675,0
66,65,14,0.02779470177107097,0
66,65,15,0.4758805828546437,0
66,65,16,0.08122443591296387,0
66,65,17,0.1357566576497803,0
66,65,18,-0.6681212013705701,0
66,65,19,-0.1885087817494734,0
66,65,20,-0.07869271239635209,0
66,65,21,0.847552519098588,0
66,65,22,-0.06478612492881176,0
66,65,23,-0.2721890977178945,0
66,65,24,-0.6115857558752282,0
66,65,25,0.4407710047282324,0
66,65,26,0.3971449073115306,0
66,65,27,-0.4560401158148291,0
66,65,28,-0.04403209551809002,0
66,65,29,-0.03640797697196482,0
66,65,30,0.1182736950810225,0
66,65,31,0.007590285929104855,0
66,65,32,0.2239135102397007,0
66,65,33,-0.1996842382646276,0
66,65,34,-0.2683908403066895,0
66,65,35,-0.3063197494121894,0
66,65,36,0.249935850026602,0
66,65,37,0.2648020938498979,0
66,65,38,0.3994230222614107,0
66,65,39,-0.1153663509731708,0
66,65,40,-0.06912962908226734,0
66,65,41,-0.5838428576298803,0
66,65,42,-0.07461464889112951,0
66,65,43,0.05635125452268534,0
66,65,44,0.6371605998456307,0
66,65,45,0.081323716280277,0
66,65,46,-0.07331026560058083,0
66,65,47,-0.4072888462409734,0
66,65,48,0.2528798314146523,0
66,65,49,0.2119946270874039,0
66,65,50,0.1128262465811531,0
66,65,51,-0.5477217654618998,0
66,65,52,-0.2201350343767458,0
66,65,53,-0.05840894618260348,0
66,65,54,0.4307765004528945,0
66,65,55,0.166936044506033,0
66,65,56,-0.1930730562534589,0
66,65,57,-0.1748126821631785,0
66,65,58,0.2981199600801832,0
66,65,59,0.2043626077883059,0
66,65,60,-0.032784295010946,0
66,65,61,-0.3347685135680481,0
66,65,62,-0.2016583555197971,0
66,65,63,0.03422003480223221,0
66,65,64,0.05674894529389318,0
66,65,65,0.05332354053706696,0
66,65,66,0.08639035346253171,0
66,65,67,0.2335047392457051,0
66,65,68,0.03647827085181007,0
66,65,69,-0.1739611217742517,0
66,65,70,-0.3873406230479477,0
66,65,71,0.08714134881117847,0
66,65,72,0.2145303031398579,0
66,65,73,0.2624304819210791,0
66,65,74,-0.4260453240087147,0
66,65,75,-0.4131632530848784,0
66,65,76,0.1208812867121747,0
66,65,77,0.5677895760140901,0
66,65,78,0.2205489189651884,0
66,65,79,-0.3826851085539452,0
66,65,80,-0.3068940610018127,0
66,65,81,0.04103066847080313,0
66,65,82,0.3310066034180405,0
66,65,83,0.05381457768081357,0
66,65,84,-0.03805148189484972,0
66,65,85,0.1140995219048744,0
66,65,86,0.008127715485811021,0
66,65,87,0.2700307699668004,0
66,65,88,0.08793481904520049,0
66,65,89,-0.1206132383617389,0
66,65,90,-0.4282471290861565,0
66,65,91,0.06069993790406811,0
66,65,92,0.206474399872839,0
66,65,93,0.3703158456980739,0
66,65,94,-0.01514091761734799,0
66,65,95,-0.04841302337697011,0
66,65,96,-0.244430975888744,0
66,65,97,-0.2398546327088715,0
66,65,98,-0.2746276021039375,0
66,65,99,0.3273138388509932,0
66,65,100,0.5172340289681234,0
66,65,101,0.3989539606512534,0
66,65,102,-0.4568511943750347,0
66,65,103,-0.5039030962300302,0
66,65,104,-0.1792544344064015,0
66,65,105,0.3958088697025925,0
66,65,106,0.1483940796028332,0
66,65,107,0.05381939335343133,0
66,65,108,-0.3328926479370325,0
66,65,109,0.08756209919180556,0
66,65,110,0.02196491692697973,0
66,65,111,0.2471946587060927,0
66,65,112,-0.2004074678894343,0
66,65,113,-0.1640415350150322,0
66,65,114,0.235687183002608,0
66,65,115,0.08342165946057506,0
66,65,116,-0.005995928054179735,0
66,65,117,-0.09423918385561807,0
66,65,118,-0.2456801944212145,0
66,65,119,-0.03470593741742207,0
66,65,120,0.6837852122830635,0
66,65,121,0.2918186359167199,0
66,65,122,-1,0
66,65,123,-0.4409798754585015,0
66,65,124,0.9865193928501015,0
66,65,125,0.2870152403578549,0
66,65,126,-0.7431701809501485,0
66,65,127,0.04526268531162983,0
66,65,128,0.4065466772806602,0
66,65,129,-0.1965126720185315,0
66,65,130,-0.09409291539130145,0
66,65,131,0.23261863526469,0
66,65,132,-0.03575932929032543,0
66,65,133,-0.2045936630443862,0
66,65,134,0.03323253622706958,0
66,65,135,-1.04841740056804e-06,0
66,65,136,-2.245362907619107e-06,0
66,65,137,-2.590465685104697e-06,0
66,65,138,5.721947881623644e-06,0
66,65,139,6.632044570433298e-05,0
66,65,140,5.718592502343479e-06,0
66,65,141,-2.593904612880485e-06,0
66,65,142,-2.247713691011071e-06,0
66,65,143,-1.049566794158865e-06,0
66,65,144,-1.977213194360777e-06,0
66,65,145,-5.182226207404176e-06,0
66,65,146,-1.219593154402064e-05,0
66,65,147,-3.090880115187144e-05,0
66,65,148,-8.9310309245012e-05,0
66,65,149,-3.091624430871136e-05,0
66,65,150,-1.220185600933716e-05,0
66,65,151,-5.185931577342703e-06,0
66,65,152,-1.978965579458982e-06,0
66,65,153,-1.91258597058011e-06,0
66,65,154,-5.036930991856487e-06,0
66,65,155,-1.233214984283962e-05,0
66,65,156,-3.541139996514527e-05,0
66,65,157,-0.0001301682475331925,0
66,65,158,-3.541508335279819e-05,0
66,65,159,-1.233618709400403e-05,0
66,65,160,-5.039879784460727e-06,0
66,65,161,-1.914068910138468e-06,0
66,65,162,-8.673464108945347e-07,0
66,65,163,-1.515537549284417e-06,0
66,65,164,3.11740763374509e-07,0
66,65,165,1.813368612770625e-05,0
66,65,166,0.0001244579724370132,0
66,65,167,1.813434069597743e-05,0
66,65,168,3.106345816010735e-07,0
66,65,169,-1.516836447091001e-06,0
66,65,170,-8.680856434584516e-07,0
67,66,0,-0.04984008187827085,0
67,66,1,0.276426957964461,0
67,66,2,0.4347956263940378,0
67,66,3,-0.178714043332068,0
67,66,4,0.05736426999545791,0
67,66,5,0.3088602385627963,0
67,66,6,-0.008227261725425958,0
67,66,7,-0.3289852593549486,0
67,66,8,-0.2707271750805302,0
67,66,9,0.1426319364045372,0
67,66,10,-0.3851735030107513,0
67,66,11,-0.6710273988600588,0
67,66,12,0.1537583782141985,0
67,66,13,-0.1118952602588887,0
67,66,14,-0.4540983430515376,0
67,66,15,-0.05930283424616945,0
67,66,16,-0.007198241342379879,0
67,66,17,-0.1048868525424892,0
67,66,18,0.07151219434616991,0
67,66,19,0.01002234197352579,0
67,66,20,0.002725295748337304,0
67,66,21,-0.02561737180229279,0
67,66,22,0.1052181394941406,0
67,66,23,0.1104643156397028,0
67,66,24,0.04198565990472053,0
67,66,25,0.2219035102189352,0
67,66,26,0.3129447596318417,0
67,66,27,0.4826872610108132,0
67,66,28,0.6743627960106936,0
67,66,29,0.08304140451439609,0
67,66,30,-0.165243817363543,0
67,66,31,-0.748049164523965,0
67,66,32,0.2852069169533781,0
67,66,33,0.209898443601927,0
67,66,34,-0.385544755849495,0
67,66,35,0.247498064884807,0
67,66,36,0.3883349869745948,0
67,66,37,0.2778012341556974,0
67,66,38,-0.1517123297319302,0
67,66,39,0.1791684131163764,0
67,66,40,0.8252089306417368,0
67,66,41,-0.2080169277045111,0
67,66,42,0.01472652041808844,0
67,66,43,0.8394091266287028,0
67,66,44,-0.1458198161751355,0
67,66,45,0.001301044013156847,0
67,66,46,0.4612505929693985,0
67,66,47,0.0009037772491870191,0
67,66,48,-0.07014800699841318,0
67,66,49,0.03765594882394013,0
67,66,50,-0.1089325396729845,0
67,66,51,-0.1272524142595336,0
67,66,52,-0.1917758214273049,0
67,66,53,-0.1738230882673335,0
67,66,54,-0.3814201851302485,0
67,66,55,-0.597571589805709,0
67,66,56,-0.3360267004978787,0
67,66,57,-1,0
67,66,58,-0.2045741528652346,0
67,66,59,-0.0918926916663052,0
67,66,60,0.8250651316629674,0
67,66,61,-0.2267213427894687,0
67,66,62,-0.3832113116088723,0
67,66,63,0.2840889714627321,0
67,66,64,-0.170345069557966,0
67,66,65,-0.2510909127675507,0
67,66,66,-0.2297512065908584,0
67,66,67,-0.1327078838624858,0
67,66,68,-0.01255230688330936,0
67,66,69,-0.5400871501412577,0
67,66,70,0.1511930228693252,0
67,66,71,0.03607531575061281,0
67,66,72,-0.8137624273019799,0
67,66,73,0.2337637392908369,0
67,66,74,0.08982190190024775,0
67,66,75,-0.716360964880207,0
67,66,76,0.1382366036114829,0
67,66,77,0.06705640932448584,0
67,66,78,-0.3091177830372417,0
67,66,79,0.1765531498585179,0
67,66,80,0.2822576533038723,0
67,66,81,0.2972524940111564,0
67,66,82,0.1177113311778595,0
67,66,83,0.2992228395615056,0
67,66,84,0.7487660695400041,0
67,66,85,0.002559984740501314,0
67,66,86,0.8867031311680931,0
67,66,87,0.2006133044819301,0
67,66,88,0.3487985203465639,0
67,66,89,-0.5404359079833511,0
67,66,90,0.1475879459141713,0
67,66,91,0.3370658948741407,0
67,66,92,-0.1636480631670611,0
67,66,93,0.0682758057019639,0
67,66,94,0.0698310828023212,0
67,66,95,0.1108004259237094,0
67,66,96,0.1567244754339223,0
67,66,97,-0.03127370745409455,0
67,66,98,0.2717717923547114,0
67,66,99,0.06607476241831971,0
67,66,100,-0.1573030356835017,0
67,66,101,0.3757308128395923,0
67,66,102,-0.0743979093417772,0
67,66,103,-0.1109183193043782,0
67,66,104,0.5657210407421459,0
67,66,105,-0.3504359448257566,0
67,66,106,-0.2341287544109121,0
67,66,107,0.3852700524640495,0
67,66,108,-0.1820689937183348,0
67,66,109,-0.2821613024463572,0
67,66,110,-0.1860356252561674,0
67,66,111,-0.001142215705776574,0
67,66,112,-0.002453525615931124,0
67,66,113,-0.5701409859691823,0
67,66,114,0.2552700062753715,0
67,66,115,-0.5068395598341164,0
67,66,116,-0.03268082177442995,0
67,66,117,-0.4116892431133563,0
67,66,118,-0.02781931006335362,0
67,66,119,-0.1610764861669529,0
67,66,120,-0.09763646993121972,0
67,66,121,-0.01068582834228691,0
67,66,122,0.01781644786012163,0
67,66,123,0.1378367228552359,0
67,66,124,-0.186039143530235,0
67,66,125,0.1493328073537094,0
67,66,126,-0.003693085812914182,0
67,66,127,0.2560298739802967,0
67,66,128,0.1159867949876286,0
67,66,129,0.3352569397808624,0
67,66,130,0.1709508806378136,0
67,66,131,0.06702665092891169,0
67,66,132,0.01153037881921251,0
67,66,133,-0.2619386916248762,0
67,66,134,-0.3338917474436109,0
67,66,135,4.371890074314686e-07,0
67,66,136,1.146942763232072e-06,0
67,66,137,1.281298142157312e-06,0
67,66,138,-1.156911318016014e-05,0
67,66,139,-0.0001414666726279822,0
67,66,140,-1.156406329132229e-05,0
67,66,141,1.283857489293284e-06,0
67,66,142,1.148003872994799e-06,0
67,66,143,4.375694964359487e-07,0
67,66,144,6.539278126117227e-07,0
67,66,145,2.761071574223156e-06,0
67,66,146,1.308399351032781e-05,0
67,66,147,7.168310318340136e-05,0
67,66,148,0.000426411873126639,0
67,66,149,7.168392673623937e-05,0
67,66,150,1.308480843729506e-05,0
67,66,151,2.761634427750644e-06,0
67,66,152,6.541980665721339e-07,0
67,66,153,-3.062316745296599e-07,0
67,66,154,-2.278878761294603e-06,0
67,66,155,-1.421446152822311e-05,0
67,66,156,-8.491757874559516e-05,0
67,66,157,-0.0005081366082651956,0
67,66,158,-8.492132990172666e-05,0
67,66,159,-1.421548623534102e-05,0
67,66,160,-2.278940185810087e-06,0
67,66,161,-3.061531135784661e-07,0
67,66,162,8.328559681526077e-08,0
67,66,163,7.503315080855902e-07,0
67,66,164,6.083932937117987e-06,0
67,66,165,4.39919498855508e-05,0
67,66,166,0.0002953848010572251,0
67,66,167,4.399735654555494e-05,0
67,66,168,6.085895454812751e-06,0
67,66,169,7.509228935426335e-07,0
67,66,170,8.345812458044696e-08,0
68,67,0,0.1900428281073646,0
68,67,1,-0.2242031707144535,0
68,67,2,-0.5154854405217489,0
68,67,3,0.04190790897594883,0
68,67,4,0.04762069072729209,0
68,67,5,-0.1620132171526492,0
68,67,6,-0.03408627276820781,0
68,67,7,0.1080075242099186,0
68,67,8,0.1492848412887994,0
68,67,9,-0.05901809517347274,0
68,67,10,0.01709027128879038,0
68,67,11,0.117904516852006,0
68,67,12,0.1122832288657714,0
68,67,13,0.1312597072063986,0
68,67,14,0.1392831407409878,0
68,67,15,-0.0610209077193439,0
68,67,16,0.302783347127138,0
68,67,17,0.41742744711827,0
68,67,18,-0.05292096279153757,0
68,67,19,0.319825566600268,0
68,67,20,0.6069673759888465,0
68,67,21,-0.06930444267009936,0
68,67,22,0.3341488993889925,0
68,67,23,0.6372482793675297,0
68,67,24,-0.1324522538069117,0
68,67,25,0.2231341412508026,0
68,67,26,0.5444544473043711,0
68,67,27,0.16149644065758,0
68,67,28,0.3806213464903637,0
68,67,29,-0.1634632508810354,0
68,67,30,-0.009114456177847532,0
68,67,31,0.6652066992468489,0
68,67,32,-0.2348790341783047,0
68,67,33,-0.1140831127606354,0
68,67,34,0.3932726653391675,0
68,67,35,0.03277552978075134,0
68,67,36,-0.011689539045449,0
68,67,37,0.03514371026610289,0
68,67,38,-0.02331128273776279,0
68,67,39,-0.06259836105530632,0
68,67,40,-0.218863086224075,0
68,67,41,-0.06081873818354064,0
68,67,42,-0.2367589506076049,0
68,67,43,-0.4029952758012965,0
68,67,44,-0.1270601882704709,0
68,67,45,-0.227840904853417,0
68,67,46,-0.5857170093525554,0
68,67,47,0.01486436033095193,0
68,67,48,-0.2333633647214973,0
68,67,49,-0.8567846013300776,0
68,67,50,0.09830333192309973,0
68,67,51,-0.1473198162978133,0
68,67,52,-0.9769290557098804,0
68,67,53,0.1092490883690164,0
68,67,54,-0.0622833751593153,0
68,67,55,-0.8461433724260605,0
68,67,56,-0.2127310521661329,0
68,67,57,-0.81743044374451,0
68,67,58,0.0734602727012313,0
68,67,59,0.1660418746682175,0
68,67,60,-0.4970114139536777,0
68,67,61,0.07129373697061549,0
68,67,62,0.06466044219378403,0
68,67,63,-0.443562016051128,0
68,67,64,0.2289776468803123,0
68,67,65,0.009592458568225269,0
68,67,66,-0.3204678470604412,0
68,67,67,0.09675906369463576,0
68,67,68,0.1712546863502162,0
68,67,69,0.1438327617696714,0
68,67,70,0.01423487693755662,0
68,67,71,0.1730551348680732,0
68,67,72,0.5486221583739064,0
68,67,73,0.07442697340677311,0
68,67,74,0.1171851311517079,0
68,67,75,0.6829322604719698,0
68,67,76,0.1014011398544168,0
68,67,77,0.01889569765095596,0
68,67,78,0.7125174432549298,0
68,67,79,-0.0569435258272316,0
68,67,80,-0.1109969730437197,0
68,67,81,0.7615205700640102,0
68,67,82,0.04022941308880518,0
68,67,83,0.01706461357362919,0
68,67,84,0.8890662072387603,0
68,67,85,0.1439440669961973,0
68,67,86,1,0
68,67,87,0.06853434153519466,0
68,67,88,-0.1538813804594757,0
68,67,89,0.2049206737235083,0
68,67,90,0.003861450389758743,0
68,67,91,-0.03684240897606086,0
68,67,92,0.317784662228793,0
68,67,93,-0.1676234395794282,0
68,67,94,-0.1489183900745484,0
68,67,95,0.2670708893118257,0
68,67,96,-0.2288042327154346,0
68,67,97,-0.1526903996172603,0
68,67,98,0.02864528272608626,0
68,67,99,-0.06218036225874492,0
68,67,100,-0.06407601078097051,0
68,67,101,-0.3559881431863536,0
68,67,102,0.02155496531664572,0
68,67,103,0.0633836789353016,0
68,67,104,-0.5496158957287005,0
68,67,105,0.02424900791784261,0
68,67,106,0.2379514259348811,0
68,67,107,-0.3910087842199448,0
68,67,108,-0.2055647135116808,0
68,67,109,0.1724966119864199,0
68,67,110,-0.3156567484692693,0
68,67,111,-0.08348968382842197,0
68,67,112,0.03568080274260645,0
68,67,113,-0.5478239940424582,0
68,67,114,0.1176787929817837,0
68,67,115,-0.7355438351341008,0
68,67,116,-0.1035085860547113,0
68,67,117,0.06995474920537098,0
68,67,118,0.001997735150896474,0
68,67,119,0.1489386676447577,0
68,67,120,0.0003276374520235821,0
68,67,121,0.1852406575679323,0
68,67,122,0.1108507358897334,0
68,67,123,0.09581244331141919,0
68,67,124,0.1475371240959928,0
68,67,125,-0.06828897648483315,0
68,67,126,-0.05651833944365067,0
68,67,127,-0.2995627910000794,0
68,67,128,0.03012039376060234,0
68,67,129,-0.2703846919774395,0
68,67,130,0.08447067398017424,0
68,67,131,-0.1309659968294827,0
68,67,132,0.1732043278383766,0
68,67,133,-0.1895033115633026,0
68,67,134,-0.3651166441315782,0
68,67,135,7.955720012321577e-09,0
68,67,136,4.16702342486312e-07,0
68,67,137,3.53084992166142e-06,0
68,67,138,2.464416465199538e-05,0
68,67,139,0.0001662279045990563,0
68,67,140,2.464172062549933e-05,0
68,67,141,3.529578338903526e-06,0
68,67,142,4.160694032547592e-07,0
68,67,143,7.677839997539677e-09,0
68,67,144,-3.08787058944932e-07,0
68,67,145,-1.358106629405402e-06,0
68,67,146,-7.518085976662127e-06,0
68,67,147,-4.829516639620492e-05,0
68,67,148,-0.0003202639483951163,0
68,67,149,-4.829556533570589e-05,0
68,67,150,-7.519027530754133e-06,0
68,67,151,-1.358923435927326e-06,0
68,67,152,-3.092195345153335e-07,0
68,67,153,-2.580544721458008e-08,0
68,67,154,1.006474713172453e-06,0
68,67,155,9.472092904257221e-06,0
68,67,156,6.602606331656951e-05,0
68,67,157,0.0004253259908010009,0
68,67,158,6.602587998931168e-05,0
68,67,159,9.470613074633975e-06,0
68,67,160,1.005298086072143e-06,0
68,67,161,-2.63780175582073e-08,0
68,67,162,-6.000034599065794e-07,0
68,67,163,-2.650011238763471e-06,0
68,67,164,-1.248748201445799e-05,0
68,67,165,-6.48600236025942e-05,0
68,67,166,-0.0003589351335243583,0
68,67,167,-6.486869276843053e-05,0
68,67,168,-1.249160373020558e-05,0
68,67,169,-2.651664405319105e-06,0
68,67,170,-6.005873136327404e-07,0
69,68,0,-0.2946439883711853,0
69,68,1,-0.1747854160158297,0
69,68,2,0.03333356702863021,0
69,68,3,0.5379838736988083,0
69,68,4,0.1407175622230254,0
69,68,5,-0.03282109575836195,0
69,68,6,-0.7286651540722253,0
69,68,7,-0.1037695213930192,0
69,68,8,0.03559686495816117,0
69,68,9,0.8758968734961988,0
69,68,10,0.08737338738991623,0
69,68,11,-0.01630173865790674,0
69,68,12,-0.9457266419926473,0
69,68,13,0.02629771644253261,0
69,68,14,0.1090031887983888,0
69,68,15,0.7999047074186948,0
69,68,16,-0.1290064126253138,0
69,68,17,-0.05909382978060447,0
69,68,18,-0.4662295125982391,0
69,68,19,0.2193615329038972,0
69,68,20,0.01656186309113334,0
69,68,21,0.1399365679610258,0
69,68,22,-0.1112291274136079,0
69,68,23,0.1469091965021246,0
69,68,24,0.00429957369754623,0
69,68,25,0.03524466193043623,0
69,68,26,-0.08681118030020886,0
69,68,27,0.06372263445220108,0
69,68,28,0.09622607991994488,0
69,68,29,-0.2886431693681327,0
69,68,30,-0.1198268950745988,0
69,68,31,0.07571817156907659,0
69,68,32,0.5148899227581865,0
69,68,33,0.08298612963815558,0
69,68,34,-0.06877216624305039,0
69,68,35,-0.6888444136624966,0
69,68,36,-0.04738524851344286,0
69,68,37,0.06717822889584908,0
69,68,38,0.7532786752374314,0
69,68,39,-0.06433495047397904,0
69,68,40,-0.1430360970324476,0
69,68,41,-0.7556357093549684,0
69,68,42,0.1155420471396091,0
69,68,43,0.06556545075742304,0
69,68,44,0.6962870931420118,0
69,68,45,-0.1387694141494855,0
69,68,46,-0.1009926796508348,0
69,68,47,-0.5493183086688672,0
69,68,48,0.03787578844712164,0
69,68,49,-0.1019317497486812,0
69,68,50,0.3484918584801933,0
69,68,51,0.02956785803799026,0
69,68,52,0.09800737319396838,0
69,68,53,-0.1516038458963669,0
69,68,54,-0.06932632226256111,0
69,68,55,-0.2169140898798586,0
69,68,56,-0.03484058666673359,0
69,68,57,-0.001489031604367218,0
69,68,58,-0.1815069990506912,0
69,68,59,-0.05687535314390784,0
69,68,60,0.02032947217293088,0
69,68,61,0.3853468951939092,0
69,68,62,0.006869455865959434,0
69,68,63,-0.1236632697382571,0
69,68,64,-0.4771237521963098,0
69,68,65,0.09719391260531274,0
69,68,66,0.1686846420554372,0
69,68,67,0.5306359474037251,0
69,68,68,-0.1220397374663713,0
69,68,69,-0.09115477372829089,0
69,68,70,-0.5856945284089519,0
69,68,71,0.0686985150208841,0
69,68,72,0.0923703844091612,0
69,68,73,0.6921390756684438,0
69,68,74,0.04816051570041825,0
69,68,75,0.07180475299478152,0
69,68,76,-0.7452455240387407,0
69,68,77,-0.1138309006125563,0
69,68,78,-0.02525053100276193,0
69,68,79,0.6425814651980454,0
69,68,80,0.08953099662120123,0
69,68,81,0.1444163178577615,0
69,68,82,-0.3416676373355492,0
69,68,83,0.02066222480049628,0
69,68,84,-0.04770066848458971,0
69,68,85,-0.1188797347074788,0
69,68,86,0.1513751550680751,0
69,68,87,-0.0339428732478945,0
69,68,88,0.02486038247338088,0
69,68,89,0.05039924014230355,0
69,68,90,0.09103849521232424,0
69,68,91,-0.1199236421048976,0
69,68,92,-0.1113036566214602,0
69,68,93,-0.2110957337990276,0
69,68,94,0.1102824943019441,0
69,68,95,0.114613969430067,0
69,68,96,0.3578602929050805,0
69,68,97,-0.01542245994116524,0
69,68,98,-0.07771579292057015,0
69,68,99,-0.5885641024927042,0
69,68,100,-0.1129321528341738,0
69,68,101,-0.03092246726961955,0
69,68,102,0.8182486090354092,0
69,68,103,0.2038308173587766,0
69,68,104,0.02153102282616284,0
69,68,105,-0.9287132120834678,0
69,68,106,-0.1322747838699858,0
69,68,107,-0.07469801764324711,0
69,68,108,0.8135116201761792,0
69,68,109,0.01617725688998674,0
69,68,110,-0.005371083551701075,0
69,68,111,-0.4847694919545759,0
69,68,112,0.1265730773389223,0
69,68,113,-0.0774443062645019,0
69,68,114,-0.1879077037370056,0
69,68,115,0.03097376521130198,0
69,68,116,0.1377249330602192,0
69,68,117,0.1260936079185547,0
69,68,118,-0.1358245082340775,0
69,68,119,-0.0736001101031309,0
69,68,120,-0.04335836171893195,0
69,68,121,-0.04271848792114143,0
69,68,122,0.3635566533655181,0
69,68,123,0.1621497168291436,0
69,68,124,-0.6976746134529271,0
69,68,125,-0.2441350588829983,0
69,68,126,0.9625533313008745,0
69,68,127,0.1799573796372113,0
69,68,128,-1,0
69,68,129,-0.07058734421937407,0
69,68,130,0.8498472823921015,0
69,68,131,-0.09731973126283622,0
69,68,132,-0.5012906889431114,0
69,68,133,0.1692299235497625,0
69,68,134,-0.2942762543571132,0
69,68,135,3.689416624021215e-06,0
69,68,136,8.866160658572084e-06,0
69,68,137,1.729742788679418e-05,0
69,68,138,3.091451905943768e-05,0
69,68,139,5.110772161925845e-05,0
69,68,140,3.092648765391505e-05,0
69,68,141,1.730959601116847e-05,0
69,68,142,8.87471053170885e-06,0
69,68,143,3.693690579338695e-06,0
69,68,144,6.176690165817877e-06,0
69,68,145,1.510209185642083e-05,0
69,68,146,3.040576626127462e-05,0
69,68,147,5.652227463379827e-05,0
69,68,148,9.06886071647433e-05,0
69,68,149,5.654251683597007e-05,0
69,68,150,3.042546219781403e-05,0
69,68,151,1.51156561367078e-05,0
69,68,152,6.183371295718689e-06,0
69,68,153,6.441398128804083e-06,0
69,68,154,1.618107741836385e-05,0
69,68,155,3.477507735958214e-05,0
69,68,156,7.564768043311427e-05,0
69,68,157,0.0001825059026313239,0
69,68,158,7.566777789510969e-05,0
69,68,159,3.479435981018388e-05,0
69,68,160,1.619424944303271e-05,0
69,68,161,6.447823239066632e-06,0
69,68,162,4.03822389606779e-06,0
69,68,163,1.009752304936122e-05,0
69,68,164,2.111897210294629e-05,0
69,68,165,4.136786239564957e-05,0
69,68,166,7.03949780480732e-05,0
69,68,167,4.137883384985165e-05,0
69,68,168,2.113005815578288e-05,0
69,68,169,1.010522749066882e-05,0
69,68,170,4.041973559231455e-06,0
70,69,0,0.2233036623396727,0
70,69,1,-0.262369918804445,0
70,69,2,-0.6201457559987276,0
70,69,3,0.317454818401356,0
70,69,4,0.4971787653704991,0
70,69,5,0.2192462252434168,0
70,69,6,-0.7495184873709215,0
70,69,7,0.07300247529329811,0
70,69,8,0.539593642034227,0
70,69,9,0.3157383225650562,0
70,69,10,-0.6046566853894551,0
70,69,11,-0.4889755055860265,0
70,69,12,0.1474986192523075,0
70,69,13,-0.2346531890127825,0
70,69,14,-0.8200907941011136,0
70,69,15,-0.006123273801060179,0
70,69,16,-0.1537892414117014,0
70,69,17,-0.3876477175155186,0
70,69,18,0.4623806462867134,0
70,69,19,0.47838847395547,0
70,69,20,0.3209440127923756,0
70,69,21,-0.7610559723545841,0
70,69,22,0.1907570991371948,0
70,69,23,0.6013587961465061,0
70,69,24,0.2098693410493413,0
70,69,25,-0.4176639351926902,0
70,69,26,-0.1295871645693362,0
70,69,27,-0.3680020673315202,0
70,69,28,-0.7991620790977749,0
70,69,29,-0.5671382908559964,0
70,69,30,-0.4402462389923626,0
70,69,31,0.5137616316497591,0
70,69,32,0.0110309905871501,0
70,69,33,-0.2139796642941216,0
70,69,34,0.007368865635069949,0
70,69,35,0.1764440843724064,0
70,69,36,0.5385819170389936,0
70,69,37,0.09338746414511562,0
70,69,38,0.4667588063065559,0
70,69,39,0.2181556110670551,0
70,69,40,0.1842119945866709,0
70,69,41,-0.2380542377356578,0
70,69,42,0.1478422964447066,0
70,69,43,0.82514212135872,0
70,69,44,-0.6616900347322238,0
70,69,45,-0.4685834289342994,0
70,69,46,0.5256408133924823,0
70,69,47,0.2285964689573985,0
70,69,48,-0.1612890652827498,0
70,69,49,-0.1529661025175019,0
70,69,50,-0.1046850898805744,0
70,69,51,0.3429485975025857,0
70,69,52,-0.1710416872767249,0
70,69,53,0.6829845603627378,0
70,69,54,0.3015225731786826,0
70,69,55,0.04555085729192875,0
70,69,56,0.3442313262543462,0
70,69,57,0.6807470918479284,0
70,69,58,-0.09856717521782886,0
70,69,59,0.4379130650956167,0
70,69,60,0.2495333924980307,0
70,69,61,-0.060421234460881,0
70,69,62,-0.429810901693689,0
70,69,63,-0.502712760067889,0
70,69,64,0.2472562096701586,0
70,69,65,-0.254511170141083,0
70,69,66,-0.6652840688167417,0
70,69,67,-0.1962804082217074,0
70,69,68,-0.201529080324509,0
70,69,69,-0.5407081217547144,0
70,69,70,0.03963731563534187,0
70,69,71,0.538531638792532,0
70,69,72,0.1488408830759789,0
70,69,73,-0.0721952162490051,0
70,69,74,0.3019142595858323,0
70,69,75,-0.01260140961101483,0
70,69,76,0.2792700461752161,0
70,69,77,-0.2684056015457168,0
70,69,78,-0.484291541287191,0
70,69,79,-0.1720681046262661,0
70,69,80,-0.3370529147469527,0
70,69,81,-0.4775429688715378,0
70,69,82,0.04797500276164104,0
70,69,83,-0.345196861755662,0
70,69,84,-0.4792562172357692,0
70,69,85,0.5381559692979551,0
70,69,86,0.1383694800376343,0
70,69,87,0.6548966353256722,0
70,69,88,0.2837665163017092,0
70,69,89,-0.4678700307125085,0
70,69,90,-0.05080334150865088,0
70,69,91,0.1796234122101112,0
70,69,92,0.1764593070317985,0
70,69,93,0.1749630873216917,0
70,69,94,0.2447180185315435,0
70,69,95,0.9138204890940538,0
70,69,96,-0.7932919284471166,0
70,69,97,-0.4627415858359421,0
70,69,98,0.4498999403097522,0
70,69,99,0.2844951522216439,0
70,69,100,-0.4146466817663496,0
70,69,101,-0.2786210576808626,0
70,69,102,0.3836154934338219,0
70,69,103,0.1180881781271016,0
70,69,104,-0.458515049739164,0
70,69,105,0.1566000057440452,0
70,69,106,0.2109216869840192,0
70,69,107,0.2908297176594303,0
70,69,108,-0.1442333509096164,0
70,69,109,0.3323087820057604,0
70,69,110,1,0
70,69,111,-0.5045055106688814,0
70,69,112,-0.4721204556505837,0
70,69,113,0.3578422534218714,0
70,69,114,-0.4497891278098641,0
70,69,115,-0.3657810724247336,0
70,69,116,0.1753886914261847,0
70,69,117,-0.193405500419391,0
70,69,118,-0.7914006248445338,0
70,69,119,-0.2859325555948324,0
70,69,120,0.5478222396338281,0
70,69,121,0.4424186776293276,0
70,69,122,-0.1998196202028367,0
70,69,123,0.5232238653598846,0
70,69,124,0.38536092466175,0
70,69,125,-0.06270274442735695,0
70,69,126,-0.2290138199613503,0
70,69,127,-0.1910517326715617,0
70,69,128,-0.5625919129781959,0
70,69,129,-0.303791954848071,0
70,69,130,0.4112518614569038,0
70,69,131,0.5285825337877706,0
70,69,132,0.1064415776543438,0
70,69,133,0.5389660919958288,0
70,69,134,-0.1620596604113595,0
70,69,135,5.296505301995147e-06,0
70,69,136,1.111135596307304e-05,0
70,69,137,1.072694952722224e-05,0
70,69,138,-4.742334703387176e-05,0
70,69,139,-0.0004686306699266116,0
70,69,140,-4.740099543714368e-05,0
70,69,141,1.074848255974459e-05,0
70,69,142,1.112576388544027e-05,0
70,69,143,5.303496043070661e-06,0
70,69,144,1.017726450122246e-05,0
70,69,145,2.725323691391454e-05,0
70,69,146,6.825940657899798e-05,0
70,69,147,0.0001992391928496398,0
70,69,148,0.0007325158915569405,0
70,69,149,0.0001992834003801523,0
70,69,150,6.829493936720137e-05,0
70,69,151,2.727558667057348e-05,0
70,69,152,1.018785787215102e-05,0
70,69,153,9.476580685444875e-06,0
70,69,154,2.402883298667914e-05,0
70,69,155,5.295579418798498e-05,0
70,69,156,0.000120162769559372,0
70,69,157,0.0002933733181457505,0
70,69,158,0.0001201834613860476,0
70,69,159,5.298005756784322e-05,0
70,69,160,2.404679115729312e-05,0
70,69,161,9.485628351886491e-06,0
70,69,162,4.669975821256192e-06,0
70,69,163,9.174224726075611e-06,0
70,69,164,6.671970515087389e-06,0
70,69,165,-4.472865539388231e-05,0
70,69,166,-0.0003549475476084876,0
70,69,167,-4.472597579914276e-05,0
70,69,168,6.681391295850956e-06,0
70,69,169,9.182964307217481e-06,0
70,69,170,4.674697011586357e-06,0
71,70,0,0.4778802112507531,0
71,70,1,0.03029982048232952,0
71,70,2,-0.4275475100907201,0
71,70,3,-0.4663865478942224,0
71,70,4,0.03970034317618747,0
71,70,5,0.04904793128999273,0
71,70,6,0.3733500943722918,0
71,70,7,-0.06271973828358536,0
71,70,8,-0.003876618573060438,0
71,70,9,-0.3564080092492685,0
71,70,10,-0.1019120518698284,0
71,70,11,-0.1732308378227422,0
71,70,12,0.2234309914668735,0
71,70,13,-0.3799669183677363,0
71,70,14,-0.4509108031072311,0
71,70,15,0.3731433413519325,0
71,70,16,0.3132650803874076,0
71,70,17,-0.08172712038227996,0
71,70,18,-0.7749355287983057,0
71,70,19,-0.2116677916849302,0
71,70,20,0.05277716798673356,0
71,70,21,0.9376742757642978,0
71,70,22,0.08469884338006374,0
71,70,23,-0.0234137139199706,0
71,70,24,-0.7540588031853334,0
71,70,25,0.2251397325629385,0
71,70,26,0.1832390831537803,0
71,70,27,-0.6679973104542889,0
71,70,28,-0.3379522777638858,0
71,70,29,0.03399016153760388,0
71,70,30,-0.08110912115170618,0
71,70,31,0.2699342879062878,0
71,70,32,-0.4149784693278682,0
71,70,33,0.03461266671581305,0
71,70,34,0.3813052944590924,0
71,70,35,0.4343742099583376,0
71,70,36,0.02895259507307585,0
71,70,37,0.02857010247011317,0
71,70,38,-0.04898821076479706,0
71,70,39,0.3995160239244309,0
71,70,40,0.4008739496792876,0
71,70,41,-0.2511624358162522,0
71,70,42,-0.3371126183815623,0
71,70,43,0.2352417079719167,0
71,70,44,0.328562024517432,0
71,70,45,0.2167099738069124,0
71,70,46,0.3580729724701731,0
71,70,47,-0.7036706230578216,0
71,70,48,-0.1015267937352942,0
71,70,49,0.1526032221789734,0
71,70,50,0.6515073524730548,0
71,70,51,-0.2145546050591089,0
71,70,52,-0.272102900970024,0
71,70,53,-0.1914414776057506,0
71,70,54,0.5752027874859469,0
71,70,55,0.2940592268506993,0
71,70,56,-0.1862740733324612,0
71,70,57,0.2252328469789584,0
71,70,58,-0.1043359073175408,0
71,70,59,0.02795745555457063,0
71,70,60,-0.1239226721890462,0
71,70,61,0.009060666560709816,0
71,70,62,0.08577562173801012,0
71,70,63,-0.1560719667816542,0
71,70,64,0.02189315697738575,0
71,70,65,-0.4268187913004831,0
71,70,66,-0.7111736063365952,0
71,70,67,0.2148449994738871,0
71,70,68,0.3471736825220304,0
71,70,69,-0.1064029028551203,0
71,70,70,-0.453719832161386,0
71,70,71,-0.129038993015468,0
71,70,72,-0.1981250644783852,0
71,70,73,0.5133691912264293,0
71,70,74,0.1503355281047625,0
71,70,75,-0.1756276704406871,0
71,70,76,-0.2310626828835054,0
71,70,77,0.244846305429984,0
71,70,78,-0.03464443640139552,0
71,70,79,0.05913331410943581,0
71,70,80,-0.5103773952212881,0
71,70,81,-0.3838057333626803,0
71,70,82,-0.02882232696204333,0
71,70,83,0.1350492866022643,0
71,70,84,-0.1054097649835014,0
71,70,85,0.06285814256952249,0
71,70,86,-0.09513462666485166,0
71,70,87,-0.1543953423015039,0
71,70,88,-0.21139042082339,0
71,70,89,-0.04579137011574918,0
71,70,90,0.6194233634077904,0
71,70,91,0.4113355636016032,0
71,70,92,0.3229598421587238,0
71,70,93,-0.6433770531560747,0
71,70,94,-0.367059807277032,0
71,70,95,0.1744423371323967,0
71,70,96,0.4041383851525275,0
71,70,97,0.06779139519477588,0
71,70,98,0.4466904931824077,0
71,70,99,-0.4481126508402563,0
71,70,100,-0.1523685182432756,0
71,70,101,0.007937839108435252,0
71,70,102,0.330991880456228,0
71,70,103,-0.3218274962178084,0
71,70,104,-0.2275693878684006,0
71,70,105,0.1618380138592338,0
71,70,106,0.4201141901327249,0
71,70,107,0.2296777384983291,0
71,70,108,-0.2787916858095623,0
71,70,109,-0.1134709692809441,0
71,70,110,0.3158233126137299,0
71,70,111,0.01083326060467048,0
71,70,112,-0.0965978663187899,0
71,70,113,0.2131475213802661,0
71,70,114,-0.1200384129545034,0
71,70,115,-0.109522314661971,0
71,70,116,-0.6157871619804715,0
71,70,117,-0.4298761374789949,0
71,70,118,0.8410097391206837,0
71,70,119,0.357746274274622,0
71,70,120,-1,0
71,70,121,0.01086765434036324,0
71,70,122,0.7503010069318298,0
71,70,123,0.1300935978898661,0
71,70,124,-0.1958347924053792,0
71,70,125,0.3643814507435019,0
71,70,126,-0.1776966954837708,0
71,70,127,-0.3698248750897838,0
71,70,128,0.1368407740568095,0
71,70,129,0.1164964232339528,0
71,70,130,-0.2352663983527305,0
71,70,131,0.1351217361785577,0
71,70,132,0.2724632921158749,0
71,70,133,0.1543381991625532,0
71,70,134,0.0980698960596552,0
71,70,135,-7.535087227855516e-06,0
71,70,136,-1.868640243882063e-05,0
71,70,137,-4.045939097611531e-05,0
71,70,138,-9.699606845083235e-05,0
71,70,139,-0.000306318340970595,0
71,70,140,-9.701968809734691e-05,0
71,70,141,-4.04839442147818e-05,0
71,70,142,-1.870395705445239e-05,0
71,70,143,-7.543948999494025e-06,0
71,70,144,-1.214643556055608e-05,0
71,70,145,-2.87817127673568e-05,0
71,70,146,-5.278502505387882e-05,0
71,70,147,-7.028495419741149e-05,0
71,70,148,4.596926295429355e-05,0
71,70,149,-7.032276696125213e-05,0
71,70,150,-5.282465864394236e-05,0
71,70,151,-2.880981393905032e-05,0
71,70,152,-1.216043484443654e-05,0
71,70,153,-1.312982847490898e-05,0
71,70,154,-3.292785023001536e-05,0
71,70,155,-7.041435924854826e-05,0
71,70,156,-0.0001519707225494803,0
71,70,157,-0.0003684301301050057,0
71,70,158,-0.0001520172563141325,0
71,70,159,-7.045726040712493e-05,0
71,70,160,-3.295660602526726e-05,0
71,70,161,-1.314374014525341e-05,0
71,70,162,-8.719995632083381e-06,0
71,70,163,-2.276679628927766e-05,0
71,70,164,-5.239176169147585e-05,0
71,70,165,-0.0001244837615983374,0
71,70,166,-0.0003164100888880136,0
71,70,167,-0.0001245124111146062,0
71,70,168,-5.241815109425623e-05,0
71,70,169,-2.278429380366758e-05,0
71,70,170,-8.728330884333953e-06,0
72,72,0,0.07383130106892116,0
72,72,1,0.3398668311655749,0
72,72,2,0.4517721473283801,0
72,72,3,-0.1735575356826101,0
72,72,4,0.3945564378038711,0
72,72,5,0.708032372830063,0
72,72,6,-0.1074139489510904,0
72,72,7,0.1990034735145989,0
72,72,8,0.5854401923236844,0
72,72,9,-0.09091609016639657,0
72,72,10,0.004881654235914172,0
72,72,11,0.2038394120543541,0
72,72,12,0.07872534128706028,0
72,72,13,-0.003955713359501318,0
72,72,14,0.006154735351891548,0
72,72,15,0.03962191796397673,0
72,72,16,0.1610975519411837,0
72,72,17,0.146993350277215,0
72,72,18,-0.1368979117842159,0
72,72,19,0.08993686133332601,0
72,72,20,0.2425807824138857,0
72,72,21,0.09115029913169741,0
72,72,22,0.1000357117211914,0
72,72,23,0.208456478927219,0
72,72,24,-0.17944674378586,0
72,72,25,-0.002052175079957482,0
72,72,26,0.08341929289419697,0
72,72,27,-0.2351526461864251,0
72,72,28,-0.208000039107937,0
72,72,29,-0.06378074973035099,0
72,72,30,-0.305657157611305,0
72,72,31,-0.8606834437403336,0
72,72,32,0.01411718304020667,0
72,72,33,-0.1491109285885865,0
72,72,34,-0.8891710529678926,0
72,72,35,0.2770688131377838,0
72,72,36,0.03538705069865108,0
72,72,37,-0.8191071660323844,0
72,72,38,0.1200973253119504,0
72,72,39,0.05298615930157749,0
72,72,40,-0.5154055123283032,0
72,72,41,-0.04183184608069841,0
72,72,42,-0.1292549821944905,0
72,72,43,-0.2845962798511346,0
72,72,44,-0.006336043211785517,0
72,72,45,-0.04253012198232892,0
72,72,46,-0.1697522542317829,0
72,72,47,-0.0911260054592096,0
72,72,48,-0.06353921251211361,0
72,72,49,-0.250715001592493,0
72,72,50,0.1860409789373983,0
72,72,51,0.0154219957791982,0
72,72,52,-0.276544337552309,0
72,72,53,0.09205950244527561,0
72,72,54,0.2106861028062789,0
72,72,55,-0.01237368944206119,0
72,72,56,-0.009517026319445412,0
72,72,57,0.1019682392306211,0
72,72,58,-0.06894912428252077,0
72,72,59,0.04602246267733449,0
72,72,60,1,0
72,72,61,-0.03934868136798322,0
72,72,62,-0.1516869187537856,0
72,72,63,0.762109655229262,0
72,72,64,-0.004427094231917229,0
72,72,65,-0.2056612699202402,0
72,72,66,0.5448551253778897,0
72,72,67,-0.08187292996620481,0
72,72,68,0.03253275824099926,0
72,72,69,0.6514507276524054,0
72,72,70,-0.1880001514274984,0
72,72,71,-0.005525373055338421,0
72,72,72,0.5460509120170325,0
72,72,73,0.07119422763145843,0
72,72,74,0.01929793268678391,0
72,72,75,0.3179770668859728,0
72,72,76,-0.03289183598660753,0
72,72,77,-0.05524317984799179,0
72,72,78,0.1230400203764001,0
72,72,79,-0.05033711003559834,0
72,72,80,-0.2442121735154147,0
72,72,81,-0.04078413857557307,0
72,72,82,0.0007262256926476808,0
72,72,83,-0.02912105013949695,0
72,72,84,0.01355144433277258,0
72,72,85,0.1335503740437434,0
72,72,86,0.1156263808657056,0
72,72,87,0.08768511254826836,0
72,72,88,0.2633313778853008,0
72,72,89,-0.6801449201138766,0
72,72,90,0.1082124967945041,0
72,72,91,0.3593152975519847,0
72,72,92,-0.4011679887055352,0
72,72,93,-0.1694616466268827,0
72,72,94,0.1123764654648452,0
72,72,95,-0.3108231466367669,0
72,72,96,0.007993379835432766,0
72,72,97,0.1150953573000049,0
72,72,98,-0.3146025408483165,0
72,72,99,0.02146540813974572,0
72,72,100,0.06890950263293827,0
72,72,101,-0.4727308296600472,0
72,72,102,0.2060875856199359,0
72,72,103,0.09630990741131068,0
72,72,104,-0.3876940946913171,0
72,72,105,0.09499506982296495,0
72,72,106,0.2590839332338452,0
72,72,107,0.004008426154635342,0
72,72,108,-0.1286012012274718,0
72,72,109,0.07075861970379843,0
72,72,110,0.189423612471754,0
72,72,111,-0.08121291296147862,0
72,72,112,-0.09717686157395729,0
72,72,113,0.03383709354395732,0
72,72,114,-0.09585986903821359,0
72,72,115,-0.192480544657592,0
72,72,116,-0.07244847392068562,0
72,72,117,-0.4868538861441929,0
72,72,118,0.136516665492194,0
72,72,119,-0.2187119172314258,0
72,72,120,-0.1140706203130124,0
72,72,121,-0.186923031423232,0
72,72,122,0.2137891499839684,0
72,72,123,-0.1399541921002663,0
72,72,124,-0.001586352575911048,0
72,72,125,-0.1707684154415017,0
72,72,126,-0.1196467644814933,0
72,72,127,-0.3121640231142708,0
72,72,128,-0.04555161635140755,0
72,72,129,-0.09732689615695135,0
72,72,130,0.01036505010616589,0
72,72,131,0.09461884054223564,0
72,72,132,0.1188799769447921,0
72,72,133,0.0983843168581672,0
72,72,134,-0.0462833908399806,0
72,72,135,-9.535007085969977e-07,0
72,72,136,-2.206348981358183e-06,0
72,72,137,-3.901750674868853e-06,0
72,72,138,-3.824650536455442e-06,0
72,72,139,2.393047279815289e-05,0
72,72,140,-3.829042995061635e-06,0
72,72,141,-3.905571699602513e-06,0
72,72,142,-2.209009368164332e-06,0
72,72,143,-9.548525172644392e-07,0
72,72,144,-1.665246310017302e-06,0
72,72,145,-4.05587748760042e-06,0
72,72,146,-9.242837259884642e-06,0
72,72,147,-3.007866128504375e-05,0
72,72,148,-0.0001605869144974211,0
72,72,149,-3.008217827533452e-05,0
72,72,150,-9.24823020481023e-06,0
72,72,151,-4.060162448665008e-06,0
72,72,152,-1.667466803252065e-06,0
72,72,153,-1.790502768442131e-06,0
72,72,154,-3.64268720511495e-06,0
72,72,155,-1.911761545770688e-06,0
72,72,156,3.250013099351985e-05,0
72,72,157,0.0002900053051185172,0
72,72,158,3.249183934206385e-05,0
72,72,159,-1.919850434212595e-06,0
72,72,160,-3.64803083691962e-06,0
72,72,161,-1.793038378558735e-06,0
72,72,162,-1.867059632067686e-06,0
72,72,163,-6.134885346738555e-06,0
72,72,164,-2.105765448002747e-05,0
72,72,165,-8.562892698497348e-05,0
72,72,166,-0.0004018119828557529,0
72,72,167,-8.564274921814666e-05,0
72,72,168,-2.106612907621299e-05,0
72,72,169,-6.139237720459587e-06,0
72,72,170,-1.868881332681662e-06,0
73,71,0,0.8294907146365607,0
73,71,1,0.2622487937030583,0
73,71,2,-0.4104361289725716,0
73,71,3,-0.8517124805515197,0
73,71,4,0.2921538362962365,0
73,71,5,0.4783212828799709,0
73,71,6,0.148632568897597,0
73,71,7,-0.5916131516095978,0
73,71,8,-0.2285557459807598,0
73,71,9,0.6963997127552938,0
73,71,10,0.4199797850367365,0
73,71,11,-0.1783135553923979,0
73,71,12,-0.8320843521036136,0
73,71,13,0.3712687589624039,0
73,71,14,0.7178711195389195,0
73,71,15,-0.124334926086531,0
73,71,16,-0.7223223827322419,0
73,71,17,-0.2528797079536463,0
73,71,18,0.7222283030054469,0
73,71,19,-0.1708283515896378,0
73,71,20,-0.868574951355258,0
73,71,21,-0.03621781858571085,0
73,71,22,0.5805150895159091,0
73,71,23,0.2857005562301854,0
73,71,24,-0.4790332788570532,0
73,71,25,0.116905299663013,0
73,71,26,0.6988603832238378,0
73,71,27,-0.4161632147498063,0
73,71,28,-0.2172491137610108,0
73,71,29,-0.05945333131013632,0
73,71,30,-0.4207162957141211,0
73,71,31,-0.1878336724928792,0
73,71,32,-0.0866094694020003,0
73,71,33,0.5766964915845569,0
73,71,34,0.5667212844103899,0
73,71,35,0.08152762540024837,0
73,71,36,-0.2448084541082345,0
73,71,37,-0.1486810364793275,0
73,71,38,-0.1770651609890626,0
73,71,39,-0.490388175503514,0
73,71,40,-0.4927285916917165,0
73,71,41,0.1123219203610776,0
73,71,42,0.6249150408617511,0
73,71,43,0.3238422307819525,0
73,71,44,0.4212071708212939,0
73,71,45,0.2258785802662581,0
73,71,46,0.09954893979660374,0
73,71,47,-0.3475235827988659,0
73,71,48,-0.5909073240140146,0
73,71,49,-0.1807272665182653,0
73,71,50,-0.402945474771612,0
73,71,51,-0.1687937310053352,0
73,71,52,0.1717956945876235,0
73,71,53,0.415852757194774,0
73,71,54,0.4946532144407667,0
73,71,55,0.1054684625712744,0
73,71,56,-0.1306477589310708,0
73,71,57,-0.4067415093687899,0
73,71,58,-0.8621883534257001,0
73,71,59,-0.4997189186074448,0
73,71,60,0.2597129693601817,0
73,71,61,0.5759281855227414,0
73,71,62,0.0833805106828427,0
73,71,63,-0.1536375843646942,0
73,71,64,0.4563754720010473,0
73,71,65,0.5851879644829646,0
73,71,66,0.04167066487009342,0
73,71,67,-0.9613942262721035,0
73,71,68,-0.5192953826724696,0
73,71,69,0.1796495019925793,0
73,71,70,0.3508126333202757,0
73,71,71,-0.3649796584093,0
73,71,72,-0.294823078024546,0
73,71,73,0.6745825094120815,0
73,71,74,0.5829339453678926,0
73,71,75,-0.1477498757183457,0
73,71,76,-0.6924214630380002,0
73,71,77,0.2613385217533792,0
73,71,78,0.6286719205638308,0
73,71,79,-0.3803298454522153,0
73,71,80,-0.4921115139491158,0
73,71,81,0.06790772063261731,0
73,71,82,0.9073477557842662,0
73,71,83,0.03932919498775696,0
73,71,84,-0.5578594429756819,0
73,71,85,0.4037133414392646,0
73,71,86,0.1830257713309199,0
73,71,87,-0.4474628636099234,0
73,71,88,0.1073680279097691,0
73,71,89,0.3502803839349936,0
73,71,90,0.3381041873510676,0
73,71,91,-0.6523916497245498,0
73,71,92,-0.7572137633306935,0
73,71,93,0.3472649056240643,0
73,71,94,0.36209300617369,0
73,71,95,-0.1540569199584281,0
73,71,96,-0.5265072475334478,0
73,71,97,0.4905216813145077,0
73,71,98,0.7624637824015691,0
73,71,99,0.1868455223263769,0
73,71,100,-0.4936649965623403,0
73,71,101,-0.1442789538166285,0
73,71,102,-0.02703300278522232,0
73,71,103,-0.3071506805130879,0
73,71,104,-0.5150878422773979,0
73,71,105,-0.1288865196865577,0
73,71,106,0.4923332088121756,0
73,71,107,0.3380466821385377,0
73,71,108,0.1972512295379488,0
73,71,109,0.02647600828971739,0
73,71,110,-0.09112226125253235,0
73,71,111,0.1247905176975876,0
73,71,112,-0.4805027380822534,0
73,71,113,-0.551872905690427,0
73,71,114,0.5546460333912476,0
73,71,115,0.6106998773552553,0
73,71,116,0.648341893834299,0
73,71,117,0.6346898564206438,0
73,71,118,-0.2385846973596581,0
73,71,119,-0.2255157538618164,0
73,71,120,-0.5061624667004093,0
73,71,121,-0.5701980634692146,0
73,71,122,0.3267990280171285,0
73,71,123,0.3742754179560923,0
73,71,124,0.5106832966005024,0
73,71,125,0.4364137106374512,0
73,71,126,-0.8478404787601479,0
73,71,127,-0.5153644607548398,0
73,71,128,0.2617557855576082,0
73,71,129,-0.1445588372860508,0
73,71,130,0.7222420816085106,0
73,71,131,0.529232741920834,0
73,71,132,-1,0
73,71,133,-0.4992340990523805,0
73,71,134,-0.2245120692723441,0
73,71,135,2.451650484337705e-06,0
73,71,136,1.054295126033791e-05,0
73,71,137,3.968151950390032e-05,0
73,71,138,0.000139545424202069,0
73,71,139,0.0004647318956931169,0
73,71,140,0.0001395635877000028,0
73,71,141,3.968819398846725e-05,0
73,71,142,1.054356146592373e-05,0
73,71,143,2.451008795963248e-06,0
73,71,144,3.367675377543867e-07,0
73,71,145,4.044643717592587e-06,0
73,71,146,2.210260231239969e-05,0
73,71,147,9.667746336398318e-05,0
73,71,148,0.000393890916981138,0
73,71,149,9.667058587968709e-05,0
73,71,150,2.209317288102851e-05,0
73,71,151,4.03724337300521e-06,0
73,71,152,3.329042739819821e-07,0
73,71,153,-4.509251395977546e-06,0
73,71,154,-1.407699677855917e-05,0
73,71,155,-4.124881782990393e-05,0
73,71,156,-0.0001264936685990737,0
73,71,157,-0.0004107605465834279,0
73,71,158,-0.0001265330980551319,0
73,71,159,-4.127674991213041e-05,0
73,71,160,-1.409221925553047e-05,0
73,71,161,-4.51575768188457e-06,0
73,71,162,-5.261309988056626e-06,0
73,71,163,-1.795009547829086e-05,0
73,71,164,-5.759357193122019e-05,0
73,71,165,-0.0001885589966920027,0
73,71,166,-0.0006290681501968496,0
73,71,167,-0.0001885904946243111,0
73,71,168,-5.761574743896284e-05,0
73,71,169,-1.796182216601477e-05,0
73,71,170,-5.266133198232421e-06,0
74,73,0,-0.5882688530856232,0
74,73,1,-0.3030905867879682,0
74,73,2,0.07642168195793861,0
74,73,3,0.9235580985871035,0
74,73,4,0.1924097615405643,0
74,73,5,-0.01101322440497455,0
74,73,6,-1,0
74,73,7,-0.05975680454152759,0
74,73,8,-0.02362419611894084,0
74,73,9,0.7676212873502813,0
74,73,10,-0.1815237321536357,0
74,73,11,-0.07160896262367196,0
74,73,12,-0.2223870023184873,0
74,73,13,0.3402073732416301,0
74,73,14,0.02824060285126801,0
74,73,15,-0.39643410238938,0
74,73,16,-0.2887294711558847,0
74,73,17,0.1004098998296239,0
74,73,18,0.6564287453602623,0
74,73,19,0.08954471492810079,0
74,73,20,-0.09719292602514504,0
74,73,21,-0.5070909790037412,0
74,73,22,0.08441614174138165,0
74,73,23,0.001603226961250951,0
74,73,24,0.1981264000243887,0
74,73,25,-0.1106547587994614,0
74,73,26,0.1082978579130588,0
74,73,27,0.03847501217692057,0
74,73,28,-0.1260263888375776,0
74,73,29,-0.5959433382785864,0
74,73,30,-0.2594572632763051,0
74,73,31,0.07964925592841324,0
74,73,32,0.9611840805286694,0
74,73,33,0.1721505617239328,0
74,73,34,-0.06289330149029861,0
74,73,35,-0.9219568142439474,0
74,73,36,0.05339557046618616,0
74,73,37,0.07343627686371078,0
74,73,38,0.5977952634784419,0
74,73,39,-0.2397293256926668,0
74,73,40,-0.006328294389914581,0
74,73,41,-0.1977634304908089,0
74,73,42,0.2330670773180284,0
74,73,43,-0.03531706815773935,0
74,73,44,-0.2715423179642071,0
74,73,45,-0.1427940612411342,0
74,73,46,0.1074035756315016,0
74,73,47,0.585042326359748,0
74,73,48,0.04849790284458132,0
74,73,49,-0.1240018311640128,0
74,73,50,-0.5973155415274067,0
74,73,51,-0.02710239040343051,0
74,73,52,-0.0369232008919279,0
74,73,53,0.3792658245348565,0
74,73,54,0.03536231931090346,0
74,73,55,0.1657611038012526,0
74,73,56,0.09646342032027637,0
74,73,57,-0.07549253753964676,0
74,73,58,-0.5222261704933062,0
74,73,59,-0.2291874410076618,0
74,73,60,0.05409495505307371,0
74,73,61,0.8456562179830002,0
74,73,62,0.05313630829202547,0
74,73,63,-0.1667116945246512,0
74,73,64,-0.8166172411996874,0
74,73,65,0.1144359692166457,0
74,73,66,0.08716772817129591,0
74,73,67,0.5642683565026987,0
74,73,68,-0.1153112271705711,0
74,73,69,0.06325253772336668,0
74,73,70,-0.2663161316927175,0
74,73,71,0.08333139079589788,0
74,73,72,-0.1199874792570719,0
74,73,73,-0.1092472041689524,0
74,73,74,-0.1052399578956122,0
74,73,75,0.07439685500099145,0
74,73,76,0.544807852365231,0
74,73,77,0.1593329752978464,0
74,73,78,-0.0230955684441056,0
74,73,79,-0.7908412021604633,0
74,73,80,-0.1867486714303225,0
74,73,81,-0.04877987772635435,0
74,73,82,0.568170772386062,0
74,73,83,0.00930318438025448,0
74,73,84,0.06738703108271879,0
74,73,85,0.2345471127658632,0
74,73,86,-0.06953485142823894,0
74,73,87,-0.3586776030860824,0
74,73,88,-0.1066344047507918,0
74,73,89,0.1216830054569041,0
74,73,90,0.6237437583434569,0
74,73,91,-0.009488198568105895,0
74,73,92,-0.1091279011971564,0
74,73,93,-0.7780458276661774,0
74,73,94,-0.01802371283361842,0
74,73,95,0.03442932842897261,0
74,73,96,0.7046929403315212,0
74,73,97,0.0263025367624092,0
74,73,98,0.05202799218463235,0
74,73,99,-0.3967114861991258,0
74,73,100,0.04135560081293864,0
74,73,101,-0.1145562302465246,0
74,73,102,-0.09315112767645929,0
74,73,103,-0.206489104981098,0
74,73,104,0.04322198943862857,0
74,73,105,0.6275091386803056,0
74,73,106,0.3283247079446601,0
74,73,107,0.07438179165779897,0
74,73,108,-0.9101837734125026,0
74,73,109,-0.1853986817051353,0
74,73,110,0.001197600905067919,0
74,73,111,0.6483581497492452,0
74,73,112,-0.1165529190143086,0
74,73,113,-0.01533309078291596,0
74,73,114,0.2804575051734186,0
74,73,115,-0.07363806991723246,0
74,73,116,-0.188826383091026,0
74,73,117,-0.03850364971764948,0
74,73,118,0.5172007764472774,0
74,73,119,0.1289666903756554,0
74,73,120,-0.8068932561563927,0
74,73,121,-0.1511941984055336,0
74,73,122,0.8368895331062421,0
74,73,123,0.04926252226441651,0
74,73,124,-0.4756074391040652,0
74,73,125,0.145082279996897,0
74,73,126,-0.2168492412479842,0
74,73,127,-0.3628768516905163,0
74,73,128,0.7640820528771609,0
74,73,129,0.3486723728861582,0
74,73,130,-0.8992855462914602,0
74,73,131,-0.07495067806403502,0
74,73,132,0.6293695069380073,0
74,73,133,-0.1597679788683002,0
74,73,134,0.309745504252247,0
74,73,135,1.824447804077664e-06,0
74,73,136,5.465966751035587e-06,0
74,73,137,1.526509670789935e-05,0
74,73,138,4.477043430281199e-05,0
74,73,139,0.0001392511950643376,0
74,73,140,4.477966000572822e-05,0
74,73,141,1.527164269335487e-05,0
74,73,142,5.4696034395211e-06,0
74,73,143,1.826044677261799e-06,0
74,73,144,2.178514851312856e-06,0
74,73,145,5.948420192806474e-06,0
74,73,146,1.45795652677657e-05,0
74,73,147,3.694373646218417e-05,0
74,73,148,9.894575837702128e-05,0
74,73,149,3.694983801770708e-05,0
74,73,150,1.458519531650755e-05,0
74,73,151,5.952178705367599e-06,0
74,73,152,2.18033278778047e-06,0
74,73,153,1.245005208823706e-06,0
74,73,154,2.497102787969336e-06,0
74,73,155,2.779180480903778e-06,0
74,73,156,-2.968545190223772e-06,0
74,73,157,-3.480773806649585e-05,0
74,73,158,-2.969327231349479e-06,0
74,73,159,2.780652901348981e-06,0
74,73,160,2.498983759366554e-06,0
74,73,161,1.246132324121743e-06,0
74,73,162,3.06475074524561e-07,0
74,73,163,-1.671524302148098e-07,0
74,73,164,-4.136424330099827e-06,0
74,73,165,-2.175319474825988e-05,0
74,73,166,-8.943301190536029e-05,0
74,73,167,-2.175547378410126e-05,0
74,73,168,-4.136787885540589e-06,0
74,73,169,-1.666364157921398e-07,0
74,73,170,3.069148109971788e-07,0
75,74,0,-0.1602657055193979,0
75,74,1,0.2495930181381713,0
75,74,2,0.5795513438033725,0
75,74,3,-0.3884114239850491,0
75,74,4,-0.3653042762977349,0
75,74,5,-0.08202341405473698,0
75,74,6,0.2850732250381396,0
75,74,7,-0.5578652294517662,0
75,74,8,-0.8436927670846274,0
75,74,9,0.3520343452957009,0
75,74,10,0.002902918240870689,0
75,74,11,-0.6174763961553335,0
75,74,12,-0.05697554260773378,0
75,74,13,0.3076123958530863,0
75,74,14,0.2364331960352298,0
75,74,15,0.04006077053686512,0
75,74,16,0.4046776637519952,0
75,74,17,0.7391788085810069,0
75,74,18,-0.1662114059850074,0
75,74,19,0.3667393225778147,0
75,74,20,0.7766512256967625,0
75,74,21,-0.3033418700602153,0
75,74,22,-0.03760650590432468,0
75,74,23,0.3890328271172194,0
75,74,24,-0.02922472724811501,0
75,74,25,-0.3518582170401498,0
75,74,26,-0.3043507061389041,0
75,74,27,-0.5011440455194917,0
75,74,28,-0.8651393373324615,0
75,74,29,0.4175093525423713,0
75,74,30,0.3806354766811054,0
75,74,31,-0.343235963826991,0
75,74,32,0.2705816705887251,0
75,74,33,0.4413279570959465,0
75,74,34,0.1564283776294709,0
75,74,35,0.03624124132782706,0
75,74,36,-0.1100921135634915,0
75,74,37,0.3569306752517564,0
75,74,38,-0.3864052410134398,0
75,74,39,-0.3381869447082028,0
75,74,40,0.386556874060742,0
75,74,41,-0.4315858490170928,0
75,74,42,-0.2879828888759113,0
75,74,43,0.07289684180072278,0
75,74,44,0.03345295446833695,0
75,74,45,-0.07479309139288261,0
75,74,46,-0.4903939917949415,0
75,74,47,0.1972478930989467,0
75,74,48,0.2325787666261829,0
75,74,49,-0.5869957693456201,0
75,74,50,0.278671069754335,0
75,74,51,0.3320653101875268,0
75,74,52,-0.2594043790167729,0
75,74,53,0.42180067754646,0
75,74,54,0.3169053685045876,0
75,74,55,0.1890246995266404,0
75,74,56,0.0551169720994742,0
75,74,57,0.5537455145041241,0
75,74,58,0.003763738522037842,0
75,74,59,-0.5091532540593909,0
75,74,60,-0.5229007179112098,0
75,74,61,0.08584317199989605,0
75,74,62,0.1096379229624368,0
75,74,63,-0.05842486771536666,0
75,74,64,-0.0764490786687366,0
75,74,65,0.436791341551282,0
75,74,66,0.3735893144053904,0
75,74,67,-0.1614199003205793,0
75,74,68,0.3648570207724803,0
75,74,69,0.4636662941275889,0
75,74,70,0.08852570405010295,0
75,74,71,0.02433115708759264,0
75,74,72,0.03810193107533602,0
75,74,73,0.1915818603685791,0
75,74,74,-0.3854534512486256,0
75,74,75,-0.4679007139553352,0
75,74,76,-0.008221746894424575,0
75,74,77,-0.4916427080773761,0
75,74,78,-0.4675587882065595,0
75,74,79,-0.09289441167814709,0
75,74,80,-0.3584154265478872,0
75,74,81,-0.2814208527848157,0
75,74,82,0.03673384000396446,0
75,74,83,0.07342888028408268,0
75,74,84,-0.003551900213592985,0
75,74,85,0.6123601803703244,0
75,74,86,0.5024070812796978,0
75,74,87,-0.4517710060833235,0
75,74,88,-0.1326880468465309,0
75,74,89,0.7400621809338722,0
75,74,90,-0.2432475088660972,0
75,74,91,-0.365687432344573,0
75,74,92,0.1188706761206123,0
75,74,93,-0.07669915502249146,0
75,74,94,-0.2842195488385135,0
75,74,95,-0.5420206322870169,0
75,74,96,0.2414702685638145,0
75,74,97,-0.02615482642031737,0
75,74,98,-0.6689159384231529,0
75,74,99,0.4980148436723409,0
75,74,100,0.3156007245508792,0
75,74,101,-0.225355697962766,0
75,74,102,0.09275134453508428,0
75,74,103,0.3327034288711416,0
75,74,104,0.4894537768347746,0
75,74,105,-0.2453183408643234,0
75,74,106,0.2152141607882053,0
75,74,107,1,0
75,74,108,-0.3249751405306513,0
75,74,109,-0.09320616092568397,0
75,74,110,0.6692741762319205,0
75,74,111,-0.3635059410577888,0
75,74,112,-0.5075569395462186,0
75,74,113,-0.2326856077694981,0
75,74,114,-0.3345828581708765,0
75,74,115,-0.7458909523103754,0
75,74,116,0.04847041541348935,0
75,74,117,0.4649002544075184,0
75,74,118,0.3200375512529067,0
75,74,119,0.2829821697897916,0
75,74,120,0.06676576687390175,0
75,74,121,-0.09663603112168449,0
75,74,122,-0.1262862108526049,0
75,74,123,-0.4293188054123332,0
75,74,124,-0.1007377432747243,0
75,74,125,-0.2641127073755477,0
75,74,126,-0.3815382219843537,0
75,74,127,0.01222069790444949,0
75,74,128,-0.007115994917328783,0
75,74,129,0.349143145939977,0
75,74,130,0.464472689744003,0
75,74,131,0.6244653996699309,0
75,74,132,0.08779939319288761,0
75,74,133,0.1703089209772715,0
75,74,134,-0.3705244028125466,0
75,74,135,3.108684889471925e-07,0
75,74,136,3.79517375770094e-06,0
75,74,137,2.291820511495765e-05,0
75,74,138,0.000115371079933902,0
75,74,139,0.000554858073169624,0
75,74,140,0.0001153733549582839,0
75,74,141,2.291568079232768e-05,0
75,74,142,3.792026428298625e-06,0
75,74,143,3.090188832998773e-07,0
75,74,144,-1.948831181936997e-06,0
75,74,145,-5.075327037463565e-06,0
75,74,146,-1.354883371238595e-05,0
75,74,147,-5.029550830148543e-05,0
75,74,148,-0.0002503555848536653,0
75,74,149,-5.031600572375601e-05,0
75,74,150,-1.35634342494134e-05,0
75,74,151,-5.08392866491526e-06,0
75,74,152,-1.952803664275277e-06,0
75,74,153,-3.256437148638638e-06,0
75,74,154,-9.619611033267848e-06,0
75,74,155,-2.712826642504187e-05,0
75,74,156,-8.372735025624184e-05,0
75,74,157,-0.000282714346854767,0
75,74,158,-8.374304676055673e-05,0
75,74,159,-2.714221931213616e-05,0
75,74,160,-9.62847479522273e-06,0
75,74,161,-3.26057219014734e-06,0
75,74,162,-2.04995573213421e-06,0
75,74,163,-5.142818665460228e-06,0
75,74,164,-9.062125078500221e-06,0
75,74,165,-1.87285718741078e-06,0
75,74,166,0.0001040571014574541,0
75,74,167,-1.877205588615157e-06,0
75,74,168,-9.068558194511628e-06,0
75,74,169,-5.147648434767131e-06,0
75,74,170,-2.05232952938063e-06,0
76,75,0,0.4537071777531392,0
76,75,1,0.1806368339085571,0
76,75,2,-0.1316848146978289,0
76,75,3,-0.5036533749759716,0
76,75,4,0.0324087776970317,0
76,75,5,0.1044315592886368,0
76,75,6,0.2587261074953223,0
76,75,7,-0.1161802068166282,0
76,75,8,0.03855298908729243,0
76,75,9,0.1609174003375086,0
76,75,10,0.3232298893035185,0
76,75,11,0.1463038650673297,0
76,75,12,-0.6963096130669314,0
76,75,13,-0.3253311491505324,0
76,75,14,-0.04058039530863047,0
76,75,15,0.7282685441834317,0
76,75,16,-0.1187069535110116,0
76,75,17,-0.2471714862228289,0
76,75,18,0.0380969896499432,0
76,75,19,0.4748276376767014,0
76,75,20,0.1171156871564456,0
76,75,21,-0.8836658662473842,0
76,75,22,-0.4384029378943863,0
76,75,23,0.02500956439762518,0
76,75,24,0.9448448224967176,0
76,75,25,-0.1117404832535484,0
76,75,26,-0.2617613662382467,0
76,75,27,0.6073176910788699,0
76,75,28,0.1846045912425967,0
76,75,29,0.2538477537333383,0
76,75,30,0.009662706957966597,0
76,75,31,-0.09947822607447436,0
76,75,32,-0.3878224113212639,0
76,75,33,0.07469557565037099,0
76,75,34,0.1548723268886133,0
76,75,35,0.07439229729548255,0
76,75,36,-0.2826618317889761,0
76,75,37,-0.219810366853754,0
76,75,38,0.395624613090194,0
76,75,39,0.3693232526330935,0
76,75,40,0.03068609215682203,0
76,75,41,-0.5112905681340589,0
76,75,42,-0.03220680640745627,0
76,75,43,0.09704653668672485,0
76,75,44,0.2988076995653686,0
76,75,45,-0.3784906143856423,0
76,75,46,-0.2309780743027932,0
76,75,47,0.213728907884013,0
76,75,48,0.4710044795686699,0
76,75,49,0.2399110907563393,0
76,75,50,-0.6213136092612728,0
76,75,51,-0.09583257701934383,0
76,75,52,0.196470350237726,0
76,75,53,0.4558599030648741,0
76,75,54,-0.4245422165462364,0
76,75,55,-0.346916006153425,0
76,75,56,0.3749026856381562,0
76,75,57,0.05284845675696054,0
76,75,58,-0.02734365847178065,0
76,75,59,-0.07764163007122479,0
76,75,60,-0.007628436065884205,0
76,75,61,0.03992884736754208,0
76,75,62,0.2735275439415722,0
76,75,63,0.3039747407219059,0
76,75,64,-0.214834884282804,0
76,75,65,-0.3915411180818489,0
76,75,66,-0.2839804897133233,0
76,75,67,0.3451709609644139,0
76,75,68,0.0479662436079462,0
76,75,69,-0.07513341626863369,0
76,75,70,-0.1499372658553375,0
76,75,71,0.3077653221824023,0
76,75,72,0.2433927442446845,0
76,75,73,-0.2266920261405282,0
76,75,74,-0.4322693598083002,0
76,75,75,-0.1853780457609196,0
76,75,76,0.2776878966897348,0
76,75,77,0.1943671456261975,0
76,75,78,0.06342288407136504,0
76,75,79,-0.08279131330098442,0
76,75,80,0.3202453958339954,0
76,75,81,0.1950582983453442,0
76,75,82,0.006941280403650945,0
76,75,83,-0.3307787679587638,0
76,75,84,-0.1786740500695772,0
76,75,85,0.08039270679566758,0
76,75,86,0.08611833829911132,0
76,75,87,-0.4079540447751718,0
76,75,88,-0.3197552812154834,0
76,75,89,-0.1450556429554446,0
76,75,90,0.6481569622728622,0
76,75,91,0.4528264824869305,0
76,75,92,0.2416425288545558,0
76,75,93,-0.4226022917147373,0
76,75,94,-0.09676196816366395,0
76,75,95,-0.1027520328891624,0
76,75,96,-0.02065275106431669,0
76,75,97,-0.3071547113816606,0
76,75,98,-0.02106415486317261,0
76,75,99,0.3427270300865747,0
76,75,100,0.4578093276220276,0
76,75,101,0.2319511367665759,0
76,75,102,-0.485142434083655,0
76,75,103,-0.2604665771156876,0
76,75,104,-0.1480689028003053,0
76,75,105,0.131400908127917,0
76,75,106,-0.2513178936892859,0
76,75,107,-0.1756164582034202,0
76,75,108,0.329692590369794,0
76,75,109,0.3504892726051788,0
76,75,110,-0.00676328189611994,0
76,75,111,-0.2851602941905295,0
76,75,112,-0.1066285683798424,0
76,75,113,-0.05753368018438079,0
76,75,114,-0.02945233234619066,0
76,75,115,0.1368969191883526,0
76,75,116,-0.8595852878035073,0
76,75,117,-0.5712190759205102,0
76,75,118,1,0
76,75,119,0.2198126416385195,0
76,75,120,-0.4334395537659003,0
76,75,121,0.2613062827744472,0
76,75,122,-0.3704800978670074,0
76,75,123,-0.467734628764188,0
76,75,124,0.7631331698337852,0
76,75,125,0.3571855699826652,0
76,75,126,-0.4404296754114584,0
76,75,127,0.09126260278852069,0
76,75,128,-0.09302917131760681,0
76,75,129,-0.3822756855794472,0
76,75,130,0.4385781890608154,0
76,75,131,0.1810649925919053,0
76,75,132,-0.4548181184561605,0
76,75,133,-0.04047987458145434,0
76,75,134,-0.1677306751841513,0
76,75,135,-7.199600093758502e-06,0
76,75,136,-1.986151236636868e-05,0
76,75,137,-4.976943763624609e-05,0
76,75,138,-0.000131513918969163,0
76,75,139,-0.0003792124090715344,0
76,75,140,-0.000131549663586446,0
76,75,141,-4.979858873354412e-05,0
76,75,142,-1.987958662583946e-05,0
76,75,143,-7.208086622886669e-06,0
76,75,144,-9.981058646937619e-06,0
76,75,145,-2.57703818028259e-05,0
76,75,146,-5.759203567279712e-05,0
76,75,147,-0.0001287103032208717,0
76,75,148,-0.0002952336286484078,0
76,75,149,-0.0001287460427567754,0
76,75,150,-5.762655923959663e-05,0
76,75,151,-2.579400613138017e-05,0
76,75,152,-9.992639121964945e-06,0
76,75,153,-8.065488556671062e-06,0
76,75,154,-1.871238818060514e-05,0
76,75,155,-3.362615427118393e-05,0
76,75,156,-4.871759564830863e-05,0
76,75,157,-3.397932426943408e-05,0
76,75,158,-4.873728447975206e-05,0
76,75,159,-3.365049389233596e-05,0
76,75,160,-1.873114833822235e-05,0
76,75,161,-8.075149304561566e-06,0
76,75,162,-4.064701445478049e-06,0
76,75,163,-8.211526316200251e-06,0
76,75,164,-9.539102871104889e-06,0
76,75,165,7.084993911214357e-06,0
76,75,166,0.0001013521944772629,0
76,75,167,7.077534013938385e-06,0
76,75,168,-9.550653412206296e-06,0
76,75,169,-8.221234673097357e-06,0
76,75,170,-4.069851114415588e-06,0
77,76,0,-0.9594542418071944,0
77,76,1,-0.1072227332109437,0
77,76,2,0.7421710331721038,0
77,76,3,0.3370369473219378,0
77,76,4,-0.5638971355129402,0
77,76,5,-0.3958299129201853,0
77,76,6,0.6527432019430066,0
77,76,7,0.3779319371223894,0
77,76,8,-0.2920296580090981,0
77,76,9,-0.6575025194003866,0
77,76,10,0.2484911897050823,0
77,76,11,0.4436068994277976,0
77,76,12,-0.3216290544551839,0
77,76,13,-0.6523481141038647,0
77,76,14,-0.2125593402953481,0
77,76,15,0.5827499138175954,0
77,76,16,-0.3699469921062398,0
77,76,17,-0.9436457849932274,0
77,76,18,0.4372051779711271,0
77,76,19,0.4454371031226064,0
77,76,20,-0.1552408572035293,0
77,76,21,-0.2266128778537962,0
77,76,22,0.6019130921791733,0
77,76,23,0.9177599469366561,0
77,76,24,-0.5453945612834658,0
77,76,25,-0.02797508321987296,0
77,76,26,0.6927408183225513,0
77,76,27,-0.4074542775509314,0
77,76,28,-0.2327408006674029,0
77,76,29,0.1324520522627569,0
77,76,30,0.5847619097266108,0
77,76,31,0.1665560388469743,0
77,76,32,0.1887829413016839,0
77,76,33,-0.3561933721537511,0
77,76,34,-0.548534844139943,0
77,76,35,-0.05305987135606444,0
77,76,36,-0.2469577333506309,0
77,76,37,-0.2783137561143982,0
77,76,38,-0.04374804678845209,0
77,76,39,0.5386777775291157,0
77,76,40,0.6060607015442893,0
77,76,41,0.2981686765945628,0
77,76,42,0.2025422690425228,0
77,76,43,0.3258523143497712,0
77,76,44,-0.1258183581601026,0
77,76,45,-0.5741659305429768,0
77,76,46,-0.2866236242977435,0
77,76,47,-0.5322453421343176,0
77,76,48,-0.4852038932801133,0
77,76,49,-0.1123038319632483,0
77,76,50,-0.007992955697363717,0
77,76,51,0.3198084420136242,0
77,76,52,0.1996184629398433,0
77,76,53,0.3372152305933485,0
77,76,54,0.5264555425956161,0
77,76,55,-0.02962934303273256,0
77,76,56,-0.2289301114678833,0
77,76,57,-0.5190467062070883,0
77,76,58,0.857184051354703,0
77,76,59,0.3085777334816292,0
77,76,60,-0.4522126613913043,0
77,76,61,-0.02841692800658924,0
77,76,62,0.1948439552627675,0
77,76,63,0.08870359270258908,0
77,76,64,-0.8897944208683967,0
77,76,65,-0.5515254340712318,0
77,76,66,0.1921470706924019,0
77,76,67,0.1876727798949539,0
77,76,68,-0.1244485718321949,0
77,76,69,-0.1440472314382502,0
77,76,70,0.8400356062516713,0
77,76,71,0.7066588692650578,0
77,76,72,-0.06825116875619155,0
77,76,73,-0.305709400473111,0
77,76,74,0.4012352519859661,0
77,76,75,0.5198029878671113,0
77,76,76,-0.8182995974029571,0
77,76,77,-0.45039281472374,0
77,76,78,0.3586221717333469,0
77,76,79,0.2186935449084569,0
77,76,80,-0.4948176644992724,0
77,76,81,-0.5424552174837745,0
77,76,82,0.8303857226584738,0
77,76,83,0.2159380827165138,0
77,76,84,-0.5802742125616832,0
77,76,85,0.2435678858165622,0
77,76,86,0.1715749611162071,0
77,76,87,0.3159296208639791,0
77,76,88,-0.2228264507154252,0
77,76,89,-0.2502425159869267,0
77,76,90,-0.1053069582029144,0
77,76,91,0.5614989440546901,0
77,76,92,0.7028453177068382,0
77,76,93,-0.5611349257614098,0
77,76,94,0.0821997211550371,0
77,76,95,0.6013736394045835,0
77,76,96,0.1336322242720577,0
77,76,97,-0.6620949739631355,0
77,76,98,-0.6155678429925047,0
77,76,99,0.3515503556204457,0
77,76,100,-0.2231045352915461,0
77,76,101,-0.801560716840969,0
77,76,102,-0.1530024247424102,0
77,76,103,0.5269745521707394,0
77,76,104,0.2678917916542013,0
77,76,105,-0.0008167857977449751,0
77,76,106,0.3719805360823638,0
77,76,107,0.4826154349272918,0
77,76,108,0.2205214028225129,0
77,76,109,-0.3671296855919168,0
77,76,110,-0.3532857237203406,0
77,76,111,0.07714503897418075,0
77,76,112,-0.2745511547133506,0
77,76,113,-0.2182706922244255,0
77,76,114,0.6211472683202558,0
77,76,115,0.9111463792632806,0
77,76,116,-0.609150590408398,0
77,76,117,-0.4747094585484601,0
77,76,118,-0.02304100757664092,0
77,76,119,0.04979812657192437,0
77,76,120,0.5559503868525193,0
77,76,121,0.6307624381003313,0
77,76,122,0.3008263650596224,0
77,76,123,0.1222035337242684,0
77,76,124,-0.632535948113635,0
77,76,125,-0.6339436922086334,0
77,76,126,-0.3442400604543744,0
77,76,127,-0.3634500185696048,0
77,76,128,0.782801316084871,0
77,76,129,0.4859115421693281,0
77,76,130,0.1264747145774162,0
77,76,131,0.2812250515046775,0
77,76,132,-1,0
77,76,133,-0.5697295685975307,0
77,76,134,-0.0289121425540726,0
77,76,135,-1.201494298955293e-05,0
77,76,136,-3.456119031483691e-05,0
77,76,137,-9.45915126699444e-05,0
77,76,138,-0.0002893621689458565,0
77,76,139,-0.001016225567621013,0
77,76,140,-0.0002894237393034268,0
77,76,141,-9.464061796920489e-05,0
77,76,142,-3.459163755542047e-05,0
77,76,143,-1.202930638933963e-05,0
77,76,144,-1.551055352262154e-05,0
77,76,145,-3.878992939167826e-05,0
77,76,146,-8.012003563730083e-05,0
77,76,147,-0.0001479476789674885,0
77,76,148,-0.0001946159813355812,0
77,76,149,-0.0001479944475291394,0
77,76,150,-8.017357300734904e-05,0
77,76,151,-3.882893071722011e-05,0
77,76,152,-1.553012820008677e-05,0
77,76,153,-1.272609072037803e-05,0
77,76,154,-2.842823569688773e-05,0
77,76,155,-4.424477397879728e-05,0
77,76,156,-2.376338491669864e-05,0
77,76,157,0.0002396438117722932,0
77,76,158,-2.380434933955207e-05,0
77,76,159,-4.429081030488412e-05,0
77,76,160,-2.846242064123365e-05,0
77,76,161,-1.274343373151915e-05,0
77,76,162,-7.54101254835273e-06,0
77,76,163,-1.799700996189615e-05,0
77,76,164,-3.780992745740631e-05,0
77,76,165,-9.639251377104874e-05,0
77,76,166,-0.0003637324049301117,0
77,76,167,-9.642455884806713e-05,0
77,76,168,-3.783915169523378e-05,0
77,76,169,-1.801723731362579e-05,0
77,76,170,-7.550995830305137e-06,0
78,77,0,-0.1409394856826819,0
78,77,1,0.2492392266385698,0
78,77,2,0.5923251704169386,0
78,77,3,-0.1377573421421603,0
78,77,4,0.05101959212885853,0
78,77,5,0.3630117220441224,0
78,77,6,-0.2864441458712535,0
78,77,7,-0.3872719414934789,0
78,77,8,-0.2980372148699559,0
78,77,9,0.1585887071521604,0
78,77,10,-0.5293510774027964,0
78,77,11,-0.8451303118703561,0
78,77,12,0.3795369520928727,0
78,77,13,-0.1050281294262166,0
78,77,14,-0.7159804764174307,0
78,77,15,-0.07728479841874983,0
78,77,16,0.02760092735728364,0
78,77,17,-0.2382385792843104,0
78,77,18,0.0006201840241997898,0
78,77,19,-0.007760370085460319,0
78,77,20,0.05868391706565237,0
78,77,21,0.2088006263499205,0
78,77,22,0.2247628915516414,0
78,77,23,0.229798762295584,0
78,77,24,0.02211993064054322,0
78,77,25,0.420748077629631,0
78,77,26,0.5849359618192129,0
78,77,27,0.5326086143115853,0
78,77,28,1,0
78,77,29,0.04403224249173989,0
78,77,30,0.1086327000273877,0
78,77,31,-0.4361790367786806,0
78,77,32,0.4368328205652492,0
78,77,33,0.4192638041442504,0
78,77,34,-0.06124279275890954,0
78,77,35,0.1888377414266545,0
78,77,36,0.2753733866489616,0
78,77,37,0.1966364884139901,0
78,77,38,-0.008750361942445033,0
78,77,39,-0.1992388378725481,0
78,77,40,0.3073574953872069,0
78,77,41,-0.08495297640896621,0
78,77,42,-0.2151337557450907,0
78,77,43,0.4173689392557359,0
78,77,44,-0.3253850795887927,0
78,77,45,-0.124879445826897,0
78,77,46,0.3973367133681243,0
78,77,47,-0.138489280722396,0
78,77,48,-0.1500421215134979,0
78,77,49,0.1000502145952444,0
78,77,50,-0.06543417561522329,0
78,77,51,-0.1381818618767853,0
78,77,52,-0.298714318045073,0
78,77,53,-0.317468483506487,0
78,77,54,-0.1494947234439807,0
78,77,55,-0.503724118222995,0
78,77,56,0.1195581724812302,0
78,77,57,-0.465778901051029,0
78,77,58,-0.252277814827564,0
78,77,59,-0.577322048960047,0
78,77,60,-0.3758246249160237,0
78,77,61,0.2166585315976297,0
78,77,62,-0.2086242505439437,0
78,77,63,-0.2859160839841433,0
78,77,64,0.0734697391356415,0
78,77,65,0.3062999774543201,0
78,77,66,0.08302702890099221,0
78,77,67,-0.1925257304143268,0
78,77,68,0.360961151844584,0
78,77,69,0.4684327792081256,0
78,77,70,-0.1093386681969393,0
78,77,71,0.3312695971757752,0
78,77,72,0.4822231460126163,0
78,77,73,-0.08519501153420805,0
78,77,74,0.215914183785255,0
78,77,75,0.2009449114330573,0
78,77,76,0.2101973997991053,0
78,77,77,0.1075885513289496,0
78,77,78,-0.01448717730434011,0
78,77,79,0.1706392066604202,0
78,77,80,-0.02182464930080821,0
78,77,81,-0.1091686350776834,0
78,77,82,-0.2750283798739616,0
78,77,83,-0.4775864757419007,0
78,77,84,-0.3117956435863867,0
78,77,85,-0.7017604472210838,0
78,77,86,-0.6156216810723899,0
78,77,87,-0.3801159724544254,0
78,77,88,0.02158710847527619,0
78,77,89,0.7831058087095637,0
78,77,90,-0.1166920750798162,0
78,77,91,-0.2885768056310241,0
78,77,92,0.2386618381579614,0
78,77,93,-0.2070352060653697,0
78,77,94,-0.25262741206946,0
78,77,95,-0.2321949574143454,0
78,77,96,-0.1447956986572019,0
78,77,97,-0.1757727005811438,0
78,77,98,-0.4507922019440511,0
78,77,99,0.2290773579771518,0
78,77,100,-0.03328275134213894,0
78,77,101,-0.6306221033311129,0
78,77,102,0.1385376101417772,0
78,77,103,-0.06420580640765769,0
78,77,104,-0.6814258768576273,0
78,77,105,0.2540349659598241,0
78,77,106,0.03595666937410639,0
78,77,107,-0.2945881953632142,0
78,77,108,0.3020925403046241,0
78,77,109,0.4170388800841021,0
78,77,110,0.3743547092017109,0
78,77,111,-0.07132363415453871,0
78,77,112,0.3704717436950732,0
78,77,113,0.8004036625898169,0
78,77,114,0.06331893438357621,0
78,77,115,0.8055319872393827,0
78,77,116,0.07634523497229273,0
78,77,117,0.4684613321716561,0
78,77,118,0.2706359019200212,0
78,77,119,0.3139878696707721,0
78,77,120,-0.007642675424092331,0
78,77,121,0.01214990223925458,0
78,77,122,0.02291374795191552,0
78,77,123,-0.2385048604392829,0
78,77,124,0.2779091023588511,0
78,77,125,-0.1864464131370435,0
78,77,126,-0.1674885164448766,0
78,77,127,-0.3027109250468122,0
78,77,128,-0.3530966669210235,0
78,77,129,-0.4149859216911997,0
78,77,130,-0.07882903431182907,0
78,77,131,-0.02126356337439144,0
78,77,132,-0.07754275989435924,0
78,77,133,0.3390731972245936,0
78,77,134,0.3812559569702446,0
78,77,135,1.792284706986308e-06,0
78,77,136,2.681753083770299e-06,0
78,77,137,-6.071022583951337e-06,0
78,77,138,-7.939746433901316e-05,0
78,77,139,-0.0005232285272692503,0
78,77,140,-7.938299262963026e-05,0
78,77,141,-6.05740220174154e-06,0
78,77,142,2.690181831350219e-06,0
78,77,143,1.796125226328389e-06,0
78,77,144,4.318137577943007e-06,0
78,77,145,1.317854123271191e-05,0
78,77,146,4.016767536679855e-05,0
78,77,147,0.0001412919441827474,0
78,77,148,0.0005685839688854871,0
78,77,149,0.0001413314836504692,0
78,77,150,4.019166612904499e-05,0
78,77,151,1.319093745379651e-05,0
78,77,152,4.323437381457338e-06,0
78,77,153,3.168677231552772e-06,0
78,77,154,9.003140674605277e-06,0
78,77,155,2.63950944123299e-05,0
78,77,156,9.792688710083353e-05,0
78,77,157,0.0004437809680030242,0
78,77,158,9.792282326647286e-05,0
78,77,159,2.639800712445857e-05,0
78,77,160,9.00758555309819e-06,0
78,77,161,3.171403617762443e-06,0
78,77,162,-1.380244652658453e-07,0
78,77,163,-4.528997034920056e-06,0
78,77,164,-3.122189858921252e-05,0
78,77,165,-0.0001676220253554285,0
78,77,166,-0.0008389609669904805,0
78,77,167,-0.0001676507429019862,0
78,77,168,-3.123269590477028e-05,0
78,77,169,-4.530896937339132e-06,0
78,77,170,-1.377952944970042e-07,0
79,78,0,0.7283069219945774,0
79,78,1,0.4384210857340863,0
79,78,2,0.1027447912906219,0
79,78,3,-1,0
79,78,4,-0.1048431041630807,0
79,78,5,0.06977610457436681,0
79,78,6,0.4183136482603914,0
79,78,7,-0.3636929303845782,0
79,78,8,-0.1068597472207207,0
79,78,9,0.3933436708866747,0
79,78,10,0.3089406139126242,0
79,78,11,-0.2161356271244803,0
79,78,12,-0.8055390923252093,0
79,78,13,-0.282610322531287,0
79,78,14,-0.1224550218488214,0
79,78,15,0.5843790435463906,0
79,78,16,-0.1823131323797451,0
79,78,17,-0.1393749250763924,0
79,78,18,0.2428393216358464,0
79,78,19,0.3632675077250837,0
79,78,20,-0.09343280819630513,0
79,78,21,-0.6128148307876411,0
79,78,22,-0.1016495047521571,0
79,78,23,0.1591683436571346,0
79,78,24,0.4554430128080564,0
79,78,25,0.04681282390223012,0
79,78,26,0.2413467042080535,0
79,78,27,0.3051922442185355,0
79,78,28,0.1513461286122597,0
79,78,29,0.8167171374797049,0
79,78,30,0.377343606937365,0
79,78,31,-0.1978472644754224,0
79,78,32,-0.8164958808431223,0
79,78,33,0.06098619139165693,0
79,78,34,0.0423279128957976,0
79,78,35,0.4144669986037703,0
79,78,36,-0.2393547320386634,0
79,78,37,0.05524803604473241,0
79,78,38,0.3823186366309229,0
79,78,39,0.3170679026546724,0
79,78,40,0.02987709203922286,0
79,78,41,-0.8159687596649743,0
79,78,42,-0.179543642413494,0
79,78,43,0.2130475604039419,0
79,78,44,0.4913066086683855,0
79,78,45,-0.189965505949661,0
79,78,46,0.08631395797639112,0
79,78,47,0.09025108314951723,0
79,78,48,0.1857986927559909,0
79,78,49,-0.106172522034123,0
79,78,50,-0.7054190239035242,0
79,78,51,-0.2136305944223161,0
79,78,52,0.01940612201765682,0
79,78,53,0.5165461724661763,0
79,78,54,0.02163193229852002,0
79,78,55,-0.01835064997970742,0
79,78,56,0.2035060649041872,0
79,78,57,-0.2547476620516669,0
79,78,58,0.6558756467205445,0
79,78,59,0.1245039179325694,0
79,78,60,-0.2070491374100195,0
79,78,61,-0.7937905324765787,0
79,78,62,-0.01643595007943902,0
79,78,63,0.06081904362061816,0
79,78,64,0.3499916544809684,0
79,78,65,-0.164135586668869,0
79,78,66,0.071877687433821,0
79,78,67,0.2660592772935492,0
79,78,68,0.3325212884935754,0
79,78,69,-0.01315710458367311,0
79,78,70,-0.7275842604411595,0
79,78,71,-0.02405172764033055,0
79,78,72,0.1900016944383356,0
79,78,73,0.6101061869338912,0
79,78,74,0.05728632252629687,0
79,78,75,0.1360814727520979,0
79,78,76,0.0449719598497919,0
79,78,77,0.2293749725541391,0
79,78,78,-0.08057320100413819,0
79,78,79,-0.6978138325864384,0
79,78,80,-0.3227542047386933,0
79,78,81,-0.01526423307377014,0
79,78,82,0.7232523146626156,0
79,78,83,-0.01746541769328349,0
79,78,84,-0.03980435196402555,0
79,78,85,0.09878621958831964,0
79,78,86,-0.2490019616178965,0
79,78,87,0.4380301381140256,0
79,78,88,0.1697227726266285,0
79,78,89,0.09594315065482359,0
79,78,90,-0.7788235817874027,0
79,78,91,-0.06453028207027262,0
79,78,92,0.1498900421832471,0
79,78,93,0.3809806872690242,0
79,78,94,-0.1802118654855268,0
79,78,95,-0.01894465787287094,0
79,78,96,0.1691485518371649,0
79,78,97,0.1438337835616993,0
79,78,98,-0.2542586177782504,0
79,78,99,-0.6826440926763263,0
79,78,100,-0.2568978978047459,0
79,78,101,-0.1678520958733971,0
79,78,102,0.772659826330774,0
79,78,103,0.06964485428071691,0
79,78,104,-0.09010212553229853,0
79,78,105,0.05997123063363227,0
79,78,106,0.3233519008414961,0
79,78,107,-0.09566955914552717,0
79,78,108,-0.7387634382849868,0
79,78,109,-0.3137482664682276,0
79,78,110,0.06158864010280484,0
79,78,111,0.8587950538753071,0
79,78,112,0.137103646300283,0
79,78,113,0.1888748358826081,0
79,78,114,0.39386803922784,0
79,78,115,0.1841447636439162,0
79,78,116,0.4184801867100746,0
79,78,117,0.2719785544888527,0
79,78,118,-0.6242797675767601,0
79,78,119,-0.02664310910490467,0
79,78,120,0.5340955099491433,0
79,78,121,-0.05763246361129907,0
79,78,122,0.1754242804238358,0
79,78,123,0.2346224029280444,0
79,78,124,-0.7919664152616903,0
79,78,125,-0.4151127644189032,0
79,78,126,0.7423086526818031,0
79,78,127,-0.07179202859413437,0
79,78,128,0.01684396395288867,0
79,78,129,0.3282982057126108,0
79,78,130,-0.9062444545230438,0
79,78,131,-0.4107202997969492,0
79,78,132,0.8129985540126458,0
79,78,133,0.05156946181257991,0
79,78,134,0.5001964839528084,0
79,78,135,4.250471847477037e-06,0
79,78,136,9.417286033218471e-06,0
79,78,137,1.358739112176343e-05,0
79,78,138,-2.19648102119766e-06,0
79,78,139,-0.0001477894427074828,0
79,78,140,-2.174089628063754e-06,0
79,78,141,1.361061167570763e-05,0
79,78,142,9.433543871232758e-06,0
79,78,143,4.258554092209544e-06,0
79,78,144,7.763388844463979e-06,0
79,78,145,1.965222359420654e-05,0
79,78,146,4.335499614861942e-05,0
79,78,147,0.000100769457049096,0
79,78,148,0.0002736796055970111,0
79,78,149,0.0001008145607133853,0
79,78,150,4.339469241610916e-05,0
79,78,151,1.967837927064724e-05,0
79,78,152,7.776043277068511e-06,0
79,78,153,7.942113290309672e-06,0
79,78,154,2.03365675947983e-05,0
79,78,155,4.585817633312028e-05,0
79,78,156,0.000110285716216914,0
79,78,157,0.0003122743577982537,0
79,78,158,0.0001103197083087702,0
79,78,159,4.589227650762915e-05,0
79,78,160,2.036033148114155e-05,0
79,78,161,7.953803117738681e-06,0
79,78,162,4.5212530124052e-06,0
79,78,163,1.040523274894047e-05,0
79,78,164,1.688466886041288e-05,0
79,78,165,8.456895668365531e-06,0
79,78,166,-0.0001152347936976534,0
79,78,167,8.46925153743822e-06,0
79,78,168,1.690137276818922e-05,0
79,78,169,1.041811010340136e-05,0
79,78,170,4.527775969558519e-06,0
80,79,0,0.2114437234846454,0
80,79,1,-0.2673977942660144,0
80,79,2,-0.7064677882324811,0
80,79,3,0.1778260781874687,0
80,79,4,0.00442276211908708,0
80,79,5,-0.3667564916195218,0
80,79,6,0.01656925923781957,0
80,79,7,0.1392053455191779,0
80,79,8,0.07455295614172872,0
80,79,9,0.0200771849055689,0
80,79,10,0.2089873748850304,0
80,79,11,0.3584427494025508,0
80,79,12,0.0295118984676668,0
80,79,13,0.3058807506817581,0
80,79,14,0.5318004508609594,0
80,79,15,0.01427953338534072,0
80,79,16,0.3885003237511771,0
80,79,17,0.7238820644001354,0
80,79,18,-0.02674283227423705,0
80,79,19,0.4427381567155359,0
80,79,20,0.8833835040102359,0
80,79,21,-0.1045565674497757,0
80,79,22,0.4071710400809837,0
80,79,23,0.9268924182974195,0
80,79,24,-0.0982468142785116,0
80,79,25,0.3352402121102978,0
80,79,26,0.8537198060876171,0
80,79,27,0.3569745312555949,0
80,79,28,0.7964488940014939,0
80,79,29,-0.1084372578609414,0
80,79,30,-0.2495181020942711,0
80,79,31,0.3418442058496589,0
80,79,32,-0.2091880657119793,0
80,79,33,-0.2189940319353765,0
80,79,34,0.2610654182136539,0
80,79,35,-0.2132529912462625,0
80,79,36,-0.1273977154445818,0
80,79,37,0.09281226315852978,0
80,79,38,-0.1050742859192835,0
80,79,39,-0.07697192744082408,0
80,79,40,-0.1973750411129062,0
80,79,41,-0.07141165583619705,0
80,79,42,-0.03108484912852267,0
80,79,43,-0.4250754213691791,0
80,79,44,-0.1004854536526465,0
80,79,45,0.0401959088529905,0
80,79,46,-0.4858909112067873,0
80,79,47,-0.03538951061973703,0
80,79,48,0.1449093726094281,0
80,79,49,-0.4692882438938833,0
80,79,50,-0.002999955011115747,0
80,79,51,0.2036171237418155,0
80,79,52,-0.4896815060909288,0
80,79,53,-0.01522738855355056,0
80,79,54,0.1451753996959174,0
80,79,55,-0.5506406416378896,0
80,79,56,0.1032679121038384,0
80,79,57,-0.5786763104473773,0
80,79,58,-0.09843672509414826,0
80,79,59,0.3611414094786091,0
80,79,60,0.4319831872682042,0
80,79,61,-0.09184310437964527,0
80,79,62,0.1893930883076732,0
80,79,63,0.2783649148974865,0
80,79,64,0.05125638059490786,0
80,79,65,0.03712595787277607,0
80,79,66,0.01607703476874525,0
80,79,67,0.1380560406870267,0
80,79,68,-0.1094162170270399,0
80,79,69,-0.1909673690565427,0
80,79,70,0.01460675232110724,0
80,79,71,-0.306680758281195,0
80,79,72,-0.299986824598487,0
80,79,73,-0.04389131159376197,0
80,79,74,-0.4702212111606956,0
80,79,75,-0.4084673601939327,0
80,79,76,0.06141307208807089,0
80,79,77,-0.5011311283942818,0
80,79,78,-0.5329825186162847,0
80,79,79,0.1374195779849166,0
80,79,80,-0.4492534429321758,0
80,79,81,-0.5844544759029602,0
80,79,82,0.09706875957174485,0
80,79,83,-0.440043243285698,0
80,79,84,-0.5395886211120419,0
80,79,85,-0.5148245285668313,0
80,79,86,-0.5272587017603043,0
80,79,87,0.09071133648761151,0
80,79,88,-0.02265829360308261,0
80,79,89,-0.5619774654566164,0
80,79,90,0.1647585798141038,0
80,79,91,0.03590930848606349,0
80,79,92,-0.4569633378192065,0
80,79,93,0.216598733936593,0
80,79,94,0.08665555951133706,0
80,79,95,-0.2203552918538441,0
80,79,96,0.1835261368394566,0
80,79,97,0.2108942785932872,0
80,79,98,0.2032303848477232,0
80,79,99,0.02340495257398142,0
80,79,100,0.271559795450017,0
80,79,101,0.6175443741981793,0
80,79,102,-0.007443521797327875,0
80,79,103,0.19719225693294,0
80,79,104,0.7854571117449393,0
80,79,105,0.02804336500164412,0
80,79,106,0.1206641700047058,0
80,79,107,0.7515275197619551,0
80,79,108,0.01257329954686403,0
80,79,109,0.1132076976283492,0
80,79,110,0.768512705037071,0
80,79,111,-0.003253388253352264,0
80,79,112,0.188443107534618,0
80,79,113,0.9015121110831935,0
80,79,114,0.2386578293736388,0
80,79,115,1,0
80,79,116,0.02575786811841903,0
80,79,117,-0.2857108488756924,0
80,79,118,-0.01797196448140138,0
80,79,119,-0.2390549551339761,0
80,79,120,-0.1507428282089574,0
80,79,121,-0.2036303180886245,0
80,79,122,-0.1937816286175059,0
80,79,123,-0.06827494481707184,0
80,79,124,-0.09661897925378153,0
80,79,125,0.1805805240422393,0
80,79,126,-0.0003707467644175138,0
80,79,127,0.3549059199725838,0
80,79,128,-0.01344425856865028,0
80,79,129,0.3758186796209388,0
80,79,130,-0.1379231609231369,0
80,79,131,0.3170901270688776,0
80,79,132,-0.127516611604816,0
80,79,133,0.3291114570481275,0
80,79,134,0.4461928471777339,0
80,79,135,1.05430485055369e-06,0
80,79,136,5.318206695082189e-06,0
80,79,137,2.788853079502826e-05,0
80,79,138,0.0001496527343494539,0
80,79,139,0.0007982428963959449,0
80,79,140,0.0001496519291690503,0
80,79,141,2.788695261304961e-05,0
80,79,142,5.317870544278726e-06,0
80,79,143,1.054462043653697e-06,0
80,79,144,-4.906081717871811e-07,0
80,79,145,-4.189226782510875e-06,0
80,79,146,-2.455638422978993e-05,0
80,79,147,-0.0001273469879291929,0
80,79,148,-0.0006370896526699312,0
80,79,149,-0.0001273765661584975,0
80,79,150,-2.456568970379952e-05,0
80,79,151,-4.190117105233558e-06,0
80,79,152,-4.899775087404649e-07,0
80,79,153,5.625112052227085e-07,0
80,79,154,-1.994744609410754e-07,0
80,79,155,-1.026470220589322e-05,0
80,79,156,-7.485579579483816e-05,0
80,79,157,-0.0004347051353540405,0
80,79,158,-7.483168909340316e-05,0
80,79,159,-1.024919601718232e-05,0
80,79,160,-1.915180251033738e-07,0
80,79,161,5.658082963660503e-07,0
80,79,162,2.689805917356804e-06,0
80,79,163,1.132941093712277e-05,0
80,79,164,4.820088016254007e-05,0
80,79,165,0.0002168092725022009,0
80,79,166,0.001013388102030547,0
80,79,167,0.000216855761778657,0
80,79,168,4.822531771758942e-05,0
80,79,169,1.133957543302564e-05,0
80,79,170,2.693370773376129e-06,0
81,80,0,0.5904053588438222,0
81,80,1,0.2372656794230082,0
81,80,2,-0.1106633053859064,0
81,80,3,-0.4180934311897023,0
81,80,4,0.1536356820758518,0
81,80,5,0.130260754497821,0
81,80,6,-0.2693630653331591,0
81,80,7,-0.3446853362069648,0
81,80,8,-0.001788543945417335,0
81,80,9,0.6949585375300318,0
81,80,10,0.1978433435358652,0
81,80,11,-0.02700786841634376,0
81,80,12,-0.3197574131284259,0
81,80,13,0.268796050322624,0
81,80,14,0.1586571913737977,0
81,80,15,-0.653132619262375,0
81,80,16,-0.5037611150479907,0
81,80,17,-0.08348689095653705,0
81,80,18,0.7404889411219411,0
81,80,19,-0.08395648877400845,0
81,80,20,-0.2512159655707683,0
81,80,21,0.4132396277316563,0
81,80,22,0.6122841296312372,0
81,80,23,0.1310791906604988,0
81,80,24,-1,0
81,80,25,-0.1533225377467682,0
81,80,26,0.2514394534416607,0
81,80,27,-0.5672733180466453,0
81,80,28,-0.1867446415175587,0
81,80,29,0.3667891926739798,0
81,80,30,0.02416974651963114,0
81,80,31,-0.1948653568404692,0
81,80,32,-0.2336168586148529,0
81,80,33,0.2523577376903798,0
81,80,34,0.227445515250842,0
81,80,35,-0.2919180285399099,0
81,80,36,-0.2987427047941566,0
81,80,37,-0.06705379822111246,0
81,80,38,0.4906946599452206,0
81,80,39,-0.01477920921799297,0
81,80,40,-0.1906646945046321,0
81,80,41,-0.02190568055053651,0
81,80,42,0.4409431834143738,0
81,80,43,0.2420381472222548,0
81,80,44,-0.5134528632265779,0
81,80,45,-0.291388792023447,0
81,80,46,0.008818024117718329,0
81,80,47,0.3244828610539515,0
81,80,48,-0.3905179370845964,0
81,80,49,-0.3534180597998991,0
81,80,50,0.3528166073529175,0
81,80,51,0.4429838677907803,0
81,80,52,0.1135220126912654,0
81,80,53,-0.5615934491421524,0
81,80,54,0.2072636921709583,0
81,80,55,0.3641324975877225,0
81,80,56,-0.4480344698281454,0
81,80,57,-0.1784559362661553,0
81,80,58,-0.06056825395491749,0
81,80,59,-0.2029261989314112,0
81,80,60,-0.1368787590686866,0
81,80,61,0.08786743527754344,0
81,80,62,0.3044564297247122,0
81,80,63,0.3319952361065271,0
81,80,64,-0.173000993072634,0
81,80,65,-0.1112363185748204,0
81,80,66,-0.06441064194382691,0
81,80,67,0.03779037877729566,0
81,80,68,-0.3355762432820091,0
81,80,69,-0.323324644913761,0
81,80,70,0.2463819398130701,0
81,80,71,0.3821696246729641,0
81,80,72,0.2227046880590122,0
81,80,73,-0.1604570427580809,0
81,80,74,0.1339639950759184,0
81,80,75,0.177092767842843,0
81,80,76,-0.1574115179504958,0
81,80,77,-0.4599328949225444,0
81,80,78,-0.2688298215018266,0
81,80,79,0.133746853876,0
81,80,80,0.04164674461959841,0
81,80,81,-0.007760036567455489,0
81,80,82,-0.0163755888967263,0
81,80,83,0.3549370204722025,0
81,80,84,0.2370598884015543,0
81,80,85,-0.1764028443078834,0
81,80,86,-0.1606990564684319,0
81,80,87,-0.5573422877845118,0
81,80,88,-0.3882627466215002,0
81,80,89,-0.07422739019054544,0
81,80,90,0.4588651686445044,0
81,80,91,0.2682024214469902,0
81,80,92,0.2782866044472283,0
81,80,93,0.1186375018212442,0
81,80,94,0.2580638628166476,0
81,80,95,0.006107849213787628,0
81,80,96,-0.5205235043651731,0
81,80,97,-0.495992125338522,0
81,80,98,-0.2440169658986652,0
81,80,99,0.2981072875106142,0
81,80,100,0.06800960076545853,0
81,80,101,0.1223952675678631,0
81,80,102,0.2957702333552177,0
81,80,103,0.4682942853270728,0
81,80,104,0.1944162012408091,0
81,80,105,-0.4177053672134449,0
81,80,106,-0.2467721461409124,0
81,80,107,-0.1126377715237278,0
81,80,108,-0.1197962856014262,0
81,80,109,-0.2915500399400403,0
81,80,110,-0.06663662403361326,0
81,80,111,0.3870500534164337,0
81,80,112,0.2759042108637334,0
81,80,113,0.06224259757803448,0
81,80,114,0.04369352140992282,0
81,80,115,-0.1207281217149943,0
81,80,116,-0.9371484281182489,0
81,80,117,-0.5066988028595376,0
81,80,118,0.6692847166559325,0
81,80,119,0.01105843404415849,0
81,80,120,0.4335632390934578,0
81,80,121,0.5542882067556726,0
81,80,122,-0.8875087936411401,0
81,80,123,-0.3531393049267171,0
81,80,124,0.1919543133368096,0
81,80,125,-0.2826408569429706,0
81,80,126,0.6314788760409925,0
81,80,127,0.4892886443488436,0
81,80,128,-0.443001912279153,0
81,80,129,0.03427695995189221,0
81,80,130,-0.2936682730397262,0
81,80,131,-0.3821628197725907,0
81,80,132,0.5634527351164511,0
81,80,133,0.159142626486334,0
81,80,134,0.2072870886016124,0
81,80,135,2.763545278037897e-05,0
81,80,136,6.691713998926685e-05,0
81,80,137,0.0001324669366983638,0
81,80,138,0.0002416172235276624,0
81,80,139,0.0003970404974798001,0
81,80,140,0.0002417770281158294,0
81,80,141,0.0001326261193783825,0
81,80,142,6.702808380240364e-05,0
81,80,143,2.769072546742791e-05,0
81,80,144,4.587089483697123e-05,0
81,80,145,0.0001126343776297427,0
81,80,146,0.0002297695406860548,0
81,80,147,0.0004460326557459465,0
81,80,148,0.0008428715350546849,0
81,80,149,0.0004462906698548395,0
81,80,150,0.0002300222400534053,0
81,80,151,0.0001128088525117588,0
81,80,152,4.595690203792652e-05,0
81,80,153,4.723294781471931e-05,0
81,80,154,0.0001176711274944838,0
81,80,155,0.0002470253738631115,0
81,80,156,0.0005046662311972707,0
81,80,157,0.001041161671799206,0
81,80,158,0.0005049211427806115,0
81,80,159,0.0002472722947494296,0
81,80,160,0.0001178403981985986,0
81,80,161,4.731562234916837e-05,0
81,80,162,2.984593349751693e-05,0
81,80,163,7.510505369762536e-05,0
81,80,164,0.0001606208028209599,0
81,80,165,0.0003379452885864443,0
81,80,166,0.0007270447986912054,0
81,80,167,0.0003380941240467564,0
81,80,168,0.0001607663698860424,0
81,80,169,7.520507631551715e-05,0
81,80,170,2.989443768515926e-05,0
82,81,0,0.2922061909874641,0
82,81,1,-0.3681665044488764,0
82,81,2,-1,0
82,81,3,0.1681936463509557,0
82,81,4,-0.1203575438911828,0
82,81,5,-0.6763919027478706,0
82,81,6,-0.1430660701588585,0
82,81,7,-0.2177031169721488,0
82,81,8,-0.4501771859065596,0
82,81,9,-0.04705129846349307,0
82,81,10,-0.3826090666423652,0
82,81,11,-0.5674597445177271,0
82,81,12,0.2168405840699012,0
82,81,13,-0.2451113153918015,0
82,81,14,-0.6467255819116103,0
82,81,15,0.1906003075934252,0
82,81,16,0.0003966348718682881,0
82,81,17,-0.3881476299445311,0
82,81,18,0.03164959467460103,0
82,81,19,0.09709031991590589,0
82,81,20,-0.01331715120040296,0
82,81,21,-0.1014253409672295,0
82,81,22,0.02148581259418485,0
82,81,23,0.1101497994499905,0
82,81,24,-0.1383510956363725,0
82,81,25,-0.146938623694355,0
82,81,26,-0.07227209377279258,0
82,81,27,-0.2150664112399736,0
82,81,28,-0.307887671180385,0
82,81,29,-0.03724640662518676,0
82,81,30,-0.3399793756628791,0
82,81,31,0.3706476160945735,0
82,81,32,-0.05840893716400127,0
82,81,33,-0.1270362026871103,0
82,81,34,0.5195166565086109,0
82,81,35,-0.04863997480536825,0
82,81,36,0.02052019356071619,0
82,81,37,0.5928936992212087,0
82,81,38,0.01404621162941795,0
82,81,39,-0.1171372717826309,0
82,81,40,0.3718044374686146,0
82,81,41,-0.05879030161809181,0
82,81,42,-0.2921401233251477,0
82,81,43,0.1199908662811195,0
82,81,44,-0.1507879460796346,0
82,81,45,-0.2363564171542617,0
82,81,46,0.1091399013156025,0
82,81,47,-0.08690688740119668,0
82,81,48,-0.01594469851339525,0
82,81,49,0.2078196733214869,0
82,81,50,0.06007218728545676,0
82,81,51,0.1433933330324564,0
82,81,52,0.2086097435114308,0
82,81,53,0.07708591457072317,0
82,81,54,0.07017691937312102,0
82,81,55,0.0853134903118794,0
82,81,56,-0.1423749238891292,0
82,81,57,-0.05629557543981228,0
82,81,58,-0.2549853008250118,0
82,81,59,0.3620095132825855,0
82,81,60,0.5816644764819328,0
82,81,61,-0.197217371513451,0
82,81,62,0.2678475100781577,0
82,81,63,0.4375166706799952,0
82,81,64,0.09162470899949746,0
82,81,65,0.4091365206786085,0
82,81,66,0.3087368518789504,0
82,81,67,0.1893262855832681,0
82,81,68,0.4934451705640268,0
82,81,69,0.3251587645920049,0
82,81,70,-0.08610478156921035,0
82,81,71,0.3075208832509972,0
82,81,72,0.385845758522532,0
82,81,73,-0.2648482974868009,0
82,81,74,0.03694927405685631,0
82,81,75,0.3008218771166073,0
82,81,76,-0.09961712954534541,0
82,81,77,-0.04159588742885599,0
82,81,78,0.05403512409785483,0
82,81,79,0.1643339283627987,0
82,81,80,0.08455665367651556,0
82,81,81,-0.09726851537397237,0
82,81,82,0.1956178156175055,0
82,81,83,0.2174543202285156,0
82,81,84,0.01678447490011793,0
82,81,85,0.1658495774579359,0
82,81,86,0.2091749262374909,0
82,81,87,-0.04650443016362278,0
82,81,88,-0.01107507391804353,0
82,81,89,-0.5587826058900575,0
82,81,90,-0.009128026188120046,0
82,81,91,-0.208795413189209,0
82,81,92,-0.7926395769157075,0
82,81,93,0.1353851063446548,0
82,81,94,-0.2558994780741537,0
82,81,95,-0.9301860662944249,0
82,81,96,0.1769120128995894,0
82,81,97,-0.03291928053023652,0
82,81,98,-0.6887801856386513,0
82,81,99,0.04413722660148404,0
82,81,100,0.1659285971992675,0
82,81,101,-0.2745726819115232,0
82,81,102,-0.02271867956135534,0
82,81,103,0.0966436080952059,0
82,81,104,-0.1268156469338186,0
82,81,105,0.05550929203108377,0
82,81,106,-0.09939303062255911,0
82,81,107,-0.28896800783871,0
82,81,108,0.07442567155657741,0
82,81,109,-0.1816940332076796,0
82,81,110,-0.3976718319623256,0
82,81,111,0.02541727631266074,0
82,81,112,-0.03994144921933368,0
82,81,113,-0.193364633547625,0
82,81,114,0.1651621158534429,0
82,81,115,0.1041091219378842,0
82,81,116,0.1983425935028191,0
82,81,117,-0.1885628339244465,0
82,81,118,0.1470015059635072,0
82,81,119,-0.2361417912520304,0
82,81,120,-0.05852745016618705,0
82,81,121,-0.4322021900122055,0
82,81,122,-0.1730562483036343,0
82,81,123,-0.465454611987669,0
82,81,124,-0.07724936581073771,0
82,81,125,-0.2628895856364992,0
82,81,126,0.1378806328655585,0
82,81,127,-0.03411214912073907,0
82,81,128,0.1632028416779243,0
82,81,129,-0.001264628284635156,0
82,81,130,-0.1039858341158585,0
82,81,131,-0.1670289283009596,0
82,81,132,-0.2445530841442028,0
82,81,133,-0.2568077636437546,0
82,81,134,-0.06284160008086861,0
82,81,135,-3.139402894815624e-06,0
82,81,136,-1.342270403399296e-05,0
82,81,137,-5.427769738442581e-05,0
82,81,138,-0.0002218072199719827,0
82,81,139,-0.0009287246558984801,0
82,81,140,-0.0002218358649759544,0
82,81,141,-5.428855556737413e-05,0
82,81,142,-1.34247727449818e-05,0
82,81,143,-3.139253002887582e-06,0
82,81,144,-4.954047754825816e-07,0
82,81,145,-2.095565918176446e-06,0
82,81,146,-6.000999400984092e-06,0
82,81,147,-6.914982783902168e-06,0
82,81,148,6.018627547015933e-05,0
82,81,149,-6.886424686031991e-06,0
82,81,150,-5.983335877322681e-06,0
82,81,151,-2.086062914157675e-06,0
82,81,152,-4.91174183105995e-07,0
82,81,153,3.043983731472174e-06,0
82,81,154,1.110023115268013e-05,0
82,81,155,3.985987679164896e-05,0
82,81,156,0.0001529316017771041,0
82,81,157,0.0006259737319383083,0
82,81,158,0.0001529696174215182,0
82,81,159,3.988716185150401e-05,0
82,81,160,1.111504385526591e-05,0
82,81,161,3.050265449051224e-06,0
82,81,162,2.526965108353176e-06,0
82,81,163,7.538224365726808e-06,0
82,81,164,1.746726924803966e-05,0
82,81,165,2.133629611139928e-05,0
82,81,166,-0.000110891484484264,0
82,81,167,2.134766339028586e-05,0
82,81,168,1.748080475291937e-05,0
82,81,169,7.54710579291115e-06,0
82,81,170,2.530975698177021e-06,0
83,82,0,-0.4556844282335066,0
83,82,1,-0.3148693175574219,0
83,82,2,-0.1839822416400942,0
83,82,3,-0.06086879647719291,0
83,82,4,-0.6547313649049031,0
83,82,5,-0.7948156303059805,0
83,82,6,0.5693250633832606,0
83,82,7,-0.2061181178016301,0
83,82,8,-0.8918669439543423,0
83,82,9,0.3172091325098192,0
83,82,10,0.354177872100231,0
83,82,11,-0.149570445478508,0
83,82,12,-0.3525176052432831,0
83,82,13,0.1900596096260432,0
83,82,14,0.411771402555642,0
83,82,15,-0.367349032194178,0
83,82,16,-0.2807212836215575,0
83,82,17,0.1081290576097092,0
83,82,18,0.06115077545366456,0
83,82,19,-0.3765273298558135,0
83,82,20,-0.4828182374055554,0
83,82,21,0.329359240227374,0
83,82,22,-0.08806583683859706,0
83,82,23,-0.5518309871563463,0
83,82,24,0.2843671253028675,0
83,82,25,0.2810340753926973,0
83,82,26,-0.005098179026037137,0
83,82,27,0.4094877557332454,0
83,82,28,0.571788200723669,0
83,82,29,0.1011909010027634,0
83,82,30,0.2782693340146065,0
83,82,31,0.6350594812094718,0
83,82,32,0.0174535717279195,0
83,82,33,-0.2830042230289015,0
83,82,34,0.1241432386985502,0
83,82,35,-0.1233135139185234,0
83,82,36,-0.5720118755780313,0
83,82,37,-0.1329624205852562,0
83,82,38,-0.194987401927966,0
83,82,39,-0.122836224395122,0
83,82,40,0.2127216873266789,0
83,82,41,-0.05467281358400661,0
83,82,42,0.3303128060486449,0
83,82,43,0.479574632685727,0
83,82,44,0.1655519244936497,0
83,82,45,0.1993731595534032,0
83,82,46,0.193993437521076,0
83,82,47,0.1303280472586562,0
83,82,48,-0.2088093479406092,0
83,82,49,-0.2283634888151226,0
83,82,50,-0.1573271681075365,0
83,82,51,-0.4287417390342495,0
83,82,52,-0.3042649989189411,0
83,82,53,-0.2447048114928767,0
83,82,54,-0.2120442310639733,0
83,82,55,-0.0490826584558782,0
83,82,56,0.285051727458676,0
83,82,57,0.2466567289054643,0
83,82,58,0.5225773579215871,0
83,82,59,0.6246538894171008,0
83,82,60,0.09484450904978785,0
83,82,61,0.2078291513382124,0
83,82,62,0.6438534275337631,0
83,82,63,0.4446579264877867,0
83,82,64,-0.483166571373569,0
83,82,65,0.06615477925687802,0
83,82,66,0.5262258250015678,0
83,82,67,-0.461884223533027,0
83,82,68,-0.2500221803629868,0
83,82,69,0.1978541355113943,0
83,82,70,0.2317617275407745,0
83,82,71,0.03902019184152365,0
83,82,72,-0.1865742471820927,0
83,82,73,0.5380544590720389,0
83,82,74,0.3677057987927228,0
83,82,75,-0.174029482026809,0
83,82,76,0.1803344252193366,0
83,82,77,0.3276579140456587,0
83,82,78,0.2183286546241305,0
83,82,79,-0.3945674010461511,0
83,82,80,-0.03854101513515436,0
83,82,81,0.4281339668813391,0
83,82,82,-0.5052051910386612,0
83,82,83,-0.3988177735031083,0
83,82,84,0.08365125419421235,0
83,82,85,-0.3027729252213459,0
83,82,86,-0.3893048352467531,0
83,82,87,0.2462153967435475,0
83,82,88,-0.3400847490330427,0
83,82,89,-1,0
83,82,90,0.1723731189099452,0
83,82,91,0.28131494322994,0
83,82,92,-0.2913419929209293,0
83,82,93,-0.1564431324919574,0
83,82,94,0.3420420232397666,0
83,82,95,0.1315655548867573,0
83,82,96,-0.09328639113189822,0
83,82,97,-0.1271909040444276,0
83,82,98,-0.2108294511692773,0
83,82,99,0.2297653577202985,0
83,82,100,-0.374189006005512,0
83,82,101,-0.6861541153926007,0
83,82,102,0.1885347401190836,0
83,82,103,-0.136158733720866,0
83,82,104,-0.5030197115365705,0
83,82,105,-0.02610220694994682,0
83,82,106,0.287589220610571,0
83,82,107,0.2188535930092223,0
83,82,108,-0.09090341319281345,0
83,82,109,0.4524416628453646,0
83,82,110,0.6132847257735071,0
83,82,111,-0.06715201878000517,0
83,82,112,0.06581970032348998,0
83,82,113,0.2018350149806849,0
83,82,114,-0.4392347680368076,0
83,82,115,-0.4499242633445987,0
83,82,116,-0.3928862152334776,0
83,82,117,-0.6988092632978485,0
83,82,118,-0.18764426020945,0
83,82,119,-0.4300760788387958,0
83,82,120,0.1831559841831832,0
83,82,121,0.06453811645281786,0
83,82,122,0.3491023636487069,0
83,82,123,0.1511778313428238,0
83,82,124,0.02436282570899633,0
83,82,125,-0.1682905638895342,0
83,82,126,-0.4559978741483519,0
83,82,127,-0.4472645187004277,0
83,82,128,-0.3833965298962898,0
83,82,129,-0.2822274123520964,0
83,82,130,0.2833935090394146,0
83,82,131,0.2518434547349278,0
83,82,132,0.5344135052699933,0
83,82,133,0.4759089997645122,0
83,82,134,0.02802721713093991,0
83,82,135,5.224636679649583e-06,0
83,82,136,2.055006820981744e-05,0
83,82,137,7.229599939709667e-05,0
83,82,138,0.000241316860971863,0
83,82,139,0.0007641560006152991,0
83,82,140,0.000241379221765385,0
83,82,141,7.232309080128155e-05,0
83,82,142,2.055628881472802e-05,0
83,82,143,5.224735820254462e-06,0
83,82,144,2.273727965497384e-06,0
83,82,145,1.162382808521691e-05,0
83,82,146,4.968658651848817e-05,0
83,82,147,0.0001963406638129722,0
83,82,148,0.0007532496063328668,0
83,82,149,0.0001963351127234387,0
83,82,150,4.966886914173805e-05,0
83,82,151,1.160769670742774e-05,0
83,82,152,2.264884564661736e-06,0
83,82,153,-6.408715137195994e-06,0
83,82,154,-2.055354085533649e-05,0
83,82,155,-6.084867857556191e-05,0
83,82,156,-0.0001807952998060056,0
83,82,157,-0.0005313416715159855,0
83,82,158,-0.0001809120460072035,0
83,82,159,-6.092909540385136e-05,0
83,82,160,-2.05960723441436e-05,0
83,82,161,-6.426496730913186e-06,0
83,82,162,-8.833912769524064e-06,0
83,82,163,-3.157837383228636e-05,0
83,82,164,-0.0001069574026777867,0
83,82,165,-0.0003714358243018356,0
83,82,166,-0.001330282796911452,0
83,82,167,-0.0003715405000660635,0
83,82,168,-0.0001070270389559735,0
83,82,169,-3.161352522330267e-05,0
83,82,170,-8.847917569615024e-06,0
84,83,0,0.9633380634044791,0
84,83,1,0.4403907495605201,0
84,83,2,-0.02026002729971849,0
84,83,3,-0.6842364888470474,0
84,83,4,0.1483048149140746,0
84,83,5,0.03631980882149883,0
84,83,6,-0.438071165811573,0
84,83,7,-0.5037226181551481,0
84,83,8,0.04272507593588371,0
84,83,9,0.9453634773184031,0
84,83,10,0.2205568037792722,0
84,83,11,-0.03353180251390667,0
84,83,12,-0.2367971779920626,0
84,83,13,0.3380229658300168,0
84,83,14,0.01448114268634228,0
84,83,15,-0.7734595305545416,0
84,83,16,-0.4094400121545471,0
84,83,17,0.08589441202259016,0
84,83,18,0.5178618212391376,0
84,83,19,-0.1178968634296284,0
84,83,20,-0.008587434943329078,0
84,83,21,0.4213957071571563,0
84,83,22,0.3643594214426069,0
84,83,23,-0.114123103010749,0
84,83,24,-0.6394543527360684,0
84,83,25,-0.1151366002743487,0
84,83,26,-0.0382906325472005,0
84,83,27,-0.2510266312280178,0
84,83,28,0.07143190446273048,0
84,83,29,0.9426211138294009,0
84,83,30,0.3644253164307416,0
84,83,31,-0.1348894337634436,0
84,83,32,-0.6191786430765823,0
84,83,33,0.1788788029223192,0
84,83,34,0.02003102713231906,0
84,83,35,-0.445883020731261,0
84,83,36,-0.4470592254642672,0
84,83,37,0.06082663590822404,0
84,83,38,0.8917972379638428,0
84,83,39,0.1488585856785678,0
84,83,40,-0.08762751408735839,0
84,83,41,-0.2243289316566707,0
84,83,42,0.3009432337537518,0
84,83,43,-0.03673949106904101,0
84,83,44,-0.7230887303529071,0
84,83,45,-0.3274727523817044,0
84,83,46,0.1138668200661413,0
84,83,47,0.5691125400645424,0
84,83,48,-0.06215614726186882,0
84,83,49,0.02204413294025772,0
84,83,50,0.4080956560148824,0
84,83,51,0.3187509677242034,0
84,83,52,-0.1327027921994604,0
84,83,53,-0.7282044198326577,0
84,83,54,-0.1765840573995879,0
84,83,55,-0.03400899783785691,0
84,83,56,-0.2271543316433111,0
84,83,57,0.1344757992703211,0
84,83,58,0.8270016069408631,0
84,83,59,0.2524172966770308,0
84,83,60,-0.1382175249514438,0
84,83,61,-0.5906784189937678,0
84,83,62,0.1426833126027218,0
84,83,63,0.04552274598031597,0
84,83,64,-0.3781819423083934,0
84,83,65,-0.3743574755268952,0
84,83,66,0.0990957994868453,0
84,83,67,0.8394432791809833,0
84,83,68,0.1270595600982868,0
84,83,69,-0.09268316796476847,0
84,83,70,-0.2890065041045175,0
84,83,71,0.1962735624028245,0
84,83,72,-0.08776040102294738,0
84,83,73,-0.6764302451976548,0
84,83,74,-0.335086187665725,0
84,83,75,0.08661161011162372,0
84,83,76,0.6664115486558773,0
84,83,77,0.03308589935853142,0
84,83,78,0.05743178321480248,0
84,83,79,0.376193016097946,0
84,83,80,0.3647750185603759,0
84,83,81,-0.07828283760760421,0
84,83,82,-0.8724364737071584,0
84,83,83,-0.2443505876054316,0
84,83,84,-0.01570937483467582,0
84,83,85,-0.2718127151992393,0
84,83,86,0.1129184065205459,0
84,83,87,0.6766043260089351,0
84,83,88,0.2310133883755166,0
84,83,89,-0.03536458625987146,0
84,83,90,-0.5871161126523825,0
84,83,91,0.1007930088462679,0
84,83,92,0.07446457181468302,0
84,83,93,-0.2706776309286782,0
84,83,94,-0.2995764710235234,0
84,83,95,0.1073177222856255,0
84,83,96,0.8340079545225916,0
84,83,97,0.1990414098487069,0
84,83,98,-0.0382962900743869,0
84,83,99,-0.3827594402335412,0
84,83,100,0.1343675331903244,0
84,83,101,-0.06844513502919902,0
84,83,102,-0.6922374070292989,0
84,83,103,-0.4180649178928552,0
84,83,104,0.04171799242276349,0
84,83,105,0.7467958565390698,0
84,83,106,0.07559745284289215,0
84,83,107,0.05135000304686438,0
84,83,108,0.3854107640887587,0
84,83,109,0.4553693546226971,0
84,83,110,-0.02509901283024848,0
84,83,111,-0.9773363818644539,0
84,83,112,-0.2762652422896849,0
84,83,113,-0.01133501389396226,0
84,83,114,-0.3673136817876189,0
84,83,115,0.030939389141086,0
84,83,116,0.5974467672646413,0
84,83,117,0.2619249456776034,0
84,83,118,-0.5683236365588817,0
84,83,119,0.05020760361927262,0
84,83,120,-0.2072269896376192,0
84,83,121,-0.3098244380027249,0
84,83,122,0.8645206117267471,0
84,83,123,0.2884672868146297,0
84,83,124,-0.4180840379369148,0
84,83,125,0.1750484574723961,0
84,83,126,-0.7478797421915443,0
84,83,127,-0.4995528542802212,0
84,83,128,0.7696844045573029,0
84,83,129,0.03389694838553847,0
84,83,130,0.4461352574134774,0
84,83,131,0.5294740474428821,0
84,83,132,-1,0
84,83,133,-0.2519218748314896,0
84,83,134,-0.430625673906822,0
84,83,135,3.112523895921768e-06,0
84,83,136,8.589305947403217e-06,0
84,83,137,2.145396993526195e-05,0
84,83,138,5.600625702856196e-05,0
84,83,139,0.0001570796568664512,0
84,83,140,5.603229979882441e-05,0
84,83,141,2.147507928721154e-05,0
84,83,142,8.602323364566792e-06,0
84,83,143,3.118614260188988e-06,0
84,83,144,4.31451044225922e-06,0
84,83,145,1.120630963868562e-05,0
84,83,146,2.537016408119048e-05,0
84,83,147,5.820565581750323e-05,0
84,83,148,0.0001407579510956847,0
84,83,149,5.823177325345269e-05,0
84,83,150,2.539504224107451e-05,0
84,83,151,1.12232271718197e-05,0
84,83,152,4.322780346313157e-06,0
84,83,153,3.434333004767579e-06,0
84,83,154,7.946737756441334e-06,0
84,83,155,1.419249834234486e-05,0
84,83,156,2.020036957451841e-05,0
84,83,157,1.215610209820055e-05,0
84,83,158,2.021363578083977e-05,0
84,83,159,1.42094172802878e-05,0
84,83,160,7.959921834618721e-06,0
84,83,161,3.441151260847406e-06,0
84,83,162,1.68490820109248e-06,0
84,83,163,3.292358115876282e-06,0
84,83,164,3.222992308279838e-06,0
84,83,165,-6.404976136970636e-06,0
84,83,166,-5.679392812787334e-05,0
84,83,167,-6.400600666528556e-06,0
84,83,168,3.230694914352481e-06,0
84,83,169,3.299054565560506e-06,0
84,83,170,1.688503278311735e-06,0
85,84,0,0.7612702864247856,0
85,84,1,0.1966659747765589,0
85,84,2,-0.3059151040605375,0
85,84,3,0.02582706860867581,0
85,84,4,0.4118637002116882,0
85,84,5,0.1228913119033454,0
85,84,6,-0.6845866949747209,0
85,84,7,-0.1851342997532885,0
85,84,8,0.2336718581620733,0
85,84,9,0.1043023423158099,0
85,84,10,-0.2594478557052604,0
85,84,11,0.0033512794294648,0
85,84,12,0.6175422198050421,0
85,84,13,0.3178475805432143,0
85,84,14,-0.01199148691345177,0
85,84,15,-0.2707135402610961,0
85,84,16,0.1809292334342061,0
85,84,17,0.0716926449764469,0
85,84,18,-0.7714294076783269,0
85,84,19,-0.5162350295224746,0
85,84,20,-0.1522770772572688,0
85,84,21,0.2509686815494689,0
85,84,22,-0.3981251012172892,0
85,84,23,-0.3835773218624331,0
85,84,24,1,0
85,84,25,0.480649784126922,0
85,84,26,-0.1213191615620198,0
85,84,27,0.6007280997750376,0
85,84,28,0.3774772599653936,0
85,84,29,0.3568597838718869,0
85,84,30,-0.1507725690276505,0
85,84,31,-0.3490113465032527,0
85,84,32,-0.03251310541892325,0
85,84,33,0.309827625641909,0
85,84,34,0.2228869077381076,0
85,84,35,-0.4656041370182551,0
85,84,36,0.008357142053408814,0
85,84,37,0.2554832737888083,0
85,84,38,0.06698321702557017,0
85,84,39,-0.2616361049890892,0
85,84,40,-0.1764278088535521,0
85,84,41,0.5459207415478848,0
85,84,42,0.2241398093777628,0
85,84,43,-0.09420221958389452,0
85,84,44,-0.02235110788053651,0
85,84,45,0.3736966530586306,0
85,84,46,0.2554930664426048,0
85,84,47,-0.5509403771409399,0
85,84,48,-0.3025484615891546,0
85,84,49,0.02751173208662928,0
85,84,50,-0.02954263180813116,0
85,84,51,-0.619530526901778,0
85,84,52,-0.4291365246483992,0
85,84,53,0.5361153003976282,0
85,84,54,0.05275881639533427,0
85,84,55,-0.2388369232471404,0
85,84,56,0.5742981402201789,0
85,84,57,0.377668054245149,0
85,84,58,-0.1976564461506684,0
85,84,59,-0.3100016100423456,0
85,84,60,-0.1166797836608595,0
85,84,61,-0.04505706465453183,0
85,84,62,0.1421963675200333,0
85,84,63,0.306247626629345,0
85,84,64,-0.03686970036360904,0
85,84,65,0.1477554418697393,0
85,84,66,0.1333697112485871,0
85,84,67,-0.02948112850494152,0
85,84,68,-0.3059598730048661,0
85,84,69,-0.4046076853782321,0
85,84,70,0.2156578563611865,0
85,84,71,-0.06191869692193494,0
85,84,72,-0.2114382697520621,0
85,84,73,0.2008498579640305,0
85,84,74,0.4772487510008994,0
85,84,75,0.3981588371498091,0
85,84,76,-0.123067229855227,0
85,84,77,0.2077863433737557,0
85,84,78,0.354293462027632,0
85,84,79,-0.2291791203547413,0
85,84,80,-0.4236280615244483,0
85,84,81,-0.1687936103406541,0
85,84,82,-0.04186338242790264,0
85,84,83,-0.3350765721580259,0
85,84,84,-0.2411506133632588,0
85,84,85,0.2194898899688384,0
85,84,86,0.1426092932929329,0
85,84,87,-0.620363197282453,0
85,84,88,-0.314269372686558,0
85,84,89,0.04180115228833083,0
85,84,90,0.09132701678292404,0
85,84,91,0.02510217985378295,0
85,84,92,0.2470560592309299,0
85,84,93,0.4952558308917502,0
85,84,94,0.3467685300736133,0
85,84,95,0.0419559119549125,0
85,84,96,-0.1912327084018857,0
85,84,97,-0.226578139391427,0
85,84,98,-0.3601092578155388,0
85,84,99,-0.3639786249703174,0
85,84,100,-0.4476459029440693,0
85,84,101,-0.2062789750995041,0
85,84,102,0.2304650748013216,0
85,84,103,0.260777821691937,0
85,84,104,0.2972154541837843,0
85,84,105,0.3707043806165602,0
85,84,106,0.5928594407377547,0
85,84,107,0.379739989127263,0
85,84,108,-0.1636622322531856,0
85,84,109,0.02972923963103246,0
85,84,110,0.03913003439369549,0
85,84,111,-0.4117022372734503,0
85,84,112,-0.4175203776131887,0
85,84,113,-0.1337708114902033,0
85,84,114,-0.1206805798076646,0
85,84,115,-0.02055469236349513,0
85,84,116,-0.8255004983521143,0
85,84,117,-0.3509807165114548,0
85,84,118,0.2261155850757977,0
85,84,119,-0.1518897907356521,0
85,84,120,0.8896044552072958,0
85,84,121,0.5212254562746879,0
85,84,122,-0.2909701596460513,0
85,84,123,0.09807678863058718,0
85,84,124,-0.8551665295114789,0
85,84,125,-0.6125221831362881,0
85,84,126,0.1306010521834582,0
85,84,127,-0.1744238792975298,0
85,84,128,0.705659319539375,0
85,84,129,0.5318756616160791,0
85,84,130,0.02234475083813607,0
85,84,131,0.3299541917800743,0
85,84,132,-0.5314662948909231,0
85,84,133,-0.2791199956569614,0
85,84,134,-0.2370833159267499,0
85,84,135,1.841533282888323e-05,0
85,84,136,4.596241728218715e-05,0
85,84,137,9.659954998410138e-05,0
85,84,138,0.0001965017573882188,0
85,84,139,0.0003965791956399732,0
85,84,140,0.0001966632856879288,0
85,84,141,9.675276146317855e-05,0
85,84,142,4.606642718880376e-05,0
85,84,143,1.846648828910764e-05,0
85,84,144,2.946596835113534e-05,0
85,84,145,7.329818090017422e-05,0
85,84,146,0.0001534534603261665,0
85,84,147,0.0003121857891312156,0
85,84,148,0.0006401606892317709,0
85,84,149,0.000312422792423832,0
85,84,150,0.0001536833123427482,0
85,84,151,7.345612828402425e-05,0
85,84,152,2.954364549331654e-05,0
85,84,153,2.892549920572473e-05,0
85,84,154,7.132409331929745e-05,0
85,84,155,0.0001468930531724479,0
85,84,156,0.0002912563686826085,0
85,84,157,0.0005781613954401351,0
85,84,158,0.0002914675441462413,0
85,84,159,0.0001471044683265482,0
85,84,160,7.147169474217222e-05,0
85,84,161,2.899822915932408e-05,0
85,84,162,1.751313701934199e-05,0
85,84,163,4.258502598824056e-05,0
85,84,164,8.482055367974558e-05,0
85,84,165,0.0001552811691735036,0
85,84,166,0.0002498362628147227,0
85,84,167,0.0001553967692351018,0
85,84,168,8.49405523186009e-05,0
85,84,169,4.267017257122072e-05,0
85,84,170,1.755507934828394e-05,0
86,85,0,-0.3005557432165795,0
86,85,1,0.1530016339883126,0
86,85,2,0.6073299734010978,0
86,85,3,-0.5474664196156773,0
86,85,4,-0.4115855351513085,0
86,85,5,-0.06700860477335428,0
86,85,6,-0.09565923130870764,0
86,85,7,-0.6680908279965012,0
86,85,8,-0.8018134611165303,0
86,85,9,0.7374181706922234,0
86,85,10,-0.07227710079809052,0
86,85,11,-0.7569567035052959,0
86,85,12,0.6657044188713174,0
86,85,13,0.6954033411059922,0
86,85,14,0.1491440477960326,0
86,85,15,-0.1828535524506196,0
86,85,16,0.6580358122497399,0
86,85,17,0.9958844147651243,0
86,85,18,-0.6975066346718332,0
86,85,19,0.07528860063273274,0
86,85,20,0.9928933455453895,0
86,85,21,-0.3990193068704188,0
86,85,22,-0.3234248019613254,0
86,85,23,0.3189391264298453,0
86,85,24,0.002260796727255203,0
86,85,25,-0.3773382919830066,0
86,85,26,-0.4566568631141384,0
86,85,27,-0.4100066114926488,0
86,85,28,-0.9031282279912016,0
86,85,29,0.3091808427816313,0
86,85,30,0.6230855768688778,0
86,85,31,0.4161440241743247,0
86,85,32,0.1429888769713186,0
86,85,33,0.2216393143966188,0
86,85,34,0.107734497085936,0
86,85,35,-0.129681878475599,0
86,85,36,-0.5835382889385229,0
86,85,37,-0.4424561240108038,0
86,85,38,-0.1015411954269861,0
86,85,39,-0.7337327817470136,0
86,85,40,-0.5727201108445197,0
86,85,41,-0.04437589010265468,0
86,85,42,0.02394050002806648,0
86,85,43,0.04156728721520835,0
86,85,44,-0.1775467121128967,0
86,85,45,0.6710909457045611,0
86,85,46,0.6823896218201209,0
86,85,47,-0.1012484203456779,0
86,85,48,0.6236726693098026,0
86,85,49,0.6380030635909294,0
86,85,50,0.2832716118930551,0
86,85,51,0.2829151720838813,0
86,85,52,0.1315133086974961,0
86,85,53,0.4152614934584332,0
86,85,54,-0.0397515565830538,0
86,85,55,-0.2865521627274223,0
86,85,56,-0.438760491053548,0
86,85,57,-0.4509697686250214,0
86,85,58,0.5862602915333083,0
86,85,59,0.2258230900744955,0
86,85,60,-0.4935121770670798,0
86,85,61,0.6371345603706486,0
86,85,62,0.6711955720941628,0
86,85,63,0.1528994385459775,0
86,85,64,-0.02622887887861904,0
86,85,65,0.308657488540557,0
86,85,66,0.5164795023954598,0
86,85,67,-0.6820441715271334,0
86,85,68,-0.4361360385505149,0
86,85,69,0.3205453495409164,0
86,85,70,-0.5868042550853511,0
86,85,71,-0.564747100975453,0
86,85,72,-0.03827033878443774,0
86,85,73,-0.08960271232690886,0
86,85,74,-0.1408865396379234,0
86,85,75,-0.3623362590453384,0
86,85,76,0.3911141505271789,0
86,85,77,0.1511234888831752,0
86,85,78,-0.5907080804736043,0
86,85,79,0.6510470705962049,0
86,85,80,0.2913766068615614,0
86,85,81,-0.4701026419314158,0
86,85,82,0.5298347262506885,0
86,85,83,0.4366432227156333,0
86,85,84,0.1373654762262119,0
86,85,85,0.3545670748168672,0
86,85,86,0.732681227209205,0
86,85,87,-0.002634341196464318,0
86,85,88,-0.6457217923583184,0
86,85,89,-0.8674365339815264,0
86,85,90,0.2917102741181624,0
86,85,91,0.2018737985292449,0
86,85,92,-1.797234894767256e-06,0
86,85,93,0.1458652315155888,0
86,85,94,0.7919125256572873,0
86,85,95,0.7416798416729534,0
86,85,96,-0.366759827970397,0
86,85,97,0.3751032094083716,0
86,85,98,0.6793285904791621,0
86,85,99,-0.3211593629543139,0
86,85,100,-0.3174651690079933,0
86,85,101,0.01499367557910435,0
86,85,102,0.1531425437727108,0
86,85,103,-0.5511799709780509,0
86,85,104,-0.6909421586494818,0
86,85,105,0.3242569036978661,0
86,85,106,-0.5137521074045494,0
86,85,107,-0.986719528614268,0
86,85,108,0.1057118424036372,0
86,85,109,-0.3263196078199253,0
86,85,110,-0.6508731070818571,0
86,85,111,-0.04349633547885122,0
86,85,112,0.1910556669984338,0
86,85,113,0.2239312543876687,0
86,85,114,0.7699131920763133,0
86,85,115,1,0
86,85,116,-0.8075843044906383,0
86,85,117,-0.7724038900732668,0
86,85,118,-0.3948126679428464,0
86,85,119,-0.5383576262948514,0
86,85,120,0.2296388462619257,0
86,85,121,0.2773112911484293,0
86,85,122,0.2555322141015216,0
86,85,123,0.5388871636450799,0
86,85,124,0.2652031713884653,0
86,85,125,0.2397573990362608,0
86,85,126,0.3976990478900786,0
86,85,127,-0.03277347502130632,0
86,85,128,0.02328761856702831,0
86,85,129,-0.2695102324586665,0
86,85,130,-0.6765242239731351,0
86,85,131,-0.5752417721516607,0
86,85,132,-0.7468541453024995,0
86,85,133,-0.5060766015263475,0
86,85,134,0.1360447074219284,0
86,85,135,2.853347507875468e-05,0
86,85,136,8.306666387004983e-05,0
86,85,137,0.0002242037581064269,0
86,85,138,0.000639363145541364,0
86,85,139,0.001958033904251596,0
86,85,140,0.0006396642349217204,0
86,85,141,0.0002244286120620446,0
86,85,142,8.319726713881042e-05,0
86,85,143,2.85924867424796e-05,0
86,85,144,3.605561474368966e-05,0
86,85,145,9.611877628335076e-05,0
86,85,146,0.0002268056884092979,0
86,85,147,0.00054787984694369,0
86,85,148,0.001394830673691727,0
86,85,149,0.0005481138213720812,0
86,85,150,0.0002270278146032466,0
86,85,151,9.626918386607458e-05,0
86,85,152,3.612888121763789e-05,0
86,85,153,2.418393796928388e-05,0
86,85,154,5.210085302344278e-05,0
86,85,155,7.549708659402843e-05,0
86,85,156,3.111765753397485e-05,0
86,85,157,-0.0003682578141948771,0
86,85,158,3.116541185521982e-05,0
86,85,159,7.560477116883112e-05,0
86,85,160,5.219863967660509e-05,0
86,85,161,2.423743038771799e-05,0
86,85,162,9.320432698268228e-06,0
86,85,163,1.181178827770082e-05,0
86,85,164,-2.083299979926775e-05,0
86,85,165,-0.000198152003094852,0
86,85,166,-0.0009034625491491192,0
86,85,167,-0.0001981689245409372,0
86,85,168,-2.080130497687155e-05,0
86,85,169,1.185381814467833e-05,0
86,85,170,9.345895454194082e-06,0
87,86,0,1,0
87,86,1,0.3843533709717719,0
87,86,2,-0.08631940780530074,0
87,86,3,-0.08764731235385145,0
87,86,4,0.380066325088827,0
87,86,5,-0.01370066392444017,0
87,86,6,-0.9088777868044533,0
87,86,7,-0.3932328328604932,0
87,86,8,0.06321939141775341,0
87,86,9,0.1983821259408466,0
87,86,10,-0.2877741889716219,0
87,86,11,0.02853466074427932,0
87,86,12,0.8143897842727351,0
87,86,13,0.4152274344669035,0
87,86,14,-0.03014501759300437,0
87,86,15,-0.1740370047168754,0
87,86,16,0.2627928084900225,0
87,86,17,0.008111517499205714,0
87,86,18,-0.7735345242381908,0
87,86,19,-0.3499477042136567,0
87,86,20,0.07697920488065908,0
87,86,21,0.0399848206566408,0
87,86,22,-0.2660762189160605,0
87,86,23,0.07073875578118172,0
87,86,24,0.6808316258549367,0
87,86,25,0.2821231249382624,0
87,86,26,-0.02211631403762926,0
87,86,27,0.2365350859266943,0
87,86,28,-0.08970180715451563,0
87,86,29,0.9372098670499709,0
87,86,30,0.2967289705988299,0
87,86,31,-0.1351915975753624,0
87,86,32,-0.09504481653361851,0
87,86,33,0.344463029717791,0
87,86,34,-0.0130659884085006,0
87,86,35,-0.8882519106788483,0
87,86,36,-0.3416057285931324,0
87,86,37,0.1018765547579532,0
87,86,38,0.1945519841980722,0
87,86,39,-0.2670684274360235,0
87,86,40,0.02997109313833683,0
87,86,41,0.8006354061652101,0
87,86,42,0.3705793095355916,0
87,86,43,-0.08285683526420831,0
87,86,44,-0.1949477305963761,0
87,86,45,0.2347215236418591,0
87,86,46,-0.03239750608435037,0
87,86,47,-0.7782722046270975,0
87,86,48,-0.3200106505615383,0
87,86,49,0.09279423754454864,0
87,86,50,0.08280880953852998,0
87,86,51,-0.2041546518985647,0
87,86,52,0.1070271438541148,0
87,86,53,0.7477950653863165,0
87,86,54,0.3162195881812816,0
87,86,55,-0.02371855709493111,0
87,86,56,0.206117866707947,0
87,86,57,-0.1322404478047547,0
87,86,58,0.8263018517884175,0
87,86,59,0.246977794423951,0
87,86,60,-0.09252388718166879,0
87,86,61,-0.1423788079708567,0
87,86,62,0.2908350113736071,0
87,86,63,0.0158968234633871,0
87,86,64,-0.8324934893809929,0
87,86,65,-0.3168257133900709,0
87,86,66,0.1102205374792382,0
87,86,67,0.2447379029227413,0
87,86,68,-0.2289418503512949,0
87,86,69,0.01365515849530601,0
87,86,70,0.7725123653219608,0
87,86,71,0.3379757636437285,0
87,86,72,-0.1231832833119285,0
87,86,73,-0.2656410853500045,0
87,86,74,0.1541188947740918,0
87,86,75,-0.08475937751814872,0
87,86,76,-0.8018365039773604,0
87,86,77,-0.368162851267033,0
87,86,78,0.054210677820676,0
87,86,79,0.1588159376226572,0
87,86,80,-0.1715119989644142,0
87,86,81,0.09711309015974945,0
87,86,82,0.8516999848657669,0
87,86,83,0.3962356160315458,0
87,86,84,-0.005495567077423883,0
87,86,85,0.2445421060929714,0
87,86,86,-0.09802096463564104,0
87,86,87,0.7267543219195403,0
87,86,88,0.2565343362048657,0
87,86,89,-0.02069567705979779,0
87,86,90,-0.1761131306874691,0
87,86,91,0.2543168571111228,0
87,86,92,0.03106266404993525,0
87,86,93,-0.7565439396452867,0
87,86,94,-0.3103855094675783,0
87,86,95,0.07668882953772699,0
87,86,96,0.318734692892454,0
87,86,97,-0.1772741215523561,0
87,86,98,0.004087120499467968,0
87,86,99,0.7519470493416608,0
87,86,100,0.3551141231382717,0
87,86,101,-0.09439810560600904,0
87,86,102,-0.3483399862501522,0
87,86,103,0.09232605545541034,0
87,86,104,-0.07764230079905224,0
87,86,105,-0.853246321550102,0
87,86,106,-0.4570114331746648,0
87,86,107,0.01356162611997366,0
87,86,108,0.2065499939320395,0
87,86,109,-0.1955577340825907,0
87,86,110,0.05525713595279697,0
87,86,111,0.9410649019408528,0
87,86,112,0.4658981479323526,0
87,86,113,0.008921813697842977,0
87,86,114,0.324178391489353,0
87,86,115,-0.03227205922113446,0
87,86,116,0.6816745323001501,0
87,86,117,0.279219120293035,0
87,86,118,-0.166510114802902,0
87,86,119,0.2320863667822828,0
87,86,120,-0.7045929002845421,0
87,86,121,-0.3341766338232786,0
87,86,122,0.356120409897135,0
87,86,123,-0.1457871923177977,0
87,86,124,0.7530211008531121,0
87,86,125,0.4266336574536278,0
87,86,126,-0.3877598297936835,0
87,86,127,0.1135868696423748,0
87,86,128,-0.9052415579801452,0
87,86,129,-0.5176063540247028,0
87,86,130,0.2000907910352571,0
87,86,131,-0.2614502358988595,0
87,86,132,0.9843840296262887,0
87,86,133,0.483207624814685,0
87,86,134,0.3843422133139158,0
87,86,135,-1.14976213855422e-05,0
87,86,136,-2.713328184757485e-05,0
87,86,137,-5.061908551560435e-05,0
87,86,138,-8.008341737538042e-05,0
87,86,139,-8.195180761502012e-05,0
87,86,140,-8.02124924295897e-05,0
87,86,141,-5.075275621650297e-05,0
87,86,142,-2.722818319519966e-05,0
87,86,143,-1.154528727077052e-05,0
87,86,144,-1.967091415457006e-05,0
87,86,145,-4.796994195747253e-05,0
87,86,146,-9.651138797138794e-05,0
87,86,147,-0.0001827085486230327,0
87,86,148,-0.00033039851878631,0
87,86,149,-0.0001829347816957766,0
87,86,150,-9.673308208694599e-05,0
87,86,151,-4.812308630480027e-05,0
87,86,152,-1.974642933007861e-05,0
87,86,153,-2.089754268011804e-05,0
87,86,154,-5.251215601523787e-05,0
87,86,155,-0.0001121099157903196,0
87,86,156,-0.0002359275333712678,0
87,86,157,-0.0005116903832011365,0
87,86,158,-0.0002361629507166526,0
87,86,159,-0.0001123338407837303,0
87,86,160,-5.266403813932111e-05,0
87,86,161,-2.097133568754997e-05,0
87,86,162,-1.348455278601915e-05,0
87,86,163,-3.44931020271966e-05,0
87,86,164,-7.591659532230082e-05,0
87,86,165,-0.0001665513074279868,0
87,86,166,-0.0003775283646241295,0
87,86,167,-0.000166691556697304,0
87,86,168,-7.605074133780454e-05,0
87,86,169,-3.458396945267134e-05,0
87,86,170,-1.352829523431804e-05,0
88,87,0,-0.2492405229548498,0
88,87,1,0.1880453877279799,0
88,87,2,0.6513141368309466,0
88,87,3,-0.4064867788447674,0
88,87,4,-0.1607030241923787,0
88,87,5,0.2570619481807823,0
88,87,6,-0.2682723324643514,0
88,87,7,-0.4197722058563962,0
88,87,8,-0.3011010075930571,0
88,87,9,0.0809324964908877,0
88,87,10,-0.3876629026774166,0
88,87,11,-0.687484635244779,0
88,87,12,0.3075178967859185,0
88,87,13,-0.1395699138553343,0
88,87,14,-0.6795540401135398,0
88,87,15,0.2543919296350333,0
88,87,16,0.05950473503958654,0
88,87,17,-0.3873919963024177,0
88,87,18,0.1892442372345398,0
88,87,19,0.1967733939591222,0
88,87,20,0.0408384097879874,0
88,87,21,0.1975316356698252,0
88,87,22,0.3519722863816071,0
88,87,23,0.4522375064486684,0
88,87,24,0.1714198544854002,0
88,87,25,0.491977055253023,0
88,87,26,0.7919640812499775,0
88,87,27,0.4998473427622207,0
88,87,28,0.9938739271621451,0
88,87,29,0.1017521879036376,0
88,87,30,0.5255930396198563,0
88,87,31,0.4212932679091458,0
88,87,32,0.1002763307022362,0
88,87,33,0.2885275673162921,0
88,87,34,0.1948323557129621,0
88,87,35,0.08525686873339765,0
88,87,36,-0.1334842211528289,0
88,87,37,-0.1693433084842703,0
88,87,38,0.07992684783742052,0
88,87,39,-0.4330344420226853,0
88,87,40,-0.4297429622338849,0
88,87,41,-0.004113023347873312,0
88,87,42,-0.4617497809200101,0
88,87,43,-0.4186744771112138,0
88,87,44,-0.1239640246714247,0
88,87,45,-0.3198709873535311,0
88,87,46,-0.2271419951336124,0
88,87,47,-0.1840267034882135,0
88,87,48,-0.09602862131157022,0
88,87,49,0.02534490522948116,0
88,87,50,-0.1208821136583492,0
88,87,51,0.1830461098814193,0
88,87,52,0.2540773224980191,0
88,87,53,-0.02630376081273936,0
88,87,54,0.4846683986660846,0
88,87,55,0.463323847400211,0
88,87,56,0.6914679529119212,0
88,87,57,0.6260545038902073,0
88,87,58,0.3247444089461527,0
88,87,59,0.1464811516234965,0
88,87,60,-0.3999559616215556,0
88,87,61,0.4319095403190515,0
88,87,62,0.3338641511355345,0
88,87,63,-0.1615992622393355,0
88,87,64,0.301555795864407,0
88,87,65,0.2955545641952993,0
88,87,66,0.1395145025694552,0
88,87,67,0.04041094436458854,0
88,87,68,0.1170600266863888,0
88,87,69,0.3711487570086607,0
88,87,70,-0.2395173626822526,0
88,87,71,-0.07997081306351392,0
88,87,72,0.4328559304839907,0
88,87,73,-0.3576238633391242,0
88,87,74,-0.2047830326727554,0
88,87,75,0.3150035548010138,0
88,87,76,-0.3792949886872269,0
88,87,77,-0.2726414175006237,0
88,87,78,0.03237194372079305,0
88,87,79,-0.2847796378076605,0
88,87,80,-0.2817346756803207,0
88,87,81,-0.2861104063806371,0
88,87,82,-0.1370814104553419,0
88,87,83,-0.1951269616691249,0
88,87,84,-0.5210905872319098,0
88,87,85,-0.04671488622789498,0
88,87,86,-0.6063423347541735,0
88,87,87,0.1278513973482318,0
88,87,88,-0.4299608169359049,0
88,87,89,-0.6751752243046707,0
88,87,90,0.1642039415737747,0
88,87,91,-0.09288865812805068,0
88,87,92,-0.3182696781868659,0
88,87,93,0.07693868760705316,0
88,87,94,0.2534504599767183,0
88,87,95,0.198192380638384,0
88,87,96,-0.0426856157933685,0
88,87,97,0.4535820164647573,0
88,87,98,0.6060586036187556,0
88,87,99,-0.1184944561273794,0
88,87,100,0.4377490961258247,0
88,87,101,0.6956324570625837,0
88,87,102,-0.1126624761515253,0
88,87,103,0.2556863418636571,0
88,87,104,0.4882867194344742,0
88,87,105,-0.08362198986942013,0
88,87,106,-0.04214667945174925,0
88,87,107,0.0523639089368948,0
88,87,108,-0.04856976187104043,0
88,87,109,-0.3596153559578495,0
88,87,110,-0.4209047069755932,0
88,87,111,-0.02367591663828599,0
88,87,112,-0.6016247683071725,0
88,87,113,-0.7999468352407181,0
88,87,114,-0.7057160027374655,0
88,87,115,-1,0
88,87,116,-0.2040044536980002,0
88,87,117,-0.3898449544380994,0
88,87,118,-0.3014210043670713,0
88,87,119,-0.3562664095257639,0
88,87,120,-0.2825785524133874,0
88,87,121,-0.156890992130033,0
88,87,122,-0.113993923297806,0
88,87,123,0.1059175428844586,0
88,87,124,0.1442931201479318,0
88,87,125,0.3269876221340212,0
88,87,126,0.2828279354337345,0
88,87,127,0.3866204850620847,0
88,87,128,0.3392727065784813,0
88,87,129,0.2743185460960714,0
88,87,130,0.2833797343850651,0
88,87,131,0.0688358457280198,0
88,87,132,0.1425178709865167,0
88,87,133,-0.1749350315364457,0
88,87,134,-0.3759287441812373,0
88,87,135,-8.038197960020765e-06,0
88,87,136,-3.755499829066761e-05,0
88,87,137,-0.0001500811401567587,0
88,87,138,-0.0005562241134304351,0
88,87,139,-0.001977312732875224,0
88,87,140,-0.0005564310157878181,0
88,87,141,-0.0001501468702278036,0
88,87,142,-3.755128479432467e-05,0
88,87,143,-8.024778932188339e-06,0
88,87,144,1.3053543285637e-06,0
88,87,145,-7.95062399384622e-06,0
88,87,146,-6.265097636726516e-05,0
88,87,147,-0.000291533069112397,0
88,87,148,-0.00115846051841994,0
88,87,149,-0.0002914134762182477,0
88,87,150,-6.250698708567191e-05,0
88,87,151,-7.841773553828645e-06,0
88,87,152,1.36139980981964e-06,0
88,87,153,1.921556090923337e-05,0
88,87,154,5.847569038287168e-05,0
88,87,155,0.0001658306611575577,0
88,87,156,0.0004896863070054541,0
88,87,157,0.001512230285444549,0
88,87,158,0.000490185217136424,0
88,87,159,0.0001661937492459129,0
88,87,160,5.867793145822817e-05,0
88,87,161,1.930320888962783e-05,0
88,87,162,2.093545804306418e-05,0
88,87,163,6.988614086701724e-05,0
88,87,164,0.0002193597440750788,0
88,87,165,0.0007062256615766364,0
88,87,166,0.002333890769975444,0
88,87,167,0.0007066247448673755,0
88,87,168,0.0002196448072612809,0
88,87,169,7.003936536337497e-05,0
88,87,170,2.099928634287491e-05,0
89,88,0,-0.8382306873661092,0
89,88,1,-0.04271661215637264,0
89,88,2,0.6863514344817779,0
89,88,3,-0.547818250856261,0
89,88,4,-0.4886036857056442,0
89,88,5,0.1902317265171103,0
89,88,6,0.4193011095336195,0
89,88,7,-0.1478806561506757,0
89,88,8,-0.2134275518765628,0
89,88,9,0.5633841143493509,0
89,88,10,0.3083826225507303,0
89,88,11,-0.219468650539854,0
89,88,12,-0.3517075015591042,0
89,88,13,0.01003048226065765,0
89,88,14,-0.1754154455877389,0
89,88,15,-0.935325499846154,0
89,88,16,-0.7053659394018854,0
89,88,17,-0.4603492461034059,0
89,88,18,-0.3565203528929328,0
89,88,19,-0.8768291104649659,0
89,88,20,-0.8580160949999343,0
89,88,21,0.7360639942503168,0
89,88,22,-0.2647269931352967,0
89,88,23,-0.9722139713301914,0
89,88,24,0.9606849008067659,0
89,88,25,0.3822488500437142,0
89,88,26,-0.6762205034167734,0
89,88,27,0.2459957938030739,0
89,88,28,-0.3136422382796186,0
89,88,29,-0.3774276462101142,0
89,88,30,0.4346620943096912,0
89,88,31,0.6489940543280885,0
89,88,32,-0.2033646421329886,0
89,88,33,-0.1532674171204851,0
89,88,34,0.006312715211742074,0
89,88,35,0.3951672079407897,0
89,88,36,-0.1903812892084283,0
89,88,37,-0.3947184590736196,0
89,88,38,0.5337016729084814,0
89,88,39,0.2319726668024464,0
89,88,40,-0.121065381116648,0
89,88,41,-0.09768130980747572,0
89,88,42,0.1811068236898262,0
89,88,43,0.1819273166867715,0
89,88,44,-0.5552778494799764,0
89,88,45,-0.5049653932630028,0
89,88,46,-0.1146130191069678,0
89,88,47,-0.2618106725467002,0
89,88,48,-1,0
89,88,49,-0.7288422670349131,0
89,88,50,0.4539347183387203,0
89,88,51,-0.7351084208093438,0
89,88,52,-0.9298299984998307,0
89,88,53,0.6456622078533393,0
89,88,54,-0.05940532736376352,0
89,88,55,-0.4825620009928387,0
89,88,56,0.1515009684576251,0
89,88,57,0.07022413932526383,0
89,88,58,0.2427444853055495,0
89,88,59,0.4165454800117154,0
89,88,60,0.06633847816890395,0
89,88,61,0.1717526375160404,0
89,88,62,-0.004524860124155997,0
89,88,63,-0.4029281520826702,0
89,88,64,0.1195160910966338,0
89,88,65,-0.2751964858416484,0
89,88,66,-0.4979706633783494,0
89,88,67,0.2322549726633721,0
89,88,68,0.1487691342275943,0
89,88,69,0.132148308836263,0
89,88,70,0.1733048374328769,0
89,88,71,0.5677051233194035,0
89,88,72,0.7311278365628564,0
89,88,73,-0.009083911090030596,0
89,88,74,0.2903945173112664,0
89,88,75,0.644683063630492,0
89,88,76,-0.1113517679201346,0
89,88,77,-0.32497465127386,0
89,88,78,0.07785264774119739,0
89,88,79,0.003046924698850687,0
89,88,80,-0.494579598597026,0
89,88,81,-0.1303267097758106,0
89,88,82,0.112453780629653,0
89,88,83,-0.03586067035043585,0
89,88,84,0.2909578180358139,0
89,88,85,0.425873753354362,0
89,88,86,0.8240580136462458,0
89,88,87,0.7008623199591479,0
89,88,88,0.2125604645692402,0
89,88,89,-0.2400323169963173,0
89,88,90,0.2940429097919531,0
89,88,91,0.02803729900696976,0
89,88,92,-0.4624459256058628,0
89,88,93,-0.4606920348372664,0
89,88,94,-0.4579262094181264,0
89,88,95,-0.3810792071250662,0
89,88,96,-0.3503220933029334,0
89,88,97,-0.1961820683105389,0
89,88,98,0.1830871206723447,0
89,88,99,0.3210543031884134,0
89,88,100,0.6230310315304454,0
89,88,101,0.7091115238328902,0
89,88,102,0.4957455671006677,0
89,88,103,0.9296385016729368,0
89,88,104,0.7716865998780659,0
89,88,105,0.06089923731356865,0
89,88,106,0.4469492958501197,0
89,88,107,0.4512170754544907,0
89,88,108,-0.4137557732071837,0
89,88,109,-0.0581635410708365,0
89,88,110,0.3195008155810811,0
89,88,111,-0.41052015625741,0
89,88,112,0.04074419339061406,0
89,88,113,0.5680203555316697,0
89,88,114,0.5713420695200854,0
89,88,115,0.8961984462501048,0
89,88,116,0.8986371339250708,0
89,88,117,0.2650288498412447,0
89,88,118,0.2579633789919482,0
89,88,119,0.2733436374829184,0
89,88,120,-0.9586040215954929,0
89,88,121,-0.4575797658399631,0
89,88,122,-0.8543842516956058,0
89,88,123,-0.666934104702106,0
89,88,124,0.352108131675375,0
89,88,125,0.1085322665486658,0
89,88,126,0.8087437050759371,0
89,88,127,0.7924745952033645,0
89,88,128,0.2109196865787411,0
89,88,129,0.5972546913450523,0
89,88,130,-0.6250522863051138,0
89,88,131,-0.02669664205139512,0
89,88,132,-0.7125118318699275,0
89,88,133,-0.2861847007501055,0
89,88,134,0.1005868215525166,0
89,88,135,8.860734635382157e-05,0
89,88,136,0.0002002322271781537,0
89,88,137,0.0003360476492278048,0
89,88,138,0.0003865555323285702,0
89,88,139,-0.0002222880055405375,0
89,88,140,0.0003876652095573757,0
89,88,141,0.0003372819473518731,0
89,88,142,0.0002011377226742215,0
89,88,143,8.906885589147619e-05,0
89,88,144,0.0001588220472237233,0
89,88,145,0.0003814138388362937,0
89,88,146,0.0007421146263625073,0
89,88,147,0.001308320788677751,0
89,88,148,0.00199858861810595,0
89,88,149,0.001310533750341941,0
89,88,150,0.0007443054288780776,0
89,88,151,0.0003829344835893186,0
89,88,152,0.0001595735626020817,0
89,88,153,0.0001777891209899834,0
89,88,154,0.0004516988210229249,0
89,88,155,0.0009836593023874202,0
89,88,156,0.002133206810607759,0
89,88,157,0.004812755032321866,0
89,88,158,0.002135744996085868,0
89,88,159,0.0009860068466772097,0
89,88,160,0.0004532647778873342,0
89,88,161,0.0001785436172122205,0
89,88,162,0.0001193158947965869,0
89,88,163,0.0003140410410943831,0
89,88,164,0.0007273436834026179,0
89,88,165,0.001724075857117607,0
89,88,166,0.004348722391198995,0
89,88,167,0.001725659560711362,0
89,88,168,0.000728795191412772,0
89,88,169,0.0003149988422473641,0
89,88,170,0.0001197707579233841,0
90,89,0,0.2912765032492559,0
90,89,1,0.3317803180281976,0
90,89,2,0.4810999386405677,0
90,89,3,-0.07109445201304392,0
90,89,4,0.2800617419520144,0
90,89,5,0.4296510738406369,0
90,89,6,-0.6568645501361264,0
90,89,7,-0.2541765850440563,0
90,89,8,0.1007712608250475,0
90,89,9,-0.5476043321779543,0
90,89,10,-0.7000685776037713,0
90,89,11,-0.4691086328243509,0
90,89,12,0.2501710799505256,0
90,89,13,-0.4935528901419661,0
90,89,14,-0.8535272905649292,0
90,89,15,0.6179965636048046,0
90,89,16,-0.02589053734758426,0
90,89,17,-0.8700138411373698,0
90,89,18,0.2455157084260634,0
90,89,19,0.07262853489634948,0
90,89,20,-0.6307376197353526,0
90,89,21,-0.4360432251877946,0
90,89,22,-0.3130888841139628,0
90,89,23,-0.5614579738987746,0
90,89,24,-0.5893881024514874,0
90,89,25,-0.7219569694799635,0
90,89,26,-0.7503316574936745,0
90,89,27,-0.6485522339169932,0
90,89,28,-0.9811727632556593,0
90,89,29,0.3191153657979613,0
90,89,30,0.4141168910586623,0
90,89,31,0.1608537193988355,0
90,89,32,0.2343499781988451,0
90,89,33,0.5780258422162683,0
90,89,34,0.3654412538431202,0
90,89,35,-0.1218837276622521,0
90,89,36,0.202293577229695,0
90,89,37,0.2523920017702444,0
90,89,38,-0.1977054608103307,0
90,89,39,-0.463574505419485,0
90,89,40,-0.2872391203996531,0
90,89,41,0.1497373298046094,0
90,89,42,-0.7034844838865306,0
90,89,43,-0.7037224040428534,0
90,89,44,0.4080857738799957,0
90,89,45,-0.4230346420182903,0
90,89,46,-0.6370734772992995,0
90,89,47,0.2061734929208437,0
90,89,48,-0.1350415734446725,0
90,89,49,-0.2545284319120828,0
90,89,50,-0.2382658093247319,0
90,89,51,-0.3056884746399554,0
90,89,52,-0.1280560169469886,0
90,89,53,-0.3685596788013569,0
90,89,54,-0.7353501032849856,0
90,89,55,-0.4188196619510781,0
90,89,56,-0.9004333114948021,0
90,89,57,-0.7974680395273057,0
90,89,58,0.1399223895205866,0
90,89,59,-0.1385393317425284,0
90,89,60,-0.6060656679531734,0
90,89,61,0.3405600859318368,0
90,89,62,0.3211171904943698,0
90,89,63,-0.08506299079026759,0
90,89,64,0.3700757904005549,0
90,89,65,0.5364382545064885,0
90,89,66,0.302090256499326,0
90,89,67,0.1632054909651736,0
90,89,68,0.199233561295685,0
90,89,69,0.2425314342898333,0
90,89,70,-0.03707634054041341,0
90,89,71,-0.2138122023186728,0
90,89,72,0.1046604180183508,0
90,89,73,0.02031751016803828,0
90,89,74,-0.150003141783279,0
90,89,75,0.3079154293760772,0
90,89,76,0.06260789210253874,0
90,89,77,0.2173471388677458,0
90,89,78,0.69250294168756,0
90,89,79,0.004355270698725683,0
90,89,80,0.3267227573570797,0
90,89,81,0.8365078176400745,0
90,89,82,-0.05297249158713912,0
90,89,83,0.04405360071733409,0
90,89,84,0.5680884271686619,0
90,89,85,-0.2731102153204071,0
90,89,86,0.2037179361265574,0
90,89,87,-0.3214007854108453,0
90,89,88,-0.7374383032920613,0
90,89,89,-0.7679946034686145,0
90,89,90,-0.01652813861622636,0
90,89,91,-0.3100835220949999,0
90,89,92,-0.3034198868819094,0
90,89,93,0.4220606254632879,0
90,89,94,0.3798690199533856,0
90,89,95,0.1821583316197841,0
90,89,96,0.2842423580803942,0
90,89,97,0.5691468547646419,0
90,89,98,0.3918188224445823,0
90,89,99,-0.2254213963318375,0
90,89,100,0.2687911022308951,0
90,89,101,0.4558344337928422,0
90,89,102,-0.3696118855716988,0
90,89,103,0.1744145397531172,0
90,89,104,0.6558142584985407,0
90,89,105,-0.1060264748909563,0
90,89,106,0.4880233112491369,0
90,89,107,0.8985641738656817,0
90,89,108,0.2197072926086792,0
90,89,109,0.8243297126411629,0
90,89,110,1,0
90,89,111,0.25246613302031,0
90,89,112,0.7880888576762488,0
90,89,113,0.8506385516665846,0
90,89,114,0.4596991425324958,0
90,89,115,0.6450767763011152,0
90,89,116,-0.7519942091484952,0
90,89,117,-0.6474710135702711,0
90,89,118,-0.480948836477854,0
90,89,119,-0.6405494399383538,0
90,89,120,0.2316216355764876,0
90,89,121,-0.02234600083589119,0
90,89,122,0.2559834939785888,0
90,89,123,0.3729731246711849,0
90,89,124,-0.3165883175755085,0
90,89,125,0.176261046103411,0
90,89,126,-0.5841932026257883,0
90,89,127,-0.07426577128255037,0
90,89,128,-0.1984385961262044,0
90,89,129,0.07386674975755965,0
90,89,130,0.3639244139009992,0
90,89,131,0.4896806562311594,0
90,89,132,0.4597503386926564,0
90,89,133,0.6851955575422352,0
90,89,134,0.4547767270090933,0
90,89,135,-9.045037138224118e-05,0
90,89,136,-0.0002491175274875294,0
90,89,137,-0.0006199043979590382,0
90,89,138,-0.001608448285874366,0
90,89,139,-0.004469454375873376,0
90,89,140,-0.001609948585406944,0
90,89,141,-0.0006211243428485987,0
90,89,142,-0.0002498711539966561,0
90,89,143,-9.080316379380894e-05,0
90,89,144,-0.0001259004213294335,0
90,89,145,-0.0003270893284875951,0
90,89,146,-0.0007410707906921549,0
90,89,147,-0.001704425743693698,0
90,89,148,-0.004151114136553751,0
90,89,149,-0.001705955019279039,0
90,89,150,-0.0007425231594732417,0
90,89,151,-0.0003280753171416316,0
90,89,152,-0.000126381969488078,0
90,89,153,-0.0001006758602855526,0
90,89,154,-0.0002334828421476343,0
90,89,155,-0.0004189608090943044,0
90,89,156,-0.0006026626532119719,0
90,89,157,-0.0003831153720086475,0
90,89,158,-0.0006034556367388286,0
90,89,159,-0.0004199589054728056,0
90,89,160,-0.0002342563172743469,0
90,89,161,-0.0001010749442619151,0
90,89,162,-4.965288992666462e-05,0
90,89,163,-9.773998115601526e-05,0
90,89,164,-9.918068913988159e-05,0
90,89,165,0.0001714263931477137,0
90,89,166,0.001609720672264164,0
90,89,167,0.0001711582072984969,0
90,89,168,-9.963865458182118e-05,0
90,89,169,-9.813467751835738e-05,0
90,89,170,-4.986415260197751e-05,0
91,90,0,-0.07611350256604535,0
91,90,1,0.3974431763466182,0
91,90,2,1,0
91,90,3,-0.142642169039192,0
91,90,4,0.3099893666706671,0
91,90,5,0.9278809440038177,0
91,90,6,-0.1507457040079796,0
91,90,7,0.2217829594701171,0
91,90,8,0.7910611991974413,0
91,90,9,-0.1209367911104464,0
91,90,10,0.1543479065606468,0
91,90,11,0.6139607251847314,0
91,90,12,-0.1035039335903687,0
91,90,13,0.09100245236970265,0
91,90,14,0.4244961097808591,0
91,90,15,-0.06547542396690212,0
91,90,16,0.05878821384595315,0
91,90,17,0.2993983124767619,0
91,90,18,-0.05994560665676206,0
91,90,19,0.02972326200555101,0
91,90,20,0.187910448765774,0
91,90,21,-0.05626158138851923,0
91,90,22,0.00282534168032717,0
91,90,23,0.1139816516801477,0
91,90,24,-0.03574311865232022,0
91,90,25,-0.009495646716153387,0
91,90,26,0.06176058031646741,0
91,90,27,-5.602130457516144e-05,0
91,90,28,0.03278659729295989,0
91,90,29,-0.0251603278062081,0
91,90,30,0.6802946845811112,0
91,90,31,0.6141351099332795,0
91,90,32,-0.03265308854957674,0
91,90,33,0.6236980175294896,0
91,90,34,0.5842057257892274,0
91,90,35,-0.003443872555753513,0
91,90,36,0.5329792242246639,0
91,90,37,0.4887863002886619,0
91,90,38,0.04009179058035039,0
91,90,39,0.4343186563070669,0
91,90,40,0.3678627359279008,0
91,90,41,0.0582537276587323,0
91,90,42,0.3294039060932119,0
91,90,43,0.2553695327555913,0
91,90,44,0.03105966352073333,0
91,90,45,0.2388042649536268,0
91,90,46,0.1942258373540983,0
91,90,47,0.004576894156731161,0
91,90,48,0.1469540256365688,0
91,90,49,0.1345105852259907,0
91,90,50,-0.01039150805094411,0
91,90,51,0.07966459994691322,0
91,90,52,0.0841499732682731,0
91,90,53,-0.01053866077463473,0
91,90,54,0.03273627067129358,0
91,90,55,0.0367616124064576,0
91,90,56,0.01220365326354098,0
91,90,57,0.00646757506129726,0
91,90,58,0.04164607767716876,0
91,90,59,0.02595770258255109,0
91,90,60,-0.5920906494343811,0
91,90,61,0.08897665078815095,0
91,90,62,0.06700974538051713,0
91,90,63,-0.5487672466015541,0
91,90,64,0.1346923323092611,0
91,90,65,0.08296774462938437,0
91,90,66,-0.5025421640701686,0
91,90,67,0.1625754641051565,0
91,90,68,0.09413002903591698,0
91,90,69,-0.424446693301348,0
91,90,70,0.1646875188552044,0
91,90,71,0.113916970399736,0
91,90,72,-0.29572226489423,0
91,90,73,0.09352099323200148,0
91,90,74,0.1054790276369464,0
91,90,75,-0.1795777217075165,0
91,90,76,0.05510066696844816,0
91,90,77,0.07765611538246245,0
91,90,78,-0.08414074879422168,0
91,90,79,0.03567574165811719,0
91,90,80,0.05069427351020601,0
91,90,81,-0.04518935536630748,0
91,90,82,0.01917122967279074,0
91,90,83,0.01761131367710735,0
91,90,84,-0.04467690458314864,0
91,90,85,-0.01242712290532137,0
91,90,86,-0.05424323690396089,0
91,90,87,0.04089102531550273,0
91,90,88,-0.6438828761199301,0
91,90,89,-0.9515114631698559,0
91,90,90,0.0829996017479762,0
91,90,91,-0.5723273376358624,0
91,90,92,-0.9045522100232258,0
91,90,93,0.094874448096188,0
91,90,94,-0.4916223445909796,0
91,90,95,-0.8123061939350914,0
91,90,96,0.06940721171205753,0
91,90,97,-0.4015713420779846,0
91,90,98,-0.6678087653642708,0
91,90,99,0.04072448098722049,0
91,90,100,-0.2814045505075845,0
91,90,101,-0.4673417387466809,0
91,90,102,0.016938367093481,0
91,90,103,-0.17878773922653,0
91,90,104,-0.3058270566573521,0
91,90,105,0.02539201156606531,0
91,90,106,-0.08729376366836955,0
91,90,107,-0.1660602641655911,0
91,90,108,0.03877738512515112,0
91,90,109,-0.03360778221023859,0
91,90,110,-0.09524302831849292,0
91,90,111,0.03058362423821432,0
91,90,112,-0.02091194792306641,0
91,90,113,-0.06983696250175103,0
91,90,114,-0.03770783257503579,0
91,90,115,-0.06526413813091016,0
91,90,116,-0.01758919835123605,0
91,90,117,-0.413889108673929,0
91,90,118,-0.01384453866437876,0
91,90,119,-0.3993143851042692,0
91,90,120,-0.0455174854170002,0
91,90,121,-0.3709853807090167,0
91,90,122,-0.1181643350707565,0
91,90,123,-0.3507072861363104,0
91,90,124,-0.1711269305029457,0
91,90,125,-0.315251628137954,0
91,90,126,-0.1124410682253468,0
91,90,127,-0.2355948314275867,0
91,90,128,-0.04073102825398504,0
91,90,129,-0.1272334367500066,0
91,90,130,0.01472599656480864,0
91,90,131,-0.04933617897107924,0
91,90,132,0.02623854170981785,0
91,90,133,-0.01329426197094185,0
91,90,134,-0.01697465660264473,0
91,90,135,1.122732798900299e-05,0
91,90,136,4.431566137241028e-05,0
91,90,137,0.0001595412468083538,0
91,90,138,0.0005594316405466934,0
91,90,139,0.001932749887813749,0
91,90,140,0.000559827568272233,0
91,90,141,0.0001597163733107567,0
91,90,142,4.436032826013273e-05,0
91,90,143,1.123148702770749e-05,0
91,90,144,4.786254546225532e-06,0
91,90,145,2.225425918201901e-05,0
91,90,146,8.906152035095435e-05,0
91,90,147,0.0003323490295245883,0
91,90,148,0.001196247409838279,0
91,90,149,0.0003322820112299234,0
91,90,150,8.895317164623419e-05,0
91,90,151,2.21643357499815e-05,0
91,90,152,4.738095528799569e-06,0
91,90,153,-1.192407322113172e-05,0
91,90,154,-3.973848188188486e-05,0
91,90,155,-0.0001242063847326489,0
91,90,156,-0.0003967796515655855,0
91,90,157,-0.00129485674948701,0
91,90,158,-0.0003974393663900617,0
91,90,159,-0.0001246590419007287,0
91,90,160,-3.99764119730784e-05,0
91,90,161,-1.202301053375917e-05,0
91,90,162,-1.581337841417463e-05,0
91,90,163,-5.600758645248139e-05,0
91,90,164,-0.0001856368350628594,0
91,90,165,-0.0006209661161159863,0
91,90,166,-0.002101962405288636,0
91,90,167,-0.0006215217674874521,0
91,90,168,-0.0001860156058658994,0
91,90,169,-5.620119125645501e-05,0
91,90,170,-1.589089636537278e-05,0
92,91,0,1,0
92,91,1,0.3755762164825782,0
92,91,2,-0.03787712903527548,0
92,91,3,0.4670891198247312,0
92,91,4,0.5770424705396937,0
92,91,5,0.005954720052848092,0
92,91,6,-0.7354647800611583,0
92,91,7,-0.07453642998311162,0
92,91,8,0.07210000048964385,0
92,91,9,-0.7763870519356304,0
92,91,10,-0.5600824538462928,0
92,91,11,0.07524673245137702,0
92,91,12,0.3312568994992102,0
92,91,13,-0.1720951617945337,0
92,91,14,0.004716916155014129,0
92,91,15,0.9381757524946236,0
92,91,16,0.4502365783293508,0
92,91,17,-0.06477189714869104,0
92,91,18,0.3974097259322523,0
92,91,19,0.4715774243462308,0
92,91,20,-0.07317788988630965,0
92,91,21,-0.5716228299351139,0
92,91,22,-0.07487620379913547,0
92,91,23,-0.0232625478186751,0
92,91,24,-0.7727928413223452,0
92,91,25,-0.4858294415321852,0
92,91,26,0.04622295001645663,0
92,91,27,-0.2569364201785967,0
92,91,28,0.08124065124492164,0
92,91,29,0.9502980273324909,0
92,91,30,0.312839201156649,0
92,91,31,-0.1023049865826595,0
92,91,32,0.4436224833480364,0
92,91,33,0.5402196410661753,0
92,91,34,-0.01932229258920215,0
92,91,35,-0.7135347667464831,0
92,91,36,-0.03394532502218818,0
92,91,37,0.09736478708377504,0
92,91,38,-0.7374327513938954,0
92,91,39,-0.4883919420856745,0
92,91,40,0.1130940832968005,0
92,91,41,0.3611131843378609,0
92,91,42,-0.1421587303388192,0
92,91,43,0.007042284642981182,0
92,91,44,0.9472585410491214,0
92,91,45,0.4219503024074614,0
92,91,46,-0.1047057920891081,0
92,91,47,0.378411897161353,0
92,91,48,0.4183884414603152,0
92,91,49,-0.1209277301851401,0
92,91,50,-0.6160698897601748,0
92,91,51,-0.1158800589582749,0
92,91,52,-0.04198419008315143,0
92,91,53,-0.816449549578373,0
92,91,54,-0.4897487674100899,0
92,91,55,0.07142025981197045,0
92,91,56,-0.2185769213407477,0
92,91,57,0.1340499582405329,0
92,91,58,0.8663051058138503,0
92,91,59,0.2384290104162472,0
92,91,60,-0.1360200477019522,0
92,91,61,0.3733789761440408,0
92,91,62,0.4562735998500819,0
92,91,63,-0.04969102270490109,0
92,91,64,-0.7031808812982824,0
92,91,65,-0.0562862662048412,0
92,91,66,0.07477268257677273,0
92,91,67,-0.6650896608902914,0
92,91,68,-0.4451527403871247,0
92,91,69,0.1010039814493516,0
92,91,70,0.4276880313256143,0
92,91,71,-0.08867111961053174,0
92,91,72,0.002756308240289636,0
92,91,73,0.9635456919940598,0
92,91,74,0.4359564149447726,0
92,91,75,-0.1063090856728283,0
92,91,76,0.3333156081144255,0
92,91,77,0.3866564711406559,0
92,91,78,-0.1242182406782537,0
92,91,79,-0.6999555848730835,0
92,91,80,-0.17415841121425,0
92,91,81,-0.04730821746985293,0
92,91,82,-0.8850231540511286,0
92,91,83,-0.5391413383231751,0
92,91,84,0.06546410505022561,0
92,91,85,-0.2250340089100047,0
92,91,86,0.1284705659921076,0
92,91,87,0.7793465036852284,0
92,91,88,0.207993732777345,0
92,91,89,-0.09374052264825664,0
92,91,90,0.294501495004345,0
92,91,91,0.3807258176338057,0
92,91,92,-0.04435925280621131,0
92,91,93,-0.7037517040101685,0
92,91,94,-0.1138935218030406,0
92,91,95,0.03481396894339847,0
92,91,96,-0.6000413695697845,0
92,91,97,-0.4440842126918665,0
92,91,98,0.05610181818412324,0
92,91,99,0.4929322473275323,0
92,91,100,-0.04132854181674739,0
92,91,101,-0.001310247338158559,0
92,91,102,0.9815933294871845,0
92,91,103,0.4827122218554873,0
92,91,104,-0.066608939179955,0
92,91,105,0.2905587789150547,0
92,91,106,0.3946018402344232,0
92,91,107,-0.07867687375653812,0
92,91,108,-0.7826918237633361,0
92,91,109,-0.2174531452759033,0
92,91,110,-0.03259274228516706,0
92,91,111,-0.9538579469354846,0
92,91,112,-0.610568994043195,0
92,91,113,0.03588258956520268,0
92,91,114,-0.2763628670344238,0
92,91,115,0.07165935277013831,0
92,91,116,0.72507607754635,0
92,91,117,0.2442748987778086,0
92,91,118,0.255018416187877,0
92,91,119,0.3650161594529604,0
92,91,120,-0.7013880317304079,0
92,91,121,-0.1600964831884665,0
92,91,122,-0.5732315157198424,0
92,91,123,-0.4754568722617693,0
92,91,124,0.5219895082177581,0
92,91,125,-0.02074283518747621,0
92,91,126,0.9941723042094276,0
92,91,127,0.5417926660979168,0
92,91,128,0.2761610729750285,0
92,91,129,0.4446689027388006,0
92,91,130,-0.8245842235104986,0
92,91,131,-0.2192568187880583,0
92,91,132,-0.9981231801666437,0
92,91,133,-0.6696526587153133,0
92,91,134,-0.345455255184471,0
92,91,135,-1.564262068436013e-05,0
92,91,136,-3.876935025919228e-05,0
92,91,137,-8.043636288929915e-05,0
92,91,138,-0.0001604648300395501,0
92,91,139,-0.0003161504212929704,0
92,91,140,-0.0001608317342758558,0
92,91,141,-8.078944808363866e-05,0
92,91,142,-3.901095627312794e-05,0
92,91,143,-1.576186249405869e-05,0
92,91,144,-2.529488384634692e-05,0
92,91,145,-6.269074068795296e-05,0
92,91,146,-0.0001301488102990205,0
92,91,147,-0.000260342602543966,0
92,91,148,-0.000517246565014156,0
92,91,149,-0.0002608967225954648,0
92,91,150,-0.0001306889778871467,0
92,91,151,-6.306261423180513e-05,0
92,91,152,-2.54778570290847e-05,0
92,91,153,-2.524876946169288e-05,0
92,91,154,-6.251487089174336e-05,0
92,91,155,-0.0001295695335734975,0
92,91,156,-0.0002586334425468165,0
92,91,157,-0.000513324479149026,0
92,91,158,-0.0002591503891881643,0
92,91,159,-0.0001300798201253004,0
92,91,160,-6.286829650550733e-05,0
92,91,161,-2.542224294764619e-05,0
92,91,162,-1.556403987574689e-05,0
92,91,163,-3.844957794952257e-05,0
92,91,164,-7.9259483643237e-05,0
92,91,165,-0.0001561557425008898,0
92,91,166,-0.0003000057435011245,0
92,91,167,-0.0001564496835836911,0
92,91,168,-7.955529213871192e-05,0
92,91,169,-3.865618028837357e-05,0
92,91,170,-1.566509673516442e-05,0
93,92,0,0.6752821879115339,0
93,92,1,0.1585676724541543,0
93,92,2,-0.2445520644165882,0
93,92,3,0.7016478129854731,0
93,92,4,0.5615349356470939,0
93,92,5,0.07096062024840238,0
93,92,6,0.003910613233403018,0
93,92,7,0.4247422724200712,0
93,92,8,0.3631902332558634,0
93,92,9,-0.768818604563528,0
93,92,10,-0.1626072434283271,0
93,92,11,0.315186559624308,0
93,92,12,-0.8146543191515359,0
93,92,13,-0.6257437381666436,0
93,92,14,-0.03893040222930714,0
93,92,15,-0.2230564459888308,0
93,92,16,-0.549207861108748,0
93,92,17,-0.4108444082396211,0
93,92,18,0.5567118413834578,0
93,92,19,-0.05940993323599543,0
93,92,20,-0.4542906189862322,0
93,92,21,1,0
93,92,22,0.4941726722971158,0
93,92,23,-0.2044950825515927,0
93,92,24,0.7700511312091847,0
93,92,25,0.7286935124233405,0
93,92,26,0.1808691583612904,0
93,92,27,0.471631240790186,0
93,92,28,0.4615643334257798,0
93,92,29,0.3774466467045211,0
93,92,30,-0.1543964440719642,0
93,92,31,-0.4735838879636837,0
93,92,32,0.4355578384990544,0
93,92,33,0.3653780731005952,0
93,92,34,0.05154896023741226,0
93,92,35,0.05962237071429898,0
93,92,36,0.5740351168592962,0
93,92,37,0.5512953209592186,0
93,92,38,-0.4343205772273688,0
93,92,39,0.1990869757342547,0
93,92,40,0.50470047768016,0
93,92,41,-0.5310494993451339,0
93,92,42,-0.4092243953768989,0
93,92,43,-0.05285450046802776,0
93,92,44,-0.1879770503674054,0
93,92,45,-0.6955868937145837,0
93,92,46,-0.6514905598644224,0
93,92,47,0.3229586614803065,0
93,92,48,-0.4319848590236715,0
93,92,49,-0.7387304185169251,0
93,92,50,0.6463901675239953,0
93,92,51,0.1359461189216132,0
93,92,52,-0.3475868607817979,0
93,92,53,0.5181954059165917,0
93,92,54,0.613692410993276,0
93,92,55,0.2707976712297753,0
93,92,56,0.6711787609019326,0
93,92,57,0.7251329246495903,0
93,92,58,-0.1056920915424084,0
93,92,59,-0.4739979091821926,0
93,92,60,-0.5627723081646285,0
93,92,61,-0.0241500567985403,0
93,92,62,-0.03760970164326106,0
93,92,63,-0.02202419385197405,0
93,92,64,0.1063055364762823,0
93,92,65,0.4745279394903783,0
93,92,66,0.5070107587836656,0
93,92,67,0.08406539126587836,0
93,92,68,0.4917056740346185,0
93,92,69,0.4940827340528712,0
93,92,70,-0.05582676967190617,0
93,92,71,-0.02885522458217112,0
93,92,72,-0.04496340157406424,0
93,92,73,-0.1105933481411365,0
93,92,74,-0.5843033498034401,0
93,92,75,-0.6393702305724339,0
93,92,76,-0.03756110861236926,0
93,92,77,-0.6536921250229675,0
93,92,78,-0.7422265401960002,0
93,92,79,0.08075540208584785,0
93,92,80,-0.2719414123628555,0
93,92,81,-0.3644663798687183,0
93,92,82,0.1066854746396628,0
93,92,83,0.2787906022292204,0
93,92,84,0.2479880646122062,0
93,92,85,0.6158587101726555,0
93,92,86,0.7020341388247804,0
93,92,87,-0.5972203072920897,0
93,92,88,-0.6314895580826871,0
93,92,89,-0.396226326595486,0
93,92,90,-0.5161203660702457,0
93,92,91,-0.4616629113015912,0
93,92,92,-0.05411976679555369,0
93,92,93,0.1112161392545616,0
93,92,94,0.1764888466460171,0
93,92,95,0.288926092845039,0
93,92,96,0.5805882188055533,0
93,92,97,0.5993576178930065,0
93,92,98,0.3004685078066663,0
93,92,99,0.4288417162064865,0
93,92,100,0.3616981132983679,0
93,92,101,-0.02216712151630403,0
93,92,102,-0.01573298500547502,0
93,92,103,-0.2633182996194466,0
93,92,104,-0.3868744015974147,0
93,92,105,-0.3834100739523652,0
93,92,106,-0.6345498985090338,0
93,92,107,-0.4605162906610845,0
93,92,108,-0.4793733898046447,0
93,92,109,-0.5621988073813843,0
93,92,110,-0.2351621280950569,0
93,92,111,-0.3069438257112934,0
93,92,112,-0.1347059023583605,0
93,92,113,0.1400604461878229,0
93,92,114,0.3398295962664114,0
93,92,115,0.4210199869509529,0
93,92,116,-0.9040902199439897,0
93,92,117,-0.5147520175583437,0
93,92,118,-0.8432844638099902,0
93,92,119,-0.6974097397203588,0
93,92,120,0.08345256455787581,0
93,92,121,-0.172826102190732,0
93,92,122,0.8730663177468907,0
93,92,123,0.494435969116228,0
93,92,124,0.7394439761442891,0
93,92,125,0.6123328604576144,0
93,92,126,0.05528467214198645,0
93,92,127,0.136432671801347,0
93,92,128,-0.5883680231917534,0
93,92,129,-0.3842876137038285,0
93,92,130,-0.823421822760956,0
93,92,131,-0.6182709876396703,0
93,92,132,-0.5652232330403061,0
93,92,133,-0.4579145432459172,0
93,92,134,-0.03934939305396169,0
93,92,135,-0.0001551555554877178,0
93,92,136,-0.0003861150904909736,0
93,92,137,-0.0008077966621469472,0
93,92,138,-0.001637589380128486,0
93,92,139,-0.003329179283010533,0
93,92,140,-0.001642010539238849,0
93,92,141,-0.0008120285674547582,0
93,92,142,-0.0003890026690390804,0
93,92,143,-0.0001565786292137984,0
93,92,144,-0.0002497663487067222,0
93,92,145,-0.0006197776621111278,0
93,92,146,-0.001289232111637498,0
93,92,147,-0.002585622192048688,0
93,92,148,-0.005150667681495148,0
93,92,149,-0.002592221707211684,0
93,92,150,-0.001295667097630067,0
93,92,151,-0.0006242071966983628,0
93,92,152,-0.0002519453742899742,0
93,92,153,-0.000248206911188391,0
93,92,154,-0.0006139002068350143,0
93,92,155,-0.001269086271765634,0
93,92,156,-0.002518520417902212,0
93,92,157,-0.004935129612726398,0
93,92,158,-0.00252464068350462,0
93,92,159,-0.001275142106365367,0
93,92,160,-0.0006180996348888002,0
93,92,161,-0.0002502692802580674,0
93,92,162,-0.0001526122996567926,0
93,92,163,-0.0003763616140456459,0
93,92,164,-0.0007734540440678538,0
93,92,165,-0.00151760686530163,0
93,92,166,-0.002907667448934756,0
93,92,167,-0.001521085918392067,0
93,92,168,-0.0007769613166684423,0
93,92,169,-0.0003788143446785068,0
93,92,170,-0.000153812939085926,0
94,94,0,-0.6145442948749168,0
94,94,1,-0.09685848773306426,0
94,94,2,0.3226094289546199,0
94,94,3,-0.803303130105832,0
94,94,4,-0.4754228038815579,0
94,94,5,0.1189990191042994,0
94,94,6,-0.4517214061879166,0
94,94,7,-0.5296050465817669,0
94,94,8,-0.1652377411268109,0
94,94,9,0.1675653272708465,0
94,94,10,-0.2480398795656973,0
94,94,11,-0.3573011135253639,0
94,94,12,0.6141227095016006,0
94,94,13,0.1514272657882992,0
94,94,14,-0.3448453345288269,0
94,94,15,0.6404189029348875,0
94,94,16,0.3521808241425919,0
94,94,17,-0.2406310294830183,0
94,94,18,0.520952529139019,0
94,94,19,0.4218360171429412,0
94,94,20,0.02403880027700207,0
94,94,21,0.341950756931468,0
94,94,22,0.4195526108072854,0
94,94,23,0.2903936915631899,0
94,94,24,0.1646599464385719,0
94,94,25,0.3758576619160127,0
94,94,26,0.5028532736904122,0
94,94,27,0.2992227209570096,0
94,94,28,0.6176527525223986,0
94,94,29,-0.4252925850232027,0
94,94,30,0.1898817412931371,0
94,94,31,0.5380412472931584,0
94,94,32,-0.5461626018252674,0
94,94,33,-0.2263312896162309,0
94,94,34,0.2089995280976127,0
94,94,35,-0.2823223675761423,0
94,94,36,-0.4740259234791584,0
94,94,37,-0.2530310195390686,0
94,94,38,0.1516899792551926,0
94,94,39,-0.420941222929113,0
94,94,40,-0.5698794388444702,0
94,94,41,0.4328153586077314,0
94,94,42,-0.1449773043980974,0
94,94,43,-0.5551024443639573,0
94,94,44,0.4036755625597198,0
94,94,45,0.04854160651397624,0
94,94,46,-0.3957498501752649,0
94,94,47,0.2799680986473859,0
94,94,48,0.2642761423639301,0
94,94,49,0.03192640481366966,0
94,94,50,0.146329532631219,0
94,94,51,0.4452046505992726,0
94,94,52,0.4637625895532165,0
94,94,53,0.05465874153940681,0
94,94,54,0.5830807068222988,0
94,94,55,0.8099593137638847,0
94,94,56,0.6499982178535895,0
94,94,57,1,0
94,94,58,-0.1233115043330912,0
94,94,59,0.3948023187050824,0
94,94,60,0.5544157304890881,0
94,94,61,-0.1272701080932873,0
94,94,62,0.08303468506393319,0
94,94,63,0.226262722287004,0
94,94,64,0.001643014679401156,0
94,94,65,-0.2439018373525875,0
94,94,66,-0.2378967170313314,0
94,94,67,0.1348872537493992,0
94,94,68,-0.4046081491273769,0
94,94,69,-0.5608415110283053,0
94,94,70,0.1359360092069205,0
94,94,71,-0.3449314732399517,0
94,94,72,-0.5520900422359651,0
94,94,73,0.01869983658059804,0
94,94,74,-0.2569603918059588,0
94,94,75,-0.4011378095669534,0
94,94,76,-0.1100256229105469,0
94,94,77,-0.01070915317030447,0
94,94,78,0.02519167353771438,0
94,94,79,-0.1682965391404147,0
94,94,80,0.2602138852064127,0
94,94,81,0.4576904202934554,0
94,94,82,-0.1205614149918748,0
94,94,83,0.5274412134364098,0
94,94,84,0.806160602844015,0
94,94,85,0.7367825703706871,0
94,94,86,0.9998037840214072,0
94,94,87,0.1764853082800503,0
94,94,88,0.4301847623770844,0
94,94,89,0.3512337041738804,0
94,94,90,0.2936553717316513,0
94,94,91,0.3251637377187406,0
94,94,92,0.1497129021635487,0
94,94,93,0.2926276466696676,0
94,94,94,0.06502672123657212,0
94,94,95,-0.1381194141348661,0
94,94,96,0.1255234805393997,0
94,94,97,-0.2090822628233314,0
94,94,98,-0.3413876360538733,0
94,94,99,-0.1592905528998396,0
94,94,100,-0.3716035745455719,0
94,94,101,-0.3394720068669902,0
94,94,102,-0.3659051000879209,0
94,94,103,-0.4424282695616832,0
94,94,104,-0.2512986058305178,0
94,94,105,-0.4996959515955555,0
94,94,106,-0.2936881800634585,0
94,94,107,0.01138488601146629,0
94,94,108,-0.4824870257392972,0
94,94,109,-0.0616234125997345,0
94,94,110,0.2790692856605696,0
94,94,111,-0.2954811609069295,0
94,94,112,0.2313967960768446,0
94,94,113,0.4958042889467236,0
94,94,114,0.5257025680636638,0
94,94,115,0.6177566769896512,0
94,94,116,0.3602391593793416,0
94,94,117,0.2745556680189432,0
94,94,118,0.5543582272485797,0
94,94,119,0.3979699753775724,0
94,94,120,0.4760768696787571,0
94,94,121,0.3246169965555142,0
94,94,122,0.1243639773519876,0
94,94,123,0.08365524863548481,0
94,94,124,-0.3415365517796231,0
94,94,125,-0.2180153354486523,0
94,94,126,-0.6030314408679719,0
94,94,127,-0.4347559814337064,0
94,94,128,-0.7394537992217095,0
94,94,129,-0.4726442413101809,0
94,94,130,-0.6754419256538252,0
94,94,131,-0.3935358676526974,0
94,94,132,-0.4026227174315057,0
94,94,133,-0.1893283990236505,0
94,94,134,0.09794299511154268,0
94,94,135,-0.0003471145454401632,0
94,94,136,-0.000862632219653361,0
94,94,137,-0.00179511495052048,0
94,94,138,-0.00359035910114628,0
94,94,139,-0.007091973216954979,0
94,94,140,-0.003616881240361852,0
94,94,141,-0.001820622609164983,0
94,94,142,-0.0008800608415524695,0
94,94,143,-0.0003557025893513482,0
94,94,144,-0.0005628738847114096,0
94,94,145,-0.001399496837332543,0
94,94,146,-0.002916082834061378,0
94,94,147,-0.005847851390662408,0
94,94,148,-0.01161409030567814,0
94,94,149,-0.005888160243280805,0
94,94,150,-0.002955283771071277,0
94,94,151,-0.001426413685194263,0
94,94,152,-0.0005760910039888873,0
94,94,153,-0.0005641956031713706,0
94,94,154,-0.001403518384904067,0
94,94,155,-0.002928026523639546,0
94,94,156,-0.005884158410188032,0
94,94,157,-0.0117236458075417,0
94,94,158,-0.0059221686921676,0
94,94,159,-0.002965298492662255,0
94,94,160,-0.001429210368910583,0
94,94,161,-0.0005767703056421576,0
94,94,162,-0.0003494271931139756,0
94,94,163,-0.0008695858102980163,0
94,94,164,-0.001816013044125841,0
94,94,165,-0.003656676828219494,0
94,94,166,-0.007312455657628097,0
94,94,167,-0.003678501447530755,0
94,94,168,-0.001837739759781404,0
94,94,169,-0.0008846603326520705,0
94,94,170,-0.0003567756274120448,0
95,95,0,0.6373453441647428,0
95,95,1,0.2543261507678611,0
95,95,2,0.04984025061242769,0
95,95,3,0.5769234007882278,0
95,95,4,0.4482657052918698,0
95,95,5,0.004573064803229963,0
95,95,6,-0.1221218462933124,0
95,95,7,0.1499806894621792,0
95,95,8,-0.04307903434237202,0
95,95,9,-0.7239316208478531,0
95,95,10,-0.3379313816407507,0
95,95,11,-0.06741955689176719,0
95,95,12,-0.5787346641157457,0
95,95,13,-0.5009095885090755,0
95,95,14,-0.05566616267101254,0
95,95,15,0.07123597527626128,0
95,95,16,-0.1948812654069011,0
95,95,17,-0.04072432184490727,0
95,95,18,0.7326751185486007,0
95,95,19,0.2886696272698567,0
95,95,20,0.01195924157892287,0
95,95,21,1,0
95,95,22,0.6367140867921947,0
95,95,23,0.06360239263471669,0
95,95,24,0.699960013242516,0
95,95,25,0.6417201951962586,0
95,95,26,0.1062980534434686,0
95,95,27,0.2991762769877596,0
95,95,28,0.1337427345870232,0
95,95,29,0.6698664449045382,0
95,95,30,0.2979338971774769,0
95,95,31,0.07882150480176452,0
95,95,32,0.6307250308127281,0
95,95,33,0.4835840358136493,0
95,95,34,0.008914936570324489,0
95,95,35,-0.08111134123832718,0
95,95,36,0.1575481094359044,0
95,95,37,-0.06798116745044988,0
95,95,38,-0.7266759326003731,0
95,95,39,-0.3673786596824667,0
95,95,40,-0.1084039098634286,0
95,95,41,-0.6262757694521162,0
95,95,42,-0.5557993738009707,0
95,95,43,-0.09069066943962953,0
95,95,44,0.01399885634577027,0
95,95,45,-0.2574893473822667,0
95,95,46,-0.06537431599835533,0
95,95,47,0.6784382766184308,0
95,95,48,0.2563718742946565,0
95,95,49,0.01847219844855481,0
95,95,50,0.9603687246691621,0
95,95,51,0.6430618300584408,0
95,95,52,0.1018136295293798,0
95,95,53,0.6809098388200973,0
95,95,54,0.6873587639151634,0
95,95,55,0.1708974031455923,0
95,95,56,0.3757784873083171,0
95,95,57,0.2145378583983945,0
95,95,58,0.724375059683221,0
95,95,59,0.3307769499363297,0
95,95,60,0.08173638737627902,0
95,95,61,0.7108027110245344,0
95,95,62,0.5359200828141253,0
95,95,63,0.01172331376193246,0
95,95,64,-0.025314525251779,0
95,95,65,0.1983592974214466,0
95,95,66,-0.06577532295851007,0
95,95,67,-0.7343331619593498,0
95,95,68,-0.3657287535898479,0
95,95,69,-0.1072517259164349,0
95,95,70,-0.6947685230194159,0
95,95,71,-0.5978056875342612,0
95,95,72,-0.09029703487593532,0
95,95,73,-0.0715575591091452,0
95,95,74,-0.322084133692119,0
95,95,75,-0.06646967741303347,0
95,95,76,0.5956472168567752,0
95,95,77,0.1988716588276395,0
95,95,78,0.01724769610667039,0
95,95,79,0.8972245730509828,0
95,95,80,0.6058980258515969,0
95,95,81,0.1007406794271259,0
95,95,82,0.6477828424208486,0
95,95,83,0.6781741042431538,0
95,95,84,0.1702407545371863,0
95,95,85,0.3954744771437393,0
95,95,86,0.2145832747321752,0
95,95,87,0.7783721954328128,0
95,95,88,0.3410488122063858,0
95,95,89,0.05498550868075629,0
95,95,90,0.7910868029163978,0
95,95,91,0.5855471310726643,0
95,95,92,0.009627681947953005,0
95,95,93,0.03165254726124735,0
95,95,94,0.2603532496926032,0
95,95,95,-0.03911926464929071,0
95,95,96,-0.7406969534141076,0
95,95,97,-0.3299675535420307,0
95,95,98,-0.06541875772503818,0
95,95,99,-0.7630930401423008,0
95,95,100,-0.611086757990951,0
95,95,101,-0.05490595881994789,0
95,95,102,-0.1570898238017144,0
95,95,103,-0.3677942395095219,0
95,95,104,-0.04286524120657836,0
95,95,105,0.5128967905948292,0
95,95,106,0.1359528837865846,0
95,95,107,0.009653568192584668,0
95,95,108,0.8341694737682098,0
95,95,109,0.538747662454291,0
95,95,110,0.0615911225245455,0
95,95,111,0.6147395544898883,0
95,95,112,0.6186455740752381,0
95,95,113,0.1050615234848665,0
95,95,114,0.3524842256476533,0
95,95,115,0.1339197398074213,0
95,95,116,0.8094656071452346,0
95,95,117,0.3196505546867699,0
95,95,118,0.8449068232625885,0
95,95,119,0.6120292907952557,0
95,95,120,0.07503366664285063,0
95,95,121,0.3224391915864699,0
95,95,122,-0.7405101787120701,0
95,95,123,-0.2710019227056442,0
95,95,124,-0.8109927256411985,0
95,95,125,-0.5926009685961614,0
95,95,126,-0.2144724573412896,0
95,95,127,-0.3791608769215755,0
95,95,128,0.4588223872741768,0
95,95,129,0.08989026992131954,0
95,95,130,0.7950266244929768,0
95,95,131,0.4666922926835458,0
95,95,132,0.596325654463292,0
95,95,133,0.5321863553850856,0
95,95,134,0.2626262585970275,0
95,95,135,-7.421512954496627e-05,0
95,95,136,-0.0001847679634685134,0
95,95,137,-0.0003857919175554293,0
95,95,138,-0.0007766686517800553,0
95,95,139,-0.001556165769220206,0
95,95,140,-0.0007833853445642871,0
95,95,141,-0.0003922425547097411,0
95,95,142,-0.0001891713140785338,0
95,95,143,-7.63835929515091e-05,0
95,95,144,-0.0001202713834343174,0
95,95,145,-0.0002992805908807862,0
95,95,146,-0.0006240589646427033,0
95,95,147,-0.001251099161437074,0
95,95,148,-0.002476472338176594,0
95,95,149,-0.001261285033884222,0
95,95,150,-0.0006339650426068429,0
95,95,151,-0.0003060794422010043,0
95,95,152,-0.0001236084217625905,0
95,95,153,-0.0001205910075605852,0
95,95,154,-0.0003002452931201693,0
95,95,155,-0.0006269080257287952,0
95,95,156,-0.001259742225370031,0
95,95,157,-0.002502626662767853,0
95,95,158,-0.001269371488260611,0
95,95,159,-0.0006363373156578792,0
95,95,160,-0.0003067383666675881,0
95,95,161,-0.0001237669143119594,0
95,95,162,-7.477596954471761e-05,0
95,95,163,-0.0001864391604313955,0
95,95,164,-0.0003907788514546747,0
95,95,165,-0.0007924170333197642,0
95,95,166,-0.001608357379423449,0
95,95,167,-0.000797963692210162,0
95,95,168,-0.0003962832105833033,0
95,95,169,-0.000190251487208257,0
95,95,170,-7.663264219006663e-05,0
96,96,0,0.3223479604655977,0
96,96,1,-0.01311467109858982,0
96,96,2,-0.3272589454320969,0
96,96,3,0.5209588051556366,0
96,96,4,0.2304629881524524,0
96,96,5,-0.188252161587737,0
96,96,6,0.5113809011102863,0
96,96,7,0.3855874900521439,0
96,96,8,0.03099794205908062,0
96,96,9,0.2947576591548138,0
96,96,10,0.3870186969193321,0
96,96,11,0.2422899648042516,0
96,96,12,-0.03370627737369923,0
96,96,13,0.2368478822618546,0
96,96,14,0.3634968719895731,0
96,96,15,-0.05776186848746092,0
96,96,16,0.2051205816398689,0
96,96,17,0.619942425740773,0
96,96,18,-0.06194219384594146,0
96,96,19,0.188908678640355,0
96,96,20,0.602024292029276,0
96,96,21,-0.04974928192137271,0
96,96,22,0.1858160039691868,0
96,96,23,0.5860440675839306,0
96,96,24,-0.02635034842957601,0
96,96,25,0.1936797033679393,0
96,96,26,0.5739052715324727,0
96,96,27,0.2079823393821614,0
96,96,28,0.5658317556422029,0
96,96,29,0.1966922056420429,0
96,96,30,-0.2706310148496134,0
96,96,31,-0.5347502051370639,0
96,96,32,0.3220083376361408,0
96,96,33,-0.0108354684671552,0
96,96,34,-0.3121885152014741,0
96,96,35,0.3194509689010036,0
96,96,36,0.2605781981932397,0
96,96,37,0.04168249318358199,0
96,96,38,0.1848606678326535,0
96,96,39,0.4303107676199825,0
96,96,40,0.384947439547514,0
96,96,41,-0.0246005256991798,0
96,96,42,0.4315745217567685,0
96,96,43,0.5834523867262927,0
96,96,44,-0.04734428108538746,0
96,96,45,0.5967965189234481,0
96,96,46,1,0
96,96,47,-0.05329358231260806,0
96,96,48,0.569696068957153,0
96,96,49,0.973458291202125,0
96,96,50,-0.04458863590989803,0
96,96,51,0.5549345983919322,0
96,96,52,0.9485314557472145,0
96,96,53,-0.02487777031009962,0
96,96,54,0.5529699824447867,0
96,96,55,0.9297861413150061,0
96,96,56,0.5612872075499888,0
96,96,57,0.9190475254900402,0
96,96,58,-0.005036440178464085,0
96,96,59,-0.4281671297093492,0
96,96,60,-0.5404450658505435,0
96,96,61,0.0009081563698077481,0
96,96,62,-0.2522848900639152,0
96,96,63,-0.3200226936400069,0
96,96,64,0.008160836471467623,0
96,96,65,0.03258575220619989,0
96,96,66,0.03301064624291802,0
96,96,67,0.005646746392657478,0
96,96,68,0.3066932036302459,0
96,96,69,0.3776202869769177,0
96,96,70,-0.008678730964110573,0
96,96,71,0.458370382500143,0
96,96,72,0.5786373420186238,0
96,96,73,-0.02490627507220121,0
96,96,74,0.7557864850686717,0
96,96,75,0.9967067534090004,0
96,96,76,-0.03268946652320563,0
96,96,77,0.7274391146869014,0
96,96,78,0.9726473028758098,0
96,96,79,-0.02979912011252575,0
96,96,80,0.7067283149268245,0
96,96,81,0.9487875626276836,0
96,96,82,-0.01747163731791752,0
96,96,83,0.6978736627738864,0
96,96,84,0.9310187271025565,0
96,96,85,0.7007355659569914,0
96,96,86,0.9223390353600049,0
96,96,87,-0.2052780521037683,0
96,96,88,-0.4222804751908861,0
96,96,89,-0.337158746246459,0
96,96,90,-0.3195952336897879,0
96,96,91,-0.3971679947757979,0
96,96,92,-0.2024295957761342,0
96,96,93,-0.3041609102139617,0
96,96,94,-0.2067577301244288,0
96,96,95,0.01516216913012127,0
96,96,96,-0.1754038301453205,0
96,96,97,0.0667838718161502,0
96,96,98,0.2289637457929422,0
96,96,99,0.006625919259164353,0
96,96,100,0.3087647412038155,0
96,96,101,0.3546949336350613,0
96,96,102,0.00011791793322712,0
96,96,103,0.6222857461248498,0
96,96,104,0.6140320412684849,0
96,96,105,-0.008439509342127704,0
96,96,106,0.6018250284061735,0
96,96,107,0.6007047243762068,0
96,96,108,-0.01143042485859211,0
96,96,109,0.5827765313151179,0
96,96,110,0.5865449110790772,0
96,96,111,-0.007549351752192064,0
96,96,112,0.5720430655868907,0
96,96,113,0.5761143321521568,0
96,96,114,0.571070577277154,0
96,96,115,0.5721831281294674,0
96,96,116,-0.3282547482524594,0
96,96,117,-0.2524828300821681,0
96,96,118,-0.5174736748678047,0
96,96,119,-0.3863174087836838,0
96,96,120,-0.4978743775490739,0
96,96,121,-0.3613263305820054,0
96,96,122,-0.2882514962623761,0
96,96,123,-0.1933325719739362,0
96,96,124,0.01672211092558351,0
96,96,125,0.04330675128961379,0
96,96,126,0.01902935619793184,0
96,96,127,0.2497803467935266,0
96,96,128,0.01062923635879815,0
96,96,129,0.2417101126010231,0
96,96,130,0.003864144600395306,0
96,96,131,0.2305735671613259,0
96,96,132,0.001645652959103461,0
96,96,133,0.223223780046663,0
96,96,134,0.2202472745977543,0
96,96,135,0.0008067334431042976,0
96,96,136,0.002030687827159148,0
96,96,137,0.004303280763844498,0
96,96,138,0.008802764106984216,0
96,96,139,0.01787739861391555,0
96,96,140,0.008978899029234409,0
96,96,141,0.004470442624385671,0
96,96,142,0.002143726048334354,0
96,96,143,0.0008620605916541125,0
96,96,144,0.001308178576117357,0
96,96,145,0.00329043467373783,0
96,96,146,0.006967530304038776,0
96,96,147,0.01423590690241013,0
96,96,148,0.02885082117679541,0
96,96,149,0.0145017424656901,0
96,96,150,0.007223268860759597,0
96,96,151,0.003464468119345657,0
96,96,152,0.001393122345724152,0
96,96,153,0.001310752134945018,0
96,96,154,0.003294454179385628,0
96,96,155,0.006970178339912245,0
96,96,156,0.01422331389910373,0
96,96,157,0.02876758102940145,0
96,96,158,0.01447240861314782,0
96,96,159,0.007212273620834327,0
96,96,160,0.003460047060739783,0
96,96,161,0.001391363611947775,0
96,96,162,0.0008118551168009965,0
96,96,163,0.002038978735799336,0
96,96,164,0.004310596236564784,0
96,96,165,0.008785565427955775,0
96,96,166,0.01773094915024067,0
96,96,167,0.008927783901202116,0
96,96,168,0.004451157461690496,0
96,96,169,0.002135852030138,0
96,96,170,0.0008588463550291398,0
97,152,0,8.235050480936586e-07,0
97,152,1,-1.261793327761177e-06,0
97,152,2,-4.090421021443251e-06,0
97,152,3,6.18540381240709e-06,0
97,152,4,2.909837189563567e-06,0
97,152,5,1.292731496809421e-06,0
97,152,6,7.058230826018223e-06,0
97,152,7,4.514424819971244e-06,0
97,152,8,-3.402628564087061e-07,0
97,152,9,-2.213944655457196e-05,0
97,152,10,-1.338339290824185e-05,0
97,152,11,-2.378186658155473e-05,0
97,152,12,0.0001075993958873664,0
97,152,13,7.709677164476013e-05,0
97,152,14,0.0001265077958604249,0
97,152,15,0.0003026523074957472,0
97,152,16,0.0002055977761062818,0
97,152,17,0.0001850629580935207,0
97,152,18,-0.001709748871701501,0
97,152,19,-0.00114258106516385,0
97,152,20,-0.001807687807965486,0
97,152,21,0.002653364231711101,0
97,152,22,0.001775593211773626,0
97,152,23,0.003928478466113926,0
97,152,24,-0.002067111759009524,0
97,152,25,-0.001382470474282227,0
97,152,26,-0.004247441499135095,0
97,152,27,2.678266851364109e-07,0
97,152,28,0.001861110484231037,0
97,152,29,2.990853762139576e-06,0
97,152,30,-2.300582232157855e-06,0
97,152,31,-4.41626107366455e-06,0
97,152,32,8.656234543117754e-07,0
97,152,33,6.058713777235767e-07,0
97,152,34,-2.952174514523828e-06,0
97,152,35,-1.847260319255853e-05,0
97,152,36,-1.317211203859154e-05,0
97,152,37,-1.917938277804381e-05,0
97,152,38,7.166724430823893e-05,0
97,152,39,2.9479609414077e-05,0
97,152,40,5.547491029623199e-05,0
97,152,41,-8.935010886677323e-05,0
97,152,42,3.144158554619705e-05,0
97,152,43,-2.577855299894199e-05,0
97,152,44,-0.002164577550269385,0
97,152,45,-0.001311561485101974,0
97,152,46,-0.001689361634345515,0
97,152,47,0.005710309637375047,0
97,152,48,0.002476398673975143,0
97,152,49,0.005278857380500772,0
97,152,50,-0.007007618492740307,0
97,152,51,-0.001767607514968797,0
97,152,52,-0.007517298690905436,0
97,152,53,0.004518135259314052,0
97,152,54,-0.0001344404832439084,0
97,152,55,0.006126142579343859,0
97,152,56,0.001383493890568055,0
97,152,57,-0.002204905125951042,0
97,152,58,1.358610167238338e-06,0
97,152,59,-2.564729921628597e-06,0
97,152,60,-3.182920128274661e-06,0
97,152,61,-8.487857790154373e-06,0
97,152,62,-7.978314560881646e-06,0
97,152,63,-1.169442665635526e-05,0
97,152,64,2.991258221714375e-05,0
97,152,65,5.69237783880697e-06,0
97,152,66,1.563803429716872e-05,0
97,152,67,-6.023633882975226e-05,0
97,152,68,2.222807852696515e-08,0
97,152,69,-2.643117017185747e-05,0
97,152,70,-0.0003003094911111357,0
97,152,71,-0.0002276650161912602,0
97,152,72,-0.0002524827530312118,0
97,152,73,0.004961122190725289,0
97,152,74,0.002060092025925489,0
97,152,75,0.00303499280449874,0
97,152,76,-0.008526782123504129,0
97,152,77,-0.001780712456801351,0
97,152,78,-0.006861506182343845,0
97,152,79,0.007989814932622111,0
97,152,80,-0.0002426722541363849,0
97,152,81,0.007347518552173709,0
97,152,82,-0.003840490403400388,0
97,152,83,0.001984341817580949,0
97,152,84,-0.004521294113517616,0
97,152,85,-0.001638956120656165,0
97,152,86,0.001251276093834789,0
97,152,87,-2.375717797619308e-06,0
97,152,88,-3.038859167542786e-06,0
97,152,89,-2.422352583436127e-06,0
97,152,90,4.994149137843933e-06,0
97,152,91,-4.532321820571578e-06,0
97,152,92,-2.576020225183623e-06,0
97,152,93,5.73466815866251e-06,0
97,152,94,1.661641363731508e-05,0
97,152,95,1.897204661248672e-05,0
97,152,96,-2.995915821636472e-05,0
97,152,97,-3.572691581822713e-05,0
97,152,98,-5.111718052691378e-05,0
97,152,99,0.0006477048050363692,0
97,152,100,0.0002639682755166034,0
97,152,101,0.0003918697373343043,0
97,152,102,-0.00558568911487282,0
97,152,103,-0.001473219799204713,0
97,152,104,-0.00254217892365283,0
97,152,105,0.007111635291370537,0
97,152,106,-0.0003413945405815277,0
97,152,107,0.004571756603296068,0
97,152,108,-0.005071699119440102,0
97,152,109,0.002068614032833464,0
97,152,110,-0.003617086494106473,0
97,152,111,0.001574370346137043,0
97,152,112,-0.002307682737722672,0
97,152,113,0.001459526846661273,0
97,152,114,0.0009297815575846853,0
97,152,115,-0.0001665030584493309,0
97,152,116,-2.159093383452204e-06,0
97,152,117,-1.720389838990604e-06,0
97,152,118,-2.556364796620873e-06,0
97,152,119,-2.701044973614832e-06,0
97,152,120,-2.350613644813422e-05,0
97,152,121,-1.891069956263381e-06,0
97,152,122,4.049979700568035e-05,0
97,152,123,-1.368473935739358e-05,0
97,152,124,-0.0003670943647657994,0
97,152,125,3.534023338263711e-05,0
97,152,126,0.002483898041192714,0
97,152,127,-0.0002320575959947166,0
97,152,128,-0.002588563271476847,0
97,152,129,0.001665089027827243,0
97,152,130,0.001433328445304953,0
97,152,131,-0.001730441973906226,0
97,152,132,-0.0001865484447860471,0
97,152,133,0.0009595236698118861,0
97,152,134,-0.0001242526835410862,0
97,152,135,0.0006290253911382255,0
97,152,136,-0.00138463110175024,0
97,152,137,-0.0009299633144833955,0
97,152,138,0.0176163394330318,0
97,152,139,-0.04166170435338045,0
97,152,140,-0.07152675842961917,0
97,152,141,0.3762210869142265,0
97,152,142,-0.5865769517448038,0
97,152,143,0.4563293712372313,0
97,152,144,-0.0003845172948992069,0
97,152,145,-0.001073357433449218,0
97,152,146,0.008772080213151135,0
97,152,147,-0.02565106519533373,0
97,152,148,-0.006938064436294658,0
97,152,149,0.4110703168763747,0
97,152,150,-0.8840727503631649,0
97,152,151,0.9611720466543719,0
97,152,152,-0.5416503751457173,0
97,152,153,-0.000980870502621237,0
97,152,154,0.003690272226142527,0
97,152,155,-0.008079836292712859,0
97,152,156,-0.0001439979914095697,0
97,152,157,0.1079941906455762,0
97,152,158,-0.6774799283518737,0
97,152,159,1,0
97,152,160,-0.8035400045446606,0
97,152,161,0.3064909595959034,0
97,152,162,-1.477093321581149e-05,0
97,152,163,0.001082042108879126,0
97,152,164,-0.007610096839795313,0
97,152,165,0.03664763839473784,0
97,152,166,-0.1415856339587765,0
97,152,167,0.5356802999323699,0
97,152,168,-0.5746906441285011,0
97,152,169,0.3158259932772008,0
97,152,170,-0.04138988896513192,0
98,158,0,-8.543386973252383e-07,0
98,158,1,-6.129476351735262e-07,0
98,158,2,-7.676891549449086e-07,0
98,158,3,2.384467591959903e-06,0
98,158,4,1.214529720653508e-06,0
98,158,5,2.218685541943942e-06,0
98,158,6,-3.056700001205236e-05,0
98,158,7,-2.159404565574573e-05,0
98,158,8,-3.206164498851472e-05,0
98,158,9,5.783069686016693e-05,0
98,158,10,3.636346483420772e-05,0
98,158,11,7.404827824530034e-05,0
98,158,12,0.0001184308255247614,0
98,158,13,7.791743351579753e-05,0
98,158,14,4.733761853431204e-05,0
98,158,15,-0.002984729316756694,0
98,158,16,-0.001998859588825557,0
98,158,17,-0.00279854260617487,0
98,158,18,0.004179697481371035,0
98,158,19,0.002794670890931719,0
98,158,20,0.006443921927243555,0
98,158,21,-0.002026814079639536,0
98,158,22,-0.001356497171388599,0
98,158,23,-0.005587712067039978,0
98,158,24,-0.0005644933140279031,0
98,158,25,-0.0003779139507927557,0
98,158,26,0.001315259748806755,0
98,158,27,-1.767310606952939e-07,0
98,158,28,0.0005075727684487092,0
98,158,29,2.449711230537388e-06,0
98,158,30,1.253212385560958e-06,0
98,158,31,2.003026128111588e-06,0
98,158,32,-1.536903554001464e-05,0
98,158,33,-8.511341531832123e-06,0
98,158,34,-1.326335925705173e-05,0
98,158,35,4.125582349430075e-05,0
98,158,36,3.51624239182894e-06,0
98,158,37,1.913846747058624e-05,0
98,158,38,-6.751895533124792e-05,0
98,158,39,7.252867413560762e-06,0
98,158,40,-2.67862656916784e-05,0
98,158,41,-0.0006894959678342172,0
98,158,42,-0.0004434523277293551,0
98,158,43,-0.0005385302373040763,0
98,158,44,0.007996063253124974,0
98,158,45,0.003262238743937756,0
98,158,46,0.004992226536769794,0
98,158,47,-0.008175737744601216,0
98,158,48,-0.00068065062061283,0
98,158,49,-0.008114235013369957,0
98,158,50,0.001258501169083582,0
98,158,51,-0.003311639839404537,0
98,158,52,0.002902676775612652,0
98,158,53,0.003681129077111464,0
98,158,54,0.003440094773992744,0
98,158,55,0.00349554330361469,0
98,158,56,0.0003772266573058742,0
98,158,57,-0.002805504767430022,0
98,158,58,-3.119479434270559e-06,0
98,158,59,-2.558426731238571e-07,0
98,158,60,-2.793222566594697e-08,0
98,158,61,1.595101735092079e-05,0
98,158,62,1.577155795345266e-06,0
98,158,63,5.55053349781634e-06,0
98,158,64,1.351840076033348e-05,0
98,158,65,2.55563040533782e-05,0
98,158,66,2.175439829413977e-05,0
98,158,67,-6.199073278356659e-05,0
98,158,68,-5.318543981230624e-05,0
98,158,69,-7.815719302397913e-05,0
98,158,70,0.00117808469291899,0
98,158,71,0.0004220917910559982,0
98,158,72,0.0006444036658163744,0
98,158,73,-0.008235247446904331,0
98,158,74,-0.0017839368742697,0
98,158,75,-0.003416188731677677,0
98,158,76,0.003755009920282609,0
98,158,77,-0.003515972200222568,0
98,158,78,0.002690812713303288,0
98,158,79,0.005400737723028392,0
98,158,80,0.005771298990100125,0
98,158,81,0.004387209088220366,0
98,158,82,-0.007425657196744497,0
98,158,83,-0.002369032259931992,0
98,158,84,-0.008047251902929865,0
98,158,85,-0.002085200272716817,0
98,158,86,0.003877972537795747,0
98,158,87,1.118386289144114e-06,0
98,158,88,7.253218325625407e-07,0
98,158,89,7.975476779064562e-07,0
98,158,90,3.313732027859319e-06,0
98,158,91,6.404308012673059e-06,0
98,158,92,7.442626436604872e-06,0
98,158,93,-4.201349844188619e-05,0
98,158,94,-1.199967145410956e-05,0
98,158,95,-1.946040315239359e-05,0
98,158,96,0.0001292115803241499,0
98,158,97,2.632015580821187e-05,0
98,158,98,7.141111588951874e-05,0
98,158,99,-0.0007911870886234278,0
98,158,100,-6.609098607738352e-05,0
98,158,101,-0.0002161519567281076,0
98,158,102,0.003355789971720331,0
98,158,103,-0.0002979213078867732,0
98,158,104,0.0002849749148588796,0
98,158,105,0.002949746235709817,0
98,158,106,0.003973276018610315,0
98,158,107,0.002321390621998725,0
98,158,108,-0.008891510733423634,0
98,158,109,-0.00268691395267902,0
98,158,110,-0.006270058817127749,0
98,158,111,0.006797855322615946,0
98,158,112,-0.001433802069937819,0
98,158,113,0.006073450668921287,0
98,158,114,0.00288258470479115,0
98,158,115,-0.002239824179849057,0
98,158,116,3.207616550355113e-07,0
98,158,117,4.238165722007966e-07,0
98,158,118,-6.409496075510183e-06,0
98,158,119,7.331119324394299e-07,0
98,158,120,1.772057113598654e-05,0
98,158,121,-3.467768652797431e-06,0
98,158,122,-5.74889153830637e-05,0
98,158,123,1.322861421268719e-05,0
98,158,124,0.0001843935718801136,0
98,158,125,-3.751079862368039e-05,0
98,158,126,-0.0001314902502754047,0
98,158,127,0.0001215099983707717,0
98,158,128,-0.002708255151622251,0
98,158,129,-8.71362378474706e-05,0
98,158,130,0.004259493163622808,0
98,158,131,-0.001811291263112279,0
98,158,132,-0.002488596992716718,0
98,158,133,0.00284955960775508,0
98,158,134,-0.001664801998844367,0
98,158,135,-8.454168443853046e-05,0
98,158,136,-0.002441417205812284,0
98,158,137,0.01286579808612962,0
98,158,138,-0.03050255515582384,0
98,158,139,-0.04029943413466096,0
98,158,140,0.6071789427631158,0
98,158,141,-0.8465422840657547,0
98,158,142,0.4120482076629145,0
98,158,143,0.1148129748922399,0
98,158,144,-0.001294787654257887,0
98,158,145,0.005038458746138668,0
98,158,146,-0.009664939915091418,0
98,158,147,-0.01236128334946035,0
98,158,148,0.2024850681980886,0
98,158,149,-1,0
98,158,150,0.8146738596567019,0
98,158,151,0.1568945345437471,0
98,158,152,-0.6321837589288152,0
98,158,153,0.0008835625774214487,0
98,158,154,-0.0006329098258837775,0
98,158,155,-0.008020613182159509,0
98,158,156,0.05382286690486632,0
98,158,157,-0.2149409798829564,0
98,158,158,0.6367472509997812,0
98,158,159,0.04539624697164601,0
98,158,160,-0.9407736580450922,0
98,158,161,0.8743015337672263,0
98,158,162,0.0003880062099890994,0
98,158,163,-0.002524020339322882,0
98,158,164,0.009976288564934026,0
98,158,165,-0.0298281793957284,0
98,158,166,0.06380804682411181,0
98,158,167,-0.02596804434669809,0
98,158,168,-0.5506466127709454,0
98,158,169,0.8638377772116596,0
98,158,170,-0.5051953850144894,0
99,159,0,6.747406235633401e-06,0
99,159,1,5.355035464616313e-06,0
99,159,2,8.182194107669876e-06,0
99,159,3,-1.637780305977736e-05,0
99,159,4,-9.989575571318e-06,0
99,159,5,-1.844899576915823e-05,0
99,159,6,1.913116985268391e-05,0
99,159,7,1.396720750486673e-05,0
99,159,8,3.494173093964258e-05,0
99,159,9,3.219015672805069e-05,0
99,159,10,2.19387655195725e-05,0
99,159,11,1.442973273975579e-05,0
99,159,12,-0.0003702821952158912,0
99,159,13,-0.0002558808276023893,0
99,159,14,-0.0003714565973771899,0
99,159,15,0.001517371251648618,0
99,159,16,0.001012191141728475,0
99,159,17,0.001688523823167573,0
99,159,18,-0.00248341046798184,0
99,159,19,-0.00166089942437425,0
99,159,20,-0.003599857953177974,0
99,159,21,0.005173063356031937,0
99,159,22,0.003461152628551325,0
99,159,23,0.006892332307054639,0
99,159,24,-0.005202739369800832,0
99,159,25,-0.003480005554415199,0
99,159,26,-0.009337027122253646,0
99,159,27,3.998037021218264e-07,0
99,159,28,0.004683520770247022,0
99,159,29,-1.216488913698068e-05,0
99,159,30,-1.709478027631152e-06,0
99,159,31,-2.119102271548912e-06,0
99,159,32,1.724300562314919e-05,0
99,159,33,-1.755389225033893e-06,0
99,159,34,8.641226954790934e-06,0
99,159,35,4.528975141327714e-05,0
99,159,36,5.752279726061161e-05,0
99,159,37,6.198802470683531e-05,0
99,159,38,-0.0001946786961623118,0
99,159,39,-0.0001137943778187345,0
99,159,40,-0.0001916900313230086,0
99,159,41,0.000844839261989462,0
99,159,42,0.0003146188326111719,0
99,159,43,0.0006130064955492587,0
99,159,44,-0.001729286414093627,0
99,159,45,0.0001094903755628703,0
99,159,46,-0.0005810303081745968,0
99,159,47,0.00317043668907581,0
99,159,48,-0.0005524526827524795,0
99,159,49,0.0008191537230781626,0
99,159,50,-0.009597128352750953,0
99,159,51,-0.001296504796053641,0
99,159,52,-0.004596549073168726,0
99,159,53,0.009547658472480161,0
99,159,54,-0.000552804592655313,0
99,159,55,0.007894039900814801,0
99,159,56,0.003481514350570229,0
99,159,57,-0.003908695027420474,0
99,159,58,-3.50523467364718e-06,0
99,159,59,-4.322336179605507e-06,0
99,159,60,-6.406353743880336e-06,0
99,159,61,2.661513762194276e-05,0
99,159,62,2.326854011674357e-05,0
99,159,63,3.335035057670251e-05,0
99,159,64,-0.0001415359057996358,0
99,159,65,-5.090681074891516e-05,0
99,159,66,-9.520564142152799e-05,0
99,159,67,0.0002709209734102544,0
99,159,68,3.393342681928593e-05,0
99,159,69,0.0001658254524671131,0
99,159,70,-8.54110200584678e-05,0
99,159,71,0.0003916710155622386,0
99,159,72,0.0002641764953279677,0
99,159,73,-0.004718324778571682,0
99,159,74,-0.003591944445196658,0
99,159,75,-0.004774588588964605,0
99,159,76,0.003897856499019885,0
99,159,77,0.003214456054348111,0
99,159,78,0.00856437514207508,0
99,159,79,0.004409315056010517,0
99,159,80,-0.0004676137613788625,0
99,159,81,-0.004139372244846085,0
99,159,82,-0.005568680164410365,0
99,159,83,0.00214221169170785,0
99,159,84,-0.001086910116932727,0
99,159,85,-0.002905244307570175,0
99,159,86,0.00110317546711018,0
99,159,87,7.256271705414112e-06,0
99,159,88,-4.187973135289918e-07,0
99,159,89,-1.049327432155731e-06,0
99,159,90,-3.358315936200222e-05,0
99,159,91,1.234362617088293e-06,0
99,159,92,-5.541414172823841e-06,0
99,159,93,1.716662985841545e-05,0
99,159,94,-6.262494454646887e-05,0
99,159,95,-5.56778504618802e-05,0
99,159,96,5.13675831289841e-06,0
99,159,97,0.0001145498026991876,0
99,159,98,0.0001326702675889952,0
99,159,99,-0.00141367924271402,0
99,159,100,-0.0007972529405767054,0
99,159,101,-0.001102145816187008,0
99,159,102,0.01106855815684025,0
99,159,103,0.003832321867170608,0
99,159,104,0.006374121364263488,0
99,159,105,-0.009151648638470082,0
99,159,106,0.000238227116571328,0
99,159,107,-0.009653010247701727,0
99,159,108,0.0008521496234727986,0
99,159,109,-0.002508023740218964,0
99,159,110,0.004859647757058208,0
99,159,111,0.001505772232587618,0
99,159,112,0.0001991767863756062,0
99,159,113,-0.0004994738089195008,0
99,159,114,0.0008200180905065929,0
99,159,115,-0.0002519391381526916,0
99,159,116,9.12031727174001e-07,0
99,159,117,-7.973722066103665e-08,0
99,159,118,5.111698523706253e-06,0
99,159,119,4.503863540139575e-08,0
99,159,120,5.947564093822771e-05,0
99,159,121,1.176740398153976e-06,0
99,159,122,-0.0001129097533930573,0
99,159,123,3.226872508374364e-05,0
99,159,124,0.001027059106344142,0
99,159,125,-0.0001008993728503184,0
99,159,126,-0.006133781542407289,0
99,159,127,0.0006474723550541882,0
99,159,128,0.00457238267452177,0
99,159,129,-0.004112930668092297,0
99,159,130,-0.0008323273687303463,0
99,159,131,0.003056287819224014,0
99,159,132,-0.0002790177014864967,0
99,159,133,-0.0005575407965856888,0
99,159,134,-0.0001870025428559316,0
99,159,135,-0.002634213532533118,0
99,159,136,0.007132855537658384,0
99,159,137,-0.007923578646114744,0
99,159,138,-0.01974071367968998,0
99,159,139,0.1072960928824664,0
99,159,140,-0.2486659044605401,0
99,159,141,0.41761650926717,0
99,159,142,-0.8694614326414787,0
99,159,143,0.874162326649252,0
99,159,144,0.002318258774663077,0
99,159,145,0.0006480926244300475,0
99,159,146,-0.02197327781222803,0
99,159,147,0.08325603730974744,0
99,159,148,-0.1403039308942099,0
99,159,149,0.02004005829945999,0
99,159,150,-0.1193546940101703,0
99,159,151,0.7425364646533904,0
99,159,152,-0.730232213262053,0
99,159,153,0.00297354884920402,0
99,159,154,-0.01246079110334734,0
99,159,155,0.03136442343061965,0
99,159,156,-0.03796078124671979,0
99,159,157,-0.1128850312437666,0
99,159,158,0.8215615367711023,0
99,159,159,-0.770657897738303,0
99,159,160,0.003025438264967966,0
99,159,161,0.205989982304137,0
99,159,162,-0.0005673112906057914,0
99,159,163,-0.000948087471305986,0
99,159,164,0.01490624159403892,0
99,159,165,-0.07909743821881351,0
99,159,166,0.3026517130300024,0
99,159,167,-1,0
99,159,168,0.7757718600948857,0
99,159,169,-0.1380705541069972,0
99,159,170,-0.04649899433011456,0
100,160,0,1.682466822068643e-05,0
100,160,1,-6.911968220584431e-07,0
100,160,2,-1.668102994985363e-05,0
100,160,3,5.115834219003869e-06,0
100,160,4,-4.834020280387813e-06,0
100,160,5,-3.396239609563076e-05,0
100,160,6,5.230029521057393e-05,0
100,160,7,3.205301792289268e-05,0
100,160,8,3.292222622197692e-05,0
100,160,9,-8.637060189846151e-06,0
100,160,10,-6.1451799730375e-06,0
100,160,11,-5.344678870572035e-05,0
100,160,12,-0.0007998442549634437,0
100,160,13,-0.0005516991859899124,0
100,160,14,-0.0007299123092008013,0
100,160,15,0.006252802133519197,0
100,160,16,0.004178640871323891,0
100,160,17,0.0063298438671566,0
100,160,18,-0.002505889786807167,0
100,160,19,-0.001673010598700128,0
100,160,20,-0.007874552243911566,0
100,160,21,-0.001867819233501987,0
100,160,22,-0.0012459881223762,0
100,160,23,0.0005837957513339294,0
100,160,24,0.0001039161463362672,0
100,160,25,7.237916181736045e-05,0
100,160,26,0.001782313580813295,0
100,160,27,2.495172886380203e-06,0
100,160,28,-8.693332461983798e-05,0
100,160,29,3.638070669977035e-07,0
100,160,30,-2.035819438643121e-05,0
100,160,31,-3.612679312022618e-05,0
100,160,32,4.269933564566634e-05,0
100,160,33,-2.04255546103707e-06,0
100,160,34,-9.908744467222685e-06,0
100,160,35,1.93413748212999e-05,0
100,160,36,3.774185220233039e-05,0
100,160,37,1.003523188250683e-05,0
100,160,38,-8.306115148346996e-05,0
100,160,39,-8.236428838077594e-05,0
100,160,40,-0.0001219432869165752,0
100,160,41,0.001998201867276764,0
100,160,42,0.0008530619466987117,0
100,160,43,0.001253176941833936,0
100,160,44,-0.01191171921852163,0
100,160,45,-0.003237446838075474,0
100,160,46,-0.006082193855775794,0
100,160,47,0.0002417348115862653,0
100,160,48,-0.005683878097669614,0
100,160,49,0.003089831763943903,0
100,160,50,0.006299198452394447,0
100,160,51,0.004651204641379056,0
100,160,52,0.006045169576562749,0
100,160,53,0.001408844383575715,0
100,160,54,0.002269326450504573,0
100,160,55,-0.002613682716228878,0
100,160,56,-6.294181386131527e-05,0
100,160,57,-0.001350899521027973,0
100,160,58,6.977401581908918e-06,0
100,160,59,-2.377676462639257e-05,0
100,160,60,-3.058348770211368e-05,0
100,160,61,-6.796877335966712e-06,0
100,160,62,-1.339149081295525e-05,0
100,160,63,-2.35676415938173e-05,0
100,160,64,-7.737383408912606e-05,0
100,160,65,-4.627928263793389e-05,0
100,160,66,-5.686276799604324e-05,0
100,160,67,0.0002631985614551952,0
100,160,68,7.76237595768125e-05,0
100,160,69,0.0001686428900017288,0
100,160,70,-0.001896269497838094,0
100,160,71,-0.0003811685738377613,0
100,160,72,-0.0007769893723716161,0
100,160,73,0.007332102989594383,0
100,160,74,0.000370098579068421,0
100,160,75,0.002139831861571484,0
100,160,76,0.006202360361968902,0
100,160,77,0.006443992571780134,0
100,160,78,0.002059082369494299,0
100,160,79,-0.004858812676945261,0
100,160,80,0.001242905147313207,0
100,160,81,-0.003912463049732033,0
100,160,82,-0.007209183888995719,0
100,160,83,-0.006765349816329143,0
100,160,84,-0.004729899149807555,0
100,160,85,-0.001004084086419379,0
100,160,86,0.005136655462623712,0
100,160,87,-6.499842710637564e-06,0
100,160,88,-2.129599430877324e-05,0
100,160,89,-1.751975301562541e-05,0
100,160,90,-3.025260023582066e-05,0
100,160,91,-3.387192664370973e-05,0
100,160,92,-3.1130519210464e-05,0
100,160,93,7.979067573870171e-05,0
100,160,94,1.243355587877496e-05,0
100,160,95,4.805385704013689e-05,0
100,160,96,-0.0002528680507420174,0
100,160,97,-4.306789226287825e-05,0
100,160,98,-0.000129689705359634,0
100,160,99,0.001025406108616468,0
100,160,100,0.0001241596525834874,0
100,160,101,0.0004004087151763065,0
100,160,102,-0.002528437968260838,0
100,160,103,-0.0001006056201191657,0
100,160,104,-0.001033051317369301,0
100,160,105,-0.004129911607454494,0
100,160,106,-0.001234703197986344,0
100,160,107,0.0006134996312153234,0
100,160,108,-0.003777002589235677,0
100,160,109,-0.005436943079839486,0
100,160,110,-0.003601276365883393,0
100,160,111,0.01155220803461064,0
100,160,112,0.004210502861979125,0
100,160,113,0.009060721464929247,0
100,160,114,0.003816381199855842,0
100,160,115,-0.005265472409827361,0
100,160,116,-1.517577854654848e-05,0
100,160,117,-1.22728915160792e-05,0
100,160,118,-6.278103164291894e-06,0
100,160,119,-1.979599598745039e-05,0
100,160,120,-7.005015894162719e-05,0
100,160,121,-8.816024806318962e-06,0
100,160,122,8.210406159074476e-05,0
100,160,123,-4.517571155127338e-05,0
100,160,124,-0.0003308015571447492,0
100,160,125,6.450017879346777e-05,0
100,160,126,0.0008492842042773324,0
100,160,127,-0.0002062856739266416,0
100,160,128,0.0001847217934647346,0
100,160,129,0.0005747494168943956,0
100,160,130,0.004198353962749016,0
100,160,131,0.0001280065159205843,0
100,160,132,-0.005859285525399199,0
100,160,133,0.00281203794552095,0
100,160,134,-0.003916606941827733,0
100,160,135,-0.001557085424184936,0
100,160,136,0.006423547525940649,0
100,160,137,-0.01383408172893001,0
100,160,138,-0.006186588679957415,0
100,160,139,0.2252148697359372,0
100,160,140,-1,0
100,160,141,0.4069584385338668,0
100,160,142,0.3018431088861949,0
100,160,143,-0.01754580727470189,0
100,160,144,0.001894991351007722,0
100,160,145,-0.003245946668340689,0
100,160,146,-0.006838949737173962,0
100,160,147,0.07504370993567293,0
100,160,148,-0.3393852408596874,0
100,160,149,0.8873592331829979,0
100,160,150,0.3584726690671092,0
100,160,151,-0.7222506249886861,0
100,160,152,-0.246818372965339,0
100,160,153,-0.0009550661152575562,0
100,160,154,-0.001587862729674819,0
100,160,155,0.01692252272182615,0
100,160,156,-0.06911220115162148,0
100,160,157,0.1954601145889047,0
100,160,158,-0.2639676690925104,0
100,160,159,-0.6412822373136732,0
100,160,160,0.06664093787770134,0
100,160,161,0.922443320099652,0
100,160,162,-0.001258707076185524,0
100,160,163,0.005740642009976774,0
100,160,164,-0.01793036454762688,0
100,160,165,0.04522697355442983,0
100,160,166,-0.09303573617479596,0
100,160,167,0.1303077515243467,0
100,160,168,0.02746312931874584,0
100,160,169,0.6796588800821959,0
100,160,170,-0.9508247950965621,0
101,164,0,-3.824755050762943e-05,0
101,164,1,3.703130504655629e-06,0
101,164,2,4.325187932255815e-05,0
101,164,3,-4.729491862805496e-05,0
101,164,4,-1.032283172861338e-05,0
101,164,5,5.119879541377362e-05,0
101,164,6,5.159897419680479e-05,0
101,164,7,4.489195489922509e-05,0
101,164,8,0.0001193801040448831,0
101,164,9,-0.0002736550757521787,0
101,164,10,-0.0001778441066771222,0
101,164,11,-0.0002829616117279572,0
101,164,12,0.0008818472958381015,0
101,164,13,0.0006150086844383853,0
101,164,14,0.001077601698969276,0
101,164,15,-0.003437793522505145,0
101,164,16,-0.002291184601974454,0
101,164,17,-0.003855554128408215,0
101,164,18,0.007103563502623008,0
101,164,19,0.004746837630379077,0
101,164,20,0.009475125553333654,0
101,164,21,-0.005112008121971205,0
101,164,22,-0.003426683460359712,0
101,164,23,-0.01101245424117881,0
101,164,24,-0.001895800941565609,0
101,164,25,-0.001274466917816002,0
101,164,26,0.002877830890529557,0
101,164,27,-5.671546393707695e-06,0
101,164,28,0.001691252532541368,0
101,164,29,-2.599077235648449e-05,0
101,164,30,3.422402565791862e-05,0
101,164,31,6.636254337703656e-05,0
101,164,32,3.040961130070474e-05,0
101,164,33,7.131697245828234e-05,0
101,164,34,0.0001348162283806825,0
101,164,35,-0.000326784364813754,0
101,164,36,-0.0001285295464456164,0
101,164,37,-0.0001960722073353481,0
101,164,38,0.0004861113808471515,0
101,164,39,9.989767881400758e-05,0
101,164,40,0.0004141098421868219,0
101,164,41,-0.0007330882022720212,0
101,164,42,0.0002712853409112859,0
101,164,43,-0.0001212485824148563,0
101,164,44,0.0003493267548942923,0
101,164,45,-0.002656267673635615,0
101,164,46,-0.00297669939516615,0
101,164,47,-0.00791133462465184,0
101,164,48,0.001738381205659581,0
101,164,49,0.002000526704666901,0
101,164,50,0.003460556780146956,0
101,164,51,-0.005877583433784683,0
101,164,52,-0.000798170869245655,0
101,164,53,0.009052797938695021,0
101,164,54,0.008190215169755764,0
101,164,55,0.007898169541160394,0
101,164,56,0.001253074279462129,0
101,164,57,-0.006466027532076024,0
101,164,58,2.867841341913436e-05,0
101,164,59,7.122313856094286e-05,0
101,164,60,9.132820833399458e-05,0
101,164,61,-0.0001190920786425307,0
101,164,62,2.131844847449707e-05,0
101,164,63,-1.071243681653062e-06,0
101,164,64,0.0001519332846411292,0
101,164,65,-4.870549387690122e-05,0
101,164,66,3.691391360212389e-05,0
101,164,67,-0.000141840695746808,0
101,164,68,0.0001940008653773579,0
101,164,69,0.000114217423889033,0
101,164,70,-0.001783057970074674,0
101,164,71,-0.001350560322236087,0
101,164,72,-0.001720274149601347,0
101,164,73,0.01045469289638711,0
101,164,74,0.004745510549884794,0
101,164,75,0.007921655744148924,0
101,164,76,0.001150224158835114,0
101,164,77,0.002246262391450616,0
101,164,78,-0.006402970477033176,0
101,164,79,0.001378953769325835,0
101,164,80,0.0003259053717990558,0
101,164,81,-0.0006001188003613851,0
101,164,82,-0.01044019254091731,0
101,164,83,-0.001114607652317062,0
101,164,84,-0.002740595451722941,0
101,164,85,-0.004806677382264483,0
101,164,86,0.002930454782146874,0
101,164,87,-1.954649654700999e-06,0
101,164,88,5.253546904191482e-05,0
101,164,89,4.413501741149891e-05,0
101,164,90,5.713490749466581e-05,0
101,164,91,2.811918177586617e-05,0
101,164,92,1.937898908567009e-05,0
101,164,93,0.0001352579901282475,0
101,164,94,0.0001168566243732507,0
101,164,95,9.802527277686998e-05,0
101,164,96,-0.0003349861759114908,0
101,164,97,-0.0001241317002199098,0
101,164,98,-0.000276886600979405,0
101,164,99,0.002348834968727321,0
101,164,100,0.000360557206287547,0
101,164,101,0.0008408067135470343,0
101,164,102,-0.007542099105901126,0
101,164,103,0.0008721487338202703,0
101,164,104,-0.0008386596735207417,0
101,164,105,-0.007374231418735133,0
101,164,106,-0.0096829429942715,0
101,164,107,-0.006210736630577298,0
101,164,108,0.006509631929635559,0
101,164,109,0.003913856522535688,0
101,164,110,0.01191476293908906,0
101,164,111,0.001662566707714983,0
101,164,112,-0.0009207832994712844,0
101,164,113,-0.007089306554742976,0
101,164,114,0.002181954930790295,0
101,164,115,0.001446037611204688,0
101,164,116,3.175315231366112e-05,0
101,164,117,2.863313961216309e-05,0
101,164,118,6.83561764103025e-05,0
101,164,119,4.322450294354694e-05,0
101,164,120,-2.150604083771878e-05,0
101,164,121,5.487234370761955e-05,0
101,164,122,0.0002623413082608668,0
101,164,123,-2.029577466341856e-05,0
101,164,124,-0.0007074997874789689,0
101,164,125,0.0001628032585157192,0
101,164,126,0.0001886156110134711,0
101,164,127,-0.0004773091718582242,0
101,164,128,0.007046603055004901,0
101,164,129,0.000111713684126278,0
101,164,130,-0.006224277964824132,0
101,164,131,0.004702295444204492,0
101,164,132,0.001628007529569693,0
101,164,133,-0.004172681417052813,0
101,164,134,0.001081625272442174,0
101,164,135,0.003411466035274087,0
101,164,136,0.0009304775177163392,0
101,164,137,-0.02897023922691802,0
101,164,138,0.1068136963014726,0
101,164,139,-0.2174132434396941,0
101,164,140,0.4599035322727735,0
101,164,141,-0.9979249712168925,0
101,164,142,0.7169266620794353,0
101,164,143,0.2664632337787887,0
101,164,144,0.004869773072528746,0
101,164,145,-0.02365798249785396,0
101,164,146,0.06216234705149836,0
101,164,147,-0.09480769924958023,0
101,164,148,-0.03530845890051914,0
101,164,149,0.4381981126003904,0
101,164,150,0.1198619155515724,0
101,164,151,0.2361206329563462,0
101,164,152,-1,0
101,164,153,-0.006453392343923207,0
101,164,154,0.01294469940452648,0
101,164,155,-0.002081402373432724,0
101,164,156,-0.08772598235926718,0
101,164,157,0.4027885188660918,0
101,164,158,-0.9841988980275813,0
101,164,159,-0.03055712335703436,0
101,164,160,0.04613451826308049,0
101,164,161,0.463244661047519,0
101,164,162,0.0004457538251053596,0
101,164,163,0.005257359594258536,0
101,164,164,-0.0275846159839298,0
101,164,165,0.08351632324116798,0
101,164,166,-0.1701191470032784,0
101,164,167,0.02440612664657998,0
101,164,168,0.9919294851497301,0
101,164,169,-0.8683685928636405,0
101,164,170,0.2295593580782579,0
102,168,0,-1.331438697313727e-05,0
102,168,1,-2.261652357351182e-05,0
102,168,2,-4.835913492223815e-05,0
102,168,3,9.011619386613274e-05,0
102,168,4,5.046991445164874e-05,0
102,168,5,6.545011626845757e-05,0
102,168,6,-3.416364538784863e-05,0
102,168,7,-2.611068517325521e-05,0
102,168,8,-0.0001239360328213964,0
102,168,9,-6.12856348231823e-05,0
102,168,10,-3.302043113081016e-05,0
102,168,11,-1.331732082875778e-05,0
102,168,12,0.001412029274212991,0
102,168,13,0.0009903986439712042,0
102,168,14,0.001398946028423223,0
102,168,15,-0.003907175901828877,0
102,168,16,-0.002590238985453543,0
102,168,17,-0.004713059319040958,0
102,168,18,-0.003717400456023082,0
102,168,19,-0.002479559521252519,0
102,168,20,0.0001922638353378598,0
102,168,21,0.001617388876411858,0
102,168,22,0.001085800426842536,0
102,168,23,0.004812071469189123,0
102,168,24,-0.004790917362684227,0
102,168,25,-0.003202292258304959,0
102,168,26,-0.00576018731916682,0
102,168,27,2.214085225626594e-06,0
102,168,28,0.004317680607597675,0
102,168,29,7.050248172127921e-05,0
102,168,30,2.001357173121455e-06,0
102,168,31,-6.787721958967064e-06,0
102,168,32,-8.252043621728033e-05,0
102,168,33,-1.341530464188245e-05,0
102,168,34,-8.897825275854137e-05,0
102,168,35,-7.317781203257894e-05,0
102,168,36,-0.0001461150298229429,0
102,168,37,-0.0001263324334549573,0
102,168,38,0.0005507520568489104,0
102,168,39,0.0003436840256751982,0
102,168,40,0.0005233386048854242,0
102,168,41,-0.003504315400991349,0
102,168,42,-0.001392516013973435,0
102,168,43,-0.002405250855773412,0
102,168,44,0.007289164966640694,0
102,168,45,0.001341118352930356,0
102,168,46,0.004850805719585159,0
102,168,47,0.006869069457214396,0
102,168,48,0.004735417149345698,0
102,168,49,-0.0002040377336830763,0
102,168,50,0.003043723292263328,0
102,168,51,0.005614478304198495,0
102,168,52,0.001371446327538138,0
102,168,53,0.007794272798476235,0
102,168,54,0.0009342175533963627,0
102,168,55,-0.001480876643488668,0
102,168,56,0.003210693641854708,0
102,168,57,-0.002693945240903122,0
102,168,58,-2.285867328281767e-05,0
102,168,59,-2.126027876216107e-05,0
102,168,60,-2.616024524578142e-05,0
102,168,61,-5.167125967369334e-05,0
102,168,62,-0.0001000703528916445,0
102,168,63,-0.0001112459467413166,0
102,168,64,0.0004658812423791677,0
102,168,65,0.0002231901262208279,0
102,168,66,0.0003522727895646722,0
102,168,67,-0.001011774611545109,0
102,168,68,-0.0002663560586440812,0
102,168,69,-0.000761015878320078,0
102,168,70,0.003273206938424757,0
102,168,71,0.0004911722970859917,0
102,168,72,0.001634932572819505,0
102,168,73,-0.003208133332905765,0
102,168,74,0.001493960483692718,0
102,168,75,-0.0008089673957804868,0
102,168,76,-0.003743599070674158,0
102,168,77,-0.002647712825920682,0
102,168,78,-0.000649099048333183,0
102,168,79,-0.01304334233273882,0
102,168,80,-0.007703935833231947,0
102,168,81,-0.006990086017168305,0
102,168,82,-0.006022777605659146,0
102,168,83,-0.00512928013501327,0
102,168,84,0.004838814349118867,0
102,168,85,-0.002002429415182926,0
102,168,86,0.00272581891096178,0
102,168,87,-4.16899717161677e-05,0
102,168,88,-4.063147461808368e-05,0
102,168,89,-4.241589827061999e-05,0
102,168,90,0.000158090827682995,0
102,168,91,2.826320059070726e-05,0
102,168,92,8.520468889052789e-05,0
102,168,93,-0.0004331028850571225,0
102,168,94,-2.429923977939064e-05,0
102,168,95,-0.0001699179869521611,0
102,168,96,0.0006808524435006264,0
102,168,97,-0.0001072060137206098,0
102,168,98,0.0002449684061562423,0
102,168,99,-0.0007580793666003846,0
102,168,100,0.000705847396235804,0
102,168,101,0.0003257582632986891,0
102,168,102,-0.004381325306747247,0
102,168,103,-0.003525128511313462,0
102,168,104,-0.004085333639620963,0
102,168,105,0.002446393651709208,0
102,168,106,0.001155140892748585,0
102,168,107,0.005492145756543342,0
102,168,108,0.01077265447443941,0
102,168,109,0.002009686485068132,0
102,168,110,0.0004984727789919206,0
102,168,111,0.008108488694165635,0
102,168,112,0.009019150302110042,0
102,168,113,0.002435175310009216,0
102,168,114,0.002024111408815641,0
102,168,115,-0.004577919027153472,0
102,168,116,1.135667762922018e-05,0
102,168,117,-1.268669595513288e-05,0
102,168,118,-0.0001075081349171519,0
102,168,119,-1.704839493077869e-06,0
102,168,120,7.961160871456601e-05,0
102,168,121,-7.396251442572429e-05,0
102,168,122,-0.0001589469754424606,0
102,168,123,6.283025603060453e-05,0
102,168,124,-0.0004307153189947263,0
102,168,125,-7.816988327104417e-05,0
102,168,126,0.004193377984236419,0
102,168,127,-0.0002533977608022601,0
102,168,128,-0.001871437815433916,0
102,168,129,0.002820592572237268,0
102,168,130,-0.002405495338124907,0
102,168,131,-0.001244216784727393,0
102,168,132,-0.005097860148041151,0
102,168,133,-0.00160427919572974,0
102,168,134,-0.003406326356967443,0
102,168,135,0.007850118558087833,0
102,168,136,-0.01955482496349989,0
102,168,137,0.01992905876858612,0
102,168,138,0.04299868300476595,0
102,168,139,-0.2936666573139106,0
102,168,140,0.446371499209969,0
102,168,141,0.4407683220754575,0
102,168,142,-0.1951755390562444,0
102,168,143,0.5731360256172682,0
102,168,144,-0.01034985575809145,0
102,168,145,0.007592383345774227,0
102,168,146,0.03616255662617115,0
102,168,147,-0.171467743993604,0
102,168,148,0.4363609389223461,0
102,168,149,-0.3730625817215923,0
102,168,150,-0.3736964843239493,0
102,168,151,-0.5591136035890979,0
102,168,152,-0.3605942164656153,0
102,168,153,-0.002398573561004007,0
102,168,154,0.02678111870343538,0
102,168,155,-0.08673854702210117,0
102,168,156,0.1832735011082632,0
102,168,157,-0.2481473282174305,0
102,168,158,-0.04442097758490569,0
102,168,159,0.06287028230830924,0
102,168,160,1,0
102,168,161,0.3598655180423611,0
102,168,162,0.007900771874504114,0
102,168,163,-0.02261765876319879,0
102,168,164,0.03743033067893307,0
102,168,165,-0.02398743903549101,0
102,168,166,-0.09243118744084659,0
102,168,167,0.4840630354207093,0
102,168,168,-0.2308819728268662,0
102,168,169,-0.2905162491475925,0
102,168,170,-0.6113123911902554,0
103,169,0,2.506388170196329e-06,0
103,169,1,1.83715029661382e-05,0
103,169,2,4.619041296226864e-05,0
103,169,3,-5.349712631683098e-05,0
103,169,4,-2.257169860769795e-05,0
103,169,5,-1.470832662718659e-05,0
103,169,6,5.860591634251518e-05,0
103,169,7,4.856898876099346e-05,0
103,169,8,0.0001253620509451418,0
103,169,9,-9.085847524989932e-05,0
103,169,10,-4.988025937855518e-05,0
103,169,11,-0.0001116493289277632,0
103,169,12,0.0007210672201590618,0
103,169,13,0.0005129738728214356,0
103,169,14,0.0007875856693904434,0
103,169,15,-0.002917223176760284,0
103,169,16,-0.00193583563576835,0
103,169,17,-0.003224257979565001,0
103,169,18,-0.001799743208940941,0
103,169,19,-0.001202055429216578,0
103,169,20,0.001013042838003388,0
103,169,21,-0.005659810165665936,0
103,169,22,-0.003787713012924577,0
103,169,23,-0.003477574003372758,0
103,169,24,0.005941659060690279,0
103,169,25,0.003972720941104996,0
103,169,26,0.01043595766447179,0
103,169,27,-1.99882597621414e-06,0
103,169,28,-0.005352760206443918,0
103,169,29,-4.430185523186303e-05,0
103,169,30,1.514484662224737e-05,0
103,169,31,3.089487520091825e-05,0
103,169,32,2.007430684291793e-05,0
103,169,33,9.436273565064787e-06,0
103,169,34,6.018123587245763e-05,0
103,169,35,-5.646859448414995e-05,0
103,169,36,5.63687703163918e-05,0
103,169,37,5.875906236855889e-05,0
103,169,38,-9.642287036301528e-06,0
103,169,39,-9.680535353091519e-05,0
103,169,40,-8.871097857728664e-05,0
103,169,41,-0.0008382418368458452,0
103,169,42,-1.603144018034824e-06,0
103,169,43,-1.943132948622899e-05,0
103,169,44,0.001834444587930998,0
103,169,45,-0.001181557498715335,0
103,169,46,-0.0008766855207188778,0
103,169,47,0.0102722685980114,0
103,169,48,0.007619488659634941,0
103,169,49,0.008586427793356078,0
103,169,50,0.007127062900369863,0
103,169,51,0.002179822806846072,0
103,169,52,-0.006318221599991351,0
103,169,53,-0.006201144098877899,0
103,169,54,0.003606645528953576,0
103,169,55,-0.001565050965175397,0
103,169,56,-0.003980224767792842,0
103,169,57,0.0002244008780052406,0
103,169,58,-1.288874667955782e-05,0
103,169,59,1.483571721759466e-05,0
103,169,60,1.638920130098026e-05,0
103,169,61,5.356516184514281e-05,0
103,169,62,7.907430214716433e-05,0
103,169,63,0.0001137232999132418,0
103,169,64,-0.0001982406246682423,0
103,169,65,-9.500298849632838e-05,0
103,169,66,-0.0001835096368800869,0
103,169,67,0.0001515446688495279,0
103,169,68,2.269369720055514e-05,0
103,169,69,0.0001930904438720073,0
103,169,70,0.0007659528999903162,0
103,169,71,0.0004908678449190729,0
103,169,72,0.0004935185836509968,0
103,169,73,-0.0009577717281736816,0
103,169,74,-0.001305770982450302,0
103,169,75,-0.002458874912996215,0
103,169,76,-0.01327478685208248,0
103,169,77,-0.002505639888101125,0
103,169,78,-0.002521311333955229,0
103,169,79,-0.001599860395130948,0
103,169,80,-0.005769539874269249,0
103,169,81,0.004180306753989138,0
103,169,82,-0.004081019333014657,0
103,169,83,-0.003894299549128482,0
103,169,84,-0.003800507415544527,0
103,169,85,0.0001665401672150176,0
103,169,86,0.003897252302065459,0
103,169,87,3.079632686981934e-05,0
103,169,88,2.457155441399076e-05,0
103,169,89,1.854912254281322e-05,0
103,169,90,-4.543408621680449e-05,0
103,169,91,4.714845845736105e-05,0
103,169,92,2.406292549408079e-05,0
103,169,93,-2.68215584730818e-05,0
103,169,94,-0.0001619759512091829,0
103,169,95,-0.0001844515066326206,0
103,169,96,0.0002671396755019257,0
103,169,97,0.0003027376214366644,0
103,169,98,0.0004238871899537992,0
103,169,99,-0.00263165225748402,0
103,169,100,-0.001474465274176553,0
103,169,101,-0.002257979647030895,0
103,169,102,0.009850355303956154,0
103,169,103,0.004726133311829519,0
103,169,104,0.008639513663754183,0
103,169,105,0.002721786283874546,0
103,169,106,-6.005215194581246e-05,0
103,169,107,-0.008959654168929427,0
103,169,108,0.001453914569258496,0
103,169,109,0.004079659587343553,0
103,169,110,0.003039328219896084,0
103,169,111,0.008011785053567056,0
103,169,112,0.0025361399333234,0
103,169,113,0.002106353309097472,0
103,169,114,0.00289860552534558,0
103,169,115,-0.003307653999175663,0
103,169,116,1.987516290812934e-05,0
103,169,117,1.436987680609016e-05,0
103,169,118,1.851091217567138e-05,0
103,169,119,2.326014452826816e-05,0
103,169,120,0.0002173672028409835,0
103,169,121,1.231048417254153e-05,0
103,169,122,-0.0003183022945728299,0
103,169,123,0.0001265959578028818,0
103,169,124,0.001990113034092777,0
103,169,125,-0.0002738190335116513,0
103,169,126,-0.007796687729573664,0
103,169,127,0.001242343601159649,0
103,169,128,0.002096263144472203,0
103,169,129,-0.005243426436233775,0
103,169,130,-0.001307305465905559,0
103,169,131,0.001391399652946654,0
103,169,132,-0.00366311844854225,0
103,169,133,-0.0008803916599264391,0
103,169,134,-0.002454786071800812,0
103,169,135,-0.00445148681984267,0
103,169,136,0.01037940434199724,0
103,169,137,-0.01803005181423099,0
103,169,138,0.04009376065721675,0
103,169,139,-0.1511916537391838,0
103,169,140,0.3264801698631463,0
103,169,141,0.2079222995387995,0
103,169,142,0.6672159941091748,0
103,169,143,-0.7011645327832005,0
103,169,144,0.00482232222498556,0
103,169,145,-0.002009728405469342,0
103,169,146,-0.01116350270167248,0
103,169,147,0.02511547174718448,0
103,169,148,0.021970288163128,0
103,169,149,0.1248781192162845,0
103,169,150,-1,0
103,169,151,-0.1720818995139853,0
103,169,152,0.03143261659921964,0
103,169,153,0.006895661185870504,0
103,169,154,-0.02170315480816849,0
103,169,155,0.03840568218025993,0
103,169,156,-0.02350180710876475,0
103,169,157,-0.1298564149168468,0
103,169,158,0.2425963457636266,0
103,169,159,0.5725196484411328,0
103,169,160,0.01949702681888152,0
103,169,161,0.514073560698863,0
103,169,162,-0.0001280738134965086,0
103,169,163,-0.006931080752466533,0
103,169,164,0.04006181641020671,0
103,169,165,-0.1445210502281176,0
103,169,166,0.4129655378189924,0
103,169,167,-0.8742109755890156,0
103,169,168,0.2605870152862174,0
103,169,169,-0.1501559037592705,0
103,169,170,-0.43106247725762,0
104,170,0,-0.0001066866891076984,0
104,170,1,5.008398999326615e-06,0
104,170,2,0.0001087749080391477,0
104,170,3,1.065342688694903e-05,0
104,170,4,5.522807362396717e-05,0
104,170,5,0.0002478564095892535,0
104,170,6,-0.0008754552492932657,0
104,170,7,-0.0005871251237280846,0
104,170,8,-0.0007729081355727486,0
104,170,9,0.0009936683648451962,0
104,170,10,0.0005898454033369456,0
104,170,11,0.001536352066663536,0
104,170,12,-0.003509361632117589,0
104,170,13,-0.002556209522598505,0
104,170,14,-0.004478582575825915,0
104,170,15,0.01001625925594288,0
104,170,16,0.00656361038752804,0
104,170,17,0.01176597616538729,0
104,170,18,-0.004294138156491841,0
104,170,19,-0.002933867256345617,0
104,170,20,-0.01305673812104382,0
104,170,21,-0.003690100406976753,0
104,170,22,-0.00250206699734389,0
104,170,23,0.0004487265660605774,0
104,170,24,-0.002784180252176753,0
104,170,25,-0.001884294528896668,0
104,170,26,0.0007552845561558501,0
104,170,27,-1.744205034487028e-05,0
104,170,28,0.002459596795197699,0
104,170,29,8.810662551480351e-05,0
104,170,30,0.000195119248832021,0
104,170,31,0.0003221168945746462,0
104,170,32,-0.0006762907680681756,0
104,170,33,-0.0002284818659180653,0
104,170,34,-0.000337377957655209,0
104,170,35,0.00132948241491201,0
104,170,36,0.0003321384324218266,0
104,170,37,0.001085703022772058,0
104,170,38,-0.002033557356804067,0
104,170,39,-0.0002115162177453914,0
104,170,40,-0.0014611879766149,0
104,170,41,0.003434954068302827,0
104,170,42,-0.0009693398150612682,0
104,170,43,0.0005926755714751598,0
104,170,44,-0.003702026482634731,0
104,170,45,0.006273940055986129,0
104,170,46,0.005477026592622039,0
104,170,47,-0.0003727658723387031,0
104,170,48,-0.009971539255287912,0
104,170,49,-0.01007371398897815,0
104,170,50,0.01058219717480313,0
104,170,51,0.007396548753073984,0
104,170,52,0.01027563376407964,0
104,170,53,0.008055416749733981,0
104,170,54,0.005937832530593728,0
104,170,55,-0.001546854403118095,0
104,170,56,0.001817932180751225,0
104,170,57,-0.004813563938427132,0
104,170,58,-0.0003015010060973203,0
104,170,59,5.014196480263335e-05,0
104,170,60,6.049002530892824e-05,0
104,170,61,0.0007732254774598421,0
104,170,62,0.0002789000853198519,0
104,170,63,0.0006445418470088287,0
104,170,64,-0.001023142174773601,0
104,170,65,0.0001372485698985534,0
104,170,66,-0.0005039573900865183,0
104,170,67,0.00087307614622738,0
104,170,68,-0.0004724742978992106,0
104,170,69,0.0003101867620421867,0
104,170,70,0.001576689747721575,0
104,170,71,0.001579513225724381,0
104,170,72,0.001399463391282846,0
104,170,73,-0.007957894597968756,0
104,170,74,-0.001201415591292421,0
104,170,75,-0.002942678728505228,0
104,170,76,-0.004509647795658939,0
104,170,77,-0.01049146667878721,0
104,170,78,-0.006918272682275612,0
104,170,79,-0.003346203919988993,0
104,170,80,0.005402700447044814,0
104,170,81,0.01134204998496002,0
104,170,82,-0.01000693981089015,0
104,170,83,-0.00784247886739314,0
104,170,84,-0.007530475813396123,0
104,170,85,-0.003576377203973403,0
104,170,86,0.004202231337323299,0
104,170,87,0.0003225865614566883,0
104,170,88,0.0002235422170290921,0
104,170,89,0.0002280862051445328,0
104,170,90,-0.0003634803669096072,0
104,170,91,0.0002111505785570337,0
104,170,92,-6.265528978135858e-05,0
104,170,93,0.0003320103783851547,0
104,170,94,-0.0001599344629744754,0
104,170,95,8.434294368892411e-05,0
104,170,96,0.0004120029965122482,0
104,170,97,0.0005089825539238063,0
104,170,98,0.0003868023656745712,0
104,170,99,-0.002547323706782562,0
104,170,100,-0.000700579063170822,0
104,170,101,-0.001317751303791346,0
104,170,102,0.001949794411304263,0
104,170,103,-0.0008800012288759931,0
104,170,104,0.001058065718163311,0
104,170,105,0.01158150233708007,0
104,170,106,0.002622249424526918,0
104,170,107,0.0017914518773569,0
104,170,108,0.006038493989235809,0
104,170,109,0.01248566273314033,0
104,170,110,0.006399837274199295,0
104,170,111,-0.003425326138928471,0
104,170,112,-0.007875032233777073,0
104,170,113,-0.01600598946513894,0
104,170,114,0.003136412258809606,0
104,170,115,0.007324076729139562,0
104,170,116,-2.335534015341892e-05,0
104,170,117,8.148617664826116e-05,0
104,170,118,0.0002207971730584341,0
104,170,119,4.953455241117756e-05,0
104,170,120,0.0002085047513116385,0
104,170,121,0.0001821965189600822,0
104,170,122,-0.000245666484218191,0
104,170,123,0.0001373851288027956,0
104,170,124,0.001081592057323748,0
104,170,125,-0.0002050920469608718,0
104,170,126,-0.0002410035518959934,0
104,170,127,0.0006606792498743437,0
104,170,128,-0.00232732036003767,0
104,170,129,-0.0001965637235318166,0
104,170,130,-0.009515916112126504,0
104,170,131,-0.00158440827961202,0
104,170,132,0.008200799737883428,0
104,170,133,-0.006389489686932578,0
104,170,134,0.005464295567144425,0
104,170,135,0.002944510130906339,0
104,170,136,-0.04856558106847779,0
104,170,137,0.1608367996297789,0
104,170,138,-0.3618680047526447,0
104,170,139,0.6549000324022468,0
104,170,140,-0.9705346531993237,0
104,170,141,0.4837549370144614,0
104,170,142,0.4022831147313071,0
104,170,143,0.2988568351420776,0
104,170,144,-0.03283168413118628,0
104,170,145,0.1064299637140549,0
104,170,146,-0.1927060934597217,0
104,170,147,0.2089959494769968,0
104,170,148,0.0227993102169336,0
104,170,149,-0.6327820540468124,0
104,170,150,0.5166784558698932,0
104,170,151,-0.7114784841478262,0
104,170,152,-0.5485595380537807,0
104,170,153,0.0460089030917672,0
104,170,154,-0.08934108602450218,0
104,170,155,0.08580780084403247,0
104,170,156,0.02424696943042859,0
104,170,157,-0.2722646845036732,0
104,170,158,0.1655486462003717,0
104,170,159,0.9801718696718855,0
104,170,160,-0.3615663359374967,0
104,170,161,0.5061559496431318,0
104,170,162,-0.02527398075847296,0
104,170,163,0.02451447615581941,0
104,170,164,0.01684438974863504,0
104,170,165,-0.1023476634198979,0
104,170,166,0.1951615049367713,0
104,170,167,-0.009006172483379831,0
104,170,168,-0.2393580072907374,0
104,170,169,-1,0
104,170,170,0.8663040262674744,0
105,167,0,0.0003507351992523747,0
105,167,1,0.0001177145825350887,0
105,167,2,3.763172173346015e-06,0
105,167,3,-0.0001036139572902758,0
105,167,4,-0.0001484403699492233,0
105,167,5,-0.0006355838950591568,0
105,167,6,0.0003333177261649622,0
105,167,7,0.0002023421991787803,0
105,167,8,0.00031365085969051,0
105,167,9,0.0007019610244814638,0
105,167,10,0.0005015061325692126,0
105,167,11,0.0004050183225866841,0
105,167,12,-0.002852740519040495,0
105,167,13,-0.001905171351881012,0
105,167,14,-0.00310293662739817,0
105,167,15,-0.004533297375788347,0
105,167,16,-0.002991968155840872,0
105,167,17,-0.001420458476088456,0
105,167,18,0.004403568557690377,0
105,167,19,0.002996466321604792,0
105,167,20,0.008180771238124178,0
105,167,21,-0.004397036631012916,0
105,167,22,-0.00290249308491734,0
105,167,23,-0.007813156204248538,0
105,167,24,-0.003123009221910876,0
105,167,25,-0.002059764493084603,0
105,167,26,0.001226705908240926,0
105,167,27,2.505142603631433e-05,0
105,167,28,0.002876918876032656,0
105,167,29,-0.0002949960623005612,0
105,167,30,-0.0002758656766632839,0
105,167,31,-0.0004578644896289315,0
105,167,32,0.0003250683552140073,0
105,167,33,-0.00030997446748167,0
105,167,34,-0.0002204253425841078,0
105,167,35,0.001247121381373298,0
105,167,36,0.001059815471011823,0
105,167,37,0.001104015872443462,0
105,167,38,-0.002626312736060149,0
105,167,39,-0.001384356769760424,0
105,167,40,-0.002953219526772095,0
105,167,41,0.008626676506833684,0
105,167,42,0.003752498050410354,0
105,167,43,0.007567653549152855,0
105,167,44,0.003232124592332549,0
105,167,45,0.001250628784121721,0
105,167,46,-0.005745017012237556,0
105,167,47,0.001658220477257131,0
105,167,48,0.007244381279609044,0
105,167,49,0.006929706672222493,0
105,167,50,0.002695845580287953,0
105,167,51,-0.003974543115902713,0
105,167,52,-0.006800846663607001,0
105,167,53,0.008320594539773804,0
105,167,54,0.006497851181804641,0
105,167,55,0.006338235690939891,0
105,167,56,0.002154666924783962,0
105,167,57,-0.004573297057319859,0
105,167,58,1.166117756777448e-05,0
105,167,59,-0.0003485243784510489,0
105,167,60,-0.000455556340226956,0
105,167,61,0.0009059118144373216,0
105,167,62,0.0004279683893630779,0
105,167,63,0.0005723010464633206,0
105,167,64,-0.002795278399464277,0
105,167,65,-0.001063453374583712,0
105,167,66,-0.002250610117223112,0
105,167,67,0.0043013906059516,0
105,167,68,0.0006433335069280517,0
105,167,69,0.003347827855524088,0
105,167,70,-0.008379296308663495,0
105,167,71,-0.0001810544491386711,0
105,167,72,-0.004257882989299774,0
105,167,73,-0.006558907644987167,0
105,167,74,-0.008723197000856383,0
105,167,75,-0.004501810168569194,0
105,167,76,-0.006576600064319219,0
105,167,77,0.0007432063145273921,0
105,167,78,0.006840621893608101,0
105,167,79,-0.007461121405499762,0
105,167,80,-0.01004598725372614,0
105,167,81,-0.007614055973035936,0
105,167,82,-0.001568023811716558,0
105,167,83,0.003662614230963804,0
105,167,84,0.01163318909073252,0
105,167,85,-0.003399490168972479,0
105,167,86,-0.00317042831743945,0
105,167,87,0.0004170154685235211,0
105,167,88,-3.070816337687136e-06,0
105,167,89,0.0001050983850545854,0
105,167,90,-0.001669922901126852,0
105,167,91,-0.000654266381213008,0
105,167,92,-0.00117141511532124,0
105,167,93,0.002608704523077383,0
105,167,94,8.161566865046259e-05,0
105,167,95,0.001651214490631186,0
105,167,96,-0.00330587942874107,0
105,167,97,0.000262052116687828,0
105,167,98,-0.002007158275607805,0
105,167,99,0.003673421803588755,0
105,167,100,-0.000688401953343496,0
105,167,101,0.002025784543646898,0
105,167,102,0.00756105091905936,0
105,167,103,0.001678992461989626,0
105,167,104,-0.00100576035419738,0
105,167,105,0.009349247822710405,0
105,167,106,0.01130921365120661,0
105,167,107,0.008369094443933028,0
105,167,108,0.008296769143022005,0
105,167,109,-0.0001318087895157352,0
105,167,110,-0.00863181796279501,0
105,167,111,-0.002119018261256584,0
105,167,112,0.007210647277153644,0
105,167,113,0.002200344196500254,0
105,167,114,-0.002373776221960657,0
105,167,115,-0.001316268057203588,0
105,167,116,-0.0004580605967033413,0
105,167,117,-0.0001209000613438908,0
105,167,118,0.0005890328015160189,0
105,167,119,-0.0004018191205573149,0
105,167,120,-0.001353458985627926,0
105,167,121,0.000346920268598519,0
105,167,122,0.000934403688485991,0
105,167,123,-0.000895141067848653,0
105,167,124,-0.001106351056840609,0
105,167,125,0.0006894141154507936,0
105,167,126,0.0002303186431965568,0
105,167,127,-0.0006519892233272848,0
105,167,128,-0.008915350343626061,0
105,167,129,0.0002099244010290357,0
105,167,130,0.0007947688866199979,0
105,167,131,-0.005921448472294687,0
105,167,132,-0.001551411816444723,0
105,167,133,0.0005664984074458391,0
105,167,134,-0.001006963643782734,0
105,167,135,-0.0532214702233501,0
105,167,136,0.07924407084849749,0
105,167,137,-0.02384530061533145,0
105,167,138,-0.15673807082341,0
105,167,139,0.4843309620198054,0
105,167,140,0.4608943631854258,0
105,167,141,-0.4456998986593402,0
105,167,142,0.4239467108917908,0
105,167,143,0.3031100314398987,0
105,167,144,0.0385909243870451,0
105,167,145,0.03873125690675101,0
105,167,146,-0.2660386971589699,0
105,167,147,0.6201952877797841,0
105,167,148,-1,0
105,167,149,0.01865394442370647,0
105,167,150,-0.6392839209677248,0
105,167,151,0.1476354510312861,0
105,167,152,-0.5217672603484613,0
105,167,153,0.03572938086228346,0
105,167,154,-0.1834691627225781,0
105,167,155,0.3886648132318146,0
105,167,156,-0.5323472003193308,0
105,167,157,0.4392473075534703,0
105,167,158,0.7725756706676559,0
105,167,159,0.02793371979683657,0
105,167,160,0.886257221398033,0
105,167,161,-0.3670995125101671,0
105,167,162,-0.08260867479384248,0
105,167,163,0.1904877575788498,0
105,167,164,-0.2729465292446931,0
105,167,165,0.275562679136621,0
105,167,166,-0.1881503312889912,0
105,167,167,0.002654531776633186,0
105,167,168,-0.8903611695897583,0
105,167,169,0.07187172542600424,0
105,167,170,-0.1561399738027903,0
106,166,0,8.269067006633977e-05,0
106,166,1,-0.0001143616868446385,0
106,166,2,-0.0003775985626145256,0
106,166,3,0.000690443861925514,0
106,166,4,0.0003452035365015562,0
106,166,5,0.0002145504844424404,0
106,166,6,-0.0002086151648967824,0
106,166,7,-0.0001735703875313172,0
106,166,8,-0.0009353275736384127,0
106,166,9,0.0005879449297186796,0
106,166,10,0.0004450771869072997,0
106,166,11,0.0008179989755314603,0
106,166,12,0.000664084413525785,0
106,166,13,0.0005605616756725592,0
106,166,14,0.0003436125478416079,0
106,166,15,0.003821434105211345,0
106,166,16,0.002656643855796929,0
106,166,17,0.003118940319597345,0
106,166,18,0.005940435298128431,0
106,166,19,0.004048191448020342,0
106,166,20,0.002112312521102386,0
106,166,21,-0.007846756179801167,0
106,166,22,-0.005194735355611186,0
106,166,23,-0.0122583099022707,0
106,166,24,0.0001472378527566139,0
106,166,25,0.0001398991398162269,0
106,166,26,0.007307154489240378,0
106,166,27,3.551438897778927e-05,0
106,166,28,-3.866552882398969e-05,0
106,166,29,0.0006513362670508638,0
106,166,30,3.813709894425317e-05,0
106,166,31,-7.242372342182213e-05,0
106,166,32,-0.0009948956543804255,0
106,166,33,-0.0005864819772772711,0
106,166,34,-0.001473033524542875,0
106,166,35,0.001557355977007862,0
106,166,36,0.00032550761616749,0
106,166,37,0.001291384458877499,0
106,166,38,-0.0002687605888342629,0
106,166,39,0.0004673068171882044,0
106,166,40,-0.0007428075934308356,0
106,166,41,-0.002279372216085949,0
106,166,42,-0.001230987210874644,0
106,166,43,-0.001318012400064013,0
106,166,44,-0.01352507443344301,0
106,166,45,-0.006665491100832309,0
106,166,46,-0.006861204644795982,0
106,166,47,-0.003279609203370499,0
106,166,48,-0.0005689877630330777,0
106,166,49,0.01147367555042382,0
106,166,50,0.002211355078945993,0
106,166,51,-0.007593430759990969,0
106,166,52,-0.007217714487073301,0
106,166,53,0.006502481894554422,0
106,166,54,0.009809331814015191,0
106,166,55,0.01123838942916083,0
106,166,56,-5.426798193342274e-06,0
106,166,57,-0.005835809592713638,0
106,166,58,-0.0007859008406714973,0
106,166,59,-0.0006000896846672269,0
106,166,60,-0.0007856200140910971,0
106,166,61,0.001106792018503214,0
106,166,62,-0.0003681268180642489,0
106,166,63,0.0002274336011360189,0
106,166,64,-4.035863880748795e-05,0
106,166,65,0.0009373667779565575,0
106,166,66,0.0002752026436268754,0
106,166,67,-0.001775339867390829,0
106,166,68,-0.001689309541180687,0
106,166,69,-0.00222007137975428,0
106,166,70,0.007547302265892561,0
106,166,71,0.004296461798055187,0
106,166,72,0.007459309239382756,0
106,166,73,0.004982378937547478,0
106,166,74,-0.001664258598735051,0
106,166,75,-0.008796264508339448,0
106,166,76,0.002352617061962232,0
106,166,77,0.01012955401338762,0
106,166,78,0.009180783982028089,0
106,166,79,0.001803988471894548,0
106,166,80,-0.004149097105053044,0
106,166,81,-0.007698977030942602,0
106,166,82,-0.001708115619323403,0
106,166,83,0.007213481564237883,0
106,166,84,0.008073430740381799,0
106,166,85,-0.004337180643770006,0
106,166,86,-0.004307862004247439,0
106,166,87,0.0002452822595281805,0
106,166,88,-0.0003380932434025696,0
106,166,89,-0.0002980030052376503,0
106,166,90,-4.059314081083195e-06,0
106,166,91,0.0002200718261711199,0
106,166,92,0.0001954421606014732,0
106,166,93,-0.00211436321070277,0
106,166,94,-0.001202576479757729,0
106,166,95,-0.001564323728588873,0
106,166,96,0.003484785425103659,0
106,166,97,0.0006115964493626675,0
106,166,98,0.002675487932317423,0
106,166,99,-0.008763663551991676,0
106,166,100,-0.0005946987009732332,0
106,166,101,-0.004163635725526347,0
106,166,102,-0.000114653011096446,0
106,166,103,-0.006746442389677501,0
106,166,104,-0.00159812460378385,0
106,166,105,0.0006229468061649422,0
106,166,106,0.007187725606176562,0
106,166,107,0.009640144581121507,0
106,166,108,0.001105790766487952,0
106,166,109,-0.00501594224802788,0
106,166,110,-0.007378040233718017,0
106,166,111,-0.00847511462199115,0
106,166,112,0.0003047135293382677,0
106,166,113,-0.0006351277953598889,0
106,166,114,-0.003226647724738936,0
106,166,115,0.003243416991651225,0
106,166,116,-0.0001550353309403894,0
106,166,117,-0.0001722410812783481,0
106,166,118,-0.0007308521335147262,0
106,166,119,-0.0002385001662806612,0
106,166,120,0.0008643799041201663,0
106,166,121,-0.0005526499008385759,0
106,166,122,-0.002020851569687349,0
106,166,123,0.0005956849079654107,0
106,166,124,0.002775686953395946,0
106,166,125,-0.001293369555622206,0
106,166,126,0.004735538962117532,0
106,166,127,0.001886953131045027,0
106,166,128,-0.005754645663380498,0
106,166,129,0.003242299084527864,0
106,166,130,0.002622146653763279,0
106,166,131,-0.003786044694144604,0
106,166,132,0.003473742399914056,0
106,166,133,0.001805789099859073,0
106,166,134,0.002369066914104483,0
106,166,135,0.02362515161040782,0
106,166,136,-0.08822446246989026,0
106,166,137,0.1296464355373347,0
106,166,138,-0.07671619406798071,0
106,166,139,-0.1134120525789788,0
106,166,140,-0.3900093726671943,0
106,166,141,-0.5869591625592441,0
106,166,142,0.7369674919929466,0
106,166,143,-0.02060551567245611,0
106,166,144,-0.1008763718033206,0
106,166,145,0.1939665444423061,0
106,166,146,-0.1803595448109273,0
106,166,147,0.01278553180738184,0
106,166,148,0.2586268549350631,0
106,166,149,0.8999912511421417,0
106,166,150,-0.2883989507874136,0
106,166,151,0.5151794783798631,0
106,166,152,-0.6472066790258882,0
106,166,153,0.08610242788062347,0
106,166,154,-0.05779041885098361,0
106,166,155,-0.1483879925391769,0
106,166,156,0.526575054204196,0
106,166,157,-1,0
106,166,158,0.3258697261757411,0
106,166,159,-0.5338040907039068,0
106,166,160,0.3369306910414523,0
106,166,161,-0.4859466750538024,0
106,166,162,0.003787453259350946,0
106,166,163,-0.1026925786740891,0
106,166,164,0.2764700306989896,0
106,166,165,-0.4445072710947039,0
106,166,166,0.459229129219646,0
106,166,167,0.4609167194570993,0
106,166,168,-0.5635896076120819,0
106,166,169,0.2403849082872544,0
106,166,170,0.3271901727700036,0
107,165,0,-0.0006908387053210976,0
107,165,1,-0.0003805445362108371,0
107,165,2,-0.0004038419949429239,0
107,165,3,0.002118001862314958,0
107,165,4,0.001471271971456325,0
107,165,5,0.002684909042270934,0
107,165,6,-0.003567929540635353,0
107,165,7,-0.002376444612648904,0
107,165,8,-0.005068660118584588,0
107,165,9,0.002372720823671847,0
107,165,10,0.001547546138873677,0
107,165,11,0.0052657821758632,0
107,165,12,-0.0001843948288178903,0
107,165,13,-0.0002024444955045667,0
107,165,14,-0.002498017025129639,0
107,165,15,-0.003904690656228485,0
107,165,16,-0.00267980731895319,0
107,165,17,-0.003537702662842955,0
107,165,18,0.001158736415680259,0
107,165,19,0.0007311385758343726,0
107,165,20,0.004433553037316062,0
107,165,21,0.006004317625981743,0
107,165,22,0.003987559990918921,0
107,165,23,0.004279919108349605,0
107,165,24,0.001602016662267177,0
107,165,25,0.00105090427762109,0
107,165,26,-0.004018924075150497,0
107,165,27,-1.73187174857969e-05,0
107,165,28,-0.001487611347543658,0
107,165,29,0.002660378109877239,0
107,165,30,0.001536796523521808,0
107,165,31,0.002128651767486856,0
107,165,32,-0.00692628861430534,0
107,165,33,-0.002598089444325184,0
107,165,34,-0.005840604687241974,0
107,165,35,0.00781818077549943,0
107,165,36,0.001473126200610017,0
107,165,37,0.008239568362803122,0
107,165,38,-0.004452842175940023,0
107,165,39,0.0009092426155866913,0
107,165,40,-0.005819445354493565,0
107,165,41,-0.00206614317819086,0
107,165,42,-0.003328939424227165,0
107,165,43,-0.0005087253724517538,0
107,165,44,0.0053944411109799,0
107,165,45,0.0009235982532071517,0
107,165,46,0.00301724535172542,0
107,165,47,-0.002132517975554199,0
107,165,48,0.001839683231404695,0
107,165,49,-0.002414533631121801,0
107,165,50,-0.007329110723799011,0
107,165,51,-0.001740454979224618,0
107,165,52,-0.000443210511555134,0
107,165,53,-0.007163685028900019,0
107,165,54,-0.007792746385517781,0
107,165,55,-0.003902032685800834,0
107,165,56,-0.001116613164680321,0
107,165,57,0.004934392934005899,0
107,165,58,-0.005117634452352832,0
107,165,59,-0.001829966310804001,0
107,165,60,-0.002471152243691556,0
107,165,61,0.009063423862577875,0
107,165,62,0.001731783271343314,0
107,165,63,0.006930715593237591,0
107,165,64,-0.007554527826704082,0
107,165,65,0.00108003220299916,0
107,165,66,-0.006702050255711745,0
107,165,67,0.00204840866245893,0
107,165,68,-0.002932178488075732,0
107,165,69,0.002871447075059616,0
107,165,70,0.004232506850409555,0
107,165,71,0.002565374956586369,0
107,165,72,0.001676239993056259,0
107,165,73,0.0066851064110524,0
107,165,74,0.006757603106790566,0
107,165,75,0.005435468726988023,0
107,165,76,0.002291418653271554,0
107,165,77,-0.0002557396871077922,0
107,165,78,-0.006326807471585496,0
107,165,79,0.002072251729586583,0
107,165,80,0.001057121969080006,0
107,165,81,-0.0006290246739177351,0
107,165,82,0.004367708655456519,0
107,165,83,2.168779338901157e-05,0
107,165,84,-0.001829006482424018,0
107,165,85,0.003668348309782814,0
107,165,86,0.001010617915731792,0
107,165,87,0.00516536234994817,0
107,165,88,0.001578993316777403,0
107,165,89,0.002047930336084734,0
107,165,90,-0.006597455837803097,0
107,165,91,0.000711131357612227,0
107,165,92,-0.003751331408143333,0
107,165,93,0.003638700763442615,0
107,165,94,-0.002557221150439851,0
107,165,95,0.002468486026408994,0
107,165,96,0.0008593834691733503,0
107,165,97,0.002707014569917794,0
107,165,98,0.0003680595599666256,0
107,165,99,-0.003692281634735868,0
107,165,100,-0.001284388770179147,0
107,165,101,-0.0025117892539706,0
107,165,102,-0.01038410763087485,0
107,165,103,-0.002909423797399684,0
107,165,104,-0.0006705154091998687,0
107,165,105,-0.008200954815873589,0
107,165,106,-0.01017383078760566,0
107,165,107,-0.00432589601639207,0
107,165,108,-0.001146827049624811,0
107,165,109,-0.001219977350759114,0
107,165,110,0.005764852180317549,0
107,165,111,0.007226039281004972,0
107,165,112,0.003487695919615468,0
107,165,113,0.005747605319136444,0
107,165,114,0.0007636729815589947,0
107,165,115,-0.005454652564705178,0
107,165,116,-0.002037383295649856,0
107,165,117,8.434819859593776e-05,0
107,165,118,0.002307709111140319,0
107,165,119,-0.001296546681299212,0
107,165,120,-0.0003635281959374395,0
107,165,121,0.001575592230439199,0
107,165,122,-0.0008298834190048223,0
107,165,123,-0.0002553718953891061,0
107,165,124,0.001742865786691243,0
107,165,125,-0.0006211392919650999,0
107,165,126,0.002267507900455862,0
107,165,127,0.001069428187088961,0
107,165,128,0.006952468547129155,0
107,165,129,0.001470243019132245,0
107,165,130,0.0004601812424545266,0
107,165,131,0.004619412151862715,0
107,165,132,-0.005996829936010622,0
107,165,133,0.0002827929686505808,0
107,165,134,-0.004033853385258731,0
107,165,135,0.1309166954517168,0
107,165,136,-0.5000365890046388,0
107,165,137,0.7388484254124301,0
107,165,138,-0.5584610429792737,0
107,165,139,0.03361998866158542,0
107,165,140,0.370562486931294,0
107,165,141,-0.08981762227808995,0
107,165,142,-0.5287709131438582,0
107,165,143,-0.1395822828558287,0
107,165,144,-0.4644417131786912,0
107,165,145,0.9958470796971522,0
107,165,146,-1,0
107,165,147,0.38116856001366,0
107,165,148,0.3556048449604206,0
107,165,149,-0.08510805413745443,0
107,165,150,0.1096458583716017,0
107,165,151,0.1309253769829281,0
107,165,152,0.5028969983236904,0
107,165,153,0.6566844402132861,0
107,165,154,-0.9885262959771933,0
107,165,155,0.6654906708594652,0
107,165,156,-0.01467098165246072,0
107,165,157,-0.3034178080519307,0
107,165,158,-0.7336690974972305,0
107,165,159,-0.1042907077803005,0
107,165,160,-0.05543923713715701,0
107,165,161,0.1126790570181998,0
107,165,162,-0.4643516444250144,0
107,165,163,0.4743538779238189,0
107,165,164,-0.1179110832250283,0
107,165,165,-0.2289357268112424,0
107,165,166,0.2705260965737581,0
107,165,167,0.2299026058952971,0
107,165,168,0.6311659796486645,0
107,165,169,0.04573138104677112,0
107,165,170,-0.5339927821845065,0
108,163,0,-0.0008649904334121474,0
108,163,1,-0.0006803317294689016,0
108,163,2,-0.001047581451710218,0
108,163,3,0.001628579578964217,0
108,163,4,0.001013790127874862,0
108,163,5,0.002035078149000585,0
108,163,6,-0.0009558622829508272,0
108,163,7,-0.0006795790587648843,0
108,163,8,-0.002441365766566915,0
108,163,9,0.000637197993015329,0
108,163,10,0.0004056750388104221,0
108,163,11,0.001387670305917478,0
108,163,12,-0.001994558876019827,0
108,163,13,-0.001396641192453636,0
108,163,14,-0.002469794338084373,0
108,163,15,0.00231189907940546,0
108,163,16,0.001525642164226782,0
108,163,17,0.003796970128710226,0
108,163,18,-0.004565524166884718,0
108,163,19,-0.003039620450825735,0
108,163,20,-0.006155832327339353,0
108,163,21,-0.003840368659924294,0
108,163,22,-0.002549245510326161,0
108,163,23,0.0007053358329102363,0
108,163,24,0.01235835809444628,0
108,163,25,0.00828521909707856,0
108,163,26,0.01462699365974407,0
108,163,27,1.613962899268809e-05,0
108,163,28,-0.0110799186498032,0
108,163,29,0.002376706278750901,0
108,163,30,0.0007446954020883112,0
108,163,31,0.000933239303232897,0
108,163,32,-0.002482283382133893,0
108,163,33,-0.0001929918809302901,0
108,163,34,-0.002450662315112972,0
108,163,35,0.0009539458634236339,0
108,163,36,-0.001186093086213951,0
108,163,37,0.0006232347650322848,0
108,163,38,0.000370790593631995,0
108,163,39,0.001311936616312648,0
108,163,40,0.0009435920984161141,0
108,163,41,0.001862734308067664,0
108,163,42,-0.0005019709061273961,0
108,163,43,-0.0009053046916509925,0
108,163,44,0.003096047734730903,0
108,163,45,0.004946666292401543,0
108,163,46,0.005116650980681302,0
108,163,47,0.009240193921164385,0
108,163,48,0.001637158648860001,0
108,163,49,-0.0005241032259216738,0
108,163,50,-0.004239489940020863,0
108,163,51,-0.002291365885125617,0
108,163,52,-0.01136764902555249,0
108,163,53,-0.009223054543807964,0
108,163,54,0.004716338741760677,0
108,163,55,0.01017878100312858,0
108,163,56,-0.0082243070091858,0
108,163,57,-0.002751745909177292,0
108,163,58,-0.001873812436556963,0
108,163,59,-0.0005670176999507604,0
108,163,60,-0.000745007503965158,0
108,163,61,0.000656295108432444,0
108,163,62,-0.001381170902582734,0
108,163,63,-0.0001532235635409549,0
108,163,64,0.002130512427603184,0
108,163,65,0.001909940430031661,0
108,163,66,0.00200703973268744,0
108,163,67,-0.001934736317701516,0
108,163,68,-0.0005376612267726745,0
108,163,69,-0.002582578459874343,0
108,163,70,-0.000775572214246076,0
108,163,71,-0.001114160546707705,0
108,163,72,0.0003673377177190301,0
108,163,73,-0.01268140276394166,0
108,163,74,-0.004611258845508072,0
108,163,75,-0.005404040460469522,0
108,163,76,0.001082765419506723,0
108,163,77,0.0003667276085243657,0
108,163,78,0.01195743209092587,0
108,163,79,0.008050116140175541,0
108,163,80,-0.003051951361835066,0
108,163,81,-0.005064025847907439,0
108,163,82,-0.007167214827823356,0
108,163,83,0.00277503332724151,0
108,163,84,-0.003510005491230496,0
108,163,85,-0.002044456264041098,0
108,163,86,0.003696201057013507,0
108,163,87,0.0006028614358300342,0
108,163,88,-0.0001008586559851939,0
108,163,89,-4.479745367083287e-05,0
108,163,90,0.0008221104514274341,0
108,163,91,0.0004742605362734345,0
108,163,92,0.0001670336533830367,0
108,163,93,-0.001741156253452548,0
108,163,94,0.0003558285655868353,0
108,163,95,-0.0002221496098629916,0
108,163,96,-0.0002925624737169154,0
108,163,97,-0.002063475730891698,0
108,163,98,-0.001194358605602399,0
108,163,99,0.007223392465893423,0
108,163,100,0.005324533320159464,0
108,163,101,0.00749216134499349,0
108,163,102,-0.002427828044457089,0
108,163,103,-0.005546526773415402,0
108,163,104,-0.01375201237801213,0
108,163,105,-0.008865985029033486,0
108,163,106,0.002967328552038917,0
108,163,107,0.006192540330769168,0
108,163,108,0.004208872314365459,0
108,163,109,-0.0009564313935016506,0
108,163,110,0.006674163516644199,0
108,163,111,0.003677079218726718,0
108,163,112,-0.000161075481768613,0
108,163,113,-0.004027470800188886,0
108,163,114,0.002734642749210875,0
108,163,115,0.0003470639938494316,0
108,163,116,-0.0002165983445500646,0
108,163,117,-9.446368213564141e-05,0
108,163,118,-0.0005833340343757869,0
108,163,119,-0.0002144408831171372,0
108,163,120,-0.0003528828575164247,0
108,163,121,-0.0004066479124206343,0
108,163,122,0.001221446021044544,0
108,163,123,-0.0001662795247529057,0
108,163,124,-0.006356573680381741,0
108,163,125,0.001045405963467642,0
108,163,126,0.009628096299935,0
108,163,127,-0.003931412610536519,0
108,163,128,0.003021092990670542,0
108,163,129,0.006556761576700797,0
108,163,130,-0.004256349258398385,0
108,163,131,0.002075369441797007,0
108,163,132,0.0003099503406714973,0
108,163,133,-0.002813664126495825,0
108,163,134,0.0002340006821917361,0
108,163,135,0.1896848685965758,0
108,163,136,-0.2939296357989177,0
108,163,137,0.2109098840340358,0
108,163,138,-0.1406854583151971,0
108,163,139,0.2867090312152078,0
108,163,140,-0.1548004572427002,0
108,163,141,0.3740053487258719,0
108,163,142,0.3087817291804387,0
108,163,143,-1,0
108,163,144,-0.2665404342292014,0
108,163,145,0.2236561269573701,0
108,163,146,0.05493382663068161,0
108,163,147,-0.1723853808274649,0
108,163,148,0.02115326495809739,0
108,163,149,-0.4349650297285512,0
108,163,150,-0.3848490610931299,0
108,163,151,0.6449093037882381,0
108,163,152,-0.2577856120405116,0
108,163,153,0.1090364284087416,0
108,163,154,0.1050734380822379,0
108,163,155,-0.3442511183470949,0
108,163,156,0.2419128145060565,0
108,163,157,0.116798272230967,0
108,163,158,0.5586603250385233,0
108,163,159,-0.4901339703992218,0
108,163,160,-0.01306116804474423,0
108,163,161,0.3184063581963337,0
108,163,162,-0.02021307057327916,0
108,163,163,-0.07141023395668165,0
108,163,164,0.0006620043306110066,0
108,163,165,0.3745965777498135,0
108,163,166,-0.9042186603865681,0
108,163,167,0.6688803378858187,0
108,163,168,0.2096244838187702,0
108,163,169,-0.355843356845616,0
108,163,170,0.02103754643015026,0
109,161,0,0.003693083027385738,0
109,161,1,0.002378071283653743,0
109,161,2,0.003078268301346444,0
109,161,3,-0.004511796590855198,0
109,161,4,-0.003084489233461563,0
109,161,5,-0.007570173953415566,0
109,161,6,0.001388494124750718,0
109,161,7,0.0009013180280000175,0
109,161,8,0.005223157559332245,0
109,161,9,0.001520606923093604,0
109,161,10,0.001024066181040911,0
109,161,11,0.0001272161119281541,0
109,161,12,0.0003246716855015034,0
109,161,13,0.0002446648215822194,0
109,161,14,-0.001018440959177554,0
109,161,15,0.001447699100952862,0
109,161,16,0.0009951248745071839,0
109,161,17,0.001080953289129967,0
109,161,18,-0.002351402212928927,0
109,161,19,-0.00154501460725939,0
109,161,20,-0.00334421844180026,0
109,161,21,0.0006301679837894883,0
109,161,22,0.0004460279776581571,0
109,161,23,0.002749884604376133,0
109,161,24,0.009532178138451265,0
109,161,25,0.00639683767094877,0
109,161,26,0.008066225626642453,0
109,161,27,1.780883657999187e-05,0
109,161,28,-0.008531930913242353,0
109,161,29,-0.008797082033266623,0
109,161,30,-0.003658978347015959,0
109,161,31,-0.004987519405905145,0
109,161,32,0.008568024199578552,0
109,161,33,6.234193657834891e-05,0
109,161,34,0.007951081976839251,0
109,161,35,0.0009800205403673453,0
109,161,36,0.004526428972280071,0
109,161,37,-0.001639513395118049,0
109,161,38,-0.004334370431230682,0
109,161,39,-0.002792273654370782,0
109,161,40,-0.004614171550198968,0
109,161,41,-0.003811352001308485,0
109,161,42,-0.003350515156603541,0
109,161,43,-0.0005506680741864368,0
109,161,44,0.0003883680331262901,0
109,161,45,0.001072395618495402,0
109,161,46,0.004850617625997689,0
109,161,47,0.002579940744092643,0
109,161,48,-0.0007344272497960618,0
109,161,49,-0.001304654912159829,0
109,161,50,-0.007107144212588482,0
109,161,51,-0.002690530447268532,0
109,161,52,-0.005915598398920163,0
109,161,53,-0.009435570100434174,0
109,161,54,-0.0003018494318186744,0
109,161,55,0.006007746817342852,0
109,161,56,-0.0063295412705507,0
109,161,57,-1.06857127651983e-05,0
109,161,58,0.008668062119076718,0
109,161,59,0.002082699097379402,0
109,161,60,0.002816032323319577,0
109,161,61,-0.003360976204983136,0
109,161,62,0.003659339820785211,0
109,161,63,-0.002865435232218322,0
109,161,64,-0.00645758909808956,0
109,161,65,-0.005521962007809202,0
109,161,66,-0.00438717859424139,0
109,161,67,0.004850857139992875,0
109,161,68,-0.0001117349176491879,0
109,161,69,0.005704225768367898,0
109,161,70,0.009451890562650991,0
109,161,71,0.006207117174672082,0
109,161,72,0.004142038478320978,0
109,161,73,-0.001542110971619574,0
109,161,74,0.002706529512625985,0
109,161,75,-0.004519266192864884,0
109,161,76,0.005118782752806935,0
109,161,77,0.002488877319829168,0
109,161,78,0.004807460546227455,0
109,161,79,0.007100505416226584,0
109,161,80,0.0003632291959782321,0
109,161,81,-0.004104576904102084,0
109,161,82,-0.004364100447507728,0
109,161,83,0.001549248159579383,0
109,161,84,-0.00430630862984036,0
109,161,85,-6.882990579682004e-06,0
109,161,86,0.003914545428450864,0
109,161,87,-0.004006638745472651,0
109,161,88,-0.0005426791265045194,0
109,161,89,-0.0006461468509970097,0
109,161,90,-0.002932346181014718,0
109,161,91,-0.004061421386657422,0
109,161,92,-0.001793825794289063,0
109,161,93,0.007696603331476746,0
109,161,94,0.001893601062379706,0
109,161,95,0.005212749841981031,0
109,161,96,-0.00230317123125117,0
109,161,97,0.00265901534808297,0
109,161,98,-0.003382751210171404,0
109,161,99,-0.007748214627234592,0
109,161,100,-0.002303500379489108,0
109,161,101,-0.001189704141973576,0
109,161,102,-0.01242162546533392,0
109,161,103,-0.01174440703589103,0
109,161,104,-0.00914615002251489,0
109,161,105,-0.009623931009556516,0
109,161,106,-0.002890140430899989,0
109,161,107,0.007206647619662636,0
109,161,108,0.003763379013296834,0
109,161,109,-0.000549060683640014,0
109,161,110,0.007885189629812888,0
109,161,111,0.005356418724287018,0
109,161,112,0.0003691789174914581,0
109,161,113,-0.002916289315703778,0
109,161,114,0.002897168947415193,0
109,161,115,-0.000945371734710697,0
109,161,116,0.000462831880821734,0
109,161,117,-9.041322921189009e-05,0
109,161,118,0.00227281454963944,0
109,161,119,0.0002403157020794507,0
109,161,120,-0.003576428161636816,0
109,161,121,0.001492379168390229,0
109,161,122,0.0002705507282967843,0
109,161,123,-0.002369959128318456,0
109,161,124,0.001754014427122518,0
109,161,125,0.0002358391147309664,0
109,161,126,0.01207550536185819,0
109,161,127,0.001207901122956583,0
109,161,128,0.00421514662211653,0
109,161,129,0.00812957341507276,0
109,161,130,-0.004440685898080115,0
109,161,131,0.002858173601082009,0
109,161,132,-0.001119987392819863,0
109,161,133,-0.002941834918324049,0
109,161,134,-0.0007249033296978353,0
109,161,135,-0.6843732875000219,0
109,161,136,0.8861368168337869,0
109,161,137,-0.2361825716336386,0
109,161,138,-0.2752820686656016,0
109,161,139,-0.04095076665377037,0
109,161,140,-0.1105508137514479,0
109,161,141,0.179820913690835,0
109,161,142,-0.0522902982261618,0
109,161,143,-0.7410136338425962,0
109,161,144,1,0
109,161,145,-0.7203795822130096,0
109,161,146,-0.3999146498565708,0
109,161,147,0.5403846448224199,0
109,161,148,0.468540074341369,0
109,161,149,-0.1217833193139317,0
109,161,150,-0.02458278047852042,0
109,161,151,0.4941083161133941,0
109,161,152,-0.01186558963352799,0
109,161,153,-0.6445176452954848,0
109,161,154,-0.07298530630321474,0
109,161,155,0.8549404774453052,0
109,161,156,-0.2716275073260581,0
109,161,157,-0.8123394945879354,0
109,161,158,-0.1104972037690122,0
109,161,159,-0.4455672588997711,0
109,161,160,-0.06274128893752398,0
109,161,161,0.3245463930448426,0
109,161,162,0.1063395310795018,0
109,161,163,0.4643939576924286,0
109,161,164,-0.6417535238999788,0
109,161,165,0.07204293786922988,0
109,161,166,0.2320003721964801,0
109,161,167,0.9311592863868448,0
109,161,168,0.3161132396217309,0
109,161,169,-0.3505143995579191,0
109,161,170,-0.08949631966092743,0
110,162,0,0.0002951995561777489,0
110,162,1,0.0001232038046004966,0
110,162,2,6.596340413768061e-05,0
110,162,3,-4.812430837992469e-05,0
110,162,4,-7.694143829369913e-05,0
110,162,5,-0.000444132619822012,0
110,162,6,0.001900070332804767,0
110,162,7,0.001281687316986448,0
110,162,8,0.001745655465867867,0
110,162,9,-0.00337051678154083,0
110,162,10,-0.002145396512594261,0
110,162,11,-0.00453766646464747,0
110,162,12,0.007533199424293004,0
110,162,13,0.00539336639729368,0
110,162,14,0.01048696284623851,0
110,162,15,0.001772695070008786,0
110,162,16,0.0013978953469101,0
110,162,17,-0.004538880637554992,0
110,162,18,-0.008516665786659142,0
110,162,19,-0.005619267658193029,0
110,162,20,-0.009029700367669301,0
110,162,21,-0.007409645357138362,0
110,162,22,-0.004919606058639815,0
110,162,23,0.00110304408429219,0
110,162,24,-0.00176371935066647,0
110,162,25,-0.001157704455450995,0
110,162,26,0.005142953634135566,0
110,162,27,1.700607502902728e-05,0
110,162,28,0.001632406960148144,0
110,162,29,9.459965045300159e-05,0
110,162,30,5.725507214683033e-05,0
110,162,31,1.751220308198459e-05,0
110,162,32,-0.0004227190003196499,0
110,162,33,-0.0006541505806273089,0
110,162,34,-0.001015644876917784,0
110,162,35,-0.002431050234859778,0
110,162,36,-0.0003553490371230179,0
110,162,37,-0.000134562130966254,0
110,162,38,0.006156020232280022,0
110,162,39,0.0006949524194892742,0
110,162,40,0.003072803849621565,0
110,162,41,-0.01050267479563144,0
110,162,42,0.0005081946670017119,0
110,162,43,-0.005054760937484679,0
110,162,44,-0.005961545310127546,0
110,162,45,-0.007447866772709045,0
110,162,46,-0.0009677356083554459,0
110,162,47,0.008818797205729405,0
110,162,48,-0.0008112611778112804,0
110,162,49,0.004208804787517864,0
110,162,50,0.01264426357971908,0
110,162,51,0.009290982882398014,0
110,162,52,0.004561890581873616,0
110,162,53,0.007826687329138202,0
110,162,54,0.009069551595047036,0
110,162,55,0.000830201682473903,0
110,162,56,0.001222615630860376,0
110,162,57,-0.005391339470964366,0
110,162,58,-0.002271592714437739,0
110,162,59,-0.001519442664982157,0
110,162,60,-0.002038078837489383,0
110,162,61,0.004132347937806209,0
110,162,62,0.00199640986867672,0
110,162,63,0.00473172143908012,0
110,162,64,-0.001668507943379099,0
110,162,65,-0.001231745186054469,0
110,162,66,-0.005383231799973847,0
110,162,67,-0.001650872005423513,0
110,162,68,0.001152731896894905,0
110,162,69,0.003034006198176532,0
110,162,70,0.001080528401224255,0
110,162,71,-0.003080766333638407,0
110,162,72,-0.002674557111876751,0
110,162,73,-0.001706064376020593,0
110,162,74,-0.001913787942516318,0
110,162,75,-0.003546222974065025,0
110,162,76,0.003828145940453259,0
110,162,77,0.005673058256811805,0
110,162,78,0.00914546152421843,0
110,162,79,-0.0004054059876728722,0
110,162,80,0.003114602036054219,0
110,162,81,0.0007306724261320984,0
110,162,82,-0.00567995273247373,0
110,162,83,-0.003185288886736882,0
110,162,84,-0.003930420514754498,0
110,162,85,-0.004009883073683556,0
110,162,86,-0.0002915398302043836,0
110,162,87,0.004801361747612018,0
110,162,88,0.001733545747288182,0
110,162,89,0.002403459216731049,0
110,162,90,-0.007351781563549795,0
110,162,91,-0.001375731953246853,0
110,162,92,-0.006116131820136352,0
110,162,93,0.005380310125178475,0
110,162,94,-0.0003899284465331747,0
110,162,95,0.006122309547861924,0
110,162,96,-0.002981234129545225,0
110,162,97,0.0002780533780020526,0
110,162,98,-0.004456554343487213,0
110,162,99,0.004410260133202572,0
110,162,100,0.001075546237031122,0
110,162,101,0.004180376808389997,0
110,162,102,0.00830328258007673,0
110,162,103,0.002957691773874296,0
110,162,104,0.0001453901769969908,0
110,162,105,-3.321407827422477e-05,0
110,162,106,0.006767689678137606,0
110,162,107,0.001635300415679984,0
110,162,108,-0.009443699289624519,0
110,162,109,-0.005788467763609562,0
110,162,110,-0.007778260307318332,0
110,162,111,-0.01281046003367282,0
110,162,112,-0.01150519608893433,0
110,162,113,-0.007002260712905222,0
110,162,114,-0.0002303088157083976,0
110,162,115,0.01119719166551759,0
110,162,116,-0.002896045651815989,0
110,162,117,-7.98778271220739e-05,0
110,162,118,0.003728543739387935,0
110,162,119,-0.002001243001031577,0
110,162,120,-0.003151219954998789,0
110,162,121,0.002461144755665206,0
110,162,122,0.001844036459682385,0
110,162,123,-0.002100436497224187,0
110,162,124,-0.00256757047234391,0
110,162,125,0.001302329719030333,0
110,162,126,-0.002490578482137267,0
110,162,127,-0.001605299191870038,0
110,162,128,-0.004195737371239923,0
110,162,129,-0.00162149408434853,0
110,162,130,0.004527050638113175,0
110,162,131,-0.002777738187715051,0
110,162,132,0.01237649417146955,0
110,162,133,0.003052653572015197,0
110,162,134,0.008301809114364634,0
110,162,135,-0.03646746152396262,0
110,162,136,0.04420648285227496,0
110,162,137,-0.2935376034669268,0
110,162,138,0.7471364422629175,0
110,162,139,-1,0
110,162,140,-0.243467273091238,0
110,162,141,0.6095525230549591,0
110,162,142,0.5469484453171047,0
110,162,143,0.128580538640136,0
110,162,144,-0.04565159727225331,0
110,162,145,0.1322852855943494,0
110,162,146,0.1449232290050429,0
110,162,147,-0.5060293833558408,0
110,162,148,0.382947251408519,0
110,162,149,0.3224328142456853,0
110,162,150,-0.0357304997984183,0
110,162,151,-0.4055949493040396,0
110,162,152,-0.4628899844285608,0
110,162,153,0.3739047480276141,0
110,162,154,-0.6349215835483878,0
110,162,155,0.4464374879603792,0
110,162,156,-0.2072734759518755,0
110,162,157,0.2464244799141398,0
110,162,158,0.4599955352096908,0
110,162,159,-0.3182464608583964,0
110,162,160,-0.373081793834599,0
110,162,161,-0.03402973088117752,0
110,162,162,-0.5222764867871628,0
110,162,163,0.7132354799346088,0
110,162,164,-0.5528565102527453,0
110,162,165,0.3877756643290214,0
110,162,166,-0.3350991188320591,0
110,162,167,-0.2171574247219688,0
110,162,168,-0.3239689720353089,0
110,162,169,0.3389464470175345,0
110,162,170,0.9328491812343326,0
111,156,0,0.00191927917010278,0
111,156,1,0.0007861703106357247,0
111,156,2,0.0003983063252614904,0
111,156,3,-0.001965694827266877,0
111,156,4,-0.001647635806351745,0
111,156,5,-0.004455022394147743,0
111,156,6,0.006575273405559337,0
111,156,7,0.004331126922412812,0
111,156,8,0.007382823873027183,0
111,156,9,-0.003573859832063109,0
111,156,10,-0.002165087105144004,0
111,156,11,-0.00867213159698077,0
111,156,12,0.0006499563352276985,0
111,156,13,0.0008719753307979168,0
111,156,14,0.004899062999750128,0
111,156,15,-0.005913992023758849,0
111,156,16,-0.003573976048545766,0
111,156,17,-0.004845342390725697,0
111,156,18,0.001688043226281889,0
111,156,19,0.00139024690579737,0
111,156,20,0.007571094759783275,0
111,156,21,0.0112906448840758,0
111,156,22,0.007730655468443886,0
111,156,23,0.009135681678117008,0
111,156,24,0.007067143040432821,0
111,156,25,0.004856739521652513,0
111,156,26,-0.00344882042636762,0
111,156,27,0.0001085684661461184,0
111,156,28,-0.006073399990872076,0
111,156,29,-3.704906375270732e-05,0
111,156,30,-7.759986527177686e-05,0
111,156,31,-0.000476736300605671,0
111,156,32,0.002753386575765539,0
111,156,33,-0.001710041617836133,0
111,156,34,-0.002565708741377909,0
111,156,35,-0.005723033889028546,0
111,156,36,0.001599198206948098,0
111,156,37,-0.000467676022759516,0
111,156,38,0.003923195888400894,0
111,156,39,-0.003658609617750933,0
111,156,40,0.0002889538882574811,0
111,156,41,0.007963469501300491,0
111,156,42,0.009441457236677544,0
111,156,43,0.009465396018258708,0
111,156,44,-0.0009894386941091936,0
111,156,45,-0.003938829859119882,0
111,156,46,-0.01198166038357359,0
111,156,47,-0.007924937877506116,0
111,156,48,0.0005084080390891427,0
111,156,49,0.001798920497134358,0
111,156,50,-0.01297917816280506,0
111,156,51,-0.00177413640982741,0
111,156,52,0.004880666108382723,0
111,156,53,-0.01435996548461622,0
111,156,54,-0.01208611383644978,0
111,156,55,-0.00448831200517935,0
111,156,56,-0.004445086970619748,0
111,156,57,0.007012500795481855,0
111,156,58,-0.004871804620022162,0
111,156,59,-0.003682651552299474,0
111,156,60,-0.004898877239411493,0
111,156,61,0.004015838499540112,0
111,156,62,0.0007196285882932002,0
111,156,63,0.005382233224463296,0
111,156,64,0.001690105190613439,0
111,156,65,0.0007376920164754861,0
111,156,66,-0.002635033960675132,0
111,156,67,-0.0002810758912404204,0
111,156,68,-3.369022493819701e-05,0
111,156,69,-0.00165644588971117,0
111,156,70,-0.0072038667213737,0
111,156,71,0.002015630226463323,0
111,156,72,0.002692878845049932,0
111,156,73,-0.001824890672553531,0
111,156,74,-0.01019834871587734,0
111,156,75,-0.007641304728385755,0
111,156,76,0.005584880157018295,0
111,156,77,0.005067510093926309,0
111,156,78,0.008334820049563874,0
111,156,79,0.002480574632808095,0
111,156,80,0.005291175730702456,0
111,156,81,0.002036888358030514,0
111,156,82,-0.006758490063636985,0
111,156,83,-0.00785628659879397,0
111,156,84,-0.01284095062622359,0
111,156,85,0.005210513973679553,0
111,156,86,0.01305653917784616,0
111,156,87,0.006136062874851331,0
111,156,88,0.0007040819738789718,0
111,156,89,0.001412997980179679,0
111,156,90,-0.003979918887538117,0
111,156,91,0.001495407799614208,0
111,156,92,-0.003152672430083854,0
111,156,93,-0.004835789460505557,0
111,156,94,-0.005166949945703082,0
111,156,95,-0.003211995403347463,0
111,156,96,0.003841223576788987,0
111,156,97,0.00120009639506403,0
111,156,98,0.005873677017575199,0
111,156,99,-0.003923843121297487,0
111,156,100,-0.0009760076753732666,0
111,156,101,-0.005125762479987933,0
111,156,102,-0.0009006011944608578,0
111,156,103,-0.006548965269755539,0
111,156,104,-0.005744038830546455,0
111,156,105,0.006330716574692285,0
111,156,106,0.01028209757685326,0
111,156,107,0.01436686202454903,0
111,156,108,0.01337081902332066,0
111,156,109,0.01035725391383483,0
111,156,110,0.0080472086536389,0
111,156,111,0.01317238650805435,0
111,156,112,-0.0008149524959333415,0
111,156,113,-0.01327824385042786,0
111,156,114,0.009629265944394406,0
111,156,115,0.0009692647671306401,0
111,156,116,-0.00302968713376178,0
111,156,117,-0.0005170626278101195,0
111,156,118,-0.0006197760826095359,0
111,156,119,-0.002436045119737668,0
111,156,120,0.002468330450509932,0
111,156,121,-0.0006219495029230194,0
111,156,122,-0.003889282660674929,0
111,156,123,0.001672348810666537,0
111,156,124,0.002338527111660784,0
111,156,125,-0.002431815921521493,0
111,156,126,0.009314432873495194,0
111,156,127,0.001738066216431842,0
111,156,128,-0.006049789467826255,0
111,156,129,0.006436402655160634,0
111,156,130,-0.01448793707430967,0
111,156,131,-0.003869633805855735,0
111,156,132,0.0006910027496528846,0
111,156,133,-0.009542308176636736,0
111,156,134,0.000596165804943887,0
111,156,135,-0.2151276326459198,0
111,156,136,0.470938987854878,0
111,156,137,-0.861763995833423,0
111,156,138,0.7227645128794974,0
111,156,139,-0.09262778953306237,0
111,156,140,0.3044384337108614,0
111,156,141,-0.1651650654469107,0
111,156,142,-0.7659205874042613,0
111,156,143,-0.4740586723702386,0
111,156,144,-0.1534467721248533,0
111,156,145,0.1306278466466873,0
111,156,146,0.1682491288778483,0
111,156,147,0.247526830823822,0
111,156,148,-1,0
111,156,149,0.2654040096994455,0
111,156,150,0.3078353626352025,0
111,156,151,0.05475960256606078,0
111,156,152,0.4477994078689477,0
111,156,153,0.6223663436012814,0
111,156,154,-0.5115137839861609,0
111,156,155,-0.1231596920132431,0
111,156,156,0.2040908169847059,0
111,156,157,-0.1804021503085892,0
111,156,158,0.4651377154748101,0
111,156,159,-0.03676142474792936,0
111,156,160,-0.1040837926461487,0
111,156,161,0.8856249084409924,0
111,156,162,-0.403799609243378,0
111,156,163,0.03341887358672682,0
111,156,164,0.5337274319157611,0
111,156,165,-0.5384977050834191,0
111,156,166,0.2694375679809491,0
111,156,167,0.6037138773650518,0
111,156,168,-0.4131722440573311,0
111,156,169,-0.9565970851580569,0
111,156,170,0.03664294804818056,0
112,157,0,-0.00069912138844759,0
112,157,1,-5.508574215873142e-05,0
112,157,2,0.0004724599169719109,0
112,157,3,-0.001050292116375176,0
112,157,4,-0.0004270929582254657,0
112,157,5,0.0004784221728750457,0
112,157,6,0.0001983649276635165,0
112,157,7,0.0001855876932678957,0
112,157,8,0.001372019836930679,0
112,157,9,-0.001121327103433927,0
112,157,10,-0.0009586097094287292,0
112,157,11,-0.001602521825693534,0
112,157,12,-0.004285455342157774,0
112,157,13,-0.003348130892766446,0
112,157,14,-0.003945534720151709,0
112,157,15,0.01627735716335315,0
112,157,16,0.0105149782307966,0
112,157,17,0.01744087282772162,0
112,157,18,0.01158130006541323,0
112,157,19,0.007521440529923632,0
112,157,20,-0.004862986360388929,0
112,157,21,0.00142056935002366,0
112,157,22,0.0008022770251015091,0
112,157,23,-0.009556978490798871,0
112,157,24,0.003713432770508443,0
112,157,25,0.002378108460928667,0
112,157,26,0.001773733651085547,0
112,157,27,-8.867616935271069e-05,0
112,157,28,-0.00357656010664701,0
112,157,29,-0.0001803780479138672,0
112,157,30,0.0005198582091033599,0
112,157,31,0.001007844178308745,0
112,157,32,0.0009976872136189916,0
112,157,33,0.001224154255430592,0
112,157,34,0.00205702710006777,0
112,157,35,-0.0050715770045157,0
112,157,36,-0.002313824020125408,0
112,157,37,-0.003889469329390703,0
112,157,38,0.003095744873212521,0
112,157,39,0.0007901556482851126,0
112,157,40,0.00560272576143498,0
112,157,41,0.0008933116508114817,0
112,157,42,-0.002514614423584953,0
112,157,43,-0.006287099175888105,0
112,157,44,-0.008219067819702825,0
112,157,45,0.007284208580413701,0
112,157,46,0.008871637190318324,0
112,157,47,-0.01463529642242708,0
112,157,48,-0.0135387262271538,0
112,157,49,-0.01094943436814707,0
112,157,50,-0.0129906657675927,0
112,157,51,-0.0158877097711374,0
112,157,52,-0.008304067569627944,0
112,157,53,-0.002428653781408816,0
112,157,54,-0.0003739992951836736,0
112,157,55,0.0111162980453134,0
112,157,56,-0.002714476071568748,0
112,157,57,-0.00152139972705803,0
112,157,58,-0.001464814752030904,0
112,157,59,-0.0001742659881728655,0
112,157,60,-0.00028142709664533,0
112,157,61,0.0003028734331182912,0
112,157,62,0.001778856480374116,0
112,157,63,0.003684759243018075,0
112,157,64,0.003362232851519523,0
112,157,65,-0.0006106434441989545,0
112,157,66,-0.001090659706068382,0
112,157,67,-0.003013392932665687,0
112,157,68,0.002178349381445499,0
112,157,69,-4.559134633039773e-05,0
112,157,70,0.002587521892336299,0
112,157,71,-0.00285421437035015,0
112,157,72,-0.0009944974039493844,0
112,157,73,-0.003821779991960173,0
112,157,74,0.004075351292378673,0
112,157,75,0.003335936950350983,0
112,157,76,-0.005093510135194856,0
112,157,77,-0.01154648164032725,0
112,157,78,-0.01202297763447697,0
112,157,79,0.001914633425339687,0
112,157,80,-0.004895968028663213,0
112,157,81,-0.001963986959844497,0
112,157,82,0.006400868022981951,0
112,157,83,0.01254403246153752,0
112,157,84,0.01518423106555875,0
112,157,85,-0.001128593970707048,0
112,157,86,-0.007248629861113377,0
112,157,87,0.004604272306013596,0
112,157,88,0.002671102497163777,0
112,157,89,0.003207980536546044,0
112,157,90,-0.00413276688732113,0
112,157,91,-0.0001586615830681398,0
112,157,92,-0.004654663432470606,0
112,157,93,0.002146181544147411,0
112,157,94,0.0005931632602331108,0
112,157,95,0.004382246577357316,0
112,157,96,-0.0001759944812989099,0
112,157,97,-7.279285655343616e-05,0
112,157,98,-0.001970979131780558,0
112,157,99,3.795663425526966e-05,0
112,157,100,-0.0005522703766133735,0
112,157,101,-0.0003593199407874681,0
112,157,102,0.002555711395037864,0
112,157,103,0.004338968673744732,0
112,157,104,0.006051376403139031,0
112,157,105,0.01114018362110787,0
112,157,106,-0.001378599170694487,0
112,157,107,-0.003959702257783385,0
112,157,108,0.01493142545662835,0
112,157,109,0.008608857800062618,0
112,157,110,0.001704635876037225,0
112,157,111,0.008380913360468567,0
112,157,112,0.01696055635239269,0
112,157,113,0.009501111391511838,0
112,157,114,-0.005324793115665669,0
112,157,115,-0.0145980800216157,0
112,157,116,-0.002360039585819659,0
112,157,117,0.0004266496172131099,0
112,157,118,0.00370952998281445,0
112,157,119,-0.001242234683243867,0
112,157,120,-0.0007816587546218888,0
112,157,121,0.002647091718278659,0
112,157,122,0.001201658399056849,0
112,157,123,-0.0005605083123543825,0
112,157,124,0.0009239488005700384,0
112,157,125,0.0005925428663287548,0
112,157,126,-0.006510946234556184,0
112,157,127,0.0003636899839674163,0
112,157,128,-0.002659639753504943,0
112,157,129,-0.004552101917163504,0
112,157,130,-0.004983546121276395,0
112,157,131,-0.001932657076188278,0
112,157,132,-0.01589724508008232,0
112,157,133,-0.003459738002527894,0
112,157,134,-0.01074676119275603,0
112,157,135,0.03554248882596666,0
112,157,136,0.03441933529646048,0
112,157,137,-0.1859880144849094,0
112,157,138,0.01614039125157564,0
112,157,139,0.4884785827270575,0
112,157,140,-0.9334204641446083,0
112,157,141,-0.6823070912990576,0
112,157,142,-0.06188656219612596,0
112,157,143,-0.2224407045042175,0
112,157,144,0.01899587873470046,0
112,157,145,-0.1965361120621112,0
112,157,146,0.5203370403485665,0
112,157,147,-0.513618876521438,0
112,157,148,0.3947163318149563,0
112,157,149,-0.3981144833716715,0
112,157,150,0.2648199111794239,0
112,157,151,0.7760160828911825,0
112,157,152,-0.06083425789188637,0
112,157,153,0.2452379359493214,0
112,157,154,-0.2435140560192242,0
112,157,155,0.008043151665727333,0
112,157,156,-0.007274728951774548,0
112,157,157,0.1062377492765034,0
112,157,158,-0.1912571991755821,0
112,157,159,0.5795806369634301,0
112,157,160,0.6547401063374211,0
112,157,161,-0.4651232042428808,0
112,157,162,-0.4304534220909322,0
112,157,163,0.4667738109314486,0
112,157,164,-0.2449958801878894,0
112,157,165,0.08677823865181684,0
112,157,166,0.0999306473089107,0
112,157,167,-0.3789638849804807,0
112,157,168,-0.144150461463408,0
112,157,169,-0.3007433566386799,0
112,157,170,-1,0
113,154,0,-0.006716785914645172,0
113,154,1,-0.004577139519809825,0
113,154,2,-0.006269920073386526,0
113,154,3,0.002635598922558832,0
113,154,4,0.001710189364790026,0
113,154,5,0.008260899238208877,0
113,154,6,0.001844920480861295,0
113,154,7,0.001234496173680984,0
113,154,8,-0.0007404181866159077,0
113,154,9,0.0009418747126685756,0
113,154,10,0.0007053123022520663,0
113,154,11,-0.0006646126165903453,0
113,154,12,0.003540067422397949,0
113,154,13,0.002574592160897307,0
113,154,14,0.00275768289096504,0
113,154,15,-1.891816117792903e-05,0
113,154,16,0.0001230989102055862,0
113,154,17,-0.00280102465232786,0
113,154,18,0.002407440241913522,0
113,154,19,0.00167491384538438,0
113,154,20,0.002368904257822933,0
113,154,21,0.005360373572623639,0
113,154,22,0.003623317309993109,0
113,154,23,0.002762856534653199,0
113,154,24,0.003460034883668867,0
113,154,25,0.002340115631877818,0
113,154,26,-0.001640433861321735,0
113,154,27,2.098704734879299e-05,0
113,154,28,-0.003058519677557354,0
113,154,29,0.01283497679731019,0
113,154,30,0.003865091579026433,0
113,154,31,0.005134427838578555,0
113,154,32,0.0005359131170432217,0
113,154,33,0.006455883179853433,0
113,154,34,-0.002919834927948115,0
113,154,35,-0.004562232323796826,0
113,154,36,-0.003618672826564316,0
113,154,37,-0.005381400723053183,0
113,154,38,-0.004438790585368693,0
113,154,39,-0.003466907237602542,0
113,154,40,-0.0005686643192829517,0
113,154,41,-0.005925089872142067,0
113,154,42,-0.002013131576954466,0
113,154,43,0.001250388716834974,0
113,154,44,-0.0063884467182919,0
113,154,45,-0.006364559850273593,0
113,154,46,-0.003378442765284615,0
113,154,47,-0.006006924959335806,0
113,154,48,-0.002235542025100237,0
113,154,49,0.002739885126493035,0
113,154,50,-0.00663353848603637,0
113,154,51,-0.002364193443112155,0
113,154,52,0.002241668116758752,0
113,154,53,-0.006069000644406666,0
113,154,54,-0.00526401469345013,0
113,154,55,-0.001096921757035307,0
113,154,56,-0.002260423455042493,0
113,154,57,0.002433489390690506,0
113,154,58,-0.007557733659906703,0
113,154,59,-0.001253421644222751,0
113,154,60,-0.001679133623932152,0
113,154,61,-0.007999421363865561,0
113,154,62,-0.007535317341217936,0
113,154,63,-0.003334751714661559,0
113,154,64,0.002051828474974303,0
113,154,65,-0.002638834298848538,0
113,154,66,0.003639276386392685,0
113,154,67,0.01003546801519476,0
113,154,68,0.006297002470650043,0
113,154,69,0.006601676173432772,0
113,154,70,0.007868912187910693,0
113,154,71,0.006346682183644719,0
113,154,72,-0.0004933623507142538,0
113,154,73,0.004881172437438686,0
113,154,74,0.0007933861096368643,0
113,154,75,-0.005850955527199247,0
113,154,76,0.004697965955416649,0
113,154,77,0.00518002449574568,0
113,154,78,0.002576638717472087,0
113,154,79,0.001032086157247376,0
113,154,80,0.002355507075293084,0
113,154,81,-0.001070364639244526,0
113,154,82,-0.003316069862709292,0
113,154,83,-0.003034328613794834,0
113,154,84,-0.005019844984587982,0
113,154,85,0.001808211293815119,0
113,154,86,0.005410001361555179,0
113,154,87,0.001709239245360972,0
113,154,88,-6.453720719316051e-05,0
113,154,89,-6.979762643432535e-06,0
113,154,90,0.006461203291391935,0
113,154,91,0.001866702804883873,0
113,154,92,0.001033238666239317,0
113,154,93,0.004785730241326613,0
113,154,94,0.005896110370343957,0
113,154,95,0.002137540850351957,0
113,154,96,-0.0105739511698437,0
113,154,97,-0.002253649029550981,0
113,154,98,-0.007387755086771639,0
113,154,99,-0.01148634156354541,0
113,154,100,-0.008403949536003968,0
113,154,101,-0.002012335665412748,0
113,154,102,-0.001621787975615392,0
113,154,103,-0.005594741579308224,0
113,154,104,0.002352380076341711,0
113,154,105,0.003907815764885157,0
113,154,106,0.00447889516134909,0
113,154,107,0.007366864914973363,0
113,154,108,0.006411767645057638,0
113,154,109,0.003469899035062696,0
113,154,110,0.00110383169827799,0
113,154,111,0.005126185259786587,0
113,154,112,-0.000318112390680275,0
113,154,113,-0.006227949459273717,0
113,154,114,0.0040072485836844,0
113,154,115,0.0007536278524103133,0
113,154,116,-0.0002500964375087081,0
113,154,117,-9.129428782395824e-05,0
113,154,118,-0.001598800085634328,0
113,154,119,-0.0002417240422151459,0
113,154,120,-0.004090293400203396,0
113,154,121,-0.001115540166552179,0
113,154,122,0.004039651994582387,0
113,154,123,-0.002765006394271938,0
113,154,124,0.005974950295308377,0
113,154,125,0.002615412541857693,0
113,154,126,0.003099086544967902,0
113,154,127,0.003833763195895306,0
113,154,128,-0.005063465648256492,0
113,154,129,0.002066780079539505,0
113,154,130,-0.006220483451470771,0
113,154,131,-0.003365799914424864,0
113,154,132,0.0007701783275286691,0
113,154,133,-0.004137130778810219,0
113,154,134,0.0005383669770655573,0
113,154,135,1,0
113,154,136,-0.3581822512343471,0
113,154,137,-0.231826660562067,0
113,154,138,-0.08057800840890986,0
113,154,139,-0.3742313198046806,0
113,154,140,-0.04454264023057248,0
113,154,141,-0.1609848239969288,0
113,154,142,-0.3280632155232796,0
113,154,143,-0.2099615305104286,0
113,154,144,-0.8732488080646074,0
113,154,145,-0.4233686244357534,0
113,154,146,0.4458083428738645,0
113,154,147,0.5394441506815186,0
113,154,148,0.2410186719966069,0
113,154,149,0.374486324454442,0
113,154,150,0.2007228109579726,0
113,154,151,0.0667419545609117,0
113,154,152,0.1515854766638776,0
113,154,153,0.2340165813050697,0
113,154,154,0.7477981453749405,0
113,154,155,0.1464190772440595,0
113,154,156,-0.8891669359892735,0
113,154,157,-0.5724709274409191,0
113,154,158,0.04053685690583512,0
113,154,159,-0.08275556089428962,0
113,154,160,0.005691099781120937,0
113,154,161,0.3501061083639628,0
113,154,162,-0.02541477131029949,0
113,154,163,-0.2175834157926747,0
113,154,164,-0.5916554939142146,0
113,154,165,0.5500599290924031,0
113,154,166,0.6255981320918862,0
113,154,167,0.2371807302067305,0
113,154,168,-0.2943466458722734,0
113,154,169,-0.3717686388510126,0
113,154,170,0.04534319638562794,0
114,155,0,0.001131728687859612,0
114,155,1,0.0002336457683441345,0
114,155,2,-0.0003766794656844628,0
114,155,3,0.0039210354878673,0
114,155,4,0.002265902212515171,0
114,155,5,0.001489301115248396,0
114,155,6,-0.002908744214425896,0
114,155,7,-0.00203856165145883,0
114,155,8,-0.006513865846144189,0
114,155,9,-0.0004199144044967474,0
114,155,10,-7.882363772736386e-05,0
114,155,11,0.002632151571524957,0
114,155,12,0.00418247920281999,0
114,155,13,0.003282296868284253,0
114,155,14,0.005247364370666242,0
114,155,15,0.002488896529917831,0
114,155,16,0.002051971462965755,0
114,155,17,-0.0004303879564962628,0
114,155,18,0.01603980564910435,0
114,155,19,0.01098020146620272,0
114,155,20,0.0128950705668347,0
114,155,21,0.01227684069884642,0
114,155,22,0.008384670537509088,0
114,155,23,-0.002909994859870571,0
114,155,24,-0.004098281738121652,0
114,155,25,-0.002615258417105844,0
114,155,26,-0.01439299834207483,0
114,155,27,0.0001066712190339635,0
114,155,28,0.003970443547792976,0
114,155,29,-0.002487101997452597,0
114,155,30,-0.002306241846481523,0
114,155,31,-0.003486710314038585,0
114,155,32,-0.004450485177090503,0
114,155,33,-0.002121650744540935,0
114,155,34,-0.0009214935687464246,0
114,155,35,0.00749640996023595,0
114,155,36,9.912719858169962e-05,0
114,155,37,0.003997908598568091,0
114,155,38,0.004302818175052578,0
114,155,39,0.004937646049499733,0
114,155,40,-5.122677335927571e-05,0
114,155,41,-0.003345966045668048,0
114,155,42,0.001819774618511577,0
114,155,43,-0.001252824971354947,0
114,155,44,-0.02133486019565049,0
114,155,45,-0.01439788839225445,0
114,155,46,-0.01623379574203292,0
114,155,47,-0.02026617338825167,0
114,155,48,-0.003812318502401996,0
114,155,49,0.01424270413159599,0
114,155,50,-0.01103455114104952,0
114,155,51,-0.009429826196800967,0
114,155,52,0.00568329560918224,0
114,155,53,-0.01011507697906224,0
114,155,54,-0.01738190312223967,0
114,155,55,-0.01336293271808462,0
114,155,56,0.00301961844157519,0
114,155,57,0.01323436599927703,0
114,155,58,0.007286542259978366,0
114,155,59,0.00221806797057098,0
114,155,60,0.003050148300028091,0
114,155,61,0.0012029969086227,0
114,155,62,7.375069507011693e-05,0
114,155,63,-0.006412120421931792,0
114,155,64,-0.002289262317836079,0
114,155,65,0.001433769424066832,0
114,155,66,0.0008735606894570967,0
114,155,67,-0.006057121059294708,0
114,155,68,-0.004045541548330991,0
114,155,69,-0.003362730956613872,0
114,155,70,0.0008725235164251087,0
114,155,71,-0.0002555338193437378,0
114,155,72,0.005157152235245752,0
114,155,73,0.00181561948839002,0
114,155,74,-0.01078593272883534,0
114,155,75,-0.01523467294007339,0
114,155,76,-0.004549320312613292,0
114,155,77,0.007581789634894688,0
114,155,78,0.008569094413058304,0
114,155,79,-0.0003993888593726419,0
114,155,80,0.003975094523302378,0
114,155,81,0.009423689306181994,0
114,155,82,0.00215988101659931,0
114,155,83,-0.008483169046331077,0
114,155,84,-0.01108293386717314,0
114,155,85,0.009835529335164364,0
114,155,86,0.01125346750553421,0
114,155,87,-0.007581547664643067,0
114,155,88,-0.00255080305403269,0
114,155,89,-0.002946843170402976,0
114,155,90,-0.001587972734147251,0
114,155,91,-0.005654380424221604,0
114,155,92,-0.0004084005491535522,0
114,155,93,0.002710993110744372,0
114,155,94,0.002523666497586446,0
114,155,95,0.005001223762792936,0
114,155,96,0.0003505274033308497,0
114,155,97,-0.002300187380312464,0
114,155,98,-0.005583846597418039,0
114,155,99,0.004737940366186266,0
114,155,100,0.007009410103247347,0
114,155,101,0.008919877955700314,0
114,155,102,0.02128064397371867,0
114,155,103,0.002843417931811142,0
114,155,104,-0.0005587338110016109,0
114,155,105,0.01750864609837594,0
114,155,106,0.01798370367560606,0
114,155,107,0.004846894610001221,0
114,155,108,0.01397822656310398,0
114,155,109,0.0162656780346575,0
114,155,110,0.005953388445664019,0
114,155,111,0.01508993435589105,0
114,155,112,0.001775539459047742,0
114,155,113,-0.01033877775308828,0
114,155,114,0.008287276188899068,0
114,155,115,-0.002565398690782314,0
114,155,116,0.001777675943752674,0
114,155,117,-0.0005302656636623018,0
114,155,118,0.001133635518189938,0
114,155,119,0.0007759773748182726,0
114,155,120,-0.004824684141876145,0
114,155,121,0.0005731770060180936,0
114,155,122,0.001838762835687292,0
114,155,123,-0.003118965511641621,0
114,155,124,-0.006650635900661306,0
114,155,125,0.001670093470616084,0
114,155,126,-0.004614980340251771,0
114,155,127,-0.003881519044994714,0
114,155,128,-0.009165676320665438,0
114,155,129,-0.002771066222846438,0
114,155,130,-0.01520157833987227,0
114,155,131,-0.005919876428843721,0
114,155,132,-0.003256952496343594,0
114,155,133,-0.01000658286817422,0
114,155,134,-0.002037292956691051,0
114,155,135,-0.07872619161408205,0
114,155,136,-0.4129944833447391,0
114,155,137,0.5722740439380695,0
114,155,138,0.2091122279239273,0
114,155,139,-0.4293620854364223,0
114,155,140,-0.2245431611036902,0
114,155,141,-0.9691922219559306,0
114,155,142,-0.7339661993147559,0
114,155,143,0.222669859722714,0
114,155,144,0.3236974094544049,0
114,155,145,0.3029132525746576,0
114,155,146,-0.3926136773136743,0
114,155,147,-0.3556437555563819,0
114,155,148,-0.1011376372437982,0
114,155,149,1,0
114,155,150,0.1749322594858233,0
114,155,151,-0.1166513648770103,0
114,155,152,0.7955642644297548,0
114,155,153,-0.6997962852573822,0
114,155,154,0.1424801505370204,0
114,155,155,-0.05646794183047327,0
114,155,156,0.5177899973551919,0
114,155,157,-0.1951575184289221,0
114,155,158,0.8752853569237043,0
114,155,159,0.425909770736865,0
114,155,160,-0.1001213052755363,0
114,155,161,0.6680527845670288,0
114,155,162,0.3263692024291272,0
114,155,163,0.2930250018407757,0
114,155,164,-0.5157831770985415,0
114,155,165,0.4436708322749456,0
114,155,166,-0.6722735374208213,0
114,155,167,-0.3713667124885983,0
114,155,168,-0.5744098536958258,0
114,155,169,-0.8971391200233454,0
114,155,170,-0.1966824028134835,0
115,153,0,-0.0005509633284090982,0
115,153,1,0.0001555849011954119,0
115,153,2,0.0008969915284103384,0
115,153,3,0.001336748175701993,0
115,153,4,0.001266141344544686,0
115,153,5,0.002745362129360698,0
115,153,6,-0.002705137306555359,0
115,153,7,-0.001662985454575146,0
115,153,8,-0.003166561277757302,0
115,153,9,-0.003544723155899127,0
115,153,10,-0.002409091451419462,0
115,153,11,-0.000828388097815901,0
115,153,12,0.00657953683369455,0
115,153,13,0.004422635166935825,0
115,153,14,0.008972316999644037,0
115,153,15,0.007132904225766862,0
115,153,16,0.004678184471130949,0
115,153,17,0.0003083620588075818,0
115,153,18,-0.005448482302642756,0
115,153,19,-0.003805985894975903,0
115,153,20,-0.01175096585873322,0
115,153,21,0.004493037554577443,0
115,153,22,0.002863527207417165,0
115,153,23,0.008560338606777445,0
115,153,24,0.01845868696355448,0
115,153,25,0.01223323419984277,0
115,153,26,0.01225788010210686,0
115,153,27,-0.0001005477885578121,0
115,153,28,-0.01687840979373017,0
115,153,29,-0.001272763081538015,0
115,153,30,0.0001695566119468324,0
115,153,31,0.0005998763138486726,0
115,153,32,-0.005031355689069779,0
115,153,33,-0.001084443133700928,0
115,153,34,-2.451601638437723e-05,0
115,153,35,0.00331981622237877,0
115,153,36,-8.310181609765198e-05,0
115,153,37,0.004522416906447037,0
115,153,38,0.004271243841735788,0
115,153,39,0.002055294132430911,0
115,153,40,-0.0003775509221796239,0
115,153,41,-0.00778044769634557,0
115,153,42,0.000983846906139551,0
115,153,43,-0.003035596219770125,0
115,153,44,-0.001149704572615181,0
115,153,45,-0.0008622137494070786,0
115,153,46,0.00516706224201316,0
115,153,47,-0.005513439924702157,0
115,153,48,-0.01260752328454349,0
115,153,49,-0.01622762143625954,0
115,153,50,-0.01463469770210912,0
115,153,51,-0.003545343321412667,0
115,153,52,3.132210735507115e-05,0
115,153,53,-0.006836407843727487,0
115,153,54,0.004455307433731465,0
115,153,55,0.01906694856034552,0
115,153,56,-0.01261347095601342,0
115,153,57,-0.0108875809460487,0
115,153,58,0.003395175484213689,0
115,153,59,0.002771491971557972,0
115,153,60,0.003653125188771387,0
115,153,61,0.002999636636286931,0
115,153,62,0.002014537016673197,0
115,153,63,-0.0004085990975123119,0
115,153,64,-0.006510933642167408,0
115,153,65,-0.001036426913830417,0
115,153,66,-0.00416059898799867,0
115,153,67,0.001046776641116387,0
115,153,68,0.0002453835931429923,0
115,153,69,0.006073324001323565,0
115,153,70,-0.007402959112898008,0
115,153,71,-0.007661419454480672,0
115,153,72,-0.01153516126105893,0
115,153,73,0.001509137612464372,0
115,153,74,0.004561887275052535,0
115,153,75,0.01236986754212764,0
115,153,76,0.01445485136015596,0
115,153,77,-0.002498147384951689,0
115,153,78,-0.004846129054427282,0
115,153,79,0.0005354343876278965,0
115,153,80,0.0003420732425854181,0
115,153,81,-0.01257310968356276,0
115,153,82,-0.01212968698228758,0
115,153,83,0.006045349923507895,0
115,153,84,0.007664348353500233,0
115,153,85,-0.008095994403748853,0
115,153,86,5.099513503038295e-05,0
115,153,87,-0.007271848063661184,0
115,153,88,-0.00240271576142139,0
115,153,89,-0.00371142993967445,0
115,153,90,0.003404288815530464,0
115,153,91,0.001797850516250814,0
115,153,92,0.00859352998495011,0
115,153,93,0.001766985182129025,0
115,153,94,-0.001973719482754181,0
115,153,95,-0.005888309343214943,0
115,153,96,0.0001974574854038407,0
115,153,97,0.004701025697838435,0
115,153,98,0.004812658492702738,0
115,153,99,0.003437997945382649,0
115,153,100,-0.006105453213036876,0
115,153,101,-0.008052457450304942,0
115,153,102,0.001516015151219879,0
115,153,103,0.01032399560095114,0
115,153,104,0.01121714987606941,0
115,153,105,0.01383969829704391,0
115,153,106,0.005750014277382407,0
115,153,107,0.0066149916757539,0
115,153,108,0.01528520287449998,0
115,153,109,0.0009617108475364381,0
115,153,110,-0.01098813386155297,0
115,153,111,0.001123828475725796,0
115,153,112,0.00652341849913217,0
115,153,113,-0.004839418945248707,0
115,153,114,0.0001095452841016686,0
115,153,115,-0.0007376029441447047,0
115,153,116,0.005581962598856851,0
115,153,117,0.0005167597612076902,0
115,153,118,-0.002916592727911178,0
115,153,119,0.004131134859291114,0
115,153,120,0.003950673447677526,0
115,153,121,-0.001791004860779755,0
115,153,122,-0.001992750317555233,0
115,153,123,0.002489773462010683,0
115,153,124,0.005342848602540675,0
115,153,125,-0.001838686261557969,0
115,153,126,-0.008690136910619236,0
115,153,127,0.002966370311541054,0
115,153,128,-0.01695642868916483,0
115,153,129,-0.006161957921763128,0
115,153,130,-0.005349084097996742,0
115,153,131,-0.01156588227543049,0
115,153,132,-0.0004255788149516378,0
115,153,133,-0.00374130125313447,0
115,153,134,-0.0004223747124943081,0
115,153,135,0.002354887642036287,0
115,153,136,-0.2972168477031535,0
115,153,137,0.2504057235459118,0
115,153,138,0.456631566428366,0
115,153,139,-0.631483760517938,0
115,153,140,-0.4343963094087475,0
115,153,141,0.3067508033479456,0
115,153,142,-0.230337618385428,0
115,153,143,-1,0
115,153,144,0.1225211909461876,0
115,153,145,0.2864438208893529,0
115,153,146,-0.3122312073131989,0
115,153,147,-0.2675368923644714,0
115,153,148,0.122711493286583,0
115,153,149,-0.2637949061467753,0
115,153,150,0.6530756112983265,0
115,153,151,0.5917139128646984,0
115,153,152,-0.6166410889521857,0
115,153,153,-0.3409911277875815,0
115,153,154,-0.1365746285504905,0
115,153,155,0.5156959523144662,0
115,153,156,-0.5129509801522542,0
115,153,157,0.8472188783351426,0
115,153,158,-0.2392175891447291,0
115,153,159,-0.09922557695917414,0
115,153,160,0.5770843226098876,0
115,153,161,0.05191942772310986,0
115,153,162,0.6748511127547475,0
115,153,163,-0.5227739250737599,0
115,153,164,0.361718835235206,0
115,153,165,-0.4532500735303103,0
115,153,166,0.523157587294391,0
115,153,167,-0.360339422050112,0
115,153,168,-0.8718542779135032,0
115,153,169,-0.2665003012392509,0
115,153,170,-0.01286424473489009,0
116,151,0,0.004923274617368358,0
116,151,1,0.002943471773423583,0
116,151,2,0.003499007810203854,0
116,151,3,-0.006873994735515682,0
116,151,4,-0.004840390991786421,0
116,151,5,-0.01130610390377058,0
116,151,6,0.004761508854591119,0
116,151,7,0.003115461558274325,0
116,151,8,0.01020772078560475,0
116,151,9,-0.0005178100369238823,0
116,151,10,-0.0002137858283059591,0
116,151,11,-0.004511512863039876,0
116,151,12,0.006807567422051282,0
116,151,13,0.004964646784409706,0
116,151,14,0.007427726565131482,0
116,151,15,0.01530689713831008,0
116,151,16,0.01052764358805627,0
116,151,17,0.008486865927658052,0
116,151,18,0.006597560129968613,0
116,151,19,0.004576004980127416,0
116,151,20,-0.007381024456249852,0
116,151,21,-0.005480527790941802,0
116,151,22,-0.003557289686425011,0
116,151,23,-0.01056778238826298,0
116,151,24,-0.007821823698264278,0
116,151,25,-0.005152561394925638,0
116,151,26,-0.00188902139500532,0
116,151,27,6.743533575971546e-05,0
116,151,28,0.007217915036494285,0
116,151,29,-0.0003896090982631746,0
116,151,30,0.002099624055117801,0
116,151,31,0.002571451075566311,0
116,151,32,0.004560747539771262,0
116,151,33,-0.005521253146625764,0
116,151,34,-0.007278247268970221,0
116,151,35,0.002615165519354183,0
116,151,36,0.009276577925820548,0
116,151,37,0.008282290604767947,0
116,151,38,-0.00363935017723143,0
116,151,39,-0.005779368843337692,0
116,151,40,-0.01011359626031268,0
116,151,41,-0.01284819267757557,0
116,151,42,-0.003267099877545094,0
116,151,43,-0.001144407543158035,0
116,151,44,-0.01455309516967086,0
116,151,45,-0.003422140175979099,0
116,151,46,0.006684982310022231,0
116,151,47,-0.008825310924554616,0
116,151,48,-0.01130818075677346,0
116,151,49,-0.002065764090280988,0
116,151,50,0.001167691962611247,0
116,151,51,-0.007003412812629081,0
116,151,52,-0.001404014834687647,0
116,151,53,0.004360829025527801,0
116,151,54,0.001565565963912108,0
116,151,55,0.001112599690569878,0
116,151,56,0.005408213174418403,0
116,151,57,0.003394325040723267,0
116,151,58,-0.008979901266533858,0
116,151,59,-0.00413507052302072,0
116,151,60,-0.005515169038304329,0
116,151,61,0.002879816221032058,0
116,151,62,-0.00350526081286078,0
116,151,63,0.00340546734391278,0
116,151,64,-0.006105877022407203,0
116,151,65,0.002090665811782399,0
116,151,66,0.0002621031297859417,0
116,151,67,0.006523968478274056,0
116,151,68,-0.003054800545835963,0
116,151,69,0.001466704413537322,0
116,151,70,0.008312169161260223,0
116,151,71,0.005002304906090346,0
116,151,72,0.001113615991740895,0
116,151,73,-0.008015980567165994,0
116,151,74,-0.0002552181818129409,0
116,151,75,-0.0074171609309787,0
116,151,76,-0.009674927133569171,0
116,151,77,-0.007955912999451427,0
116,151,78,-0.003399156891414725,0
116,151,79,0.00478398241200039,0
116,151,80,0.002175980778703177,0
116,151,81,0.01164561295854179,0
116,151,82,0.0123388476799568,0
116,151,83,0.009085814066719168,0
116,151,84,0.007904437827553712,0
116,151,85,0.002521870808130506,0
116,151,86,-0.007734389786067333,0
116,151,87,0.00256684277776089,0
116,151,88,-0.002212033188488749,0
116,151,89,-0.002654181171478743,0
116,151,90,0.008451441734433723,0
116,151,91,0.008306117187658162,0
116,151,92,0.00911531120423871,0
116,151,93,-0.003479434940447142,0
116,151,94,-0.0020743388212238,0
116,151,95,-0.01027247730289782,0
116,151,96,-0.005419267201846712,0
116,151,97,-0.00250066372588655,0
116,151,98,-0.0002402667400595781,0
116,151,99,0.006707580484596577,0
116,151,100,0.005504245750647884,0
116,151,101,0.01223772049064132,0
116,151,102,0.008545002167550003,0
116,151,103,0.0002709068289775804,0
116,151,104,-0.00558872304357055,0
116,151,105,0.004505583277236195,0
116,151,106,0.0004530837698519502,0
116,151,107,-0.007163360084395352,0
116,151,108,0.002412729206947836,0
116,151,109,0.01021897531615989,0
116,151,110,0.009592229665106327,0
116,151,111,0.003334845722289223,0
116,151,112,0.008054369898203019,0
116,151,113,0.008570374799506489,0
116,151,114,-0.005799955807356528,0
116,151,115,-0.01089272823362809,0
116,151,116,0.001968158557280351,0
116,151,117,-0.0003476279034765622,0
116,151,118,-0.008867228292736777,0
116,151,119,0.001049228433464682,0
116,151,120,0.00233329536397779,0
116,151,121,-0.006038361624727466,0
116,151,122,0.003058147587590739,0
116,151,123,0.001679697189155146,0
116,151,124,-0.009129248300168589,0
116,151,125,0.002479591843342235,0
116,151,126,-0.001551597846235938,0
116,151,127,-0.005524373501771178,0
116,151,128,0.007076768323216433,0
116,151,129,-0.0007725559806824024,0
116,151,130,-0.003166326925666855,0
116,151,131,0.004889409058920057,0
116,151,132,-0.01237672877644239,0
116,151,133,-0.002006005199741558,0
116,151,134,-0.008184107577464968,0
116,151,135,-0.5549322723808896,0
116,151,136,0.9170851972008109,0
116,151,137,-0.488321352066329,0
116,151,138,0.1685745965983864,0
116,151,139,-0.5926587692595119,0
116,151,140,-0.8275157073616189,0
116,151,141,-0.3556803191558313,0
116,151,142,0.257355715447908,0
116,151,143,0.3817535489319412,0
116,151,144,-0.4781105620885123,0
116,151,145,0.4088967754984654,0
116,151,146,-0.7683191965765982,0
116,151,147,0.5618021735151407,0
116,151,148,0.5163541524328985,0
116,151,149,-0.03286751191472933,0
116,151,150,0.08364184645525075,0
116,151,151,0.1912768237052494,0
116,151,152,0.1598857169725137,0
116,151,153,0.62180826173072,0
116,151,154,0.06915956921094969,0
116,151,155,0.002953054744168021,0
116,151,156,-0.1568803427011791,0
116,151,157,-0.2123056338469694,0
116,151,158,0.2911130829971912,0
116,151,159,0.5430790518340648,0
116,151,160,-0.0546763132801753,0
116,151,161,-0.4568361031458926,0
116,151,162,0.284883085143577,0
116,151,163,-1,0
116,151,164,0.3956043869645619,0
116,151,165,0.529883348039849,0
116,151,166,-0.7991545184190436,0
116,151,167,-0.1867095879724453,0
116,151,168,0.3118311118679587,0
116,151,169,-0.1737357492336273,0
116,151,170,-0.6215940899009474,0
117,150,0,0.005818865862412611,0
117,150,1,0.004018999571549142,0
117,150,2,0.005573761448472466,0
117,150,3,0.004017941927187386,0
117,150,4,0.002774556795270417,0
117,150,5,-0.00137370134212843,0
117,150,6,0.00181006043669296,0
117,150,7,0.001236478175759554,0
117,150,8,-0.001893703533071261,0
117,150,9,0.00395599971472358,0
117,150,10,0.002616473986951218,0
117,150,11,0.001865437700462153,0
117,150,12,0.002387155474095899,0
117,150,13,0.001584460226117802,0
117,150,14,-0.001516892738234979,0
117,150,15,-0.0007830549308877298,0
117,150,16,-0.000568006307558466,0
117,150,17,-0.002957375915327855,0
117,150,18,0.0006304620541154113,0
117,150,19,0.0003704395170329719,0
117,150,20,0.001132660988107571,0
117,150,21,0.003053933215685302,0
117,150,22,0.002003244896439449,0
117,150,23,0.00207173865886997,0
117,150,24,0.002976343649975467,0
117,150,25,0.001960903853312102,0
117,150,26,-0.0001519202952610395,0
117,150,27,-2.571593500088314e-05,0
117,150,28,-0.002746675964494218,0
117,150,29,-0.01108500755413316,0
117,150,30,-0.003185301521344691,0
117,150,31,-0.004192820353935938,0
117,150,32,-0.01176841904172139,0
117,150,33,-0.008834388365111372,0
117,150,34,-0.001835729416777966,0
117,150,35,-0.00909302021231416,0
117,150,36,-0.007480061551660142,0
117,150,37,0.0005589382829414899,0
117,150,38,-0.009383620233294946,0
117,150,39,-0.004955450479548562,0
117,150,40,0.001485746384366255,0
117,150,41,-0.007296524735537978,0
117,150,42,-0.006260136583035958,0
117,150,43,-0.0001174295479338654,0
117,150,44,-0.002663701534353901,0
117,150,45,-0.004109952012840097,0
117,150,46,0.0007438278361069164,0
117,150,47,-0.00166102220270843,0
117,150,48,-0.0003222860260726138,0
117,150,49,0.00187659625041367,0
117,150,50,-0.002586963408120386,0
117,150,51,-0.0002208516369957258,0
117,150,52,0.001158358729836249,0
117,150,53,-0.002013243697093004,0
117,150,54,-0.001480216085038534,0
117,150,55,0.0003134239507529596,0
117,150,56,-0.002058322964735957,0
117,150,57,-0.0009742044018073029,0
117,150,58,0.007164179578428196,0
117,150,59,0.001692083212035053,0
117,150,60,0.0022608431817926,0
117,150,61,0.01255764843127477,0
117,150,62,0.007048810493740301,0
117,150,63,0.003025297433189114,0
117,150,64,0.01581063217612724,0
117,150,65,0.011000985469124,0
117,150,66,0.003496569985838264,0
117,150,67,0.01227296944219371,0
117,150,68,0.009340514056181321,0
117,150,69,-0.001645651748967785,0
117,150,70,0.00795425160422147,0
117,150,71,0.005409209027793343,0
117,150,72,-0.003667020205960597,0
117,150,73,0.006088437155708379,0
117,150,74,0.004676967393727572,0
117,150,75,-0.0006065652816544856,0
117,150,76,0.003249599473407342,0
117,150,77,0.003570884941099221,0
117,150,78,-0.0006289401916562886,0
117,150,79,-0.001836236538712627,0
117,150,80,-0.000369740143705926,0
117,150,81,-0.003409394508537191,0
117,150,82,-0.003753905852758738,0
117,150,83,-0.002279164232135149,0
117,150,84,-0.001405355189877483,0
117,150,85,-0.0007239087102735248,0
117,150,86,0.002412943498001741,0
117,150,87,-0.002360288516517314,0
117,150,88,4.021109126967605e-05,0
117,150,89,-6.316844216590094e-05,0
117,150,90,-0.007201667164538333,0
117,150,91,-0.002611075257928924,0
117,150,92,-0.001479462854123024,0
117,150,93,-0.01363130955069773,0
117,150,94,-0.006536170069581481,0
117,150,95,-0.002355960282968702,0
117,150,96,-0.0136446166488828,0
117,150,97,-0.01035643874038473,0
117,150,98,-0.001662195598212904,0
117,150,99,-0.005971677937937314,0
117,150,100,-0.006818644063331864,0
117,150,101,0.003093276569522107,0
117,150,102,0.000491054626823987,0
117,150,103,-0.0001279888900496645,0
117,150,104,0.0050768457281514,0
117,150,105,0.002050869551938604,0
117,150,106,0.0009258205454067024,0
117,150,107,0.0008281207314338951,0
117,150,108,0.001375477162100861,0
117,150,109,-0.001592665383519466,0
117,150,110,-0.003950369866631886,0
117,150,111,-7.743323035639339e-05,0
117,150,112,-0.001077100328782344,0
117,150,113,-0.002652406633715996,0
117,150,114,0.001811794056384789,0
117,150,115,0.002538841971251955,0
117,150,116,0.0004326678796122811,0
117,150,117,0.0001284276590666363,0
117,150,118,0.002343001634553228,0
117,150,119,0.0003896918206429091,0
117,150,120,0.005059606706791021,0
117,150,121,0.001612768079870634,0
117,150,122,0.006794502297685312,0
117,150,123,0.003358448872149671,0
117,150,124,0.002972130848183225,0
117,150,125,0.004427984511693822,0
117,150,126,-0.003051435703958081,0
117,150,127,0.001820946390428254,0
117,150,128,-0.004173721396409591,0
117,150,129,-0.002119731738197781,0
117,150,130,7.819007218832846e-05,0
117,150,131,-0.00284247423579134,0
117,150,132,0.002917087056623857,0
117,150,133,1.376377615096195e-05,0
117,150,134,0.001917955868392189,0
117,150,135,-0.6651718241080001,0
117,150,136,-0.4748675026251701,0
117,150,137,-0.2294195675245795,0
117,150,138,-0.4501531875489351,0
117,150,139,-0.1873829780152924,0
117,150,140,0.03084465651499051,0
117,150,141,-0.02354313087608172,0
117,150,142,-0.1344862121911184,0
117,150,143,-0.1331515278147102,0
117,150,144,0.5625815581412025,0
117,150,145,0.8208322461786053,0
117,150,146,0.7591085327071622,0
117,150,147,0.540698558802292,0
117,150,148,0.3924144780833069,0
117,150,149,0.2004913758781615,0
117,150,150,0.06461763572881274,0
117,150,151,-0.01193757742094623,0
117,150,152,-0.03954551600619309,0
117,150,153,-0.2379633668832388,0
117,150,154,-0.5814954676723708,0
117,150,155,-1,0
117,150,156,-0.7852744185590483,0
117,150,157,-0.2367990509427702,0
117,150,158,-0.1192002430308453,0
117,150,159,-0.08922534797907322,0
117,150,160,0.07145420438743635,0
117,150,161,0.1316978183179025,0
117,150,162,0.03392451391449963,0
117,150,163,0.2363055681702696,0
117,150,164,0.5330950802754268,0
117,150,165,0.717827222608329,0
117,150,166,0.2361462405885754,0
117,150,167,-0.1134154298723789,0
117,150,168,-0.1806718418442479,0
117,150,169,0.007807054899073994,0
117,150,170,0.1345596109274512,0
118,149,0,0.002888100615334367,0
118,149,1,0.002492180051233666,0
118,149,2,0.004093115423348894,0
118,149,3,-0.006449442698829045,0
118,149,4,-0.003934162008838656,0
118,149,5,-0.007315057882686301,0
118,149,6,-0.008943752848903348,0
118,149,7,-0.005885256536941454,0
118,149,8,-0.001860182870836116,0
118,149,9,0.00835262678587544,0
118,149,10,0.005397346471183972,0
118,149,11,0.01517325430196846,0
118,149,12,0.002693967928960851,0
118,149,13,0.001490355194325347,0
118,149,14,-0.005970704861596239,0
118,149,15,-0.006699444040050286,0
118,149,16,-0.004803265821747125,0
118,149,17,-0.00931768047849545,0
118,149,18,0.003282549885569984,0
118,149,19,0.001937162171852093,0
118,149,20,0.008269230889078036,0
118,149,21,0.01422229690334501,0
118,149,22,0.009326518548164275,0
118,149,23,0.009327139661732754,0
118,149,24,0.01279430864514605,0
118,149,25,0.008418521540054706,0
118,149,26,-0.00166756658132689,0
118,149,27,-0.0001194902204585345,0
118,149,28,-0.0118307013283741,0
118,149,29,-0.004788160930807396,0
118,149,30,0.0002283198106061519,0
118,149,31,0.0007208991220893901,0
118,149,32,0.01162557940861613,0
118,149,33,0.002606419283604353,0
118,149,34,0.008144852147904778,0
118,149,35,0.008540785356256327,0
118,149,36,0.00439039232000591,0
118,149,37,-0.004411263843633285,0
118,149,38,-0.009009535391031416,0
118,149,39,0.005045847928163127,0
118,149,40,-0.001003747698916789,0
118,149,41,-0.01077891640016962,0
118,149,42,-0.01224284003310748,0
118,149,43,-0.008807935051220848,0
118,149,44,-0.004425752683421761,0
118,149,45,-0.0102775854234079,0
118,149,46,-0.004814648246636222,0
118,149,47,-0.004850500913413931,0
118,149,48,0.002690820525389763,0
118,149,49,0.00731071089067352,0
118,149,50,-0.01069519658978419,0
118,149,51,-0.0003551569421025249,0
118,149,52,0.003725260011373586,0
118,149,53,-0.009144642048233551,0
118,149,54,-0.007450730517698956,0
118,149,55,-0.0005028261539862359,0
118,149,56,-0.00887124157594458,0
118,149,57,-0.00378307301865972,0
118,149,58,-0.006959681887583709,0
118,149,59,-0.004046482755002481,0
118,149,60,-0.005510532004678759,0
118,149,61,-0.009808952854203641,0
118,149,62,-0.0004494608453734857,0
118,149,63,0.005618689347286397,0
118,149,64,0.0001765376152818209,0
118,149,65,-0.00313297351938922,0
118,149,66,0.004610145489005666,0
118,149,67,-0.001921831639491568,0
118,149,68,-0.002033493380195361,0
118,149,69,-0.00284168534131217,0
118,149,70,0.00183167087947769,0
118,149,71,-0.005333456338498098,0
118,149,72,-0.005281775217864453,0
118,149,73,0.01642450489207178,0
118,149,74,0.007365761005218022,0
118,149,75,0.00844781318488687,0
118,149,76,0.01028616303504831,0
118,149,77,0.01228821912105065,0
118,149,78,0.001820056963970196,0
118,149,79,-0.01027205413917342,0
118,149,80,-0.004116987040631045,0
118,149,81,-0.01475518793411382,0
118,149,82,-0.01759977460622423,0
118,149,83,-0.01215207370699289,0
118,149,84,-0.007067737960611998,0
118,149,85,-0.002811896965680127,0
118,149,86,0.01209370959381172,0
118,149,87,0.01633045211392636,0
118,149,88,0.006558236892241952,0
118,149,89,0.008302016347789546,0
118,149,90,0.005566188935337973,0
118,149,91,0.00772267247688879,0
118,149,92,-0.004707657821846397,0
118,149,93,-0.003750458000333429,0
118,149,94,0.0008888880645396232,0
118,149,95,-0.003986477948078211,0
118,149,96,0.001518225526143876,0
118,149,97,-0.0009207705498105021,0
118,149,98,0.002260488967666205,0
118,149,99,0.01072332855291238,0
118,149,100,0.003785183148182141,0
118,149,101,0.004226640548499776,0
118,149,102,0.01449903771181041,0
118,149,103,0.01631973477777563,0
118,149,104,0.01305134673608201,0
118,149,105,0.01182590625024275,0
118,149,106,0.009432291872584177,0
118,149,107,-1.151011188510975e-05,0
118,149,108,0.006237058898771553,0
118,149,109,-0.006683774018151459,0
118,149,110,-0.01941900549570644,0
118,149,111,-0.0002096923453965922,0
118,149,112,-0.00530383449534504,0
118,149,113,-0.01258453539627903,0
118,149,114,0.009071813906515638,0
118,149,115,0.01253727203871719,0
118,149,116,-0.007598889263989354,0
118,149,117,0.0005758588021730602,0
118,149,118,-0.001158307834482341,0
118,149,119,-0.0046296977324246,0
118,149,120,0.003782360909477932,0
118,149,121,-0.0005514088537726694,0
118,149,122,0.001034997091992045,0
118,149,123,0.002491155133927826,0
118,149,124,-0.004283076045656382,0
118,149,125,0.0004899660390949135,0
118,149,126,-0.01946348043350943,0
118,149,127,-0.003045749501082608,0
118,149,128,-0.02014980896437665,0
118,149,129,-0.01325975540888552,0
118,149,130,0.0008528278364840632,0
118,149,131,-0.0136828624406754,0
118,149,132,0.01435901198043162,0
118,149,133,0.0004023103052145633,0
118,149,134,0.009456716730080502,0
118,149,135,-0.3852339306772329,0
118,149,136,0.5903544453542279,0
118,149,137,0.8518241594525249,0
118,149,138,-1,0
118,149,139,-0.2002530289109668,0
118,149,140,0.3256815199505665,0
118,149,141,-0.1147450023745944,0
118,149,142,-0.6142523299830583,0
118,149,143,-0.5616918774242077,0
118,149,144,0.0966456899205104,0
118,149,145,-0.7637488910093507,0
118,149,146,-0.1856010371675508,0
118,149,147,-0.148953615321074,0
118,149,148,0.6482468195658041,0
118,149,149,0.6242133526781468,0
118,149,150,0.1400241681955613,0
118,149,151,-0.1174833426387777,0
118,149,152,-0.1444052701985132,0
118,149,153,0.8587118890277476,0
118,149,154,0.3106740095914609,0
118,149,155,-0.2022725095958936,0
118,149,156,0.08047722152325945,0
118,149,157,0.505526042684236,0
118,149,158,-0.1243504520756288,0
118,149,159,-0.3214062783861341,0
118,149,160,0.3440111850480791,0
118,149,161,0.6447019442392851,0
118,149,162,-0.8954293564310317,0
118,149,163,-0.2311371160344508,0
118,149,164,0.3032019223462915,0
118,149,165,0.05389113754401929,0
118,149,166,-0.3347683446496119,0
118,149,167,-0.8715899358109306,0
118,149,168,-0.8831530833299126,0
118,149,169,0.0523172026591889,0
118,149,170,0.6494780086275728,0
119,148,0,0.004130599154851905,0
119,148,1,0.001925519775771529,0
119,148,2,0.001482933510735105,0
119,148,3,-0.002782430534462927,0
119,148,4,-0.002427904539256238,0
119,148,5,-0.007846766345744757,0
119,148,6,0.005575708833281248,0
119,148,7,0.003595114575316725,0
119,148,8,0.006965947447876825,0
119,148,9,-0.001821918639473243,0
119,148,10,-0.0008822894484081516,0
119,148,11,-0.005981954294874629,0
119,148,12,0.002439743176368862,0
119,148,13,0.002329193520067348,0
119,148,14,0.005538954254889208,0
119,148,15,-0.009398920175233225,0
119,148,16,-0.005687978233379401,0
119,148,17,-0.008985529920420525,0
119,148,18,-0.01721350665053282,0
119,148,19,-0.01110296404148405,0
119,148,20,-0.00588365314563959,0
119,148,21,0.006265919406806654,0
119,148,22,0.004477064344411147,0
119,148,23,0.02192277867437541,0
119,148,24,0.02218833293964595,0
119,148,25,0.01505286571693312,0
119,148,26,0.01490197924055748,0
119,148,27,0.0001770795738507003,0
119,148,28,-0.01950138046492945,0
119,148,29,0.002681760070059034,0
119,148,30,0.002313055664848693,0
119,148,31,0.002491760503450446,0
119,148,32,-0.001621933139962511,0
119,148,33,-0.007320076423316431,0
119,148,34,-0.01275649792916916,0
119,148,35,0.004945643203648285,0
119,148,36,0.008380579330095001,0
119,148,37,0.01250640735375911,0
119,148,38,-0.001183707433950077,0
119,148,39,-0.005003523203503315,0
119,148,40,-0.01107541853059404,0
119,148,41,0.005438051752424805,0
119,148,42,0.008330339392537765,0
119,148,43,0.01271533654117786,0
119,148,44,0.01023041865316212,0
119,148,45,0.0006179831192243139,0
119,148,46,-0.003469568225038164,0
119,148,47,-0.005587789399197888,0
119,148,48,-0.007823557295140929,0
119,148,49,-0.01938657874210705,0
119,148,50,-0.009539324870957223,0
119,148,51,0.01010639945657415,0
119,148,52,0.0188488198741605,0
119,148,53,0.001506728886459053,0
119,148,54,0.01222203869326476,0
119,148,55,0.02517910583861627,0
119,148,56,-0.01438160012594871,0
119,148,57,-0.02059094974112184,0
119,148,58,-0.001187591161652701,0
119,148,59,0.000947665861022142,0
119,148,60,0.001374516019934539,0
119,148,61,-0.001630225893244719,0
119,148,62,-0.0106592974590026,0
119,148,63,-0.01321012320041438,0
119,148,64,0.002025526750211702,0
119,148,65,0.01060994671290378,0
119,148,66,0.01575126800331238,0
119,148,67,-0.003387543352236375,0
119,148,68,-0.01049827204406636,0
119,148,69,-0.01600726027363818,0
119,148,70,-0.002195341478183215,0
119,148,71,0.007978166229752302,0
119,148,72,0.0136065239997783,0
119,148,73,0.01590874061586087,0
119,148,74,0.008096648540884935,0
119,148,75,0.01265887295975564,0
119,148,76,0.01118638101362154,0
119,148,77,-0.006893273526405518,0
119,148,78,-0.02368255229083277,0
119,148,79,-0.009650259017270462,0
119,148,80,0.007573761377557213,0
119,148,81,6.231071385600471e-05,0
119,148,82,-0.01422173497220351,0
119,148,83,0.009206894449835076,0
119,148,84,0.02101642263673473,0
119,148,85,-0.01530715410019246,0
119,148,86,-0.007851581631969954,0
119,148,87,-0.001480407836188375,0
119,148,88,0.0004364079552152269,0
119,148,89,0.001366779937144387,0
119,148,90,0.001421261409298898,0
119,148,91,-0.008598711992439688,0
119,148,92,-0.009635490270046336,0
119,148,93,-0.002140569789576022,0
119,148,94,0.0103377421190228,0
119,148,95,0.01289788330927318,0
119,148,96,0.002622066351128981,0
119,148,97,-0.01033001982634946,0
119,148,98,-0.01211241499830423,0
119,148,99,-0.00613780439174386,0
119,148,100,0.005525880421622362,0
119,148,101,0.00450956748174028,0
119,148,102,-0.0005793382211953985,0
119,148,103,0.008662575375902919,0
119,148,104,0.01644784957130339,0
119,148,105,0.01200380448031913,0
119,148,106,-0.009792335761424588,0
119,148,107,-0.01308964138198654,0
119,148,108,0.002597962064036734,0
119,148,109,0.001624131943380522,0
119,148,110,-0.008924601257652943,0
119,148,111,-0.01038085370284892,0
119,148,112,0.008542730883359547,0
119,148,113,0.008911402245654511,0
119,148,114,-0.005960950585404037,0
119,148,115,0.00110690404722392,0
119,148,116,-0.003945848796863478,0
119,148,117,-0.0008598582336931934,0
119,148,118,0.004958257097148485,0
119,148,119,-0.003315827145223166,0
119,148,120,-0.01011192749893178,0
119,148,121,0.002990254451863935,0
119,148,122,0.003802563983746883,0
119,148,123,-0.006675506732019837,0
119,148,124,0.000152569534471543,0
119,148,125,0.002973093735548185,0
119,148,126,-0.01670262633262286,0
119,148,127,0.0005871543372676433,0
119,148,128,-0.001028991684083618,0
119,148,129,-0.01077058887591861,0
119,148,130,0.009764439954728551,0
119,148,131,-0.0003745727320683503,0
119,148,132,0.0005828390985602266,0
119,148,133,0.006786622361564948,0
119,148,134,0.0006147390115727408,0
119,148,135,-0.3222282401777156,0
119,148,136,0.4443039762320282,0
119,148,137,-0.3740008925976951,0
119,148,138,0.3404659627257453,0
119,148,139,-0.1899548093733163,0
119,148,140,0.3083857827261856,0
119,148,141,0.653944174580584,0
119,148,142,-0.2902957477291089,0
119,148,143,-0.9274223913341862,0
119,148,144,-0.5332303078245439,0
119,148,145,0.7112264779961387,0
119,148,146,-0.7519520062753563,0
119,148,147,0.5773776715549979,0
119,148,148,-0.5883265019946368,0
119,148,149,-0.1815865784809604,0
119,148,150,0.8458562604281993,0
119,148,151,0.07950142585754104,0
119,148,152,-1,0
119,148,153,-0.410551655065756,0
119,148,154,0.8795092417717771,0
119,148,155,-0.958211753708936,0
119,148,156,0.8982713936753139,0
119,148,157,-0.4316012576572469,0
119,148,158,-0.8195123549788983,0
119,148,159,0.3869567663676466,0
119,148,160,0.4732438894992773,0
119,148,161,-0.4177769116749048,0
119,148,162,-0.3131780826481765,0
119,148,163,0.6451152435430287,0
119,148,164,-0.8552079689865112,0
119,148,165,0.5088602139942834,0
119,148,166,0.01084356048364653,0
119,148,167,-0.7261385418637466,0
119,148,168,-0.07603972907071797,0
119,148,169,0.3804144904519084,0
119,148,170,0.0143543695590031,0
120,147,0,-0.002868046204744094,0
120,147,1,-0.002632381933593898,0
120,147,2,-0.004490035637936991,0
120,147,3,0.005843040828618114,0
120,147,4,0.00344210146135232,0
120,147,5,0.006482178700857839,0
120,147,6,-0.002396456554956546,0
120,147,7,-0.00165696352371091,0
120,147,8,-0.0077726444036349,0
120,147,9,0.0004400536069816133,0
120,147,10,0.000771120829131129,0
120,147,11,0.003495576198790635,0
120,147,12,0.01518401300837992,0
120,147,13,0.01135092349953148,0
120,147,14,0.01585492460853843,0
120,147,15,0.007104755328424535,0
120,147,16,0.005608396354463414,0
120,147,17,-0.004784682661733103,0
120,147,18,-0.01008424144122703,0
120,147,19,-0.006292085243564807,0
120,147,20,-0.01417692308517483,0
120,147,21,-0.01345123255477773,0
120,147,22,-0.008721434617684112,0
120,147,23,-0.002253993419957147,0
120,147,24,-0.006887397028715984,0
120,147,25,-0.004416091056585452,0
120,147,26,0.006432071768102339,0
120,147,27,0.0001575767563832874,0
120,147,28,0.00661546687852394,0
120,147,29,-0.0007017669769667359,0
120,147,30,-0.004313622448935534,0
120,147,31,-0.006346061952406059,0
120,147,32,0.001640676846167736,0
120,147,33,0.005559845871027877,0
120,147,34,0.007670880024448199,0
120,147,35,0.007031110400456808,0
120,147,36,-0.001193594412761866,0
120,147,37,-0.003317389591160274,0
120,147,38,-0.005035293642501266,0
120,147,39,-0.0006761524110097657,0
120,147,40,-0.0072671340405926,0
120,147,41,-0.0101348850241153,0
120,147,42,0.005071584219459744,0
120,147,43,0.01131480423298847,0
120,147,44,-0.006865432518594471,0
120,147,45,-0.007931240422630177,0
120,147,46,-0.00173867804075239,0
120,147,47,-0.00207526114631587,0
120,147,48,-0.01171275185108153,0
120,147,49,-0.009444345321383328,0
120,147,50,0.005435953641889999,0
120,147,51,0.00212088975272147,0
120,147,52,0.004874081324728947,0
120,147,53,0.007066265269486553,0
120,147,54,0.00962532551070145,0
120,147,55,0.008176700472561596,0
120,147,56,0.005014493900556602,0
120,147,57,0.0004804974316189059,0
120,147,58,0.006567592671472505,0
120,147,59,-0.0004287829472248898,0
120,147,60,-0.0005024553805721471,0
120,147,61,-0.008138245247243448,0
120,147,62,0.0001615661137157696,0
120,147,63,-0.005659079773018324,0
120,147,64,0.000976119417997956,0
120,147,65,-0.001900369759125209,0
120,147,66,0.00473394743539762,0
120,147,67,0.007274961430447867,0
120,147,68,-0.0006713582704152208,0
120,147,69,-0.001934907761096082,0
120,147,70,-0.007385684885614528,0
120,147,71,0.00310464410741598,0
120,147,72,-0.002754480728012388,0
120,147,73,-0.01113729484147882,0
120,147,74,-0.008949623334085915,0
120,147,75,-0.005919737864254654,0
120,147,76,0.001975049699010434,0
120,147,77,-0.005743219340213729,0
120,147,78,0.002092436803806881,0
120,147,79,0.01528728839173295,0
120,147,80,0.01384230741606384,0
120,147,81,0.01674926586072063,0
120,147,82,0.01538736802902135,0
120,147,83,0.01636664083969069,0
120,147,84,0.008195216674360611,0
120,147,85,0.0003498839323905183,0
120,147,86,-0.01343672819556803,0
120,147,87,0.006800118782917073,0
120,147,88,0.0045215287378027,0
120,147,89,0.006754703197771258,0
120,147,90,-0.002524721138904995,0
120,147,91,-0.00566707552780273,0
120,147,92,-0.01322590816680724,0
120,147,93,-0.008981369335319185,0
120,147,94,-0.00243837965290656,0
120,147,95,-0.0007696193953938927,0
120,147,96,0.002289053935868556,0
120,147,97,-4.149182628035158e-05,0
120,147,98,0.007940385739335152,0
120,147,99,0.003503700812915439,0
120,147,100,8.184134560421261e-05,0
120,147,101,-0.002271396054403352,0
120,147,102,0.001328129022296158,0
120,147,103,-0.003760529573172143,0
120,147,104,-0.008506538586477005,0
120,147,105,0.003693815734741443,0
120,147,106,0.003836025314357624,0
120,147,107,0.003647796016888114,0
120,147,108,0.003278761988899332,0
120,147,109,0.01449812365887139,0
120,147,110,0.01592207931368399,0
120,147,111,0.002132803734759752,0
120,147,112,0.00739657061041818,0
120,147,113,0.006785684004341535,0
120,147,114,-0.01010045405838305,0
120,147,115,-0.01570103870436863,0
120,147,116,-0.00961763107857647,0
120,147,117,-0.0007482083583884382,0
120,147,118,0.003488113862523422,0
120,147,119,-0.00702842075965844,0
120,147,120,0.00362913836529845,0
120,147,121,0.002027429946406023,0
120,147,122,-0.004950405905381809,0
120,147,123,0.002456036363474392,0
120,147,124,-0.001457778261704897,0
120,147,125,-0.003012392901724388,0
120,147,126,0.00905152455109365,0
120,147,127,-0.0005982815350030851,0
120,147,128,0.005876291102941455,0
120,147,129,0.006365221483941036,0
120,147,130,-0.01109063916316492,0
120,147,131,0.00418709578602001,0
120,147,132,-0.01801184169550012,0
120,147,133,-0.007202151503065599,0
120,147,134,-0.01185312453141114,0
120,147,135,0.3362565646245926,0
120,147,136,-0.392236222788219,0
120,147,137,0.3937955088024368,0
120,147,138,0.1793318978294008,0
120,147,139,-1,0
120,147,140,-0.4195870840528728,0
120,147,141,0.303905027864211,0
120,147,142,0.4632577744999486,0
120,147,143,0.2399250038393515,0
120,147,144,0.4441164910063929,0
120,147,145,-0.4676780116572209,0
120,147,146,-0.175444030648477,0
120,147,147,0.6296027742726379,0
120,147,148,-0.3496431297829633,0
120,147,149,-0.1282988121034968,0
120,147,150,0.3719431599809392,0
120,147,151,0.2497465371679874,0
120,147,152,-0.02847869030286539,0
120,147,153,-0.1516461291214786,0
120,147,154,0.2642061946006531,0
120,147,155,-0.288297911201317,0
120,147,156,-0.1025778293503971,0
120,147,157,0.1353496213139171,0
120,147,158,0.3532035090178299,0
120,147,159,0.3190599971711187,0
120,147,160,-0.3109736754167044,0
120,147,161,-0.5968654935285261,0
120,147,162,-0.8080250266434137,0
120,147,163,0.423622559410694,0
120,147,164,0.4469585531703556,0
120,147,165,-0.3590190259801805,0
120,147,166,-0.08737062532616147,0
120,147,167,0.3130087387686976,0
120,147,168,0.1986205187115939,0
120,147,169,-0.422293595250746,0
120,147,170,-0.6714731894983499,0
121,146,0,0.01188398299401937,0
121,146,1,0.008352003413972192,0
121,146,2,0.01176368254002017,0
121,146,3,0.001781929370925119,0
121,146,4,0.001477549840323915,0
121,146,5,-0.008287946961070181,0
121,146,6,-0.008473091713210056,0
121,146,7,-0.005560818227891379,0
121,146,8,-0.008872332345037658,0
121,146,9,-0.007296757065099756,0
121,146,10,-0.004957305238809512,0
121,146,11,0.0009363566472880345,0
121,146,12,-0.003580142928337256,0
121,146,13,-0.002652413770478184,0
121,146,14,0.002805799473354829,0
121,146,15,0.0003935791938254665,0
121,146,16,6.037441632267953e-05,0
121,146,17,0.00300441296283787,0
121,146,18,-0.002696514215829189,0
121,146,19,-0.001947566644719243,0
121,146,20,-0.003177244257136936,0
121,146,21,-0.009685439771004075,0
121,146,22,-0.00658780921351586,0
121,146,23,-0.006588547300766755,0
121,146,24,-0.009852089912820168,0
121,146,25,-0.006674576877033071,0
121,146,26,-0.0003779105451719525,0
121,146,27,-7.200329537878757e-05,0
121,146,28,0.008676604711130177,0
121,146,29,-0.01341370232484951,0
121,146,30,4.229048500228663e-05,0
121,146,31,0.0003408670992118484,0
121,146,32,-0.007429124460361983,0
121,146,33,-0.01094145393878247,0
121,146,34,-0.002425982446249514,0
121,146,35,0.008395947912289122,0
121,146,36,-0.0009166981876022229,0
121,146,37,0.005544815735645794,0
121,146,38,0.01444750397765219,0
121,146,39,0.0103253868620947,0
121,146,40,0.006279935374561912,0
121,146,41,0.009837915178301106,0
121,146,42,0.008767381077304905,0
121,146,43,-0.001292242793628104,0
121,146,44,0.005879161517265086,0
121,146,45,0.00612019743156166,0
121,146,46,-0.000508565066587468,0
121,146,47,0.007450732793876505,0
121,146,48,0.002524258158169618,0
121,146,49,-0.001997064247853843,0
121,146,50,0.006057467140033139,0
121,146,51,-0.0009243375229246797,0
121,146,52,-0.008045078118754377,0
121,146,53,0.001602080490835655,0
121,146,54,0.0007328999487283392,0
121,146,55,-0.004532373014642471,0
121,146,56,0.00640192478421134,0
121,146,57,0.007122720485894065,0
121,146,58,-0.004464107527311617,0
121,146,59,-0.002694118285105534,0
121,146,60,-0.003685351788170339,0
121,146,61,-0.003705604577697932,0
121,146,62,-0.004268633497172724,0
121,146,63,-0.001781084359315166,0
121,146,64,0.0007817532977858646,0
121,146,65,0.004597350171076475,0
121,146,66,0.009447464760573914,0
121,146,67,-0.003535776682464967,0
121,146,68,0.002141119661766997,0
121,146,69,0.002025486074812909,0
121,146,70,-0.007199615820148704,0
121,146,71,-0.006153887523521657,0
121,146,72,-0.005501537727163193,0
121,146,73,-0.006205204414120019,0
121,146,74,-0.004745137586380983,0
121,146,75,-0.0004295867551538888,0
121,146,76,0.00323451727596544,0
121,146,77,0.0005929174597454066,0
121,146,78,0.006228965341014353,0
121,146,79,0.01135722078279944,0
121,146,80,0.001585568504786021,0
121,146,81,-0.00081200272299141,0
121,146,82,0.009633575041653518,0
121,146,83,0.003066935419885243,0
121,146,84,-0.00608808348260241,0
121,146,85,0.005294056127532904,0
121,146,86,-0.001525929605268715,0
121,146,87,0.01138086553228033,0
121,146,88,0.004678342426311064,0
121,146,89,0.005928371066457086,0
121,146,90,0.01411133228153888,0
121,146,91,0.007972183055866361,0
121,146,92,0.0001963999198292769,0
121,146,93,0.003221669229199879,0
121,146,94,0.009091663947429753,0
121,146,95,-0.0006167338927960082,0
121,146,96,-0.01053121026934245,0
121,146,97,-0.005643366827521199,0
121,146,98,-0.01050987472150753,0
121,146,99,-0.01495804947549994,0
121,146,100,-0.01455533409792812,0
121,146,101,-0.0101675047786469,0
121,146,102,-0.01151628496778962,0
121,146,103,-0.008217657768665938,0
121,146,104,0.002045389921835477,0
121,146,105,-0.006539287130171116,0
121,146,106,0.0002627102067311856,0
121,146,107,0.01075385328256129,0
121,146,108,0.0004790187364975048,0
121,146,109,-0.0002350058580317562,0
121,146,110,0.005668442870179692,0
121,146,111,0.004109063398214021,0
121,146,112,-0.001721447395408152,0
121,146,113,-0.002645755533994385,0
121,146,114,-0.001078538337932669,0
121,146,115,-0.005052017429667925,0
121,146,116,-0.005488332763108807,0
121,146,117,0.0003894644901083816,0
121,146,118,-0.004930329307475727,0
121,146,119,-0.003376480524269206,0
121,146,120,-0.004068080027773512,0
121,146,121,-0.003197543313614929,0
121,146,122,0.006910098593355916,0
121,146,123,-0.002911343116648283,0
121,146,124,0.01607179183200992,0
121,146,125,0.003967758839473353,0
121,146,126,0.0117568332536819,0
121,146,127,0.009850797068060854,0
121,146,128,-0.001081909068430012,0
121,146,129,0.007500542609286843,0
121,146,130,-0.007883989093646418,0
121,146,131,-0.0009163112216536329,0
121,146,132,-0.005304221871655112,0
121,146,133,-0.005404722059885388,0
121,146,134,-0.003656552761900104,0
121,146,135,-1,0
121,146,136,-0.2004421127437007,0
121,146,137,0.6302585882330783,0
121,146,138,0.5439877267996673,0
121,146,139,0.2047340197227546,0
121,146,140,0.007241363268708037,0
121,146,141,0.1011053895146759,0
121,146,142,0.3296706993493282,0
121,146,143,0.3312307034649962,0
121,146,144,0.06864727566961655,0
121,146,145,0.365817866846652,0
121,146,146,-0.08833666846722886,0
121,146,147,-0.6167000255765576,0
121,146,148,-0.3597690862408726,0
121,146,149,-0.2187808666331919,0
121,146,150,-0.1414470256562986,0
121,146,151,0.136018010195779,0
121,146,152,0.2821601523714101,0
121,146,153,0.4268297271196694,0
121,146,154,0.6545075126455155,0
121,146,155,-0.180314093885528,0
121,146,156,-0.3949213055841158,0
121,146,157,0.06836082754899619,0
121,146,158,0.05100092375029618,0
121,146,159,-0.2258924053079843,0
121,146,160,-0.2317483144210071,0
121,146,161,-0.03400830810493669,0
121,146,162,-0.4818064133642638,0
121,146,163,-0.4671313226313392,0
121,146,164,-0.4275681332535136,0
121,146,165,0.4048329777409713,0
121,146,166,0.9387740652982296,0
121,146,167,0.5098876893191163,0
121,146,168,0.004649162383028978,0
121,146,169,-0.2462377848757676,0
121,146,170,-0.1705159181520999,0
122,145,0,0.0007133592060837294,0
122,145,1,-0.001429566870852848,0
122,145,2,-0.004438562157098345,0
122,145,3,0.01179890675812195,0
122,145,4,0.006584472200875097,0
122,145,5,0.006245423244701493,0
122,145,6,-0.0005661872470668975,0
122,145,7,-0.0007518795988279571,0
122,145,8,-0.01252733717083568,0
122,145,9,-0.001690191127675984,0
122,145,10,-0.0005401956854236548,0
122,145,11,0.0001645791848650523,0
122,145,12,-0.001237962600560709,0
122,145,13,0.0003279146056048002,0
122,145,14,0.003384917397498131,0
122,145,15,-0.01755929797617431,0
122,145,16,-0.01065543927239098,0
122,145,17,-0.01171349826288598,0
122,145,18,-0.01496015232482132,0
122,145,19,-0.009169360094967839,0
122,145,20,0.004656708826199475,0
122,145,21,0.01089646170506199,0
122,145,22,0.007899109949904833,0
122,145,23,0.02495479785011255,0
122,145,24,0.02092426125509268,0
122,145,25,0.01445573837078425,0
122,145,26,0.01027232150715233,0
122,145,27,0.0003902013293799751,0
122,145,28,-0.01780049759024741,0
122,145,29,-0.007579975042096198,0
122,145,30,-0.009686106128083296,0
122,145,31,-0.01442544779364452,0
122,145,32,0.001982587540479083,0
122,145,33,0.00506278559926042,0
122,145,34,0.01252869002590741,0
122,145,35,0.003081001489315879,0
122,145,36,-0.007478921519840288,0
122,145,37,-0.0123292573624701,0
122,145,38,0.00788678263093969,0
122,145,39,0.005950888841671865,0
122,145,40,0.005557017243726993,0
122,145,41,0.01343445441323738,0
122,145,42,0.01283646866701949,0
122,145,43,0.01136869700046759,0
122,145,44,-0.0002958993920316686,0
122,145,45,-0.007876092185277545,0
122,145,46,-0.02114984362777485,0
122,145,47,-0.01213480964919328,0
122,145,48,-0.004006170507382101,0
122,145,49,-0.004273471363660881,0
122,145,50,-0.004183943693143659,0
122,145,51,0.01618299306382288,0
122,145,52,0.03321741548415349,0
122,145,53,0.00653820241723194,0
122,145,54,0.01231679362904523,0
122,145,55,0.02068080937147756,0
122,145,56,-0.01297735742910042,0
122,145,57,-0.02308739974543114,0
122,145,58,0.0003987772687512635,0
122,145,59,-0.01069014933844982,0
122,145,60,-0.01414116430089426,0
122,145,61,0.0004873185534773525,0
122,145,62,0.009471972649737268,0
122,145,63,0.01255221132973763,0
122,145,64,-0.0009147969379582951,0
122,145,65,-0.009793941729874314,0
122,145,66,-0.01352397675654196,0
122,145,67,-0.002946553643930251,0
122,145,68,0.002354326915064171,0
122,145,69,0.004031057452287284,0
122,145,70,0.005680058176487052,0
122,145,71,0.01275575812429718,0
122,145,72,0.01987903421138109,0
122,145,73,0.009299372111384797,0
122,145,74,-0.009131355475453032,0
122,145,75,-0.01720899715772072,0
122,145,76,-0.001997605710009022,0
122,145,77,-0.004344030369281594,0
122,145,78,-0.01420929427953515,0
122,145,79,-0.01185578648810184,0
122,145,80,0.01683248265683829,0
122,145,81,0.02437718745149905,0
122,145,82,-0.008839029336407947,0
122,145,83,0.009480542838520945,0
122,145,84,0.02332251264297251,0
122,145,85,-0.01716103403238296,0
122,145,86,-0.0152534792547571,0
122,145,87,0.006559812280442343,0
122,145,88,-0.005200722997093848,0
122,145,89,-0.005232445772140102,0
122,145,90,0.0008828183943838909,0
122,145,91,0.01054332158508907,0
122,145,92,0.009641937189988363,0
122,145,93,0.002071560277444717,0
122,145,94,-0.008493073123001625,0
122,145,95,-0.01160387402224331,0
122,145,96,-0.007831401955414681,0
122,145,97,-0.002577907794733784,0
122,145,98,-0.005630579707438733,0
122,145,99,-0.01139096659969599,0
122,145,100,0.006282319307698494,0
122,145,101,0.01427486722450055,0
122,145,102,0.00527085149134273,0
122,145,103,-0.009923602159591061,0
122,145,104,-0.004634407724257741,0
122,145,105,0.009683416902464053,0
122,145,106,-0.004526264645614314,0
122,145,107,-0.01177350247842972,0
122,145,108,-0.004617760759884048,0
122,145,109,0.01468810670174963,0
122,145,110,0.01037381312569865,0
122,145,111,-0.01232807688378811,0
122,145,112,0.008793585996239358,0
122,145,113,0.01544641835692039,0
122,145,114,-0.01161490982643885,0
122,145,115,-0.005012986167569266,0
122,145,116,0.00035782265191011,0
122,145,117,-0.0019330120662465,0
122,145,118,-0.01437043776922773,0
122,145,119,-0.001270563296566271,0
122,145,120,-0.003004922116674387,0
122,145,121,-0.01030713733665854,0
122,145,122,0.004653150893985102,0
122,145,123,-0.00169423312367477,0
122,145,124,-0.007169732259420319,0
122,145,125,0.004381225450229026,0
122,145,126,0.002060387511137825,0
122,145,127,-0.003304746563754038,0
122,145,128,0.01796188314765963,0
122,145,129,0.002411777518828386,0
122,145,130,0.008491853958715127,0
122,145,131,0.01276039835103679,0
122,145,132,-0.007029665629127528,0
122,145,133,0.006263971108433461,0
122,145,134,-0.004194530214432481,0
122,145,135,0.1020116539201544,0
122,145,136,-0.619497386639519,0
122,145,137,0.3365258865182339,0
122,145,138,0.3341387054618341,0
122,145,139,0.05072233839674557,0
122,145,140,0.4626729779563622,0
122,145,141,0.3870336206808087,0
122,145,142,-0.3822854071205044,0
122,145,143,-0.6646894490823732,0
122,145,144,0.7726476007386185,0
122,145,145,-0.5909528048452006,0
122,145,146,0.3162532617575836,0
122,145,147,-0.04385966820932389,0
122,145,148,-0.6843424293556205,0
122,145,149,0.3402746654308857,0
122,145,150,0.6896068327038797,0
122,145,151,-0.2934130630006417,0
122,145,152,-0.8832584472305003,0
122,145,153,0.7514145048191293,0
122,145,154,-0.6097640114009307,0
122,145,155,0.4113069489214426,0
122,145,156,0.2222545940013338,0
122,145,157,-1,0
122,145,158,0.004512034660308487,0
122,145,159,0.7276237271624195,0
122,145,160,0.05691791429606768,0
122,145,161,-0.6187467405574422,0
122,145,162,0.1723217920080787,0
122,145,163,-0.82628721529024,0
122,145,164,0.07408188489549848,0
122,145,165,0.6211003020745567,0
122,145,166,-0.3915982209677733,0
122,145,167,-0.06234364862043372,0
122,145,168,0.4742957776131147,0
122,145,169,0.2189883377793447,0
122,145,170,-0.2329685181142305,0
123,144,0,0.003493811107653901,0
123,144,1,0.002228518751166699,0
123,144,2,0.002850232258979513,0
123,144,3,-0.005315903328843779,0
123,144,4,-0.00361600638067516,0
123,144,5,-0.008116415183020543,0
123,144,6,-0.003586037647015362,0
123,144,7,-0.002367137933542702,0
123,144,8,0.001581662733531819,0
123,144,9,0.01179332245615027,0
123,144,10,0.00807171390884885,0
123,144,11,0.01420858691629928,0
123,144,12,0.007190727213434091,0
123,144,13,0.005276729469326127,0
123,144,14,-0.003166630987395472,0
123,144,15,-0.02288006114216901,0
123,144,16,-0.0149987047089524,0
123,144,17,-0.02614913917899096,0
123,144,18,-0.0356068070967669,0
123,144,19,-0.02368886609761728,0
123,144,20,-0.01107156604940997,0
123,144,21,-0.02773300362658705,0
123,144,22,-0.01848680291645189,0
123,144,23,0.007274103131024064,0
123,144,24,-0.01306518115227956,0
123,144,25,-0.008700505199772753,0
123,144,26,0.01331109254177849,0
123,144,27,3.067990459949832e-05,0
123,144,28,0.01183993912981139,0
123,144,29,0.0027167176970342,0
123,144,30,0.003851908024515773,0
123,144,31,0.005089056153306461,0
123,144,32,0.00652467795283807,0
123,144,33,-0.001729363629919616,0
123,144,34,-0.004852048443117452,0
123,144,35,-0.002905522771883491,0
123,144,36,-0.0007960197371704639,0
123,144,37,-0.007002351160876335,0
123,144,38,-0.008704481191584823,0
123,144,39,0.004731363101071549,0
123,144,40,0.008921200572678529,0
123,144,41,-0.003508837870262276,0
123,144,42,-0.004745747623038432,0
123,144,43,0.001300018921979535,0
123,144,44,0.0031660881655397,0
123,144,45,-0.01730142493501993,0
123,144,46,-0.02031592815271848,0
123,144,47,0.009141738465397571,0
123,144,48,-0.002082934713317099,0
123,144,49,-0.005680549049085212,0
123,144,50,0.01393975683004977,0
123,144,51,0.01475829476484353,0
123,144,52,0.01163803683562895,0
123,144,53,0.01045464023327424,0
123,144,54,0.01690804846909119,0
123,144,55,0.01021747444033085,0
123,144,56,0.0088175491492644,0
123,144,57,0.002468264799990877,0
123,144,58,-0.009400813443826143,0
123,144,59,-0.002531572221628142,0
123,144,60,-0.003403133138520779,0
123,144,61,0.004310772470633634,0
123,144,62,-0.0007558038497564266,0
123,144,63,0.007433086393612621,0
123,144,64,0.008436460764174841,0
123,144,65,0.0003808206974158657,0
123,144,66,-0.003412090964854961,0
123,144,67,-0.007024916133023087,0
123,144,68,0.001794394477231193,0
123,144,69,-0.005304311532126889,0
123,144,70,-0.0076536490060291,0
123,144,71,-0.004524535942014571,0
123,144,72,-9.121387629510055e-05,0
123,144,73,0.01712029323579015,0
123,144,74,-0.003859359016231827,0
123,144,75,0.0012237649056262,0
123,144,76,0.03618770851547591,0
123,144,77,0.0199229285049717,0
123,144,78,0.01124029854589999,0
123,144,79,0.04017644331692755,0
123,144,80,0.03550811339992311,0
123,144,81,0.01514729676911609,0
123,144,82,0.02664269661280842,0
123,144,83,0.02541082648375241,0
123,144,84,-0.001996088932140866,0
123,144,85,0.001830603600444784,0
123,144,86,-0.02153078037872915,0
123,144,87,-0.008113888185954444,0
123,144,88,-0.007904725294569349,0
123,144,89,-0.01052661318979323,0
123,144,90,-0.006643316192917246,0
123,144,91,0.001110948999651777,0
123,144,92,0.008879899322247602,0
123,144,93,0.004333980327094237,0
123,144,94,0.0003551028209652061,0
123,144,95,0.006492630671768064,0
123,144,96,0.003903352346139936,0
123,144,97,-0.001390720242435049,0
123,144,98,-0.005790634222805937,0
123,144,99,0.0007434996327968489,0
123,144,100,0.0003199298254199215,0
123,144,101,-0.00313507932898093,0
123,144,102,0.008267903152624269,0
123,144,103,0.006333705625251989,0
123,144,104,0.007799186421530468,0
123,144,105,0.01278069158086423,0
123,144,106,0.0168477280609257,0
123,144,107,0.01515957246657597,0
123,144,108,0.01020341816827361,0
123,144,109,0.01805075428757369,0
123,144,110,0.01273147618682209,0
123,144,111,0.006028612243056966,0
123,144,112,0.002524753736670512,0
123,144,113,-0.005826406173536911,0
123,144,114,-0.01602510765443368,0
123,144,115,-0.02702036083364998,0
123,144,116,0.0113351458223845,0
123,144,117,-0.0001277740819323203,0
123,144,118,0.001176068177271868,0
123,144,119,0.007475322935362038,0
123,144,120,-0.006236008464505238,0
123,144,121,0.0007114479400003824,0
123,144,122,3.417073938825514e-05,0
123,144,123,-0.004230381662136086,0
123,144,124,0.003176445242912809,0
123,144,125,-8.40803113103676e-05,0
123,144,126,-0.005765696259153347,0
123,144,127,0.001987945758122052,0
123,144,128,-0.02261155387234632,0
123,144,129,-0.003872113914654035,0
123,144,130,-0.03668165215770799,0
123,144,131,-0.0151043895502741,0
123,144,132,-0.03011581303073582,0
123,144,133,-0.0245080818854201,0
123,144,134,-0.02011462749831634,0
123,144,135,-0.223306910903981,0
123,144,136,0.3775733006869645,0
123,144,137,0.2742831456107294,0
123,144,138,-0.7307389697732783,0
123,144,139,-0.3504249590673228,0
123,144,140,0.5728691145354414,0
123,144,141,0.9530031682127812,0
123,144,142,0.7494609100562417,0
123,144,143,0.3538229096815014,0
123,144,144,-0.4007027200259236,0
123,144,145,-0.05287492305021022,0
123,144,146,0.4716990777269022,0
123,144,147,-0.1623181827348211,0
123,144,148,-0.1818001763450467,0
123,144,149,0.5037412168927244,0
123,144,150,0.7063023925607229,0
123,144,151,0.3685128514293813,0
123,144,152,0.06781669227159345,0
123,144,153,0.2272815813115912,0
123,144,154,-0.3481835594624177,0
123,144,155,-0.1120848623125438,0
123,144,156,0.2576483300362031,0
123,144,157,0.1896426316521385,0
123,144,158,0.08611465210184698,0
123,144,159,-0.2662975033893738,0
123,144,160,-0.7237407650145206,0
123,144,161,-0.6583311900406799,0
123,144,162,0.7657374782325611,0
123,144,163,0.08739570579463657,0
123,144,164,-0.4147096579152363,0
123,144,165,-0.01378580796096198,0
123,144,166,0.1565359937616674,0
123,144,167,-0.1335871816572221,0
123,144,168,-0.6105723963855472,0
123,144,169,-1,0
123,144,170,-0.8220306741693735,0
124,143,0,0.01274385911706796,0
124,143,1,0.008417942521810414,0
124,143,2,0.01118323219292467,0
124,143,3,0.01598813322782345,0
124,143,4,0.01062396407172742,0
124,143,5,0.002712757573401115,0
124,143,6,0.01296803007435941,0
124,143,7,0.008666726254495298,0
124,143,8,-0.002777057889116239,0
124,143,9,0.01079089354530356,0
124,143,10,0.007315094345017625,0
124,143,11,-0.001790021415645804,0
124,143,12,0.00832880471077968,0
124,143,13,0.005930883147782084,0
124,143,14,-0.001555529843473614,0
124,143,15,0.004098626064806321,0
124,143,16,0.00295289056371561,0
124,143,17,-0.003161486601208153,0
124,143,18,0.003637047358649394,0
124,143,19,0.002510112825498556,0
124,143,20,-0.0001884591281058901,0
124,143,21,0.004760992828780983,0
124,143,22,0.003223459304147331,0
124,143,23,0.00112143432188531,0
124,143,24,0.003742941626112468,0
124,143,25,0.00252788802244468,0
124,143,26,-0.0008497527021697879,0
124,143,27,1.868495113481328e-05,0
124,143,28,-0.003319155148914572,0
124,143,29,-0.0152551086569736,0
124,143,30,-0.001968053239047544,0
124,143,31,-0.002727163233309854,0
124,143,32,-0.02337158039277317,0
124,143,33,-0.01367427252494434,0
124,143,34,-0.004732183985271492,0
124,143,35,-0.02397289956301595,0
124,143,36,-0.01813625970312197,0
124,143,37,-0.003406558798079765,0
124,143,38,-0.01912899352931752,0
124,143,39,-0.01419278827088034,0
124,143,40,0.002432252302776172,0
124,143,41,-0.01276726304105607,0
124,143,42,-0.01002866338450556,0
124,143,43,0.003490735779762073,0
124,143,44,-0.007192162306756067,0
124,143,45,-0.007278218003460404,0
124,143,46,0.001214506494306146,0
124,143,47,-0.004298835438796416,0
124,143,48,-0.003017183776043591,0
124,143,49,0.002340166008316316,0
124,143,50,-0.001517463079993594,0
124,143,51,-0.0001667301110584983,0
124,143,52,0.003647278062605168,0
124,143,53,0.0002479247433123965,0
124,143,54,-0.0004528353320974148,0
124,143,55,0.0007676333372755439,0
124,143,56,-0.002456635846380041,0
124,143,57,-0.003519019222855246,0
124,143,58,-0.002080657546909475,0
124,143,59,-0.003431467436023889,0
124,143,60,-0.00460211312369232,0
124,143,61,-0.002117540259279395,0
124,143,62,-0.00494128352192692,0
124,143,63,-0.004762287884983848,0
124,143,64,0.001777201367130027,0
124,143,65,-0.001341206755972466,0
124,143,66,0.0001177331038905646,0
124,143,67,0.002442269225661404,0
124,143,68,0.003446584410687999,0
124,143,69,0.00307229266750901,0
124,143,70,-0.001462437219154007,0
124,143,71,0.001562734175426184,0
124,143,72,2.645941880890905e-06,0
124,143,73,-0.004027338853947886,0
124,143,74,-0.001827931506675255,0
124,143,75,-0.001091243351626081,0
124,143,76,-0.005248678141727698,0
124,143,77,-0.001771570011373596,0
124,143,78,0.001258182615460688,0
124,143,79,-0.004810902652898798,0
124,143,80,-0.0005054597837866592,0
124,143,81,0.004044746245448908,0
124,143,82,-0.002709256338236225,0
124,143,83,-0.001242826223836163,0
124,143,84,0.002651391457755625,0
124,143,85,-0.002618421532032296,0
124,143,86,-0.001094044520308081,0
124,143,87,0.009800392740614101,0
124,143,88,0.003188574603836514,0
124,143,89,0.004388787573997536,0
124,143,90,0.01929826175711469,0
124,143,91,0.009412742518444511,0
124,143,92,0.003923004444806314,0
124,143,93,0.02513649423512417,0
124,143,94,0.01694500415832144,0
124,143,95,0.0054808950187552,0
124,143,96,0.02397902023657953,0
124,143,97,0.01843916823049584,0
124,143,98,0.002242371779985406,0
124,143,99,0.01719919431201433,0
124,143,100,0.01202320792717722,0
124,143,101,-0.00515480942282904,0
124,143,102,0.007193921932153919,0
124,143,103,0.004223321274781272,0
124,143,104,-0.009200917189022186,0
124,143,105,0.001892971961852245,0
124,143,106,0.002232623361248315,0
124,143,107,-0.003379110296414288,0
124,143,108,-0.001245785549758519,0
124,143,109,0.002165329736337572,0
124,143,110,0.001202165951967443,0
124,143,111,-0.001844471180537323,0
124,143,112,0.000721275659924844,0
124,143,113,0.00206608783040726,0
124,143,114,-0.0008303372696022774,0
124,143,115,0.0005144582529390186,0
124,143,116,-0.005173155900669922,0
124,143,117,-0.0001051793336795749,0
124,143,118,-0.009740870406778224,0
124,143,119,-0.003540144203237634,0
124,143,120,-0.01586643818420054,0
124,143,121,-0.006540183590971228,0
124,143,122,-0.0180893078735648,0
124,143,123,-0.01054013416541514,0
124,143,124,-0.0113714714627362,0
124,143,125,-0.0118049791664366,0
124,143,126,-0.0002032883836880696,0
124,143,127,-0.007143958906560191,0
124,143,128,0.003860454020870991,0
124,143,129,2.075976656711977e-06,0
124,143,130,0.002673600684261679,0
124,143,131,0.002641633868302132,0
124,143,132,0.0004813672512552922,0
124,143,133,0.001826238575351494,0
124,143,134,0.0003535174329799909,0
124,143,135,-0.7368967735827737,0
124,143,136,-0.9203271908484899,0
124,143,137,-0.7374330320138368,0
124,143,138,-0.5891811188194015,0
124,143,139,-0.3470430959424765,0
124,143,140,-0.1322431712865695,0
124,143,141,-0.09629989173520563,0
124,143,142,-0.1168856766821393,0
124,143,143,-0.09045124807346062,0
124,143,144,0.1575455746441126,0
124,143,145,0.4489598868157095,0
124,143,146,0.6584342811729744,0
124,143,147,0.4821958959302203,0
124,143,148,0.1832435749476788,0
124,143,149,0.08487812867136574,0
124,143,150,0.01374310857205909,0
124,143,151,-0.08044955588882147,0
124,143,152,-0.09685016769358061,0
124,143,153,0.2797914902421731,0
124,143,154,0.5742107326496914,0
124,143,155,0.5569753257440846,0
124,143,156,0.3396987950805185,0
124,143,157,0.2422864199794467,0
124,143,158,0.1818248341769873,0
124,143,159,0.1373238430332649,0
124,143,160,0.0329350869996119,0
124,143,161,-0.03295348423068746,0
124,143,162,-0.2951115060154275,0
124,143,163,-0.5550152576288073,0
124,143,164,-0.9023824392600419,0
124,143,165,-1,0
124,143,166,-0.4732115161331776,0
124,143,167,-0.05161847203458125,0
124,143,168,0.07990911918611128,0
124,143,169,0.06017344624554027,0
124,143,170,0.01046207243126181,0
125,142,0,0.00972898778507345,0
125,142,1,0.006191821437249133,0
125,142,2,0.007902843372052864,0
125,142,3,-0.005861855337393269,0
125,142,4,-0.004106473478459852,0
125,142,5,-0.01459657241903079,0
125,142,6,-0.01247485617174885,0
125,142,7,-0.008291778912289315,0
125,142,8,-0.005956425994584335,0
125,142,9,0.005322315645774262,0
125,142,10,0.003981072280831189,0
125,142,11,0.01686430975108381,0
125,142,12,0.01547197877665937,0
125,142,13,0.01140843976861722,0
125,142,14,0.01137351235624153,0
125,142,15,0.01751848707365221,0
125,142,16,0.01243078009997517,0
125,142,17,0.003947846776809337,0
125,142,18,0.02541499667093736,0
125,142,19,0.01732122292584964,0
125,142,20,0.008035063778138915,0
125,142,21,0.03432905169200655,0
125,142,22,0.02313338790987424,0
125,142,23,0.00850198312689065,0
125,142,24,0.02616510842734338,0
125,142,25,0.01760925852854281,0
125,142,26,-0.007055113243051764,0
125,142,27,8.34036201176037e-05,0
125,142,28,-0.02332774934199569,0
125,142,29,0.00346330542742594,0
125,142,30,0.00795284412057275,0
125,142,31,0.0104381545701256,0
125,142,32,0.00824629719412677,0
125,142,33,-0.005504278936633562,0
125,142,34,-0.010743557584501,0
125,142,35,0.005567843626830624,0
125,142,36,-0.0007725489763570171,0
125,142,37,-0.008609837260972831,0
125,142,38,-0.0007835064745726742,0
125,142,39,0.01202120487929859,0
125,142,40,0.0110488601691456,0
125,142,41,-0.007250215486150123,0
125,142,42,0.0035626006694795,0
125,142,43,0.005232741342666254,0
125,142,44,-0.01966386166471814,0
125,142,45,-0.01013787059480554,0
125,142,46,-0.007473072165265167,0
125,142,47,-0.0190309932197747,0
125,142,48,-0.006662920496020852,0
125,142,49,0.008709145303612191,0
125,142,50,-0.007020628939881032,0
125,142,51,0.001698706086082102,0
125,142,52,0.01945860865624096,0
125,142,53,0.002386018475835981,0
125,142,54,-0.003590727447687523,0
125,142,55,0.00153695827716914,0
125,142,56,-0.01729151213598253,0
125,142,57,-0.0253678403532049,0
125,142,58,-0.01340120453449488,0
125,142,59,-0.001271676540966644,0
125,142,60,-0.001695018830253626,0
125,142,61,-0.001304910037472027,0
125,142,62,-0.008937766711535657,0
125,142,63,1.958206771414078e-05,0
125,142,64,0.01171058522519414,0
125,142,65,0.001307406707534979,0
125,142,66,0.002838824664976422,0
125,142,67,0.001962067062834826,0
125,142,68,0.009239849601287825,0
125,142,69,0.001618680948687983,0
125,142,70,-0.01481959459193056,0
125,142,71,-0.00677050733444967,0
125,142,72,-0.01157598029287481,0
125,142,73,-0.03484401876081976,0
125,142,74,-0.02929398171950362,0
125,142,75,-0.02705328319029703,0
125,142,76,-0.0424912810349866,0
125,142,77,-0.02207985598916856,0
125,142,78,0.001321881527098829,0
125,142,79,-0.03692465768003558,0
125,142,80,-0.01027586291294312,0
125,142,81,0.02429510706872255,0
125,142,82,-0.02026611926494371,0
125,142,83,-0.01242865215749089,0
125,142,84,0.0164545275497712,0
125,142,85,-0.01886441294021141,0
125,142,86,-0.007177896626301868,0
125,142,87,-0.01014521382274837,0
125,142,88,-0.007893505869553227,0
125,142,89,-0.01031037234532713,0
125,142,90,-0.009056142745880453,0
125,142,91,-0.005952881174821335,0
125,142,92,0.001358805967255945,0
125,142,93,-0.001106413741272264,0
125,142,94,0.001355987408260353,0
125,142,95,0.01007693338835928,0
125,142,96,-3.049263182406944e-05,0
125,142,97,0.001022742559203445,0
125,142,98,0.002308566552813464,0
125,142,99,-0.001612797121071938,0
125,142,100,-0.01003646953622693,0
125,142,101,-0.01368504097520746,0
125,142,102,-0.001346468181219296,0
125,142,103,-0.02130160090344177,0
125,142,104,-0.02748580562707693,0
125,142,105,-0.007472410585063292,0
125,142,106,-0.00416539004699054,0
125,142,107,-0.004593688995175926,0
125,142,108,-0.01626808121627499,0
125,142,109,0.007086202341034474,0
125,142,110,0.01611633077257765,0
125,142,111,-0.01496164587442051,0
125,142,112,0.002155884580224267,0
125,142,113,0.01743128818770926,0
125,142,114,-0.005393404090432417,0
125,142,115,0.0061130044321757,0
125,142,116,0.01044003770656147,0
125,142,117,-0.0003595785141954647,0
125,142,118,0.008122779208110727,0
125,142,119,0.006685986578660782,0
125,142,120,-0.00357594373597223,0
125,142,121,0.00523873964249543,0
125,142,122,-0.006463496628084848,0
125,142,123,-0.002514044081419268,0
125,142,124,0.008071537750530006,0
125,142,125,-0.004532061087628016,0
125,142,126,0.03808982486093897,0
125,142,127,0.005114955782556034,0
125,142,128,0.04328901721723447,0
125,142,129,0.02548116819450879,0
125,142,130,0.02562932089284687,0
125,142,131,0.02903559881275331,0
125,142,132,0.006529048730310484,0
125,142,133,0.01723566810869057,0
125,142,134,0.004457879201810758,0
125,142,135,-0.5213127798421155,0
125,142,136,0.3761841565599704,0
125,142,137,0.7710154659819172,0
125,142,138,-0.1842453620789413,0
125,142,139,-0.6319097374000228,0
125,142,140,-0.4962856673981039,0
125,142,141,-0.6174604112371034,0
125,142,142,-0.7997742374006968,0
125,142,143,-0.6037838625220863,0
125,142,144,-0.7039751054483658,0
125,142,145,-0.06852288812085473,0
125,142,146,0.4704612856292587,0
125,142,147,-0.1601569243487896,0
125,142,148,-0.3407862746417238,0
125,142,149,-0.01993487903660166,0
125,142,150,-0.1797806992966076,0
125,142,151,-0.6413899543628891,0
125,142,152,-0.6599979199977993,0
125,142,153,0.04462376767265179,0
125,142,154,-0.006479383778690707,0
125,142,155,-0.2189449799836634,0
125,142,156,-0.3573634236576342,0
125,142,157,0.2626873553308431,0
125,142,158,0.8612275003303539,0
125,142,159,0.8177150868220419,0
125,142,160,0.210112166351694,0
125,142,161,-0.1949865791027766,0
125,142,162,0.6014853215493479,0
125,142,163,0.4790309059048944,0
125,142,164,-0.1867709736583857,0
125,142,165,-0.3888451713349585,0
125,142,166,0.3312789969555998,0
125,142,167,0.91485130298248,0
125,142,168,1,0
125,142,169,0.5870112910946241,0
125,142,170,0.1488205378084457,0
126,141,0,-0.00115898106837714,0
126,141,1,-0.001501967042902583,0
126,141,2,-0.002989577129119621,0
126,141,3,0.005455467643719025,0
126,141,4,0.003184485228064215,0
126,141,5,0.004588074382650686,0
126,141,6,-0.002063299559426187,0
126,141,7,-0.001401126744337152,0
126,141,8,-0.007061153496580906,0
126,141,9,-0.001498024581970248,0
126,141,10,-0.0004359531661641401,0
126,141,11,0.001644556894768554,0
126,141,12,0.01640856340386496,0
126,141,13,0.01234067451973211,0
126,141,14,0.01910461714513453,0
126,141,15,0.03409817887232529,0
126,141,16,0.02378989809499131,0
126,141,17,0.01876899785816505,0
126,141,18,0.01533599903761232,0
126,141,19,0.01076902679338707,0
126,141,20,-0.01542878581993332,0
126,141,21,-0.01475221180006919,0
126,141,22,-0.009565972540859743,0
126,141,23,-0.02622833577051854,0
126,141,24,-0.0207553799840999,0
126,141,25,-0.0136793623455344,0
126,141,26,-0.004839120353808593,0
126,141,27,0.0001677133323484979,0
126,141,28,0.01912356405402369,0
126,141,29,-0.005153374085689269,0
126,141,30,-0.006191840909447786,0
126,141,31,-0.008892996504585754,0
126,141,32,0.005897623167048608,0
126,141,33,0.006988181554384113,0
126,141,34,0.01357864644893836,0
126,141,35,0.00507933575682047,0
126,141,36,-0.001972555948846802,0
126,141,37,-0.008218664579226549,0
126,141,38,-0.008460229024863415,0
126,141,39,-0.004317402244526383,0
126,141,40,-0.0104349567476686,0
126,141,41,-0.005577084598324028,0
126,141,42,0.01068020154608832,0
126,141,43,0.02193726114092473,0
126,141,44,0.008790924437656654,0
126,141,45,0.02012135376022503,0
126,141,46,0.0320012760354716,0
126,141,47,0.004526625340529491,0
126,141,48,-0.008207160891967883,0
126,141,49,-0.01880943071211345,0
126,141,50,-0.01094477654195204,0
126,141,51,-0.02664864740108768,0
126,141,52,-0.03977165928661417,0
126,141,53,-0.01507335545825554,0
126,141,54,-0.01355732066497111,0
126,141,55,-0.008266930638907273,0
126,141,56,0.01431669280559365,0
126,141,57,0.03292468876720284,0
126,141,58,-0.007505279605491392,0
126,141,59,-0.0117480338307952,0
126,141,60,-0.0157389625086149,0
126,141,61,-0.0004116684914387475,0
126,141,62,0.009700013495368136,0
126,141,63,0.01982180675779827,0
126,141,64,0.009602647930986644,0
126,141,65,0.0001782755145318715,0
126,141,66,0.0005304968344185238,0
126,141,67,-0.001431089095442606,0
126,141,68,-0.008972069062368375,0
126,141,69,-0.02098924703081395,0
126,141,70,-0.01420203940205581,0
126,141,71,0.006128983677026093,0
126,141,72,0.00881755165262125,0
126,141,73,-0.0151256903118386,0
126,141,74,0.01329229599157062,0
126,141,75,0.02968434867698716,0
126,141,76,-0.008248470823955844,0
126,141,77,-0.01959866508335755,0
126,141,78,-0.01310027435247188,0
126,141,79,-0.003931100220239402,0
126,141,80,-0.03221671459356282,0
126,141,81,-0.03606127076264802,0
126,141,82,-0.003039426545992154,0
126,141,83,-0.008188146663224235,0
126,141,84,-0.007558652590168327,0
126,141,85,0.02446340677852187,0
126,141,86,0.03558272842871479,0
126,141,87,0.000324246876646662,0
126,141,88,-0.01113029732871258,0
126,141,89,-0.01428489268076354,0
126,141,90,-0.007261071326761599,0
126,141,91,0.01010050455271085,0
126,141,92,0.01382738692136443,0
126,141,93,0.0003886198509891678,0
126,141,94,0.0006768732770595962,0
126,141,95,0.00768136334016595,0
126,141,96,0.007251780725350351,0
126,141,97,-0.01098270252948804,0
126,141,98,-0.01525038266045044,0
126,141,99,-0.003570982962618995,0
126,141,100,0.003630868261147091,0
126,141,101,-0.002105310330536036,0
126,141,102,-0.01801054371584326,0
126,141,103,0.009581386297126977,0
126,141,104,0.01551375956272924,0
126,141,105,-0.008662582701338727,0
126,141,106,-0.01577830255484184,0
126,141,107,-0.005419231142934394,0
126,141,108,0.009257750631334386,0
126,141,109,-0.02077508641575044,0
126,141,110,-0.02044072344626893,0
126,141,111,0.01289894899728916,0
126,141,112,0.00288073319942397,0
126,141,113,-0.00468347664914018,0
126,141,114,0.02633022373307629,0
126,141,115,0.02361402496691801,0
126,141,116,0.01367790403679436,0
126,141,117,-0.0007769935066880666,0
126,141,118,-0.003363677343814648,0
126,141,119,0.008525006072621185,0
126,141,120,-0.01274130342158507,0
126,141,121,-0.002598413133610708,0
126,141,122,0.004159066535258022,0
126,141,123,-0.008584928908400891,0
126,141,124,0.006651874656512758,0
126,141,125,0.002832509248905163,0
126,141,126,-0.01026784312369372,0
126,141,127,0.00447096708956795,0
126,141,128,-0.00356000175969344,0
126,141,129,-0.006652573858885302,0
126,141,130,0.01983669288431098,0
126,141,131,-0.002146822032415777,0
126,141,132,0.02566039090833274,0
126,141,133,0.01348550087715512,0
126,141,134,0.01736537790859275,0
126,141,135,0.1060851211040837,0
126,141,136,-0.1987349993473448,0
126,141,137,0.2179676569942981,0
126,141,138,0.2194543310997175,0
126,141,139,-0.6208302234427129,0
126,141,140,-0.8243902006085403,0
126,141,141,-0.3695234562316895,0
126,141,142,0.2892754358051289,0
126,141,143,0.4286200197015168,0
126,141,144,0.3988055989630012,0
126,141,145,-0.4616602531188254,0
126,141,146,-0.004134056876525427,0
126,141,147,0.6666538829106641,0
126,141,148,-0.4160154463975644,0
126,141,149,-1,0
126,141,150,-0.4716199943664222,0
126,141,151,0.5126757575379954,0
126,141,152,0.7423278973205193,0
126,141,153,0.7856718465007577,0
126,141,154,-0.448573423489302,0
126,141,155,-0.5290807360649249,0
126,141,156,0.6633047757311902,0
126,141,157,0.1172481481148269,0
126,141,158,-0.6063265173292662,0
126,141,159,-0.2752488002968637,0
126,141,160,0.6013261653948211,0
126,141,161,0.8074473695633014,0
126,141,162,0.7445967285866054,0
126,141,163,-0.1155898063350258,0
126,141,164,-0.6036485395443016,0
126,141,165,0.2301236156267132,0
126,141,166,0.2527921262730577,0
126,141,167,-0.1924980485110002,0
126,141,168,-0.0755799349889901,0
126,141,169,0.4139140618050308,0
126,141,170,0.5384016939481053,0
127,140,0,0.02928081444315501,0
127,140,1,0.01689361454620484,0
127,140,2,0.01918887976782191,0
127,140,3,0.01931437356640266,0
127,140,4,0.01102281103614628,0
127,140,5,-0.01432721730668234,0
127,140,6,-0.008323332363298193,0
127,140,7,-0.006261618190303845,0
127,140,8,-0.02718653954018772,0
127,140,9,-0.01882563512997456,0
127,140,10,-0.01218268058944998,0
127,140,11,-0.008678887603442471,0
127,140,12,-0.01527028450264071,0
127,140,13,-0.009550616973371433,0
127,140,14,0.005326837630815659,0
127,140,15,-0.01211048909386652,0
127,140,16,-0.007192993024477689,0
127,140,17,0.005155703388316399,0
127,140,18,-0.02081995694494988,0
127,140,19,-0.01298813428153373,0
127,140,20,-0.00529233176088276,0
127,140,21,-0.02728393203764609,0
127,140,22,-0.01749365619266948,0
127,140,23,-0.003740076756103189,0
127,140,24,-0.01948821356546275,0
127,140,25,-0.01244240255319125,0
127,140,26,0.008629615473835457,0
127,140,27,0.0005137482200569376,0
127,140,28,0.0188969144138272,0
127,140,29,-0.0004623997788665775,0
127,140,30,0.01212203036683598,0
127,140,31,0.01438271141156207,0
127,140,32,0.001676929090062024,0
127,140,33,-0.01078297060606601,0
127,140,34,-0.01559814590562385,0
127,140,35,0.005528092927576328,0
127,140,36,-0.01681438597860391,0
127,140,37,-0.02472820219414226,0
127,140,38,0.01405046523290874,0
127,140,39,0.003728566466464563,0
127,140,40,0.0006672101968398352,0
127,140,41,0.01611795367928952,0
127,140,42,0.0165069854455128,0
127,140,43,0.01159093289928112,0
127,140,44,0.01261318087556572,0
127,140,45,0.01363492236774251,0
127,140,46,0.006230040571211158,0
127,140,47,0.001094502151025162,0
127,140,48,-0.002315089874312429,0
127,140,49,-0.01316706739517184,0
127,140,50,-0.009173341975837808,0
127,140,51,-0.008326125660813949,0
127,140,52,-0.0114195651900459,0
127,140,53,-0.009628476594325095,0
127,140,54,0.0003895401294657377,0
127,140,55,0.009265370796960463,0
127,140,56,0.01438732016574652,0
127,140,57,0.02837307540838576,0
127,140,58,-0.02335252759247172,0
127,140,59,-0.00522232832242477,0
127,140,60,-0.006648856694271645,0
127,140,61,-0.02156027882176651,0
127,140,62,-0.02617143060613356,0
127,140,63,-0.01388331315091875,0
127,140,64,0.001558344402696506,0
127,140,65,-0.01716902380236222,0
127,140,66,-0.003383685829800776,0
127,140,67,0.02554466873231179,0
127,140,68,0.01834578154337089,0
127,140,69,0.02380617796275993,0
127,140,70,0.03211879178660656,0
127,140,71,0.03203802247680188,0
127,140,72,0.02142787307748702,0
127,140,73,0.02624163251207622,0
127,140,74,0.02340537512998708,0
127,140,75,0.004505236545351446,0
127,140,76,0.01820724694532954,0
127,140,77,0.002860782454398732,0
127,140,78,-0.01922354543659885,0
127,140,79,0.01037914194752335,0
127,140,80,-0.001367779842773678,0
127,140,81,-0.01814325934614271,0
127,140,82,0.00388059896384609,0
127,140,83,0.009536440583652855,0
127,140,84,0.003404242008378528,0
127,140,85,0.02109812485152486,0
127,140,86,0.02474558796277666,0
127,140,87,-0.01308358956415267,0
127,140,88,-0.01239143350856251,0
127,140,89,-0.01420534553482055,0
127,140,90,-0.01319415170144098,0
127,140,91,-0.01823700123006517,0
127,140,92,-0.0108493183200768,0
127,140,93,-0.004249048098748133,0
127,140,94,-0.005007692090735929,0
127,140,95,0.006034129745217654,0
127,140,96,0.0002345411506032715,0
127,140,97,0.01768905320544859,0
127,140,98,0.02731262122608824,0
127,140,99,0.002334784087143064,0
127,140,100,0.01718834329667583,0
127,140,101,0.02154571648616542,0
127,140,102,0.003278775230015377,0
127,140,103,0.005180623909620502,0
127,140,104,0.003472577746309973,0
127,140,105,0.01013819445585086,0
127,140,106,-0.007950793189632399,0
127,140,107,-0.01474352270914434,0
127,140,108,0.01536474940745904,0
127,140,109,-0.00362540889442098,0
127,140,110,-0.01486550010495012,0
127,140,111,0.01155466023607108,0
127,140,112,0.009872638754576675,0
127,140,113,-0.001267543302662452,0
127,140,114,0.01802061915599607,0
127,140,115,0.01319161350508874,0
127,140,116,0.00825921268713478,0
127,140,117,-0.002666234658699939,0
127,140,118,0.01487108733159768,0
127,140,119,0.00346933983260109,0
127,140,120,0.006426112764903298,0
127,140,121,0.009101586797331421,0
127,140,122,-0.02090887545011201,0
127,140,123,0.005064867862633378,0
127,140,124,-0.03627917472436426,0
127,140,125,-0.01131674759161169,0
127,140,126,-0.03177188814133451,0
127,140,127,-0.02093943950160923,0
127,140,128,-0.01068802071123606,0
127,140,129,-0.01945084187365626,0
127,140,130,0.008898926647225002,0
127,140,131,-0.006013082352715463,0
127,140,132,0.01263109305043762,0
127,140,133,0.006787009724787583,0
127,140,134,0.009157288579416145,0
127,140,135,-1,0
127,140,136,-0.5531715693811057,0
127,140,137,0.4924505054022201,0
127,140,138,0.7915802812625097,0
127,140,139,0.411492248922729,0
127,140,140,0.1968967390500942,0
127,140,141,0.2926818142626031,0
127,140,142,0.3925992202446765,0
127,140,143,0.2846880983926681,0
127,140,144,-0.9103414229689694,0
127,140,145,-0.4887241847114582,0
127,140,146,0.4381765211528572,0
127,140,147,0.4172237529273865,0
127,140,148,-0.03645883359039265,0
127,140,149,-0.09256152722809038,0
127,140,150,0.2239526378643727,0
127,140,151,0.5043284107527665,0
127,140,152,0.4190461519202853,0
127,140,153,-0.01787019222450318,0
127,140,154,0.3521825049486113,0
127,140,155,0.4361851336015117,0
127,140,156,-0.4172451716181608,0
127,140,157,-0.9215184634539464,0
127,140,158,-0.6268393511868209,0
127,140,159,-0.1030026306077651,0
127,140,160,0.326025121993402,0
127,140,161,0.3522046782535304,0
127,140,162,0.4173870029674295,0
127,140,163,0.7507996085047263,0
127,140,164,0.486750834496786,0
127,140,165,-0.503117988446755,0
127,140,166,-0.9901496604279888,0
127,140,167,-0.667956266735108,0
127,140,168,-0.2445719570831995,0
127,140,169,0.09979320454599966,0
127,140,170,0.1792713601442178,0
128,139,0,-0.006060505359881866,0
128,139,1,0.000453929337086928,0
128,139,2,0.006577973463999081,0
128,139,3,0.0039930969330888,0
128,139,4,0.005700425086094767,0
128,139,5,0.0177628702675069,0
128,139,6,-0.0004774860930066316,0
128,139,7,0.000322398053963228,0
128,139,8,-0.001183790247824834,0
128,139,9,-0.02692149291642157,0
128,139,10,-0.02010565263675739,0
128,139,11,-0.02797562837899227,0
128,139,12,-0.03437153408680392,0
128,139,13,-0.02769125202721032,0
128,139,14,-0.01764574175128864,0
128,139,15,-0.0140910565705876,0
128,139,16,-0.01319087803101596,0
128,139,17,0.007599544254298669,0
128,139,18,0.01790982644863776,0
128,139,19,0.009613919717123961,0
128,139,20,0.0221538023720938,0
128,139,21,0.03648975337241755,0
128,139,22,0.02283560291517429,0
128,139,23,0.01234011329184752,0
128,139,24,0.02787530965267006,0
128,139,25,0.01751335154195716,0
128,139,26,-0.01085233845313091,0
128,139,27,-0.000949757184385045,0
128,139,28,-0.02759924990401658,0
128,139,29,-0.01667951754406569,0
128,139,30,-0.003114050449357978,0
128,139,31,-0.0008289073258607408,0
128,139,32,-0.008864519457133724,0
128,139,33,0.009463995192959328,0
128,139,34,0.03043973560986065,0
128,139,35,0.006016877961201514,0
128,139,36,0.00377066928379256,0
128,139,37,0.01435098707167917,0
128,139,38,0.002949057794305414,0
128,139,39,-0.01989941677922597,0
128,139,40,-0.0325579944457533,0
128,139,41,-0.005343984582663909,0
128,139,42,-0.01908651622379748,0
128,139,43,-0.03002634817865167,0
128,139,44,-0.002053514698686018,0
128,139,45,0.002121649800711436,0
128,139,46,0.005609135450307595,0
128,139,47,0.01304348494097915,0
128,139,48,0.02370724662694397,0
128,139,49,0.03215046360171222,0
128,139,50,0.02397473971418353,0
128,139,51,0.02419095912029537,0
128,139,52,0.01967716222614358,0
128,139,53,0.01920152269636293,0
128,139,54,0.004048387248264112,0
128,139,55,-0.01691652356850379,0
128,139,56,-0.02111685698299688,0
128,139,57,-0.04628731325956345,0
128,139,58,-0.01544573589330681,0
128,139,59,-0.01033722093873643,0
128,139,60,-0.01442360426977938,0
128,139,61,-0.01740286247594435,0
128,139,62,0.01148673400466283,0
128,139,63,0.02905225162637432,0
128,139,64,0.0009398460315357082,0
128,139,65,0.01160024812481859,0
128,139,66,0.03127976697014795,0
128,139,67,0.01981080662949286,0
128,139,68,-0.0107294710828111,0
128,139,69,-0.01480028390522867,0
128,139,70,0.02074535163548314,0
128,139,71,-0.007834580810298891,0
128,139,72,-0.02705707667957705,0
128,139,73,0.01087425316400475,0
128,139,74,0.01164454164943442,0
128,139,75,-0.001322267576514714,0
128,139,76,0.004573238773816464,0
128,139,77,0.02689577060071405,0
128,139,78,0.02708657966695494,0
128,139,79,0.00270928647702843,0
128,139,80,0.01637468176377481,0
128,139,81,0.01830462753877264,0
128,139,82,0.002394214202904241,0
128,139,83,-0.01098374347802026,0
128,139,84,-0.01688933917994549,0
128,139,85,-0.0343830031173087,0
128,139,86,-0.04808789987615379,0
128,139,87,0.006854042323716504,0
128,139,88,-0.008314684737507507,0
128,139,89,-0.01538820297822077,0
128,139,90,-0.003089309668097351,0
128,139,91,0.01807651126839224,0
128,139,92,0.01490679412533817,0
128,139,93,-0.005858718825151984,0
128,139,94,0.01899013898895863,0
128,139,95,0.02685352754859044,0
128,139,96,0.009931921578529554,0
128,139,97,-0.00341109070227379,0
128,139,98,0.001367543905605381,0
128,139,99,0.01859386768941205,0
128,139,100,-0.005420972961866027,0
128,139,101,-0.01347933435911436,0
128,139,102,0.00885965737674687,0
128,139,103,0.006768636312156118,0
128,139,104,-0.004259105041871542,0
128,139,105,-0.01004618031465732,0
128,139,106,0.01458883148732153,0
128,139,107,0.01389763514236093,0
128,139,108,-0.02167159063007101,0
128,139,109,-2.396089391457578e-05,0
128,139,110,0.01063945462089157,0
128,139,111,-0.01679858037967085,0
128,139,112,-0.02306361022527326,0
128,139,113,-0.01021476632452386,0
128,139,114,-0.03506637887068546,0
128,139,115,-0.03089178007327264,0
128,139,116,0.03021736959197122,0
128,139,117,0.004646882609968653,0
128,139,118,0.02344689297784059,0
128,139,119,0.02388390472902813,0
128,139,120,-0.002238180977366942,0
128,139,121,0.01749907638300243,0
128,139,122,-0.005920461238811753,0
128,139,123,-0.001880247243719399,0
128,139,124,0.002083341189184849,0
128,139,125,-0.006147309973706533,0
128,139,126,-0.0005506719142144953,0
128,139,127,-0.001150865131625687,0
128,139,128,-0.02189288231978254,0
128,139,129,-0.002468910992596556,0
128,139,130,-0.03835724569193054,0
128,139,131,-0.01630185388989471,0
128,139,132,-0.03085288758962656,0
128,139,133,-0.02701685066020237,0
128,139,134,-0.02184472484809909,0
128,139,135,0.03248046946363577,0
128,139,136,-0.4332980233036282,0
128,139,137,-0.3396055037938508,0
128,139,138,0.5621884126113336,0
128,139,139,0.8509119447754687,0
128,139,140,0.389706932685813,0
128,139,141,-0.1319006445960623,0
128,139,142,-0.4335457691683678,0
128,139,143,-0.3505147731431902,0
128,139,144,0.4861511213352875,0
128,139,145,-0.3173836336327611,0
128,139,146,-0.7422984442113243,0
128,139,147,0.3104801017116423,0
128,139,148,0.9908789519770224,0
128,139,149,0.4875935172634196,0
128,139,150,-0.2542777658750779,0
128,139,151,-0.7230211041534614,0
128,139,152,-0.593552863341822,0
128,139,153,1,0
128,139,154,0.2636928062118153,0
128,139,155,-0.7567384114473122,0
128,139,156,-0.2824955303200982,0
128,139,157,0.4924904424723116,0
128,139,158,0.2765307014345055,0
128,139,159,-0.3295573114232271,0
128,139,160,-0.7584138751316606,0
128,139,161,-0.6231279857728138,0
128,139,162,0.862773453026595,0
128,139,163,0.5291803871542617,0
128,139,164,-0.3638271744963,0
128,139,165,-0.4200923971925605,0
128,139,166,0.04515239564727243,0
128,139,167,0.05870283436620313,0
128,139,168,-0.2423314334184752,0
128,139,169,-0.487389081944919,0
128,139,170,-0.4039922077821012,0
129,138,0,-0.02538105985350332,0
129,138,1,-0.01781469818481342,0
129,138,2,-0.0250482272609668,0
129,138,3,-0.03920836534813772,0
129,138,4,-0.02687224076281739,0
129,138,5,-0.01420000148548568,0
129,138,6,-0.039645348100258,0
129,138,7,-0.02692756362249695,0
129,138,8,-0.001491953189178484,0
129,138,9,-0.03278336107522991,0
129,138,10,-0.02231312515462793,0
129,138,11,0.005365612934229736,0
129,138,12,-0.0251297352131204,0
129,138,13,-0.01787025518772772,0
129,138,14,0.004918147379635043,0
129,138,15,-0.01838295895890374,0
129,138,16,-0.01281548664367009,0
129,138,17,0.004377819995073532,0
129,138,18,-0.015985916126492,0
129,138,19,-0.01069217058418218,0
129,138,20,0.002079828890722303,0
129,138,21,-0.01305529117672807,0
129,138,22,-0.008612843459513624,0
129,138,23,0.002944252732366474,0
129,138,24,-0.007456115774045821,0
129,138,25,-0.004857782247975885,0
129,138,26,0.00538498295173816,0
129,138,27,0.0001229757637086222,0
129,138,28,0.007034850571054979,0
129,138,29,0.00852723465168307,0
129,138,30,-0.01344924588200542,0
129,138,31,-0.01864097911316274,0
129,138,32,0.01405336894130529,0
129,138,33,-0.001511507149041077,0
129,138,34,-0.0101128332464431,0
129,138,35,0.0177374664962102,0
129,138,36,0.01069844296491576,0
129,138,37,0.001666194492469759,0
129,138,38,0.01675005703788768,0
129,138,39,0.01549727773030393,0
129,138,40,0.005313392102925057,0
129,138,41,0.01028756143649533,0
129,138,42,0.01120714818713505,0
129,138,43,0.001194907154927379,0
129,138,44,0.001891378562675769,0
129,138,45,0.004953587453666881,0
129,138,46,-0.001251197007235736,0
129,138,47,-0.003537121066069134,0
129,138,48,-0.0005557080986513881,0
129,138,49,-0.001859165357332206,0
129,138,50,-0.005438060938046468,0
129,138,51,-0.00128177856683204,0
129,138,52,0.001746214925907043,0
129,138,53,-0.003886454161918939,0
129,138,54,0.001516710239774435,0
129,138,55,0.007091300166311492,0
129,138,56,0.005320731232820371,0
129,138,57,0.01075903325879195,0
129,138,58,0.02578314075763051,0
129,138,59,0.003347796904657804,0
129,138,60,0.00466265626525678,0
129,138,61,0.04462816402381697,0
129,138,62,0.0223802703223978,0
129,138,63,0.007080444005230687,0
129,138,64,0.05258737821150492,0
129,138,65,0.03668648306657433,0
129,138,66,0.009485635134919736,0
129,138,67,0.04900013837908468,0
129,138,68,0.03751258203377901,0
129,138,69,0.003811846897612789,0
129,138,70,0.03697991815106673,0
129,138,71,0.02762485571311769,0
129,138,72,-0.005213281617996435,0
129,138,73,0.01895714911847616,0
129,138,74,0.01294320512399456,0
129,138,75,-0.01346010251062451,0
129,138,76,0.009021988332725163,0
129,138,77,0.005061980016004086,0
129,138,78,-0.009489220545595848,0
129,138,79,0.003827007286768486,0
129,138,80,0.003997699920593757,0
129,138,81,-0.002519247252289906,0
129,138,82,0.001205800445243718,0
129,138,83,0.006122048794557264,0
129,138,84,0.004833840756529898,0
129,138,85,0.008012187968762951,0
129,138,86,0.009677321173157604,0
129,138,87,0.0075863036140205,0
129,138,88,0.008945227716051852,0
129,138,89,0.01277017126874502,0
129,138,90,0.0133208878959829,0
129,138,91,0.01448359496921581,0
129,138,92,0.01323445806336269,0
129,138,93,0.01437760248529877,0
129,138,94,0.01687572241985932,0
129,138,95,0.01100833790086439,0
129,138,96,0.01334242332234304,0
129,138,97,0.01198624277058444,0
129,138,98,0.003170388953526738,0
129,138,99,0.01270520913388793,0
129,138,100,0.005293767954870156,0
129,138,101,-0.005069217019720743,0
129,138,102,0.009945274147321471,0
129,138,103,-0.00295969936983098,0
129,138,104,-0.01532449616260773,0
129,138,105,0.009086988385462694,0
129,138,106,-0.0009398102659548066,0
129,138,107,-0.01037132250465052,0
129,138,108,0.007661904716942885,0
129,138,109,0.003188877712855927,0
129,138,110,-0.004079121718195049,0
129,138,111,0.004465193631443681,0
129,138,112,0.006490481856496273,0
129,138,113,0.001653366326087744,0
129,138,114,0.007097937958262956,0
129,138,115,0.005356520482406631,0
129,138,116,-0.01632398699788191,0
129,138,117,-0.0007570630485164478,0
129,138,118,-0.03246362326110783,0
129,138,119,-0.01147256266215317,0
129,138,120,-0.04477661195461607,0
129,138,121,-0.02183285913359484,0
129,138,122,-0.04627958283274347,0
129,138,123,-0.02937834823274071,0
129,138,124,-0.03513233559249389,0
129,138,125,-0.02924922903300074,0
129,138,126,-0.0129307058061119,0
129,138,127,-0.02127975532064015,0
129,138,128,0.0007977690270747914,0
129,138,129,-0.007739925020137138,0
129,138,130,0.006462922718518661,0
129,138,131,0.0009775559582126852,0
129,138,132,0.005357734522142682,0
129,138,133,0.004594736992904075,0
129,138,134,0.003794085307263291,0
129,138,135,0.6222225900105881,0
129,138,136,0.9597689929596555,0
129,138,137,0.957451920900905,0
129,138,138,0.7429623296036317,0
129,138,139,0.4354366360700571,0
129,138,140,0.2337871291201088,0
129,138,141,0.1679125868624451,0
129,138,142,0.1276375396941535,0
129,138,143,0.07138609705502469,0
129,138,144,0.4334111523079236,0
129,138,145,0.6515625843657582,0
129,138,146,0.5709388802406695,0
129,138,147,0.3901925576715966,0
129,138,148,0.2554162447605028,0
129,138,149,0.1818639445032853,0
129,138,150,0.187143541902146,0
129,138,151,0.1731859604024496,0
129,138,152,0.1060494884660613,0
129,138,153,-0.1760504709792451,0
129,138,154,-0.39756238168613,0
129,138,155,-0.645670828365441,0
129,138,156,-0.6843572300846958,0
129,138,157,-0.3862671455312076,0
129,138,158,-0.09495628976703276,0
129,138,159,0.06853711525267676,0
129,138,160,0.1253632147680621,0
129,138,161,0.09088800801527457,0
129,138,162,-0.3668835722257681,0
129,138,163,-0.7306075727936734,0
129,138,164,-1,0
129,138,165,-0.990775523531727,0
129,138,166,-0.6064626319327105,0
129,138,167,-0.2169946348348499,0
129,138,168,-0.02547381427097028,0
129,138,169,0.05015037657431415,0
129,138,170,0.04761275750673641,0
130,137,0,0.01092106613328956,0
130,137,1,0.008011359346522395,0
130,137,2,0.01171010118863033,0
130,137,3,0.001623570984343764,0
130,137,4,0.001566982265606255,0
130,137,5,-0.006992007605481665,0
130,137,6,-0.01673725276727196,0
130,137,7,-0.01107288117930366,0
130,137,8,-0.01603353534224501,0
130,137,9,-0.01990659755371858,0
130,137,10,-0.01358307750039517,0
130,137,11,-0.003379195600013908,0
130,137,12,-0.002654555665654762,0
130,137,13,-0.002353107580848368,0
130,137,14,0.01413690149037678,0
130,137,15,0.04307910827538866,0
130,137,16,0.02832740805652443,0
130,137,17,0.03978979816811855,0
130,137,18,0.07072735297937351,0
130,137,19,0.04697900222496088,0
130,137,20,0.02394871977516422,0
130,137,21,0.07024775405408788,0
130,137,22,0.04676142369289307,0
130,137,23,-0.001074747815974969,0
130,137,24,0.0425667746120164,0
130,137,25,0.02830572637578184,0
130,137,26,-0.0253766659980426,0
130,137,27,-0.0001431690450927917,0
130,137,28,-0.03868865958907413,0
130,137,29,0.01017860917684438,0
130,137,30,0.01600325923878244,0
130,137,31,0.02205058268648745,0
130,137,32,0.008308078365482875,0
130,137,33,0.0007003005147039467,0
130,137,34,-0.007803473262670809,0
130,137,35,-0.003370187316428124,0
130,137,36,-0.01407846398790297,0
130,137,37,-0.02622608902922252,0
130,137,38,-0.009579396749037737,0
130,137,39,-0.009099709330412445,0
130,137,40,-0.009295155755128445,0
130,137,41,-0.002339751658049764,0
130,137,42,0.008529769342843503,0
130,137,43,0.01975519526721721,0
130,137,44,0.0244999282055633,0
130,137,45,0.0456174859385174,0
130,137,46,0.06305661799730465,0
130,137,47,0.04271782633407045,0
130,137,48,0.04614551187637936,0
130,137,49,0.0397570402163656,0
130,137,50,0.04433467411826938,0
130,137,51,0.02870234190710166,0
130,137,52,-1.330551799558215e-05,0
130,137,53,0.02819442618311999,0
130,137,54,-0.0001129151179040207,0
130,137,55,-0.04017593409405323,0
130,137,56,-0.02884882853294464,0
130,137,57,-0.06427878527587512,0
130,137,58,0.003696098169014833,0
130,137,59,0.01895348492085544,0
130,137,60,0.0254142989217641,0
130,137,61,0.008033056045282434,0
130,137,62,-0.0003574798038539017,0
130,137,63,-0.003863371045410057,0
130,137,64,0.00834340223628246,0
130,137,65,-0.01388798850441712,0
130,137,66,-0.02593400448600224,0
130,137,67,0.004331005973956706,0
130,137,68,-0.004036291805996139,0
130,137,69,-0.01291848459741197,0
130,137,70,0.0006161836421730617,0
130,137,71,0.01504402080091808,0
130,137,72,0.01641132009022665,0
130,137,73,-0.001589434571054372,0
130,137,74,0.0457496230933724,0
130,137,75,0.06107410442727119,0
130,137,76,-0.0008578396794640769,0
130,137,77,0.02893922358904832,0
130,137,78,0.04040949122428563,0
130,137,79,0.0008607671769852715,0
130,137,80,0.0005468904326383792,0
130,137,81,0.001547749681963153,0
130,137,82,0.001732838623961296,0
130,137,83,-0.02870801084390261,0
130,137,84,-0.03935388726388726,0
130,137,85,-0.0477758012436636,0
130,137,86,-0.06578787579035586,0
130,137,87,-0.008046906495770504,0
130,137,88,0.01316651156370569,0
130,137,89,0.01705994600339301,0
130,137,90,-0.002842290627258824,0
130,137,91,-0.00500321455618676,0
130,137,92,5.131592265784766e-06,0
130,137,93,0.009071915640468057,0
130,137,94,-0.01327188222410101,0
130,137,95,-0.01553081607262194,0
130,137,96,0.01208572081927288,0
130,137,97,-0.001397033342665473,0
130,137,98,-0.00994613727023794,0
130,137,99,0.002034219528397344,0
130,137,100,0.01384301482983591,0
130,137,101,0.008157493582141214,0
130,137,102,-0.02614295380333199,0
130,137,103,0.0281450260220369,0
130,137,104,0.03652021739407767,0
130,137,105,-0.04343521127095454,0
130,137,106,0.001145654992598208,0
130,137,107,0.02540353986733886,0
130,137,108,-0.04341038544851233,0
130,137,109,-0.02776137041136988,0
130,137,110,0.001988686791050559,0
130,137,111,-0.02641280382722646,0
130,137,112,-0.04681090138180705,0
130,137,113,-0.02370901055971612,0
130,137,114,-0.04879675879259436,0
130,137,115,-0.04169970595669094,0
130,137,116,-0.01692529692858971,0
130,137,117,0.000719090556073141,0
130,137,118,-0.01542462708584151,0
130,137,119,-0.01075714270464541,0
130,137,120,0.002437925871451032,0
130,137,121,-0.0100487811965719,0
130,137,122,0.01304593103543589,0
130,137,123,0.00153837039069644,0
130,137,124,0.002610894299389575,0
130,137,125,0.008298712785150614,0
130,137,126,-0.03937258308292543,0
130,137,127,0.001232504043101942,0
130,137,128,-0.06859312310796746,0
130,137,129,-0.02670135706308733,0
130,137,130,-0.07154306213728159,0
130,137,131,-0.04615324709266563,0
130,137,132,-0.04579793826209241,0
130,137,133,-0.04807184804270329,0
130,137,134,-0.03082324403257312,0
130,137,135,-0.252411462312265,0
130,137,136,-0.06414160952511273,0
130,137,137,0.3277649749961734,0
130,137,138,0.4013270533329823,0
130,137,139,0.04297358033046818,0
130,137,140,-0.3631247946371975,0
130,137,141,-0.6097622428864252,0
130,137,142,-0.6091543863317944,0
130,137,143,-0.3698597506735481,0
130,137,144,-0.4826832398818185,0
130,137,145,-0.2618902379273827,0
130,137,146,0.3793334583338899,0
130,137,147,0.5897397602754574,0
130,137,148,0.08035361067079021,0
130,137,149,-0.5678679387538558,0
130,137,150,-0.9773949247382697,0
130,137,151,-0.9933019942317683,0
130,137,152,-0.6147432302464436,0
130,137,153,-0.5631590521235308,0
130,137,154,-0.4364308439705203,0
130,137,155,0.1984665759331674,0
130,137,156,0.4970333867310747,0
130,137,157,0.07151874539430396,0
130,137,158,-0.5539850360242246,0
130,137,159,-0.9690879578996955,0
130,137,160,-1,0
130,137,161,-0.6294041094757757,0
130,137,162,-0.3804063954726865,0
130,137,163,-0.3592092176915919,0
130,137,164,0.0216779567022753,0
130,137,165,0.2540012086307745,0
130,137,166,0.04026052670550044,0
130,137,167,-0.3328966886743167,0
130,137,168,-0.5931771536940301,0
130,137,169,-0.6222046422265517,0
130,137,170,-0.3991032075948369,0
131,136,0,0.01934356922422321,0
131,136,1,0.02760227764082216,0
131,136,2,0.05649665778473185,0
131,136,3,0.01119460842834737,0
131,136,4,0.01750759233566769,0
131,136,5,0.02130878233322966,0
131,136,6,-0.02259661781479769,0
131,136,7,-0.01248495146650142,0
131,136,8,-0.02006129202665029,0
131,136,9,-0.05653679267840446,0
131,136,10,-0.04328904182651067,0
131,136,11,-0.04130109369103697,0
131,136,12,-0.06121966826765322,0
131,136,13,-0.05302911452350047,0
131,136,14,-0.03310881117860619,0
131,136,15,-0.07521595351134377,0
131,136,16,-0.06051821960765692,0
131,136,17,-0.04112268887172123,0
131,136,18,-0.0721189913979023,0
131,136,19,-0.0551474827941567,0
131,136,20,-0.01648243992108354,0
131,136,21,-0.05547071089302388,0
131,136,22,-0.04186077408424156,0
131,136,23,0.001790347522767032,0
131,136,24,-0.02966273377058044,0
131,136,25,-0.02331290230393592,0
131,136,26,0.01375271547241591,0
131,136,27,-0.002915017225794582,0
131,136,28,0.01898726492291801,0
131,136,29,0.0113488103183809,0
131,136,30,0.05977063853064865,0
131,136,31,0.09122809797211306,0
131,136,32,0.009646177118851866,0
131,136,33,0.02936647060896807,0
131,136,34,0.03793012652248647,0
131,136,35,-0.008344655621585142,0
131,136,36,-0.01849484358829136,0
131,136,37,-0.02954630693767409,0
131,136,38,-0.02959170734775087,0
131,136,39,-0.05409783570162186,0
131,136,40,-0.06697528669357448,0
131,136,41,-0.03533798669289547,0
131,136,42,-0.05639935496565798,0
131,136,43,-0.05609942772686301,0
131,136,44,-0.04533308405009346,0
131,136,45,-0.06791299157583121,0
131,136,46,-0.06779916748742734,0
131,136,47,-0.04440376280171106,0
131,136,48,-0.04670288167650705,0
131,136,49,-0.02762185407180483,0
131,136,50,-0.03485702851409664,0
131,136,51,-0.02520192006084101,0
131,136,52,0.002331682128243171,0
131,136,53,-0.01920512339866073,0
131,136,54,-0.00490128971177636,0
131,136,55,0.02227348046647581,0
131,136,56,0.01224880797575988,0
131,136,57,0.0319041038450112,0
131,136,58,-0.00083859745208128,0
131,136,59,0.06913907617613567,0
131,136,60,0.09126088774461429,0
131,136,61,0.001989234837304608,0
131,136,62,0.0309520216507398,0
131,136,63,0.04122897408342128,0
131,136,64,0.00512032025177442,0
131,136,65,-0.01805176391049505,0
131,136,66,-0.0265229698298465,0
131,136,67,0.005761887579285582,0
131,136,68,-0.0464987879117639,0
131,136,69,-0.06681807486498031,0
131,136,70,0.003992940276019818,0
131,136,71,-0.0403400701519166,0
131,136,72,-0.05825232631048605,0
131,136,73,0.002712569965090299,0
131,136,74,-0.04983695960528612,0
131,136,75,-0.06940103098086309,0
131,136,76,0.001774166884854102,0
131,136,77,-0.02014889199141746,0
131,136,78,-0.02870199704584155,0
131,136,79,0.0007944930664467093,0
131,136,80,0.001872343600212194,0
131,136,81,0.001725805568986668,0
131,136,82,-4.498469719987681e-05,0
131,136,83,0.01643704538839673,0
131,136,84,0.02229440385922037,0
131,136,85,0.02377121170784628,0
131,136,86,0.03300529333059984,0
131,136,87,-0.01343575438022781,0
131,136,88,0.05177629453776314,0
131,136,89,0.05609730003074156,0
131,136,90,-0.009827774591552178,0
131,136,91,0.01927119213766734,0
131,136,92,0.02749963555478737,0
131,136,93,0.01115723720694603,0
131,136,94,-0.01363763127395461,0
131,136,95,-0.01441053171897361,0
131,136,96,0.03404105268475011,0
131,136,97,-0.02450337240045619,0
131,136,98,-0.04108343710523576,0
131,136,99,0.03944242211399914,0
131,136,100,-0.01123703466279084,0
131,136,101,-0.03739571993361733,0
131,136,102,0.04972859210648258,0
131,136,103,-0.01352668927419556,0
131,136,104,-0.0438236692512663,0
131,136,105,0.04852002744099702,0
131,136,106,0.01451350497271738,0
131,136,107,-0.0184080728625765,0
131,136,108,0.03781146294529737,0
131,136,109,0.02920511770000188,0
131,136,110,0.0006693003965970181,0
131,136,111,0.02040782471690903,0
131,136,112,0.03247950010468705,0
131,136,113,0.01375614186857214,0
131,136,114,0.02664975176703422,0
131,136,115,0.02114363134523661,0
131,136,116,-0.02021342475350536,0
131,136,117,0.01491539279551903,0
131,136,118,-0.01944927090825878,0
131,136,119,-0.001776596199157288,0
131,136,120,0.009285662101538946,0
131,136,121,-0.007367325395716716,0
131,136,122,0.04586991331353419,0
131,136,123,0.004341611462190847,0
131,136,124,0.05879812618529189,0
131,136,125,0.02175608853566346,0
131,136,126,0.07813034779728766,0
131,136,127,0.02854599843898162,0
131,136,128,0.07802174880294836,0
131,136,129,0.04475640627018406,0
131,136,130,0.06204328891828295,0
131,136,131,0.04669738032685894,0
131,136,132,0.03447341996286082,0
131,136,133,0.03714865346342939,0
131,136,134,0.01924369953883182,0
131,136,135,-0.4917084267027077,0
131,136,136,-0.5431745018012625,0
131,136,137,-0.1321526759459771,0
131,136,138,0.4030827226724463,0
131,136,139,0.6321398737819104,0
131,136,140,0.6126537686749249,0
131,136,141,0.5298431098819004,0
131,136,142,0.3879251532588285,0
131,136,143,0.2029665320488494,0
131,136,144,-0.7911463788914782,0
131,136,145,-0.923183938368532,0
131,136,146,-0.2964723108080323,0
131,136,147,0.5800507749346997,0
131,136,148,1,0
131,136,149,0.986225169395044,0
131,136,150,0.8610111595752922,0
131,136,151,0.6355749878680325,0
131,136,152,0.3361714511040313,0
131,136,153,-0.7897784897653605,0
131,136,154,-0.9680958146743204,0
131,136,155,-0.3810903316455045,0
131,136,156,0.5022494420408548,0
131,136,157,0.9692602508167684,0
131,136,158,0.978141191923513,0
131,136,159,0.8634703900035584,0
131,136,160,0.6427981900634031,0
131,136,161,0.3433600338885262,0
131,136,162,-0.4825298516586281,0
131,136,163,-0.6211605587544824,0
131,136,164,-0.284829009134958,0
131,136,165,0.2631960693805505,0
131,136,166,0.5812204353061652,0
131,136,167,0.6000177362831368,0
131,136,168,0.5353975986286367,0
131,136,169,0.4019835977614178,0
131,136,170,0.2170820149033955,0
132,120,0,-0.06937752309689448,0
132,120,1,-0.02304712361613933,0
132,120,2,-0.0001782425122953583,0
132,120,3,-0.1214384248779145,0
132,120,4,-0.06514118287118882,0
132,120,5,-0.0009441268208343576,0
132,120,6,-0.1446317740571646,0
132,120,7,-0.09222545801186546,0
132,120,8,-0.003616059787166959,0
132,120,9,-0.1339730858303426,0
132,120,10,-0.09778308377181333,0
132,120,11,-0.006230593159684127,0
132,120,12,-0.09257037543867797,0
132,120,13,-0.0803966960209176,0
132,120,14,-0.006944411111286586,0
132,120,15,-0.0583891626495017,0
132,120,16,-0.05473387772364593,0
132,120,17,-0.01307641113596044,0
132,120,18,-0.03513566049274571,0
132,120,19,-0.03409170674851078,0
132,120,20,-0.008661282875960102,0
132,120,21,-0.01941754638731494,0
132,120,22,-0.02022778903497766,0
132,120,23,-0.005979626011706328,0
132,120,24,-0.008487123193004988,0
132,120,25,-0.01090786244846378,0
132,120,26,-0.004469781504278064,0
132,120,27,-0.00436088579860873,0
132,120,28,-0.003900889421147695,0
132,120,29,-0.04166754292381424,0
132,120,30,-0.01177750319844921,0
132,120,31,0.001388960474128951,0
132,120,32,-0.07444996658422808,0
132,120,33,-0.03916605141437592,0
132,120,34,-0.001397331736250669,0
132,120,35,-0.08975713406824702,0
132,120,36,-0.05938039168780442,0
132,120,37,-0.006378074095488622,0
132,120,38,-0.08396874378866366,0
132,120,39,-0.06630137085893127,0
132,120,40,-0.01097368552440291,0
132,120,41,-0.05908277354738434,0
132,120,42,-0.05745149349590829,0
132,120,43,-0.01253451221786958,0
132,120,44,-0.03627114006674213,0
132,120,45,-0.04493975161356049,0
132,120,46,-0.02035642082532662,0
132,120,47,-0.02114480098248613,0
132,120,48,-0.02791798739427732,0
132,120,49,-0.01364149290523355,0
132,120,50,-0.0113112500020673,0
132,120,51,-0.01691784510123824,0
132,120,52,-0.009457995027287627,0
132,120,53,-0.004864260178191448,0
132,120,54,-0.009999134682940128,0
132,120,55,-0.007051430081730278,0
132,120,56,-0.005671621021462754,0
132,120,57,-0.00600792811191634,0
132,120,58,0.0002462388721694296,0
132,120,59,0.004227438827990237,0
132,120,60,0.00294583947417721,0
132,120,61,-0.0008105472070651003,0
132,120,62,0.0006796155366412504,0
132,120,63,-0.001178887919335056,0
132,120,64,-0.001473677088878463,0
132,120,65,-0.005017081127724918,0
132,120,66,-0.006855262871696209,0
132,120,67,-0.001198071503603663,0
132,120,68,-0.01001289795638624,0
132,120,69,-0.0118487936339426,0
132,120,70,-0.0004754315478894287,0
132,120,71,-0.01207558081304741,0
132,120,72,-0.0137088399608499,0
132,120,73,0.001873702688253514,0
132,120,74,-0.01606797975708759,0
132,120,75,-0.01975616104473878,0
132,120,76,0.002965811923648288,0
132,120,77,-0.009470856470696638,0
132,120,78,-0.0132845238980154,0
132,120,79,0.002786927420565605,0
132,120,80,-0.005770472812632824,0
132,120,81,-0.009233813836869758,0
132,120,82,0.001601563098117506,0
132,120,83,-0.004271701950770441,0
132,120,84,-0.006860770519089753,0
132,120,85,-0.00432872811042711,0
132,120,86,-0.005710568660502945,0
132,120,87,0.04048699396428669,0
132,120,88,0.01806708809105585,0
132,120,89,0.002829154362088271,0
132,120,90,0.07128642763992674,0
132,120,91,0.03910264977014703,0
132,120,92,-0.0006086981300044487,0
132,120,93,0.08646311146247634,0
132,120,94,0.05031789000207266,0
132,120,95,-0.004536826410300877,0
132,120,96,0.08281115813308948,0
132,120,97,0.05005070879264308,0
132,120,98,-0.007876073914535143,0
132,120,99,0.060626114321082,0
132,120,100,0.0389649286853938,0
132,120,101,-0.009324003242735104,0
132,120,102,0.04169360796790095,0
132,120,103,0.02051467422353361,0
132,120,104,-0.0117274064413306,0
132,120,105,0.02816249923339385,0
132,120,106,0.01415417005528681,0
132,120,107,-0.007975347194940714,0
132,120,108,0.01759382681037763,0
132,120,109,0.008937872861356571,0
132,120,110,-0.005568627711834304,0
132,120,111,0.008470770065296633,0
132,120,112,0.004036408584959671,0
132,120,113,-0.004126026607223647,0
132,120,114,-0.0009835677292681195,0
132,120,115,-0.003331966343550298,0
132,120,116,0.06362014283624445,0
132,120,117,0.02363260326605244,0
132,120,118,0.1143028745198486,0
132,120,119,0.06127478443171023,0
132,120,120,0.1403411895947284,0
132,120,121,0.08567134658524007,0
132,120,122,0.1357278091102688,0
132,120,123,0.09126621271942253,0
132,120,124,0.1011259438368021,0
132,120,125,0.07683581932327319,0
132,120,126,0.0678052060049977,0
132,120,127,0.05053807772092295,0
132,120,128,0.04468096768503798,0
132,120,129,0.03364560435798424,0
132,120,130,0.02738091513645595,0
132,120,131,0.02140432191813916,0
132,120,132,0.01311525355840348,0
132,120,133,0.01162960561426645,0
132,120,134,0.002926810745333156,0
132,120,135,0.2903349109503391,0
132,120,136,0.5103798586548208,0
132,120,137,0.6198963922553116,0
132,120,138,0.5983209567617167,0
132,120,139,0.4520471188088323,0
132,120,140,0.2949576092520519,0
132,120,141,0.1863167752626768,0
132,120,142,0.1088508952223166,0
132,120,143,0.04989527530643053,0
132,120,144,0.4582172717842953,0
132,120,145,0.8158391055359557,0
132,120,146,1,0
132,120,147,0.9732343665213797,0
132,120,148,0.7422985396126747,0
132,120,149,0.4829110537236361,0
132,120,150,0.3048727724536376,0
132,120,151,0.1783319095917249,0
132,120,152,0.08205655816360651,0
132,120,153,0.4476748445863281,0
132,120,154,0.8061703838715398,0
132,120,155,0.996785003874338,0
132,120,156,0.9778689160678352,0
132,120,157,0.7522914468743669,0
132,120,158,0.4886002637020438,0
132,120,159,0.308341645686324,0
132,120,160,0.1805539489220969,0
132,120,161,0.08334776912002376,0
132,120,162,0.2696719036404197,0
132,120,163,0.4918943070798538,0
132,120,164,0.6138204536599459,0
132,120,165,0.6072075117661213,0
132,120,166,0.4716456622048568,0
132,120,167,0.3055227658635525,0
132,120,168,0.1927114443307832,0
132,120,169,0.1129805204609217,0
132,120,170,0.05235157471791506,0
133,102,0,-0.6066280170889869,0
133,102,1,-0.2041656401351903,0
133,102,2,0.02781249185316692,0
133,102,3,-0.8161820520370793,0
133,102,4,-0.4923595051496583,0
133,102,5,0.03057712182013877,0
133,102,6,-0.4995443978766701,0
133,102,7,-0.4557942048161824,0
133,102,8,0.02698419645341019,0
133,102,9,0.1313994827030871,0
133,102,10,-0.1234248264129821,0
133,102,11,0.01799818873472544,0
133,102,12,0.6618060293105857,0
133,102,13,0.2831459439115104,0
133,102,14,0.004953062872715376,0
133,102,15,0.9298044099461694,0
133,102,16,0.5494720634881211,0
133,102,17,0.01809491521628851,0
133,102,18,0.9818246449392181,0
133,102,19,0.6559913180673246,0
133,102,20,0.01132324651233793,0
133,102,21,0.8102211412620919,0
133,102,22,0.6138879980615487,0
133,102,23,0.007815025608304957,0
133,102,24,0.4558702177319706,0
133,102,25,0.4340525226450075,0
133,102,26,0.006422918090479525,0
133,102,27,0.1579747994484972,0
133,102,28,0.006792466088927186,0
133,102,29,-0.6030138969606208,0
133,102,30,-0.1846544445285423,0
133,102,31,0.04678610280778436,0
133,102,32,-0.8141607365001432,0
133,102,33,-0.4709082928326324,0
133,102,34,0.04992986354620057,0
133,102,35,-0.4992721666315608,0
133,102,36,-0.4378496959962774,0
133,102,37,0.04397124112281277,0
133,102,38,0.13377840499645,0
133,102,39,-0.1109043963162582,0
133,102,40,0.02972605464126657,0
133,102,41,0.6718111544190988,0
133,102,42,0.2913928371235349,0
133,102,43,0.009910027315181379,0
133,102,44,0.9351808036382698,0
133,102,45,0.5653781100395654,0
133,102,46,0.02838426298156167,0
133,102,47,0.9853392858286253,0
133,102,48,0.6658528902564446,0
133,102,49,0.01816658672942258,0
133,102,50,0.8128485870840194,0
133,102,51,0.6207282451533909,0
133,102,52,0.0126117245953406,0
133,102,53,0.4576258936238098,0
133,102,54,0.4394311045923686,0
133,102,55,0.01031075803260884,0
133,102,56,0.1625640641107078,0
133,102,57,0.01058374257482955,0
133,102,58,-0.5995241944986539,0
133,102,59,-0.176104968926422,0
133,102,60,0.04658302968077101,0
133,102,61,-0.8097244393051879,0
133,102,62,-0.4605727044347499,0
133,102,63,0.04990509842903364,0
133,102,64,-0.494022342221025,0
133,102,65,-0.4277694706945999,0
133,102,66,0.04406768849201927,0
133,102,67,0.1423949776059363,0
133,102,68,-0.1013866952687739,0
133,102,69,0.02985464727074017,0
133,102,70,0.6858767052723053,0
133,102,71,0.3013339358852078,0
133,102,72,0.009909356989740768,0
133,102,73,0.9438196377841858,0
133,102,74,0.5770141970367717,0
133,102,75,0.02853537938275888,0
133,102,76,0.990785352235096,0
133,102,77,0.6732380239845606,0
133,102,78,0.01823323369677288,0
133,102,79,0.8163466192403597,0
133,102,80,0.6255866833878819,0
133,102,81,0.0126432742166165,0
133,102,82,0.459503824918811,0
133,102,83,0.442731861237447,0
133,102,84,0.01032968586137608,0
133,102,85,0.1646422645566353,0
133,102,86,0.010609296357723,0
133,102,87,-0.5958923539438561,0
133,102,88,-0.1823637262341531,0
133,102,89,0.02742517263814447,0
133,102,90,-0.8050904950669597,0
133,102,91,-0.4652086347022117,0
133,102,92,0.0305298722006502,0
133,102,93,-0.4885797139854062,0
133,102,94,-0.4307567853093024,0
133,102,95,0.02717351889755049,0
133,102,96,0.1512106254918037,0
133,102,97,-0.1008274255301886,0
133,102,98,0.01825804122713268,0
133,102,99,0.7002374877965249,0
133,102,100,0.3075630923712747,0
133,102,101,0.004933103071025833,0
133,102,102,0.9526035515807938,0
133,102,103,0.581100392961679,0
133,102,104,0.01838007172193385,0
133,102,105,0.9963082444324491,0
133,102,106,0.6755635041028573,0
133,102,107,0.0114452853301671,0
133,102,108,0.8198892914153154,0
133,102,109,0.626880591924476,0
133,102,110,0.007871768141662166,0
133,102,111,0.4614062747861303,0
133,102,112,0.4431299858308733,0
133,102,113,0.00645606324236719,0
133,102,114,0.1638782145931609,0
133,102,115,0.006841827044404366,0
133,102,116,-0.5918223062645416,0
133,102,117,-0.1990743488329517,0
133,102,118,-0.8024524768637568,0
133,102,119,-0.4822822275774905,0
133,102,120,-0.4877803125740865,0
133,102,121,-0.4467221718971866,0
133,102,122,0.1539893149526243,0
133,102,123,-0.1112184221046649,0
133,102,124,0.7109665485690173,0
133,102,125,0.3084368508467772,0
133,102,126,0.9583154468264954,0
133,102,127,0.5759323218657827,0
133,102,128,1,0
133,102,129,0.6718874820524073,0
133,102,130,0.8226245928901109,0
133,102,131,0.6243003255196764,0
133,102,132,0.4632309058557506,0
133,102,133,0.4407869489777645,0
133,102,134,0.1604980981840446,0
133,102,135,9.668080123590426e-05,0
133,102,136,0.0002287345229960409,0
133,102,137,0.0004455030436534267,0
133,102,138,0.000829167670644621,0
133,102,139,0.001533631112942424,0
133,102,140,0.0007996528101041436,0
133,102,141,0.0004158090973077967,0
133,102,142,0.0002075844453012928,0
133,102,143,8.589162413040095e-05,0
133,102,144,0.0001554915323254967,0
133,102,145,0.0003681050340704843,0
133,102,146,0.0007158923184503843,0
133,102,147,0.001324566359783322,0
133,102,148,0.002406335888903976,0
133,102,149,0.001281258207296939,0
133,102,150,0.0006715149266630347,0
133,102,151,0.0003362791995372887,0
133,102,152,0.0001393709498548845,0
133,102,153,0.0001547543382987458,0
133,102,154,0.0003669416448579427,0
133,102,155,0.0007147572098815314,0
133,102,156,0.001325468418252452,0
133,102,157,0.002416537435590145,0
133,102,158,0.001285836607733369,0
133,102,159,0.0006737046672347401,0
133,102,160,0.0003373753693948471,0
133,102,161,0.0001398884262975303,0
133,102,162,9.523304982463019e-05,0
133,102,163,0.0002264187188114549,0
133,102,164,0.0004429925719893094,0
133,102,165,0.0008299953982342853,0
133,102,166,0.001552981094840728,0
133,102,167,0.0008081451673190908,0
133,102,168,0.0004198468678776242,0
133,102,169,0.0002096131626755693,0
133,102,170,8.686660514055357e-05,0
134,119,0,0.002355597668697287,0
134,119,1,-0.002189352573205332,0
134,119,2,-0.007763583133691267,0
134,119,3,0.004782084901366118,0
134,119,4,-7.917192589897724e-05,0
134,119,5,-0.006629489469986393,0
134,119,6,0.007188161795008576,0
134,119,7,0.002425901228152396,0
134,119,8,-0.004497572664907533,0
134,119,9,0.009546185949259815,0
134,119,10,0.005232886279264383,0
134,119,11,-0.001473511417091399,0
134,119,12,0.0121349548843045,0
134,119,13,0.008388001088500801,0
134,119,14,0.002382951554560398,0
134,119,15,0.6415529390813745,0
134,119,16,0.4296858059030197,0
134,119,17,0.567936424604193,0
134,119,18,1,0
134,119,19,0.6692781369701395,0
134,119,20,0.3234902704372918,0
134,119,21,0.9726982369497438,0
134,119,22,0.650914048699018,0
134,119,23,-0.02397779583567381,0
134,119,24,0.5837871071869322,0
134,119,25,0.3906986791725811,0
134,119,26,-0.3495681474482095,0
134,119,27,0.0001482596121704519,0
134,119,28,-0.5250128249213015,0
134,119,29,0.001384522389288914,0
134,119,30,-0.007397271004722178,0
134,119,31,-0.01253871680899854,0
134,119,32,0.002868958380147201,0
134,119,33,-0.00526628925631892,0
134,119,34,-0.01075212432387181,0
134,119,35,0.00440613336300093,0
134,119,36,-0.002073682580587123,0
134,119,37,-0.007336169696030538,0
134,119,38,0.005914160152880774,0
134,119,39,0.002010054396283789,0
134,119,40,-0.002483814343877318,0
134,119,41,0.007426329723406287,0
134,119,42,0.00687089782441176,0
134,119,43,0.003659436683790844,0
134,119,44,0.3713041994936073,0
134,119,45,0.6708727377169342,0
134,119,46,0.8962861127059073,0
134,119,47,0.6070725680462503,0
134,119,48,0.6467757080333113,0
134,119,49,0.5362318151882216,0
134,119,50,0.6149758548594069,0
134,119,51,0.3937305952648756,0
134,119,52,-0.01646967539562341,0
134,119,53,0.3866347506358451,0
134,119,54,-0.001058747319926022,0
134,119,55,-0.5547500168881068,0
134,119,56,-0.3901205700952667,0
134,119,57,-0.8726845865449949,0
134,119,58,-0.0002282176273285801,0
134,119,59,-0.009808855767306217,0
134,119,60,-0.01252031057662075,0
134,119,61,-0.0002600893080151482,0
134,119,62,-0.008537351691680007,0
134,119,63,-0.01077707760620998,0
134,119,64,-9.10131604904084e-05,0
134,119,65,-0.00586646496408712,0
134,119,66,-0.007395295775886167,0
134,119,67,0.000132501450481186,0
134,119,68,-0.002006746633182334,0
134,119,69,-0.002583460543174799,0
134,119,70,0.0001732392694896943,0
134,119,71,0.002771564483030078,0
134,119,72,0.003479924028920185,0
134,119,73,-0.02238659453712848,0
134,119,74,0.6512664644408379,0
134,119,75,0.8759148396561011,0
134,119,76,-0.01069690377256928,0
134,119,77,0.3914651495367583,0
134,119,78,0.5467672620161999,0
134,119,79,0.01225881607905775,0
134,119,80,-0.003989545223606859,0
134,119,81,0.004266961419055467,0
134,119,82,0.02341509865989766,0
134,119,83,-0.3966188833749859,0
134,119,84,-0.544588816603504,0
134,119,85,-0.6485973395367017,0
134,119,86,-0.8936141264814671,0
134,119,87,-0.00185344349692667,0
134,119,88,-0.008509221504886968,0
134,119,89,-0.007724457694863955,0
134,119,90,-0.003398459600830895,0
134,119,91,-0.008620866446793151,0
134,119,92,-0.006675939762040718,0
134,119,93,-0.004573323156947548,0
134,119,94,-0.007463993819886047,0
134,119,95,-0.004606372510676423,0
134,119,96,-0.00557350136495489,0
134,119,97,-0.005220330520472155,0
134,119,98,-0.001656985350026418,0
134,119,99,-0.006870346303437673,0
134,119,100,-0.002246281131413048,0
134,119,101,0.002033591118096899,0
134,119,102,-0.3930998041126139,0
134,119,103,0.3878193455300254,0
134,119,104,0.5273542913554051,0
134,119,105,-0.6168600024125114,0
134,119,106,-0.006388847121283827,0
134,119,107,0.344875085120816,0
134,119,108,-0.6030571612327752,0
134,119,109,-0.4003118619607818,0
134,119,110,0.01645085360116945,0
134,119,111,-0.3632854172979177,0
134,119,112,-0.6478283081576163,0
134,119,113,-0.3288774426952356,0
134,119,114,-0.6642122288407114,0
134,119,115,-0.5666685683913621,0
134,119,116,-0.002882791120306032,0
134,119,117,-0.00400930237371346,0
134,119,118,-0.005360832493358692,0
134,119,119,-0.005480849979882455,0
134,119,120,-0.007345818207687401,0
134,119,121,-0.006235597515186406,0
134,119,122,-0.00904926464586079,0
134,119,123,-0.006365686362461991,0
134,119,124,-0.01101521494266899,0
134,119,125,-0.006181035645651845,0
134,119,126,-0.5953250442191101,0
134,119,127,-0.006750389803784732,0
134,119,128,-0.9776037322205761,0
134,119,129,-0.3979024623275266,0
134,119,130,-0.9954025702435738,0
134,119,131,-0.6537965378827693,0
134,119,132,-0.6297510863920052,0
134,119,133,-0.6657974579812289,0
134,119,134,-0.4212351515008058,0
134,119,135,-0.0001037755245156749,0
134,119,136,-0.0002498241177482227,0
134,119,137,-0.0004987715530911832,0
134,119,138,-0.0009557178716789931,0
134,119,139,-0.001820311915961426,0
134,119,140,-0.05934664234394897,0
134,119,141,-0.09211625258221394,0
134,119,142,-0.08950766580253994,0
134,119,143,-0.05370135817733789,0
134,119,144,-0.0001668618347341412,0
134,119,145,-0.0004015193499292574,0
134,119,146,-0.000799870345989334,0
134,119,147,-0.001525493043529506,0
134,119,148,-0.002878417845042407,0
134,119,149,-0.09368149542533408,0
134,119,150,-0.1480228541260644,0
134,119,151,-0.1460853484519416,0
134,119,152,-0.08925978123933817,0
134,119,153,-0.0001657663812630578,0
134,119,154,-0.0003986043047717405,0
134,119,155,-0.0007921531388954865,0
134,119,156,-0.001503888939094562,0
134,119,157,-0.002816443636093642,0
134,119,158,-0.09157226856587777,0
134,119,159,-0.1470004470304124,0
134,119,160,-0.1471841895572799,0
134,119,161,-0.09139736224833599,0
134,119,162,-0.0001018107470446656,0
134,119,163,-0.000244713425600712,0
134,119,164,-0.0004852690791861696,0
134,119,165,-0.000916970026875652,0
134,119,166,-0.001700980748462666,0
134,119,167,-0.05514826806458533,0
134,119,168,-0.09012125963601302,0
134,119,169,-0.09164744933861879,0
134,119,170,-0.05795588790086974,0
135,121,0,0.001012293033752774,0
135,121,1,-0.0009578833331491153,0
135,121,2,-0.003380683968114012,0
135,121,3,0.002050547206607791,0
135,121,4,-5.380932028838017e-05,0
135,121,5,-0.002896677139668148,0
135,121,6,0.003064660053037834,0
135,121,7,0.001009480782722678,0
135,121,8,-0.001993692514888969,0
135,121,9,0.004010647408336546,0
135,121,10,0.002169118044174696,0
135,121,11,-0.0007391285473175602,0
135,121,12,0.004904707121168268,0
135,121,13,0.003371501089932816,0
135,121,14,0.0007687405886766226,0
135,121,15,0.4021501409622499,0
135,121,16,0.2692277707374613,0
135,121,17,0.3581020501958049,0
135,121,18,0.02823385180095595,0
135,121,19,0.01901556159313663,0
135,121,20,-0.3361624608802267,0
135,121,21,-0.6413424890056909,0
135,121,22,-0.4289471757929895,0
135,121,23,-0.6023730383653788,0
135,121,24,-0.683661625251242,0
135,121,25,-0.4572763613273742,0
135,121,26,-0.03789874480885545,0
135,121,27,6.20750945658775e-05,0
135,121,28,0.6154610855496068,0
135,121,29,0.0005986079099854282,0
135,121,30,-0.003220887042236789,0
135,121,31,-0.005456495855983293,0
135,121,32,0.001241229306396789,0
135,121,33,-0.00230385448397466,0
135,121,34,-0.004689711254114623,0
135,121,35,0.001911505978665321,0
135,121,36,-0.0009338709066157263,0
135,121,37,-0.003227064521859781,0
135,121,38,0.002588923099701079,0
135,121,39,0.0008096465853747846,0
135,121,40,-0.001162618237734308,0
135,121,41,0.003340793512092375,0
135,121,42,0.002860548203584817,0
135,121,43,0.001407119277656617,0
135,121,44,0.4128332776600075,0
135,121,45,0.5424894641377451,0
135,121,46,0.7270172758983211,0
135,121,47,0.3407931013961349,0
135,121,48,-0.02179781700724564,0
135,121,49,-0.4007649789909735,0
135,121,50,-0.1000897136058615,0
135,121,51,-0.5146313776392843,0
135,121,52,-0.9990009326022443,0
135,121,53,-0.3064277600652862,0
135,121,54,-0.2331054183948651,0
135,121,55,-0.2234661018938766,0
135,121,56,0.4575184123944395,0
135,121,57,0.8913721924454554,0
135,121,58,-9.329295575482636e-05,0
135,121,59,-0.004264384410159664,0
135,121,60,-0.005444381177344142,0
135,121,61,-9.816881613602313e-05,0
135,121,62,-0.003712101716950537,0
135,121,63,-0.004691195070560098,0
135,121,64,-1.581569412829225e-06,0
135,121,65,-0.002550480196157792,0
135,121,66,-0.003225777673869798,0
135,121,67,0.0001688113212613324,0
135,121,68,-0.0008532844552232019,0
135,121,69,-0.001124214968615057,0
135,121,70,0.0004248595125302117,0
135,121,71,0.00131858568423962,0
135,121,72,0.001582736727749677,0
135,121,73,0.1773742795136425,0
135,121,74,0.6590704308137991,0
135,121,75,0.8862774304730657,0
135,121,76,0.3604331712657036,0
135,121,77,-0.05674807798529415,0
135,121,78,-0.2359949806721075,0
135,121,79,0.359283139063139,0
135,121,80,-0.5021810557773417,0
135,121,81,-1,0
135,121,82,0.1753616703141964,0
135,121,83,-0.04876467059603526,0
135,121,84,-0.3889430101418949,0
135,121,85,0.662579017187213,0
135,121,86,0.7336084256593191,0
135,121,87,-0.0007954734257178881,0
135,121,88,-0.003695418649210968,0
135,121,89,-0.003357005573571014,0
135,121,90,-0.001457833815072272,0
135,121,91,-0.003739182515992544,0
135,121,92,-0.002901752355197712,0
135,121,93,-0.001958479071520418,0
135,121,94,-0.003229882482060767,0
135,121,95,-0.001997724023213951,0
135,121,96,-0.002376129237416567,0
135,121,97,-0.002231904339590314,0
135,121,98,-0.0006894971438050975,0
135,121,99,-0.002908704981667829,0
135,121,100,-0.0008603833012549128,0
135,121,101,0.001009232318031962,0
135,121,102,-0.3058016196939443,0
135,121,103,0.4540842942213568,0
135,121,104,0.6132823985801702,0
135,121,105,-0.09437905636666923,0
135,121,106,-0.2386068792217964,0
135,121,107,-0.04592354600489834,0
135,121,108,0.3455161342715856,0
135,121,109,-0.5121800400112202,0
135,121,110,-0.6041920118370578,0
135,121,111,0.4117116366239169,0
135,121,112,-0.01368349868904695,0
135,121,113,-0.329400164216089,0
135,121,114,0.5452899105816419,0
135,121,115,0.3630647978921098,0
135,121,116,-0.001242364333137623,0
135,121,117,-0.001738601365292391,0
135,121,118,-0.002314594700099528,0
135,121,119,-0.002372949502545836,0
135,121,120,-0.003186932297062534,0
135,121,121,-0.002700916342115133,0
135,121,122,-0.00397230717441724,0
135,121,123,-0.002766311554582041,0
135,121,124,-0.004969034572484802,0
135,121,125,-0.002714389383113295,0
135,121,126,-0.6856818919044595,0
135,121,127,-0.003053520390570589,0
135,121,128,-0.6342655204198414,0
135,121,129,-0.4585476323977445,0
135,121,130,0.03726064315376013,0
135,121,131,-0.4242228704944788,0
135,121,132,0.4033569433099383,0
135,121,133,0.02496420630086411,0
135,121,134,0.2698503674720032,0
135,121,135,-4.316185202032941e-05,0
135,121,136,-0.0001033127747740508,0
135,121,137,-0.0002038059725636207,0
135,121,138,-0.0003816070732847563,0
135,121,139,-0.000695469948158841,0
135,121,140,-0.03662871638427994,0
135,121,141,-0.002636914598729964,0
135,121,142,0.05815227515602581,0
135,121,143,0.06201404923215477,0
135,121,144,-6.988749962816724e-05,0
135,121,145,-0.0001678503929106381,0
135,121,146,-0.0003330819570504307,0
135,121,147,-0.0006307357562516855,0
135,121,148,-0.001175191362455875,0
135,121,149,-0.0741748841306538,0
135,121,150,-0.03360064050579328,0
135,121,151,0.06721410175756112,0
135,121,152,0.08980926500618329,0
135,121,153,-6.999765844030002e-05,0
135,121,154,-0.000168706859084903,0
135,121,155,-0.0003368773875431322,0
135,121,156,-0.0006453893537501722,0
135,121,157,-0.001229662291012988,0
135,121,158,-0.0902613163214304,0
135,121,159,-0.06629093071822841,0
135,121,160,0.03462665630885132,0
135,121,161,0.07390450820253532,0
135,121,162,-4.325654324950606e-05,0
135,121,163,-0.0001045134761810308,0
135,121,164,-0.0002093924026860308,0
135,121,165,-0.0004029010036304727,0
135,121,166,-0.000770345496917488,0
135,121,167,-0.06239873459866211,0
135,121,168,-0.05765646184029738,0
135,121,169,0.003319380629857248,0
135,121,170,0.03656899560879864,0
136,122,0,-0.0002529900333248668,0
136,122,1,0.0002206124308188053,0
136,122,2,0.0007961224611334128,0
136,122,3,-0.0005275303261668727,0
136,122,4,-1.476221008967967e-05,0
136,122,5,0.000663470567658792,0
136,122,6,-0.0008493811921484972,0
136,122,7,-0.0003270258676283289,0
136,122,8,0.000389921943868657,0
136,122,9,-0.001326055259392889,0
136,122,10,-0.0007858595411492945,0
136,122,11,-9.217558452695482e-05,0
136,122,12,-0.002350373780018617,0
136,122,13,-0.00165515920410986,0
136,122,14,-0.00103610650499349,0
136,122,15,-0.7216881536133271,0
136,122,16,-0.4828692780317826,0
136,122,17,-0.6476563240316355,0
136,122,18,-0.9288506187321011,0
136,122,19,-0.6214103516227959,0
136,122,20,-0.186567979944704,0
136,122,21,-0.6716431866410763,0
136,122,22,-0.4493304089019806,0
136,122,23,0.2314166713433682,0
136,122,24,-0.3031816890806959,0
136,122,25,-0.2028357021045551,0
136,122,26,0.3315663654200955,0
136,122,27,-1.550791743453743e-05,0
136,122,28,0.2728221140648515,0
136,122,29,-0.0001384976011375813,0
136,122,30,0.0007645090334200933,0
136,122,31,0.001297971552716458,0
136,122,32,-0.0002809767142448627,0
136,122,33,0.0005405469782252093,0
136,122,34,0.001104925326437219,0
136,122,35,-0.0004059303465941002,0
136,122,36,0.0001949500268796309,0
136,122,37,0.0007234348398317597,0
136,122,38,-0.0004485405714757071,0
136,122,39,-0.0002739423536447631,0
136,122,40,0.0001353005424472134,0
136,122,41,-0.0002063685897502968,0
136,122,42,-0.0009047288198675448,0
136,122,43,-0.0007546826218938413,0
136,122,44,0.1428036687200974,0
136,122,45,-0.3858971195028913,0
136,122,46,-0.5189872445796772,0
136,122,47,0.2582531565903049,0
136,122,48,0.03406685324626502,0
136,122,49,-0.08270591972922338,0
136,122,50,0.345610076262088,0
136,122,51,0.4031961721511793,0
136,122,52,0.3100016100310162,0
136,122,53,0.249136858972507,0
136,122,54,0.4131021992209014,0
136,122,55,0.2447085759819865,0
136,122,56,0.2027751027484752,0
136,122,57,0.04856892096607187,0
136,122,58,3.549264438655326e-05,0
136,122,59,0.001024839798941839,0
136,122,60,0.001310216004510993,0
136,122,61,6.75484763132617e-05,0
136,122,62,0.0009080404507581948,0
136,122,63,0.001140167658639839,0
136,122,64,0.0001358670264173171,0
136,122,65,0.0006731484912831804,0
136,122,66,0.0008242180042193332,0
136,122,67,0.0003765907708378672,0
136,122,68,0.0004000625802917537,0
136,122,69,0.0004307355117779918,0
136,122,70,0.001191834222017757,0
136,122,71,0.000302669167068648,0
136,122,72,0.0001324627516748644,0
136,122,73,0.6329204126698521,0
136,122,74,0.03767190416341362,0
136,122,75,0.04969568404451787,0
136,122,76,1,0
136,122,77,0.6074961193072831,0
136,122,78,0.247701387067595,0
136,122,79,0.9994655096705967,0
136,122,80,0.8990275724423186,0
136,122,81,0.309524262958719,0
136,122,82,0.6314172672880888,0
136,122,83,0.6042813018019438,0
136,122,84,-0.08654349509824939,0
136,122,85,0.03609493798630618,0
136,122,86,-0.5197198753197066,0
136,122,87,0.0001939149675045885,0
136,122,88,0.0008927957260912148,0
136,122,89,0.0008149866992118688,0
136,122,90,0.0003603820801945985,0
136,122,91,0.0009168720165849735,0
136,122,92,0.0007212394700399398,0
136,122,93,0.0005017431817086263,0
136,122,94,0.0008372839742742017,0
136,122,95,0.000554981311547858,0
136,122,96,0.0006588656550926491,0
136,122,97,0.0007234700966357024,0
136,122,98,0.0003915750602514075,0
136,122,99,0.0009211553408745211,0
136,122,100,0.0007588173966912714,0
136,122,101,0.0004244626394546157,0
136,122,102,0.2498337154672138,0
136,122,103,0.204111067997092,0
136,122,104,0.2738418424363615,0
136,122,105,0.3446585845554927,0
136,122,106,0.4146985062862491,0
136,122,107,0.3331049997009422,0
136,122,108,0.257073501063416,0
136,122,109,0.4020482592328878,0
136,122,110,0.2307250838184424,0
136,122,111,0.1427529021894868,0
136,122,112,0.03117124173624812,0
136,122,113,-0.189422583026115,0
136,122,114,-0.3863051464141051,0
136,122,115,-0.6481959723942208,0
136,122,116,0.0002870833292765427,0
136,122,117,0.0004169805610976348,0
136,122,118,0.0005198448234959665,0
136,122,119,0.0005628743039500703,0
136,122,120,0.0006591787419675315,0
136,122,121,0.0006284628300104611,0
136,122,122,0.0006388091037964354,0
136,122,123,0.000606036595523622,0
136,122,124,0.0002539371129523411,0
136,122,125,0.000476632399681154,0
136,122,126,-0.3040790255049321,0
136,122,127,0.0001529585444198061,0
136,122,128,-0.6742564565672315,0
136,122,129,-0.2034390614903799,0
136,122,130,-0.9306562416712758,0
136,122,131,-0.4510680909642879,0
136,122,132,-0.7202069776829813,0
136,122,133,-0.6225840521900137,0
136,122,134,-0.4817971964608082,0
136,122,135,1.218118983161604e-05,0
136,122,136,3.149779452323407e-05,0
136,122,137,7.183242632671805e-05,0
136,122,138,0.0001699733014507525,0
136,122,139,0.0004375087933125947,0
136,122,140,0.06548676122776269,0
136,122,141,0.08421080799427211,0
136,122,142,0.0608815958475494,0
136,122,143,0.02748091015612271,0
136,122,144,1.78403276539562e-05,0
136,122,145,4.414417699807789e-05,0
136,122,146,9.274859383122956e-05,0
136,122,147,0.0001932038082417533,0
136,122,148,0.0004166306209727575,0
136,122,149,0.05254439377465334,0
136,122,150,0.0608107237139731,0
136,122,151,0.02956338655597271,0
136,122,152,0.00490397171379768,0
136,122,153,1.568379671186329e-05,0
136,122,154,3.63987683475055e-05,0
136,122,155,6.689099992150746e-05,0
136,122,156,0.0001072504584188827,0
136,122,157,0.0001311639988265084,0
136,122,158,-0.004872191291020602,0
136,122,159,-0.02983513120462911,0
136,122,160,-0.06102164459181225,0
136,122,161,-0.05232153740502117,0
136,122,162,8.668022207046834e-06,0
136,122,163,1.88994120386532e-05,0
136,122,164,2.973744891492903e-05,0
136,122,165,2.960287993573304e-05,0
136,122,166,-3.177039887441841e-05,0
136,122,167,-0.02755448295419637,0
136,122,168,-0.06109178735899038,0
136,122,169,-0.08433062834147544,0
136,122,170,-0.06526370013146542,0
137,123,0,-0.0003001685153504166,0
137,123,1,0.0003016347262503333,0
137,123,2,0.001048171837007472,0
137,123,3,-0.0005951106602716564,0
137,123,4,4.163332032243924e-05,0
137,123,5,0.0009146533386790803,0
137,123,6,-0.0008374992193300845,0
137,123,7,-0.0002340361906660741,0
137,123,8,0.0006875350466669927,0
137,123,9,-0.0009155889189259593,0
137,123,10,-0.0004355615567212781,0
137,123,11,0.0004567918896879948,0
137,123,12,-0.000518297224514206,0
137,123,13,-0.0003215234105266815,0
137,123,14,0.0004758164283183713,0
137,123,15,0.499521215001401,0
137,123,16,0.3341317065660521,0
137,123,17,0.4499560162217267,0
137,123,18,0.3980879963786594,0
137,123,19,0.2662778512160098,0
137,123,20,-0.09136937044414427,0
137,123,21,-0.5750449310135914,0
137,123,22,-0.3847083437316444,0
137,123,23,-0.8758842887630192,0
137,123,24,-1,0
137,123,25,-0.6689845497222032,0
137,123,26,-0.3825132730704779,0
137,123,27,-1.823791008926863e-05,0
137,123,28,0.8999513639542162,0
137,123,29,-0.0001870600249473861,0
137,123,30,0.0009936503452256554,0
137,123,31,0.001680606916367458,0
137,123,32,-0.0003928232263063006,0
137,123,33,0.0007174455347105489,0
137,123,34,0.001454725129523187,0
137,123,35,-0.0006259152538666167,0
137,123,36,0.0003151189089553154,0
137,123,37,0.001035914467334187,0
137,123,38,-0.0009240721718621965,0
137,123,39,-0.0001680414520599364,0
137,123,40,0.0004910653886817698,0
137,123,41,-0.001457158225377097,0
137,123,42,-0.0006490751017586108,0
137,123,43,-3.33284557834564e-05,0
137,123,44,-0.341464382960112,0
137,123,45,0.1059745934827131,0
137,123,46,0.1437985328892027,0
137,123,47,0.183958299572273,0
137,123,48,0.05511874125304909,0
137,123,49,0.3814295062530794,0
137,123,50,0.545684089514371,0
137,123,51,-0.2860162371099485,0
137,123,52,-0.5503844879582384,0
137,123,53,0.2114093590509873,0
137,123,54,-0.142910766144312,0
137,123,55,-0.6834027326378264,0
137,123,56,0.6689135420978481,0
137,123,57,0.7096445620077186,0
137,123,58,1.690171030306557e-05,0
137,123,59,0.001304191431009827,0
137,123,60,0.001663677475953167,0
137,123,61,-8.654897006686274e-06,0
137,123,62,0.001122012454970378,0
137,123,63,0.001424707690681568,0
137,123,64,-0.0001182702917927932,0
137,123,65,0.0007297138640839543,0
137,123,66,0.0009470035380480781,0
137,123,67,-0.0004184180164678184,0
137,123,68,9.619733441343282e-05,0
137,123,69,0.0002111630613377163,0
137,123,70,-0.001278174994114205,0
137,123,71,-0.0009318492362528481,0
137,123,72,-0.0009135608451014163,0
137,123,73,-0.944600678890025,0
137,123,74,-0.525059680580196,0
137,123,75,-0.705306341754079,0
137,123,76,-0.6064757535115043,0
137,123,77,-0.1222127660921639,0
137,123,78,0.6857019927371248,0
137,123,79,0.6095898813927262,0
137,123,80,-0.001313352014841063,0
137,123,81,0.5440528850119427,0
137,123,82,0.9435063387081605,0
137,123,83,0.1231944768324628,0
137,123,84,-0.3828972812151225,0
137,123,85,0.5274659381713881,0
137,123,86,-0.139531269046389,0
137,123,87,0.0002397844463940997,0
137,123,88,0.001125734353001582,0
137,123,89,0.00101954125401444,0
137,123,90,0.0004348330928472412,0
137,123,91,0.001127000559654679,0
137,123,92,0.0008670023966877089,0
137,123,93,0.0005673744603458002,0
137,123,94,0.0009336102355529906,0
137,123,95,0.0005462224438859062,0
137,123,96,0.0006376484674827605,0
137,123,97,0.0005157379562921343,0
137,123,98,1.20895908469585e-05,0
137,123,99,0.000649842180799475,0
137,123,100,-0.0002380302444052033,0
137,123,101,-0.0009075931210784703,0
137,123,102,-0.213497559342528,0
137,123,103,-0.6670540501207893,0
137,123,104,-0.8979504615945394,0
137,123,105,-0.5465340638722759,0
137,123,106,0.1440785443590807,0
137,123,107,0.3860218473526048,0
137,123,108,-0.1813105959591364,0
137,123,109,0.2831065095193488,0
137,123,110,0.8727797951073422,0
137,123,111,0.342651219652383,0
137,123,112,-0.05538285318460195,0
137,123,113,0.08867685475935957,0
137,123,114,-0.1037140484352626,0
137,123,115,-0.447917245315918,0
137,123,116,0.0003885399175134682,0
137,123,117,0.0005319516540424297,0
137,123,118,0.0007371577872028581,0
137,123,119,0.0007309435010396896,0
137,123,120,0.001065302157365748,0
137,123,121,0.0008425106681536399,0
137,123,122,0.001491706481803704,0
137,123,123,0.0008962303512485109,0
137,123,124,0.002361916346288675,0
137,123,125,0.0009849393336361244,0
137,123,126,0.9997749547611247,0
137,123,127,0.001455522929810309,0
137,123,128,0.5707150971974206,0
137,123,129,0.6687559221772914,0
137,123,130,-0.3991095825545469,0
137,123,131,0.3817606924554744,0
137,123,132,-0.4976706893716178,0
137,123,133,-0.2670028318487267,0
137,123,134,-0.3329300793454557,0
137,123,135,1.148536804559844e-05,0
137,123,136,2.549937425451312e-05,0
137,123,137,4.211375918788011e-05,0
137,123,138,4.927390790199584e-05,0
137,123,139,-1.468142653928323e-05,0
137,123,140,-0.04514613868546894,0
137,123,141,-0.03596964621184916,0
137,123,142,0.05198003722323739,0
137,123,143,0.09038391305593463,0
137,123,144,2.020120113828909e-05,0
137,123,145,4.736357488238115e-05,0
137,123,146,8.934789776061086e-05,0
137,123,147,0.0001530032105107744,0
137,123,148,0.0002308369108891268,0
137,123,149,-0.01424015120669248,0
137,123,150,-0.05257790653690973,0
137,123,151,0.002667976793590853,0
137,123,152,0.07127908494109331,0
137,123,153,2.213510813398769e-05,0
137,123,154,5.455373148051718e-05,0
137,123,155,0.0001138895706460496,0
137,123,156,0.0002359967669490163,0
137,123,157,0.0005117789118961109,0
137,123,158,0.07118065121581488,0
137,123,159,0.00224727875245395,0
137,123,160,-0.05242566781976846,0
137,123,161,-0.01399607853475861,0
137,123,162,1.458506095567951e-05,0
137,123,163,3.704880370781671e-05,0
137,123,164,8.146889527639357e-05,0
137,123,165,0.0001816264990294703,0
137,123,166,0.0004281734402832894,0
137,123,167,0.09045383355992137,0
137,123,168,0.05162611265444759,0
137,123,169,-0.03604979317187272,0
137,123,170,-0.04497047006795013,0
138,124,0,0.0004099845058469318,0
138,124,1,-0.0003809217907803809,0
138,124,2,-0.001350968428742476,0
138,124,3,0.0008371273499719473,0
138,124,4,-1.060549930472946e-05,0
138,124,5,-0.001149783844915774,0
138,124,6,0.001277712916297194,0
138,124,7,0.0004403662942138263,0
138,124,8,-0.0007631873805298849,0
138,124,9,0.001763491188588778,0
138,124,10,0.0009823606142436677,0
138,124,11,-0.0001833547661850306,0
138,124,12,0.002454779551047195,0
138,124,13,0.001703708520354683,0
138,124,14,0.0006584161380051508,0
138,124,15,0.5850565228568412,0
138,124,16,0.39147890938132,0
138,124,17,0.524621449766898,0
138,124,18,-0.3232149224245383,0
138,124,19,-0.2161635337069234,0
138,124,20,-0.8172851340473312,0
138,124,21,-0.5134359619869612,0
138,124,22,-0.3434338855133702,0
138,124,23,-0.1710965045633662,0
138,124,24,0.07934327869170497,0
138,124,25,0.05310586466698849,0
138,124,26,0.5335778098176613,0
138,124,27,2.491846310688474e-05,0
138,124,28,-0.07134245135461278,0
138,124,29,0.0002375837355050402,0
138,124,30,-0.001289946743611206,0
138,124,31,-0.002186334390899036,0
138,124,32,0.0004900762972093375,0
138,124,33,-0.0009206847534011434,0
138,124,34,-0.001874971631010672,0
138,124,35,0.0007445772613643703,0
138,124,36,-0.0003633194310126538,0
138,124,37,-0.001274256877632557,0
138,124,38,0.0009743340401507572,0
138,124,39,0.0003633801156006293,0
138,124,40,-0.0003998123471193346,0
138,124,41,0.001151233161570725,0
138,124,42,0.001275289763421683,0
138,124,43,0.0007801108628252086,0
138,124,44,0.284666584057379,0
138,124,45,0.5804351492671771,0
138,124,46,0.7799147541117614,0
138,124,47,0.08155306206448938,0
138,124,48,-0.5528914012970868,0
138,124,49,-1,0
138,124,50,0.1156581275701923,0
138,124,51,-0.04977793628889107,0
138,124,52,-0.1403373563672722,0
138,124,53,0.4353742185662692,0
138,124,54,0.6878766443540414,0
138,124,55,0.8213762363812031,0
138,124,56,-0.05300863611520605,0
138,124,57,-0.4631292531785644,0
138,124,58,-4.323704630042081e-05,0
138,124,59,-0.001713361850185674,0
138,124,60,-0.002188537191567045,0
138,124,61,-5.955493293071446e-05,0
138,124,62,-0.001499402691382424,0
138,124,63,-0.001891895033107879,0
138,124,64,-6.405193988994394e-05,0
138,124,65,-0.001054392681469939,0
138,124,66,-0.001321293406519476,0
138,124,67,-0.0001298910882045608,0
138,124,68,-0.0004358035493726595,0
138,124,69,-0.0005289376061279886,0
138,124,70,-0.0004516236032933923,0
138,124,71,0.0002432381579345008,0
138,124,72,0.0004025564941377204,0
138,124,73,-0.3567147452576626,0
138,124,74,0.3410696396073054,0
138,124,75,0.4592196191832502,0
138,124,76,-0.1606764927658988,0
138,124,77,-0.8507778785006053,0
138,124,78,-0.8235773832803568,0
138,124,79,0.1610125442129014,0
138,124,80,0.00340722298615168,0
138,124,81,0.1491913855450331,0
138,124,82,0.3578494965845656,0
138,124,83,0.8499225215172806,0
138,124,84,0.9985485722714069,0
138,124,85,-0.3442306238420087,0
138,124,86,-0.7851699098143365,0
138,124,87,-0.000319726255636906,0
138,124,88,-0.001486678779128926,0
138,124,89,-0.0013528718704783,0
138,124,90,-0.0005887560950110741,0
138,124,91,-0.001510664587917143,0
138,124,92,-0.001178115220949007,0
138,124,93,-0.0008013725159272661,0
138,124,94,-0.001327783183284968,0
138,124,95,-0.0008410093512093631,0
138,124,96,-0.001005577445303123,0
138,124,97,-0.0009922306776796537,0
138,124,98,-0.0003928350001566848,0
138,124,99,-0.001328661381025691,0
138,124,100,-0.0006376967142950496,0
138,124,101,5.713970578317194e-05,0
138,124,102,-0.4340469312460434,0
138,124,103,0.0509210645511025,0
138,124,104,0.06960002634982207,0
138,124,105,-0.1137786553215988,0
138,124,106,-0.6882994021746001,0
138,124,107,-0.535424562156834,0
138,124,108,-0.0833233526728657,0
138,124,109,0.05514235097527432,0
138,124,110,0.1765605834434243,0
138,124,111,-0.2848064478533932,0
138,124,112,0.5516876050544031,0
138,124,113,0.817200100113683,0
138,124,114,-0.5836110737171648,0
138,124,115,-0.5288455361491492,0
138,124,116,-0.0004918589988796106,0
138,124,117,-0.0006975418212558756,0
138,124,118,-0.0009091767226761616,0
138,124,119,-0.0009483540312248746,0
138,124,120,-0.001224218483751098,0
138,124,121,-0.00107329382146519,0
138,124,122,-0.001434132034315305,0
138,124,123,-0.001080791857791508,0
138,124,124,-0.001509153918760425,0
138,124,125,-0.001001154119141023,0
138,124,126,-0.07861264309153577,0
138,124,127,-0.0009260847216167456,0
138,124,128,0.5164422021592624,0
138,124,129,-0.05253716637923424,0
138,124,130,0.3203388477055565,0
138,124,131,0.345510468561613,0
138,124,132,-0.5876247055136844,0
138,124,133,0.2143098203372013,0
138,124,134,-0.3930930095621473,0
138,124,135,-1.797290802619553e-05,0
138,124,136,-4.405903025519295e-05,0
138,124,137,-9.113946901188029e-05,0
138,124,138,-0.0001856443196598877,0
138,124,139,-0.0003899393270026437,0
138,124,140,-0.05291381295906058,0
138,124,141,0.02915307935400863,0
138,124,142,0.04635168574452101,0
138,124,143,-0.007171912713883122,0
138,124,144,-2.826685007815384e-05,0
138,124,145,-6.852773215318553e-05,0
138,124,146,-0.000138581219832427,0
138,124,147,-0.0002716521367231199,0
138,124,148,-0.0005380767184955694,0
138,124,149,-0.07864960952091052,0
138,124,150,0.02177323132225238,0
138,124,151,0.03589967817467039,0
138,124,152,-0.04649311051052717,0
138,124,153,-2.729374579682035e-05,0
138,124,154,-6.515672804817153e-05,0
138,124,155,-0.0001275449734208306,0
138,124,156,-0.000235238089727897,0
138,124,157,-0.0004168580260695625,0
138,124,158,-0.04640556671695307,0
138,124,159,0.0362967528032364,0
138,124,160,0.0213652599423576,0
138,124,161,-0.07880744223188822,0
138,124,162,-1.636990052348546e-05,0
138,124,163,-3.8561450234159e-05,0
138,124,164,-7.325346516783471e-05,0
138,124,165,-0.0001269702541186747,0
138,124,166,-0.0001961141425431451,0
138,124,167,-0.007152723942372172,0
138,124,168,0.04660288434642774,0
138,124,169,0.02890741998414601,0
138,124,170,-0.05307876181829146,0
139,125,0,-3.90774542607382e-05,0
139,125,1,3.454917979724071e-05,0
139,125,2,0.0001241916072244549,0
139,125,3,-8.225308248884895e-05,0
139,125,4,-2.326639223928079e-06,0
139,125,5,0.0001030258379440003,0
139,125,6,-0.0001372388999577524,0
139,125,7,-5.42327566961767e-05,0
139,125,8,5.653071703448651e-05,0
139,125,9,-0.0002412678000748443,0
139,125,10,-0.0001464070485347261,0
139,125,11,-4.203891307033435e-05,0
139,125,12,-0.000564660236464871,0
139,125,13,-0.0003963667510672237,0
139,125,14,-0.0003174677450607578,0
139,125,15,-0.6149124866900371,0
139,125,16,-0.4113706592995499,0
139,125,17,-0.5529609862896243,0
139,125,18,-0.6426509459902856,0
139,125,19,-0.4299176968456805,0
139,125,20,-0.02498473090165641,0
139,125,21,-0.3998693358006312,0
139,125,22,-0.2675023426595446,0
139,125,23,0.2184925233239866,0
139,125,24,-0.2351183712076763,0
139,125,25,-0.1572886481957311,0
139,125,26,0.1482683185401412,0
139,125,27,-2.392519491947978e-06,0
139,125,28,0.2116001460809598,0
139,125,29,-2.081722417928086e-05,0
139,125,30,0.0001196810907689578,0
139,125,31,0.0002028846245691547,0
139,125,32,-4.043323078058215e-05,0
139,125,33,8.627564204750843e-05,0
139,125,34,0.0001741993236604514,0
139,125,35,-4.730692718654928e-05,0
139,125,36,3.844539951206131e-05,0
139,125,37,0.0001208070376768771,0
139,125,38,1.005340228691245e-05,0
139,125,39,-7.272429264843971e-06,0
139,125,40,5.577005963103663e-05,0
139,125,41,0.0003724974812420984,0
139,125,42,2.522402388374681e-05,0
139,125,43,4.089673334921939e-05,0
139,125,44,0.6985990488542293,0
139,125,45,0.05632579905003159,0
139,125,46,0.07545801816368354,0
139,125,47,1,0
139,125,48,0.650391499964957,0
139,125,49,0.2462736665538272,0
139,125,50,0.8610917774553543,0
139,125,51,0.7384420429444811,0
139,125,52,0.0934702904193192,0
139,125,53,0.4438026155895943,0
139,125,54,0.4070933062235546,0
139,125,55,-0.2272967305363138,0
139,125,56,0.1572792991561463,0
139,125,57,-0.1878268468449485,0
139,125,58,5.025763955500248e-06,0
139,125,59,0.0001597082551893504,0
139,125,60,0.0002040375974981269,0
139,125,61,8.364528493883837e-06,0
139,125,62,0.0001413925419051029,0
139,125,63,0.0001777866914594516,0
139,125,64,1.286247508455093e-05,0
139,125,65,0.0001049808870065543,0
139,125,66,0.0001300454031732915,0
139,125,67,2.570423440020558e-05,0
139,125,68,6.500612322470944e-05,0
139,125,69,7.673514529522131e-05,0
139,125,70,4.150285285773768e-05,0
139,125,71,6.500299573092e-05,0
139,125,72,6.911001204953367e-05,0
139,125,73,0.1253904089330421,0
139,125,74,0.1399730034395843,0
139,125,75,0.1882827297004617,0
139,125,76,0.1043373581944905,0
139,125,77,0.2528524284984979,0
139,125,78,0.2273292382162111,0
139,125,79,-0.1045768318621614,0
139,125,80,-0.0004827138479609529,0
139,125,81,-0.09455252032548923,0
139,125,82,-0.1253278999077873,0
139,125,83,-0.2527891031169833,0
139,125,84,-0.2459742401998033,0
139,125,85,-0.1396115666306413,0
139,125,86,-0.07503389833762178,0
139,125,87,2.951827347972278e-05,0
139,125,88,0.000138475396361576,0
139,125,89,0.000126070968221643,0
139,125,90,5.275946464532293e-05,0
139,125,91,0.0001405040613825451,0
139,125,92,0.0001097388172522231,0
139,125,93,6.30822116192188e-05,0
139,125,94,0.0001209189039964294,0
139,125,95,7.638175647318471e-05,0
139,125,96,3.632181108772807e-05,0
139,125,97,7.294218532348501e-05,0
139,125,98,1.978962879463906e-05,0
139,125,99,-0.0001484130155820835,0
139,125,100,-5.132724521616891e-05,0
139,125,101,-0.0001076632900227886,0
139,125,102,-0.4444389047765805,0
139,125,103,-0.15736306198392,0
139,125,104,-0.211577616234481,0
139,125,105,-0.8616548023672738,0
139,125,106,-0.4074424073662217,0
139,125,107,-0.1481597052684901,0
139,125,108,-0.9998035001699064,0
139,125,109,-0.7391127317966721,0
139,125,110,-0.2188830879006125,0
139,125,111,-0.6980798859191732,0
139,125,112,-0.6498218385421329,0
139,125,113,0.0255781925102123,0
139,125,114,-0.0557723681169737,0
139,125,115,0.5532380995671881,0
139,125,116,4.559498006801506e-05,0
139,125,117,6.491793172489792e-05,0
139,125,118,8.436260812520634e-05,0
139,125,119,8.814920215503339e-05,0
139,125,120,0.000115876275020881,0
139,125,121,9.975159313725458e-05,0
139,125,122,0.0001536664127030353,0
139,125,123,0.0001018016220463528,0
139,125,124,0.000269111093758569,0
139,125,125,0.0001052614107982169,0
139,125,126,0.2353288327466794,0
139,125,127,0.0001689980736955241,0
139,125,128,0.3999375157636136,0
139,125,129,0.1574215231046066,0
139,125,130,0.643134134576114,0
139,125,131,0.2675414458212979,0
139,125,132,0.6147106441934804,0
139,125,133,0.4302327565984088,0
139,125,134,0.4112191016407931,0
139,125,135,1.881855707166845e-06,0
139,125,136,5.000060942473491e-06,0
139,125,137,1.227691137715119e-05,0
139,125,138,3.39197015502151e-05,0
139,125,139,0.0001122189518735469,0
139,125,140,0.05552299349953006,0
139,125,141,0.05801513744858784,0
139,125,142,0.0360966205858723,0
139,125,143,0.02122385779865322,0
139,125,144,2.649670444093034e-06,0
139,125,145,6.352128216506459e-06,0
139,125,146,1.227115959563952e-05,0
139,125,147,2.031598603061713e-05,0
139,125,148,1.819720477877243e-05,0
139,125,149,-0.007547132259461399,0
139,125,150,-0.03225190073264667,0
139,125,151,-0.04163034155643269,0
139,125,152,-0.01883616075729727,0
139,125,153,2.421707202894707e-06,0
139,125,154,5.57309892132294e-06,0
139,125,155,9.91378814566924e-06,0
139,125,156,1.397022059619881e-05,0
139,125,157,6.388227227617131e-06,0
139,125,158,-0.01887034466633062,0
139,125,159,-0.04167211663471865,0
139,125,160,-0.03219160070112343,0
139,125,161,-0.007523741261714037,0
139,125,162,1.479070415015894e-06,0
139,125,163,3.538871755452226e-06,0
139,125,164,7.247660508476852e-06,0
139,125,165,1.618017390002674e-05,0
139,125,166,4.685438344151318e-05,0
139,125,167,0.02124965054141434,0
139,125,168,0.0361043046950934,0
139,125,169,0.0580549719992598,0
139,125,170,0.05548820597201057,0
140,126,0,-0.000117243393196005,0
140,126,1,0.0001216648333221674,0
140,126,2,0.000419399222197536,0
140,126,3,-0.0002302792977824472,0
140,126,4,2.143933613727489e-05,0
140,126,5,0.000368871958256126,0
140,126,6,-0.0003163476196706749,0
140,126,7,-8.044599077093797e-05,0
140,126,8,0.0002857923190499369,0
140,126,9,-0.0003248197507744807,0
140,126,10,-0.000143616856211481,0
140,126,11,0.0002091781415332834,0
140,126,12,-0.0001399443278565349,0
140,126,13,-7.689838600530252e-05,0
140,126,14,0.00022889163052053,0
140,126,15,0.1223157027854719,0
140,126,16,0.08181740853162317,0
140,126,17,0.1101922016469769,0
140,126,18,-0.4594816811007822,0
140,126,19,-0.3073867809427823,0
140,126,20,-0.5236438650129859,0
140,126,21,-0.04744853545300191,0
140,126,22,-0.03175010039252477,0
140,126,23,0.3708061338513527,0
140,126,24,1,0
140,126,25,0.6689571193230934,0
140,126,26,0.9426831150484204,0
140,126,27,-7.102389601945815e-06,0
140,126,28,-0.9000189351088864,0
140,126,29,-7.465879496633572e-05,0
140,126,30,0.0003968718680763587,0
140,126,31,0.0006705264904273954,0
140,126,32,-0.0001566139578471128,0
140,126,33,0.0002888767162653053,0
140,126,34,0.0005833398729144109,0
140,126,35,-0.0002466865472666545,0
140,126,36,0.0001361355772654688,0
140,126,37,0.00042641749224613,0
140,126,38,-0.0003419025180725132,0
140,126,39,-2.838351612746209e-05,0
140,126,40,0.0002440992281098988,0
140,126,41,-0.0004053921683875907,0
140,126,42,-0.0001070733483424662,0
140,126,43,0.0001662265057996021,0
140,126,44,0.2954820063234557,0
140,126,45,0.2795557508936512,0
140,126,46,0.3764371753164195,0
140,126,47,0.4950881739407146,0
140,126,48,-0.05803576911025445,0
140,126,49,-0.3440300870629847,0
140,126,50,-0.5310133887296022,0
140,126,51,-0.07961902038910675,0
140,126,52,-0.5527064988302959,0
140,126,53,-0.7341678284345204,0
140,126,54,0.2095520317382346,0
140,126,55,0.7598273495365457,0
140,126,56,-0.6689847488840042,0
140,126,57,-0.239283112982206,0
140,126,58,4.092983382212049e-06,0
140,126,59,0.0005182178668246476,0
140,126,60,0.0006606702425591002,0
140,126,61,-1.25031153769094e-05,0
140,126,62,0.0004430866717070847,0
140,126,63,0.0005641160770904721,0
140,126,64,-7.584373333811903e-05,0
140,126,65,0.0002799770705272068,0
140,126,66,0.0003694111065332742,0
140,126,67,-0.0002592588837270446,0
140,126,68,7.756946945250108e-06,0
140,126,69,6.439667619071425e-05,0
140,126,70,-0.0008200669566859962,0
140,126,71,-0.0004588050085665775,0
140,126,72,-0.000411385989495692,0
140,126,73,-0.6811716310008469,0
140,126,74,-0.1758989902035877,0
140,126,75,-0.2359528055373239,0
140,126,76,0.5430831575811058,0
140,126,77,0.1075793471622137,0
140,126,78,0.7577750195972919,0
140,126,79,0.5411713195716622,0
140,126,80,-0.04880358526298006,0
140,126,81,-0.5544383078838906,0
140,126,82,-0.6820519617833952,0
140,126,83,0.1085028259749953,0
140,126,84,-0.3410821004315361,0
140,126,85,-0.1778612954055717,0
140,126,86,0.3745553320497785,0
140,126,87,9.419124624896956e-05,0
140,126,88,0.000446003189067969,0
140,126,89,0.0004030490432575042,0
140,126,90,0.000168410484340734,0
140,126,91,0.000442933736992379,0
140,126,92,0.0003385762944142441,0
140,126,93,0.0002089214396716506,0
140,126,94,0.0003536513428037389,0
140,126,95,0.0001971361835443556,0
140,126,96,0.0001895653273307718,0
140,126,97,0.0001443028249372868,0
140,126,98,-6.325725011599531e-05,0
140,126,99,4.079156785926406e-06,0
140,126,100,-0.0003119329395830431,0
140,126,101,-0.0006002489949404028,0
140,126,102,-0.7354556740778375,0
140,126,103,-0.667375520420014,0
140,126,104,-0.8978502407405495,0
140,126,105,-0.5294831078613046,0
140,126,106,0.2090472762188695,0
140,126,107,0.9431662557812726,0
140,126,108,0.4957265035899304,0
140,126,109,-0.08048552435336927,0
140,126,110,0.3682591339669291,0
140,126,111,0.2940853210776045,0
140,126,112,-0.05679145971964977,0
140,126,113,-0.5225562833649057,0
140,126,114,0.2784041847548964,0
140,126,115,0.1098783466751489,0
140,126,116,0.0001568011783916808,0
140,126,117,0.0002114151444735736,0
140,126,118,0.0003012421967232354,0
140,126,119,0.0002918773408783795,0
140,126,120,0.0004506036429239219,0
140,126,121,0.0003394213340875005,0
140,126,122,0.0006852679252541447,0
140,126,123,0.0003712695107195009,0
140,126,124,0.001264963747383543,0
140,126,125,0.000443556160282452,0
140,126,126,0.9987234448027843,0
140,126,127,0.0007825791276937374,0
140,126,128,-0.04930549140604451,0
140,126,129,0.6680837507876756,0
140,126,130,-0.458512018510644,0
140,126,131,-0.03299562777001797,0
140,126,132,0.1220931467815209,0
140,126,133,-0.3067336291009939,0
140,126,134,0.0816736009482001,0
140,126,135,4.225772896472034e-06,0
140,126,136,9.014027856652283e-06,0
140,126,137,1.349490419130244e-05,0
140,126,138,1.117623124606772e-05,0
140,126,139,-2.204638564438324e-05,0
140,126,140,-0.01104078958056833,0
140,126,141,0.04145779590749624,0
140,126,142,0.004283025055121485,0
140,126,143,-0.09022246486497459,0
140,126,144,7.729597936705813e-06,0
140,126,145,1.773737415074083e-05,0
140,126,146,3.169797133875637e-05,0
140,126,147,4.675255534956218e-05,0
140,126,148,3.6750179730429e-05,0
140,126,149,-0.03768609591230084,0
140,126,150,-0.003204031755447789,0
140,126,151,0.05219579072549806,0
140,126,152,-0.02398225276425976,0
140,126,153,8.945085249349013e-06,0
140,126,154,2.22420173348868e-05,0
140,126,155,4.712826303399742e-05,0
140,126,156,9.95409511203689e-05,0
140,126,157,0.0002196938585886174,0
140,126,158,0.02380269463689747,0
140,126,159,-0.05219469157989761,0
140,126,160,0.003371075488353611,0
140,126,161,0.03755499456926562,0
140,126,162,6.163893727639564e-06,0
140,126,163,1.616275653620047e-05,0
140,126,164,3.766523680537511e-05,0
140,126,165,9.176906359917376e-05,0
140,126,166,0.0002441924846855022,0
140,126,167,0.09015767935006881,0
140,126,168,-0.004427472118630613,0
140,126,169,-0.04135891664448083,0
140,126,170,0.01101961080304625,0
141,127,0,-0.0001515320311982755,0
141,127,1,0.0001452552923757901,0
141,127,2,0.0005109305592807054,0
141,127,3,-0.00030506715164045,0
141,127,4,1.113337129618001e-05,0
141,127,5,0.0004400065652321494,0
141,127,6,-0.0004466345375699918,0
141,127,7,-0.0001410061297570944,0
141,127,8,0.0003124833334500399,0
141,127,9,-0.0005409844720268221,0
141,127,10,-0.0002814892569413115,0
141,127,11,0.000160348753752621,0
141,127,12,-0.000456744258924728,0
141,127,13,-0.0003082756227885978,0
141,127,14,0.0001007484878813398,0
141,127,15,0.4893076065287753,0
141,127,16,0.3273047109843607,0
141,127,17,0.4407188501017605,0
141,127,18,0.1670706774004037,0
141,127,19,0.1117466325356405,0
141,127,20,-0.29006301582656,0
141,127,21,-0.7804822576164735,0
141,127,22,-0.5221278906436245,0
141,127,23,-0.8528330955130058,0
141,127,24,-0.09414323429301326,0
141,127,25,-0.06298866493817738,0
141,127,26,0.6176774540491486,0
141,127,27,-9.160684126688883e-06,0
141,127,28,0.08470447066583998,0
141,127,29,-9.102785481767134e-05,0
141,127,30,0.0004860319667465274,0
141,127,31,0.0008232976481141138,0
141,127,32,-0.000190860399782041,0
141,127,33,0.0003472323863035834,0
141,127,34,0.0007075632037778588,0
141,127,35,-0.0003062041496401637,0
141,127,36,0.0001371141499684013,0
141,127,37,0.000484524015557816,0
141,127,38,-0.0004778472845369576,0
141,127,39,-0.0001467110531642481,0
141,127,40,0.0001564271741139404,0
141,127,41,-0.000928450319853013,0
141,127,42,-0.0005660071209202121,0
141,127,43,-0.0003232017162901175,0
141,127,44,-0.8678709721770161,0
141,127,45,-0.2530175428758401,0
141,127,46,-0.3396085070241098,0
141,127,47,0.1169006147042356,0
141,127,48,-0.1374142644794441,0
141,127,49,0.5961918683598277,0
141,127,50,0.6169401048625951,0
141,127,51,-0.2212045728523624,0
141,127,52,-0.4028232631907324,0
141,127,53,0.8085508196814347,0
141,127,54,1,0
141,127,55,0.7901066033975336,0
141,127,56,0.06295295082608286,0
141,127,57,-0.6430100062949374,0
141,127,58,1.34023006684497e-05,0
141,127,59,0.0006430210811306045,0
141,127,60,0.0008211017447804232,0
141,127,61,1.336863544039002e-05,0
141,127,62,0.0005590250222014144,0
141,127,63,0.0007070396461529976,0
141,127,64,-2.357719151220195e-06,0
141,127,65,0.0003810050130995917,0
141,127,66,0.0004827193830874498,0
141,127,67,-2.849233793063783e-05,0
141,127,68,0.000111821629708007,0
141,127,69,0.0001489631457736712,0
141,127,70,-4.955131752224191e-05,0
141,127,71,-0.000273593730832968,0
141,127,72,-0.0003358253701643066,0
141,127,73,-0.3340537356991379,0
141,127,74,-0.4759049361289643,0
141,127,75,-0.6402148830571198,0
141,127,76,-0.1201642224158757,0
141,127,77,0.3627566229834594,0
141,127,78,0.7886889882002673,0
141,127,79,-0.1209074192689588,0
141,127,80,-0.3803025019515012,0
141,127,81,-0.4034978324523388,0
141,127,82,-0.3336299204375464,0
141,127,83,0.3640911168511707,0
141,127,84,0.5986484420944677,0
141,127,85,-0.4779496425584138,0
141,127,86,-0.342752300684022,0
141,127,87,0.0001197047823462908,0
141,127,88,0.00055734805554146,0
141,127,89,0.0005066536161020727,0
141,127,90,0.000221331555907346,0
141,127,91,0.0005646692706435044,0
141,127,92,0.0004390553733354716,0
141,127,93,0.0003076406376365499,0
141,127,94,0.000492759839260769,0
141,127,95,0.0003076323859077381,0
141,127,96,0.0004232071556724804,0
141,127,97,0.000366403326452997,0
141,127,98,0.0001337467397988347,0
141,127,99,0.000751700760576512,0
141,127,100,0.0002761175649117245,0
141,127,101,-8.801026433474534e-06,0
141,127,102,0.8077906845188038,0
141,127,103,0.06453611518535321,0
141,127,104,0.08619590444081682,0
141,127,105,0.616917800501216,0
141,127,106,0.9989334046447226,0
141,127,107,0.6169378422753372,0
141,127,108,0.115975491222018,0
141,127,109,-0.2223303788306793,0
141,127,110,-0.8543308113029192,0
141,127,111,-0.8688179027107762,0
141,127,112,-0.1362359086811228,0
141,127,113,-0.2876606432331018,0
141,127,114,-0.2547662490390138,0
141,127,115,0.4391842424844553,0
141,127,116,0.0001861394216492135,0
141,127,117,0.0002619086029997747,0
141,127,118,0.0003460726444228048,0
141,127,119,0.0003569398100036039,0
141,127,120,0.0004716523402754114,0
141,127,121,0.0004056137878902918,0
141,127,122,0.0005607896955898503,0
141,127,123,0.0004123045361387092,0
141,127,124,0.0005647864844121767,0
141,127,125,0.000387583826702839,0
141,127,126,-0.09530373124209224,0
141,127,127,0.0003433539470664417,0
141,127,128,-0.7808461733172484,0
141,127,129,-0.06377592412192094,0
141,127,130,0.168380763986602,0
141,127,131,-0.5223699683625691,0
141,127,132,0.48798957832006,0
141,127,133,0.1126351923816328,0
141,127,134,0.3264450618154042,0
141,127,135,6.273937343860442e-06,0
141,127,136,1.471818222462207e-05,0
141,127,137,2.744254840045876e-05,0
141,127,138,4.352398887861426e-05,0
141,127,139,4.050897060593448e-05,0
141,127,140,-0.0441139014206639,0
141,127,141,-0.01505745008917944,0
141,127,142,0.07039034554874631,0
141,127,143,0.008492090245911648,0
141,127,144,1.039894036814195e-05,0
141,127,145,2.508994130246389e-05,0
141,127,146,5.050542295945333e-05,0
141,127,147,9.968313423207232e-05,0
141,127,148,0.0002077641833138266,0
141,127,149,0.03417722466640698,0
141,127,150,-0.02559094262149512,0
141,127,151,0.01475690710161559,0
141,127,152,-0.06442336430677212,0
141,127,153,1.04704655742843e-05,0
141,127,154,2.539796690402593e-05,0
141,127,155,5.154325695849735e-05,0
141,127,156,0.0001025986725985655,0
141,127,157,0.0002130328555118271,0
141,127,158,0.06430242142282679,0
141,127,159,-0.01475570405266993,0
141,127,160,0.02565916237385383,0
141,127,161,-0.03433682772447004,0
141,127,162,6.396287079304461e-06,0
141,127,163,1.530687329348952e-05,0
141,127,164,2.975634814726337e-05,0
141,127,165,5.226959892323864e-05,0
141,127,166,7.403814209638472e-05,0
141,127,167,-0.008571665470597709,0
141,127,168,-0.07040280015991683,0
141,127,169,0.01519380548006419,0
141,127,170,0.04401186646430986,0
142,128,0,-0.0001161771998891359,0
142,128,1,0.0001059702042609525,0
142,128,2,0.0003777002572115333,0
142,128,3,-0.0002394457100258972,0
142,128,4,-3.81610438306276e-07,0
142,128,5,0.0003189193089424862,0
142,128,6,-0.0003752916400844211,0
142,128,7,-0.0001357003646240375,0
142,128,8,0.0002013925389915538,0
142,128,9,-0.0005573395426539473,0
142,128,10,-0.0003204845270675764,0
142,128,11,4.570200396270586e-06,0
142,128,12,-0.0009313963844382628,0
142,128,13,-0.0006506846403227091,0
142,128,14,-0.0003661589836687687,0
142,128,15,-0.5998833720163681,0
142,128,16,-0.4013337493695416,0
142,128,17,-0.5391535052970539,0
142,128,18,0.5098422628070569,0
142,128,19,0.3410492716601936,0
142,128,20,0.9987035626284352,0
142,128,21,0.0265148471353819,0
142,128,22,0.01772677461307687,0
142,128,23,-0.435024767886157,0
142,128,24,0.1489833981869689,0
142,128,25,0.09965664630919971,0
142,128,26,0.1101998261695231,0
142,128,27,-7.050930997157431e-06,0
142,128,28,-0.1341038786631763,0
142,128,29,-6.567805427607816e-05,0
142,128,30,0.0003616129250498206,0
142,128,31,0.0006130739791668704,0
142,128,32,-0.0001338195741633614,0
142,128,33,0.0002582014706252564,0
142,128,34,0.0005252285592933653,0
142,128,35,-0.0001946431909500262,0
142,128,36,0.0001025564060332178,0
142,128,37,0.0003557079983792409,0
142,128,38,-0.0002136641718932335,0
142,128,39,-9.491104607875993e-05,0
142,128,40,0.0001109730547817877,0
142,128,41,-6.042282572216252e-05,0
142,128,42,-0.0003094677079957527,0
142,128,43,-0.0002001120469018718,0
142,128,44,0.2184567171059835,0
142,128,45,-0.2546222396520783,0
142,128,46,-0.3425079643516352,0
142,128,47,-0.003499927156490572,0
142,128,48,0.7399798167914167,0
142,128,49,0.798921847552887,0
142,128,50,-0.5855780452932003,0
142,128,51,-0.7150895439627881,0
142,128,52,-0.9589123117283507,0
142,128,53,-0.2435777500784792,0
142,128,54,-0.08104000942720863,0
142,128,55,0.4179851671207782,0
142,128,56,-0.0996841739132602,0
142,128,57,0.08510212497280745,0
142,128,58,1.351795270523963e-05,0
142,128,59,0.000481501697673416,0
142,128,60,0.0006151935081765806,0
142,128,61,2.11895611880166e-05,0
142,128,62,0.0004233815321943096,0
142,128,63,0.0005334297747804382,0
142,128,64,3.140791824956843e-05,0
142,128,65,0.0003043675029660074,0
142,128,66,0.0003788507216279401,0
142,128,67,7.706577688195882e-05,0
142,128,68,0.0001510366617023571,0
142,128,69,0.0001767952681637971,0
142,128,70,0.0002496941986683306,0
142,128,71,3.496270944108006e-05,0
142,128,72,-6.207685774747418e-06,0
142,128,73,0.4773226693574559,0
142,128,74,0.06473414658088106,0
142,128,75,0.08688684420092961,0
142,128,76,0.0522645641307939,0
142,128,77,0.6287974739717431,0
142,128,78,0.4163768743802747,0
142,128,79,0.05248588337431714,0
142,128,80,-0.6776444117060342,0
142,128,81,-0.9587142968504991,0
142,128,82,0.4776631480700879,0
142,128,83,0.6302231267358878,0
142,128,84,0.8006397375426045,0
142,128,85,0.063252972743421,0
142,128,86,-0.3448012698201778,0
142,128,87,8.973475881149993e-05,0
142,128,88,0.0004179935959517727,0
142,128,89,0.0003806921251552537,0
142,128,90,0.0001646023566617084,0
142,128,91,0.0004254291555021416,0
142,128,92,0.0003325740765228906,0
142,128,93,0.0002197844220833915,0
142,128,94,0.0003752091142611953,0
142,128,95,0.0002399265728416912,0
142,128,96,0.000251621937028025,0
142,128,97,0.0002786121641273769,0
142,128,98,0.0001144210090599825,0
142,128,99,0.0002081553315467114,0
142,128,100,0.0001445006723697974,0
142,128,101,-3.790648994300353e-05,0
142,128,102,-0.2443726014714663,0
142,128,103,-0.09888062424556107,0
142,128,104,-0.1331948841426079,0
142,128,105,-0.5854005882935013,0
142,128,106,-0.08211479637252257,0
142,128,107,0.1094754025692131,0
142,128,108,-0.003180263596762797,0
142,128,109,-0.714731252249808,0
142,128,110,-0.4347047307577175,0
142,128,111,0.218326860052059,0
142,128,112,0.7411644540278014,0
142,128,113,1,0
142,128,114,-0.2562890688480006,0
142,128,115,-0.5412950322074225,0
142,128,116,0.0001372012603741443,0
142,128,117,0.0001958600688061648,0
142,128,118,0.0002527294669295082,0
142,128,119,0.0002657684947011522,0
142,128,120,0.0003381179263403994,0
142,128,121,0.0002999977052718233,0
142,128,122,0.0003951866533671143,0
142,128,123,0.0003005535772611563,0
142,128,124,0.0004449365759048622,0
142,128,125,0.000277558741158018,0
142,128,126,0.1483784759143733,0
142,128,127,0.0002752864674988427,0
142,128,128,0.02670222483994711,0
142,128,129,0.09924617444693441,0
142,128,130,0.5096872137403677,0
142,128,131,0.01785508540617393,0
142,128,132,-0.6014338558410387,0
142,128,133,0.3409588487960964,0
142,128,134,-0.4023400018947801,0
142,128,135,5.257070974179233e-06,0
142,128,136,1.323045095587681e-05,0
142,128,137,2.89354721723694e-05,0
142,128,138,6.543922168824835e-05,0
142,128,139,0.0001643061418210789,0
142,128,140,0.05411807629880091,0
142,128,141,-0.04595713641711466,0
142,128,142,-0.002385425063436744,0
142,128,143,-0.01343101780960607,0
142,128,144,7.992633830472227e-06,0
142,128,145,1.943107910230274e-05,0
142,128,146,3.938434543143402e-05,0
142,128,147,7.676272912078044e-05,0
142,128,148,0.0001466385891983118,0
142,128,149,0.03442101719790466,0
142,128,150,-0.04563919140570338,0
142,128,151,0.05041430172650719,0
142,128,152,0.008531616924782789,0
142,128,153,7.501670754163171e-06,0
142,128,154,1.769426388100481e-05,0
142,128,155,3.364438746556611e-05,0
142,128,156,5.783310514927948e-05,0
142,128,157,8.431518839096884e-05,0
142,128,158,-0.008630144303152903,0
142,128,159,-0.05035693450295885,0
142,128,160,0.04567955787179899,0
142,128,161,-0.03453751767436961,0
142,128,162,4.450422183402221e-06,0
142,128,163,1.038324592541685e-05,0
142,128,164,1.949665411648608e-05,0
142,128,165,3.404479140518898e-05,0
142,128,166,5.919798605421056e-05,0
142,128,167,0.01339228187644019,0
142,128,168,0.002417251797549784,0
142,128,169,0.04596154025561131,0
142,128,170,-0.05422499269580842,0
143,134,0,-3.014177577765212e-05,0
143,134,1,3.305754089051311e-05,0
143,134,2,0.0001124388919329829,0
143,134,3,-5.828167661004498e-05,0
143,134,4,7.85054719311987e-06,0
143,134,5,0.0001001288842384268,0
143,134,6,-7.693412004556129e-05,0
143,134,7,-1.60182159296631e-05,0
143,134,8,8.097403106051936e-05,0
143,134,9,-7.152309551922209e-05,0
143,134,10,-2.689616516501e-05,0
143,134,11,6.550289703633963e-05,0
143,134,12,-2.234843538864569e-05,0
143,134,13,-7.991674845430136e-06,0
143,134,14,6.700045094557621e-05,0
143,134,15,-0.04368816587846366,0
143,134,16,-0.02922600575838022,0
143,134,17,-0.03929858761705554,0
143,134,18,0.04279448001287477,0
143,134,19,0.02862616697547916,0
143,134,20,0.07782969349083342,0
143,134,21,0.4039987971339696,0
143,134,22,0.2702589236425275,0
143,134,23,0.3250784618185201,0
143,134,24,-0.7071066169819766,0
143,134,25,-0.4730312970722853,0
143,134,26,-1,0
143,134,27,-1.826608396259548e-06,0
143,134,28,0.6363910879939714,0
143,134,29,-1.986847437206928e-05,0
143,134,30,0.0001061153050607325,0
143,134,31,0.0001789330965007274,0
143,134,32,-4.145854091478304e-05,0
143,134,33,7.839898994171357e-05,0
143,134,34,0.0001570848837926098,0
143,134,35,-6.321141415320094e-05,0
143,134,36,4.154420095009728e-05,0
143,134,37,0.0001201632458961264,0
143,134,38,-7.391660297105476e-05,0
143,134,39,1.17118834503644e-05,0
143,134,40,8.835458650651664e-05,0
143,134,41,-9.542539754810293e-06,0
143,134,42,4.478220957201968e-05,0
143,134,43,0.0001277348064515532,0
143,134,44,0.2425663024207586,0
143,134,45,0.13305488162979,0
143,134,46,0.1790096926011707,0
143,134,47,-0.4851041059593086,0
143,134,48,-0.2666697889547013,0
143,134,49,-0.5770815135316267,0
143,134,50,-0.2182733892122165,0
143,134,51,0.09560970715393627,0
143,134,52,0.5652205235613872,0
143,134,53,0.904392523062689,0
143,134,54,-0.1382891308863456,0
143,134,55,0.0103948662556207,0
143,134,56,0.4730242021423545,0
143,134,57,-0.1775662258448681,0
143,134,58,-1.220709153535797e-07,0
143,134,59,0.0001372965693292224,0
143,134,60,0.0001748306575136138,0
143,134,61,-7.472420933963964e-06,0
143,134,62,0.0001161925015433817,0
143,134,63,0.0001486011891091263,0
143,134,64,-3.290406528814926e-05,0
143,134,65,7.01810431101361e-05,0
143,134,66,9.546337485357208e-05,0
143,134,67,-0.0001067498700977058,0
143,134,68,-7.837999274562271e-06,0
143,134,69,1.315540065085867e-05,0
143,134,70,-0.0003256170068498389,0
143,134,71,-0.000136960592537379,0
143,134,72,-0.0001014702261630684,0
143,134,73,-0.000780294264817245,0
143,134,74,0.1325260031179278,0
143,134,75,0.1785692753278497,0
143,134,76,0.6273886946654993,0
143,134,77,-0.009243623002774953,0
143,134,78,-0.01173956290529124,0
143,134,79,-0.6277910377436722,0
143,134,80,0.0001535130790783905,0
143,134,81,-0.5644453716506371,0
143,134,82,0.001793339310328565,0
143,134,83,0.008925040574495202,0
143,134,84,0.5770181638412756,0
143,134,85,-0.1319849308309251,0
143,134,86,-0.1791826031479636,0
143,134,87,2.43822015260091e-05,0
143,134,88,0.0001174689064143034,0
143,134,89,0.0001056746925816443,0
143,134,90,4.201189440107444e-05,0
143,134,91,0.0001147200643578078,0
143,134,92,8.649649039182367e-05,0
143,134,93,4.440432514527953e-05,0
143,134,94,8.39457771763152e-05,0
143,134,95,4.116295136502933e-05,0
143,134,96,3.631990828959925e-06,0
143,134,97,2.053494709070084e-06,0
143,134,98,-5.646187632764922e-05,0
143,134,99,-0.0002046478547847447,0
143,134,100,-0.0002224311253480593,0
143,134,101,-0.0003086410865464533,0
143,134,102,-0.9043771122686495,0
143,134,103,-0.4722707886500622,0
143,134,104,-0.63519484471817,0
143,134,105,0.219193010758601,0
143,134,106,0.1379062124202075,0
143,134,107,0.9994745884220467,0
143,134,108,0.4844656252165123,0
143,134,109,-0.09545836996727801,0
143,134,110,-0.32569852457054,0
143,134,111,-0.2424925545980124,0
143,134,112,0.2666752039083071,0
143,134,113,-0.07724369672088877,0
143,134,114,-0.1331855876214778,0
143,134,115,0.03906052023299129,0
143,134,116,4.287127796717444e-05,0
143,134,117,5.604810792935081e-05,0
143,134,118,8.434577425671361e-05,0
143,134,119,7.812632283351229e-05,0
143,134,120,0.000134483127498276,0
143,134,121,9.245232279824263e-05,0
143,134,122,0.0002350133497171239,0
143,134,123,0.000106743941324578,0
143,134,124,0.0005363789396146559,0
143,134,125,0.0001477575401614651,0
143,134,126,0.7062508480717568,0
143,134,127,0.0003336915533189055,0
143,134,128,-0.4042985729206263,0
143,134,129,0.4724475926715695,0
143,134,130,-0.04242037439441695,0
143,134,131,-0.270465231603547,0
143,134,132,0.04340224707485482,0
143,134,133,-0.02837926927826212,0
143,134,134,0.02903390482706497,0
143,134,135,9.720169573611771e-07,0
143,134,136,1.906971582121144e-06,0
143,134,137,2.238615280071842e-06,0
143,134,138,-1.586669300776829e-07,0
143,134,139,-9.781928575485118e-06,0
143,134,140,0.003934850844072788,0
143,134,141,-0.003858096036074937,0
143,134,142,-0.03641777986798374,0
143,134,143,0.06374144262654463,0
143,134,144,1.912461094498478e-06,0
143,134,145,4.189559037413919e-06,0
143,134,146,6.565881919253917e-06,0
143,134,147,5.619910109634583e-06,0
143,134,148,-1.604594809742294e-05,0
143,134,149,-0.01792949077112253,0
143,134,150,0.03987249472277473,0
143,134,151,-0.01674106154728632,0
143,134,152,-0.01778366163424817,0
143,134,153,2.445296934005704e-06,0
143,134,154,6.143448523148732e-06,0
143,134,155,1.316500904838533e-05,0
143,134,156,2.768581294322867e-05,0
143,134,157,5.740577242396286e-05,0
143,134,158,-0.01784588535820862,0
143,134,159,-0.01667892071998121,0
143,134,160,0.03985134206325446,0
143,134,161,-0.01794514950148095,0
143,134,162,1.831493379557875e-06,0
143,134,163,5.06467685501027e-06,0
143,134,164,1.292353539484497e-05,0
143,134,165,3.568331707164487e-05,0
143,134,166,0.0001102924411125625,0
143,134,167,0.06368422329143704,0
143,134,168,-0.0364375715640433,0
143,134,169,-0.00382087360228151,0
143,134,170,0.00391361418086883,0
144,135,0,2.765658864920741e-06,0
144,135,1,-2.042344780269041e-06,0
144,135,2,-7.742301985871524e-06,0
144,135,3,6.309378795138847e-06,0
144,135,4,8.798976875684582e-07,0
144,135,5,-5.850523984547665e-06,0
144,135,6,1.292743492761689e-05,0
144,135,7,6.422152054710624e-06,0
144,135,8,-5.169717722382351e-07,0
144,135,9,3.352450496779264e-05,0
144,135,10,2.220394753929964e-05,0
144,135,11,1.65397223900812e-05,0
144,135,12,0.0001230590659843001,0
144,135,13,8.660209579065133e-05,0
144,135,14,8.757936839774007e-05,0
144,135,15,0.446515338912594,0
144,135,16,0.2987056219813445,0
144,135,17,0.401761212241858,0
144,135,18,0.3033804243593557,0
144,135,19,0.2029516203376376,0
144,135,20,-0.1288189479952673,0
144,135,21,0.1533859002156185,0
144,135,22,0.102610106597959,0
144,135,23,-0.1349940562422483,0
144,135,24,0.1022027538119242,0
144,135,25,0.06837024836119177,0
144,135,26,-0.04606424541896578,0
144,135,27,1.71686377569713e-07,0
144,135,28,-0.09198201934804516,0
144,135,29,1.110756539147461e-06,0
144,135,30,-7.684920509079984e-06,0
144,135,31,-1.305398631330468e-05,0
144,135,32,1.505479209746974e-06,0
144,135,33,-5.751070370708788e-06,0
144,135,34,-1.131785935119671e-05,0
144,135,35,-2.484494755294166e-06,0
144,135,36,-4.029519226188678e-06,0
144,135,37,-9.026461613024199e-06,0
144,135,38,-3.037482037469365e-05,0
144,135,39,-9.968047691084946e-06,0
144,135,40,-1.320718166400298e-05,0
144,135,41,-0.0001903408998782463,0
144,135,42,-6.730059088420361e-05,0
144,135,43,-6.665682414364408e-05,0
144,135,44,-0.8077680775415013,0
144,135,45,-0.2417432515701861,0
144,135,46,-0.325067600734637,0
144,135,47,-0.9145412018725222,0
144,135,48,-0.7075463166858176,0
144,135,49,-0.2249160294313323,0
144,135,50,-0.5420809497555685,0
144,135,51,-0.4629732319665252,0
144,135,52,0.2002202215633281,0
144,135,53,-0.3249362225354077,0
144,135,54,-0.2516100339649248,0
144,135,55,0.1493662766481954,0
144,135,56,-0.0683695744852207,0
144,135,57,0.2004608787639022,0
144,135,58,-4.513398626222793e-07,0
144,135,59,-1.03780077664714e-05,0
144,135,60,-1.327749932205552e-05,0
144,135,61,-6.060915090382502e-07,0
144,135,62,-9.259511499036219e-06,0
144,135,63,-1.157337351055677e-05,0
144,135,64,1.145409381186054e-06,0
144,135,65,-6.405483297667858e-06,0
144,135,66,-7.901342922227181e-06,0
144,135,67,1.7381437757128e-05,0
144,135,68,1.639261481699037e-06,0
144,135,69,1.122725672639016e-06,0
144,135,70,0.0001343779302103421,0
144,135,71,4.252670101483856e-05,0
144,135,72,4.232135688093818e-05,0
144,135,73,0.5840088084202424,0
144,135,74,0.1490608056714229,0
144,135,75,0.2004232658225848,0
144,135,76,1,0
144,135,77,0.501785922671692,0
144,135,78,0.1494762383396527,0
144,135,79,0.9998634143642983,0
144,135,80,0.81769587842919,0
144,135,81,0.2000972627123916,0
144,135,82,0.5838088662235681,0
144,135,83,0.5015706615879519,0
144,135,84,-0.2250827522938422,0
144,135,85,0.149001455143742,0
144,135,86,-0.3249669782440493,0
144,135,87,-2.033850760817135e-06,0
144,135,88,-9.10681005688052e-06,0
144,135,89,-8.355112911607609e-06,0
144,135,90,-3.98169576665817e-06,0
144,135,91,-9.552346359792543e-06,0
144,135,92,-7.618229205272264e-06,0
144,135,93,-7.052187790454045e-06,0
144,135,94,-9.541579532614742e-06,0
144,135,95,-6.788410872752706e-06,0
144,135,96,-1.971487478007118e-05,0
144,135,97,-1.23033765208679e-05,0
144,135,98,-9.047655410765021e-06,0
144,135,99,-9.676960460538143e-05,0
144,135,100,-3.558181112135364e-05,0
144,135,101,-3.109181399116773e-05,0
144,135,102,-0.3249618054493044,0
144,135,103,-0.06841548866704497,0
144,135,104,-0.09195991048773833,0
144,135,105,-0.5422385164721099,0
144,135,106,-0.2516339182313635,0
144,135,107,-0.04607394090436435,0
144,135,108,-0.9147156857416048,0
144,135,109,-0.4631815086197985,0
144,135,110,-0.1351325581056852,0
144,135,111,-0.807557580969266,0
144,135,112,-0.707530258083641,0
144,135,113,-0.1286405737220272,0
144,135,114,-0.2415460510899403,0
144,135,115,0.401834823251847,0
144,135,116,-2.784169811776249e-06,0
144,135,117,-4.218903989873614e-06,0
144,135,118,-4.820826371898633e-06,0
144,135,119,-5.624934634099926e-06,0
144,135,120,-5.093427259131337e-06,0
144,135,121,-6.113868036707787e-06,0
144,135,122,1.777491422774533e-07,0
144,135,123,-5.250758223926749e-06,0
144,135,124,3.165699993452421e-05,0
144,135,125,-1.018157687787271e-06,0
144,135,126,0.1022079346439632,0
144,135,127,2.024085986452439e-05,0
144,135,128,0.1534013463042865,0
144,135,129,0.06837347793534457,0
144,135,130,0.3035489002255263,0
144,135,131,0.1026201760236286,0
144,135,132,0.4464830409220647,0
144,135,133,0.2030635716145782,0
144,135,134,0.2986814439392625,0
144,135,135,-1.672606455580521e-07,0
144,135,136,-5.167384735001875e-07,0
144,135,137,-1.624673171757834e-06,0
144,135,138,-6.060462295604078e-06,0
144,135,139,-2.672129919400811e-05,0
144,135,140,-0.04025304302112902,0
144,135,141,-0.02734804704333901,0
144,135,142,-0.01382668912838413,0
144,135,143,-0.009212779201900981,0
144,135,144,-1.7761877859962e-07,0
144,135,145,-3.934491923516972e-07,0
144,135,146,-4.844558576336712e-07,0
144,135,147,1.230273656569947e-06,0
144,135,148,1.653248726369631e-05,0
144,135,149,0.03256489248893964,0
144,135,150,0.05509076796430443,0
144,135,151,0.0350373715880585,0
144,135,152,0.02007744142267993,0
144,135,153,-1.475747145689569e-07,0
144,135,154,-3.497728383061474e-07,0
144,135,155,-7.736416844893344e-07,0
144,135,156,-2.485413127459237e-06,0
144,135,157,-1.313314242549232e-05,0
144,135,158,-0.02008062725996811,0
144,135,159,-0.03505073934135915,0
144,135,160,-0.05509164282921546,0
144,135,161,-0.03254786488286129,0
144,135,162,-6.621382413878145e-08,0
144,135,163,-1.101291860395661e-07,0
144,135,164,1.250742870661804e-08,0
144,135,165,1.121343897682057e-06,0
144,135,166,8.004241259051321e-06,0
144,135,167,0.009213999766228109,0
144,135,168,0.01382787065181068,0
144,135,169,0.02736226137717033,0
144,135,170,0.04024655923915978,0
145,131,0,3.434250747223183e-05,0
145,131,1,-3.501489300314013e-05,0
145,131,2,-0.0001212381029611021,0
145,131,3,6.730230508825222e-05,0
145,131,4,-5.773978818431102e-06,0
145,131,5,-0.0001066016067915337,0
145,131,6,9.088800030228512e-05,0
145,131,7,2.291168210227878e-05,0
145,131,8,-8.371101935281629e-05,0
145,131,9,8.1564534986791e-05,0
145,131,10,3.314037267197864e-05,0
145,131,11,-7.100733372357268e-05,0
145,131,12,-4.222138205358051e-05,0
145,131,13,-3.511235161771385e-05,0
145,131,14,-0.0001321529230267777,0
145,131,15,-0.1754213267314959,0
145,131,16,-0.1173493163498658,0
145,131,17,-0.1578388046411529,0
145,131,18,0.5827649827223323,0
145,131,19,0.3898520357873239,0
145,131,20,0.6823751878077796,0
145,131,21,-0.5283539068610844,0
145,131,22,-0.3534475601664537,0
145,131,23,-1,0
145,131,24,-0.1097666977289507,0
145,131,25,-0.07342782173950888,0
145,131,26,0.3767345144244351,0
145,131,27,2.065707527969695e-06,0
145,131,28,0.09879553590974641,0
145,131,29,2.198714904016008e-05,0
145,131,30,-0.0001145921299064257,0
145,131,31,-0.0001938380867517578,0
145,131,32,4.69611696882233e-05,0
145,131,33,-8.241474690054812e-05,0
145,131,34,-0.0001676711669833113,0
145,131,35,7.907106324166879e-05,0
145,131,36,-3.477959172953216e-05,0
145,131,37,-0.0001186434551509521,0
145,131,38,0.0001359467548467931,0
145,131,39,2.636887395405298e-05,0
145,131,40,-5.255656300868175e-05,0
145,131,41,0.0002907652402325382,0
145,131,42,0.0001032384599371925,0
145,131,43,1.904796760031309e-05,0
145,131,44,-0.1205207037789677,0
145,131,45,-0.1979376883767819,0
145,131,46,-0.2665437629573837,0
145,131,47,-0.6154309539404906,0
145,131,48,0.0955075098876504,0
145,131,49,0.2369671111836856,0
145,131,50,0.4391914339511941,0
145,131,51,-0.4494882061040913,0
145,131,52,-0.05083334659601921,0
145,131,53,0.7229659046811155,0
145,131,54,0.7636651257015317,0
145,131,55,0.632136438488501,0
145,131,56,0.07343586094727486,0
145,131,57,-0.5518693850579701,0
145,131,58,-1.649602145865013e-06,0
145,131,59,-0.0001502403337108474,0
145,131,60,-0.0001916862651207551,0
145,131,61,1.959925297442976e-06,0
145,131,62,-0.0001286457902643182,0
145,131,63,-0.0001635725152399721,0
145,131,64,1.738556646171822e-05,0
145,131,65,-8.084445143515047e-05,0
145,131,66,-0.0001055578868189889,0
145,131,67,6.653312872355523e-05,0
145,131,68,4.928357242413621e-06,0
145,131,69,-5.9614801814225e-06,0
145,131,70,0.0002468547682025804,0
145,131,71,0.0001887255955118213,0
145,131,72,0.0001989115104646888,0
145,131,73,0.9085182207233624,0
145,131,74,0.4096525740984245,0
145,131,75,0.5509188186188891,0
145,131,76,-0.05647892959610665,0
145,131,77,0.1383560935460201,0
145,131,78,-0.6315246594974805,0
145,131,79,0.05634532034513376,0
145,131,80,-8.987661303447307e-05,0
145,131,81,0.05071120667437534,0
145,131,82,-0.9088437832993266,0
145,131,83,-0.1381201065817787,0
145,131,84,-0.2365314877893447,0
145,131,85,-0.4102002852443787,0
145,131,86,0.2660923280778582,0
145,131,87,-2.784764137672575e-05,0
145,131,88,-0.0001298794856217886,0
145,131,89,-0.0001177332582554696,0
145,131,90,-5.17891309877121e-05,0
145,131,91,-0.0001305964829535433,0
145,131,92,-0.0001007241460260089,0
145,131,93,-7.482553276918027e-05,0
145,131,94,-0.0001115039805559957,0
145,131,95,-6.682590730533003e-05,0
145,131,96,-0.0001223509264891687,0
145,131,97,-7.986419233640424e-05,0
145,131,98,-2.114250463255677e-05,0
145,131,99,-0.0003255287229398565,0
145,131,100,-7.760776741666066e-05,0
145,131,101,3.274010948913385e-06,0
145,131,102,-0.722860778365913,0
145,131,103,-0.07407863030300973,0
145,131,104,-0.09938597762417027,0
145,131,105,-0.4388151454762084,0
145,131,106,-0.7629623890810945,0
145,131,107,-0.3758920860816278,0
145,131,108,0.6156998653743275,0
145,131,109,0.4495740982512982,0
145,131,110,0.9997712968785067,0
145,131,111,0.1197722788164935,0
145,131,112,-0.09568916100359212,0
145,131,113,-0.6828673832375989,0
145,131,114,0.1977850068523505,0
145,131,115,0.1582972337645114,0
145,131,116,-4.447601984432011e-05,0
145,131,117,-6.128950229028359e-05,0
145,131,118,-8.38501459280602e-05,0
145,131,119,-8.405865019229486e-05,0
145,131,120,-0.0001178243137900699,0
145,131,121,-9.649126993404866e-05,0
145,131,122,-0.0001468095665178718,0
145,131,123,-0.0001004981137076038,0
145,131,124,-0.0001423320533692736,0
145,131,125,-9.896964034541251e-05,0
145,131,126,0.1103148581189799,0
145,131,127,-8.492278134875551e-05,0
145,131,128,0.5279882504610066,0
145,131,129,0.07380270028290005,0
145,131,130,-0.5828610182476112,0
145,131,131,0.3532085518078242,0
145,131,132,0.1758840743207142,0
145,131,133,-0.3899120398308452,0
145,131,134,0.1176609237348744,0
145,131,135,-1.257764520099584e-06,0
145,131,136,-2.658846055863693e-06,0
145,131,137,-3.670841036840928e-06,0
145,131,138,-5.040541356774998e-07,0
145,131,139,2.469931447027647e-05,0
145,131,140,0.01581203529652546,0
145,131,141,-0.05251909658874007,0
145,131,142,0.04761455519003677,0
145,131,143,0.009891825548643193,0
145,131,144,-2.319375498577003e-06,0
145,131,145,-5.468947127286685e-06,0
145,131,146,-1.048448462180628e-05,0
145,131,147,-1.871571829497466e-05,0
145,131,148,-3.120546959493059e-05,0
145,131,149,0.02666441832332709,0
145,131,150,0.002940535456885173,0
145,131,151,0.008033649976032977,0
145,131,152,-0.05526210830250657,0
145,131,153,-2.576481482128998e-06,0
145,131,154,-6.455862860595045e-06,0
145,131,155,-1.407160651103927e-05,0
145,131,156,-3.224873876031257e-05,0
145,131,157,-8.584561944922041e-05,0
145,131,158,-0.05521908107306985,0
145,131,159,0.008028568543652758,0
145,131,160,0.002955527563430139,0
145,131,161,0.02664281796030798,0
145,131,162,-1.644930741535365e-06,0
145,131,163,-4.0797934949016e-06,0
145,131,164,-8.378862450448248e-06,0
145,131,165,-1.549763923533771e-05,0
145,131,166,-2.014695698533255e-05,0
145,131,167,0.009934065697224499,0
145,131,168,0.04757773207057674,0
145,131,169,-0.05252978101281064,0
145,131,170,0.01584960562974206,0
146,132,0,-1.662289484332365e-05,0
146,132,1,1.580161262223654e-05,0
146,132,2,5.570535338197024e-05,0
146,132,3,-3.336973815500243e-05,0
146,132,4,1.156817546942176e-06,0
146,132,5,4.801734178336768e-05,0
146,132,6,-4.790264715561275e-05,0
146,132,7,-1.48372417683711e-05,0
146,132,8,3.487823178080977e-05,0
146,132,9,-5.076917526936445e-05,0
146,132,10,-2.503643289365086e-05,0
146,132,11,2.431406824821082e-05,0
146,132,12,7.421516882153157e-06,0
146,132,13,6.128932766304727e-06,0
146,132,14,5.708975216050873e-05,0
146,132,15,0.5189499956644333,0
146,132,16,0.3471571328342333,0
146,132,17,0.4670428140579756,0
146,132,18,-0.3087279485520918,0
146,132,19,-0.2065299920178449,0
146,132,20,-0.7449153791657703,0
146,132,21,-0.07776253428596566,0
146,132,22,-0.05202179256880363,0
146,132,23,0.2078649953872577,0
146,132,24,-0.04820561793434928,0
146,132,25,-0.03224897093343775,0
146,132,26,0.02659819406423039,0
146,132,27,-1.000645635781482e-06,0
146,132,28,0.04338238632285189,0
146,132,29,-1.005966850032617e-05,0
146,132,30,5.293121766768138e-05,0
146,132,31,8.972498866044867e-05,0
146,132,32,-2.157659263397202e-05,0
146,132,33,3.738344910284219e-05,0
146,132,34,7.66627475631094e-05,0
146,132,35,-3.788175282142517e-05,0
146,132,36,1.243122554303959e-05,0
146,132,37,5.012360381931624e-05,0
146,132,38,-7.861879926030353e-05,0
146,132,39,-2.93776916207707e-05,0
146,132,40,2.850360987719366e-06,0
146,132,41,-0.0002568844216113737,0
146,132,42,-0.000135600541065755,0
146,132,43,-0.0001124514260764036,0
146,132,44,-0.9997602040361464,0
146,132,45,-0.3216585531410452,0
146,132,46,-0.4325257103773788,0
146,132,47,0.1960670931116606,0
146,132,48,-0.4225311197660166,0
146,132,49,0.3313237322818703,0
146,132,50,0.4471966309802927,0
146,132,51,0.4536624854362973,0
146,132,52,0.4338785966754577,0
146,132,53,0.1957117702711346,0
146,132,54,0.1506936740063114,0
146,132,55,-0.1997404367554801,0
146,132,56,0.03224506912393871,0
146,132,57,-0.1327602473341832,0
146,132,58,1.723021950251422e-06,0
146,132,59,7.028713223127717e-05,0
146,132,60,8.979289908876191e-05,0
146,132,61,2.68258801035617e-06,0
146,132,62,6.147698803932252e-05,0
146,132,63,7.761234972777756e-05,0
146,132,64,5.569367402490378e-06,0
146,132,65,4.364252284703823e-05,0
146,132,66,5.451311086073845e-05,0
146,132,67,2.693413494464977e-05,0
146,132,68,2.261993693470437e-05,0
146,132,69,2.563837923074965e-05,0
146,132,70,0.0001604952308598085,0
146,132,71,2.800352890941501e-05,0
146,132,72,1.684234513658291e-05,0
146,132,73,0.6283606806273812,0
146,132,74,0.09885825119988745,0
146,132,75,0.1328622029162098,0
146,132,76,0.4821927571675794,0
146,132,77,0.5688408560139656,0
146,132,78,0.1997737709369283,0
146,132,79,-0.4822691120536184,0
146,132,80,-0.0001219182066849421,0
146,132,81,-0.4341373780265239,0
146,132,82,-0.628526986745223,0
146,132,83,-0.5689286835330113,0
146,132,84,-0.3313733047891612,0
146,132,85,-0.09868034900585157,0
146,132,86,0.4329130651727627,0
146,132,87,1.307671361231517e-05,0
146,132,88,6.097957351645868e-05,0
146,132,89,5.550219411257582e-05,0
146,132,90,2.411409233377879e-05,0
146,132,91,6.194505195855167e-05,0
146,132,92,4.833255086081064e-05,0
146,132,93,3.254136024954048e-05,0
146,132,94,5.446327792740251e-05,0
146,132,95,3.451439658886761e-05,0
146,132,96,3.63241368429805e-05,0
146,132,97,4.027683128769854e-05,0
146,132,98,1.579578401348206e-05,0
146,132,99,7.010917839924764e-06,0
146,132,100,1.854527586293517e-05,0
146,132,101,-8.540012593890604e-06,0
146,132,102,-0.1954351398211079,0
146,132,103,-0.03198133746340653,0
146,132,104,-0.04302983892244164,0
146,132,105,-0.4477034777793298,0
146,132,106,-0.1510061050419929,0
146,132,107,-0.02726418393224855,0
146,132,108,-0.1956217771258837,0
146,132,109,-0.4535554148029611,0
146,132,110,-0.2072621885818562,0
146,132,111,1,0
146,132,112,0.4226569851318188,0
146,132,113,0.7446868538573367,0
146,132,114,0.3217817013767481,0
146,132,115,-0.4670868761459177,0
146,132,116,2.013915758578603e-05,0
146,132,117,2.860263801812058e-05,0
146,132,118,3.724877936685032e-05,0
146,132,119,3.887416508158133e-05,0
146,132,120,5.018733353549179e-05,0
146,132,121,4.400535061090282e-05,0
146,132,122,5.920670516086032e-05,0
146,132,123,4.433222760692064e-05,0
146,132,124,6.911570740155935e-05,0
146,132,125,4.131589911824118e-05,0
146,132,126,0.04787054810125423,0
146,132,127,4.270491500258067e-05,0
146,132,128,0.07815841909722913,0
146,132,129,0.03202158255806629,0
146,132,130,0.3084466718596837,0
146,132,131,0.0522840469827428,0
146,132,132,-0.5189846596403148,0
146,132,133,0.2063393554377997,0
146,132,134,-0.3471827275450483,0
146,132,135,6.919050505360325e-07,0
146,132,136,1.602516096392894e-06,0
146,132,137,2.791585881045842e-06,0
146,132,138,2.939258909392343e-06,0
146,132,139,-8.302047701865818e-06,0
146,132,140,-0.04675873330095161,0
146,132,141,0.02781824931635737,0
146,132,142,0.007007196920354777,0
146,132,143,0.004343710592021893,0
146,132,144,1.163064039413311e-06,0
146,132,145,2.8806240828409e-06,0
146,132,146,6.238424735617199e-06,0
146,132,147,1.478515234548947e-05,0
146,132,148,4.465772624401189e-05,0
146,132,149,0.04332901490257011,0
146,132,150,0.01015353248585857,0
146,132,151,-0.0332861653118947,0
146,132,152,-0.01329039636444589,0
146,132,153,1.12124303795727e-06,0
146,132,154,2.675246649998803e-06,0
146,132,155,5.156165040278378e-06,0
146,132,156,8.635906089580439e-06,0
146,132,157,8.114131938994393e-06,0
146,132,158,-0.01329223480298152,0
146,132,159,-0.03329444503227129,0
146,132,160,0.01016749504748145,0
146,132,161,0.04334174069789583,0
146,132,162,6.718484919919029e-07,0
146,132,163,1.581342314001323e-06,0
146,132,164,2.999470097680021e-06,0
146,132,165,5.278500094939781e-06,0
146,132,166,9.610247885897448e-06,0
146,132,167,0.004315505868677297,0
146,132,168,0.007043827149750295,0
146,132,169,0.02779292764593922,0
146,132,170,-0.04676172440570266,0
147,133,0,6.055837628889664e-06,0
147,133,1,-7.501041483150202e-06,0
147,133,2,-2.481861930307313e-05,0
147,133,3,1.144002058139785e-05,0
147,133,4,-2.591401612657104e-06,0
147,133,5,-2.252553067918249e-05,0
147,133,6,1.453121960701219e-05,0
147,133,7,1.790623778294705e-06,0
147,133,8,-1.894899222878689e-05,0
147,133,9,1.479950107489258e-05,0
147,133,10,4.914797005826012e-06,0
147,133,11,-1.400917957496212e-05,0
147,133,12,2.751473695439053e-05,0
147,133,13,1.67260613573514e-05,0
147,133,14,5.324967184830197e-06,0
147,133,15,0.03614097094110977,0
147,133,16,0.02417672455784012,0
147,133,17,0.03250108641138569,0
147,133,18,-0.1682344647096211,0
147,133,19,-0.1125427830597983,0
147,133,20,-0.1839376237658797,0
147,133,21,0.5183999757508522,0
147,133,22,0.3467916228874905,0
147,133,23,0.6179718246305296,0
147,133,24,-0.5479097412623238,0
147,133,25,-0.3665319269044423,0
147,133,26,-0.9596777753803302,0
147,133,27,3.715430710754437e-07,0
147,133,28,0.4931197560398535,0
147,133,29,4.186647865159724e-06,0
147,133,30,-2.337800785569519e-05,0
147,133,31,-3.921801769846283e-05,0
147,133,32,8.373429641139893e-06,0
147,133,33,-1.801225664842945e-05,0
147,133,34,-3.524125225904292e-05,0
147,133,35,1.031794711622869e-05,0
147,133,36,-1.2421836039396e-05,0
147,133,37,-3.003937165747312e-05,0
147,133,38,-1.840206588169396e-06,0
147,133,39,-1.494442591997555e-05,0
147,133,40,-3.290938860862108e-05,0
147,133,41,-8.539945516882306e-05,0
147,133,42,-5.615970499888688e-05,0
147,133,43,-7.533758803588156e-05,0
147,133,44,0.03624295677365338,0
147,133,45,0.04840255387482471,0
147,133,46,0.06519407547330845,0
147,133,47,0.2052872073830515,0
147,133,48,0.0006104460440644532,0
147,133,49,-0.03179696985602883,0
147,133,50,-0.989253856810127,0
147,133,51,-0.2024407220160424,0
147,133,52,-0.45711406923603,0
147,133,53,1,0
147,133,54,-0.0443577881824623,0
147,133,55,0.8306516436368383,0
147,133,56,0.3665333650860533,0
147,133,57,-0.406879364118237,0
147,133,58,5.891691988237812e-07,0
147,133,59,-2.961268202535934e-05,0
147,133,60,-3.75863183921213e-05,0
147,133,61,3.548058148029235e-06,0
147,133,62,-2.462281005918306e-05,0
147,133,63,-3.178978180130433e-05,0
147,133,64,1.267640677135125e-05,0
147,133,65,-1.411252758391581e-05,0
147,133,66,-2.055424458056328e-05,0
147,133,67,3.655650177989192e-05,0
147,133,68,1.278971822077891e-06,0
147,133,69,-7.328423917582341e-06,0
147,133,70,8.883785211781604e-05,0
147,133,71,7.960944589787968e-06,0
147,133,72,-1.634507406470596e-05,0
147,133,73,-0.524502583360351,0
147,133,74,-0.30241253383254,0
147,133,75,-0.406927079459192,0
147,133,76,0.4337532380031291,0
147,133,77,0.2665321977662639,0
147,133,78,0.8306370967519807,0
147,133,79,0.4335757551011592,0
147,133,80,-0.04972285140098267,0
147,133,81,-0.4572723488329225,0
147,133,82,-0.5239491129742185,0
147,133,83,0.2669153139656468,0
147,133,84,-0.03111996866522914,0
147,133,85,-0.3024308060256022,0
147,133,86,0.06467544206004726,0
147,133,87,-4.849693837053515e-06,0
147,133,88,-2.488244499592217e-05,0
147,133,89,-2.208844716500544e-05,0
147,133,90,-7.014788862231183e-06,0
147,133,91,-2.302900904232271e-05,0
147,133,92,-1.661660448237681e-05,0
147,133,93,-2.443943719291591e-07,0
147,133,94,-1.139641955061373e-05,0
147,133,95,-1.490670565364851e-06,0
147,133,96,4.197009899201394e-05,0
147,133,97,2.646707431600636e-05,0
147,133,98,4.073926449522659e-05,0
147,133,99,0.0002459695702953946,0
147,133,100,0.0001612786162102124,0
147,133,101,0.0001838477410057229,0
147,133,102,0.999559333745609,0
147,133,103,0.3662075086524523,0
147,133,104,0.4924686630325764,0
147,133,105,-0.9892007513738055,0
147,133,106,-0.04433191185152151,0
147,133,107,-0.9592446028889758,0
147,133,108,0.2058734040352655,0
147,133,109,-0.2021656517586868,0
147,133,110,0.6182946903953932,0
147,133,111,0.03529507577769183,0
147,133,112,0.0004799422992801602,0
147,133,113,-0.1846403936418554,0
147,133,114,0.04807295272131157,0
147,133,115,0.0329099922790548,0
147,133,116,-1.004730124997277e-05,0
147,133,117,-1.209668080931197e-05,0
147,133,118,-2.100079559019759e-05,0
147,133,119,-1.73159214396104e-05,0
147,133,120,-3.891276703321346e-05,0
147,133,121,-2.149246134486262e-05,0
147,133,122,-8.858979110276412e-05,0
147,133,123,-2.853570975536415e-05,0
147,133,124,-0.0002711392589861403,0
147,133,125,-5.34376697828309e-05,0
147,133,126,-0.5474342698742415,0
147,133,127,-0.0001700436662682694,0
147,133,128,0.518400747561729,0
147,133,129,-0.366210773948288,0
147,133,130,-0.1685906808263305,0
147,133,131,0.3467929792435922,0
147,133,132,0.0365662736525573,0
147,133,133,-0.1127808055098872,0
147,133,134,0.02446170652471688,0
147,133,135,-1.473955384179806e-07,0
147,133,136,-2.30807064920147e-07,0
147,133,137,-1.115744869389661e-07,0
147,133,138,1.587420161559029e-07,0
147,133,139,-2.675468233577724e-06,0
147,133,140,-0.003255395193426401,0
147,133,141,0.01515807357736759,0
147,133,142,-0.04670710166263762,0
147,133,143,0.04936599419757711,0
147,133,144,-3.374223634575416e-07,0
147,133,145,-6.141392218651563e-07,0
147,133,146,-3.528792102685183e-07,0
147,133,147,2.746806681955203e-06,0
147,133,148,1.82687983721539e-05,0
147,133,149,-0.006518815309288625,0
147,133,150,-0.003337920785772381,0
147,133,151,0.04242335615847937,0
147,133,152,-0.0407328010136476,0
147,133,153,-5.555536583654512e-07,0
147,133,154,-1.393169912074706e-06,0
147,133,155,-2.857562833757477e-06,0
147,133,156,-4.849355813918682e-06,0
147,133,157,-2.139306224732901e-06,0
147,133,158,0.04073358678461721,0
147,133,159,-0.04242004360306281,0
147,133,160,0.003358290206076859,0
147,133,161,0.006474255813215946,0
147,133,162,-5.133695209123469e-07,0
147,133,163,-1.579799804276668e-06,0
147,133,164,-4.735403150471001e-06,0
147,133,165,-1.578072020867421e-05,0
147,133,166,-5.889196480181648e-05,0
147,133,167,-0.04933244846902687,0
147,133,168,0.04670443257190633,0
147,133,169,-0.01519078163158323,0
147,133,170,0.00329424616052412,0
148,130,0,1.13112030472791e-06,0
148,130,1,1.30962130250557e-07,0
148,130,2,-6.577838611936584e-07,0
148,130,3,3.184328726914355e-06,0
148,130,4,1.697256046447456e-06,0
148,130,5,5.692060210769442e-07,0
148,130,6,8.079825466398169e-06,0
148,130,7,5.438522446764844e-06,0
148,130,8,4.138806383142717e-06,0
148,130,9,2.017928380236098e-05,0
148,130,10,1.453824220128244e-05,0
148,130,11,1.282625039065474e-05,0
148,130,12,4.389568624180163e-05,0
148,130,13,3.241556077980702e-05,0
148,130,14,2.788892027386236e-05,0
148,130,15,-0.3093880559950446,0
148,130,16,-0.2069676494706739,0
148,130,17,-0.2784825515429271,0
148,130,18,0.4945781242420714,0
148,130,19,0.3308560540344196,0
148,130,20,0.7235717856049931,0
148,130,21,-0.2735184121071171,0
148,130,22,-0.1829739032532708,0
148,130,23,-0.6912860764095828,0
148,130,24,-0.04559752291590226,0
148,130,25,-0.03050302081485606,0
148,130,26,0.2051291321532795,0
148,130,27,7.024020646250563e-08,0
148,130,28,0.04103795986401251,0
148,130,29,1.155520653739621e-08,0
148,130,30,-9.747981139390279e-07,0
148,130,31,-1.844183822781233e-06,0
148,130,32,-1.14092047979586e-07,0
148,130,33,-1.100457514101757e-07,0
148,130,34,-7.091257925910974e-07,0
148,130,35,-6.233671661365869e-08,0
148,130,36,2.66268658519155e-06,0
148,130,37,3.071887481191185e-06,0
148,130,38,5.404668494974831e-06,0
148,130,39,1.303502675784754e-05,0
148,130,40,1.676771925356042e-05,0
148,130,41,5.901855410220834e-05,0
148,130,42,6.155253477261673e-05,0
148,130,43,7.669620963850088e-05,0
148,130,44,0.8222407015316678,0
148,130,45,0.3430561580839607,0
148,130,46,0.4614819454820125,0
148,130,47,-1,0
148,130,48,-0.1311379637128131,0
148,130,49,-0.9164449831142557,0
148,130,50,0.2373026755640907,0
148,130,51,-0.3550817370414068,0
148,130,52,0.422286271343704,0
148,130,53,0.3965933771250608,0
148,130,54,0.4177782943887923,0
148,130,55,0.3484907844000196,0
148,130,56,0.03050330274460554,0
148,130,57,-0.3158960300794184,0
148,130,58,-9.971818068244483e-07,0
148,130,59,-2.190672906973785e-06,0
148,130,60,-2.914867468289444e-06,0
148,130,61,-3.495617536149305e-06,0
148,130,62,-3.156444675538766e-06,0
148,130,63,-3.445827542184195e-06,0
148,130,64,-1.230864366439761e-05,0
148,130,65,-6.662615589145669e-06,0
148,130,66,-6.294575670099475e-06,0
148,130,67,-4.815860232030248e-05,0
148,130,68,-2.184693897212653e-05,0
148,130,69,-1.987243135612948e-05,0
148,130,70,-0.0002120401902259954,0
148,130,71,-9.208415591407138e-05,0
148,130,72,-8.560715059249896e-05,0
148,130,73,-0.8637583124228966,0
148,130,74,-0.2348104981481798,0
148,130,75,-0.3157235524994052,0
148,130,76,0.5418027420310745,0
148,130,77,-0.318742169006814,0
148,130,78,0.3485564928102164,0
148,130,79,0.5415637755332344,0
148,130,80,0.6761697350551689,0
148,130,81,0.422070271580916,0
148,130,82,-0.8640891565730882,0
148,130,83,-0.3190140749650314,0
148,130,84,-0.9165971071372098,0
148,130,85,-0.2348036892034896,0
148,130,86,0.4617841365189093,0
148,130,87,-5.0248997661731e-07,0
148,130,88,-2.149607199578604e-06,0
148,130,89,-2.192130593976579e-06,0
148,130,90,-8.715020032257354e-07,0
148,130,91,-2.897408698453112e-06,0
148,130,92,-2.836975783361245e-06,0
148,130,93,1.145486726814182e-07,0
148,130,94,-4.531267280880772e-06,0
148,130,95,-4.856397390171836e-06,0
148,130,96,1.164020533491381e-05,0
148,130,97,-7.013637007603166e-06,0
148,130,98,-9.135213738582078e-06,0
148,130,99,9.448450692641996e-05,0
148,130,100,6.552044058377534e-07,0
148,130,101,-8.288967423549877e-06,0
148,130,102,0.3966619897136718,0
148,130,103,0.03067714967408273,0
148,130,104,0.04118980471368458,0
148,130,105,0.2369766240736411,0
148,130,106,0.4176087650082484,0
148,130,107,0.2048396339495946,0
148,130,108,-0.9998982274475553,0
148,130,109,-0.3551743934213604,0
148,130,110,-0.6911172665462018,0
148,130,111,0.8225045258830841,0
148,130,112,-0.1310747853714913,0
148,130,113,0.7235652806503589,0
148,130,114,0.3432414273194808,0
148,130,115,-0.278469981201229,0
148,130,116,6.715223013289973e-08,0
148,130,117,-8.268971426606615e-07,0
148,130,118,9.545844089965282e-07,0
148,130,119,-7.502841625745467e-07,0
148,130,120,4.035942893688964e-06,0
148,130,121,-1.617826888475494e-07,0
148,130,122,1.11077309214093e-05,0
148,130,123,1.680559481021478e-06,0
148,130,124,1.501803402991677e-05,0
148,130,125,5.718359992809912e-06,0
148,130,126,-0.04575590097821608,0
148,130,127,8.293504779409625e-06,0
148,130,128,-0.2733570953244623,0
148,130,129,-0.03060977868407178,0
148,130,130,0.4945504929131616,0
148,130,131,-0.1828664783236907,0
148,130,132,-0.3094110580589794,0
148,130,133,0.3308367760670335,0
148,130,134,-0.2069851010604,0
148,130,135,-1.364233825428784e-07,0
148,130,136,-4.609007416531757e-07,0
148,130,137,-1.411304414696908e-06,0
148,130,138,-4.089487459397432e-06,0
148,130,139,-1.011768067900969e-05,0
148,130,140,0.02786744349673261,0
148,130,141,-0.04455299705345511,0
148,130,142,0.02463851387252204,0
148,130,143,0.004107380434158951,0
148,130,144,-1.126036185585046e-07,0
148,130,145,-3.879404415124136e-07,0
148,130,146,-1.336197137731964e-06,0
148,130,147,-5.179735585173201e-06,0
148,130,148,-2.29758281892164e-05,0
148,130,149,-0.04620146537597536,0
148,130,150,0.04552806897121888,0
148,130,151,0.003262100576637473,0
148,130,152,-0.03161813371166002,0
148,130,153,4.707633540439367e-08,0
148,130,154,2.434566710288641e-07,0
148,130,155,1.124858214748967e-06,0
148,130,156,5.168693646170326e-06,0
148,130,157,2.490576921524977e-05,0
148,130,158,0.03161316824673387,0
148,130,159,-0.003276487583951913,0
148,130,160,-0.04552208784318537,0
148,130,161,0.04622000156564019,0
148,130,162,8.225880849887412e-08,0
148,130,163,3.048627597788731e-07,0
148,130,164,9.622700039865982e-07,0
148,130,165,2.552017424081068e-06,0
148,130,166,3.916466216534281e-06,0
148,130,167,-0.004120069593018231,0
148,130,168,-0.02462364597867349,0
148,130,169,0.04454981029771694,0
148,130,170,-0.02787200651202233,0
149,129,0,4.819549946665513e-06,0
149,129,1,-4.812914692632383e-06,0
149,129,2,-1.674920683596636e-05,0
149,129,3,9.824018714745031e-06,0
149,129,4,-4.620650242977892e-07,0
149,129,5,-1.438042486031121e-05,0
149,129,6,1.523434122684256e-05,0
149,129,7,5.015860022752618e-06,0
149,129,8,-9.569146003836175e-06,0
149,129,9,2.370246520305031e-05,0
149,129,10,1.332320526105872e-05,0
149,129,11,-3.412859156603865e-07,0
149,129,12,5.019967152902372e-05,0
149,129,13,3.463644767867594e-05,0
149,129,14,2.44270603258815e-05,0
149,129,15,-0.03413769016782478,0
149,129,16,-0.02283567795932069,0
149,129,17,-0.03076542092426718,0
149,129,18,0.1944256536466255,0
149,129,19,0.1300645183300273,0
149,129,20,0.2057087651055667,0
149,129,21,-0.3223519493346933,0
149,129,22,-0.2156416795236995,0
149,129,23,-0.4650987152238061,0
149,129,24,0.2598807075302301,0
149,129,25,0.1738513511221467,0
149,129,26,0.5240102700064689,0
149,129,27,2.947089296372646e-07,0
149,129,28,-0.2338918506869551,0
149,129,29,2.803305694569588e-06,0
149,129,30,-1.601003958362536e-05,0
149,129,31,-2.703143841808314e-05,0
149,129,32,5.532323385101733e-06,0
149,129,33,-1.182421354351008e-05,0
149,129,34,-2.358351836846721e-05,0
149,129,35,6.868206992523212e-06,0
149,129,36,-6.208370865603467e-06,0
149,129,37,-1.755856779824856e-05,0
149,129,38,1.203294335553508e-06,0
149,129,39,-1.688979222924887e-06,0
149,129,40,-1.12896527427097e-05,0
149,129,41,-3.381487663385159e-05,0
149,129,42,-5.805344271852413e-06,0
149,129,43,-1.055571922916134e-05,0
149,129,44,0.2223325448675292,0
149,129,45,0.1258648422326536,0
149,129,46,0.1693630195472364,0
149,129,47,-0.6574315892513318,0
149,129,48,-0.2868961469798678,0
149,129,49,-0.5860784728856169,0
149,129,50,0.8592744185080688,0
149,129,51,0.2291194094487072,0
149,129,52,0.899937369664906,0
149,129,53,-0.5753087775361893,0
149,129,54,0.004632738204157302,0
149,129,55,-0.7671139644283614,0
149,129,56,-0.1738502029373917,0
149,129,57,0.2838866608604398,0
149,129,58,-3.053035253689522e-07,0
149,129,59,-2.097931191949382e-05,0
149,129,60,-2.673913012203353e-05,0
149,129,61,1.694474602195103e-08,0
149,129,62,-1.825749078019361e-05,0
149,129,63,-2.31478315878712e-05,0
149,129,64,1.062023013315497e-06,0
149,129,65,-1.299265625654521e-05,0
149,129,66,-1.678361078048438e-05,0
149,129,67,5.616552475240409e-07,0
149,129,68,-8.401384040518395e-06,0
149,129,69,-1.179623021428026e-05,0
149,129,70,-2.100602503255871e-05,0
149,129,71,-2.23328170731233e-05,0
149,129,72,-2.987066231182778e-05,0
149,129,73,-0.5034804282478711,0
149,129,74,-0.2109240865064466,0
149,129,75,-0.2837502488623562,0
149,129,76,0.9998703125276481,0
149,129,77,0.2332494338065665,0
149,129,78,0.7669376084443936,0
149,129,79,-1,0
149,129,80,-4.640830436139106e-05,0
149,129,81,-0.8999455834963854,0
149,129,82,0.5037221159431854,0
149,129,83,-0.2332188481489213,0
149,129,84,0.586236258914575,0
149,129,85,0.2110114365249526,0
149,129,86,-0.1694629085365213,0
149,129,87,-3.66733859166731e-06,0
149,129,88,-1.795454327955801e-05,0
149,129,89,-1.619302102476995e-05,0
149,129,90,-5.948587624293182e-06,0
149,129,91,-1.756471541192687e-05,0
149,129,92,-1.334823859406028e-05,0
149,129,93,-3.888610987655269e-06,0
149,129,94,-1.249510736107474e-05,0
149,129,95,-6.253098586169639e-06,0
149,129,96,1.575794558938646e-05,0
149,129,97,3.678312599768198e-06,0
149,129,98,1.16407173573009e-05,0
149,129,99,0.0001206498033629691,0
149,129,100,6.220565927768788e-05,0
149,129,101,7.185640891583706e-05,0
149,129,102,0.5749677001506932,0
149,129,103,0.1737245552186854,0
149,129,104,0.2336176303256638,0
149,129,105,-0.8591821512254709,0
149,129,106,-0.00470218686145692,0
149,129,107,-0.523796720250526,0
149,129,108,0.6575328813968733,0
149,129,109,-0.2290579941580638,0
149,129,110,0.4650978207603885,0
149,129,111,-0.2224117051924225,0
149,129,112,0.286960398463483,0
149,129,113,-0.2057139338768145,0
149,129,114,-0.125960757626874,0
149,129,115,0.03070765396605512,0
149,129,116,-6.413194982122412e-06,0
149,129,117,-8.533670853821453e-06,0
149,129,118,-1.256418762823464e-05,0
149,129,119,-1.182854338612679e-05,0
149,129,120,-2.033156486485364e-05,0
149,129,121,-1.392659058856669e-05,0
149,129,122,-3.918830864401097e-05,0
149,129,123,-1.621540890704343e-05,0
149,129,124,-0.0001120260075113826,0
149,129,125,-2.462028440669096e-05,0
149,129,126,-0.2596776984256925,0
149,129,127,-7.052343750644965e-05,0
149,129,128,0.3223219041042228,0
149,129,129,-0.17371380607775,0
149,129,130,-0.1944521737199137,0
149,129,131,0.2156225207436016,0
149,129,132,0.03411938369182189,0
149,129,133,-0.1300814306418793,0
149,129,134,0.02282475733834099,0
149,129,135,-1.957961127113921e-07,0
149,129,136,-4.802426115929529e-07,0
149,129,137,-1.05932410506937e-06,0
149,129,138,-2.728886890611953e-06,0
149,129,139,-9.155151332153665e-06,0
149,129,140,0.003073710928792406,0
149,129,141,-0.01751307095243637,0
149,129,142,0.02903533271420828,0
149,129,143,-0.02340852376175081,0
149,129,144,-3.079595723170443e-07,0
149,129,145,-6.950803956048796e-07,0
149,129,146,-1.180968202923735e-06,0
149,129,147,-1.479068496862128e-06,0
149,129,148,-2.036387550532761e-07,0
149,129,149,-0.01695157191371371,0
149,129,150,0.04170445526762249,0
149,129,151,-0.04836287655179106,0
149,129,152,0.02841175076757489,0
149,129,153,-3.387871425345828e-07,0
149,129,154,-7.920045432419368e-07,0
149,129,155,-1.393996945730478e-06,0
149,129,156,-1.455059304926012e-06,0
149,129,157,4.544869164186663e-06,0
149,129,158,0.02839895644686548,0
149,129,159,-0.04835780537931077,0
149,129,160,0.04171099925361454,0
149,129,161,-0.01696044589336026,0
149,129,162,-2.586205545202008e-07,0
149,129,163,-7.231984415274622e-07,0
149,129,164,-1.953473097606834e-06,0
149,129,165,-6.171896335709441e-06,0
149,129,166,-2.347448368122057e-05,0
149,129,167,-0.02339366001269715,0
149,129,168,0.02903167219488213,0
149,129,169,-0.01751549553101023,0
149,129,170,0.003073100071203431,0
150,101,0,0.1349093699999056,0
150,101,1,-0.1925206337210601,0
150,101,2,-0.6196563544098199,0
150,101,3,0.2715133951772046,0
150,101,4,-0.07235990621956234,0
150,101,5,-0.5549308113320236,0
150,101,6,0.3988370786987178,0
150,101,7,0.06634360973344813,0
150,101,8,-0.4348734547210665,0
150,101,9,0.5052241682324231,0
150,101,10,0.2122073663046026,0
150,101,11,-0.267837525998868,0
150,101,12,0.5845344069460365,0
150,101,13,0.3540558390774304,0
150,101,14,-0.06564000039267687,0
150,101,15,0.3066340600787713,0
150,101,16,0.2013281099926628,0
150,101,17,-0.261517288664947,0
150,101,18,0.1618600789479655,0
150,101,19,0.1070367726210422,0
150,101,20,-0.1344557138669598,0
150,101,21,0.08303319008234604,0
150,101,22,0.05599403165631549,0
150,101,23,-0.07028310485917358,0
150,101,24,0.03535870096940364,0
150,101,25,0.02512997035038578,0
150,101,26,-0.03923855744870923,0
150,101,27,0.001930238007938592,0
150,101,28,-0.02669740918470568,0
150,101,29,0.08181328089625771,0
150,101,30,-0.5981620905485791,0
150,101,31,-1,0
150,101,32,0.1669314188584073,0
150,101,33,-0.4754483075820898,0
150,101,34,-0.8985155811944666,0
150,101,35,0.2495992114153011,0
150,101,36,-0.2958582943193278,0
150,101,37,-0.7055491611194642,0
150,101,38,0.321140742145845,0
150,101,39,-0.07322229758353245,0
150,101,40,-0.4348840675470587,0
150,101,41,0.3771630410882648,0
150,101,42,0.1762522508542924,0
150,101,43,-0.103777132518187,0
150,101,44,0.1995549267811151,0
150,101,45,-0.06350344582112145,0
150,101,46,-0.4285909054383535,0
150,101,47,0.1076976960037277,0
150,101,48,-0.02845739833926078,0
150,101,49,-0.2188973179745193,0
150,101,50,0.05679974384128032,0
150,101,51,-0.01339630830559947,0
150,101,52,-0.1140351958337752,0
150,101,53,0.02474043501188855,0
150,101,54,-0.0108818675825169,0
150,101,55,-0.0635491647996152,0
150,101,56,-0.01771155519586839,0
150,101,57,-0.04318638728809764,0
150,101,58,-0.008245928387340656,0
150,101,59,-0.7760370096624053,0
150,101,60,-0.997651432286458,0
150,101,61,-0.006981382401265451,0
150,101,62,-0.7011753885192111,0
150,101,63,-0.8989988095446722,0
150,101,64,0.003652837864957154,0
150,101,65,-0.5484467837280073,0
150,101,66,-0.7072865488199095,0
150,101,67,0.01772641865996864,0
150,101,68,-0.3307419800998114,0
150,101,69,-0.4362327890120093,0
150,101,70,0.02838390131789914,0
150,101,71,-0.06567060636238191,0
150,101,72,-0.1018653942067172,0
150,101,73,0.02346108332003332,0
150,101,74,-0.3032796282632635,0
150,101,75,-0.4333771337853367,0
150,101,76,0.01953607497075377,0
150,101,77,-0.1489389645040354,0
150,101,78,-0.2202927579406113,0
150,101,79,0.01431329353198655,0
150,101,80,-0.07359838591584383,0
150,101,81,-0.1144035915635908,0
150,101,82,0.007593787336072759,0
150,101,83,-0.03994833357331528,0
150,101,84,-0.06362997672008956,0
150,101,85,-0.02959788626888516,0
150,101,86,-0.04318315545393162,0
150,101,87,-0.1000661442282793,0
150,101,88,-0.6592324265192365,0
150,101,89,-0.6149973025364204,0
150,101,90,-0.1834208126880864,0
150,101,91,-0.6626229326115002,0
150,101,92,-0.5559804509972841,0
150,101,93,-0.2452655345694796,0
150,101,94,-0.5939244418537014,0
150,101,95,-0.4383045968267126,0
150,101,96,-0.2899215797130848,0
150,101,97,-0.4615965188718067,0
150,101,98,-0.2705697368661442,0
150,101,99,-0.3280164354540815,0
150,101,100,-0.2804883148762613,0
150,101,101,-0.06151236150687709,0
150,101,102,-0.1551200014493361,0
150,101,103,-0.423901385086381,0
150,101,104,-0.2711693851678549,0
150,101,105,-0.06929047098080691,0
150,101,106,-0.208033672625581,0
150,101,107,-0.1369678694179242,0
150,101,108,-0.02830748210307555,0
150,101,109,-0.1015846747937064,0
150,101,110,-0.07089670974641421,0
150,101,111,-0.009560551634379891,0
150,101,112,-0.05097402033112276,0
150,101,113,-0.03936073037225563,0
150,101,114,-0.029198959873654,0
150,101,115,-0.026676984973814,0
150,101,116,-0.1593296444642149,0
150,101,117,-0.2939026979781347,0
150,101,118,-0.29543444898673,0
150,101,119,-0.3746676827689666,0
150,101,120,-0.4019946276295096,0
150,101,121,-0.4140941441062804,0
150,101,122,-0.4835395802476485,0
150,101,123,-0.4147464504079004,0
150,101,124,-0.5563168550316955,0
150,101,125,-0.3870717642390149,0
150,101,126,-0.2671969429781929,0
150,101,127,-0.3766401822786928,0
150,101,128,-0.1244937515479901,0
150,101,129,-0.1820838283144253,0
150,101,130,-0.05465861411038402,0
150,101,131,-0.08632309889711129,0
150,101,132,-0.0201287892361374,0
150,101,133,-0.03965426274087434,0
150,101,134,-0.01665884817044213,0
150,101,135,-0.001807145324489744,0
150,101,136,-0.004348064955153823,0
150,101,137,-0.008657677569761437,0
150,101,138,-0.01646765179556063,0
150,101,139,-0.03084895039272921,0
150,101,140,-0.01536179204236998,0
150,101,141,-0.007562787685096386,0
150,101,142,-0.003585804423587063,0
150,101,143,-0.001429847364980153,0
150,101,144,-0.002916624273815816,0
150,101,145,-0.007026762963889352,0
150,101,146,-0.01401353439099555,0
150,101,147,-0.02672729012318254,0
150,101,148,-0.05033237556493469,0
150,101,149,-0.02494630094530079,0
150,101,150,-0.01225073589511154,0
150,101,151,-0.00580018267602972,0
150,101,152,-0.002310380360898072,0
150,101,153,-0.002910298534334488,0
150,101,154,-0.007020705915379323,0
150,101,155,-0.01402485905894871,0
150,101,156,-0.02681936185522097,0
150,101,157,-0.0507171567340503,0
150,101,158,-0.02504503808428394,0
150,101,159,-0.01226989231802573,0
150,101,160,-0.005800445462880828,0
150,101,161,-0.002307980305716829,0
150,101,162,-0.001794079809458299,0
150,101,163,-0.004333642803867122,0
150,101,164,-0.008670579561769866,0
150,101,165,-0.01662457976268119,0
150,101,166,-0.03159883587733896,0
150,101,167,-0.01553335569479805,0
150,101,168,-0.007591466263268518,0
150,101,169,-0.003583695190626355,0
150,101,170,-0.001424441028302317,0
151,99,0,0.0002145534445072043,0
151,99,1,9.942505059561922e-05,0
151,99,2,7.11494580634933e-05,0
151,99,3,0.001342018628581514,0
151,99,4,0.0008878724304839571,0
151,99,5,0.0009438057629039318,0
151,99,6,0.008219636473237398,0
151,99,7,0.005695938217187176,0
151,99,8,0.006433440376669426,0
151,99,9,0.05041863784103077,0
151,99,10,0.03516025903887938,0
151,99,11,0.04009913622613326,0
151,99,12,0.309242537493855,0
151,99,13,0.2156434900859379,0
151,99,14,0.2462283200658545,0
151,99,15,0.04695690323184151,0
151,99,16,0.03532573014737626,0
151,99,17,-0.2229948828650774,0
151,99,18,0.007081967751417851,0
151,99,19,0.005372822000521135,0
151,99,20,-0.03377147610059432,0
151,99,21,0.001050802459579867,0
151,99,22,0.0008102539453275516,0
151,99,23,-0.005073246024112489,0
151,99,24,0.0001472225609467493,0
151,99,25,0.0001194225388388525,0
151,99,26,-0.0007460533050200594,0
151,99,27,7.152538774806414e-06,0
151,99,28,-0.0001126031358991644,0
151,99,29,-0.0005554443102989247,0
151,99,30,-0.000370564592491113,0
151,99,31,-0.0005429619260525052,0
151,99,32,-0.00351392593576946,0
151,99,33,-0.001779566266494578,0
151,99,34,-0.001967301657822465,0
151,99,35,-0.02158479264719652,0
151,99,36,-0.01025983412662954,0
151,99,37,-0.01089966192799284,0
151,99,38,-0.1321906520346502,0
151,99,39,-0.06202901559468658,0
151,99,40,-0.06539961129742615,0
151,99,41,-0.8087239410761052,0
151,99,42,-0.3779637283158715,0
151,99,43,-0.3975469052343352,0
151,99,44,-0.1232227805514067,0
151,99,45,-0.2556131833718659,0
151,99,46,0.3599915825647281,0
151,99,47,-0.01872750639060893,0
151,99,48,-0.03880890696130029,0
151,99,49,0.05487241704827681,0
151,99,50,-0.002840677210611522,0
151,99,51,-0.005855362687339083,0
151,99,52,0.008373141383461052,0
151,99,53,-0.0004221981563930211,0
151,99,54,-0.0008641081866028689,0
151,99,55,0.001300629049420778,0
151,99,56,-8.791883474165188e-05,0
151,99,57,0.0002482854858288758,0
151,99,58,0.0007140474803604782,0
151,99,59,9.043366806232671e-05,0
151,99,60,0.0001437117472738903,0
151,99,61,0.004452137123844976,0
151,99,62,0.001628429953875816,0
151,99,63,0.001612575256911544,0
151,99,64,0.02704876405830874,0
151,99,65,0.01067615772134012,0
151,99,66,0.0106956533408264,0
151,99,67,0.1643737019693759,0
151,99,68,0.0653772208926594,0
151,99,69,0.06557675073337109,0
151,99,70,1,0
151,99,71,0.3970895703257635,0
151,99,72,0.3978150787364139,0
151,99,73,0.1530390143255438,0
151,99,74,0.3781184231905858,0
151,99,75,-0.3602414925539153,0
151,99,76,0.02338726026855028,0
151,99,77,0.0577342691373086,0
151,99,78,-0.05511025518472928,0
151,99,79,0.003567363127842527,0
151,99,80,0.00881876693989612,0
151,99,81,-0.008394868220799385,0
151,99,82,0.0005315792192909273,0
151,99,83,0.001356599836120606,0
151,99,84,-0.001259622561002116,0
151,99,85,0.0001928490041715657,0
151,99,86,-0.000197825237998464,0
151,99,87,-0.0006029137713765343,0
151,99,88,-0.0002871078640314211,0
151,99,89,-0.0003519467770742317,0
151,99,90,-0.003691218944900075,0
151,99,91,-0.001339404728781054,0
151,99,92,-0.001268257538855603,0
151,99,93,-0.02217351387629819,0
151,99,94,-0.007402916436995912,0
151,99,95,-0.006910361222206398,0
151,99,96,-0.1337401122723767,0
151,99,97,-0.04384859882866305,0
151,99,98,-0.04083268681523897,0
151,99,99,-0.8092254228920714,0
151,99,100,-0.2638797379702927,0
151,99,101,-0.2452811527108153,0
151,99,102,-0.1243705170290435,0
151,99,103,-0.3567284398129932,0
151,99,104,0.2220914183208107,0
151,99,105,-0.01910099737861427,0
151,99,106,-0.05466400712377543,0
151,99,107,0.03419091114721707,0
151,99,108,-0.002924705695212588,0
151,99,109,-0.008346019567525832,0
151,99,110,0.005287365480260213,0
151,99,111,-0.0004348663730709919,0
151,99,112,-0.001252795348332116,0
151,99,113,0.0008357530162076545,0
151,99,114,-0.0001540550504424269,0
151,99,115,0.000163185216931579,0
151,99,116,0.0002240795614350171,0
151,99,117,-5.7461416905815e-05,0
151,99,118,0.001406539188358868,0
151,99,119,7.643468774528502e-05,0
151,99,120,0.008493035670889342,0
151,99,121,0.0007659577478299427,0
151,99,122,0.05115167944768381,0
151,99,123,0.004915957742471169,0
151,99,124,0.3087240874475909,0
151,99,125,0.03003887039083856,0
151,99,126,0.04761231621926025,0
151,99,127,0.1980583403106645,0
151,99,128,0.007371147226068421,0
151,99,129,0.03051500415787331,0
151,99,130,0.001155455035548598,0
151,99,131,0.004725026358027701,0
151,99,132,0.0001824825030052285,0
151,99,133,0.000743889734655383,0
151,99,134,0.0001196562997774265,0
151,99,135,-1.750748488637485e-05,0
151,99,136,-0.0001116796552380948,0
151,99,137,-0.0007017182823012625,0
151,99,138,-0.004421946322448359,0
151,99,139,-0.02787613971881308,0
151,99,140,-0.004426656687999761,0
151,99,141,-0.0007060636343024698,0
151,99,142,-0.0001140136275732974,0
151,99,143,-1.844356383481523e-05,0
151,99,144,2.712978458948387e-05,0
151,99,145,0.0001786165820451063,0
151,99,146,0.00113394661210458,0
151,99,147,0.007153008964102429,0
151,99,148,0.0450225580142981,0
151,99,149,0.007120570943393602,0
151,99,150,0.001120952999818026,0
151,99,151,0.0001739535045106893,0
151,99,152,2.555767108292208e-05,0
151,99,153,-2.942255828070764e-05,0
151,99,154,-0.0001854314360547867,0
151,99,155,-0.001152975623659982,0
151,99,156,-0.007204507708595703,0
151,99,157,-0.04511415461065431,0
151,99,158,-0.007166415794962517,0
151,99,159,-0.00114360101255248,0
151,99,160,-0.0001847877866842942,0
151,99,161,-2.991709011557473e-05,0
151,99,162,1.742236035432228e-05,0
151,99,163,0.0001132052733663001,0
151,99,164,0.0007112154381360812,0
151,99,165,0.004449682354167733,0
151,99,166,0.02782508617398442,0
151,99,167,0.004401337109560625,0
151,99,168,0.0006929677876457023,0
151,99,169,0.0001075443240108937,0
151,99,170,1.579987012879667e-05,0
152,100,0,0.0008327208379619488,0
152,100,1,0.0006777309631453416,0
152,100,2,0.001042070690759254,0
152,100,3,0.005118113143709678,0
152,100,4,0.003659248547533604,0
152,100,5,0.004305275040130031,0
152,100,6,0.02634520161342606,0
152,100,7,0.0185649708181715,0
152,100,8,0.02068255124635239,0
152,100,9,0.1284648094467553,0
152,100,10,0.09039537456923986,0
152,100,11,0.09937979904520459,0
152,100,12,0.6181537105546389,0
152,100,13,0.4343738282957862,0
152,100,14,0.4760008163906721,0
152,100,15,0.1161808546656206,0
152,100,16,0.08816508566086025,0
152,100,17,-0.4177913483316683,0
152,100,18,0.02165727493310235,0
152,100,19,0.01658280542462221,0
152,100,20,-0.07825478456656977,0
152,100,21,0.00398343199398253,0
152,100,22,0.003084541170604942,0
152,100,23,-0.01454033610397936,0
152,100,24,0.0006976220193271562,0
152,100,25,0.0005509513149660041,0
152,100,26,-0.002684155295368877,0
152,100,27,2.181256581981182e-05,0
152,100,28,-0.0005661329467655829,0
152,100,29,-0.002086209944466919,0
152,100,30,-0.0006153447312429616,0
152,100,31,-0.0007768039877358322,0
152,100,32,-0.009562357556141201,0
152,100,33,-0.003462175760982673,0
152,100,34,-0.002917841422053601,0
152,100,35,-0.04426775743944518,0
152,100,36,-0.01562329831913148,0
152,100,37,-0.01336115305769721,0
152,100,38,-0.2097540520673658,0
152,100,39,-0.07269230571886197,0
152,100,40,-0.06236120144021155,0
152,100,41,-1,0
152,100,42,-0.3432287784799995,0
152,100,43,-0.2928901018150096,0
152,100,44,-0.1891943585925809,0
152,100,45,-0.4487292078471221,0
152,100,46,0.2569737632384091,0
152,100,47,-0.03564634724574508,0
152,100,48,-0.08434130501853372,0
152,100,49,0.04892605575253363,0
152,100,50,-0.006679595980362159,0
152,100,51,-0.015744320948991,0
152,100,52,0.009318848571500187,0
152,100,53,-0.001206556824940399,0
152,100,54,-0.002899244292915738,0
152,100,55,0.001790961675862961,0
152,100,56,-0.0004502212019663776,0
152,100,57,0.0004081398792400962,0
152,100,58,-0.0001198808249462991,0
152,100,59,-0.0005771067686187617,0
152,100,60,-0.0006341525294228207,0
152,100,61,1.404299184562236e-05,0
152,100,62,-0.002133772486035716,0
152,100,63,-0.002614049277638071,0
152,100,64,0.0006961176202267182,0
152,100,65,-0.009588575998800921,0
152,100,66,-0.01261731226511251,0
152,100,67,0.001939706110928479,0
152,100,68,-0.04575013446936163,0
152,100,69,-0.06102657813806295,0
152,100,70,-0.0003124449535888015,0
152,100,71,-0.2214157791331822,0
152,100,72,-0.2946052773693256,0
152,100,73,0.001591943121893601,0
152,100,74,0.1887907916635524,0
152,100,75,0.258606751879374,0
152,100,76,0.0007104969172643577,0
152,100,77,0.03617765830091416,0
152,100,78,0.04809160096382351,0
152,100,79,0.0002381194596999384,0
152,100,80,0.006949877748769889,0
152,100,81,0.008875767785120838,0
152,100,82,6.734327785818979e-05,0
152,100,83,0.001346768431988211,0
152,100,84,0.001627780284107656,0
152,100,85,0.0002945675218709748,0
152,100,86,0.00034051778300705,0
152,100,87,0.00162324498485441,0
152,100,88,0.0007761357937792811,0
152,100,89,0.001219422706801497,0
152,100,90,0.008846303445275752,0
152,100,91,0.004341854093162899,0
152,100,92,0.004635354552805891,0
152,100,93,0.04350904850153985,0
152,100,94,0.02118372769582378,0
152,100,95,0.02134708975725745,0
152,100,96,0.2088108469942479,0
152,100,97,0.1009356526362458,0
152,100,98,0.1002596581619728,0
152,100,99,0.9997574945840297,0
152,100,100,0.4800184021084599,0
152,100,101,0.474607826467091,0
152,100,102,0.1886597792651075,0
152,100,103,0.3320484102779488,0
152,100,104,-0.4164663147531721,0
152,100,105,0.03552765997419839,0
152,100,106,0.06223770407041005,0
152,100,107,-0.07873464428290235,0
152,100,108,0.006666153302281734,0
152,100,109,0.01160063238771213,0
152,100,110,-0.01490247164622873,0
152,100,111,0.001205873458894744,0
152,100,112,0.002125526149299595,0
152,100,113,-0.002847757418152365,0
152,100,114,0.0002822024528510336,0
152,100,115,-0.0006445299081546909,0
152,100,116,-0.00146438927982607,0
152,100,117,-4.036564999480347e-05,0
152,100,118,-0.006272656646972412,0
152,100,119,-0.0008942965295450583,0
152,100,120,-0.02792640943267392,0
152,100,121,-0.003609116662841782,0
152,100,122,-0.1302493982312219,0
152,100,123,-0.0160700743809103,0
152,100,124,-0.6177980105684263,0
152,100,125,-0.07569647978188884,0
152,100,126,-0.1173595616127897,0
152,100,127,-0.3932286015238267,0
152,100,128,-0.02233585628710672,0
152,100,129,-0.07449716328088869,0
152,100,130,-0.004266485882478683,0
152,100,131,-0.01413859038763073,0
152,100,132,-0.0007938616659910122,0
152,100,133,-0.002691589508337082,0
152,100,134,-0.0004938891806102683,0
152,100,135,-8.422849760973038e-05,0
152,100,136,-0.000442012954783653,0
152,100,137,-0.00222611576471588,0
152,100,138,-0.01115896938789063,0
152,100,139,-0.05580257107779722,0
152,100,140,-0.01108459604955976,0
152,100,141,-0.00220188545141016,0
152,100,142,-0.0004368263365371354,0
152,100,143,-8.351216410934197e-05,0
152,100,144,5.569217731759612e-05,0
152,100,145,0.0002851356699222079,0
152,100,146,0.001408506776019534,0
152,100,147,0.006961696102495531,0
152,100,148,0.03445105736779348,0
152,100,149,0.006841727729113694,0
152,100,150,0.001358419084700961,0
152,100,151,0.0002692439353283515,0
152,100,152,5.139606069316221e-05,0
152,100,153,5.12474537844423e-05,0
152,100,154,0.0002700606233809793,0
152,100,155,0.001364931178866971,0
152,100,156,0.006866852147254887,0
152,100,157,0.0344838186901809,0
152,100,158,0.006848419918776963,0
152,100,159,0.001359960321183534,0
152,100,160,0.0002696343020283159,0
152,100,161,5.149294678833507e-05,0
152,100,162,-8.929202346184846e-05,0
152,100,163,-0.0004574018272023774,0
152,100,164,-0.002263336843402912,0
152,100,165,-0.01121935025110932,0
152,100,166,-0.0557428437808028,0
152,100,167,-0.01106979125083207,0
152,100,168,-0.002198183063721439,0
152,100,169,-0.0004358883672897153,0
152,100,170,-8.32856302946679e-05,0
153,98,0,-0.007954781716183646,0
153,98,1,-0.005523754467429233,0
153,98,2,-0.007379539961842472,0
153,98,3,-0.0270285276829615,0
153,98,4,-0.01934244889194493,0
153,98,5,-0.01943050265618777,0
153,98,6,-0.08415941217734491,0
153,98,7,-0.06083558990830718,0
153,98,8,-0.06025395564614998,0
153,98,9,-0.2609068165794432,0
153,98,10,-0.1885380532015176,0
153,98,11,-0.1869952185733468,0
153,98,12,-0.811937608771175,0
153,98,13,-0.5842568767616823,0
153,98,14,-0.5785601564308831,0
153,98,15,-0.2184562234568903,0
153,98,16,-0.1706313442930985,0
153,98,17,0.4577239152924837,0
153,98,18,-0.05799623108490258,0
153,98,19,-0.04613038963360121,0
153,98,20,0.1215535009053662,0
153,98,21,-0.01506684363107566,0
153,98,22,-0.0123000330631326,0
153,98,23,0.03173060786092929,0
153,98,24,-0.003614178305055464,0
153,98,25,-0.003126137532827509,0
153,98,26,0.008140330078182715,0
153,98,27,-0.000313415887122059,0
153,98,28,0.002391336106876843,0
153,98,29,0.003098340797998934,0
153,98,30,-0.002895514266007925,0
153,98,31,-0.003078175712132073,0
153,98,32,0.01044215555305921,0
153,98,33,-0.006720146319794788,0
153,98,34,-0.01054227678544657,0
153,98,35,0.03234472009110005,0
153,98,36,-0.02176453555838353,0
153,98,37,-0.03582277134852692,0
153,98,38,0.09957517009855762,0
153,98,39,-0.0691625432773835,0
153,98,40,-0.1147465979375022,0
153,98,41,0.3064298997157058,0
153,98,42,-0.2167078731091722,0
153,98,43,-0.3607443466577229,0
153,98,44,0.08380321134252502,0
153,98,45,0.3990189163468401,0
153,98,46,0.2857581974556466,0
153,98,47,0.02276535730821562,0
153,98,48,0.1063406481833476,0
153,98,49,0.07490810619514078,0
153,98,50,0.006145395200440691,0
153,98,51,0.02789557150420285,0
153,98,52,0.01916237378915372,0
153,98,53,0.001562161130223025,0
153,98,54,0.007141528520616736,0
153,98,55,0.004695212937402637,0
153,98,56,0.001792036840886966,0
153,98,57,0.001208051900543679,0
153,98,58,0.009697746566494601,0
153,98,59,0.005079152928617056,0
153,98,60,0.007646625399915983,0
153,98,61,0.03297466566496854,0
153,98,62,0.01627297311994034,0
153,98,63,0.01487493016704945,0
153,98,64,0.1028958316358351,0
153,98,65,0.04785842955708345,0
153,98,66,0.03950180552218626,0
153,98,67,0.3200113848022516,0
153,98,68,0.144860825301731,0
153,98,69,0.1161044568726824,0
153,98,70,1,0
153,98,71,0.4468623624283501,0
153,98,72,0.3530259007289736,0
153,98,73,0.2686606168996641,0
153,98,74,0.4181499477743985,0
153,98,75,-0.2788948767516844,0
153,98,76,0.07148413028072312,0
153,98,77,0.1112085380716381,0
153,98,78,-0.07480884342968475,0
153,98,79,0.01873377856699262,0
153,98,80,0.0290637516122923,0
153,98,81,-0.02007362393615315,0
153,98,82,0.004567075627513283,0
153,98,83,0.007246412707467159,0
153,98,84,-0.005557870475375025,0
153,98,85,0.001193033879631864,0
153,98,86,-0.001970604717734886,0
153,98,87,0.002911135518085575,0
153,98,88,0.00770863388942955,0
153,98,89,0.009972809280834338,0
153,98,90,0.009952161688299236,0
153,98,91,0.0182977273926858,0
153,98,92,0.02169741494654756,0
153,98,93,0.03124725447838552,0
153,98,94,0.05242163696185311,0
153,98,95,0.06162823370339501,0
153,98,96,0.0981865468033967,0
153,98,97,0.158725280316684,0
153,98,98,0.1865397194590614,0
153,98,99,0.3116470873397806,0
153,98,100,0.4909702319780866,0
153,98,101,0.5764100229026691,0
153,98,102,0.0822191806495613,0
153,98,103,-0.1389759862221471,0
153,98,104,-0.4559608441685143,0
153,98,105,0.02139132255786413,0
153,98,106,-0.03730844030616309,0
153,98,107,-0.1207027317716355,0
153,98,108,0.005415816170765505,0
153,98,109,-0.01009387684953803,0
153,98,110,-0.03175621360353137,0
153,98,111,0.001251774932298714,0
153,98,112,-0.00291420464200669,0
153,98,113,-0.008449943326333382,0
153,98,114,-0.00130364714470663,0
153,98,115,-0.00275224899796063,0
153,98,116,-0.007691814820854868,0
153,98,117,0.001160622085218201,0
153,98,118,-0.02628967006049257,0
153,98,119,-0.003390211160101048,0
153,98,120,-0.08234855534157895,0
153,98,121,-0.01376876880361158,0
153,98,122,-0.2569727505678697,0
153,98,123,-0.04518938521531463,0
153,98,124,-0.8062764594132136,0
153,98,125,-0.1444024356721228,0
153,98,126,-0.2163447509509555,0
153,98,127,-0.5013178461442039,0
153,98,128,-0.05773790232091908,0
153,98,129,-0.1335238822058731,0
153,98,130,-0.01529270357640561,0
153,98,131,-0.03534275079612031,0
153,98,132,-0.003799848410177486,0
153,98,133,-0.00926842783353519,0
153,98,134,-0.00222609391230605,0
153,98,135,0.0005379624178783948,0
153,98,136,0.001959064186451023,0
153,98,137,0.006595780183630321,0
153,98,138,0.02205263251771468,0
153,98,139,0.07364586996941197,0
153,98,140,0.02162649659261143,0
153,98,141,0.006358892602326712,0
153,98,142,0.001863034446820443,0
153,98,143,0.0005070025823420289,0
153,98,144,0.0003317409829375104,0
153,98,145,0.001209849425112806,0
153,98,146,0.004078618446655933,0
153,98,147,0.01366865985266293,0
153,98,148,0.04582585535228764,0
153,98,149,0.01351087602667198,0
153,98,150,0.004000556135179604,0
153,98,151,0.001185117012218536,0
153,98,152,0.0003269087614321146,0
153,98,153,-0.000326560316591748,0
153,98,154,-0.001190219427475482,0
153,98,155,-0.004013333443415623,0
153,98,156,-0.01343296966538735,0
153,98,157,-0.04488794483303799,0
153,98,158,-0.01305181892794812,0
153,98,159,-0.003773337839329358,0
153,98,160,-0.001075998085454911,0
153,98,161,-0.000282920126716423,0
153,98,162,-0.0005272242690151711,0
153,98,163,-0.001924423901875717,0
153,98,164,-0.006497576527921258,0
153,98,165,-0.02180000448286908,0
153,98,166,-0.0731397542154324,0
153,98,167,-0.02135405525585474,0
153,98,168,-0.006219725101601484,0
153,98,169,-0.001795558067168237,0
153,98,170,-0.0004797266162637025,0
154,97,0,-0.05693526286794373,0
154,97,1,-0.1370638629150633,0
154,97,2,-0.3082891256887496,0
154,97,3,-0.1274086756241417,0
154,97,4,-0.1879726468008726,0
154,97,5,-0.3289871606032443,0
154,97,6,-0.23344903197259,0
154,97,7,-0.2656593946257623,0
154,97,8,-0.3772045933616833,0
154,97,9,-0.4090339243428929,0
154,97,10,-0.3931439931078592,0
154,97,11,-0.4643534464264719,0
154,97,12,-0.7115196184302934,0
154,97,13,-0.6092598298468486,0
154,97,14,-0.6126752865370236,0
154,97,15,-0.2654332533772448,0
154,97,16,-0.2637276996455987,0
154,97,17,0.1469634337602903,0
154,97,18,-0.08680814133155935,0
154,97,19,-0.1019709968354387,0
154,97,20,0.03124754358524023,0
154,97,21,-0.02193994986235582,0
154,97,22,-0.03745357558070068,0
154,97,23,-0.008439170483744065,0
154,97,24,-0.003055891108367704,0
154,97,25,-0.01477840616340863,0
154,97,26,-0.01958414842677157,0
154,97,27,-0.008982806411072162,0
154,97,28,-0.02162153086233297,0
154,97,29,-0.03267447135866383,0
154,97,30,-0.3186201896470759,0
154,97,31,-0.49687384560023,0
154,97,32,-0.07456929063152304,0
154,97,33,-0.3646431785508692,0
154,97,34,-0.5315004324158232,0
154,97,35,-0.1391283216065489,0
154,97,36,-0.4481677858840525,0
154,97,37,-0.6099751094704214,0
154,97,38,-0.2482096928900956,0
154,97,39,-0.592597628409724,0
154,97,40,-0.7519823618996029,0
154,97,41,-0.4403286989763679,0
154,97,42,-0.8407251251229529,0
154,97,43,-0.9959691845339135,0
154,97,44,-0.1609261721215846,0
154,97,45,-0.05759292481545562,0
154,97,46,0.2412121913122504,0
154,97,47,-0.05086173609452267,0
154,97,48,-0.04084964600819935,0
154,97,49,0.05062815772688251,0
154,97,50,-0.01169832102103737,0
154,97,51,-0.02960556834322988,0
154,97,52,-0.01404987786575043,0
154,97,53,-0.000923246544111569,0
154,97,54,-0.0237612139737727,0
154,97,55,-0.03203802416143742,0
154,97,56,-0.02205231181871312,0
154,97,57,-0.03539402079654606,0
154,97,58,0.003690625773304749,0
154,97,59,-0.3776178319954422,0
154,97,60,-0.4950386339939422,0
154,97,61,0.007000659729289895,0
154,97,62,-0.4016363885469729,0
154,97,63,-0.5306706007258311,0
154,97,64,0.009202402649862841,0
154,97,65,-0.4589270977094719,0
154,97,66,-0.6096703209934053,0
154,97,67,0.008987806168459062,0
154,97,68,-0.5652146167279756,0
154,97,69,-0.7527161171090325,0
154,97,70,0.004034876539121091,0
154,97,71,-0.7509953124750026,0
154,97,72,-1,0
154,97,73,0.006250422762479242,0
154,97,74,0.1740924739035956,0
154,97,75,0.2440373426193769,0
154,97,76,0.005173385351802484,0
154,97,77,0.03654867700057172,0
154,97,78,0.05077489263408129,0
154,97,79,0.003475964028219616,0
154,97,80,-0.01025826815667569,0
154,97,81,-0.01438813839587127,0
154,97,82,0.00176780086198061,0
154,97,83,-0.02361887592736788,0
154,97,84,-0.03237210948572435,0
154,97,85,-0.02683185521716425,0
154,97,86,-0.03578058232802878,0
154,97,87,0.03854727880379482,0
154,97,88,-0.2924115177252717,0
154,97,89,-0.304749146668601,0
154,97,90,0.08635023051824653,0
154,97,91,-0.2850867616835029,0
154,97,92,-0.3274639313402171,0
154,97,93,0.1552483014160976,0
154,97,94,-0.2937966443865354,0
154,97,95,-0.376568833587936,0
154,97,96,0.265047276447946,0
154,97,97,-0.3207072806959047,0
154,97,98,-0.4655875139554131,0
154,97,99,0.451090774691626,0
154,97,100,-0.3721649030986828,0
154,97,101,-0.6209031924943564,0
154,97,102,0.1727625983190152,0
154,97,103,0.3412471178815368,0
154,97,104,0.1529411253431448,0
154,97,105,0.06006588052493333,0
154,97,106,0.1008296950123382,0
154,97,107,0.03141843553258988,0
154,97,108,0.01780621313580261,0
154,97,109,0.01344346192524696,0
154,97,110,-0.009139005007585535,0
154,97,111,0.004002982361205864,0
154,97,112,-0.01422126057548145,0
154,97,113,-0.020224499356904,0
154,97,114,-0.02128959928477771,0
154,97,115,-0.02236727432682325,0
154,97,116,0.05831056853891202,0
154,97,117,-0.09662438671214472,0
154,97,118,0.1329567719153897,0
154,97,119,-0.06011863173496627,0
154,97,120,0.2428405225692266,0
154,97,121,-0.01622892088227164,0
154,97,122,0.4213898405921779,0
154,97,123,0.04749740744920652,0
154,97,124,0.7308088413914698,0
154,97,125,0.153242651012133,0
154,97,126,0.2744606293047257,0
154,97,127,0.3785699357181631,0
154,97,128,0.09266467659115389,0
154,97,129,0.1271450181366127,0
154,97,130,0.02579504267830413,0
154,97,131,0.03256403108570979,0
154,97,132,0.004913504147210438,0
154,97,133,0.001004760298824291,0
154,97,134,-0.007345117366049839,0
154,97,135,0.004659343194806371,0
154,97,136,0.01110737189672685,0
154,97,137,0.0218422799816288,0
154,97,138,0.04098107087533942,0
154,97,139,0.07576692727762543,0
154,97,140,0.03855814165196567,0
154,97,141,0.01941756974883587,0
154,97,142,0.009399834226201744,0
154,97,143,0.003804394446153246,0
154,97,144,0.007506039352178132,0
154,97,145,0.01791680046802661,0
154,97,146,0.03527124668497133,0
154,97,147,0.06628274133411852,0
154,97,148,0.1229122700703489,0
154,97,149,0.06247586398624513,0
154,97,150,0.03144304791050735,0
154,97,151,0.01521636795112401,0
154,97,152,0.006157570540817166,0
154,97,153,0.007475495689236153,0
154,97,154,0.0178656303861976,0
154,97,155,0.03521060027201171,0
154,97,156,0.0662742913838377,0
154,97,157,0.1232039755953068,0
154,97,158,0.06256761565462059,0
154,97,159,0.03147099697817948,0
154,97,160,0.01522471615456066,0
154,97,161,0.006159874014583007,0
154,97,162,0.004599857066507839,0
154,97,163,0.01100741490334868,0
154,97,164,0.02171763270817232,0
154,97,165,0.04094265738332731,0
154,97,166,0.0763397211200177,0
154,97,167,0.03872267078294215,0
154,97,168,0.0194653875281175,0
154,97,169,0.009413778447082468,0
154,97,170,0.003808202690071695,0
155,103,0,-0.6362200765921051,0
155,103,1,-0.4238691340351432,0
155,103,2,-0.5680981842571843,0
155,103,3,-1,0
155,103,4,-0.6670491843476577,0
155,103,5,-0.3225107561671455,0
155,103,6,-0.970163057455127,0
155,103,7,-0.6467507532423634,0
155,103,8,0.03254976465875077,0
155,103,9,-0.5710488782915011,0
155,103,10,-0.3792246192708933,0
155,103,11,0.3661955748695547,0
155,103,12,0.02406872435272741,0
155,103,13,0.01965724480299919,0
155,103,14,0.5444956215758625,0
155,103,15,0.009713994740756139,0
155,103,16,0.008845768828996202,0
155,103,17,-0.005930484179164546,0
155,103,18,0.003671598171376481,0
155,103,19,0.003607988799279861,0
155,103,20,-0.002011854498858106,0
155,103,21,0.001262729495892126,0
155,103,22,0.001418388418919844,0
155,103,23,-0.0004701130882851183,0
155,103,24,0.0003639351547738647,0
155,103,25,0.0005504715271353347,0
155,103,26,8.095824913701306e-05,0
155,103,27,0.0002094795493047174,0
155,103,28,0.0002436095334726148,0
155,103,29,-0.3671542198158064,0
155,103,30,-0.6666863178633301,0
155,103,31,-0.8957374329668314,0
155,103,32,-0.6066061156705185,0
155,103,33,-0.6442096800218899,0
155,103,34,-0.5349751681136398,0
155,103,35,-0.6137461211316568,0
155,103,36,-0.3848444821465617,0
155,103,37,0.02965779309327305,0
155,103,38,-0.3793117446465771,0
155,103,39,0.02034487474034961,0
155,103,40,0.5815243064478293,0
155,103,41,0.01569395053256236,0
155,103,42,0.4176636805739807,0
155,103,43,0.905557277754227,0
155,103,44,0.006135030719762429,0
155,103,45,0.001323869204561888,0
155,103,46,-0.0101549389909325,0
155,103,47,0.002258389240564247,0
155,103,48,0.0008081268023702122,0
155,103,49,-0.003376360665732605,0
155,103,50,0.0007528298751232351,0
155,103,51,0.000546195538270343,0
155,103,52,-0.0007816950842190679,0
155,103,53,0.0002072018445228809,0
155,103,54,0.0004065650812718687,0
155,103,55,0.0001313083302884994,0
155,103,56,0.0003210630027706065,0
155,103,57,0.0004011772817002638,0
155,103,58,0.02335450985067268,0
155,103,59,-0.6499751204585097,0
155,103,60,-0.8746587326037965,0
155,103,61,0.01131346981032478,0
155,103,62,-0.3898641710663198,0
155,103,63,-0.5457542276538477,0
155,103,64,-0.01245563361992867,0
155,103,65,0.01394833126479047,0
155,103,66,0.008302681409861958,0
155,103,67,-0.0238872716717748,0
155,103,68,0.4165491604416509,0
155,103,69,0.5712569978877832,0
155,103,70,0.0006957393918985454,0
155,103,71,0.6739430947426505,0
155,103,72,0.9277372695459318,0
155,103,73,8.166670730595438e-05,0
155,103,74,-0.007215874907531021,0
155,103,75,-0.01066054773485374,0
155,103,76,-5.198167964771798e-05,0
155,103,77,-0.002418329189061498,0
155,103,78,-0.003504822250769164,0
155,103,79,-5.72683736535598e-05,0
155,103,80,-0.0005624857556164606,0
155,103,81,-0.0008079092571842763,0
155,103,82,-3.274542649895611e-05,0
155,103,83,0.000101457106879126,0
155,103,84,0.0001298514569420793,0
155,103,85,0.0003118941530985326,0
155,103,86,0.0004071225235296162,0
155,103,87,0.3902567344452612,0
155,103,88,-0.3899195641709442,0
155,103,89,-0.5260982797556947,0
155,103,90,0.6172251983693211,0
155,103,91,0.006288493363870901,0
155,103,92,-0.3444046125556914,0
155,103,93,0.6017355126799989,0
155,103,94,0.4075599390293124,0
155,103,95,-0.00910124715893899,0
155,103,96,0.355407216127181,0
155,103,97,0.6609176439874539,0
155,103,98,0.3452371227211495,0
155,103,99,-0.01522086064490774,0
155,103,100,0.677535910728447,0
155,103,101,0.5886202941854152,0
155,103,102,-0.006225734127735597,0
155,103,103,-0.01329255651900293,0
155,103,104,-0.006950877850143776,0
155,103,105,-0.002412373005026306,0
155,103,106,-0.004817727039609582,0
155,103,107,-0.002243113363215263,0
155,103,108,-0.0008682671558113592,0
155,103,109,-0.001486692679545818,0
155,103,110,-0.0005124288038682502,0
155,103,111,-0.0002671133555098609,0
155,103,112,-0.0002521134383292993,0
155,103,113,8.051493638310922e-05,0
155,103,114,0.0001813405378044108,0
155,103,115,0.0002560036272384632,0
155,103,116,0.589388023356863,0
155,103,117,0.001657850016830895,0
155,103,118,0.9773476224782686,0
155,103,119,0.3960660560705714,0
155,103,120,0.9937099606377414,0
155,103,121,0.6558975332922687,0
155,103,122,0.6179160643257113,0
155,103,123,0.6673413266399669,0
155,103,124,-0.02601114631784422,0
155,103,125,0.4166909691288904,0
155,103,126,-0.01029303409417555,0
155,103,127,-0.01429627922900403,0
155,103,128,-0.00388590844815206,0
155,103,129,-0.005369325354818023,0
155,103,130,-0.00135990769699071,0
155,103,131,-0.001846020389984389,0
155,103,132,-0.00040335847525246,0
155,103,133,-0.0005143297719839493,0
155,103,134,-2.300471146269751e-05,0
155,103,135,0.05857351966377465,0
155,103,136,0.09211711721521547,0
155,103,137,0.08950640913598405,0
155,103,138,0.05298721378741561,0
155,103,139,-0.001515867767316671,0
155,103,140,-0.0007782268153472935,0
155,103,141,-0.0003939175214877544,0
155,103,142,-0.0001912657129611274,0
155,103,143,-7.753619822137722e-05,0
155,103,144,0.09237474798462841,0
155,103,145,0.1479908247900118,0
155,103,146,0.14611855103924,0
155,103,147,0.08816307391601561,0
155,103,148,-0.002489818908757193,0
155,103,149,-0.00126955081362633,0
155,103,150,-0.0006403371451887209,0
155,103,151,-0.000310333897578161,0
155,103,152,-0.000125690927949806,0
155,103,153,0.09021948936271997,0
155,103,154,0.1469358860994416,0
155,103,155,0.1472473169680139,0
155,103,156,0.09035268849185872,0
155,103,157,-0.002526258176088292,0
155,103,158,-0.001280879264394928,0
155,103,159,-0.000643770115919201,0
155,103,160,-0.0003113574405670861,0
155,103,161,-0.0001259734572486766,0
155,103,162,0.05427912638992141,0
155,103,163,0.09005743739556001,0
155,103,164,0.09170473282269281,0
155,103,165,0.05734748254999934,0
155,103,166,-0.001585098288395001,0
155,103,167,-0.0007981975349059725,0
155,103,168,-0.0003997388647137992,0
155,103,169,-0.000192967591148216,0
155,103,170,-7.800229618678783e-05,0
156,104,0,-0.3955384751072865,0
156,104,1,-0.2652989952011147,0
156,104,2,-0.35778882225902,0
156,104,3,-0.01900166894986383,0
156,104,4,-0.01348230496472586,0
156,104,5,0.3369164979220027,0
156,104,6,0.652275942209382,0
156,104,7,0.4354365982905254,0
156,104,8,0.6018462228637788,0
156,104,9,0.6862172370289829,0
156,104,10,0.4579142168735242,0
156,104,11,0.02769252270394325,0
156,104,12,-0.01056186751938432,0
156,104,13,-0.008547699395659702,0
156,104,14,-0.6307873808211509,0
156,104,15,-0.004186838696943889,0
156,104,16,-0.003777454782027102,0
156,104,17,0.002825638025726431,0
156,104,18,-0.001567660943095493,0
156,104,19,-0.001523052726617126,0
156,104,20,0.0009447230106331822,0
156,104,21,-0.0005381754952582988,0
156,104,22,-0.0005946094098786911,0
156,104,23,0.0002316504711384105,0
156,104,24,-0.0001558022893470624,0
156,104,25,-0.0002291224175094872,0
156,104,26,-1.812126729545906e-05,0
156,104,27,-8.494961578857014e-05,0
156,104,28,-9.145327123105736e-05,0
156,104,29,-0.4163731152705321,0
156,104,30,-0.5449584554252724,0
156,104,31,-0.7336460459442288,0
156,104,32,-0.3480819133943988,0
156,104,33,0.01704811805634559,0
156,104,34,0.3971581221600281,0
156,104,35,0.09493266995835042,0
156,104,36,0.5102368493601557,0
156,104,37,0.9991383339401113,0
156,104,38,0.302454297513091,0
156,104,39,0.2221471669913661,0
156,104,40,0.2127143238363262,0
156,104,41,-0.006310868399958269,0
156,104,42,-0.4740739340467078,0
156,104,43,-0.9109159121590709,0
156,104,44,-0.002471011133864778,0
156,104,45,-0.000214805682576504,0
156,104,46,0.004515749014092893,0
156,104,47,-0.0009148640666871244,0
156,104,48,-0.0002316621671941278,0
156,104,49,0.001487287296470881,0
156,104,50,-0.0003075092063242996,0
156,104,51,-0.0001924597230229546,0
156,104,52,0.0003565612044678564,0
156,104,53,-8.553718509956842e-05,0
156,104,54,-0.0001548018208895042,0
156,104,55,-3.715601282949691e-05,0
156,104,56,-0.000124571064939047,0
156,104,57,-0.0001534456941274125,0
156,104,58,-0.1854605063396542,0
156,104,59,-0.6694601709637663,0
156,104,60,-0.9005834210607698,0
156,104,61,-0.3755285214025068,0
156,104,62,0.0439066580780328,0
156,104,63,0.2260770102545922,0
156,104,64,-0.3745662853770199,0
156,104,65,0.491991688651967,0
156,104,66,1,0
156,104,67,-0.1837348509911313,0
156,104,68,0.03509613558981316,0
156,104,69,0.3844858926387844,0
156,104,70,0.000715768227778568,0
156,104,71,-0.6767120339560346,0
156,104,72,-0.7448373970967641,0
156,104,73,0.0002336140748667309,0
156,104,74,0.003423471856956315,0
156,104,75,0.004150646359073119,0
156,104,76,9.229568610772427e-05,0
156,104,77,0.001122794838011161,0
156,104,78,0.001388521784333289,0
156,104,79,4.205978658771288e-05,0
156,104,80,0.00027205310745918,0
156,104,81,0.000327236899203224,0
156,104,82,1.79214616282358e-05,0
156,104,83,-2.548627253402017e-05,0
156,104,84,-4.72625806426518e-05,0
156,104,85,-0.0001193611607442947,0
156,104,86,-0.0001593164565548679,0
156,104,87,0.3048605054633223,0
156,104,88,-0.4651132949413234,0
156,104,89,-0.6251394313039007,0
156,104,90,0.09260208824856583,0
156,104,91,0.2303744770018582,0
156,104,92,0.03621818218826216,0
156,104,93,-0.349604446035775,0
156,104,94,0.5098876065880676,0
156,104,95,0.6034130216410217,0
156,104,96,-0.4125501159551309,0
156,104,97,0.01039884579118095,0
156,104,98,0.3295964328306205,0
156,104,99,0.006672262377972956,0
156,104,100,-0.5483886135548397,0
156,104,101,-0.3652429359937165,0
156,104,102,0.002662691195703977,0
156,104,103,0.005370529214460139,0
156,104,104,0.002362618589100858,0
156,104,105,0.001019664304273757,0
156,104,106,0.001961463430205733,0
156,104,107,0.0008015252470496248,0
156,104,108,0.0003656086385764659,0
156,104,109,0.0006127818006296408,0
156,104,110,0.0001852746618163411,0
156,104,111,0.0001125973036981487,0
156,104,112,0.0001093260819640088,0
156,104,113,-3.507461909080189e-05,0
156,104,114,-6.925761426424638e-05,0
156,104,115,-0.000102043821375323,0
156,104,116,0.6926651719531693,0
156,104,117,-0.0006631607271893867,0
156,104,118,0.6503039205029112,0
156,104,119,0.4626531170236648,0
156,104,120,-0.02266337584330601,0
156,104,121,0.4341933028140681,0
156,104,122,-0.392010641110641,0
156,104,123,-0.0161974593981923,0
156,104,124,0.009798682147751777,0
156,104,125,-0.2635665657342159,0
156,104,126,0.003999832732821161,0
156,104,127,0.005328505895275292,0
156,104,128,0.001540582645738057,0
156,104,129,0.002069696172090001,0
156,104,130,0.0005470517728626578,0
156,104,131,0.0007276634624349971,0
156,104,132,0.0001641417266680856,0
156,104,133,0.0002065828053866849,0
156,104,134,1.023723636259731e-05,0
156,104,135,0.03584305720085353,0
156,104,136,0.00163517656151494,0
156,104,137,-0.05932360244943725,0
156,104,138,-0.06247738533049397,0
156,104,139,0.0006368151617672322,0
156,104,140,0.0003211628323028956,0
156,104,141,0.000160812463361156,0
156,104,142,7.759474421421113e-05,0
156,104,143,3.135450410311993e-05,0
156,104,144,0.07359493927507048,0
156,104,145,0.03316459483246838,0
156,104,146,-0.06801984380127263,0
156,104,147,-0.09004420756097439,0
156,104,148,0.001022500135728727,0
156,104,149,0.0005162351823686072,0
156,104,150,0.0002589997125523112,0
156,104,151,0.000125167259758211,0
156,104,152,5.062481649225423e-05,0
156,104,153,0.09042504674778358,0
156,104,154,0.067242497080212,0
156,104,155,-0.03402525749075019,0
156,104,156,-0.07335593496421444,0
156,104,157,0.0009967003266295655,0
156,104,158,0.0005090776773353071,0
156,104,159,0.0002569718997822632,0
156,104,160,0.0001245902398790302,0
156,104,161,5.047211015152829e-05,0
156,104,162,0.06279695128611566,0
156,104,163,0.05890429300801545,0
156,104,164,-0.002206746453667296,0
156,104,165,-0.03578043118094345,0
156,104,166,0.0006015720128629716,0
156,104,167,0.00031061758798979,0
156,104,168,0.000157698265365086,0
156,104,169,7.668897321465777e-05,0
156,104,170,3.111249868620231e-05,0
157,105,0,0.7280039677558725,0
157,105,1,0.4871832556422895,0
157,105,2,0.6556550916554359,0
157,105,3,0.9335389753813443,0
157,105,4,0.6246941984621873,0
157,105,5,0.1854678783165802,0
157,105,6,0.6679852711985723,0
157,105,7,0.4470738540286757,0
157,105,8,-0.2384472542036216,0
157,105,9,0.2977102190153836,0
157,105,10,0.1994003067139505,0
157,105,11,-0.3326182190423201,0
157,105,12,2.557467132966411e-05,0
157,105,13,0.0002585427262747156,0
157,105,14,-0.2672545870233686,0
157,105,15,0.0003186089814772502,0
157,105,16,0.0003808124876719298,0
157,105,17,0.0007509804366428197,0
157,105,18,0.0001933198951417552,0
157,105,19,0.0002258987882231555,0
157,105,20,0.0001709800216825286,0
157,105,21,8.161388605794356e-05,0
157,105,22,0.0001070064026846079,0
157,105,23,5.349781532751259e-05,0
157,105,24,2.591512413702011e-05,0
157,105,25,4.678857765861039e-05,0
157,105,26,3.488946108583868e-05,0
157,105,27,2.057689295203957e-05,0
157,105,28,3.275376192686815e-05,0
157,105,29,-0.1390153337724028,0
157,105,30,0.3944693178474207,0
157,105,31,0.5308266929038018,0
157,105,32,-0.2552374096069876,0
157,105,33,-0.03275374050845243,0
157,105,34,0.08118069094952661,0
157,105,35,-0.34775510947781,0
157,105,36,-0.4097131827348053,0
157,105,37,-0.3213427143014501,0
157,105,38,-0.25237504714002,0
157,105,39,-0.4158620136296942,0
157,105,40,-0.2463035878963611,0
157,105,41,0.002232937936238561,0
157,105,42,-0.1968886398393096,0
157,105,43,-0.03746048738086932,0
157,105,44,0.0008394291826945843,0
157,105,45,0.001291120253689787,0
157,105,46,1.564963025943645e-05,0
157,105,47,0.000297615117425906,0
157,105,48,0.0004090655513130796,0
157,105,49,-7.696753273232383e-05,0
157,105,50,9.727017928742389e-05,0
157,105,51,0.0001454818841972252,0
157,105,52,-1.337073441990757e-05,0
157,105,53,2.688181386811789e-05,0
157,105,54,6.530502097692069e-05,0
157,105,55,2.884728583205654e-05,0
157,105,56,3.870463767468408e-05,0
157,105,57,4.436575418388114e-05,0
157,105,58,-0.6326549123634909,0
157,105,59,-0.0286410764250032,0
157,105,60,-0.03855100971486373,0
157,105,61,-1,0
157,105,62,-0.6085964090193375,0
157,105,63,-0.2494111905550252,0
157,105,64,-0.9996784512730316,0
157,105,65,-0.9075610815202744,0
157,105,66,-0.3210127875775519,0
157,105,67,-0.6312458957446025,0
157,105,68,-0.6052786610730027,0
157,105,69,0.08539715809354176,0
157,105,70,0.003420929492481916,0
157,105,71,-0.02536973646446165,0
157,105,72,0.5340712792450952,0
157,105,73,0.000918141235183347,0
157,105,74,0.00073581557521556,0
157,105,75,-0.001931678703988045,0
157,105,76,0.0002399976448048557,0
157,105,77,0.0001397714268767508,0
157,105,78,-0.0006019053474872236,0
157,105,79,5.956744757542589e-05,0
157,105,80,4.250941153096727e-05,0
157,105,81,-0.000153183920982813,0
157,105,82,1.29282981003479e-05,0
157,105,83,3.473823712820903e-05,0
157,105,84,-8.282683338013273e-06,0
157,105,85,3.519807453212794e-05,0
157,105,86,3.293649696942637e-05,0
157,105,87,-0.2536643730799676,0
157,105,88,-0.1984331641135591,0
157,105,89,-0.2671174844937421,0
157,105,90,-0.3474041564394861,0
157,105,91,-0.4178816390840211,0
157,105,92,-0.3340693637698288,0
157,105,93,-0.2547640929941581,0
157,105,94,-0.4091447205065609,0
157,105,95,-0.2379771978242945,0
157,105,96,-0.1395511679558702,0
157,105,97,-0.03000358116412015,0
157,105,98,0.1886854297856925,0
157,105,99,-4.995582238002094e-05,0
157,105,100,0.3968258369591732,0
157,105,101,0.6591799429898908,0
157,105,102,-0.0002772193046794405,0
157,105,103,-0.001696539540342343,0
157,105,104,-0.002467575452530575,0
157,105,105,-0.0001604850378181081,0
157,105,106,-0.000602841115975399,0
157,105,107,-0.0006875648789847104,0
157,105,108,-6.84788699688576e-05,0
157,105,109,-0.0001871959744730569,0
157,105,110,-0.0001736701243154593,0
157,105,111,-2.293026574903822e-05,0
157,105,112,-3.776920087800976e-05,0
157,105,113,-2.512280588586854e-05,0
157,105,114,1.253589842138392e-05,0
157,105,115,1.452547598095803e-05,0
157,105,116,0.2972914879655684,0
157,105,117,0.0001694319379862214,0
157,105,118,0.6690277372393078,0
157,105,119,0.1990621524326509,0
157,105,120,0.9341171303061091,0
157,105,121,0.4477783618547435,0
157,105,122,0.7253664323442919,0
157,105,123,0.6251857948533056,0
157,105,124,-0.005709146330009397,0
157,105,125,0.4856780309368474,0
157,105,126,-0.001859421085805904,0
157,105,127,-0.00336758469959629,0
157,105,128,-0.0006135774435082061,0
157,105,129,-0.001051234304526362,0
157,105,130,-0.0001976270030031934,0
157,105,131,-0.0003228574742395927,0
157,105,132,-5.631672160772074e-05,0
157,105,133,-8.881427320613371e-05,0
157,105,134,-1.152183683802416e-05,0
157,105,135,-0.06596622666466342,0
157,105,136,-0.08458479727009452,0
157,105,137,-0.06051517256163853,0
157,105,138,-0.02697057690655585,0
157,105,139,-5.333760369419777e-05,0
157,105,140,-4.837995137536124e-05,0
157,105,141,-3.073516126962039e-05,0
157,105,142,-1.664351803634012e-05,0
157,105,143,-7.102472345949377e-06,0
157,105,144,-0.0533613607612257,0
157,105,145,-0.06143925011117622,0
157,105,146,-0.02897347902453446,0
157,105,147,-0.004053372400570627,0
157,105,148,-0.000177148285643963,0
157,105,149,-0.000106990765669883,0
157,105,150,-5.856368735593793e-05,0
157,105,151,-2.958585151515183e-05,0
157,105,152,-1.222364727066195e-05,0
157,105,153,0.003973930699555569,0
157,105,154,0.02919041364979293,0
157,105,155,0.06163965025552016,0
157,105,156,0.05320927703077202,0
157,105,157,-0.0003160013347183612,0
157,105,158,-0.0001478984893287031,0
157,105,159,-7.058152905533907e-05,0
157,105,160,-3.309056811474786e-05,0
157,105,161,-1.317074917989976e-05,0
157,105,162,0.02695517339659499,0
157,105,163,0.06066016280575479,0
157,105,164,0.08470951706573092,0
157,105,165,0.06584318961698067,0
157,105,166,-0.0002814883798385107,0
157,105,167,-0.0001151237016080788,0
157,105,168,-5.026895834487495e-05,0
157,105,169,-2.232866865602926e-05,0
157,105,170,-8.637339035820796e-06,0
158,106,0,0.503452800566034,0
158,106,1,0.33699862375288,0
158,106,2,0.4536406227983701,0
158,106,3,0.3966638293276445,0
158,106,4,0.265585000710908,0
158,106,5,-0.0955235477274696,0
158,106,6,-0.5789695749676899,0
158,106,7,-0.3870283713562835,0
158,106,8,-0.8773659955430156,0
158,106,9,-0.9987475525017938,0
158,106,10,-0.6677510593458197,0
158,106,11,-0.3768795775669628,0
158,106,12,0.005477414603819072,0
158,106,13,0.004218605445834117,0
158,106,14,0.9051263284891228,0
158,106,15,0.001890852091291651,0
158,106,16,0.001622440454839364,0
158,106,17,-0.002150466077619418,0
158,106,18,0.0006420110759736373,0
158,106,19,0.0005896430964222302,0
158,106,20,-0.0006435739205895689,0
158,106,21,0.0002071410204905239,0
158,106,22,0.0002136551758666669,0
158,106,23,-0.0001678831344427039,0
158,106,24,5.80686526664663e-05,0
158,106,25,7.744580968846004e-05,0
158,106,26,-2.183863024501103e-05,0
158,106,27,2.576798077302856e-05,0
158,106,28,1.805279040936616e-05,0
158,106,29,-0.3403562395891826,0
158,106,30,0.1096416754127831,0
158,106,31,0.1476472848235754,0
158,106,32,0.1837981581744031,0
158,106,33,0.05210566908317093,0
158,106,34,0.3765699848439833,0
158,106,35,0.5469454992256372,0
158,106,36,-0.2860745382915386,0
158,106,37,-0.5501258188431943,0
158,106,38,0.2145495281005503,0
158,106,39,-0.1363871182588856,0
158,106,40,-0.675549617146622,0
158,106,41,0.001206995758070754,0
158,106,42,0.673858256005032,0
158,106,43,0.7137021338124785,0
158,106,44,0.0005237127768567846,0
158,106,45,-0.001057620130628616,0
158,106,46,-0.002313413550765329,0
158,106,47,0.0002094274699773449,0
158,106,48,-0.0002449854938029096,0
158,106,49,-0.0006944678507791388,0
158,106,50,7.361661037960871e-05,0
158,106,51,-2.918608023339352e-05,0
158,106,52,-0.0001720317670647957,0
158,106,53,2.079923197035673e-05,0
158,106,54,2.232020235847748e-05,0
158,106,55,-6.726976206464047e-06,0
158,106,56,3.002034553736807e-05,0
158,106,57,3.963100233464233e-05,0
158,106,58,-0.947431176521368,0
158,106,59,-0.5240316408945079,0
158,106,60,-0.7050390530989205,0
158,106,61,-0.6095083037579055,0
158,106,62,-0.1278181069395746,0
158,106,63,0.680694707392649,0
158,106,64,0.6107258191305459,0
158,106,65,-0.0003401349948297976,0
158,106,66,0.5480522136843334,0
158,106,67,0.9456921767394538,0
158,106,68,0.1304864122159307,0
158,106,69,-0.3741880446994939,0
158,106,70,-0.003367965811766936,0
158,106,71,0.5281333159398007,0
158,106,72,-0.1407770260593042,0
158,106,73,-0.0009182343582696481,0
158,106,74,-0.00238358312457416,0
158,106,75,-0.0004088012754649205,0
158,106,76,-0.000255013783211376,0
158,106,77,-0.0006955267156965844,0
158,106,78,-0.0001859346157037921,0
158,106,79,-7.296469219365419e-05,0
158,106,80,-0.0001767364713579872,0
158,106,81,-3.579294776685898e-05,0
158,106,82,-2.03220820210653e-05,0
158,106,83,-1.75527596987137e-05,0
158,106,84,3.052868334112316e-05,0
158,106,85,3.025979088250016e-05,0
158,106,86,5.249151071715206e-05,0
158,106,87,-0.2157106402095768,0
158,106,88,-0.668456044590318,0
158,106,89,-0.8994937236513115,0
158,106,90,-0.5477174586835563,0
158,106,91,0.1394373520804844,0
158,106,92,0.3815405204551883,0
158,106,93,-0.182283512754175,0
158,106,94,0.2852787144395114,0
158,106,95,0.8765208280547945,0
158,106,96,0.3402904367791099,0
158,106,97,-0.05068582166446775,0
158,106,98,0.09557612870120336,0
158,106,99,-0.003175142176304468,0
158,106,100,-0.1070602652562254,0
158,106,101,-0.4506798884765799,0
158,106,102,-0.001091072575536499,0
158,106,103,-0.001224870138418806,0
158,106,104,0.0008294449561025942,0
158,106,105,-0.000378862317203777,0
158,106,106,-0.000476470418166855,0
158,106,107,0.0001642973199503411,0
158,106,108,-0.0001277979715153943,0
158,106,109,-0.0001523183582805592,0
158,106,110,5.065583253881961e-05,0
158,106,111,-3.80024166572191e-05,0
158,106,112,-2.409908203521908e-05,0
158,106,113,3.836763088694698e-05,0
158,106,114,2.414150998313927e-05,0
158,106,115,3.913703839221179e-05,0
158,106,116,1,0
158,106,117,0.0001928873801626633,0
158,106,118,0.5766772227882652,0
158,106,119,0.6691714135554394,0
158,106,120,-0.3965284795726776,0
158,106,121,0.3860134540854528,0
158,106,122,-0.5018952419676207,0
158,106,123,-0.2649859980013413,0
158,106,124,-0.000233693708350699,0
158,106,125,-0.3354422907844853,0
158,106,126,-0.0004753392620127451,0
158,106,127,8.730632136020241e-05,0
158,106,128,-0.0002675435883713897,0
158,106,129,-0.0001725363977041515,0
158,106,130,-0.000112038083613166,0
158,106,131,-9.906581395459765e-05,0
158,106,132,-3.621036843722287e-05,0
158,106,133,-3.066238176743346e-05,0
158,106,134,4.237597362174162e-06,0
158,106,135,-0.04548819789530093,0
158,106,136,-0.03581966763773755,0
158,106,137,0.05238414849201609,0
158,106,138,0.09037257200643636,0
158,106,139,-0.0002821389057069018,0
158,106,140,-0.0001229862585396353,0
158,106,141,-5.581883738804562e-05,0
158,106,142,-2.534439663436394e-05,0
158,106,143,-9.912661289625372e-06,0
158,106,144,-0.01472031222366801,0
158,106,145,-0.05241816093972772,0
158,106,146,0.002970985431854195,0
158,106,147,0.07100586144630205,0
158,106,148,-0.000368515051542223,0
158,106,149,-0.0001713515066413789,0
158,106,150,-8.186505344862781e-05,0
158,106,151,-3.848111280321641e-05,0
158,106,152,-1.534635808111406e-05,0
158,106,153,0.07090560842706156,0
158,106,154,0.002661109117111581,0
158,106,155,-0.05224748535791843,0
158,106,156,-0.0145240913130523,0
158,106,157,-0.0002342414129993278,0
158,106,158,-0.0001323209576273857,0
158,106,159,-7.048446436211442e-05,0
158,106,160,-3.517698077611965e-05,0
158,106,161,-1.445612981947108e-05,0
158,106,162,0.09039201720579938,0
158,106,163,0.05214336347055219,0
158,106,164,-0.03580819889926036,0
158,106,165,-0.04534152829347725,0
158,106,166,-7.017783487223434e-05,0
158,106,167,-6.067477115461054e-05,0
158,106,168,-3.753877405289176e-05,0
158,106,169,-2.001986302600843e-05,0
158,106,170,-8.475818357373501e-06,0
159,107,0,0.581064619634672,0
159,107,1,0.3884390016034373,0
159,107,2,0.5222525304948623,0
159,107,3,-0.3250652838259403,0
159,107,4,-0.2177573768157639,0
159,107,5,-0.8162838914177705,0
159,107,6,-0.5105841682697307,0
159,107,7,-0.3419143991715315,0
159,107,8,-0.1678577080831925,0
159,107,9,0.08209262912215494,0
159,107,10,0.05448972914517156,0
159,107,11,0.5323293326395796,0
159,107,12,-0.002849986784003962,0
159,107,13,-0.002426021224107024,0
159,107,14,-0.07777089860093025,0
159,107,15,-0.001294637083735893,0
159,107,16,-0.001212934990586499,0
159,107,17,0.0003718336483761565,0
159,107,18,-0.0005232991303450924,0
159,107,19,-0.0005259308111579778,0
159,107,20,0.000172324677952745,0
159,107,21,-0.0001876787489182251,0
159,107,22,-0.0002147176988479384,0
159,107,23,3.847983785231263e-05,0
159,107,24,-5.563263527820391e-05,0
159,107,25,-8.539612596070991e-05,0
159,107,26,-2.072759840300657e-05,0
159,107,27,-3.301093626315422e-05,0
159,107,28,-3.994551139846358e-05,0
159,107,29,0.2875623223489859,0
159,107,30,0.5803688796421237,0
159,107,31,0.7806177939223673,0
159,107,32,0.08396787067031627,0
159,107,33,-0.5507743175045403,0
159,107,34,-1,0
159,107,35,0.1153857160845938,0
159,107,36,-0.04782333427839891,0
159,107,37,-0.1401457611497809,0
159,107,38,0.4342748378417247,0
159,107,39,0.6858852939129323,0
159,107,40,0.8186254028751585,0
159,107,41,-0.00294890568105212,0
159,107,42,-0.06018210300350551,0
159,107,43,-0.4722018799292233,0
159,107,44,-0.001108205881279501,0
159,107,45,-0.0007297967922204904,0
159,107,46,0.001289639243621462,0
159,107,47,-0.000399106461942128,0
159,107,48,-0.0002668400527785455,0
159,107,49,0.0004599953459561207,0
159,107,50,-0.0001322507950557807,0
159,107,51,-0.0001227683388636956,0
159,107,52,0.0001090002990527658,0
159,107,53,-3.670898380792684e-05,0
159,107,54,-7.315051885334343e-05,0
159,107,55,-2.188270504497136e-05,0
159,107,56,-5.198977661232848e-05,0
159,107,57,-6.192592603563718e-05,0
159,107,58,-0.3518107929218571,0
159,107,59,0.34484756703171,0
159,107,60,0.4639763247580307,0
159,107,61,-0.1576225005235289,0
159,107,62,-0.8487735700695853,0
159,107,63,-0.8252446462874437,0
159,107,64,0.1572486352069841,0
159,107,65,0.0009805027086803005,0
159,107,66,0.1432184054605997,0
159,107,67,0.3525380826681992,0
159,107,68,0.8442505546510909,0
159,107,69,0.9943408629997721,0
159,107,70,-0.001422836091923267,0
159,107,71,-0.3520552491694815,0
159,107,72,-0.790900889419097,0
159,107,73,-0.0003645027510534713,0
159,107,74,0.0006383199760467843,0
159,107,75,0.002118970917281467,0
159,107,76,-8.577802577455475e-05,0
159,107,77,0.0002552504892483794,0
159,107,78,0.0006791879346676149,0
159,107,79,-1.587046589305853e-05,0
159,107,80,5.871433489866556e-05,0
159,107,81,0.0001659064349351892,0
159,107,82,-9.965070845501002e-07,0
159,107,83,-2.181085768285309e-05,0
159,107,84,-7.509717295023457e-06,0
159,107,85,-4.852422288465078e-05,0
159,107,86,-5.828473399874897e-05,0
159,107,87,-0.4339068804204607,0
159,107,88,0.05473699032982184,0
159,107,89,0.07387879516698947,0
159,107,90,-0.114150811088358,0
159,107,91,-0.689612341293647,0
159,107,92,-0.5370053524451429,0
159,107,93,-0.08550257179503171,0
159,107,94,0.04943506751327123,0
159,107,95,0.1695461258901688,0
159,107,96,-0.2871269309780801,0
159,107,97,0.5472332687301472,0
159,107,98,0.8135557217354642,0
159,107,99,0.002123790516340214,0
159,107,100,-0.5861753756147173,0
159,107,101,-0.5297211739854697,0
159,107,102,0.000914782448729259,0
159,107,103,0.002364714111955504,0
159,107,104,0.001701987431717779,0
159,107,105,0.0003669164627661162,0
159,107,106,0.0008416772858121155,0
159,107,107,0.0005240083004707588,0
159,107,108,0.0001353810060426873,0
159,107,109,0.0002613452860260552,0
159,107,110,0.0001295184621620246,0
159,107,111,4.242459689549038e-05,0
159,107,112,4.947885212470032e-05,0
159,107,113,2.067668159944058e-06,0
159,107,114,-2.419721228249434e-05,0
159,107,115,-3.452258027792099e-05,0
159,107,116,-0.08284859869276698,0
159,107,117,-0.0002608983424577536,0
159,107,118,0.5129867217943782,0
159,107,119,-0.05570526895605775,0
159,107,120,0.3236000962042043,0
159,107,121,0.3428362822489447,0
159,107,122,-0.5816304337973772,0
159,107,123,0.216054864200196,0
159,107,124,0.005221632799465366,0
159,107,125,-0.3896553752865914,0
159,107,126,0.001946382065594873,0
159,107,127,0.002948573291083934,0
159,107,128,0.0007081659234812075,0
159,107,129,0.001045856124490204,0
159,107,130,0.000243301686106261,0
159,107,131,0.00034948645567252,0
159,107,132,7.187826038405474e-05,0
159,107,133,9.861740345948909e-05,0
159,107,134,8.461623513958735e-06,0
159,107,135,-0.05249134852270824,0
159,107,136,0.0293237760858736,0
159,107,137,0.0460603718200021,0
159,107,138,-0.007478257937215137,0
159,107,139,0.0001965587031184742,0
159,107,140,0.000110209258291607,0
159,107,141,5.84161343231531e-05,0
159,107,142,2.906495261897888e-05,0
159,107,143,1.192448479743894e-05,0
159,107,144,-0.07847050255675134,0
159,107,145,0.02171980520205492,0
159,107,146,0.03560414589142049,0
159,107,147,-0.0467554649973213,0
159,107,148,0.0003661765446310408,0
159,107,149,0.0001923251711608704,0
159,107,150,9.860012393902916e-05,0
159,107,151,4.821262929925534e-05,0
159,107,152,1.961379248326523e-05,0
159,107,153,-0.04669811688418534,0
159,107,154,0.03595455619646996,0
159,107,155,0.02139845288270104,0
159,107,156,-0.07861373897644201,0
159,107,157,0.0004243905242126512,0
159,107,158,0.0002093482760231728,0
159,107,159,0.0001035824929936316,0
159,107,160,4.966344386826176e-05,0
159,107,161,2.000590650119073e-05,0
159,107,162,-0.007500641622910192,0
159,107,163,0.04628741567331536,0
159,107,164,0.02915698321069217,0
159,107,165,-0.0526341228169047,0
159,107,166,0.0002900286658563901,0
159,107,167,0.0001376407300366854,0
159,107,168,6.646099347212444e-05,0
159,107,169,3.141032457231535e-05,0
159,107,170,1.255891805805471e-05,0
160,108,0,-0.6160223617629362,0
160,108,1,-0.4120712729509933,0
160,108,2,-0.5543529175097334,0
160,108,3,-0.642309558448222,0
160,108,4,-0.4296539839882736,0
160,108,5,-0.02358569492442434,0
160,108,6,-0.3990398439832032,0
160,108,7,-0.2669103433522892,0
160,108,8,0.2190268623784243,0
160,108,9,-0.2351770188171328,0
160,108,10,-0.1572839022634585,0
160,108,11,0.1475793042069557,0
160,108,12,0.0005911628646983504,0
160,108,13,0.0004526800252176786,0
160,108,14,0.2123276763513442,0
160,108,15,0.0001692757111427,0
160,108,16,0.0001492938309711928,0
160,108,17,-0.0002711863696632993,0
160,108,18,5.431684181994043e-05,0
160,108,19,5.316214808648019e-05,0
160,108,20,-5.328997581241122e-05,0
160,108,21,1.756850669075867e-05,0
160,108,22,2.010056002414307e-05,0
160,108,23,-8.374816892953971e-06,0
160,108,24,4.974871213295997e-06,0
160,108,25,7.832661749712403e-06,0
160,108,26,1.71158954870615e-06,0
160,108,27,3.094802964310017e-06,0
160,108,28,3.961012356228183e-06,0
160,108,29,0.697828254012178,0
160,108,30,0.05479312096606324,0
160,108,31,0.07373472341609376,0
160,108,32,1,0
160,108,33,0.65145322343788,0
160,108,34,0.2484146741749522,0
160,108,35,0.8610747996729711,0
160,108,36,0.7388525278944856,0
160,108,37,0.09404659567902111,0
160,108,38,0.4428717691740785,0
160,108,39,0.4059853699188712,0
160,108,40,-0.2287441084090158,0
160,108,41,-0.0004197649558039849,0
160,108,42,0.1575595214678656,0
160,108,43,-0.1865849137748111,0
160,108,44,-2.776588978512791e-05,0
160,108,45,-0.000203463410149817,0
160,108,46,0.0001147778013979894,0
160,108,47,1.351241670693462e-05,0
160,108,48,-2.007422344725289e-05,0
160,108,49,1.025417088864325e-05,0
160,108,50,8.290781944452956e-06,0
160,108,51,4.97953768280573e-06,0
160,108,52,1.824283672850396e-06,0
160,108,53,2.799920840473433e-06,0
160,108,54,6.236134342213248e-06,0
160,108,55,4.846918565742099e-06,0
160,108,56,5.044804829983386e-06,0
160,108,57,6.630106622192424e-06,0
160,108,58,0.1259724302248849,0
160,108,59,0.1390809811654783,0
160,108,60,0.1871116112511751,0
160,108,61,0.1047706962179191,0
160,108,62,0.2547368861292974,0
160,108,63,0.2293355129406171,0
160,108,64,-0.1047728619947492,0
160,108,65,-0.0001798909112583221,0
160,108,66,-0.09453810062277562,0
160,108,67,-0.125971277558855,0
160,108,68,-0.2542861519556396,0
160,108,69,-0.2478116234907344,0
160,108,70,0.0001540042066975018,0
160,108,71,-0.1385706968638105,0
160,108,72,-0.07304448695669753,0
160,108,73,6.879960071903421e-05,0
160,108,74,0.000139974618677497,0
160,108,75,6.284276084386033e-05,0
160,108,76,2.171945153058762e-05,0
160,108,77,2.584698330087122e-05,0
160,108,78,-2.410289686697604e-05,0
160,108,79,5.75929010778916e-06,0
160,108,80,6.669516950766529e-06,0
160,108,81,-1.034811420074756e-05,0
160,108,82,1.22980988380795e-06,0
160,108,83,5.00519130771108e-06,0
160,108,84,1.166482478864176e-06,0
160,108,85,5.213292670401615e-06,0
160,108,86,5.43063623381524e-06,0
160,108,87,-0.4432713044499318,0
160,108,88,-0.1574665304860183,0
160,108,89,-0.2118720691848107,0
160,108,90,-0.8614045572466138,0
160,108,91,-0.4057993096598427,0
160,108,92,-0.1470272058724711,0
160,108,93,-0.999763983030749,0
160,108,94,-0.7390916245043808,0
160,108,95,-0.2191098961518569,0
160,108,96,-0.6974446678379294,0
160,108,97,-0.6507756155971151,0
160,108,98,0.02422676852876268,0
160,108,99,0.0010391855043768,0
160,108,100,-0.0535867973403432,0
160,108,101,0.5555798088808446,0
160,108,102,0.0001469999637998482,0
160,108,103,0.0001454596197126745,0
160,108,104,-0.0007369658955117441,0
160,108,105,9.795840128981e-06,0
160,108,106,-1.643934855939126e-05,0
160,108,107,-0.0001663169363442437,0
160,108,108,-4.255844693506439e-06,0
160,108,109,-1.427982094114235e-05,0
160,108,110,-3.662226488538691e-05,0
160,108,111,-2.422692511717086e-06,0
160,108,112,-3.122175245543816e-06,0
160,108,113,-5.490285493918597e-06,0
160,108,114,2.265410910207204e-06,0
160,108,115,1.848711273034263e-06,0
160,108,116,0.2354863241651684,0
160,108,117,2.499129770325351e-05,0
160,108,118,0.3989309335692454,0
160,108,119,0.1575593337412409,0
160,108,120,0.6424863368029514,0
160,108,121,0.2669038353182262,0
160,108,122,0.6157060014347191,0
160,108,123,0.4298456841830295,0
160,108,124,-0.001377109068266983,0
160,108,125,0.4119577150998678,0
160,108,126,-0.0003668482476212836,0
160,108,127,-0.0008389945828430454,0
160,108,128,-0.0001061468226763967,0
160,108,129,-0.0002142709979876312,0
160,108,130,-3.172023271184515e-05,0
160,108,131,-5.76149255320798e-05,0
160,108,132,-8.710874571264475e-06,0
160,108,133,-1.472720671150825e-05,0
160,108,134,-1.939213275597199e-06,0
160,108,135,0.05560708054710604,0
160,108,136,0.0579814372630548,0
160,108,137,0.03602445829420042,0
160,108,138,0.02123706531377033,0
160,108,139,-3.063757300972266e-05,0
160,108,140,-1.218581557551485e-05,0
160,108,141,-5.683880703360781e-06,0
160,108,142,-2.726822191295313e-06,0
160,108,143,-1.111135261555332e-06,0
160,108,144,-0.007381950879614823,0
160,108,145,-0.03228250039953653,0
160,108,146,-0.04169918599588526,0
160,108,147,-0.01874132521447339,0
160,108,148,-1.99835171945656e-05,0
160,108,149,-1.468098267721427e-05,0
160,108,150,-8.491142904628027e-06,0
160,108,151,-4.364635549389141e-06,0
160,108,152,-1.812629411013078e-06,0
160,108,153,-0.01875287024628181,0
160,108,154,-0.04173927995367923,0
160,108,155,-0.03224023201707375,0
160,108,156,-0.007366145274700506,0
160,108,157,-2.679498273027317e-05,0
160,108,158,-1.787895326514729e-05,0
160,108,159,-9.618402787186454e-06,0
160,108,160,-4.722714196415588e-06,0
160,108,161,-1.913440870291164e-06,0
160,108,162,0.02125829813319917,0
160,108,163,0.03601429827064697,0
160,108,164,0.05800356943530771,0
160,108,165,0.05559820636666821,0
160,108,166,-6.163597461409111e-05,0
160,108,167,-2.052836824766161e-05,0
160,108,168,-8.010341965058749e-06,0
160,108,169,-3.385908920237693e-06,0
160,108,170,-1.286612674192577e-06,0
161,109,0,-0.1217928436656313,0
161,109,1,-0.08139343918686215,0
161,109,2,-0.1094028429609857,0
161,109,3,0.4602052786318547,0
161,109,4,0.3079531402068089,0
161,109,5,0.5240314657462271,0
161,109,6,0.04609653540360397,0
161,109,7,0.03095156999241176,0
161,109,8,-0.3724135400325029,0
161,109,9,-1,0
161,109,10,-0.6688049635181179,0
161,109,11,-0.9411014533383539,0
161,109,12,0.003046485028217843,0
161,109,13,0.002295137082361294,0
161,109,14,0.9033380911718306,0
161,109,15,0.0009626547275162715,0
161,109,16,0.0008067321417623177,0
161,109,17,-0.001381356021342487,0
161,109,18,0.0003070699274170335,0
161,109,19,0.0002743843806490656,0
161,109,20,-0.0003821604388257461,0
161,109,21,9.515672365752458e-05,0
161,109,22,9.484678220231143e-05,0
161,109,23,-9.758056841137211e-05,0
161,109,24,2.609088844104831e-05,0
161,109,25,3.312330128791656e-05,0
161,109,26,-1.64636342933328e-05,0
161,109,27,1.033415773724449e-05,0
161,109,28,4.727890824792885e-06,0
161,109,29,-0.296414452266854,0
161,109,30,-0.279554504438194,0
161,109,31,-0.3760474996690673,0
161,109,32,-0.494966037442593,0
161,109,33,0.05845464630896308,0
161,109,34,0.3454734333126794,0
161,109,35,0.5321416381653876,0
161,109,36,0.07924042881331524,0
161,109,37,0.5521400246894139,0
161,109,38,0.735660728792079,0
161,109,39,-0.2073025837687971,0
161,109,40,-0.7577559133058821,0
161,109,41,-0.0001905638238606533,0
161,109,42,0.6714088250702841,0
161,109,43,0.2412542909945951,0
161,109,44,5.769940803167286e-05,0
161,109,45,-0.0009201972211652347,0
161,109,46,-0.001024424036381789,0
161,109,47,4.882932955400476e-05,0
161,109,48,-0.0002162120854597552,0
161,109,49,-0.0003093662163492973,0
161,109,50,2.123262941899132e-05,0
161,109,51,-4.0417464404328e-05,0
161,109,52,-7.848425206201058e-05,0
161,109,53,6.45170029706138e-06,0
161,109,54,1.701801160207214e-06,0
161,109,55,-5.743724687611865e-06,0
161,109,56,1.002180767153931e-05,0
161,109,57,1.45857938662223e-05,0
161,109,58,0.6816521227885229,0
161,109,59,0.1764951491317985,0
161,109,60,0.2374390332836931,0
161,109,61,-0.5426635130298111,0
161,109,62,-0.1062280446473956,0
161,109,63,-0.7564155919416513,0
161,109,64,-0.5418002401774906,0
161,109,65,0.04795786184956485,0
161,109,66,0.5528961779213454,0
161,109,67,0.6813772975700553,0
161,109,68,-0.1074360490584926,0
161,109,69,0.343037098254841,0
161,109,70,-0.002177050029718927,0
161,109,71,0.1777888318030522,0
161,109,72,-0.3741478361338182,0
161,109,73,-0.0005758676127418792,0
161,109,74,-0.001186759688642445,0
161,109,75,0.0002287040633409043,0
161,109,76,-0.0001556871177308247,0
161,109,77,-0.0003431156546809653,0
161,109,78,1.470481014959685e-05,0
161,109,79,-4.310856387640577e-05,0
161,109,80,-8.874839069627196e-05,0
161,109,81,6.527620086242995e-06,0
161,109,82,-1.153487202597437e-05,0
161,109,83,-1.202837453330199e-05,0
161,109,84,1.710278750168733e-05,0
161,109,85,1.097268900233352e-05,0
161,109,86,2.225398098190413e-05,0
161,109,87,0.736518326105754,0
161,109,88,0.6691516532256755,0
161,109,89,0.9001814712201309,0
161,109,90,0.5310051430857632,0
161,109,91,-0.2070612800277863,0
161,109,92,-0.9415147782825732,0
161,109,93,-0.4956479116700063,0
161,109,94,0.07933610947236859,0
161,109,95,-0.3712584605216064,0
161,109,96,-0.2958957289568822,0
161,109,97,0.05695559412696956,0
161,109,98,0.5225966510649539,0
161,109,99,-0.0008232624544275903,0
161,109,100,-0.2787652097742845,0
161,109,101,-0.108878099809646,0
161,109,102,-0.0003703570429738691,0
161,109,103,-0.0001541850137493859,0
161,109,104,0.0003985382823687993,0
161,109,105,-0.000143292436605941,0
161,109,106,-0.0001194402446662022,0
161,109,107,0.0001050315961100199,0
161,109,108,-5.053578050061722e-05,0
161,109,109,-4.527192583952821e-05,0
161,109,110,3.454038514095014e-05,0
161,109,111,-1.529295281248247e-05,0
161,109,112,-6.112710974970186e-06,0
161,109,113,1.977591455813337e-05,0
161,109,114,1.059983620543679e-05,0
161,109,115,1.712752774157966e-05,0
161,109,116,-0.9999815377054069,0
161,109,117,7.547332008136757e-05,0
161,109,118,0.04638413100077855,0
161,109,119,-0.6688717824856318,0
161,109,120,0.4591656245119815,0
161,109,121,0.0311207269850863,0
161,109,122,-0.1211865532117792,0
161,109,123,0.3072701642471986,0
161,109,124,0.0001075451357632278,0
161,109,125,-0.08096003533039837,0
161,109,126,-0.0001020982942607934,0
161,109,127,0.0001537145912115358,0
161,109,128,-7.686361201190216e-05,0
161,109,129,-1.611956299832509e-05,0
161,109,130,-3.552767593285293e-05,0
161,109,131,-2.159010558602666e-05,0
161,109,132,-1.196335875584373e-05,0
161,109,133,-6.826866462279706e-06,0
161,109,134,3.039436424367803e-06,0
161,109,135,0.01099438568666146,0
161,109,136,-0.04150788359258799,0
161,109,137,-0.00413254660619726,0
161,109,138,0.09027831487603558,0
161,109,139,-0.0001460046726415985,0
161,109,140,-5.765330554667327e-05,0
161,109,141,-2.448088461678989e-05,0
161,109,142,-1.06702624846747e-05,0
161,109,143,-4.083982905392911e-06,0
161,109,144,0.03774025601559348,0
161,109,145,0.003154124119000737,0
161,109,146,-0.05213880831165574,0
161,109,147,0.02390508723595289,0
161,109,148,-0.0001540417316973525,0
161,109,149,-7.055881569524212e-05,0
161,109,150,-3.325622151844538e-05,0
161,109,151,-1.547907624910556e-05,0
161,109,152,-6.137585324990324e-06,0
161,109,153,-0.02376226800959504,0
161,109,154,0.0521104898018476,0
161,109,155,-0.003268257569874601,0
161,109,156,-0.03760716225671253,0
161,109,157,-6.752786685536034e-05,0
161,109,158,-4.598272878960863e-05,0
161,109,159,-2.618123622138019e-05,0
161,109,160,-1.343912272067962e-05,0
161,109,161,-5.589833808482407e-06,0
161,109,162,-0.09021725291386044,0
161,109,163,0.004193242375971717,0
161,109,164,0.04143700863991754,0
161,109,165,-0.01093154251085955,0
161,109,166,-1.896241230219331e-05,0
161,109,167,-1.99408192284402e-05,0
161,109,168,-1.335908833152933e-05,0
161,109,169,-7.421344897258476e-06,0
161,109,170,-3.205805526984879e-06,0
162,110,0,-0.4910511034889258,0
162,110,1,-0.3283947028024251,0
162,110,2,-0.4416844120266373,0
162,110,3,-0.1642030859671073,0
162,110,4,-0.1097341863078336,0
162,110,5,0.2944486492118527,0
162,110,6,0.7805735356909792,0
162,110,7,0.5223086161585683,0
162,110,8,0.8506334793592323,0
162,110,9,0.09321621119305426,0
162,110,10,0.06252218577511963,0
162,110,11,-0.6182093734388371,0
162,110,12,0.001087702169839189,0
162,110,13,0.0009301327065630703,0
162,110,14,-0.0823999392839478,0
162,110,15,0.0005332646040109695,0
162,110,16,0.0004928241378032825,0
162,110,17,-9.544536478488382e-05,0
162,110,18,0.0002169235544079999,0
162,110,19,0.0002133031016322803,0
162,110,20,-8.203758764344294e-05,0
162,110,21,7.729487761247084e-05,0
162,110,22,8.579657576338633e-05,0
162,110,23,-2.474859448509013e-05,0
162,110,24,2.280836867090333e-05,0
162,110,25,3.346506280626462e-05,0
162,110,26,3.766257789208766e-06,0
162,110,27,1.239021273221972e-05,0
162,110,28,1.326525736837576e-05,0
162,110,29,0.8685904188204755,0
162,110,30,0.252824123185003,0
162,110,31,0.3402095392308186,0
162,110,32,-0.1171479066336816,0
162,110,33,0.1405706119296268,0
162,110,34,-0.5925383838837657,0
162,110,35,-0.6183116821419097,0
162,110,36,0.2187331847929314,0
162,110,37,0.3997946706213076,0
162,110,38,-0.8081224904302848,0
162,110,39,-1,0
162,110,40,-0.7887747168319678,0
162,110,41,0.001739154972942633,0
162,110,42,-0.05991633366621524,0
162,110,43,0.6468485412193734,0
162,110,44,0.0005182970874415735,0
162,110,45,0.0003820482786011791,0
162,110,46,-0.000892282600349834,0
162,110,47,0.0001638199366533497,0
162,110,48,9.749606188853092e-05,0
162,110,49,-0.0002672436219563117,0
162,110,50,5.077965382902941e-05,0
162,110,51,3.913878353918318e-05,0
162,110,52,-6.330599264448663e-05,0
162,110,53,1.363482151396428e-05,0
162,110,54,2.426254870188684e-05,0
162,110,55,2.562397179413404e-06,0
162,110,56,1.813195012229043e-05,0
162,110,57,2.13261325734727e-05,0
162,110,58,0.3369076494188362,0
162,110,59,0.478266411404757,0
162,110,60,0.6434294420042194,0
162,110,61,0.1198403293434221,0
162,110,62,-0.3602494480482208,0
162,110,63,-0.7878965886026897,0
162,110,64,0.1204103566053891,0
162,110,65,0.3777281072238603,0
162,110,66,0.4003071752593702,0
162,110,67,0.3365418443459656,0
162,110,68,-0.3611427413173269,0
162,110,69,-0.5942625467677759,0
162,110,70,-7.714533154039831e-05,0
162,110,71,0.4807651312661985,0
162,110,72,0.3438757535622619,0
162,110,73,-4.406262375015995e-05,0
162,110,74,-0.0006782585124724321,0
162,110,75,-0.0008767070937466124,0
162,110,76,-1.875144288127706e-05,0
162,110,77,-0.00020470860055746,0
162,110,78,-0.000250536918535441,0
162,110,79,-7.913300552537329e-06,0
162,110,80,-4.934210501407121e-05,0
162,110,81,-5.652274805657137e-05,0
162,110,82,-3.097848730287014e-06,0
162,110,83,1.238229776782013e-06,0
162,110,84,5.009171036997393e-06,0
162,110,85,1.661189462673582e-05,0
162,110,86,2.256068118838222e-05,0
162,110,87,-0.8078837857413689,0
162,110,88,-0.06223847912128218,0
162,110,89,-0.0838213684744904,0
162,110,90,-0.6188914750832647,0
162,110,91,-0.9997118300535761,0
162,110,92,-0.6179746520724884,0
162,110,93,-0.1171741874170595,0
162,110,94,0.2190910995675422,0
162,110,95,0.8516463216852758,0
162,110,96,0.8686876918276367,0
162,110,97,0.1393157391305824,0
162,110,98,0.2927430541228662,0
162,110,99,-0.002080954822802646,0
162,110,100,0.254061721648051,0
162,110,101,-0.4402128081856848,0
162,110,102,-0.0005979510064785721,0
162,110,103,-0.001140117508729004,0
162,110,104,0.0001329000167556044,0
162,110,105,-0.0001890033256119138,0
162,110,106,-0.0003517488309859352,0
162,110,107,-2.435002984061542e-05,0
162,110,108,-6.125613528962385e-05,0
162,110,109,-0.0001018329145240878,0
162,110,110,-9.044141145975152e-06,0
162,110,111,-1.797838145153921e-05,0
162,110,112,-1.85052213256026e-05,0
162,110,113,8.526763827730579e-06,0
162,110,114,9.576014199891162e-06,0
162,110,115,1.553709454981055e-05,0
162,110,116,0.09341517618176556,0
162,110,117,9.610513420333165e-05,0
162,110,118,0.7803605340431026,0
162,110,119,0.06259508233990164,0
162,110,120,-0.1655513220199875,0
162,110,121,0.5221545137691085,0
162,110,122,-0.490377113907395,0
162,110,123,-0.1106003905405243,0
162,110,124,-0.0007138606139542546,0
162,110,125,-0.3278654729113032,0
162,110,126,-0.000443710637554885,0
162,110,127,-0.000322230255231642,0
162,110,128,-0.000197344022164917,0
162,110,129,-0.000213336021978896,0
162,110,130,-7.451756445207439e-05,0
162,110,131,-8.889873079382021e-05,0
162,110,132,-2.300037342908909e-05,0
162,110,133,-2.686309455441044e-05,0
162,110,134,-9.522842567064342e-07,0
162,110,135,0.0442900326283737,0
162,110,136,0.01482101826901769,0
162,110,137,-0.07037293144374329,0
162,110,138,-0.008378801787912282,0
162,110,139,-7.49487761144816e-05,0
162,110,140,-4.342265184481829e-05,0
162,110,141,-2.280025057725473e-05,0
162,110,142,-1.118458765678951e-05,0
162,110,143,-4.543837099887641e-06,0
162,110,144,-0.03403737405089457,0
162,110,145,0.02539343439714675,0
162,110,146,-0.01459831933062,0
162,110,147,0.06452682616095741,0
162,110,148,-0.0001620724679233542,0
162,110,149,-7.797282634798706e-05,0
162,110,150,-3.828389554664711e-05,0
162,110,151,-1.83292503543587e-05,0
162,110,152,-7.385266366477255e-06,0
162,110,153,-0.06442093141234678,0
162,110,154,0.01458470905145144,0
162,110,155,-0.02545931093801663,0
162,110,156,0.03417341723322683,0
162,110,157,-0.0001591296456780632,0
162,110,158,-7.647352003648498e-05,0
162,110,159,-3.774455946052054e-05,0
162,110,160,-1.815693503025893e-05,0
162,110,161,-7.336826641276383e-06,0
162,110,162,0.008430846379289633,0
162,110,163,0.07038760895591439,0
162,110,164,-0.01490967451699617,0
162,110,165,-0.04420003016626808,0
162,110,166,-5.95584231993052e-05,0
162,110,167,-3.931163435316047e-05,0
162,110,168,-2.166067695561002e-05,0
162,110,169,-1.086366537458427e-05,0
162,110,170,-4.459054366295645e-06,0
163,111,0,-0.6000039408633543,0
163,111,1,-0.4014579246286261,0
163,111,2,-0.5402014108782379,0
163,111,3,0.5104940591413542,0
163,111,4,0.3414186116041665,0
163,111,5,0.9992335955012352,0
163,111,6,0.02442540566771536,0
163,111,7,0.0162420313938136,0
163,111,8,-0.4377097294480743,0
163,111,9,0.149136445582029,0
163,111,10,0.09964936032672211,0
163,111,11,0.111942083273666,0
163,111,12,-0.0008369441892952745,0
163,111,13,-0.0007025545590651015,0
163,111,14,-0.1353377211294437,0
163,111,15,-0.0003469414172755571,0
163,111,16,-0.0003266323285656858,0
163,111,17,0.0001606640179064247,0
163,111,18,-0.0001376309596477399,0
163,111,19,-0.0001401497908994507,0
163,111,20,4.580276067293789e-05,0
163,111,21,-4.938512616951149e-05,0
163,111,22,-5.760449601978114e-05,0
163,111,23,6.860397973162293e-06,0
163,111,24,-1.468073367938305e-05,0
163,111,25,-2.318794318275847e-05,0
163,111,26,-7.462261040403586e-06,0
163,111,27,-9.196207033321281e-06,0
163,111,28,-1.18614472897943e-05,0
163,111,29,0.2159555906037092,0
163,111,30,-0.2571145634665063,0
163,111,31,-0.3459654133519454,0
163,111,32,-0.003533132599464485,0
163,111,33,0.7403028396235384,0
163,111,34,0.8015583774671384,0
163,111,35,-0.5850335665208164,0
163,111,36,-0.7167823295806678,0
163,111,37,-0.9612185413418611,0
163,111,38,-0.2418121179608584,0
163,111,39,-0.07864190111085598,0
163,111,40,0.4206462155348554,0
163,111,41,-0.0004131690096783438,0
163,111,42,-0.1009737293069497,0
163,111,43,0.0816789778075219,0
163,111,44,-0.0002417472297561859,0
163,111,45,-0.0001117381362577874,0
163,111,46,0.0001258175909651988,0
163,111,47,-0.0001015990284354219,0
163,111,48,-6.898067590867635e-05,0
163,111,49,7.617629449598378e-05,0
163,111,50,-3.591798624019508e-05,0
163,111,51,-3.644917496759952e-05,0
163,111,52,1.859036016924224e-05,0
163,111,53,-1.027363260835402e-05,0
163,111,54,-2.171713858412116e-05,0
163,111,55,-8.876747915146295e-06,0
163,111,56,-1.507482661560938e-05,0
163,111,57,-1.809395577868519e-05,0
163,111,58,0.4771902076637832,0
163,111,59,0.06206006974780037,0
163,111,60,0.0835017743116027,0
163,111,61,0.05290165446992318,0
163,111,62,0.631172380664346,0
163,111,63,0.4196932592467611,0
163,111,64,0.05268657768410871,0
163,111,65,-0.6792366902259058,0
163,111,66,-0.9614217167880005,0
163,111,67,0.4772762454784275,0
163,111,68,0.6319217716330692,0
163,111,69,0.8027524470365033,0
163,111,70,-0.0007421212380445695,0
163,111,71,0.06016799044206086,0
163,111,72,-0.3486098791207841,0
163,111,73,-0.0001986562022933457,0
163,111,74,-6.797220647378169e-05,0
163,111,75,0.0005485805222384327,0
163,111,76,-5.053031083929174e-05,0
163,111,77,1.236992974896055e-05,0
163,111,78,0.0001913663393681937,0
163,111,79,-1.156946994693259e-05,0
163,111,80,2.124859023936854e-06,0
163,111,81,4.930664115590286e-05,0
163,111,82,-2.053500044696726e-06,0
163,111,83,-9.54501015004087e-06,0
163,111,84,-8.074597694208455e-07,0
163,111,85,-1.423244845492639e-05,0
163,111,86,-1.574525180887676e-05,0
163,111,87,-0.2422938540220675,0
163,111,88,-0.09998206121358255,0
163,111,89,-0.1344454479926671,0
163,111,90,-0.5845372620403465,0
163,111,91,-0.07903756154413041,0
163,111,92,0.1118023159421779,0
163,111,93,-0.003127180773853242,0
163,111,94,-0.7166620903412182,0
163,111,95,-0.4380023239555132,0
163,111,96,0.2158368453769086,0
163,111,97,0.7411253403387137,0
163,111,98,1,0
163,111,99,-8.574054730809522e-05,0
163,111,100,-0.2591231732674716,0
163,111,101,-0.5427426476658626,0
163,111,102,0.0001201982358963221,0
163,111,103,0.0005261713964388533,0
163,111,104,0.0008821565484846467,0
163,111,105,7.523244157648827e-05,0
163,111,106,0.0002155103710394793,0
163,111,107,0.0002370873861756264,0
163,111,108,3.23126299430494e-05,0
163,111,109,7.095148965206333e-05,0
163,111,110,5.704731613182061e-05,0
163,111,111,1.078969192780825e-05,0
163,111,112,1.395218275574529e-05,0
163,111,113,5.563988316555778e-06,0
163,111,114,-6.384348789620439e-06,0
163,111,115,-8.181091882562463e-06,0
163,111,116,0.1491695652395231,0
163,111,117,-7.344687402216361e-05,0
163,111,118,0.02470812513308197,0
163,111,119,0.0997094020683241,0
163,111,120,0.5110911474668387,0
163,111,121,0.01643371624013208,0
163,111,122,-0.6003951348485214,0
163,111,123,0.3417787443092452,0
163,111,124,0.002113173747235987,0
163,111,125,-0.4018177063605636,0
163,111,126,0.0006938618824975746,0
163,111,127,0.001236102623885336,0
163,111,128,0.0002335739549943748,0
163,111,129,0.0003861416582401402,0
163,111,130,7.676511258160063e-05,0
163,111,131,0.0001198004939283903,0
163,111,132,2.21837757456201e-05,0
163,111,133,3.292089435511937e-05,0
163,111,134,3.579486614283245e-06,0
163,111,135,0.05409448986373606,0
163,111,136,-0.04603702584812388,0
163,111,137,-0.002215476887557804,0
163,111,138,-0.01346363403252305,0
163,111,139,5.598850445119149e-05,0
163,111,140,2.998170302825562e-05,0
163,111,141,1.587806755529484e-05,0
163,111,142,7.959470269769724e-06,0
163,111,143,3.285158795630423e-06,0
163,111,144,0.03462031361929053,0
163,111,145,-0.04572427891233598,0
163,111,146,0.05052413086157173,0
163,111,147,0.008326793211474896,0
163,111,148,8.784904777503364e-05,0
163,111,149,5.029380049756598e-05,0
163,111,150,2.673148018998816e-05,0
163,111,151,1.328376445479624e-05,0
163,111,152,5.442279810153325e-06,0
163,111,153,-0.008405137226406916,0
163,111,154,-0.05049477898806148,0
163,111,155,0.04577032622838812,0
163,111,156,-0.03471828008292018,0
163,111,157,0.0001179167082004259,0
163,111,158,5.922123048206796e-05,0
163,111,159,2.936534707930624e-05,0
163,111,160,1.405375615169612e-05,0
163,111,161,5.650686034645515e-06,0
163,111,162,0.01344428091688596,0
163,111,163,0.002215805824780981,0
163,111,164,0.04606071946741011,0
163,111,165,-0.054173258680339,0
163,111,166,0.0001065364455465136,0
163,111,167,4.472840405543393e-05,0
163,111,168,2.018798364977853e-05,0
163,111,169,9.213160212052211e-06,0
163,111,170,3.623664766618009e-06,0
164,118,0,0.04357360345237588,0
164,118,1,0.02912774664361767,0
164,118,2,0.03916098066390741,0
164,118,3,-0.04296906912370516,0
164,118,4,-0.02876931885326213,0
164,118,5,-0.07795020354832001,0
164,118,6,-0.4039414873976103,0
164,118,7,-0.2702543279293869,0
164,118,8,-0.3249528191811731,0
164,118,9,0.7072946844882297,0
164,118,10,0.4731072090877734,0
164,118,11,1,0
164,118,12,-0.001338150579938434,0
164,118,13,-0.0009845107603176529,0
164,118,14,-0.6379669598699761,0
164,118,15,-0.0003765940251090383,0
164,118,16,-0.0003066557887595671,0
164,118,17,0.0006972691645766865,0
164,118,18,-0.0001098110415960782,0
164,118,19,-9.458032237925318e-05,0
164,118,20,0.0001759041551377764,0
164,118,21,-3.195947904084852e-05,0
164,118,22,-3.033723613970358e-05,0
164,118,23,4.316051817879176e-05,0
164,118,24,-8.443586410870544e-06,0
164,118,25,-9.960760946135926e-06,0
164,118,26,8.538723717509651e-06,0
164,118,27,-2.779569508325937e-06,0
164,118,28,6.61581485976547e-09,0
164,118,29,-0.242532860208159,0
164,118,30,-0.1331519838398545,0
164,118,31,-0.1791517384388919,0
164,118,32,0.4853127377926464,0
164,118,33,0.2667018209234776,0
164,118,34,0.5770755073040783,0
164,118,35,0.2180886363454585,0
164,118,36,-0.09565905536873505,0
164,118,37,-0.5654929347962658,0
164,118,38,-0.9049115308747839,0
164,118,39,0.1379225018055807,0
164,118,40,-0.01073790748479349,0
164,118,41,0.0005875068770547071,0
164,118,42,-0.4738131022735043,0
164,118,43,0.176968898298644,0
164,118,44,9.489828411967123e-05,0
164,118,45,0.0005697559723722906,0
164,118,46,0.0002513861538363422,0
164,118,47,1.040668777525117e-05,0
164,118,48,0.0001297352104801385,0
164,118,49,8.595474446250141e-05,0
164,118,50,-5.095378449668924e-07,0
164,118,51,2.733146598634918e-05,0
164,118,52,2.353522028309198e-05,0
164,118,53,-6.030214294995962e-07,0
164,118,54,3.497034272185482e-06,0
164,118,55,2.599472206635153e-06,0
164,118,56,-1.666742389781327e-06,0
164,118,57,-3.403626088336497e-06,0
164,118,58,0.001010187082173244,0
164,118,59,-0.1324884772000739,0
164,118,60,-0.1782419751189705,0
164,118,61,-0.6275927848815916,0
164,118,62,0.009098353614527831,0
164,118,63,0.01133538614823941,0
164,118,64,0.627929112884695,0
164,118,65,-0.0002635554373411192,0
164,118,66,0.5644859420878542,0
164,118,67,-0.001197421588899484,0
164,118,68,-0.008772472760851113,0
164,118,69,-0.5769233022626173,0
164,118,70,0.0008766416612111874,0
164,118,71,0.1321625426813464,0
164,118,72,0.1789208141152545,0
164,118,73,0.0002385386421978539,0
164,118,74,0.0003664586563081562,0
164,118,75,-0.0002441583792626819,0
164,118,76,6.511095408094915e-05,0
164,118,77,0.0001124804227531561,0
164,118,78,-4.725888142358546e-05,0
164,118,79,1.788800764881355e-05,0
164,118,80,3.062900912874208e-05,0
164,118,81,-1.215250152760264e-05,0
164,118,82,4.678494622517877e-06,0
164,118,83,5.297183537773215e-06,0
164,118,84,-7.074961125139837e-06,0
164,118,85,-2.471847049186852e-06,0
164,118,86,-6.625689127302942e-06,0
164,118,87,0.905067819211375,0
164,118,88,0.4729827143128302,0
164,118,89,0.6363513101844051,0
164,118,90,-0.2185828636595482,0
164,118,91,-0.137786701758146,0
164,118,92,-0.9999144299434695,0
164,118,93,-0.4849593951526337,0
164,118,94,0.09517351909104421,0
164,118,95,0.3247906121613827,0
164,118,96,0.2424154448755078,0
164,118,97,-0.2666361143569415,0
164,118,98,0.07776967459339482,0
164,118,99,-2.973438198445632e-05,0
164,118,100,0.1329962734064905,0
164,118,101,-0.0392126283736905,0
164,118,102,5.750163821214577e-05,0
164,118,103,-0.0001235744338463139,0
164,118,104,-0.000113267491430783,0
164,118,105,3.199987997878238e-05,0
164,118,106,-4.42388833915564e-06,0
164,118,107,-4.152325608064484e-05,0
164,118,108,1.27015859271735e-05,0
164,118,109,3.893601606286469e-06,0
164,118,110,-1.500800402020043e-05,0
164,118,111,4.020601317345405e-06,0
164,118,112,-2.559381220884295e-07,0
164,118,113,-7.221780871839427e-06,0
164,118,114,-3.341163849434485e-06,0
164,118,115,-5.260812366573893e-06,0
164,118,116,-0.7071135962104913,0
164,118,117,-1.940584781875353e-05,0
164,118,118,0.4038416869280069,0
164,118,119,-0.473054648743622,0
164,118,120,0.04289528911760201,0
164,118,121,0.2701329411021103,0
164,118,122,-0.0435892200705866,0
164,118,123,0.02867039527568397,0
164,118,124,-8.637688860804233e-05,0
164,118,125,-0.02918314889935297,0
164,118,126,-6.822580563077479e-06,0
164,118,127,-7.344282114102915e-05,0
164,118,128,7.657415534053485e-06,0
164,118,129,-1.591223116539172e-05,0
164,118,130,5.316105990754378e-06,0
164,118,131,-1.8833127049827e-06,0
164,118,132,2.026916849399013e-06,0
164,118,133,-6.129997340933286e-07,0
164,118,134,-1.436446508135458e-06,0
164,118,135,-0.003929581729173173,0
164,118,136,0.003869262574666859,0
164,118,137,0.03640372072749966,0
164,118,138,-0.06378014369719619,0
164,118,139,5.931871966614457e-05,0
164,118,140,2.031755506504841e-05,0
164,118,141,7.747757908373955e-06,0
164,118,142,3.144287621820731e-06,0
164,118,143,1.156816527066164e-06,0
164,118,144,0.0179327392871561,0
164,118,145,-0.03987938718829761,0
164,118,146,0.01674463827714406,0
164,118,147,0.01779840297142696,0
164,118,148,4.067604147193875e-05,0
164,118,149,1.920717089332365e-05,0
164,118,150,9.035697059636263e-06,0
164,118,151,4.166751296471728e-06,0
164,118,152,1.639802546519295e-06,0
164,118,153,0.01784228604207474,0
164,118,154,0.01669601456786309,0
164,118,155,-0.03985408867403177,0
164,118,156,0.01792124756148072,0
164,118,157,5.691741716850109e-06,0
164,118,158,8.923753320728204e-06,0
164,118,159,6.018780689144209e-06,0
164,118,160,3.287824300393519e-06,0
164,118,161,1.402518664858244e-06,0
164,118,162,-0.06374290258760473,0
164,118,163,0.03640203360524025,0
164,118,164,0.003865274982880419,0
164,118,165,-0.003927713938458089,0
164,118,166,2.21386929456652e-06,0
164,118,167,3.600066389351655e-06,0
164,118,168,2.853988608399885e-06,0
164,118,169,1.720265004370943e-06,0
164,118,170,7.726176058727396e-07,0
165,117,0,-0.446739324940956,0
165,117,1,-0.2988545737749462,0
165,117,2,-0.4020698639675432,0
165,117,3,-0.303361549198758,0
165,117,4,-0.2029400076659888,0
165,117,5,0.1290352627199121,0
165,117,6,-0.153328406413069,0
165,117,7,-0.102573242112311,0
165,117,8,0.1350247211772312,0
165,117,9,-0.1021378336487916,0
165,117,10,-0.06832832377670142,0
165,117,11,0.04606653999353803,0
165,117,12,8.882645197765626e-05,0
165,117,13,5.996002442746092e-05,0
165,117,14,0.09200240072747194,0
165,117,15,1.239685048803497e-05,0
165,117,16,8.074916146587239e-06,0
165,117,17,-6.889911459938539e-05,0
165,117,18,1.209657996302855e-06,0
165,117,19,1.836701188455502e-07,0
165,117,20,-1.181699550792647e-05,0
165,117,21,-9.733703183000479e-08,0
165,117,22,-4.964903273306513e-07,0
165,117,23,-2.424718424444247e-06,0
165,117,24,-9.181603289945725e-08,0
165,117,25,-3.265819741854266e-07,0
165,117,26,-7.551471597860944e-07,0
165,117,27,-1.921599491950976e-07,0
165,117,28,-4.405820623790811e-07,0
165,117,29,0.8078357755117014,0
165,117,30,0.2415562437938072,0
165,117,31,0.3249794384636609,0
165,117,32,0.9146686941281048,0
165,117,33,0.7077908910362182,0
165,117,34,0.2251816941606162,0
165,117,35,0.541942696541872,0
165,117,36,0.4629019356908522,0
165,117,37,-0.2004326163852137,0
165,117,38,0.3247713060115334,0
165,117,39,0.2514988069099955,0
165,117,40,-0.149393735936814,0
165,117,41,-0.0002429308379852721,0
165,117,42,0.06821470260670735,0
165,117,43,-0.2005252715300805,0
165,117,44,-3.905015230278027e-05,0
165,117,45,-8.071191221458795e-05,0
165,117,46,0.0001012018191378709,0
165,117,47,-7.24783367422924e-06,0
165,117,48,-1.467532745899792e-05,0
165,117,49,1.323193219011353e-05,0
165,117,50,-1.5939466524187e-06,0
165,117,51,-3.299093475141157e-06,0
165,117,52,1.355131469587195e-06,0
165,117,53,-3.669025658544234e-07,0
165,117,54,-1.021456561764047e-06,0
165,117,55,-2.502313200622213e-07,0
165,117,56,-4.697014616590178e-07,0
165,117,57,-4.71675759728368e-07,0
165,117,58,-0.5837593823431544,0
165,117,59,-0.1489593828052772,0
165,117,60,-0.2004042162958554,0
165,117,61,-1,0
165,117,62,-0.5015888138565695,0
165,117,63,-0.1494351822923832,0
165,117,64,-0.9999274877129682,0
165,117,65,-0.8178969921224027,0
165,117,66,-0.2003678487801425,0
165,117,67,-0.5836350710682682,0
165,117,68,-0.5014746033536959,0
165,117,69,0.2252695875543211,0
165,117,70,0.0003329962546949077,0
165,117,71,-0.1488204493166733,0
165,117,72,0.3250554144450324,0
165,117,73,4.069804804159918e-05,0
165,117,74,0.0001038303230341522,0
165,117,75,-0.0001522620606961563,0
165,117,76,3.531386527189656e-06,0
165,117,77,1.207164149946635e-05,0
165,117,78,-1.969789054757685e-05,0
165,117,79,-1.356480656723355e-07,0
165,117,80,7.837887123707501e-07,0
165,117,81,-2.129087518302373e-06,0
165,117,82,-1.638555057079985e-07,0
165,117,83,-3.561865889033158e-07,0
165,117,84,-3.674021433713852e-07,0
165,117,85,-3.808164254255814e-07,0
165,117,86,-3.519742033644784e-07,0
165,117,87,0.3248320865887176,0
165,117,88,0.06834274777402417,0
165,117,89,0.09194726400573681,0
165,117,90,0.5420154398129348,0
165,117,91,0.2515157436316622,0
165,117,92,0.04603253810244774,0
165,117,93,0.9147235004275561,0
165,117,94,0.462986095004275,0
165,117,95,0.1350718698718054,0
165,117,96,0.8076772707604488,0
165,117,97,0.7077479440240338,0
165,117,98,0.1289274147105116,0
165,117,99,-0.0004913655917574814,0
165,117,100,0.2412716324904598,0
165,117,101,-0.402315646552223,0
165,117,102,-7.950157396727389e-05,0
165,117,103,-0.000170437652884131,0
165,117,104,0.0001988993516436829,0
165,117,105,-1.241985625044336e-05,0
165,117,106,-2.338445860379352e-05,0
165,117,107,3.851850509367905e-05,0
165,117,108,-1.752719526375704e-06,0
165,117,109,-2.662366135270695e-06,0
165,117,110,7.753511814779819e-06,0
165,117,111,-1.884986667546878e-07,0
165,117,112,-2.75569706928158e-07,0
165,117,113,1.472565700967944e-06,0
165,117,114,-1.541296732084844e-07,0
165,117,115,1.727880046141928e-07,0
165,117,116,-0.1021686413951192,0
165,117,117,-1.717916307731068e-06,0
165,117,118,-0.1533216373415401,0
165,117,119,-0.06834913706492098,0
165,117,120,-0.303409145123099,0
165,117,121,-0.1025692671183498,0
165,117,122,-0.4466745679479193,0
165,117,123,-0.2029740384348635,0
165,117,124,0.0003133727768320155,0
165,117,125,-0.2988184256408392,0
165,117,126,6.614447972186536e-05,0
165,117,127,0.0001970290476921612,0
165,117,128,1.541691531040372e-05,0
165,117,129,4.070107512225588e-05,0
165,117,130,3.893451185976457e-06,0
165,117,131,9.092640029487813e-06,0
165,117,132,9.642707686428068e-07,0
165,117,133,2.092266179208107e-06,0
165,117,134,3.623151247105746e-07,0
165,117,135,0.0402696326574094,0
165,117,136,0.02734533018983988,0
165,117,137,0.01382125769350875,0
165,117,138,0.009207673630513686,0
165,117,139,-2.893144112116466e-06,0
165,117,140,-1.676461733825987e-07,0
165,117,141,1.587008437966685e-07,0
165,117,142,1.267080124127512e-07,0
165,117,143,6.021011188397494e-08,0
165,117,144,-0.0325498758587814,0
165,117,145,-0.05510436054163059,0
165,117,146,-0.03503073191704924,0
165,117,147,-0.02006984901555147,0
165,117,148,6.638825940207932e-06,0
165,117,149,1.608149982056078e-06,0
165,117,150,6.075033965843229e-07,0
165,117,151,2.812477615557764e-07,0
165,117,152,1.152756449315509e-07,0
165,117,153,0.02007098220013305,0
165,117,154,0.0350369833799256,0
165,117,155,0.05510426150776584,0
165,117,156,0.03254205368078471,0
165,117,157,-5.73503916626988e-06,0
165,117,158,1.183884471249576e-07,0
165,117,159,5.09508309604907e-07,0
165,117,160,3.056907721833394e-07,0
165,117,161,1.29167064169032e-07,0
165,117,162,-0.009209795834509919,0
165,117,163,-0.01382108209682084,0
165,117,164,-0.02735091678076583,0
165,117,165,-0.04026774462142197,0
165,117,166,1.260003294801632e-05,0
165,117,167,3.05244120327916e-06,0
165,117,168,8.928240498270325e-07,0
165,117,169,3.077038064707893e-07,0
165,117,170,1.045646485171733e-07,0
166,114,0,-0.1754396127001626,0
166,114,1,-0.1173863869253607,0
166,114,2,-0.1579562629950461,0
166,114,3,0.5825225012656225,0
166,114,4,0.3896607669121357,0
166,114,5,0.6820992026209759,0
166,114,6,-0.5284999487385058,0
166,114,7,-0.3535796521911207,0
166,114,8,-1,0
166,114,9,-0.1094339042346507,0
166,114,10,-0.07324848725853997,0
166,114,11,0.3770572481849321,0
166,114,12,-0.0002969561900076412,0
166,114,13,-0.0002519769402015082,0
166,114,14,0.09808815225243039,0
166,114,15,-0.0001594473187019372,0
166,114,16,-0.0001428069809522646,0
166,114,17,1.629476891296891e-05,0
166,114,18,-6.396709857939529e-05,0
166,114,19,-6.028733742016372e-05,0
166,114,20,3.372733717521078e-05,0
166,114,21,-2.223414719877902e-05,0
166,114,22,-2.332429778524298e-05,0
166,114,23,1.245580295818993e-05,0
166,114,24,-6.456530130591586e-06,0
166,114,25,-8.711946182154281e-06,0
166,114,26,1.426129304624942e-06,0
166,114,27,-2.942704452978629e-06,0
166,114,28,-2.218559713001525e-06,0
166,114,29,-0.1205245793289502,0
166,114,30,-0.1980505450222061,0
166,114,31,-0.2664656068600091,0
166,114,32,-0.6151537254143998,0
166,114,33,0.09546662244641708,0
166,114,34,0.2368923979567871,0
166,114,35,0.4392933534051851,0
166,114,36,-0.4494435010251195,0
166,114,37,-0.05104536824853653,0
166,114,38,0.7225406238772849,0
166,114,39,0.7635901857784562,0
166,114,40,0.631917682943732,0
166,114,41,-0.0007799652488492279,0
166,114,42,0.0723379795207163,0
166,114,43,-0.553000233479518,0
166,114,44,-0.0001742231118592712,0
166,114,45,-0.0001330706889867375,0
166,114,46,0.0004779757883346384,0
166,114,47,-4.436979533676651e-05,0
166,114,48,-1.654417912568202e-05,0
166,114,49,0.0001182412653533529,0
166,114,50,-1.207803112040789e-05,0
166,114,51,-4.354606330830146e-06,0
166,114,52,2.695430932261721e-05,0
166,114,53,-3.020801088616545e-06,0
166,114,54,-3.821160098758204e-06,0
166,114,55,2.221972201350274e-06,0
166,114,56,-3.558503738341466e-06,0
166,114,57,-4.148188113211208e-06,0
166,114,58,0.9088913602275502,0
166,114,59,0.4099516044307313,0
166,114,60,0.5515365833990942,0
166,114,61,-0.05636444411169705,0
166,114,62,0.138372828150104,0
166,114,63,-0.6318368837196108,0
166,114,64,0.05638981647543294,0
166,114,65,-0.000219892629303409,0
166,114,66,0.05043797565000431,0
166,114,67,-0.9089150289916414,0
166,114,68,-0.1383283810083487,0
166,114,69,-0.2368413294375489,0
166,114,70,0.0006415178050412443,0
166,114,71,-0.4105955427102689,0
166,114,72,0.2656511459122253,0
166,114,73,0.0001498571356700962,0
166,114,74,0.0004624624446421878,0
166,114,75,8.242479290167729e-05,0
166,114,76,3.750432945538012e-05,0
166,114,77,0.0001142469826677456,0
166,114,78,2.969275434831457e-05,0
166,114,79,9.99810940990635e-06,0
166,114,80,2.679695412280371e-05,0
166,114,81,5.872922670063402e-06,0
166,114,82,2.655620371726295e-06,0
166,114,83,3.326131512473243e-06,0
166,114,84,-3.115667223385151e-06,0
166,114,85,-3.169543122974611e-06,0
166,114,86,-5.890654729602376e-06,0
166,114,87,-0.7225636658659217,0
166,114,88,-0.07340403505305841,0
166,114,89,-0.09873469897382468,0
166,114,90,-0.4392159695678927,0
166,114,91,-0.7634473398943682,0
166,114,92,-0.3767839955900907,0
166,114,93,0.6153575675316072,0
166,114,94,0.4491598215871942,0
166,114,95,0.9996034269002395,0
166,114,96,0.1202774476770325,0
166,114,97,-0.09555633124839585,0
166,114,98,-0.6823454842138091,0
166,114,99,0.0006837863024779072,0
166,114,100,0.1979595309311812,0
166,114,101,0.1581271763218766,0
166,114,102,0.000192634484963733,0
166,114,103,0.0002176279783088084,0
166,114,104,-0.0002670049025934295,0
166,114,105,5.737077842888534e-05,0
166,114,106,7.133591552775434e-05,0
166,114,107,-5.45915838170678e-05,0
166,114,108,1.747855693464981e-05,0
166,114,109,2.090179555684799e-05,0
166,114,110,-1.320813479992368e-05,0
166,114,111,4.903330625070538e-06,0
166,114,112,3.454588315719181e-06,0
166,114,113,-5.922828625230754e-06,0
166,114,114,-2.668864918019536e-06,0
166,114,115,-4.840254590313217e-06,0
166,114,116,0.1096412394618566,0
166,114,117,-2.193913657559518e-05,0
166,114,118,0.5282208217361306,0
166,114,119,0.07332267154908551,0
166,114,120,-0.5825289234205417,0
166,114,121,0.3533344793517399,0
166,114,122,0.1755429695491321,0
166,114,123,-0.3897215734879566,0
166,114,124,-0.00023819680375422,0
166,114,125,0.1174024302358544,0
166,114,126,-1.119093289200554e-06,0
166,114,127,-0.0001779799945801811,0
166,114,128,1.895230065779464e-05,0
166,114,129,-1.533837829570814e-05,0
166,114,130,1.035573631747064e-05,0
166,114,131,4.008517664992776e-06,0
166,114,132,3.63987889465779e-06,0
166,114,133,1.980780180883961e-06,0
166,114,134,-7.803110137017154e-07,0
166,114,135,0.01580901275774191,0
166,114,136,-0.05250028862897323,0
166,114,137,0.04762243644259457,0
166,114,138,0.009853369764648793,0
166,114,139,1.961208313460147e-05,0
166,114,140,1.174614838280335e-05,0
166,114,141,5.960960780425443e-06,0
166,114,142,2.821018015204231e-06,0
166,114,143,1.11943228858427e-06,0
166,114,144,0.02666987444652447,0
166,114,145,0.002935498905044064,0
166,114,146,0.008029765458262953,0
166,114,147,-0.05527136027371733,0
166,114,148,5.387428624686298e-05,0
166,114,149,2.179599973880495e-05,0
166,114,150,9.773761498232606e-06,0
166,114,151,4.474385348119513e-06,0
166,114,152,1.766355545621842e-06,0
166,114,153,-0.05523893145522938,0
166,114,154,0.008016110848077171,0
166,114,155,0.002950893192016467,0
166,114,156,0.02664923625312071,0
166,114,157,2.881828040977541e-05,0
166,114,158,1.557915878500992e-05,0
166,114,159,8.13124827860687e-06,0
166,114,160,4.024252334751372e-06,0
166,114,161,1.648759252864558e-06,0
166,114,162,0.00987954306779475,0
166,114,163,0.04760075029099763,0
166,114,164,-0.05250004154604647,0
166,114,165,0.01582096398243616,0
166,114,166,-2.219406645726185e-06,0
166,114,167,4.653128261465076e-06,0
166,114,168,3.773555996939303e-06,0
166,114,169,2.167225317327413e-06,0
166,114,170,9.407079035643704e-07,0
167,115,0,0.5190183315006517,0
167,115,1,0.3472159106373585,0
167,115,2,0.467144826483486,0
167,115,3,-0.3087418279320131,0
167,115,4,-0.2065253191171429,0
167,115,5,-0.744953303246408,0
167,115,6,-0.07773987778158754,0
167,115,7,-0.051991056708281,0
167,115,8,0.2079376613468334,0
167,115,9,-0.04810709282133181,0
167,115,10,-0.03216466318101387,0
167,115,11,0.02671314286256044,0
167,115,12,0.0001332887472425288,0
167,115,13,0.0001104972807796845,0
167,115,14,0.04347011809343092,0
167,115,15,5.349738615777791e-05,0
167,115,16,4.990044436498554e-05,0
167,115,17,-2.991725651023676e-05,0
167,115,18,2.129420583192399e-05,0
167,115,19,2.137124098610423e-05,0
167,115,20,-7.832087249501092e-06,0
167,115,21,7.67452915628557e-06,0
167,115,22,8.746875045595317e-06,0
167,115,23,-1.577177130307121e-06,0
167,115,24,2.290629922260388e-06,0
167,115,25,3.483289510505552e-06,0
167,115,26,8.067919520002277e-07,0
167,115,27,1.335689213370019e-06,0
167,115,28,1.580798589868848e-06,0
167,115,29,-0.9999748245130622,0
167,115,30,-0.3217143588657174,0
167,115,31,-0.4328148485825758,0
167,115,32,0.1960443672128686,0
167,115,33,-0.4225643498974317,0
167,115,34,0.3314832874472439,0
167,115,35,0.4472998625918747,0
167,115,36,0.4537965359967524,0
167,115,37,0.4340903360250807,0
167,115,38,0.195396167790867,0
167,115,39,0.1505810721864819,0
167,115,40,-0.1999718828491845,0
167,115,41,1.725541219405461e-06,0
167,115,42,0.0323262531362004,0
167,115,43,-0.1323500857959433,0
167,115,44,3.334540018101812e-05,0
167,115,45,1.017208283305731e-05,0
167,115,46,2.557969580010382e-05,0
167,115,47,1.551416360284002e-05,0
167,115,48,9.706558512346065e-06,0
167,115,49,-9.853618081942856e-06,0
167,115,50,5.441887407165239e-06,0
167,115,51,5.018113918156937e-06,0
167,115,52,-3.764320151129366e-06,0
167,115,53,1.527890424046574e-06,0
167,115,54,2.965347619726966e-06,0
167,115,55,8.129012247226349e-07,0
167,115,56,2.076441295357885e-06,0
167,115,57,2.429416121557259e-06,0
167,115,58,0.6282852434983662,0
167,115,59,0.09859318752142521,0
167,115,60,0.1326422694320527,0
167,115,61,0.4822310945332712,0
167,115,62,0.5689865935614075,0
167,115,63,0.2000350472623176,0
167,115,64,-0.4822710326633322,0
167,115,65,3.637139555843204e-05,0
167,115,66,-0.4339606915469599,0
167,115,67,-0.6282744708747505,0
167,115,68,-0.568927614338287,0
167,115,69,-0.3313714672882186,0
167,115,70,0.0004156873712205408,0
167,115,71,-0.09808381802188441,0
167,115,72,0.4334899045233553,0
167,115,73,6.549169877247601e-05,0
167,115,74,6.888054576302473e-05,0
167,115,75,-0.0002713765748652779,0
167,115,76,1.014207939912224e-05,0
167,115,77,1.029402080239922e-06,0
167,115,78,-5.669055942465152e-05,0
167,115,79,1.378024868773662e-06,0
167,115,80,-1.367787487074417e-06,0
167,115,81,-1.124804000444903e-05,0
167,115,82,8.587497108487064e-08,0
167,115,83,8.574918698100343e-07,0
167,115,84,-3.92625377895818e-07,0
167,115,85,1.903908403448192e-06,0
167,115,86,2.232534840578759e-06,0
167,115,87,-0.1953051629610804,0
167,115,88,-0.03206548590879233,0
167,115,89,-0.0431492770467358,0
167,115,90,-0.4474702112324873,0
167,115,91,-0.1506630639704641,0
167,115,92,-0.02693216655108224,0
167,115,93,-0.1958923166396607,0
167,115,94,-0.4536132808342008,0
167,115,95,-0.2075635040096291,0
167,115,96,1,0
167,115,97,0.4226465527258432,0
167,115,98,0.7448992736025917,0
167,115,99,-0.000621189439133514,0
167,115,100,0.3217700036758711,0
167,115,101,-0.4671297817975601,0
167,115,102,-0.0001278100779789264,0
167,115,103,-0.0002997564952892172,0
167,115,104,0.0001203958355197018,0
167,115,105,-3.047429073871194e-05,0
167,115,106,-6.721060532549148e-05,0
167,115,107,1.278407903463829e-05,0
167,115,108,-8.20539404002892e-06,0
167,115,109,-1.595436866067477e-05,0
167,115,110,1.04086096380886e-06,0
167,115,111,-2.184251416400832e-06,0
167,115,112,-2.865454949528696e-06,0
167,115,113,1.118170861881893e-06,0
167,115,114,8.794624561557895e-07,0
167,115,115,1.672081519050344e-06,0
167,115,116,0.047974153005306,0
167,115,117,1.04603499724268e-05,0
167,115,118,0.07793220791876493,0
167,115,119,0.03210430263457775,0
167,115,120,0.3085977288749038,0
167,115,121,0.05214706120988342,0
167,115,122,-0.519020343129066,0
167,115,123,0.2064569219040633,0
167,115,124,6.56645749367537e-05,0
167,115,125,-0.3471882742101383,0
167,115,126,-2.817252027432245e-05,0
167,115,127,5.731837986351102e-05,0
167,115,128,-1.907657195290612e-05,0
167,115,129,-1.018225640916983e-05,0
167,115,130,-7.956117460356831e-06,0
167,115,131,-8.093950585856383e-06,0
167,115,132,-2.535322324965057e-06,0
167,115,133,-2.812948927665253e-06,0
167,115,134,-1.206890465288075e-07,0
167,115,135,-0.04676452646156198,0
167,115,136,0.0278199388415897,0
167,115,137,0.00700664781642288,0
167,115,138,0.004337275309200069,0
167,115,139,-8.590906492165742e-06,0
167,115,140,-4.486429111657883e-06,0
167,115,141,-2.360836846030804e-06,0
167,115,142,-1.175300466125566e-06,0
167,115,143,-4.823076005556667e-07,0
167,115,144,0.04333673862870193,0
167,115,145,0.01015658647115157,0
167,115,146,-0.0332950374622171,0
167,115,147,-0.01326677527579787,0
167,115,148,-1.105893847587295e-05,0
167,115,149,-7.365761676662994e-06,0
167,115,150,-3.958031449111072e-06,0
167,115,151,-1.95056171344927e-06,0
167,115,152,-7.935450167358302e-07,0
167,115,153,-0.01327376083792904,0
167,115,154,-0.03329391160225207,0
167,115,155,0.01015967058246749,0
167,115,156,0.04334642893844204,0
167,115,157,-2.684719683951228e-05,0
167,115,158,-1.000648004880254e-05,0
167,115,159,-4.417057063418678e-06,0
167,115,160,-2.035006561921264e-06,0
167,115,161,-8.095867745424341e-07,0
167,115,162,0.004323335775072405,0
167,115,163,0.007023390541572026,0
167,115,164,0.02780767411274709,0
167,115,165,-0.04676398874595492,0
167,115,166,-1.114580806011476e-06,0
167,115,167,-3.52378827980691e-06,0
167,115,168,-2.273559003283543e-06,0
167,115,169,-1.180445166802884e-06,0
167,115,170,-4.879394744323878e-07,0
168,116,0,-0.03627484464872184,0
168,116,1,-0.02427115219741522,0
168,116,2,-0.03265905328247005,0
168,116,3,0.1682756785436533,0
168,116,4,0.1125650829396452,0
168,116,5,0.1840820329492224,0
168,116,6,-0.5183623718355441,0
168,116,7,-0.3467738595034218,0
168,116,8,-0.6179924827421983,0
168,116,9,0.5478733022091261,0
168,116,10,0.3664938043575152,0
168,116,11,0.9595810529238148,0
168,116,12,-0.0006946032684730549,0
168,116,13,-0.0004990615327849461,0
168,116,14,-0.4937809636650999,0
168,116,15,-0.0001676044378371254,0
168,116,16,-0.0001319357212116495,0
168,116,17,0.0004121580182139139,0
168,116,18,-4.258676006009116e-05,0
168,116,19,-3.48907257187457e-05,0
168,116,20,9.271660796039357e-05,0
168,116,21,-1.111393478778261e-05,0
168,116,22,-9.79444731088699e-06,0
168,116,23,2.11422377540013e-05,0
168,116,24,-2.732174267524539e-06,0
168,116,25,-2.853228155867902e-06,0
168,116,26,4.511482951809699e-06,0
168,116,27,-6.234393495657872e-07,0
168,116,28,7.529958069496341e-07,0
168,116,29,-0.03590032284118602,0
168,116,30,-0.04829422249986701,0
168,116,31,-0.06497606750648537,0
168,116,32,-0.2053578103186015,0
168,116,33,-0.0005530323738290294,0
168,116,34,0.03156343834543404,0
168,116,35,0.989097152460084,0
168,116,36,0.2023181059204587,0
168,116,37,0.4570107897040676,0
168,116,38,-1,0
168,116,39,0.0442857163251511,0
168,116,40,-0.8306070654448868,0
168,116,41,0.0006484267133753292,0
168,116,42,-0.3665784799492314,0
168,116,43,0.4068305219081514,0
168,116,44,0.0001209149940488355,0
168,116,45,0.0003903387159743333,0
168,116,46,-3.403083425662893e-05,0
168,116,47,2.211446621151934e-05,0
168,116,48,8.316456605200851e-05,0
168,116,49,6.923472158191428e-06,0
168,116,50,3.945367033893657e-06,0
168,116,51,1.766750018318237e-05,0
168,116,52,4.049026709526525e-06,0
168,116,53,6.91997120676587e-07,0
168,116,54,3.35997853240341e-06,0
168,116,55,6.657089695993629e-07,0
168,116,56,2.318365084177649e-07,0
168,116,57,-6.001756185221443e-07,0
168,116,58,0.5242970694334144,0
168,116,59,0.3024396426782669,0
168,116,60,0.4068916399348808,0
168,116,61,-0.4336926867394038,0
168,116,62,-0.2666641177722593,0
168,116,63,-0.8306262040537515,0
168,116,64,-0.4335540940757183,0
168,116,65,0.04966225522514762,0
168,116,66,0.4571392306957591,0
168,116,67,0.5241320206164751,0
168,116,68,-0.2667549591704478,0
168,116,69,0.0313213808888258,0
168,116,70,0.0002491231728437991,0
168,116,71,0.3025755524818626,0
168,116,72,-0.06463369581849289,0
168,116,73,8.078494384437235e-05,0
168,116,74,3.766021735557431e-05,0
168,116,75,-0.0001576466890914045,0
168,116,76,2.392334776380714e-05,0
168,116,77,2.357231238147674e-05,0
168,116,78,-3.557420087880336e-05,0
168,116,79,6.791097933733821e-06,0
168,116,80,8.191224452794745e-06,0
168,116,81,-8.723943559206106e-06,0
168,116,82,1.779682682966914e-06,0
168,116,83,1.852674407970207e-06,0
168,116,84,-3.002308446071797e-06,0
168,116,85,-3.846299786077248e-07,0
168,116,86,-1.850112862684441e-06,0
168,116,87,-0.9999175762325764,0
168,116,88,-0.3664672592400338,0
168,116,89,-0.4930275776250769,0
168,116,90,0.9890695415948079,0
168,116,91,0.04425552981419241,0
168,116,92,0.9594695359432384,0
168,116,93,-0.2055971629264162,0
168,116,94,0.2022547152110844,0
168,116,95,-0.6180521032229219,0
168,116,96,-0.03556627471329017,0
168,116,97,-0.0005082784950119113,0
168,116,98,0.1843586350512916,0
168,116,99,-0.0002310681937610602,0
168,116,100,-0.04819668331661517,0
168,116,101,-0.03282965839447562,0
168,116,102,-2.95719083969639e-05,0
168,116,103,-0.0001349429614674545,0
168,116,104,2.339580724327031e-05,0
168,116,105,-5.657799018569282e-07,0
168,116,106,-2.510194999915093e-05,0
168,116,107,-5.385566694184969e-06,0
168,116,108,1.493604647547082e-06,0
168,116,109,-4.548651805499588e-06,0
168,116,110,-4.107695881044465e-06,0
168,116,111,6.805429361052761e-07,0
168,116,112,-1.272562133897371e-06,0
168,116,113,-2.148386377704345e-06,0
168,116,114,-1.031249658797786e-06,0
168,116,115,-1.407708402823751e-06,0
168,116,116,0.5477970856914615,0
168,116,117,-3.887996356380048e-06,0
168,116,118,-0.5182921528647737,0
168,116,119,0.3664528585945622,0
168,116,120,0.1684195673144914,0
168,116,121,-0.3467235317686929,0
168,116,122,-0.03643616062617468,0
168,116,123,0.1126623436183735,0
168,116,124,3.044803596419916e-05,0
168,116,125,-0.02437830728001488,0
168,116,126,-2.737183136064585e-06,0
168,116,127,1.741727110686299e-05,0
168,116,128,-1.610901622102916e-06,0
168,116,129,-3.567250998834734e-06,0
168,116,130,-3.005610497490334e-07,0
168,116,131,-2.246990353181499e-06,0
168,116,132,-2.196881324862778e-08,0
168,116,133,-9.633770083954079e-07,0
168,116,134,-5.564294950324067e-07,0
168,116,135,0.003267867352403993,0
168,116,136,-0.0151626691950618,0
168,116,137,0.04670049513740675,0
168,116,138,-0.04937262065208366,0
168,116,139,2.84786962339695e-05,0
168,116,140,7.937919604916214e-06,0
168,116,141,2.504268130767528e-06,0
168,116,142,8.770884360983474e-07,0
168,116,143,2.947915141949798e-07,0
168,116,144,0.006502420919454437,0
168,116,145,0.003339994140922476,0
168,116,146,-0.04241448332665136,0
168,116,147,0.04073344897952742,0
168,116,148,4.444535270935448e-06,0
168,116,149,3.631882314771029e-06,0
168,116,150,1.92301715002622e-06,0
168,116,151,9.070257050583863e-07,0
168,116,152,3.564473265510589e-07,0
168,116,153,-0.04073585786747696,0
168,116,154,0.04241585082423997,0
168,116,155,-0.003349895120286407,0
168,116,156,-0.006485085162023493,0
168,116,157,-5.75280380037737e-06,0
168,116,158,4.61934741939259e-08,0
168,116,159,7.781602636625018e-07,0
168,116,160,5.589605204768799e-07,0
168,116,161,2.604746814056215e-07,0
168,116,162,0.04935566631413317,0
168,116,163,-0.04669768655810918,0
168,116,164,0.01517439139906514,0
168,116,165,-0.003282345005205186,0
168,116,166,2.062696423828942e-06,0
168,116,167,5.644282855919131e-07,0
168,116,168,4.027659281752965e-07,0
168,116,169,2.744656475799724e-07,0
168,116,170,1.334125923536756e-07,0
169,113,0,-0.3093629836140092,0
169,113,1,-0.206952567827625,0
169,113,2,-0.2784257080004751,0
169,113,3,0.4945713386458544,0
169,113,4,0.3308509956744453,0
169,113,5,0.7235415973566399,0
169,113,6,-0.2735275678994566,0
169,113,7,-0.1829805664680403,0
169,113,8,-0.6912892783897543,0
169,113,9,-0.04557339615117501,0
169,113,10,-0.03048860194606166,0
169,113,11,0.2051556371497741,0
169,113,12,-5.137546918484228e-05,0
169,113,13,-3.873552362512383e-05,0
169,113,14,0.0409598884690716,0
169,113,15,-2.733477432523344e-05,0
169,113,16,-2.128084008835967e-05,0
169,113,17,1.241985641027443e-05,0
169,113,18,-9.278768142458815e-06,0
169,113,19,-7.146604915398983e-06,0
169,113,20,1.329109143132498e-05,0
169,113,21,-2.719260652491606e-06,0
169,113,22,-2.060653920597147e-06,0
169,113,23,5.124387417761055e-06,0
169,113,24,-7.008143606083354e-07,0
169,113,25,-5.114422189948747e-07,0
169,113,26,1.669367825181575e-06,0
169,113,27,3.226745340639139e-09,0
169,113,28,6.371143393050269e-07,0
169,113,29,0.8224183694098783,0
169,113,30,0.3432170422544364,0
169,113,31,0.46175172206016,0
169,113,32,-1,0
169,113,33,-0.1311600962731292,0
169,113,34,-0.9166338766220459,0
169,113,35,0.2373057933097171,0
169,113,36,-0.3550816580214768,0
169,113,37,0.4222872895954492,0
169,113,38,0.3965435725210264,0
169,113,39,0.4177644639323672,0
169,113,40,0.3484707508106557,0
169,113,41,-0.0002346599098034113,0
169,113,42,0.03028308938693126,0
169,113,43,-0.3161459320590995,0
169,113,44,-2.793172640407767e-05,0
169,113,45,-1.129646283960602e-05,0
169,113,46,0.0001925545873640782,0
169,113,47,-1.864558577908178e-06,0
169,113,48,8.54410115831797e-06,0
169,113,49,3.692412957345533e-05,0
169,113,50,4.091478940842541e-07,0
169,113,51,4.157846879082201e-06,0
169,113,52,7.599931099914356e-06,0
169,113,53,2.328975240313793e-07,0
169,113,54,1.452718302250648e-06,0
169,113,55,1.742094767898135e-06,0
169,113,56,5.140147223440343e-07,0
169,113,57,5.584801716581433e-07,0
169,113,58,-0.8640371161274939,0
169,113,59,-0.2347927861494779,0
169,113,60,-0.315881271101135,0
169,113,61,0.5417136886787014,0
169,113,62,-0.318940755250586,0
169,113,63,0.3485428056697096,0
169,113,64,0.5416341846163089,0
169,113,65,0.6762192563398179,0
169,113,66,0.4222186585880637,0
169,113,67,-0.8640835852658709,0
169,113,68,-0.3190204469838462,0
169,113,69,-0.9166654124319643,0
169,113,70,0.0005545550188601381,0
169,113,71,-0.2346007763550596,0
169,113,72,0.4620646129050395,0
169,113,73,0.000112232854758886,0
169,113,74,0.0002264080678054909,0
169,113,75,-0.0001714810832499479,0
169,113,76,2.445588090805952e-05,0
169,113,77,4.584857182501134e-05,0
169,113,78,-3.40519995556199e-05,0
169,113,79,5.644728913219363e-06,0
169,113,80,9.967195986190397e-06,0
169,113,81,-7.305701661776347e-06,0
169,113,82,1.283362594507636e-06,0
169,113,83,2.30811173287782e-06,0
169,113,84,-1.640563529487286e-06,0
169,113,85,4.772853896887105e-07,0
169,113,86,-4.15231811547248e-07,0
169,113,87,0.3965999620766696,0
169,113,88,0.03051851419144702,0
169,113,89,0.04105805819981567,0
169,113,90,0.2371661492692917,0
169,113,91,0.4177255019862366,0
169,113,92,0.2050517912709255,0
169,113,93,-0.9999593597953872,0
169,113,94,-0.3551048185883871,0
169,113,95,-0.6911946996236017,0
169,113,96,0.8225251635158922,0
169,113,97,-0.1311113058259964,0
169,113,98,0.7235704591547613,0
169,113,99,-0.0001432776729809885,0
169,113,100,0.3433536866657249,0
169,113,101,-0.2783399180170444,0
169,113,102,-1.324476379905075e-05,0
169,113,103,-0.0001349153228675328,0
169,113,104,-5.731384610094893e-05,0
169,113,105,1.091395586134352e-08,0
169,113,106,-2.479155254661473e-05,0
169,113,107,-2.202927355904071e-05,0
169,113,108,4.634025327727229e-07,0
169,113,109,-4.982941702550576e-06,0
169,113,110,-6.823340377648418e-06,0
169,113,111,1.603819076988808e-07,0
169,113,112,-1.088897594455395e-06,0
169,113,113,-1.936122761772577e-06,0
169,113,114,-3.135184235154325e-07,0
169,113,115,-6.099554829815697e-07,0
169,113,116,-0.04561837515130766,0
169,113,117,5.769920925465581e-07,0
169,113,118,-0.2734514409671165,0
169,113,119,-0.03051634803704543,0
169,113,120,0.494546627370036,0
169,113,121,-0.1829281247357369,0
169,113,122,-0.3094120606337214,0
169,113,123,0.3308368659104838,0
169,113,124,-0.0001254903664951463,0
169,113,125,-0.2069796347681067,0
169,113,126,-4.391166091711358e-05,0
169,113,127,-7.635700245584461e-05,0
169,113,128,-1.345883267927733e-05,0
169,113,129,-2.677776060698585e-05,0
169,113,130,-3.884571796192447e-06,0
169,113,131,-8.138068212669209e-06,0
169,113,132,-1.018051026682427e-06,0
169,113,133,-2.295989796948776e-06,0
169,113,134,-5.493634802079965e-07,0
169,113,135,0.027867659041164,0
169,113,136,-0.04455173491886001,0
169,113,137,0.02463889248306381,0
169,113,138,0.004103480282482396,0
169,113,139,2.194267929573535e-06,0
169,113,140,1.175667119646042e-06,0
169,113,141,4.049489288201521e-07,0
169,113,142,1.155986739739399e-07,0
169,113,143,2.718523910016929e-08,0
169,113,144,-0.04621657223804817,0
169,113,145,0.0455293548494764,0
169,113,146,0.003262120269813964,0
169,113,147,-0.03161908600997002,0
169,113,148,1.081706549789918e-05,0
169,113,149,2.149505560778362e-06,0
169,113,150,4.19630398054946e-07,0
169,113,151,6.833614873223528e-08,0
169,113,152,4.751435300971514e-09,0
169,113,153,0.03161689948059408,0
169,113,154,-0.003268254543195725,0
169,113,155,-0.04552706128670818,0
169,113,156,0.04622515574248728,0
169,113,157,-1.062219394155417e-05,0
169,113,158,-2.498257741778271e-06,0
169,113,159,-6.828016435515684e-07,0
169,113,160,-2.12063119402233e-07,0
169,113,161,-6.53522031584428e-08,0
169,113,162,-0.0041092136029773,0
169,113,163,-0.0246323773521914,0
169,113,164,0.04455033349894711,0
169,113,165,-0.027869402970575,0
169,113,166,-5.31056788266309e-06,0
169,113,167,-2.034780826181013e-06,0
169,113,168,-6.955715096231171e-07,0
169,113,169,-2.298435889941171e-07,0
169,113,170,-6.950398999994612e-08,0
170,112,0,-0.03409961100740143,0
170,112,1,-0.02281469431397732,0
170,112,2,-0.03069805202789925,0
170,112,3,0.1944253946111766,0
170,112,4,0.130060049420833,0
170,112,5,0.2056631980567975,0
170,112,6,-0.3223771158877253,0
170,112,7,-0.2156636184918395,0
170,112,8,-0.4651337707638727,0
170,112,9,0.2598933729345855,0
170,112,10,0.1738522924461238,0
170,112,11,0.5240267844281969,0
170,112,12,-0.0002774613740910334,0
170,112,13,-0.0002005637705949908,0
170,112,14,-0.2341850441483817,0
170,112,15,-6.511410371650382e-05,0
170,112,16,-5.224432912230141e-05,0
170,112,17,0.0001640997897102265,0
170,112,18,-1.668796448674824e-05,0
170,112,19,-1.427807462495663e-05,0
170,112,20,3.407202275328862e-05,0
170,112,21,-4.490529215101084e-06,0
170,112,22,-4.300494538384256e-06,0
170,112,23,7.082186254481077e-06,0
170,112,24,-1.136239498942129e-06,0
170,112,25,-1.38851378845932e-06,0
170,112,26,1.18142672322012e-06,0
170,112,27,-4.092362111460491e-07,0
170,112,28,-9.492469288178914e-08,0
170,112,29,0.222347917854099,0
170,112,30,0.1259230552762117,0
170,112,31,0.1694099613871389,0
170,112,32,-0.657470891756431,0
170,112,33,-0.2869589135448271,0
170,112,34,-0.5861791377158254,0
170,112,35,0.8592958849390648,0
170,112,36,0.2291050038318776,0
170,112,37,0.899950708340636,0
170,112,38,-0.5753349717911326,0
170,112,39,0.004625631399945661,0
170,112,40,-0.7671449416702424,0
170,112,41,0.000316717942987859,0
170,112,42,-0.1738518914062427,0
170,112,43,0.2839100362434215,0
170,112,44,5.229768164892449e-05,0
170,112,45,0.0001575406090537468,0
170,112,46,-6.398902740032599e-05,0
170,112,47,7.714875520072029e-06,0
170,112,48,2.969398461634213e-05,0
170,112,49,-6.487090496792082e-06,0
170,112,50,8.611785284681531e-07,0
170,112,51,5.241894247337112e-06,0
170,112,52,-3.230841788634287e-07,0
170,112,53,3.542542792065615e-08,0
170,112,54,5.421245593186833e-07,0
170,112,55,-4.202693410119915e-07,0
170,112,56,-3.219653557260553e-07,0
170,112,57,-7.256722831384142e-07,0
170,112,58,-0.5036358073513757,0
170,112,59,-0.2109934995326205,0
170,112,60,-0.2838623275939316,0
170,112,61,0.9999487723660879,0
170,112,62,0.2332266381726328,0
170,112,63,0.7670470496134837,0
170,112,64,-1,0
170,112,65,-3.681618432757422e-05,0
170,112,66,-0.9000027453435463,0
170,112,67,0.5037384595514212,0
170,112,68,-0.2332309784017352,0
170,112,69,0.5862207979985059,0
170,112,70,-5.107445015593194e-05,0
170,112,71,0.2109947151498183,0
170,112,72,-0.1694994657385396,0
170,112,73,-8.199685383892954e-07,0
170,112,74,-4.726192401354233e-05,0
170,112,75,-1.793975629077324e-05,0
170,112,76,1.862572641229311e-06,0
170,112,77,-3.370424114791387e-06,0
170,112,78,-3.19663594887466e-06,0
170,112,79,8.729973373436737e-07,0
170,112,80,3.707029189212916e-07,0
170,112,81,-8.280995394517545e-07,0
170,112,82,2.927099559122071e-07,0
170,112,83,-1.235443267049278e-07,0
170,112,84,-7.78078927927034e-07,0
170,112,85,-5.472770052298333e-07,0
170,112,86,-8.951075977550093e-07,0
170,112,87,0.575237943020782,0
170,112,88,0.1738222535176368,0
170,112,89,0.2338566765814258,0
170,112,90,-0.8592438882883126,0
170,112,91,-0.004660535481996067,0
170,112,92,-0.5239812906260995,0
170,112,93,0.6575140233907349,0
170,112,94,-0.2291110804448238,0
170,112,95,0.465085488044035,0
170,112,96,-0.2224018795674316,0
170,112,97,0.2869574166287354,0
170,112,98,-0.2056970123316897,0
170,112,99,-9.804343437213246e-05,0
170,112,100,-0.1260538365501204,0
170,112,101,0.03057689780801394,0
170,112,102,-1.38469974102877e-05,0
170,112,103,-2.204190579872398e-05,0
170,112,104,5.889797623760799e-05,0
170,112,105,-3.286505725929438e-07,0
170,112,106,-1.756162826567717e-06,0
170,112,107,1.166413593642336e-05,0
170,112,108,7.721809654714854e-07,0
170,112,109,4.367181999455545e-07,0
170,112,110,1.974583017705343e-06,0
170,112,111,3.68981068319214e-07,0
170,112,112,-1.329333042776878e-08,0
170,112,113,-6.740142704455263e-08,0
170,112,114,-4.34975370368576e-07,0
170,112,115,-4.934982418433133e-07,0
170,112,116,-0.2598495111958101,0
170,112,117,-3.003010003069688e-06,0
170,112,118,0.3223423315995884,0
170,112,119,-0.1738333970099128,0
170,112,120,-0.1944306921400631,0
170,112,121,0.2156318594131101,0
170,112,122,0.034107022502038,0
170,112,123,-0.1300720592967878,0
170,112,124,0.0001114930181381403,0
170,112,125,0.0228095745558514,0
170,112,126,2.873135926536194e-05,0
170,112,127,6.72652113013665e-05,0
170,112,128,8.329110502482486e-06,0
170,112,129,1.623938596360685e-05,0
170,112,130,2.553893873998304e-06,0
170,112,131,4.180567595301061e-06,0
170,112,132,7.173068775573722e-07,0
170,112,133,9.860571576568045e-07,0
170,112,134,2.646442154249576e-08,0
170,112,135,0.003071250230855368,0
170,112,136,-0.01751322241833491,0
170,112,137,0.02903643044776844,0
170,112,138,-0.02341333693588319,0
170,112,139,1.171813333127371e-05,0
170,112,140,3.350112001210291e-06,0
170,112,141,1.156482267101852e-06,0
170,112,142,4.538438636491227e-07,0
170,112,143,1.664877976758377e-07,0
170,112,144,-0.01695655679436857,0
170,112,145,0.04170768205056026,0
170,112,146,-0.04836326088309979,0
170,112,147,0.02841248106318067,0
170,112,148,2.890277826939172e-07,0
170,112,149,1.695911367448186e-06,0
170,112,150,1.104200983848231e-06,0
170,112,151,5.708946582951428e-07,0
170,112,152,2.349281574612058e-07,0
170,112,153,0.02840792312708589,0
170,112,154,-0.0483614678476491,0
170,112,155,0.04171082234398236,0
170,112,156,-0.0169611557241206,0
170,112,157,2.094819195803735e-06,0
170,112,158,1.658069577283513e-06,0
170,112,159,1.003337346354853e-06,0
170,112,160,5.274917950589098e-07,0
170,112,161,2.212864356953696e-07,0
170,112,162,-0.02340585732164458,0
170,112,163,0.02903419434035369,0
170,112,164,-0.0175138809753829,0
170,112,165,0.00307057937447191,0
170,112,166,5.217701392643078e-06,0
170,112,167,1.795291973894742e-06,0
170,112,168,7.565413645820371e-07,0
170,112,169,3.461210198591708e-07,0
170,112,170,1.386212728453962e-07,0
171,93,0,-0.4640920249015129,0
171,93,1,-0.1593077491169755,0
171,93,2,-0.002937998157594733,0
171,93,3,-0.823455977487221,0
171,93,4,-0.4394891553144961,0
171,93,5,-0.001567580879138126,0
171,93,6,-0.9987940182626979,0
171,93,7,-0.6214419201878153,0
171,93,8,-0.0007385020612965314,0
171,93,9,-0.951472401819729,0
171,93,10,-0.6648571508460435,0
171,93,11,-0.0001702693706702264,0
171,93,12,-0.6922753212596076,0
171,93,13,-0.5601703688893999,0
171,93,14,0.0003121618151442526,0
171,93,15,-0.4258498775619239,0
171,93,16,-0.3681286418421695,0
171,93,17,-0.003002349511359659,0
171,93,18,-0.2557505844636113,0
171,93,19,-0.2242153154117446,0
171,93,20,-0.001296819726599949,0
171,93,21,-0.1438041125950373,0
171,93,22,-0.1313682097810956,0
171,93,23,-0.0005745569016982051,0
171,93,24,-0.0645993391144391,0
171,93,25,-0.06849124796892879,0
171,93,26,-0.000219127623000182,0
171,93,27,-0.0211951668006027,0
171,93,28,2.954730202140249e-05,0
171,93,29,-0.4631985632899773,0
171,93,30,-0.1606323860034466,0
171,93,31,-0.004318948368537186,0
171,93,32,-0.8228243774365751,0
171,93,33,-0.4398951925405745,0
171,93,34,-0.0024546698562667,0
171,93,35,-0.9989825292465325,0
171,93,36,-0.6217438386368341,0
171,93,37,-0.001201204414169326,0
171,93,38,-0.9527141730087647,0
171,93,39,-0.6654843622967905,0
171,93,40,-0.0003702263749230907,0
171,93,41,-0.6947475167422656,0
171,93,42,-0.5614151841977141,0
171,93,43,6.174049383418363e-05,0
171,93,44,-0.4262869010400792,0
171,93,45,-0.3705370370194178,0
171,93,46,-0.003906612847374651,0
171,93,47,-0.255691375614953,0
171,93,48,-0.2250511572357392,0
171,93,49,-0.001914169838772311,0
171,93,50,-0.143643155373927,0
171,93,51,-0.1316291307724212,0
171,93,52,-0.0008951306701970121,0
171,93,53,-0.06446108990894174,0
171,93,54,-0.06852646700505134,0
171,93,55,-0.0003568734997050386,0
171,93,56,-0.02115222088161731,0
171,93,57,-2.690396256868274e-06,0
171,93,58,-0.4627591613302685,0
171,93,59,-0.1610029482725788,0
171,93,60,-0.004316478526563168,0
171,93,61,-0.8225766713838827,0
171,93,62,-0.4399980718007695,0
171,93,63,-0.002457592371097638,0
171,93,64,-0.9994060502846664,0
171,93,65,-0.6219826830344083,0
171,93,66,-0.001204944991044492,0
171,93,67,-0.9539092992381965,0
171,93,68,-0.6661180855033695,0
171,93,69,-0.000371984330379713,0
171,93,70,-0.6962059243429027,0
171,93,71,-0.5624240384508115,0
171,93,72,6.517848513605072e-05,0
171,93,73,-0.426975492101865,0
171,93,74,-0.3715909139544584,0
171,93,75,-0.003908804366428602,0
171,93,76,-0.2558977946420098,0
171,93,77,-0.2255805456310409,0
171,93,78,-0.001914012865884112,0
171,93,79,-0.1436467647847549,0
171,93,80,-0.1318201894408921,0
171,93,81,-0.0008944194270190443,0
171,93,82,-0.06441845955175943,0
171,93,83,-0.06856633597899842,0
171,93,84,-0.0003563544112920333,0
171,93,85,-0.0211510152541994,0
171,93,86,-2.781421845095738e-06,0
171,93,87,-0.4623208172626817,0
171,93,88,-0.1603311187733424,0
171,93,89,-0.002932204772798928,0
171,93,90,-0.8223278870341332,0
171,93,91,-0.4394339974174004,0
171,93,92,-0.00157413765660412,0
171,93,93,-0.9998259912127173,0
171,93,94,-0.6218745224763347,0
171,93,95,-0.0007464689454024931,0
171,93,96,-0.9551017053195147,0
171,93,97,-0.6666038408163821,0
171,93,98,-0.0001747741238711562,0
171,93,99,-0.6976650126199746,0
171,93,100,-0.5632479910828471,0
171,93,101,0.0003206857904387921,0
171,93,102,-0.4276640634525964,0
171,93,103,-0.3719779252513414,0
171,93,104,-0.003008052197206701,0
171,93,105,-0.2561034801394573,0
171,93,106,-0.2256534373809285,0
171,93,107,-0.001295614080914741,0
171,93,108,-0.1436500421779671,0
171,93,109,-0.1317736452272124,0
171,93,110,-0.0005727913813150206,0
171,93,111,-0.06437586956539118,0
171,93,112,-0.06850378090360193,0
171,93,113,-0.000217953669138059,0
171,93,114,-0.02112544676118303,0
171,93,115,2.924000325429836e-05,0
171,93,116,-0.4614353414884829,0
171,93,117,-0.1584016743557786,0
171,93,118,-0.8216929942491362,0
171,93,119,-0.4379910694894108,0
171,93,120,-1,0
171,93,121,-0.6212683268041759,0
171,93,122,-0.9563258859057062,0
171,93,123,-0.6669515800728767,0
171,93,124,-0.7001402592943647,0
171,93,125,-0.5645580657815457,0
171,93,126,-0.4280948910050431,0
171,93,127,-0.3715033526219512,0
171,93,128,-0.2560406728809629,0
171,93,129,-0.225073639167991,0
171,93,130,-0.143488296956796,0
171,93,131,-0.131372185107169,0
171,93,132,-0.06423850132354525,0
171,93,133,-0.06827465739724156,0
171,93,134,-0.02107854359616443,0
171,93,135,5.086496067654393e-06,0
171,93,136,1.264857757159897e-05,0
171,93,137,2.642624014681648e-05,0
171,93,138,5.355083354870432e-05,0
171,93,139,0.0001095928338883886,0
171,93,140,5.399151884805605e-05,0
171,93,141,2.685461803930109e-05,0
171,93,142,1.29431355223572e-05,0
171,93,143,5.231395897131484e-06,0
171,93,144,8.217352051770402e-06,0
171,93,145,2.03800387545418e-05,0
171,93,146,4.228412388321243e-05,0
171,93,147,8.41664350057236e-05,0
171,93,148,0.0001646185105695796,0
171,93,149,8.485875173541381e-05,0
171,93,150,4.296285089550878e-05,0
171,93,151,2.084837961300707e-05,0
171,93,152,8.44760202248034e-06,0
171,93,153,8.223921926659784e-06,0
171,93,154,2.039593284355418e-05,0
171,93,155,4.232162468148497e-05,0
171,93,156,8.425977645048288e-05,0
171,93,157,0.0001648582987385231,0
171,93,158,8.493951360698109e-05,0
171,93,159,4.298928346105411e-05,0
171,93,160,2.085709282835469e-05,0
171,93,161,8.450370010846373e-06,0
171,93,162,5.098684027586158e-06,0
171,93,163,1.26776450077628e-05,0
171,93,164,2.649551489486318e-05,0
171,93,165,5.373123654737398e-05,0
171,93,166,0.0001101117546213499,0
171,93,167,5.414439594444753e-05,0
171,93,168,2.690157103742686e-05,0
171,93,169,1.295823493560447e-05,0
171,93,170,5.23620777302655e-06,0
