section,index,value
nrows,0,36
ncols,0,135
nnz,0,2194
row_ptr,0,0
row_ptr,1,48
row_ptr,2,116
row_ptr,3,185
row_ptr,4,244
row_ptr,5,291
row_ptr,6,360
row_ptr,7,408
row_ptr,8,458
row_ptr,9,506
row_ptr,10,562
row_ptr,11,643
row_ptr,12,724
row_ptr,13,794
row_ptr,14,850
row_ptr,15,931
row_ptr,16,986
row_ptr,17,1042
row_ptr,18,1097
row_ptr,19,1151
row_ptr,20,1230
row_ptr,21,1312
row_ptr,22,1384
row_ptr,23,1442
row_ptr,24,1523
row_ptr,25,1576
row_ptr,26,1632
row_ptr,27,1688
row_ptr,28,1732
row_ptr,29,1797
row_ptr,30,1867
row_ptr,31,1930
row_ptr,32,1981
row_ptr,33,2050
row_ptr,34,2095
row_ptr,35,2144
row_ptr,36,2194
col_idx,0,0
col_idx,1,1
col_idx,2,2
col_idx,3,3
col_idx,4,4
col_idx,5,5
col_idx,6,6
col_idx,7,7
col_idx,8,8
col_idx,9,9
col_idx,10,10
col_idx,11,11
col_idx,12,17
col_idx,13,29
col_idx,14,30
col_idx,15,31
col_idx,16,32
col_idx,17,33
col_idx,18,34
col_idx,19,35
col_idx,20,36
col_idx,21,37
col_idx,22,38
col_idx,23,39
col_idx,24,40
col_idx,25,44
col_idx,26,45
col_idx,27,58
col_idx,28,59
col_idx,29,60
col_idx,30,61
col_idx,31,62
col_idx,32,63
col_idx,33,64
col_idx,34,65
col_idx,35,66
col_idx,36,67
col_idx,37,68
col_idx,38,69
col_idx,39,87
col_idx,40,88
col_idx,41,89
col_idx,42,90
col_idx,43,91
col_idx,44,92
col_idx,45,93
col_idx,46,94
col_idx,47,95
col_idx,48,0
col_idx,49,1
col_idx,50,2
col_idx,51,3
col_idx,52,4
col_idx,53,5
col_idx,54,6
col_idx,55,7
col_idx,56,8
col_idx,57,9
col_idx,58,10
col_idx,59,11
col_idx,60,12
col_idx,61,13
col_idx,62,14
col_idx,63,15
col_idx,64,16
col_idx,65,17
col_idx,66,29
col_idx,67,30
col_idx,68,31
col_idx,69,32
col_idx,70,33
col_idx,71,34
col_idx,72,35
col_idx,73,36
col_idx,74,37
col_idx,75,38
col_idx,76,39
col_idx,77,40
col_idx,78,41
col_idx,79,42
col_idx,80,43
col_idx,81,44
col_idx,82,45
col_idx,83,46
col_idx,84,58
col_idx,85,59
col_idx,86,60
col_idx,87,61
col_idx,88,62
col_idx,89,63
col_idx,90,64
col_idx,91,65
col_idx,92,66
col_idx,93,67
col_idx,94,68
col_idx,95,69
col_idx,96,70
col_idx,97,71
col_idx,98,72
col_idx,99,73
col_idx,100,74
col_idx,101,75
col_idx,102,87
col_idx,103,88
col_idx,104,90
col_idx,105,91
col_idx,106,92
col_idx,107,93
col_idx,108,94
col_idx,109,95
col_idx,110,96
col_idx,111,97
col_idx,112,98
col_idx,113,102
col_idx,114,103
col_idx,115,127
col_idx,116,0
col_idx,117,1
col_idx,118,2
col_idx,119,3
col_idx,120,4
col_idx,121,5
col_idx,122,6
col_idx,123,7
col_idx,124,8
col_idx,125,9
col_idx,126,10
col_idx,127,11
col_idx,128,12
col_idx,129,13
col_idx,130,14
col_idx,131,15
col_idx,132,16
col_idx,133,17
col_idx,134,29
col_idx,135,30
col_idx,136,31
col_idx,137,32
col_idx,138,33
col_idx,139,34
col_idx,140,35
col_idx,141,36
col_idx,142,37
col_idx,143,38
col_idx,144,39
col_idx,145,40
col_idx,146,41
col_idx,147,42
col_idx,148,43
col_idx,149,44
col_idx,150,45
col_idx,151,46
col_idx,152,58
col_idx,153,59
col_idx,154,61
col_idx,155,62
col_idx,156,63
col_idx,157,64
col_idx,158,65
col_idx,159,66
col_idx,160,67
col_idx,161,68
col_idx,162,69
col_idx,163,70
col_idx,164,71
col_idx,165,72
col_idx,166,73
col_idx,167,74
col_idx,168,75
col_idx,169,90
col_idx,170,91
col_idx,171,93
col_idx,172,94
col_idx,173,95
col_idx,174,96
col_idx,175,97
col_idx,176,98
col_idx,177,99
col_idx,178,100
col_idx,179,101
col_idx,180,102
col_idx,181,103
col_idx,182,104
col_idx,183,126
col_idx,184,127
col_idx,185,0
col_idx,186,3
col_idx,187,4
col_idx,188,5
col_idx,189,6
col_idx,190,7
col_idx,191,8
col_idx,192,9
col_idx,193,10
col_idx,194,11
col_idx,195,12
col_idx,196,13
col_idx,197,14
col_idx,198,15
col_idx,199,16
col_idx,200,17
col_idx,201,29
col_idx,202,32
col_idx,203,33
col_idx,204,34
col_idx,205,35
col_idx,206,36
col_idx,207,37
col_idx,208,38
col_idx,209,39
col_idx,210,40
col_idx,211,41
col_idx,212,42
col_idx,213,43
col_idx,214,44
col_idx,215,45
col_idx,216,46
col_idx,217,61
col_idx,218,62
col_idx,219,64
col_idx,220,65
col_idx,221,66
col_idx,222,67
col_idx,223,68
col_idx,224,69
col_idx,225,70
col_idx,226,71
col_idx,227,72
col_idx,228,73
col_idx,229,74
col_idx,230,75
col_idx,231,93
col_idx,232,94
col_idx,233,96
col_idx,234,97
col_idx,235,98
col_idx,236,99
col_idx,237,100
col_idx,238,101
col_idx,239,102
col_idx,240,103
col_idx,241,104
col_idx,242,126
col_idx,243,127
col_idx,244,3
col_idx,245,6
col_idx,246,7
col_idx,247,8
col_idx,248,9
col_idx,249,10
col_idx,250,11
col_idx,251,12
col_idx,252,13
col_idx,253,14
col_idx,254,15
col_idx,255,16
col_idx,256,17
col_idx,257,32
col_idx,258,35
col_idx,259,36
col_idx,260,37
col_idx,261,38
col_idx,262,39
col_idx,263,40
col_idx,264,41
col_idx,265,42
col_idx,266,43
col_idx,267,44
col_idx,268,45
col_idx,269,46
col_idx,270,64
col_idx,271,65
col_idx,272,67
col_idx,273,68
col_idx,274,69
col_idx,275,70
col_idx,276,71
col_idx,277,72
col_idx,278,73
col_idx,279,74
col_idx,280,75
col_idx,281,96
col_idx,282,97
col_idx,283,99
col_idx,284,100
col_idx,285,101
col_idx,286,102
col_idx,287,103
col_idx,288,104
col_idx,289,126
col_idx,290,127
col_idx,291,6
col_idx,292,9
col_idx,293,10
col_idx,294,11
col_idx,295,12
col_idx,296,13
col_idx,297,14
col_idx,298,15
col_idx,299,16
col_idx,300,17
col_idx,301,18
col_idx,302,19
col_idx,303,20
col_idx,304,21
col_idx,305,22
col_idx,306,23
col_idx,307,24
col_idx,308,25
col_idx,309,26
col_idx,310,35
col_idx,311,38
col_idx,312,39
col_idx,313,40
col_idx,314,41
col_idx,315,42
col_idx,316,43
col_idx,317,44
col_idx,318,45
col_idx,319,46
col_idx,320,47
col_idx,321,48
col_idx,322,49
col_idx,323,50
col_idx,324,51
col_idx,325,52
col_idx,326,53
col_idx,327,54
col_idx,328,55
col_idx,329,67
col_idx,330,68
col_idx,331,70
col_idx,332,71
col_idx,333,72
col_idx,334,73
col_idx,335,74
col_idx,336,75
col_idx,337,76
col_idx,338,77
col_idx,339,78
col_idx,340,79
col_idx,341,80
col_idx,342,81
col_idx,343,82
col_idx,344,83
col_idx,345,84
col_idx,346,99
col_idx,347,100
col_idx,348,102
col_idx,349,103
col_idx,350,104
col_idx,351,105
col_idx,352,106
col_idx,353,107
col_idx,354,108
col_idx,355,109
col_idx,356,110
col_idx,357,126
col_idx,358,127
col_idx,359,129
col_idx,360,15
col_idx,361,18
col_idx,362,19
col_idx,363,20
col_idx,364,21
col_idx,365,22
col_idx,366,23
col_idx,367,24
col_idx,368,25
col_idx,369,26
col_idx,370,27
col_idx,371,28
col_idx,372,44
col_idx,373,47
col_idx,374,48
col_idx,375,49
col_idx,376,50
col_idx,377,51
col_idx,378,52
col_idx,379,53
col_idx,380,54
col_idx,381,55
col_idx,382,56
col_idx,383,57
col_idx,384,73
col_idx,385,76
col_idx,386,77
col_idx,387,78
col_idx,388,79
col_idx,389,80
col_idx,390,81
col_idx,391,82
col_idx,392,83
col_idx,393,84
col_idx,394,85
col_idx,395,86
col_idx,396,102
col_idx,397,105
col_idx,398,106
col_idx,399,107
col_idx,400,108
col_idx,401,109
col_idx,402,110
col_idx,403,111
col_idx,404,112
col_idx,405,113
col_idx,406,126
col_idx,407,129
col_idx,408,15
col_idx,409,18
col_idx,410,19
col_idx,411,20
col_idx,412,21
col_idx,413,22
col_idx,414,23
col_idx,415,24
col_idx,416,25
col_idx,417,26
col_idx,418,27
col_idx,419,28
col_idx,420,44
col_idx,421,47
col_idx,422,48
col_idx,423,49
col_idx,424,50
col_idx,425,51
col_idx,426,52
col_idx,427,53
col_idx,428,54
col_idx,429,55
col_idx,430,56
col_idx,431,57
col_idx,432,73
col_idx,433,76
col_idx,434,77
col_idx,435,78
col_idx,436,79
col_idx,437,80
col_idx,438,81
col_idx,439,82
col_idx,440,83
col_idx,441,84
col_idx,442,85
col_idx,443,86
col_idx,444,102
col_idx,445,105
col_idx,446,106
col_idx,447,107
col_idx,448,108
col_idx,449,109
col_idx,450,110
col_idx,451,111
col_idx,452,112
col_idx,453,113
col_idx,454,114
col_idx,455,115
col_idx,456,126
col_idx,457,129
col_idx,458,15
col_idx,459,18
col_idx,460,19
col_idx,461,20
col_idx,462,21
col_idx,463,22
col_idx,464,23
col_idx,465,24
col_idx,466,25
col_idx,467,26
col_idx,468,27
col_idx,469,28
col_idx,470,44
col_idx,471,47
col_idx,472,48
col_idx,473,49
col_idx,474,50
col_idx,475,51
col_idx,476,52
col_idx,477,53
col_idx,478,54
col_idx,479,55
col_idx,480,56
col_idx,481,57
col_idx,482,73
col_idx,483,76
col_idx,484,77
col_idx,485,78
col_idx,486,79
col_idx,487,80
col_idx,488,81
col_idx,489,82
col_idx,490,83
col_idx,491,84
col_idx,492,85
col_idx,493,86
col_idx,494,102
col_idx,495,106
col_idx,496,107
col_idx,497,108
col_idx,498,109
col_idx,499,111
col_idx,500,112
col_idx,501,113
col_idx,502,114
col_idx,503,115
col_idx,504,126
col_idx,505,129
col_idx,506,0
col_idx,507,1
col_idx,508,2
col_idx,509,3
col_idx,510,4
col_idx,511,5
col_idx,512,6
col_idx,513,7
col_idx,514,8
col_idx,515,10
col_idx,516,11
col_idx,517,29
col_idx,518,30
col_idx,519,31
col_idx,520,32
col_idx,521,33
col_idx,522,34
col_idx,523,35
col_idx,524,36
col_idx,525,37
col_idx,526,38
col_idx,527,39
col_idx,528,40
col_idx,529,46
col_idx,530,58
col_idx,531,59
col_idx,532,60
col_idx,533,61
col_idx,534,62
col_idx,535,63
col_idx,536,64
col_idx,537,65
col_idx,538,66
col_idx,539,67
col_idx,540,68
col_idx,541,69
col_idx,542,73
col_idx,543,74
col_idx,544,87
col_idx,545,88
col_idx,546,89
col_idx,547,90
col_idx,548,91
col_idx,549,92
col_idx,550,93
col_idx,551,94
col_idx,552,95
col_idx,553,96
col_idx,554,97
col_idx,555,98
col_idx,556,116
col_idx,557,117
col_idx,558,118
col_idx,559,119
col_idx,560,120
col_idx,561,121
col_idx,562,0
col_idx,563,1
col_idx,564,2
col_idx,565,3
col_idx,566,4
col_idx,567,5
col_idx,568,6
col_idx,569,7
col_idx,570,8
col_idx,571,9
col_idx,572,10
col_idx,573,11
col_idx,574,13
col_idx,575,14
col_idx,576,15
col_idx,577,16
col_idx,578,17
col_idx,579,29
col_idx,580,30
col_idx,581,31
col_idx,582,32
col_idx,583,33
col_idx,584,34
col_idx,585,35
col_idx,586,36
col_idx,587,37
col_idx,588,38
col_idx,589,39
col_idx,590,40
col_idx,591,41
col_idx,592,42
col_idx,593,43
col_idx,594,44
col_idx,595,45
col_idx,596,46
col_idx,597,58
col_idx,598,59
col_idx,599,60
col_idx,600,61
col_idx,601,62
col_idx,602,63
col_idx,603,64
col_idx,604,65
col_idx,605,66
col_idx,606,67
col_idx,607,68
col_idx,608,69
col_idx,609,70
col_idx,610,71
col_idx,611,72
col_idx,612,73
col_idx,613,74
col_idx,614,75
col_idx,615,87
col_idx,616,88
col_idx,617,89
col_idx,618,90
col_idx,619,91
col_idx,620,92
col_idx,621,93
col_idx,622,94
col_idx,623,95
col_idx,624,96
col_idx,625,97
col_idx,626,98
col_idx,627,99
col_idx,628,100
col_idx,629,101
col_idx,630,102
col_idx,631,103
col_idx,632,104
col_idx,633,116
col_idx,634,117
col_idx,635,118
col_idx,636,119
col_idx,637,120
col_idx,638,121
col_idx,639,122
col_idx,640,123
col_idx,641,126
col_idx,642,127
col_idx,643,0
col_idx,644,1
col_idx,645,2
col_idx,646,3
col_idx,647,4
col_idx,648,5
col_idx,649,6
col_idx,650,7
col_idx,651,8
col_idx,652,9
col_idx,653,10
col_idx,654,11
col_idx,655,12
col_idx,656,13
col_idx,657,14
col_idx,658,15
col_idx,659,16
col_idx,660,17
col_idx,661,29
col_idx,662,30
col_idx,663,31
col_idx,664,32
col_idx,665,33
col_idx,666,34
col_idx,667,35
col_idx,668,36
col_idx,669,37
col_idx,670,38
col_idx,671,39
col_idx,672,40
col_idx,673,41
col_idx,674,42
col_idx,675,43
col_idx,676,44
col_idx,677,45
col_idx,678,46
col_idx,679,58
col_idx,680,59
col_idx,681,60
col_idx,682,61
col_idx,683,62
col_idx,684,63
col_idx,685,64
col_idx,686,65
col_idx,687,66
col_idx,688,67
col_idx,689,68
col_idx,690,69
col_idx,691,70
col_idx,692,71
col_idx,693,72
col_idx,694,73
col_idx,695,74
col_idx,696,75
col_idx,697,87
col_idx,698,88
col_idx,699,90
col_idx,700,91
col_idx,701,92
col_idx,702,93
col_idx,703,94
col_idx,704,95
col_idx,705,96
col_idx,706,97
col_idx,707,98
col_idx,708,99
col_idx,709,100
col_idx,710,101
col_idx,711,102
col_idx,712,103
col_idx,713,104
col_idx,714,118
col_idx,715,119
col_idx,716,120
col_idx,717,121
col_idx,718,122
col_idx,719,123
col_idx,720,124
col_idx,721,125
col_idx,722,126
col_idx,723,127
col_idx,724,0
col_idx,725,3
col_idx,726,4
col_idx,727,5
col_idx,728,6
col_idx,729,7
col_idx,730,8
col_idx,731,9
col_idx,732,10
col_idx,733,11
col_idx,734,12
col_idx,735,13
col_idx,736,14
col_idx,737,15
col_idx,738,16
col_idx,739,17
col_idx,740,29
col_idx,741,32
col_idx,742,33
col_idx,743,34
col_idx,744,35
col_idx,745,36
col_idx,746,37
col_idx,747,38
col_idx,748,39
col_idx,749,40
col_idx,750,41
col_idx,751,42
col_idx,752,43
col_idx,753,44
col_idx,754,45
col_idx,755,46
col_idx,756,58
col_idx,757,61
col_idx,758,62
col_idx,759,63
col_idx,760,64
col_idx,761,65
col_idx,762,66
col_idx,763,67
col_idx,764,68
col_idx,765,69
col_idx,766,70
col_idx,767,71
col_idx,768,72
col_idx,769,73
col_idx,770,74
col_idx,771,75
col_idx,772,90
col_idx,773,91
col_idx,774,93
col_idx,775,94
col_idx,776,95
col_idx,777,96
col_idx,778,97
col_idx,779,98
col_idx,780,99
col_idx,781,100
col_idx,782,101
col_idx,783,102
col_idx,784,103
col_idx,785,104
col_idx,786,120
col_idx,787,121
col_idx,788,122
col_idx,789,123
col_idx,790,124
col_idx,791,125
col_idx,792,126
col_idx,793,127
col_idx,794,3
col_idx,795,6
col_idx,796,7
col_idx,797,8
col_idx,798,9
col_idx,799,10
col_idx,800,11
col_idx,801,12
col_idx,802,13
col_idx,803,14
col_idx,804,15
col_idx,805,16
col_idx,806,17
col_idx,807,32
col_idx,808,35
col_idx,809,36
col_idx,810,37
col_idx,811,38
col_idx,812,39
col_idx,813,40
col_idx,814,41
col_idx,815,42
col_idx,816,43
col_idx,817,44
col_idx,818,45
col_idx,819,46
col_idx,820,61
col_idx,821,64
col_idx,822,65
col_idx,823,66
col_idx,824,67
col_idx,825,68
col_idx,826,69
col_idx,827,70
col_idx,828,71
col_idx,829,72
col_idx,830,73
col_idx,831,74
col_idx,832,75
col_idx,833,93
col_idx,834,94
col_idx,835,96
col_idx,836,97
col_idx,837,98
col_idx,838,99
col_idx,839,100
col_idx,840,101
col_idx,841,102
col_idx,842,103
col_idx,843,104
col_idx,844,122
col_idx,845,123
col_idx,846,124
col_idx,847,125
col_idx,848,126
col_idx,849,127
col_idx,850,6
col_idx,851,9
col_idx,852,10
col_idx,853,11
col_idx,854,12
col_idx,855,13
col_idx,856,14
col_idx,857,15
col_idx,858,16
col_idx,859,17
col_idx,860,18
col_idx,861,19
col_idx,862,20
col_idx,863,21
col_idx,864,22
col_idx,865,23
col_idx,866,25
col_idx,867,26
col_idx,868,35
col_idx,869,38
col_idx,870,39
col_idx,871,40
col_idx,872,41
col_idx,873,42
col_idx,874,43
col_idx,875,44
col_idx,876,45
col_idx,877,46
col_idx,878,47
col_idx,879,48
col_idx,880,49
col_idx,881,50
col_idx,882,51
col_idx,883,52
col_idx,884,53
col_idx,885,54
col_idx,886,55
col_idx,887,64
col_idx,888,67
col_idx,889,68
col_idx,890,69
col_idx,891,70
col_idx,892,71
col_idx,893,72
col_idx,894,73
col_idx,895,74
col_idx,896,75
col_idx,897,76
col_idx,898,77
col_idx,899,78
col_idx,900,79
col_idx,901,80
col_idx,902,81
col_idx,903,82
col_idx,904,83
col_idx,905,84
col_idx,906,96
col_idx,907,97
col_idx,908,99
col_idx,909,100
col_idx,910,101
col_idx,911,102
col_idx,912,103
col_idx,913,104
col_idx,914,105
col_idx,915,106
col_idx,916,107
col_idx,917,108
col_idx,918,109
col_idx,919,110
col_idx,920,111
col_idx,921,112
col_idx,922,113
col_idx,923,124
col_idx,924,125
col_idx,925,126
col_idx,926,127
col_idx,927,128
col_idx,928,129
col_idx,929,130
col_idx,930,131
col_idx,931,15
col_idx,932,18
col_idx,933,19
col_idx,934,20
col_idx,935,21
col_idx,936,22
col_idx,937,23
col_idx,938,24
col_idx,939,25
col_idx,940,26
col_idx,941,27
col_idx,942,28
col_idx,943,44
col_idx,944,47
col_idx,945,48
col_idx,946,49
col_idx,947,50
col_idx,948,51
col_idx,949,52
col_idx,950,53
col_idx,951,54
col_idx,952,55
col_idx,953,56
col_idx,954,57
col_idx,955,73
col_idx,956,76
col_idx,957,77
col_idx,958,78
col_idx,959,79
col_idx,960,80
col_idx,961,81
col_idx,962,82
col_idx,963,83
col_idx,964,84
col_idx,965,85
col_idx,966,86
col_idx,967,102
col_idx,968,105
col_idx,969,106
col_idx,970,107
col_idx,971,108
col_idx,972,109
col_idx,973,110
col_idx,974,111
col_idx,975,112
col_idx,976,113
col_idx,977,114
col_idx,978,115
col_idx,979,126
col_idx,980,128
col_idx,981,129
col_idx,982,130
col_idx,983,131
col_idx,984,132
col_idx,985,133
col_idx,986,15
col_idx,987,18
col_idx,988,19
col_idx,989,20
col_idx,990,21
col_idx,991,22
col_idx,992,23
col_idx,993,24
col_idx,994,25
col_idx,995,26
col_idx,996,27
col_idx,997,28
col_idx,998,44
col_idx,999,47
col_idx,1000,48
col_idx,1001,49
col_idx,1002,50
col_idx,1003,51
col_idx,1004,52
col_idx,1005,53
col_idx,1006,54
col_idx,1007,55
col_idx,1008,56
col_idx,1009,57
col_idx,1010,73
col_idx,1011,76
col_idx,1012,77
col_idx,1013,78
col_idx,1014,79
col_idx,1015,80
col_idx,1016,81
col_idx,1017,82
col_idx,1018,83
col_idx,1019,84
col_idx,1020,85
col_idx,1021,86
col_idx,1022,102
col_idx,1023,105
col_idx,1024,106
col_idx,1025,107
col_idx,1026,108
col_idx,1027,109
col_idx,1028,110
col_idx,1029,111
col_idx,1030,112
col_idx,1031,113
col_idx,1032,114
col_idx,1033,115
col_idx,1034,126
col_idx,1035,128
col_idx,1036,129
col_idx,1037,130
col_idx,1038,131
col_idx,1039,132
col_idx,1040,133
col_idx,1041,134
col_idx,1042,15
col_idx,1043,18
col_idx,1044,19
col_idx,1045,20
col_idx,1046,21
col_idx,1047,22
col_idx,1048,23
col_idx,1049,24
col_idx,1050,25
col_idx,1051,26
col_idx,1052,27
col_idx,1053,28
col_idx,1054,44
col_idx,1055,47
col_idx,1056,48
col_idx,1057,49
col_idx,1058,50
col_idx,1059,51
col_idx,1060,52
col_idx,1061,53
col_idx,1062,54
col_idx,1063,55
col_idx,1064,56
col_idx,1065,57
col_idx,1066,73
col_idx,1067,76
col_idx,1068,77
col_idx,1069,78
col_idx,1070,79
col_idx,1071,80
col_idx,1072,81
col_idx,1073,82
col_idx,1074,83
col_idx,1075,84
col_idx,1076,85
col_idx,1077,86
col_idx,1078,102
col_idx,1079,105
col_idx,1080,106
col_idx,1081,107
col_idx,1082,108
col_idx,1083,109
col_idx,1084,110
col_idx,1085,111
col_idx,1086,112
col_idx,1087,113
col_idx,1088,114
col_idx,1089,115
col_idx,1090,126
col_idx,1091,129
col_idx,1092,130
col_idx,1093,131
col_idx,1094,132
col_idx,1095,133
col_idx,1096,134
col_idx,1097,0
col_idx,1098,1
col_idx,1099,2
col_idx,1100,3
col_idx,1101,4
col_idx,1102,5
col_idx,1103,7
col_idx,1104,8
col_idx,1105,29
col_idx,1106,30
col_idx,1107,31
col_idx,1108,32
col_idx,1109,33
col_idx,1110,34
col_idx,1111,35
col_idx,1112,36
col_idx,1113,37
col_idx,1114,39
col_idx,1115,40
col_idx,1116,58
col_idx,1117,59
col_idx,1118,60
col_idx,1119,61
col_idx,1120,62
col_idx,1121,63
col_idx,1122,64
col_idx,1123,65
col_idx,1124,66
col_idx,1125,67
col_idx,1126,68
col_idx,1127,69
col_idx,1128,75
col_idx,1129,87
col_idx,1130,88
col_idx,1131,89
col_idx,1132,90
col_idx,1133,91
col_idx,1134,92
col_idx,1135,93
col_idx,1136,94
col_idx,1137,95
col_idx,1138,96
col_idx,1139,97
col_idx,1140,98
col_idx,1141,102
col_idx,1142,103
col_idx,1143,116
col_idx,1144,117
col_idx,1145,118
col_idx,1146,119
col_idx,1147,120
col_idx,1148,121
col_idx,1149,122
col_idx,1150,123
col_idx,1151,0
col_idx,1152,1
col_idx,1153,2
col_idx,1154,3
col_idx,1155,4
col_idx,1156,5
col_idx,1157,6
col_idx,1158,7
col_idx,1159,8
col_idx,1160,10
col_idx,1161,11
col_idx,1162,15
col_idx,1163,16
col_idx,1164,17
col_idx,1165,29
col_idx,1166,30
col_idx,1167,31
col_idx,1168,32
col_idx,1169,33
col_idx,1170,34
col_idx,1171,35
col_idx,1172,36
col_idx,1173,37
col_idx,1174,38
col_idx,1175,39
col_idx,1176,40
col_idx,1177,42
col_idx,1178,43
col_idx,1179,44
col_idx,1180,45
col_idx,1181,46
col_idx,1182,58
col_idx,1183,59
col_idx,1184,60
col_idx,1185,61
col_idx,1186,62
col_idx,1187,63
col_idx,1188,64
col_idx,1189,65
col_idx,1190,66
col_idx,1191,67
col_idx,1192,68
col_idx,1193,69
col_idx,1194,70
col_idx,1195,71
col_idx,1196,72
col_idx,1197,73
col_idx,1198,74
col_idx,1199,75
col_idx,1200,87
col_idx,1201,88
col_idx,1202,89
col_idx,1203,90
col_idx,1204,91
col_idx,1205,92
col_idx,1206,93
col_idx,1207,94
col_idx,1208,95
col_idx,1209,96
col_idx,1210,97
col_idx,1211,98
col_idx,1212,99
col_idx,1213,100
col_idx,1214,101
col_idx,1215,102
col_idx,1216,103
col_idx,1217,104
col_idx,1218,116
col_idx,1219,117
col_idx,1220,118
col_idx,1221,119
col_idx,1222,120
col_idx,1223,121
col_idx,1224,122
col_idx,1225,123
col_idx,1226,124
col_idx,1227,125
col_idx,1228,126
col_idx,1229,127
col_idx,1230,0
col_idx,1231,2
col_idx,1232,3
col_idx,1233,4
col_idx,1234,5
col_idx,1235,6
col_idx,1236,7
col_idx,1237,8
col_idx,1238,9
col_idx,1239,10
col_idx,1240,11
col_idx,1241,13
col_idx,1242,14
col_idx,1243,15
col_idx,1244,16
col_idx,1245,17
col_idx,1246,29
col_idx,1247,30
col_idx,1248,31
col_idx,1249,32
col_idx,1250,33
col_idx,1251,34
col_idx,1252,35
col_idx,1253,36
col_idx,1254,37
col_idx,1255,38
col_idx,1256,39
col_idx,1257,40
col_idx,1258,41
col_idx,1259,42
col_idx,1260,43
col_idx,1261,44
col_idx,1262,45
col_idx,1263,46
col_idx,1264,58
col_idx,1265,59
col_idx,1266,60
col_idx,1267,61
col_idx,1268,62
col_idx,1269,63
col_idx,1270,64
col_idx,1271,65
col_idx,1272,66
col_idx,1273,67
col_idx,1274,68
col_idx,1275,69
col_idx,1276,70
col_idx,1277,71
col_idx,1278,72
col_idx,1279,73
col_idx,1280,74
col_idx,1281,75
col_idx,1282,87
col_idx,1283,88
col_idx,1284,89
col_idx,1285,90
col_idx,1286,91
col_idx,1287,92
col_idx,1288,93
col_idx,1289,94
col_idx,1290,95
col_idx,1291,96
col_idx,1292,97
col_idx,1293,98
col_idx,1294,99
col_idx,1295,100
col_idx,1296,101
col_idx,1297,102
col_idx,1298,103
col_idx,1299,104
col_idx,1300,116
col_idx,1301,117
col_idx,1302,118
col_idx,1303,119
col_idx,1304,120
col_idx,1305,121
col_idx,1306,122
col_idx,1307,123
col_idx,1308,124
col_idx,1309,125
col_idx,1310,126
col_idx,1311,127
col_idx,1312,3
col_idx,1313,5
col_idx,1314,6
col_idx,1315,7
col_idx,1316,8
col_idx,1317,9
col_idx,1318,10
col_idx,1319,11
col_idx,1320,12
col_idx,1321,13
col_idx,1322,14
col_idx,1323,15
col_idx,1324,16
col_idx,1325,17
col_idx,1326,29
col_idx,1327,32
col_idx,1328,33
col_idx,1329,34
col_idx,1330,35
col_idx,1331,36
col_idx,1332,37
col_idx,1333,38
col_idx,1334,39
col_idx,1335,40
col_idx,1336,41
col_idx,1337,42
col_idx,1338,43
col_idx,1339,44
col_idx,1340,45
col_idx,1341,46
col_idx,1342,58
col_idx,1343,61
col_idx,1344,62
col_idx,1345,63
col_idx,1346,64
col_idx,1347,65
col_idx,1348,66
col_idx,1349,67
col_idx,1350,68
col_idx,1351,69
col_idx,1352,70
col_idx,1353,71
col_idx,1354,72
col_idx,1355,73
col_idx,1356,74
col_idx,1357,75
col_idx,1358,87
col_idx,1359,90
col_idx,1360,91
col_idx,1361,92
col_idx,1362,93
col_idx,1363,94
col_idx,1364,95
col_idx,1365,96
col_idx,1366,97
col_idx,1367,98
col_idx,1368,99
col_idx,1369,100
col_idx,1370,101
col_idx,1371,102
col_idx,1372,103
col_idx,1373,104
col_idx,1374,118
col_idx,1375,119
col_idx,1376,120
col_idx,1377,121
col_idx,1378,122
col_idx,1379,123
col_idx,1380,124
col_idx,1381,125
col_idx,1382,126
col_idx,1383,127
col_idx,1384,6
col_idx,1385,8
col_idx,1386,9
col_idx,1387,10
col_idx,1388,11
col_idx,1389,12
col_idx,1390,13
col_idx,1391,14
col_idx,1392,15
col_idx,1393,16
col_idx,1394,17
col_idx,1395,32
col_idx,1396,35
col_idx,1397,36
col_idx,1398,37
col_idx,1399,38
col_idx,1400,39
col_idx,1401,40
col_idx,1402,41
col_idx,1403,42
col_idx,1404,43
col_idx,1405,44
col_idx,1406,45
col_idx,1407,46
col_idx,1408,61
col_idx,1409,64
col_idx,1410,65
col_idx,1411,66
col_idx,1412,67
col_idx,1413,68
col_idx,1414,69
col_idx,1415,70
col_idx,1416,71
col_idx,1417,72
col_idx,1418,73
col_idx,1419,74
col_idx,1420,75
col_idx,1421,90
col_idx,1422,93
col_idx,1423,94
col_idx,1424,95
col_idx,1425,96
col_idx,1426,97
col_idx,1427,98
col_idx,1428,99
col_idx,1429,100
col_idx,1430,101
col_idx,1431,102
col_idx,1432,103
col_idx,1433,104
col_idx,1434,120
col_idx,1435,121
col_idx,1436,122
col_idx,1437,123
col_idx,1438,124
col_idx,1439,125
col_idx,1440,126
col_idx,1441,127
col_idx,1442,9
col_idx,1443,11
col_idx,1444,12
col_idx,1445,13
col_idx,1446,14
col_idx,1447,15
col_idx,1448,16
col_idx,1449,17
col_idx,1450,18
col_idx,1451,19
col_idx,1452,20
col_idx,1453,22
col_idx,1454,23
col_idx,1455,35
col_idx,1456,38
col_idx,1457,39
col_idx,1458,40
col_idx,1459,41
col_idx,1460,42
col_idx,1461,43
col_idx,1462,44
col_idx,1463,45
col_idx,1464,46
col_idx,1465,47
col_idx,1466,48
col_idx,1467,49
col_idx,1468,50
col_idx,1469,51
col_idx,1470,52
col_idx,1471,54
col_idx,1472,55
col_idx,1473,64
col_idx,1474,67
col_idx,1475,68
col_idx,1476,69
col_idx,1477,70
col_idx,1478,71
col_idx,1479,72
col_idx,1480,73
col_idx,1481,74
col_idx,1482,75
col_idx,1483,76
col_idx,1484,77
col_idx,1485,78
col_idx,1486,79
col_idx,1487,80
col_idx,1488,81
col_idx,1489,82
col_idx,1490,83
col_idx,1491,84
col_idx,1492,93
col_idx,1493,96
col_idx,1494,97
col_idx,1495,98
col_idx,1496,99
col_idx,1497,100
col_idx,1498,101
col_idx,1499,102
col_idx,1500,103
col_idx,1501,104
col_idx,1502,105
col_idx,1503,106
col_idx,1504,107
col_idx,1505,108
col_idx,1506,109
col_idx,1507,110
col_idx,1508,111
col_idx,1509,112
col_idx,1510,113
col_idx,1511,122
col_idx,1512,123
col_idx,1513,124
col_idx,1514,125
col_idx,1515,126
col_idx,1516,127
col_idx,1517,128
col_idx,1518,129
col_idx,1519,130
col_idx,1520,131
col_idx,1521,132
col_idx,1522,133
col_idx,1523,15
col_idx,1524,18
col_idx,1525,19
col_idx,1526,20
col_idx,1527,21
col_idx,1528,22
col_idx,1529,23
col_idx,1530,25
col_idx,1531,26
col_idx,1532,44
col_idx,1533,47
col_idx,1534,48
col_idx,1535,49
col_idx,1536,50
col_idx,1537,51
col_idx,1538,52
col_idx,1539,53
col_idx,1540,54
col_idx,1541,55
col_idx,1542,56
col_idx,1543,57
col_idx,1544,73
col_idx,1545,76
col_idx,1546,77
col_idx,1547,78
col_idx,1548,79
col_idx,1549,80
col_idx,1550,81
col_idx,1551,82
col_idx,1552,83
col_idx,1553,84
col_idx,1554,85
col_idx,1555,86
col_idx,1556,102
col_idx,1557,105
col_idx,1558,106
col_idx,1559,107
col_idx,1560,108
col_idx,1561,109
col_idx,1562,110
col_idx,1563,111
col_idx,1564,112
col_idx,1565,113
col_idx,1566,114
col_idx,1567,115
col_idx,1568,126
col_idx,1569,128
col_idx,1570,129
col_idx,1571,130
col_idx,1572,131
col_idx,1573,132
col_idx,1574,133
col_idx,1575,134
col_idx,1576,15
col_idx,1577,18
col_idx,1578,19
col_idx,1579,20
col_idx,1580,21
col_idx,1581,22
col_idx,1582,23
col_idx,1583,24
col_idx,1584,25
col_idx,1585,26
col_idx,1586,27
col_idx,1587,28
col_idx,1588,44
col_idx,1589,47
col_idx,1590,48
col_idx,1591,49
col_idx,1592,50
col_idx,1593,51
col_idx,1594,52
col_idx,1595,53
col_idx,1596,54
col_idx,1597,55
col_idx,1598,56
col_idx,1599,57
col_idx,1600,73
col_idx,1601,76
col_idx,1602,77
col_idx,1603,78
col_idx,1604,79
col_idx,1605,80
col_idx,1606,81
col_idx,1607,82
col_idx,1608,83
col_idx,1609,84
col_idx,1610,85
col_idx,1611,86
col_idx,1612,102
col_idx,1613,105
col_idx,1614,106
col_idx,1615,107
col_idx,1616,108
col_idx,1617,109
col_idx,1618,110
col_idx,1619,111
col_idx,1620,112
col_idx,1621,113
col_idx,1622,114
col_idx,1623,115
col_idx,1624,126
col_idx,1625,128
col_idx,1626,129
col_idx,1627,130
col_idx,1628,131
col_idx,1629,132
col_idx,1630,133
col_idx,1631,134
col_idx,1632,15
col_idx,1633,18
col_idx,1634,19
col_idx,1635,20
col_idx,1636,21
col_idx,1637,22
col_idx,1638,23
col_idx,1639,24
col_idx,1640,25
col_idx,1641,26
col_idx,1642,27
col_idx,1643,28
col_idx,1644,44
col_idx,1645,47
col_idx,1646,48
col_idx,1647,49
col_idx,1648,50
col_idx,1649,51
col_idx,1650,52
col_idx,1651,53
col_idx,1652,54
col_idx,1653,55
col_idx,1654,56
col_idx,1655,57
col_idx,1656,73
col_idx,1657,76
col_idx,1658,77
col_idx,1659,78
col_idx,1660,79
col_idx,1661,80
col_idx,1662,81
col_idx,1663,82
col_idx,1664,83
col_idx,1665,84
col_idx,1666,85
col_idx,1667,86
col_idx,1668,102
col_idx,1669,105
col_idx,1670,106
col_idx,1671,107
col_idx,1672,108
col_idx,1673,109
col_idx,1674,110
col_idx,1675,111
col_idx,1676,112
col_idx,1677,113
col_idx,1678,114
col_idx,1679,115
col_idx,1680,126
col_idx,1681,128
col_idx,1682,129
col_idx,1683,130
col_idx,1684,131
col_idx,1685,132
col_idx,1686,133
col_idx,1687,134
col_idx,1688,2
col_idx,1689,5
col_idx,1690,29
col_idx,1691,30
col_idx,1692,31
col_idx,1693,32
col_idx,1694,33
col_idx,1695,34
col_idx,1696,36
col_idx,1697,37
col_idx,1698,58
col_idx,1699,59
col_idx,1700,60
col_idx,1701,61
col_idx,1702,62
col_idx,1703,63
col_idx,1704,64
col_idx,1705,65
col_idx,1706,66
col_idx,1707,68
col_idx,1708,69
col_idx,1709,87
col_idx,1710,88
col_idx,1711,89
col_idx,1712,90
col_idx,1713,91
col_idx,1714,92
col_idx,1715,93
col_idx,1716,94
col_idx,1717,95
col_idx,1718,96
col_idx,1719,97
col_idx,1720,98
col_idx,1721,104
col_idx,1722,116
col_idx,1723,117
col_idx,1724,118
col_idx,1725,119
col_idx,1726,120
col_idx,1727,121
col_idx,1728,122
col_idx,1729,123
col_idx,1730,126
col_idx,1731,127
col_idx,1732,2
col_idx,1733,5
col_idx,1734,8
col_idx,1735,17
col_idx,1736,29
col_idx,1737,30
col_idx,1738,31
col_idx,1739,32
col_idx,1740,33
col_idx,1741,34
col_idx,1742,35
col_idx,1743,36
col_idx,1744,37
col_idx,1745,39
col_idx,1746,40
col_idx,1747,44
col_idx,1748,45
col_idx,1749,46
col_idx,1750,58
col_idx,1751,59
col_idx,1752,60
col_idx,1753,61
col_idx,1754,62
col_idx,1755,63
col_idx,1756,64
col_idx,1757,65
col_idx,1758,66
col_idx,1759,67
col_idx,1760,68
col_idx,1761,69
col_idx,1762,71
col_idx,1763,72
col_idx,1764,73
col_idx,1765,74
col_idx,1766,75
col_idx,1767,87
col_idx,1768,88
col_idx,1769,89
col_idx,1770,90
col_idx,1771,91
col_idx,1772,92
col_idx,1773,93
col_idx,1774,94
col_idx,1775,95
col_idx,1776,96
col_idx,1777,97
col_idx,1778,98
col_idx,1779,99
col_idx,1780,100
col_idx,1781,101
col_idx,1782,102
col_idx,1783,103
col_idx,1784,104
col_idx,1785,116
col_idx,1786,117
col_idx,1787,118
col_idx,1788,119
col_idx,1789,120
col_idx,1790,121
col_idx,1791,122
col_idx,1792,123
col_idx,1793,124
col_idx,1794,125
col_idx,1795,126
col_idx,1796,127
col_idx,1797,5
col_idx,1798,8
col_idx,1799,11
col_idx,1800,15
col_idx,1801,16
col_idx,1802,17
col_idx,1803,29
col_idx,1804,31
col_idx,1805,32
col_idx,1806,33
col_idx,1807,34
col_idx,1808,35
col_idx,1809,36
col_idx,1810,37
col_idx,1811,38
col_idx,1812,39
col_idx,1813,40
col_idx,1814,42
col_idx,1815,43
col_idx,1816,44
col_idx,1817,45
col_idx,1818,46
col_idx,1819,58
col_idx,1820,59
col_idx,1821,60
col_idx,1822,61
col_idx,1823,62
col_idx,1824,63
col_idx,1825,64
col_idx,1826,65
col_idx,1827,66
col_idx,1828,67
col_idx,1829,68
col_idx,1830,69
col_idx,1831,70
col_idx,1832,71
col_idx,1833,72
col_idx,1834,73
col_idx,1835,74
col_idx,1836,75
col_idx,1837,87
col_idx,1838,88
col_idx,1839,89
col_idx,1840,90
col_idx,1841,91
col_idx,1842,92
col_idx,1843,93
col_idx,1844,94
col_idx,1845,95
col_idx,1846,96
col_idx,1847,97
col_idx,1848,98
col_idx,1849,99
col_idx,1850,100
col_idx,1851,101
col_idx,1852,102
col_idx,1853,103
col_idx,1854,104
col_idx,1855,116
col_idx,1856,117
col_idx,1857,118
col_idx,1858,119
col_idx,1859,120
col_idx,1860,121
col_idx,1861,122
col_idx,1862,123
col_idx,1863,124
col_idx,1864,125
col_idx,1865,126
col_idx,1866,127
col_idx,1867,8
col_idx,1868,11
col_idx,1869,14
col_idx,1870,15
col_idx,1871,16
col_idx,1872,17
col_idx,1873,32
col_idx,1874,34
col_idx,1875,35
col_idx,1876,36
col_idx,1877,37
col_idx,1878,38
col_idx,1879,39
col_idx,1880,40
col_idx,1881,41
col_idx,1882,42
col_idx,1883,43
col_idx,1884,44
col_idx,1885,45
col_idx,1886,46
col_idx,1887,58
col_idx,1888,61
col_idx,1889,62
col_idx,1890,63
col_idx,1891,64
col_idx,1892,65
col_idx,1893,66
col_idx,1894,67
col_idx,1895,68
col_idx,1896,69
col_idx,1897,70
col_idx,1898,71
col_idx,1899,72
col_idx,1900,73
col_idx,1901,74
col_idx,1902,75
col_idx,1903,87
col_idx,1904,90
col_idx,1905,91
col_idx,1906,92
col_idx,1907,93
col_idx,1908,94
col_idx,1909,95
col_idx,1910,96
col_idx,1911,97
col_idx,1912,98
col_idx,1913,99
col_idx,1914,100
col_idx,1915,101
col_idx,1916,102
col_idx,1917,103
col_idx,1918,104
col_idx,1919,116
col_idx,1920,118
col_idx,1921,119
col_idx,1922,120
col_idx,1923,121
col_idx,1924,122
col_idx,1925,123
col_idx,1926,124
col_idx,1927,125
col_idx,1928,126
col_idx,1929,127
col_idx,1930,11
col_idx,1931,14
col_idx,1932,15
col_idx,1933,16
col_idx,1934,17
col_idx,1935,35
col_idx,1936,37
col_idx,1937,38
col_idx,1938,39
col_idx,1939,40
col_idx,1940,41
col_idx,1941,42
col_idx,1942,43
col_idx,1943,44
col_idx,1944,45
col_idx,1945,46
col_idx,1946,61
col_idx,1947,64
col_idx,1948,65
col_idx,1949,66
col_idx,1950,67
col_idx,1951,68
col_idx,1952,69
col_idx,1953,70
col_idx,1954,71
col_idx,1955,72
col_idx,1956,73
col_idx,1957,74
col_idx,1958,75
col_idx,1959,90
col_idx,1960,93
col_idx,1961,94
col_idx,1962,95
col_idx,1963,96
col_idx,1964,97
col_idx,1965,98
col_idx,1966,99
col_idx,1967,100
col_idx,1968,101
col_idx,1969,102
col_idx,1970,103
col_idx,1971,104
col_idx,1972,118
col_idx,1973,120
col_idx,1974,121
col_idx,1975,122
col_idx,1976,123
col_idx,1977,124
col_idx,1978,125
col_idx,1979,126
col_idx,1980,127
col_idx,1981,14
col_idx,1982,15
col_idx,1983,16
col_idx,1984,17
col_idx,1985,19
col_idx,1986,20
col_idx,1987,38
col_idx,1988,40
col_idx,1989,41
col_idx,1990,42
col_idx,1991,43
col_idx,1992,44
col_idx,1993,45
col_idx,1994,46
col_idx,1995,47
col_idx,1996,48
col_idx,1997,49
col_idx,1998,51
col_idx,1999,52
col_idx,2000,64
col_idx,2001,67
col_idx,2002,68
col_idx,2003,69
col_idx,2004,70
col_idx,2005,71
col_idx,2006,72
col_idx,2007,73
col_idx,2008,74
col_idx,2009,75
col_idx,2010,76
col_idx,2011,77
col_idx,2012,78
col_idx,2013,79
col_idx,2014,80
col_idx,2015,81
col_idx,2016,83
col_idx,2017,84
col_idx,2018,93
col_idx,2019,96
col_idx,2020,97
col_idx,2021,98
col_idx,2022,99
col_idx,2023,100
col_idx,2024,101
col_idx,2025,102
col_idx,2026,103
col_idx,2027,104
col_idx,2028,105
col_idx,2029,106
col_idx,2030,107
col_idx,2031,108
col_idx,2032,109
col_idx,2033,110
col_idx,2034,111
col_idx,2035,112
col_idx,2036,113
col_idx,2037,120
col_idx,2038,122
col_idx,2039,123
col_idx,2040,124
col_idx,2041,125
col_idx,2042,126
col_idx,2043,127
col_idx,2044,128
col_idx,2045,129
col_idx,2046,130
col_idx,2047,131
col_idx,2048,132
col_idx,2049,133
col_idx,2050,15
col_idx,2051,19
col_idx,2052,20
col_idx,2053,23
col_idx,2054,44
col_idx,2055,47
col_idx,2056,48
col_idx,2057,49
col_idx,2058,50
col_idx,2059,51
col_idx,2060,52
col_idx,2061,54
col_idx,2062,55
col_idx,2063,73
col_idx,2064,76
col_idx,2065,77
col_idx,2066,78
col_idx,2067,79
col_idx,2068,80
col_idx,2069,81
col_idx,2070,82
col_idx,2071,83
col_idx,2072,84
col_idx,2073,85
col_idx,2074,86
col_idx,2075,102
col_idx,2076,105
col_idx,2077,106
col_idx,2078,107
col_idx,2079,108
col_idx,2080,109
col_idx,2081,110
col_idx,2082,111
col_idx,2083,112
col_idx,2084,113
col_idx,2085,114
col_idx,2086,115
col_idx,2087,126
col_idx,2088,128
col_idx,2089,129
col_idx,2090,130
col_idx,2091,131
col_idx,2092,132
col_idx,2093,133
col_idx,2094,134
col_idx,2095,15
col_idx,2096,19
col_idx,2097,20
col_idx,2098,23
col_idx,2099,26
col_idx,2100,44
col_idx,2101,47
col_idx,2102,48
col_idx,2103,49
col_idx,2104,50
col_idx,2105,51
col_idx,2106,52
col_idx,2107,53
col_idx,2108,54
col_idx,2109,55
col_idx,2110,56
col_idx,2111,57
col_idx,2112,73
col_idx,2113,76
col_idx,2114,77
col_idx,2115,78
col_idx,2116,79
col_idx,2117,80
col_idx,2118,81
col_idx,2119,82
col_idx,2120,83
col_idx,2121,84
col_idx,2122,85
col_idx,2123,86
col_idx,2124,102
col_idx,2125,105
col_idx,2126,106
col_idx,2127,107
col_idx,2128,108
col_idx,2129,109
col_idx,2130,110
col_idx,2131,111
col_idx,2132,112
col_idx,2133,113
col_idx,2134,114
col_idx,2135,115
col_idx,2136,126
col_idx,2137,128
col_idx,2138,129
col_idx,2139,130
col_idx,2140,131
col_idx,2141,132
col_idx,2142,133
col_idx,2143,134
col_idx,2144,15
col_idx,2145,19
col_idx,2146,20
col_idx,2147,23
col_idx,2148,26
col_idx,2149,28
col_idx,2150,44
col_idx,2151,47
col_idx,2152,48
col_idx,2153,49
col_idx,2154,50
col_idx,2155,51
col_idx,2156,52
col_idx,2157,53
col_idx,2158,54
col_idx,2159,55
col_idx,2160,56
col_idx,2161,57
col_idx,2162,73
col_idx,2163,76
col_idx,2164,77
col_idx,2165,78
col_idx,2166,79
col_idx,2167,80
col_idx,2168,81
col_idx,2169,82
col_idx,2170,83
col_idx,2171,84
col_idx,2172,85
col_idx,2173,86
col_idx,2174,102
col_idx,2175,105
col_idx,2176,106
col_idx,2177,107
col_idx,2178,108
col_idx,2179,109
col_idx,2180,110
col_idx,2181,111
col_idx,2182,112
col_idx,2183,113
col_idx,2184,114
col_idx,2185,115
col_idx,2186,126
col_idx,2187,128
col_idx,2188,129
col_idx,2189,130
col_idx,2190,131
col_idx,2191,132
col_idx,2192,133
col_idx,2193,134
values,0,0.04774440923964661
values,1,0.03369074688488632
values,2,0.04522857795125627
values,3,0.008128166683398908
values,4,0.002912121340149109
values,5,-0.04413929731959512
values,6,0.00102798918218093
values,7,-0.0005940714268508603
values,8,-0.001236337900116364
values,9,1.389119521936552e-06
values,10,-0.0001360016738134445
values,11,-9.881664007407658e-05
values,12,1.45852170767993e-10
values,13,-0.04603716943875306
values,14,-0.0005516577740256358
values,15,0.009178944332238054
values,16,0.002059638213778868
values,17,-0.03159647070040912
values,18,0.00336633821665841
values,19,0.000504650261317911
values,20,-0.001464041676327414
values,21,-0.0003027876398065242
values,22,2.239024931117577e-06
values,23,-9.069975005754714e-05
values,24,-9.490338658519843e-05
values,25,-1.418013343300074e-11
values,26,2.933936334517698e-11
values,27,-0.001780486745389866
values,28,-0.00131481540902744
values,29,0.001576556841691756
values,30,-0.000535014830438965
values,31,-0.00218037851372476
values,32,0.0009524377147868148
values,33,-9.998778267285666e-05
values,34,-0.000568205750864137
values,35,-5.979663253729898e-05
values,36,-5.697545165097804e-08
values,37,8.748343875722934e-06
values,38,-4.907818580341193e-06
values,39,-0.0002934816973494595
values,40,-0.0003028207269893492
values,41,5.308831781887588e-05
values,42,-0.0002153153643799326
values,43,-0.0003241860291564444
values,44,4.636275310392941e-05
values,45,-1.579956550333119e-05
values,46,1.043801378673666e-05
values,47,-1.458558778117546e-06
values,48,-0.001749817548487572
values,49,0.001924279233291634
values,50,0.001368178202303181
values,51,0.04794521144982916
values,52,0.03294874049199905
values,53,0.04381980204481763
values,54,0.008228116714047549
values,55,0.003064955580909753
values,56,-0.04405000739158125
values,57,0.001031638927536918
values,58,-0.0006266754796384899
values,59,-0.001257715098611649
values,60,1.389002858253891e-06
values,61,-0.0001360019952855515
values,62,-9.881645101698889e-05
values,63,-3.310300096848021e-06
values,64,2.504529812445857e-05
values,65,1.169678474292928e-05
values,66,-0.007493238195055049
values,67,0.001158341095128635
values,68,0.001188395794191434
values,69,-0.04599779568725805
values,70,-0.001650624571866374
values,71,0.00860939064732252
values,72,0.002065619985076489
values,73,-0.03172894924289342
values,74,0.003508308597694754
values,75,0.0005043662845513566
values,76,-0.00146734367000384
values,77,-0.0003110302680740788
values,78,2.238922273147906e-06
values,79,-9.069943656575728e-05
values,80,-9.490347995590208e-05
values,81,-6.456347712679749e-06
values,82,2.023017356308408e-05
values,83,1.141769501161875e-05
values,84,-0.001473532437338833
values,85,3.54966866945374e-05
values,86,0.0002997857058634772
values,87,-0.001727850393194788
values,88,-0.001554071348280327
values,89,0.001444438000267316
values,90,-0.0005462425025687403
values,91,-0.002189794666926387
values,92,0.0009494851966683068
values,93,-9.998778267295121e-05
values,94,-0.0005682057508647596
values,95,-5.979663253753091e-05
values,96,-5.697545165070163e-08
values,97,8.748343875732809e-06
values,98,-4.907818580340454e-06
values,99,-2.211604262747433e-06
values,100,1.46916576191e-05
values,101,2.89533340811038e-06
values,102,-9.077091235226622e-05
values,103,-1.198778076310635e-05
values,104,-0.0003042986719412063
values,105,-0.0003089780169292994
values,106,5.589329271182044e-05
values,107,-0.0002135305658555023
values,108,-0.0003261361720594508
values,109,4.629143579107508e-05
values,110,-1.579956550332912e-05
values,111,1.043791358209154e-05
values,112,-1.458628963250384e-06
values,113,1.91339006400406e-07
values,114,5.402743542509762e-06
values,115,2.288164969148068e-14
values,116,-0.0005149856793123211
values,117,0.0001010272036312338
values,118,8.502920519745372e-05
values,119,-0.001374020733317661
values,120,0.001791542910585027
values,121,0.00119878176218569
values,122,0.04789863718148464
values,123,0.03292331679605701
values,124,0.04369232683583239
values,125,0.008238968796767112
values,126,0.003020324483187199
values,127,-0.04407054502787246
values,128,0.001033643684130368
values,129,-0.0006387871848205542
values,130,-0.001271113978116083
values,131,0.0001189641190808022
values,132,-0.0002061399876220774
values,133,-0.0002306643551803152
values,134,-0.0008926925930451135
values,135,0.0001341881906521549
values,136,-1.442301798938403e-05
values,137,-0.007326330314916324
values,138,0.0008744817533761141
values,139,0.001283550987751395
values,140,-0.04594472752798381
values,141,-0.001687933348623073
values,142,0.008591587420714782
values,143,0.002064851693613157
values,144,-0.03171858175393717
values,145,0.00349017161766498
values,146,0.0005279410952783957
values,147,-0.0014801127250058
values,148,-0.0003130767671331712
values,149,8.438821328434065e-05
values,150,-0.0002485122228086414
values,151,-0.0001395603676693486
values,152,-0.0003398678862646885
values,153,7.054422491857421e-06
values,154,-0.001478427681988717
values,155,-5.719614540922246e-05
values,156,0.000404624131315879
values,157,-0.001732920380284794
values,158,-0.00157462671623204
values,159,0.00142034531373195
values,160,-0.0005462204473099294
values,161,-0.002189794666927887
values,162,0.0009494851966674614
values,163,-0.0001003924931732074
values,164,-0.000569949072557618
values,165,-5.985389395812717e-05
values,166,1.960574202595503e-05
values,167,-7.556498174912149e-05
values,168,2.409790312173675e-05
values,169,-0.000104148433481192
values,170,-2.139127603366309e-05
values,171,-0.0003024840936161722
values,172,-0.0003072257900802382
values,173,5.728129961022631e-05
values,174,-0.0002135305658551941
values,175,-0.00032619902723798
values,176,4.623953574312815e-05
values,177,-1.579201991161783e-05
values,178,1.044619169700812e-05
values,179,-1.458628963246492e-06
values,180,-2.098145996191961e-05
values,181,-1.886989112081458e-05
values,182,1.310595255213237e-05
values,183,-9.741843110103095e-07
values,184,2.970083882940523e-06
values,185,-2.250852392221013e-06
values,186,-0.0004700678759851923
values,187,9.424129295533098e-05
values,188,9.770298731673926e-05
values,189,-0.001387285772332472
values,190,0.001769862906102717
values,191,0.001145725811325832
values,192,0.04789317902452365
values,193,0.03296399016732999
values,194,0.04371510708192212
values,195,0.008426312736641992
values,196,0.00295747357634768
values,197,-0.04413411319344403
values,198,0.0007211358625114499
values,199,-0.001287935995031205
values,200,-0.001499828426901759
values,201,-1.806030502282059e-06
values,202,-0.0008834970301835224
values,203,0.0001289291576382335
values,204,-4.728842489252154e-06
values,205,-0.007320449468114059
values,206,0.0008783826780961756
values,207,0.001264225191009226
values,208,-0.04594410667178731
values,209,-0.001693570049867269
values,210,0.008595534927746581
values,211,0.002386091345917689
values,212,-0.03178656779718114
values,213,0.003476329169048899
values,214,0.0004737929698586303
values,215,-0.001730637608325642
values,216,-0.0008171842382917194
values,217,-0.0003406137557731095
values,218,7.489011408602679e-06
values,219,-0.001478086820437605
values,220,-5.578489112917008e-05
values,221,0.0004043253932524412
values,222,-0.001732901208454281
values,223,-0.001574626716232376
values,224,0.00142034531373088
values,225,-0.0004064318606355448
values,226,-0.002210360945284532
values,227,0.000949849587023189
values,228,0.0001304225810111342
values,229,-0.0007055214330252279
values,230,-0.0001850892714368842
values,231,-0.0001045073068479409
values,232,-2.152352059941424e-05
values,233,-0.0003024831567514047
values,234,-0.0003072316674727746
values,235,5.727784586258871e-05
values,236,-0.0002094574408782508
values,237,-0.0003269720159714658
values,238,4.623834780991376e-05
values,239,-4.88825330641652e-06
values,240,-0.0001763842523619553
values,241,6.139723629918342e-05
values,242,-3.455098557690333e-05
values,243,-5.007748148951765e-05
values,244,-1.879323031084626e-06
values,245,-0.00046960936854944
values,246,9.165921764290756e-05
values,247,9.518540318091338e-05
values,248,-0.001396492071892827
values,249,0.001782038402265259
values,250,0.001148794895171968
values,251,0.04802621682525719
values,252,0.03299457593444729
values,253,0.04379918007936883
values,254,0.006364973056147967
values,255,0.001442426529438873
values,256,-0.04462028712240373
values,257,-1.745609222823101e-06
values,258,-0.0008838248671809749
values,259,0.0001292539415043817
values,260,-5.022791816240968e-06
values,261,-0.007321292980329022
values,262,0.0008775110113024441
values,263,0.001265074308615134
values,264,-0.04583784912799034
values,265,-0.00157685226553818
values,266,0.00860325886485333
values,267,0.002324984272115667
values,268,-0.03144247685213721
values,269,0.002579433167050442
values,270,-0.000340609597561474
values,271,7.490451185903029e-06
values,272,-0.001478264990933604
values,273,-5.578489112895563e-05
values,274,0.0004043253932521021
values,275,-0.001693509910387318
values,276,-0.001566634139260548
values,277,0.001420779777721061
values,278,-0.0001660197159592785
values,279,-0.001975322834944621
values,280,0.0006676296397113992
values,281,-0.0001045091553319021
values,282,-2.152352059941662e-05
values,283,-0.0002995044208558445
values,284,-0.0003071373224285637
values,285,5.728006193936467e-05
values,286,-4.934834344448433e-05
values,287,-0.0003733046908666059
values,288,0.0001219274803471039
values,289,-6.672290123107435e-05
values,290,-0.0001405813358895325
values,291,-1.876690571996314e-06
values,292,-0.0004705735498992878
values,293,9.16539518593968e-05
values,294,9.51799507178007e-05
values,295,-0.002074320244369304
values,296,0.001888765868014115
values,297,0.001218312536601002
values,298,0.04893684466291853
values,299,0.03466393003757708
values,300,0.04724358212294245
values,301,0.009975596604081502
values,302,0.001612701435225735
values,303,-0.04814850883631477
values,304,0.001034028834292673
values,305,-0.0007469067539915832
values,306,-0.001340221986422801
values,307,8.154680037549632e-07
values,308,-0.0001336542660278318
values,309,-9.49486699108771e-05
values,310,-1.745609222820629e-06
values,311,-0.0008842917392745781
values,312,0.0001292544860343626
values,313,-5.022791816227437e-06
values,314,-0.008966416000944395
values,315,0.0009755794566276581
values,316,0.001281571833703006
values,317,-0.04684955527729517
values,318,-3.410699248167009e-05
values,319,0.01031395188217003
values,320,0.002749966633014654
values,321,-0.03390791577302689
values,322,0.003463494134321789
values,323,0.0005077517163005992
values,324,-0.001559054589813846
values,325,-0.0003859423488836575
values,326,2.49689198186874e-06
values,327,-9.126353273051096e-05
values,328,-9.567079672849969e-05
values,329,-0.0003406639178900154
values,330,7.490451185908336e-06
values,331,-0.00180933631424219
values,332,-2.746413680213287e-05
values,333,0.000403219219546749
values,334,-0.002084611999307768
values,335,-0.001435688150778137
values,336,0.001599306494799619
values,337,-0.0006142449834195852
values,338,-0.002733928664069885
values,339,0.001213131869737169
values,340,-9.958583856993061e-05
values,341,-0.0005895572737098243
values,342,-8.064599081613539e-05
values,343,-5.697187379326333e-08
values,344,8.748358188677847e-06
values,345,-4.907818580333941e-06
values,346,-0.0001274522718720647
values,347,-2.107192885572773e-05
values,348,-0.0004601060454558294
values,349,-0.0002786449491774415
values,350,0.0001457132980696835
values,351,-0.0002581742609754203
values,352,-0.0006166207475463262
values,353,0.0002553786964890718
values,354,-1.574546876685612e-05
values,355,1.089368752128457e-05
values,356,-1.740046273821611e-06
values,357,-9.91232355704895e-05
values,358,-0.0001273485727780537
values,359,-3.901909636411671e-05
values,360,-0.002038478519436551
values,361,0.04776972554016384
values,362,0.03237327960222486
values,363,0.04482864523584014
values,364,0.008312247800818585
values,365,0.002857636777635864
values,366,-0.04416288303364724
values,367,0.0009998903162527386
values,368,-0.0006297770642396722
values,369,-0.001303549764744374
values,370,-0.0001346326089926987
values,371,-7.467508389176276e-05
values,372,-0.006074272127918337
values,373,-0.04608435771227481
values,374,-0.001239559265893643
values,375,0.008004942076102729
values,376,0.002101539597265127
values,377,-0.03174859496296481
values,378,0.003404283297087553
values,379,0.000535307816701136
values,380,-0.001461757667454676
values,381,-0.0003299266670160452
values,382,-9.287839436641997e-05
values,383,-9.203698061179429e-05
values,384,-0.001191727401734802
values,385,-0.001775767754304624
values,386,-0.001518356014631669
values,387,0.00141518875805517
values,388,-0.0005459386369351587
values,389,-0.002190932795057761
values,390,0.0009428266299921866
values,391,-0.0001005412215164895
values,392,-0.0005697162200260847
values,393,-6.01568469394033e-05
values,394,1.554421771632643e-05
values,395,-4.422747681040741e-06
values,396,-0.0003092777448920242
values,397,-0.0003068418259781827
values,398,-0.0003854197929289361
values,399,0.0003098051247397413
values,400,-0.0002140483262600322
values,401,-0.0003252486541492052
values,402,4.627032112494357e-05
values,403,-1.597115183106483e-05
values,404,1.085358128509019e-05
values,405,-1.377710799106102e-06
values,406,-5.529455002548931e-06
values,407,-2.16215916850418e-06
values,408,-0.0004949604707405391
values,409,-0.001734581877294618
values,410,0.002058502946424574
values,411,0.001408318305561162
values,412,0.04799467652928849
values,413,0.03306681447626265
values,414,0.04378750560994471
values,415,0.008535879824649118
values,416,0.002890909589248355
values,417,-0.04438121572336765
values,418,-0.0008005354144624546
values,419,-0.001493228375324379
values,420,-0.0006888316770858353
values,421,-0.007481826700690273
values,422,0.001272452435850061
values,423,0.001160096116907513
values,424,-0.04603593239190983
values,425,-0.00163579325689265
values,426,0.008649112662640504
values,427,0.002491650348301785
values,428,-0.03172729120570018
values,429,0.003538099565482551
values,430,-0.001595809154156287
values,431,-0.0005345529667682409
values,432,-0.0003916718078380193
values,433,-0.001463193563269305
values,434,0.0001919010172147227
values,435,0.0004669423129628478
values,436,-0.001732094126735551
values,437,-0.001560610350574142
values,438,0.001435989241604528
values,439,-0.0004181573569317355
values,440,-0.002212306928349053
values,441,0.0009468569450085959
values,442,-0.0005133204221410035
values,443,-0.0001352410133080456
values,444,-0.0001423957023241936
values,445,-9.587680666198341e-05
values,446,1.627297285942215e-05
values,447,0.000161494673734828
values,448,-0.0003057784872024348
values,449,-0.0003076157641185873
values,450,5.772679272373122e-05
values,451,-0.0002110142282383745
values,452,-0.0003272575588721364
values,453,4.770543089412208e-05
values,454,1.965046915048723e-05
values,455,-2.426177768065313e-06
values,456,1.711999846427533e-05
values,457,1.276512651567294e-05
values,458,-0.0001132261718369084
values,459,-0.0004980491117793782
values,460,0.0002750994588361741
values,461,0.0002234003970651575
values,462,-0.001519044870784179
values,463,0.001849283312535152
values,464,0.001163650026423809
values,465,0.0485981690960681
values,466,0.0330741005269035
values,467,0.04412931681640602
values,468,0.0020392381370583
values,469,-0.04614913334321722
values,470,-0.0001318348662769338
values,471,-0.0008852716281909513
values,472,0.0002362528639156409
values,473,0.0001628934890689895
values,474,-0.007529019782474959
values,475,0.0008902963420928424
values,476,0.001277607324372304
values,477,-0.04617851200836261
values,478,-0.001629449371472387
values,479,0.008841429603687549
values,480,-0.03251831277993603
values,481,0.002909159043775251
values,482,-8.140454514586055e-05
values,483,-0.0003397496518658232
values,484,4.558957437936123e-05
values,485,0.0001033246855109795
values,486,-0.001477450662508036
values,487,-5.721807377150931e-05
values,488,0.0004049462435006519
values,489,-0.001734414603780077
values,490,-0.001574576630588314
values,491,0.001421074027006239
values,492,-0.002515954799726974
values,493,0.0009064366000738611
values,494,-1.332034005249932e-05
values,495,-1.088929612872547e-06
values,496,1.80588422544807e-05
values,497,-0.0001053987489567833
values,498,-2.151831908635332e-05
values,499,-0.0003079784869341552
values,500,-0.0003072276210581719
values,501,5.795700288855181e-05
values,502,-0.0003307403221486136
values,503,4.652105409342485e-05
values,504,5.695113673156477e-07
values,505,-1.85030526111283e-08
values,506,0.002139665248060882
values,507,0.002912585291791446
values,508,-0.003277841671087954
values,509,0.001508461232705543
values,510,0.002152156904798988
values,511,-0.008880520542479176
values,512,0.0002617736850611648
values,513,0.0001557060524759877
values,514,-0.001268572363142577
values,515,-4.354954044468748e-06
values,516,9.337128340893628e-06
values,517,0.0456277067272329
values,518,0.03238738763821077
values,519,0.04536712021579242
values,520,0.007319830349935099
values,521,0.001418908288677876
values,522,-0.04394904798607609
values,523,0.0008960131571367878
values,524,-0.0008599352087594944
values,525,-0.001185154032624554
values,526,1.8323434577119e-06
values,527,-0.0001297181698077635
values,528,-9.643166106613162e-05
values,529,1.352305204172334e-10
values,530,-0.04567093630962179
values,531,-0.0003446807748320705
values,532,0.009268610453201891
values,533,0.002229303472853583
values,534,-0.03159205327807918
values,535,0.003382576026888729
values,536,0.000512056234540042
values,537,-0.001449569213690942
values,538,-0.0003114748727130972
values,539,2.108522311285234e-06
values,540,-9.159946777872682e-05
values,541,-9.45313252096181e-05
values,542,-1.315771369173523e-11
values,543,2.708215657703487e-11
values,544,-0.001870799492370804
values,545,-0.001393448513949523
values,546,0.001564343922850972
values,547,-0.0005884781973699919
values,548,-0.00224040254290996
values,549,0.001029183533132851
values,550,-0.0001035489646449265
values,551,-0.0005741396628052766
values,552,-5.48607301060685e-05
values,553,-5.697671041818898e-08
values,554,8.822507629763363e-06
values,555,-4.853636654616005e-06
values,556,-0.0001927761738800149
values,557,-0.0002809814716972625
values,558,-0.0002095293178858588
values,559,-0.0002725830157791613
values,560,-1.500803772413813e-05
values,561,2.145044049155329e-05
values,562,0.0007759134512235658
values,563,0.0004862916236464714
values,564,0.000383673827832607
values,565,0.002123099754846035
values,566,0.002680942511800575
values,567,-0.003999944983620272
values,568,0.001517282519725786
values,569,0.002164413733607473
values,570,-0.00887966021120204
values,571,0.0002626542880712007
values,572,0.000148490556912634
values,573,-0.001272611933901344
values,574,-4.354954044551312e-06
values,575,9.337236993574734e-06
values,576,-4.741950946050632e-06
values,577,6.168044607660627e-06
values,578,7.13174881813541e-06
values,579,-0.002482826490897549
values,580,0.001651870901402345
values,581,0.001357263855927189
values,582,0.0457509553481293
values,583,0.03176355262905892
values,584,0.0438496732591287
values,585,0.007357161827024114
values,586,0.001543242222629313
values,587,-0.04381018690937253
values,588,0.0008958411483649664
values,589,-0.0008645182838681734
values,590,-0.001190556540049247
values,591,1.832251062492275e-06
values,592,-0.0001297184834646789
values,593,-9.643142715483835e-05
values,594,-5.54163440569398e-06
values,595,1.967870046253524e-05
values,596,1.2662167545038e-05
values,597,-0.007439615791579843
values,598,0.001156843960270582
values,599,0.001183836980191738
values,600,-0.04549982691785451
values,601,-0.001358252736261602
values,602,0.00866433292924493
values,603,0.002204229308666346
values,604,-0.03156744650620923
values,605,0.003428670759688882
values,606,0.0005120563121944477
values,607,-0.001449569213692418
values,608,-0.0003114748727153507
values,609,2.108417481256259e-06
values,610,-9.15991667831021e-05
values,611,-9.453141829802167e-05
values,612,-7.246922677732261e-06
values,613,2.070060330014693e-05
values,614,1.376024438543939e-05
values,615,-0.001490333078013282
values,616,2.747552976417596e-05
values,617,0.0002660406618867621
values,618,-0.001839245911860247
values,619,-0.001616999327788245
values,620,0.001432059556519283
values,621,-0.0005769777837889062
values,622,-0.002247078811099157
values,623,0.001024251143654203
values,624,-0.0001035489646446726
values,625,-0.0005739115176753443
values,626,-5.470509533047537e-05
values,627,-5.697671041811534e-08
values,628,8.822507629772506e-06
values,629,-4.853636654614419e-06
values,630,-2.926951467011438e-06
values,631,1.507306933080833e-05
values,632,4.435588546773933e-06
values,633,-3.598659324085338e-05
values,634,-8.175876020261121e-06
values,635,-0.0002048039552081141
values,636,-0.0002955236871432753
values,637,-0.0002100837070202116
values,638,-0.0002766844508967596
values,639,-1.501201085874822e-05
values,640,2.153334687339797e-05
values,641,8.109718227214699e-08
values,642,5.209120084026888e-06
values,643,0.0001759352044800578
values,644,-2.170776050250106e-05
values,645,9.380546886406969e-05
values,646,0.0009057573281059066
values,647,0.0005559008201102481
values,648,0.0001470181229946813
values,649,0.002098477868249058
values,650,0.002642139871821513
values,651,-0.003994638664616247
values,652,0.00151847051775756
values,653,0.002167614986522399
values,654,-0.008876552389447158
values,655,0.0002617749033721879
values,656,0.0001500440284630404
values,657,-0.001285347894907298
values,658,6.586484163790588e-05
values,659,2.563945720209652e-05
values,660,-0.0001371293613178589
values,661,-0.0005433252401710881
values,662,9.826046237942583e-05
values,663,8.495808942514276e-05
values,664,-0.002125924146231245
values,665,0.001481919939414383
values,666,0.001214454025266199
values,667,0.0457296891943331
values,668,0.03173292301523505
values,669,0.0437447188717178
values,670,0.007357816212516609
values,671,0.001543779675804079
values,672,-0.04380577135983004
values,673,0.0008978999162899305
values,674,-0.0008745934533983377
values,675,-0.001203591740494527
values,676,0.0001089155001082872
values,677,-0.0002138170189968501
values,678,-0.0002144828928422601
values,679,-0.0008794084146854561
values,680,0.0001333091391435831
values,681,-1.652555448503849e-05
values,682,-0.007240824361903334
values,683,0.0008961685859225754
values,684,0.001291104313221868
values,685,-0.04549150823420449
values,686,-0.001399765494155548
values,687,0.00855141552570563
values,688,0.002204488429900796
values,689,-0.03156744650622351
values,690,0.003428670759680869
values,691,0.000535460845126289
values,692,-0.001462216423862933
values,693,-0.0003135225201211071
values,694,8.000830226147052e-05
values,695,-0.0002356001880670395
values,696,-0.0001184178922283614
values,697,-0.0003272914976048201
values,698,6.165140697695952e-06
values,699,-0.001534149225677893
values,700,-6.039931979754813e-05
values,701,0.0003806474262756892
values,702,-0.001802475122263732
values,703,-0.001630572516647158
values,704,0.001431157435403886
values,705,-0.0005769556941304123
values,706,-0.002247769104461058
values,707,0.001024370065798837
values,708,-0.0001039523518335585
values,709,-0.0005756666519025939
values,710,-5.47646114662778e-05
values,711,1.141919845508935e-05
values,712,-7.296818745299588e-05
values,713,6.992022819835696e-05
values,714,-5.233366774857245e-05
values,715,-1.900767532639279e-05
values,716,-0.0002126345836866563
values,717,-0.0003027293508506393
values,718,-0.0002099872811960031
values,719,-0.0002780262651088492
values,720,-1.500400743514726e-05
values,721,2.154213933306496e-05
values,722,-4.045913613808933e-05
values,723,-2.185075316613059e-05
values,724,2.499569906573304e-07
values,725,0.0001788793072106865
values,726,-1.525813160621309e-05
values,727,9.455533193515595e-05
values,728,0.0008888649410608457
values,729,0.0005416236002660879
values,730,0.0001352804669895335
values,731,0.002097577540710805
values,732,0.002656686783014869
values,733,-0.003985900602582532
values,734,0.001502182336730555
values,735,0.002148476272878549
values,736,-0.008930671889867674
values,737,0.0003773588418015154
values,738,5.796937078798164e-05
values,739,-0.001048713575541076
values,740,-2.281997358173512e-06
values,741,-0.0005071358262931864
values,742,9.058948533607752e-05
values,743,9.700316177374728e-05
values,744,-0.002135201534143416
values,745,0.00148765996376002
values,746,0.001180905410164072
values,747,0.04573215217101557
values,748,0.03173412460443886
values,749,0.04375077476833134
values,750,0.007530884052629912
values,751,0.001492372199860696
values,752,-0.04386777388532859
values,753,0.0006255432527289356
values,754,-0.001245000355806252
values,755,-0.001384249057547696
values,756,-1.743901714695865e-06
values,757,-0.0008739216955571155
values,758,0.0001284097202453239
values,759,-5.104805446553333e-06
values,760,-0.007237718748279398
values,761,0.0008908188063406117
values,762,0.001261523684498127
values,763,-0.04549101353947141
values,764,-0.001399765494155838
values,765,0.008551415525696666
values,766,0.002523026527910708
values,767,-0.03163483271245328
values,768,0.003414780818145361
values,769,0.0004421854869632361
values,770,-0.001675143118731352
values,771,-0.0007624849772375575
values,772,-0.0003398700030168411
values,773,7.395161522128989e-06
values,774,-0.001518096623648415
values,775,-5.869484030592688e-05
values,776,0.0003941004588817299
values,777,-0.00180246576272153
values,778,-0.001631499663895231
values,779,0.001430906082657548
values,780,-0.0004382871677747789
values,781,-0.002268292379277469
values,782,0.001024413428032228
values,783,0.0001043126263888812
values,784,-0.000695226237050583
values,785,-6.236678746878105e-05
values,786,-5.421927498533061e-05
values,787,-2.108548449048416e-05
values,788,-0.000212506685150376
values,789,-0.0003030089612314544
values,790,-0.0002049832383946671
values,791,-0.0002790097425812686
values,792,-7.512426913006644e-05
values,793,-0.0001878164650402956
values,794,2.635916778402611e-07
values,795,0.0001801888426449786
values,796,-1.713150131816799e-05
values,797,9.401401997565143e-05
values,798,0.0008878933213059761
values,799,0.0005442667688306719
values,800,0.0001360018747677045
values,801,0.002135098402399627
values,802,0.00265261741782263
values,803,-0.00390013204900886
values,804,0.001138518909275385
values,805,0.002054772635006826
values,806,-0.007620065367049727
values,807,-2.107857741898556e-06
values,808,-0.000508949941639613
values,809,9.181193892902281e-05
values,810,9.61867337011421e-05
values,811,-0.002140691954152362
values,812,0.001487824767796004
values,813,0.001181910187517604
values,814,0.04586589518537528
values,815,0.03176685154329652
values,816,0.0438334483508232
values,817,0.005661641089176647
values,818,0.0009779191087400615
values,819,-0.0439825813325084
values,820,-1.743965680392557e-06
values,821,-0.0008738641107803987
values,822,0.0001284437552964151
values,823,-5.095237173056444e-06
values,824,-0.007238610666175916
values,825,0.0008908188063412078
values,826,0.001261523684495407
values,827,-0.04537119762072674
values,828,-0.001284059699079497
values,829,0.008559156852274144
values,830,0.002175055980689419
values,831,-0.03105334017951279
values,832,0.002572943205203347
values,833,-0.0003398879902725229
values,834,7.411871182384439e-06
values,835,-0.001518297287784213
values,836,-5.871831438094705e-05
values,837,0.0003940770438739511
values,838,-0.00176745471758764
values,839,-0.001623256647029042
values,840,0.001430552502267124
values,841,-0.0001973961544742626
values,842,-0.001934580615039837
values,843,0.0008708564829412933
values,844,-5.422081159766794e-05
values,845,-2.108548064868353e-05
values,846,-0.0002051078319803437
values,847,-0.0003033736554961154
values,848,-0.0001736875139003872
values,849,-0.0003453677064016983
values,850,2.635916778399558e-07
values,851,0.0001797794151116902
values,852,-1.713150131816768e-05
values,853,9.40140194781311e-05
values,854,0.0009591576727839154
values,855,0.0005669931913797193
values,856,0.0002107904205917975
values,857,0.002351087184327096
values,858,0.003306883764848967
values,859,-0.003780549700858081
values,860,0.001869687236871646
values,861,0.001839843450762893
values,862,-0.01058112573557991
values,863,0.0002622631541437329
values,864,0.000116466567600451
values,865,-0.001291120895922813
values,866,-3.737143660570698e-06
values,867,1.141003782871773e-05
values,868,-2.107857741893606e-06
values,869,-0.000509732067672865
values,870,9.181193874104195e-05
values,871,9.618673370121602e-05
values,872,-0.002852760951152537
values,873,0.001579496642468844
values,874,0.00125102369524419
values,875,0.04662376252076575
values,876,0.03372512353389869
values,877,0.04754087321505776
values,878,0.008989044895161441
values,879,-1.412439707154222e-05
values,880,-0.04777048038470066
values,881,0.0008981360999828592
values,882,-0.000962966793456723
values,883,-0.001259974848026621
values,884,1.674175748391402e-06
values,885,-0.0001311505806064961
values,886,-9.653868064562316e-05
values,887,-1.743965680393955e-06
values,888,-0.0008743309341891719
values,889,0.0001284437552964829
values,890,-5.09523717312619e-06
values,891,-0.008859730420657661
values,892,0.0009882953768430773
values,893,0.001278079899229446
values,894,-0.04623729221581593
values,895,0.0001979760718543323
values,896,0.0102520630438402
values,897,0.002917950397889065
values,898,-0.03352542803859667
values,899,0.003226073923363556
values,900,0.000512860349711752
values,901,-0.001540817767028424
values,902,-0.0003860142074203591
values,903,2.109442871830806e-06
values,904,-9.158157559635372e-05
values,905,-9.466525937765607e-05
values,906,-0.0003399461849755744
values,907,7.411871182388061e-06
values,908,-0.001852400934548166
values,909,-3.018910667860482e-05
values,910,0.0003927425459149734
values,911,-0.002044592761147458
values,912,-0.00138824174893023
values,913,0.0017609635620673
values,914,-0.0006467314026551078
values,915,-0.00280945913680569
values,916,0.001204381851865892
values,917,-0.0001032429168812239
values,918,-0.0005952809603225436
values,919,-7.564168935346738e-05
values,920,-4.053727139874965e-08
values,921,8.653523605635788e-06
values,922,-4.940281424043571e-06
values,923,-7.625462360434036e-05
values,924,-2.064261220077077e-05
values,925,-0.0005706262102468183
values,926,-0.0002534493686709414
values,927,-0.0002541818718011165
values,928,-0.0007676106502224793
values,929,-1.496475054344761e-05
values,930,2.229539873605591e-05
values,931,0.0004323189929483049
values,932,0.002043502830889643
values,933,0.002277042760390715
values,934,-0.003017979390757788
values,935,0.00152564852050139
values,936,0.002147276456918636
values,937,-0.00888087951568322
values,938,0.0002387528047269139
values,939,0.0001385914219064764
values,940,-0.001275096257593747
values,941,-2.049679238562286e-06
values,942,2.35253197122239e-05
values,943,-0.002050908680448252
values,944,0.04562835405744865
values,945,0.0311724623487264
values,946,0.04401012490044134
values,947,0.007404881624328999
values,948,0.001424297679794684
values,949,-0.04388868398834021
values,950,0.0008869732944996158
values,951,-0.0008628109826837345
values,952,-0.001238598619328927
values,953,-0.0001314249613212251
values,954,-7.949439375969855e-05
values,955,-0.00563116495408389
values,956,-0.04561388284139452
values,957,-0.000929869701985877
values,958,0.007465155481961811
values,959,0.002212610839541581
values,960,-0.03160004210990261
values,961,0.003345461981480786
values,962,0.000537631788531827
values,963,-0.001457032366634051
values,964,-0.0003257347745158302
values,965,-9.623597006190582e-05
values,966,-9.320740860867344e-05
values,967,-0.001120685310338163
values,968,-0.001850003657603801
values,969,-0.001596123702939785
values,970,0.001309570037379385
values,971,-0.0005875584010565734
values,972,-0.002247233722880734
values,973,0.001018022965346991
values,974,-9.981772948002826e-05
values,975,-0.0005706116598787503
values,976,-4.940396782875273e-05
values,977,1.392608075340204e-05
values,978,-4.6248088267407e-06
values,979,-0.0002655012635717657
values,980,-0.0002129252484282261
values,981,-0.0005460637954835511
values,982,-0.0002106387418943618
values,983,-0.0002756439968785875
values,984,-1.56312968076273e-05
values,985,1.880513713852331e-05
values,986,-9.385994789872391e-06
values,987,0.0007317785908645176
values,988,0.0006878146185270305
values,989,0.0005769095188311268
values,990,0.002106671276781266
values,991,0.002676071398365171
values,992,-0.003964590978826017
values,993,0.001499666005334907
values,994,0.002097331247032428
values,995,-0.008939170894581159
values,996,5.117041317101868e-05
values,997,-0.001194048353665888
values,998,-0.0004317421474721051
values,999,-0.00244574581856646
values,1000,0.001734647503256497
values,1001,0.001353295073674522
values,1002,0.04583555724687961
values,1003,0.03180002450834134
values,1004,0.04381294426220588
values,1005,0.007544214489710025
values,1006,0.001510670543550349
values,1007,-0.04398158625607308
values,1008,-0.001095889599763387
values,1009,-0.0013562543435098
values,1010,-0.0006154251370121806
values,1011,-0.007405782168805566
values,1012,0.001257874399950416
values,1013,0.001077000834938961
values,1014,-0.04548636892793009
values,1015,-0.001348629156260167
values,1016,0.008606778926789746
values,1017,0.002534486734429887
values,1018,-0.03162199604449718
values,1019,0.003399466795808491
values,1020,-0.001598036177263016
values,1021,-0.0005420622491092681
values,1022,-0.0003648850748098349
values,1023,-0.001505263679554026
values,1024,0.000151021203021938
values,1025,0.0004208815906643521
values,1026,-0.001820203603766519
values,1027,-0.00161622901154018
values,1028,0.001446955225601183
values,1029,-0.0004456218501566163
values,1030,-0.00225360247768057
values,1031,0.00103930139337137
values,1032,-0.0005158295623625768
values,1033,-0.0001308607790941284
values,1034,-0.000102549320145952
values,1035,-4.535677695682726e-05
values,1036,-7.081542245130013e-05
values,1037,-0.000217275361576691
values,1038,-0.0003027242159776513
values,1039,-0.0002092658835343846
values,1040,-0.0002849266233084569
values,1041,3.011519439727354e-05
values,1042,1.44983455604803e-05
values,1043,0.0001803825366767171
values,1044,8.587998968389356e-05
values,1045,6.389742355072343e-05
values,1046,0.0008872329019656197
values,1047,0.0005567574704051666
values,1048,0.0001390788918755581
values,1049,0.002223203386460571
values,1050,0.002644995623188551
values,1051,-0.00400886716121494
values,1052,0.001852780078322912
values,1053,-0.009710875072843373
values,1054,-8.088232306612782e-05
values,1055,-0.000532235115124361
values,1056,0.0002424747388366618
values,1057,0.0002082206834092955
values,1058,-0.002211655035843181
values,1059,0.001502270091032453
values,1060,0.001194989592018437
values,1061,0.04615219123547674
values,1062,0.03170877632493221
values,1063,0.04396661982577457
values,1064,0.0005806254832877554
values,1065,-0.0455049870029695
values,1066,-0.0001094020040661396
values,1067,-0.0008757565408287124
values,1068,0.0002240273338443598
values,1069,0.0001397656382390938
values,1070,-0.007236209279249113
values,1071,0.0009008287645794393
values,1072,0.001273349331404167
values,1073,-0.0454794426382361
values,1074,-0.00130337432039673
values,1075,0.008563656585122537
values,1076,-0.03225120507770764
values,1077,0.002737866310987386
values,1078,-7.04721830739208e-05
values,1079,-0.0003390382535055442
values,1080,2.979928850056725e-05
values,1081,9.106652262662406e-05
values,1082,-0.001520083347553347
values,1083,-6.088200135064497e-05
values,1084,0.0003947426227674681
values,1085,-0.001799173254753332
values,1086,-0.001616319518460395
values,1087,0.001439112246534956
values,1088,-0.002513861779610882
values,1089,0.0009829381695617913
values,1090,1.082277454439658e-05
values,1091,-1.240855809956869e-05
values,1092,-5.441608158502739e-05
values,1093,-2.111998866030117e-05
values,1094,-0.0002217964918073636
values,1095,-0.0003042943161365073
values,1096,-0.0002875732362896927
values,1097,0.0002217964918030912
values,1098,0.0002875732362858155
values,1099,-0.0009829381695689139
values,1100,5.441730542333901e-05
values,1101,0.0003042943161352141
values,1102,-0.001439112246543581
values,1103,2.112316466673395e-05
values,1104,-0.0003941282593364368
values,1105,0.001799173254728271
values,1106,0.002513861779593935
values,1107,-0.002737866310968531
values,1108,0.001519787899771964
values,1109,0.001616319518460552
values,1110,-0.008563656585102596
values,1111,0.0003399097329564793
values,1112,5.944967954000946e-05
values,1113,-0.001260886383347336
values,1114,-7.411871182390881e-06
values,1115,5.095237173071519e-06
values,1116,0.04547944263841916
values,1117,0.03225120507763855
values,1118,0.04550498700361973
values,1119,0.007235699176181522
values,1120,0.001303374320397059
values,1121,-0.04396661982600902
values,1122,0.0008738641107802426
values,1123,-0.0008908188063401928
values,1124,-0.001181910187512968
values,1125,1.74396568039336e-06
values,1126,-0.0001284437552964167
values,1127,-9.618673370123866e-05
values,1128,1.355228156853548e-10
values,1129,-0.04615219123605952
values,1130,-0.0005806254832834527
values,1131,0.009710875072849108
values,1132,0.002211386316472543
values,1133,-0.03170877632490571
values,1134,0.004008867161228655
values,1135,0.0005089499417078952
values,1136,-0.001489646643436672
values,1137,-0.0001365504480129743
values,1138,2.107857741899783e-06
values,1139,-9.181193874102038e-05
values,1140,-9.40140194781356e-05
values,1141,-1.318964793921548e-11
values,1142,2.709956847062648e-11
values,1143,-0.00222320338646138
values,1144,-0.001852780078323484
values,1145,-0.0008872616480022561
values,1146,-0.002644995623187598
values,1147,-0.0001799907521691892
values,1148,-0.0005544893514425101
values,1149,-2.635916778400345e-07
values,1150,1.713150131817751e-05
values,1151,0.0002092658835317068
values,1152,-3.011519439800883e-05
values,1153,0.000130860779094624
values,1154,0.0002170701190505392
values,1155,0.0002849266233068975
values,1156,-0.001039301393381647
values,1157,5.422170689235347e-05
values,1158,0.0003022864220747899
values,1159,-0.001431420321586106
values,1160,2.108548064867895e-05
values,1161,-0.0003940770438739959
values,1162,-1.051241026164555e-08
values,1163,-3.443596110457125e-08
values,1164,3.12483645275747e-06
values,1165,0.0004456218501454135
values,1166,0.0005158295623555036
values,1167,0.0005420622490894824
values,1168,0.001819345557795062
values,1169,0.002253602477681183
values,1170,-0.003399466795839578
values,1171,0.001518034465517956
values,1172,0.001630322709280272
values,1173,-0.008553535852793679
values,1174,0.0003398879902724778
values,1175,5.8718314380604e-05
values,1176,-0.001261523684496214
values,1177,-7.411871182463464e-06
values,1178,5.095345271404677e-06
values,1179,-2.860533385220824e-06
values,1180,5.316011702414435e-06
values,1181,6.151228080353316e-06
values,1182,-0.002534486734425215
values,1183,0.001598036177258019
values,1184,0.00135625434353073
values,1185,0.04548423646056148
values,1186,0.03162199604449056
values,1187,0.04398158625628044
values,1188,0.007237718748278649
values,1189,0.001399765494156317
values,1190,-0.04375077476821346
values,1191,0.0008738641957438309
values,1192,-0.0008908188063411604
values,1193,-0.001181910187517752
values,1194,1.743873734475024e-06
values,1195,-0.000128444069354762
values,1196,-9.618649889079522e-05
values,1197,-5.358872316594804e-06
values,1198,1.775584633734785e-05
values,1199,1.338319687361197e-05
values,1200,-0.007544214489740825
values,1201,0.001095889599763758
values,1202,0.001194048353678788
values,1203,-0.04583604992861429
values,1204,-0.001510670543558583
values,1205,0.008939170894579357
values,1206,0.002135128540252919
values,1207,-0.03173285564097997
values,1208,0.003983785460534986
values,1209,0.0005089500195747643
values,1210,-0.001487824767795486
values,1211,-0.0001360018747671887
values,1212,2.107752597502465e-06
values,1213,-9.181163830387264e-05
values,1214,-9.401411283691479e-05
values,1215,-7.932785458329525e-06
values,1216,2.075602088757551e-05
values,1217,2.069244678821111e-05
values,1218,-0.00149966600533197
values,1219,-5.117041316794311e-05
values,1220,-0.002106653988430885
values,1221,-0.002097331247031028
values,1222,-0.0008881494759917711
values,1223,-0.002648623681199513
values,1224,-0.0001801888426448033
values,1225,-0.0005442667688300732
values,1226,-2.635916778384951e-07
values,1227,1.713150131816102e-05
values,1228,-5.487862059833122e-06
values,1229,1.446356647608172e-05
values,1230,1.563129680764149e-05
values,1231,4.624808826758315e-06
values,1232,0.0002105812022881204
values,1233,-1.880513713865157e-05
values,1234,4.94039678259968e-05
values,1235,0.0002126374361704497
values,1236,0.0002776791556465579
values,1237,-0.00102472086192115
values,1238,5.421805078611795e-05
values,1239,0.0003030089612315305
values,1240,-0.001430906082658004
values,1241,2.108230523546706e-05
values,1242,-0.0003946914049969859
values,1243,-1.057502581043897e-05
values,1244,1.219207611821177e-05
values,1245,-9.062089290598482e-05
values,1246,9.981772947956121e-05
values,1247,-1.392608075350607e-05
values,1248,9.320740860682683e-05
values,1249,0.0005877128450892089
values,1250,0.0005706116598784594
values,1251,0.0003257347745002144
values,1252,0.001802363069995131
values,1253,0.00224609595846685
values,1254,-0.003431172651001851
values,1255,0.001518392071418087
values,1256,0.001631499663894682
values,1257,-0.008551415525697463
values,1258,0.0003390165100385895
values,1259,6.015063468253525e-05
values,1260,-0.001273986632539144
values,1261,7.016245118010385e-05
values,1262,-2.997660567384678e-05
values,1263,-0.0001391758000438888
values,1264,-0.0005376317885305561
values,1265,9.623597006180254e-05
values,1266,7.94943937627081e-05
values,1267,-0.002207048017878646
values,1268,0.001457032366635311
values,1269,0.001238598619337708
values,1270,0.04549150823420401
values,1271,0.03156744650621465
values,1272,0.04380577135998772
values,1273,0.007238228851360012
values,1274,0.001399765494152529
values,1275,-0.04375077476830607
values,1276,0.0008757565408297333
values,1277,-0.00090082876457675
values,1278,-0.001194989592021588
values,1279,0.0001093018371964283
values,1280,-0.0002238685645614043
values,1281,-0.0002079470620708963
values,1282,-0.000886973294503118
values,1283,0.0001314249613214351
values,1284,-2.35253197115181e-05
values,1285,-0.007403904504217838
values,1286,0.0008628109826811153
values,1287,0.001275096257591184
values,1288,-0.0457300186856315
values,1289,-0.00154131679215099
values,1290,0.008876557916124678
values,1291,0.002135397259622079
values,1292,-0.03173412460443489
values,1293,0.003985900602582047
values,1294,0.0005322351151251541
values,1295,-0.001500448215388691
values,1296,-0.0001385303170188307
values,1297,8.083934344264257e-05
values,1298,-0.0002431648839540025
values,1299,-6.23156974362371e-05
values,1300,-0.0002387528047268491
values,1301,2.049679238745311e-06
values,1302,-0.001525369468233388
values,1303,-0.0001385914219070799
values,1304,-0.002097166475616871
values,1305,-0.002152350464179375
values,1306,-0.0008878205438878191
values,1307,-0.002656686783011674
values,1308,-0.0001805806285295817
values,1309,-0.000546534890085968
values,1310,-1.508518747986644e-05
values,1311,-8.780083585097064e-05
values,1312,1.501810490858605e-05
values,1313,4.940281424042134e-06
values,1314,0.0002099872811962343
values,1315,-2.152819052456582e-05
values,1316,5.46787672397532e-05
values,1317,0.0002127139021871681
values,1318,0.0002780262651090372
values,1319,-0.001024370065798746
values,1320,4.535433344495391e-05
values,1321,0.0003034468187016826
values,1322,-0.001446440924340544
values,1323,0.0001030846601325069
values,1324,6.989353232387515e-05
values,1325,-0.0004204555787498179
values,1326,4.053727139785553e-08
values,1327,0.0001036448910218151
values,1328,-8.653523605711159e-06
values,1329,9.466525937654387e-05
values,1330,0.0005769712516494515
values,1331,0.0005738679120632311
values,1332,0.0003114646647860361
values,1333,0.001803333168199324
values,1334,0.002247769104461125
values,1335,-0.003428670759679813
values,1336,0.001505325829051206
values,1337,0.001617405950506404
values,1338,-0.008604658599673362
values,1339,0.0003643145968464408
values,1340,-0.0001515966768960232
values,1341,-0.001076019159798985
values,1342,-2.109442871822651e-06
values,1343,-0.0005120784691726402
values,1344,9.158157559671656e-05
values,1345,9.653868064621107e-05
values,1346,-0.002204229308667584
values,1347,0.0014495692136917
values,1348,0.001190556540052741
values,1349,0.04549364070161215
values,1350,0.03156744650621864
values,1351,0.04380577135977398
values,1352,0.007405782168800909
values,1353,0.001348629156264107
values,1354,-0.04381294426227589
values,1355,0.0006152204424057976
values,1356,-0.001257869645841337
values,1357,-0.001352675833679047
values,1358,-1.67417574839552e-06
values,1359,-0.00089763114079891
values,1360,0.0001311505806063199
values,1361,-1.141003782895339e-05
values,1362,-0.00735730579903415
values,1363,0.000864981684246566
values,1364,0.001272964636872712
values,1365,-0.04572952600392342
values,1366,-0.001543779675809296
values,1367,0.008876552389443741
values,1368,0.002445745818567584
values,1369,-0.0318012934717682
values,1370,0.003966706123792518
values,1371,0.0004316359325306909
values,1372,-0.001736243066632263
values,1373,-0.0005744257659140356
values,1374,-0.0002622789900996064
values,1375,3.737143660516324e-06
values,1376,-0.001518287614975864
values,1377,-0.0001484707391394003
values,1378,-0.002096454110653546
values,1379,-0.00216761498651972
values,1380,-0.0007314784091529571
values,1381,-0.0026841345124836
values,1382,8.456544944363843e-06
values,1383,-0.0006904655673871356
values,1384,1.50120108587476e-05
values,1385,4.853636654615641e-06
values,1386,0.000210044808046171
values,1387,-2.153334687334777e-05
values,1388,5.470509533065916e-05
values,1389,0.0002127964719726883
values,1390,0.0002759911300355716
values,1391,-0.001017672141099242
values,1392,0.000266119538202498
values,1393,0.0005458154221868342
values,1394,-0.001310048099062189
values,1395,5.697671041833803e-08
values,1396,0.0001035489646446289
values,1397,-8.822507629757127e-06
values,1398,9.453132520959708e-05
values,1399,0.0005768233397367755
values,1400,0.0005739115176754565
values,1401,0.0003114748727153187
values,1402,0.001850115706036494
values,1403,0.002248906859369861
values,1404,-0.003342960090158594
values,1405,0.001120676196558726
values,1406,0.001595585653226973
values,1407,-0.007466525980051982
values,1408,-2.108522311281513e-06
values,1409,-0.0005120562345402218
values,1410,9.159946777870717e-05
values,1411,9.6431661066266e-05
values,1412,-0.002209792130315811
values,1413,0.00144956921369218
values,1414,0.001190556540047057
values,1415,0.0456138828410827
values,1416,0.0316000421099256
values,1417,0.04388868398825117
values,1418,0.005631230135219026
values,1419,0.000929666688181216
values,1420,-0.0440047459460823
values,1421,-1.83234345770633e-06
values,1422,-0.0008958410629518656
values,1423,0.0001297181698077589
values,1424,-9.337128340955536e-06
values,1425,-0.007358282919149635
values,1426,0.0008645182838663474
values,1427,0.001272611933900038
values,1428,-0.04562835405741519
values,1429,-0.001426760563447281
values,1430,0.008880873987221283
values,1431,0.002049838195352387
values,1432,-0.03117933419550251
values,1433,0.003016328807583056
values,1434,-0.0002626542880711495
values,1435,4.354954044468508e-06
values,1436,-0.001518388849055632
values,1437,-0.0001484905569122936
values,1438,-0.002042773181846886
values,1439,-0.002162540993163195
values,1440,-0.0004316552944948397
values,1441,-0.002273533410962169
values,1442,1.495865703697117e-05
values,1443,4.853636654615284e-06
values,1444,0.0002541818718043682
values,1445,-2.230055407662039e-05
values,1446,7.566801529506027e-05
values,1447,0.0005714452075561741
values,1448,0.0007696846716120408
values,1449,-0.001205530786859145
values,1450,7.625462387316712e-05
values,1451,0.0002563132759940072
values,1452,-0.001763472628908344
values,1453,2.064261604255293e-05
values,1454,-0.0003927659609230612
values,1455,5.697671041873574e-08
values,1456,0.0001031469905021047
values,1457,-8.822507629773133e-06
values,1458,9.453132520961664e-05
values,1459,0.0006467379350385799
values,1460,0.0005953245657056551
values,1461,0.0003860244153505647
values,1462,0.002046054694555832
values,1463,0.002810087572796818
values,1464,-0.003228618722068216
values,1465,0.001852400934545482
values,1466,0.001390693170716552
values,1467,-0.01025349082254211
values,1468,0.0003399281977201245
values,1469,3.016563260319927e-05
values,1470,-0.001278079899232377
values,1471,-7.395161522159821e-06
values,1472,5.104805446503849e-06
values,1473,-2.108522311286159e-06
values,1474,-0.0005128381150786132
values,1475,9.159946777875783e-05
values,1476,9.643166106589877e-05
values,1477,-0.002917950397908343
values,1478,0.001540817767029834
values,1479,0.001259974848017335
values,1480,0.0462381746115515
values,1481,0.03352474560846914
values,1482,0.04776815872691925
values,1483,0.008859730420642016
values,1484,-0.0002004894240271394
values,1485,-0.04754270018919868
values,1486,0.0008743885189684027
values,1487,-0.0009882953768432508
values,1488,-0.00125001891789079
values,1489,1.74390171470106e-06
values,1490,-0.0001284097202450608
values,1491,-9.700316177654335e-05
values,1492,-1.832343457711106e-06
values,1493,-0.0008963460221358216
values,1494,0.000129718169807685
values,1495,-9.337128340882212e-06
values,1496,-0.008989044895171189
values,1497,0.0009625033930757036
values,1498,0.001290768191529226
values,1499,-0.04662071036255853
values,1500,1.703238706467561e-05
values,1501,0.01057444432998538
values,1502,0.002852833955178583
values,1503,-0.03372205598718617
values,1504,0.003777496340486499
values,1505,0.0005079179522548732
values,1506,-0.001579331826707926
values,1507,-0.0002100690983748148
values,1508,2.281997358165519e-06
values,1509,-9.058948533609068e-05
values,1510,-9.455533193600294e-05
values,1511,-0.0002626384519685522
values,1512,4.354954044472825e-06
values,1513,-0.001869509416089762
values,1514,-0.000116486386585506
values,1515,-0.002349067168299558
values,1516,-0.001832519977319716
values,1517,-0.0009601733736383218
values,1518,-0.003302228681871845
values,1519,-0.0001784698593391571
values,1520,-0.0005643494486164091
values,1521,-2.499569906535205e-07
values,1522,1.525813160621305e-05
values,1523,0.0001740361945152204
values,1524,0.0002052337356115005
values,1525,0.0003468467845699738
values,1526,-0.0008718160917864188
values,1527,5.233520481034842e-05
values,1528,0.0003030940445777114
values,1529,-0.001430803854758232
values,1530,1.900767532632074e-05
values,1531,-0.0003806474262757835
values,1532,0.0001975807922589415
values,1533,0.00176745471758502
values,1534,0.001936211812363376
values,1535,-0.002573359652341244
values,1536,0.001534349889810663
values,1537,0.001622329499783375
values,1538,-0.008559156852269491
values,1539,0.0003272914976040854
values,1540,6.03993197967253e-05
values,1541,-0.001291104313217329
values,1542,-6.165140697609772e-06
values,1543,1.652555448600452e-05
values,1544,-0.002175836967428976
values,1545,0.04537119762066442
values,1546,0.031055780785472
values,1547,0.04398748566554003
values,1548,0.007241716279829499
values,1549,0.001284059699082023
values,1550,-0.0438273924541993
values,1551,0.0008794084146858673
values,1552,-0.0008961685859214249
values,1553,-0.00121445402529222
values,1554,-0.0001333091391443742
values,1555,-8.495808942949148e-05
values,1556,-0.005663251836364128
values,1557,-0.04586556568071098
values,1558,-0.0009806565726187472
values,1559,0.00761939982175181
values,1560,0.002131487560102629
values,1561,-0.03176564994337401
values,1562,0.003908869999439078
values,1563,0.0005433252401682134
values,1564,-0.001481919939414277
values,1565,-0.000147018123017627
values,1566,-9.82604623801131e-05
values,1567,-9.380546886379479e-05
values,1568,-0.00113642603445959
values,1569,-0.002137139548706097
values,1570,-0.002057532599163246
values,1571,-0.0009058013504612486
values,1572,-0.002638070055965995
values,1573,-0.0001759352044816783
values,1574,-0.0005559008201159576
values,1575,2.170776050233943e-05
values,1576,7.493620178810289e-05
values,1577,0.0002050796638525687
values,1578,0.000187227880035775
values,1579,6.300727752663245e-05
values,1580,0.0002048019607977117
values,1581,0.0002776679279517379
values,1582,-0.001024294505453147
values,1583,3.598659324121011e-05
values,1584,0.0002955236871433246
values,1585,-0.001432059556519307
values,1586,8.17587602049353e-06
values,1587,-0.0002660406618856253
values,1588,-0.000104350893482961
values,1589,0.0004382871677756624
values,1590,0.0006948075353267402
values,1591,0.0007628475202900334
values,1592,0.001839236552309513
values,1593,0.002267602085920173
values,1594,-0.003414780818141977
values,1595,0.001490333078002432
values,1596,0.001616999327786451
values,1597,-0.008664332929236051
values,1598,-2.747552976396122e-05
values,1599,-0.001183836980181974
values,1600,-0.0004424834113859095
values,1601,-0.002523026527895121
values,1602,0.001675998718837189
values,1603,0.001386203943733752
values,1604,0.04549933222389497
values,1605,0.0316348327124867
values,1606,0.04387218943552169
values,1607,0.0074396157915792
values,1608,0.001358252736262798
values,1609,-0.04384967325992065
values,1610,-0.001156843960276886
values,1611,-0.001357263855954831
values,1612,-0.0006271659692336458
values,1613,-0.007530740103000751
values,1614,0.001243884198364046
values,1615,0.001050285301582312
values,1616,-0.04575308883424764
values,1617,-0.001491834780734116
values,1618,0.008933779913266899
values,1619,0.002482826490866972
values,1620,-0.03176355262908746
values,1621,0.00399994498353512
values,1622,-0.00165187090141145
values,1623,-0.0003836738278330281
values,1624,-0.0003766996262351375
values,1625,-0.001501355367340814
values,1626,-6.101772873634483e-05
values,1627,-0.002124240555760762
values,1628,-0.002145275874198404
values,1629,-0.0007759134512408763
values,1630,-0.002680942511818038
values,1631,-0.0004862916236546995
values,1632,4.029462888816547e-05
values,1633,1.500003430053411e-05
values,1634,2.098497304940255e-05
values,1635,-6.927956026287908e-05
values,1636,0.0002095293178856176
values,1637,-2.145923295135585e-05
values,1638,5.492024624121132e-05
values,1639,0.0001927761738798579
values,1640,0.0002725830157792182
values,1641,-0.001029183533130845
values,1642,0.0002809814716969479
values,1643,-0.00156434392284983
values,1644,-1.145192122848457e-05
values,1645,0.0001039523518342165
values,1646,7.256981013936732e-05
values,1647,0.000118631150830797
values,1648,0.0005884561077077286
values,1649,0.0005758947970340272
values,1650,0.000313522520119246
values,1651,0.001870799492349264
values,1652,0.002240402542911143
values,1653,-0.003382576026893441
values,1654,0.001393448513950099
values,1655,-0.009268610453182009
values,1656,-8.01249049076051e-05
values,1657,-0.0005354608451224075
values,1658,0.0002360046850889417
values,1659,0.0002152712937900139
values,1660,-0.002229562594059577
values,1661,0.001462216423867638
values,1662,0.001198189233104343
values,1663,0.04567093630961792
values,1664,0.03159205327814612
values,1665,0.04394904798678301
values,1666,0.0003446807747969026
values,1667,-0.04536712021575149
values,1668,-0.0001096446865803999
values,1669,-0.0008980720213098995
values,1670,0.0002136073877176086
values,1671,0.0001379980261260531
values,1672,-0.007320340763427175
values,1673,0.0008700103631193771
values,1674,0.001281308436474759
values,1675,-0.04562770672791003
values,1676,-0.001418908288694254
values,1677,0.008880520542429462
values,1678,-0.03238738763832206
values,1679,0.003277841671023995
values,1680,-6.568731565431685e-05
values,1681,-0.0002608942885310097
values,1682,-2.669074578638234e-05
values,1683,-0.001508821996054178
values,1684,-0.0001572595595398877
values,1685,-0.00213966524807656
values,1686,-0.002152156904811436
values,1687,-0.002912585291807621
values,1688,-4.652105409343382e-05
values,1689,-5.795700288857855e-05
values,1690,0.0003079784869310002
values,1691,0.0003307403221458079
values,1692,-0.0009064366000722488
values,1693,0.0001053998969205534
values,1694,0.0003072276210584835
values,1695,-0.001421074027003209
values,1696,2.152127540499657e-05
values,1697,-0.0004043282582379842
values,1698,0.001734414603781935
values,1699,0.002515954799719729
values,1700,-0.002909159043742153
values,1701,0.001477155352913235
values,1702,0.001574576630586431
values,1703,-0.008841429603697333
values,1704,0.0003406095975614687
values,1705,5.578489112920078e-05
values,1706,-0.001265074308612717
values,1707,-7.490451185901902e-06
values,1708,5.022791816236462e-06
values,1709,0.0461785120081819
values,1710,0.03251831277996969
values,1711,0.04614913334320204
values,1712,0.00752847428879738
values,1713,0.001629449371475752
values,1714,-0.04412931681628916
values,1715,0.0008838245377342571
values,1716,-0.0008804233039046994
values,1717,-0.00114790396249944
values,1718,1.745609222823112e-06
values,1719,-0.0001292544860343449
values,1720,-9.517995071786282e-05
values,1721,1.448617114944205e-10
values,1722,-0.04859816909604349
values,1723,-0.002039238137055335
values,1724,0.001518612193364102
values,1725,-0.03307410052690457
values,1726,0.0004703655514896473
values,1727,-0.001832894405562102
values,1728,1.876690571997693e-06
values,1729,-9.165395185933323e-05
values,1730,-1.40741750419117e-11
values,1731,2.92538510676589e-11
values,1732,2.426177768088696e-06
values,1733,-4.770543089415002e-05
values,1734,-5.727783530836156e-05
values,1735,3.112327416387899e-08
values,1736,0.0002110142282373433
values,1737,-1.965046915103396e-05
values,1738,0.0001352410133037503
values,1739,0.0003056228002888653
values,1740,0.0003272575588723474
values,1741,-0.0009468569450118095
values,1742,0.000104507304631085
values,1743,0.0003069935307369742
values,1744,-0.001420578840485169
values,1745,2.152352059941256e-05
values,1746,-0.0004043253932522482
values,1747,-4.959915204997204e-09
values,1748,-1.558778412290986e-08
values,1749,1.222970775610479e-06
values,1750,0.0004181573569339457
values,1751,0.000513320422139548
values,1752,0.000534552966780069
values,1753,0.001731236439262311
values,1754,0.002212306928347964
values,1755,-0.003538099565474817
values,1756,0.001478086820437495
values,1757,0.001574626716232205
values,1758,-0.008595534927737873
values,1759,0.000340609597561554
values,1760,5.578489112903759e-05
values,1761,-0.00126507430861538
values,1762,-7.490451185972609e-06
values,1763,5.022900174407545e-06
values,1764,-1.666372604211401e-06
values,1765,5.320912919031327e-06
values,1766,1.533163271236924e-06
values,1767,-0.002491650348329764
values,1768,0.001595809154155121
values,1769,0.001493228375353766
values,1770,0.04603362922365695
values,1771,0.03172729120568336
values,1772,0.04438121572339251
values,1773,0.007320399386374198
values,1774,0.001686128765447959
values,1775,-0.04371207389236944
values,1776,0.0008838246172379677
values,1777,-0.0008775110113020325
values,1778,-0.001148794895172087
values,1779,1.74551704633891e-06
values,1780,-0.0001292548152542608
values,1781,-9.517964995367869e-05
values,1782,-3.043370360923454e-06
values,1783,1.824935656782755e-05
values,1784,1.073116804639751e-05
values,1785,-0.008535879824644365
values,1786,0.0008005354144731188
values,1787,-0.04799536230282881
values,1788,-0.002890909589241086
values,1789,0.001393666791772377
values,1790,-0.03298065774841374
values,1791,0.0004696108123850656
values,1792,-0.001782038402263696
values,1793,1.876561592821036e-06
values,1794,-9.165364308620935e-05
values,1795,-6.982264411535207e-06
values,1796,2.20744984293873e-05
values,1797,1.377710799101111e-06
values,1798,-4.623953574312422e-05
values,1799,-5.727784586258754e-05
values,1800,-5.67793830311158e-07
values,1801,1.790329674742885e-08
values,1802,-1.792577001498735e-05
values,1803,1.597115183106137e-05
values,1804,4.422747681061392e-06
values,1805,0.0002140416333908781
values,1806,-1.085358128524532e-05
values,1807,6.015684693655975e-05
values,1808,0.0003024840936154074
values,1809,0.000326192292922139
values,1810,-0.0009495153502628058
values,1811,0.0001045061588830083
values,1812,0.0003072316674727688
values,1813,-0.001420345313730851
values,1814,2.152056428078422e-05
values,1815,-0.0004049433785139645
values,1816,1.327452906707314e-05
values,1817,1.025952810494757e-06
values,1818,-0.0001030681566021039
values,1819,0.0001005412215172362
values,1820,-1.554421771620314e-05
values,1821,9.203698061312299e-05
values,1822,0.00054609318307343
values,1823,0.0005697162200269045
values,1824,0.0003299266670209398
values,1825,0.001732920380284721
values,1826,0.002189794666926992
values,1827,-0.003490171617655744
values,1828,0.001478382130034299
values,1829,0.001574626716231714
values,1830,-0.008595534927747532
values,1831,0.0003397496518657375
values,1832,5.721807377198222e-05
values,1833,-0.001277607324373821
values,1834,8.13557802230353e-05
values,1835,-4.55697756963693e-05
values,1836,-0.000162692009613394
values,1837,-0.0005353078167044245
values,1838,9.287839436614227e-05
values,1839,7.467508389507628e-05
values,1840,-0.002095742892606099
values,1841,0.001461757667451959
values,1842,0.001303549764738264
values,1843,0.04594460106591376
values,1844,0.03172033659066854
values,1845,0.04407020752616464
values,1846,0.00732094488004937
values,1847,0.001693570049864783
values,1848,-0.04371510708197711
values,1849,0.0008852716281908719
values,1850,-0.0008873840494901359
values,1851,-0.001164540958740393
values,1852,0.0001318092535024063
values,1853,-0.0002369200323513746
values,1854,-0.0002210264494567549
values,1855,-0.0009998903162515207
values,1856,0.0001346326089939309
values,1857,-0.008310965929768646
values,1858,0.0006297770642392226
values,1859,-0.04789206896169389
values,1860,-0.002979753615335765
values,1861,0.001390453500976532
values,1862,-0.03296399016731577
values,1863,0.0004972942771866608
values,1864,-0.001798427298438859
values,1865,0.0001121190704045604
values,1866,-0.0002777675383608237
values,1867,1.458628963251219e-06
values,1868,-4.623953574312753e-05
values,1869,-5.772680327793675e-05
values,1870,-1.698159274080122e-05
values,1871,-1.289005429590492e-05
values,1872,-0.0001614143473691499
values,1873,1.579956550332974e-05
values,1874,4.907818580341939e-06
values,1875,0.0002135305658551108
values,1876,-1.043791358207882e-05
values,1877,5.979663253752553e-05
values,1878,0.0003026397805237476
values,1879,0.0003261990272379713
values,1880,-0.0009494851966672754
values,1881,9.587680887982511e-05
values,1882,0.0003078539008538465
values,1883,-0.001435755714848193
values,1884,0.0001422830389182471
values,1885,-1.645128971498549e-05
values,1886,-0.0004667737596522405
values,1887,5.697187379398974e-08
values,1888,9.99877826727507e-05
values,1889,-8.748358188631082e-06
values,1890,9.567079672872806e-05
values,1891,0.0005462425025686275
values,1892,0.0005682057508644875
values,1893,0.0003110302680757628
values,1894,0.00173377806776183
values,1895,0.002189794666926909
values,1896,-0.00349017161766945
values,1897,0.00146319356326443
values,1898,0.001560610350575274
values,1899,-0.00864911266263986
values,1900,0.0003916200327860034
values,1901,-0.0001919565396124054
values,1902,-0.001159762208256607
values,1903,-2.496891981879167e-06
values,1904,-0.0005069230442317545
values,1905,9.126353273025415e-05
values,1906,9.494866991016352e-05
values,1907,-0.002064592420463232
values,1908,0.001467763148350371
values,1909,0.001257978631679242
values,1910,0.04594690423390234
values,1911,0.03171858175390609
values,1912,0.04407054502778769
values,1913,0.007481826700683599
values,1914,0.00164323454132009
values,1915,-0.04379053882605186
values,1916,0.0006888083935262772
values,1917,-0.001273790525189139
values,1918,-0.00140312685479214
values,1919,-8.154680037517017e-07
values,1920,-0.001033305258437536
values,1921,0.0001336542660275804
values,1922,-0.008238699197851503
values,1923,0.000633801840408351
values,1924,-0.04788991788066566
values,1925,-0.00302032448319108
values,1926,0.001730935920230658
values,1927,-0.03305014685948064
values,1928,0.0004925167724345242
values,1929,-0.002064525668363256
values,1930,1.458628963250813e-06
values,1931,-4.627032112491252e-05
values,1932,5.557190719846216e-06
values,1933,2.214928532389801e-06
values,1934,-0.0003100506550952895
values,1935,1.579956550332789e-05
values,1936,4.90781858034097e-06
values,1937,0.0002135372587214907
values,1938,-1.043791358211306e-05
values,1939,5.979663253753576e-05
values,1940,0.0003068418259838672
values,1941,0.0003252553884648113
values,1942,-0.0009427964763962967
values,1943,0.0003093969680352297
values,1944,0.0003853550759267766
values,1945,-0.001415781236513974
values,1946,5.697545165141819e-08
values,1947,9.998778267283307e-05
values,1948,-8.748343875725179e-06
values,1949,9.49033865852296e-05
values,1950,0.0005460879564320564
values,1951,0.0005682057508645918
values,1952,0.000311030268072496
values,1953,0.001775767754288823
values,1954,0.002190932795059916
values,1955,-0.003404283297094767
values,1956,0.001191807142652067
values,1957,0.0015181855866584
values,1958,-0.00800486428001141
values,1959,-2.239024931191321e-06
values,1960,-0.0005043662066439284
values,1961,9.069975005751219e-05
values,1962,9.881673144875765e-05
values,1963,-0.00207038912512705
values,1964,0.001467343670000784
values,1965,0.001257715098608731
values,1966,0.04608435771192743
values,1967,0.03174684012621058
values,1968,0.04416322047603484
values,1969,0.006074496491658213
values,1970,0.001238434939808866
values,1971,-0.04480491890662118
values,1972,-1.389046040646299e-06
values,1973,-0.001031638888040867
values,1974,0.0001360016728944758
values,1975,-0.008239638237484912
values,1976,0.0006266754796366248
values,1977,-0.04776826016860858
values,1978,-0.002898207627304739
values,1979,0.002032488013622416
values,1980,-0.03240026228404706
values,1981,1.740046273826536e-06
values,1982,9.898787684708948e-05
values,1983,3.9661215052139e-05
values,1984,-0.0002558378303792816
values,1985,0.0001284408575846883
values,1986,-0.0001465879254385159
values,1987,1.574546876685344e-05
values,1988,4.907818580338664e-06
values,1989,0.0002581742609782806
values,1990,-1.089368752118193e-05
values,1991,8.064599081662422e-05
values,1992,0.000460709885917066
values,1993,0.0006169384984003632
values,1994,-0.001214225584584348
values,1995,0.0001274522718719439
values,1996,0.0002797220752936207
values,1997,-0.001599848720329333
values,1998,2.107192885565164e-05
values,1999,-0.0004032192195469921
values,2000,5.69754516508259e-08
values,2001,9.958583857002119e-05
values,2002,-8.748343875746424e-06
values,2003,9.490338658511129e-05
values,2004,0.0006142449834120618
values,2005,0.0005895572737109334
values,2006,0.0003859423488769503
values,2007,0.002084723499313892
values,2008,0.002733661794777694
values,2009,-0.003463608256167368
values,2010,0.001809336314238145
values,2011,0.001434829090481031
values,2012,-0.01031381691575397
values,2013,0.0003406680761022449
values,2014,2.746413680196909e-05
values,2015,-0.001280722716098287
values,2016,-7.489011408575636e-06
values,2017,4.728842488660642e-06
values,2018,-2.239024931119257e-06
values,2019,-0.0005051948787130204
values,2020,9.069975005734153e-05
values,2021,9.881664007392566e-05
values,2022,-0.002749966633030952
values,2023,0.0015586351114638
values,2024,0.001339958442789017
values,2025,0.04685895743720797
values,2026,0.03390811711599209
values,2027,0.04813608242762035
values,2028,0.008966466115895872
values,2029,3.537869449377019e-05
values,2030,-0.04724537489645773
values,2031,0.0008839642317249424
values,2032,-0.0009764510747493037
values,2033,-0.001215243943456322
values,2034,1.806030502284878e-06
values,2035,-0.0001289291576380189
values,2036,-9.770298731948109e-05
values,2037,-1.389119521951418e-06
values,2038,-0.001032362406162936
values,2039,0.000136001673813271
values,2040,-0.00997525369787434
values,2041,0.0007397803917434972
values,2042,-0.04894585054725888
values,2043,-0.001602608435014434
values,2044,0.002071585963657762
values,2045,-0.03464184273367064
values,2046,0.000471030938828111
values,2047,-0.001876587262069468
values,2048,2.250852392256589e-06
values,2049,-9.424129295646218e-05
values,2050,6.685611564713378e-05
values,2051,0.0001412295715346272
values,2052,-0.0001223643361338749
values,2053,-5.728351568701872e-05
values,2054,4.943034558556056e-05
values,2055,0.0002995044208557702
values,2056,0.0003740487297989035
values,2057,-0.0006678750439923964
values,2058,0.0001041502819649679
values,2059,0.0003071314450362659
values,2060,-0.001420779777719519
values,2061,2.13912760336258e-05
values,2062,-0.0004046241313155144
values,2063,0.0001658991859001029
values,2064,0.001693509910391631
values,2065,0.001976598432478666
values,2066,-0.002578779832352476
values,2067,0.001478605852499919
values,2068,0.001566634139262567
values,2069,-0.008599311357821373
values,2070,0.0003398678862645849
values,2071,5.719614540979971e-05
values,2072,-0.001283550987761776
values,2073,-7.054422492015165e-06
values,2074,1.442301798883703e-05
values,2075,-0.002331815171507275
values,2076,0.04583797588317329
values,2077,0.0314441501138171
values,2078,0.0446249632373062
values,2079,0.007327223908888132
values,2080,0.001571216021052403
values,2081,-0.04377640348738877
values,2082,0.0008926925930429676
values,2083,-0.0008744817533759344
values,2084,-0.001198781762231303
values,2085,-0.0001341881906523612
values,2086,-8.502920519729931e-05
values,2087,-0.006359945572114928
values,2088,-0.04803425014359618
values,2089,-0.001456573045550508
values,2090,0.001380493552814434
values,2091,-0.03295390211962268
values,2092,0.0005149856793065574
values,2093,-0.001791542910596469
values,2094,-0.0001010272036324266
values,2095,3.45523540312552e-05
values,2096,5.002191637459189e-05
values,2097,-6.131665735930191e-05
values,2098,-4.629024785783991e-05
values,2099,-5.589329271179965e-05
values,2100,4.896549945280458e-06
values,2101,0.0002094574408785829
values,2102,0.0001764594980078786
values,2103,0.0001851613641943799
values,2104,0.0003042977350749418
values,2105,0.0003269091607935483
values,2106,-0.0009498495870217719
values,2107,9.077091235114519e-05
values,2108,0.0003089780169291376
values,2109,-0.001444438000266001
values,2110,1.198778076318222e-05
values,2111,-0.0002997857058620833
values,2112,-0.000130559424063369
values,2113,0.0004064318606462221
values,2114,0.0007066592750601002
values,2115,0.0008182540107719656
values,2116,0.001727831221396299
values,2117,0.002210360945289484
values,2118,-0.003494466149034516
values,2119,0.001473532437339187
values,2120,0.001554071348283137
values,2121,-0.008609390647330517
values,2122,-3.549668669640821e-05
values,2123,-0.001188395794200004
values,2124,-0.0004763178751456319
values,2125,-0.002387118840110833
values,2126,0.001730365174213135
values,2127,0.001502373649485027
values,2128,0.04599730129420385
values,2129,0.0317969354606787
values,2130,0.04411357376574863
values,2131,0.0074932381950391
values,2132,0.001650624571844403
values,2133,-0.04381980204618761
values,2134,-0.001158341095130679
values,2135,-0.001368178202310114
values,2136,-0.0007218379962150722
values,2137,-0.008416073888201927
values,2138,0.001281656565974949
values,2139,-0.04794778574641106
values,2140,-0.003002112073898081
values,2141,0.001749817548418326
values,2142,-0.03294874049206175
values,2143,-0.001924279233303903
values,2144,9.479958107628594e-07
values,2145,-3.162422736704785e-06
values,2146,-1.300205323042293e-05
values,2147,1.458558778131887e-06
values,2148,-4.636275310395467e-05
values,2149,-5.308831781878889e-05
values,2150,2.096731086663394e-05
values,2151,1.579201991162698e-05
values,2152,1.874658511543667e-05
values,2153,-2.400376712559939e-05
values,2154,0.000215315364378968
values,2155,-1.044629190159086e-05
values,2156,5.985389395776519e-05
values,2157,0.0002934816973468114
values,2158,0.0003241860291566088
values,2159,-0.0009524377147868838
values,2160,0.0003028207269892602
values,2161,-0.001576556841688942
values,2162,-1.968099275855151e-05
values,2163,0.0001003924931752551
values,2164,7.60692582937635e-05
values,2165,0.0001401595738675974
values,2166,0.0005349927751907737
values,2167,0.0005699490725598551
values,2168,0.0003048341388883264
values,2169,0.001780486745396212
values,2170,0.002180378513733405
values,2171,-0.003366338216627583
values,2172,0.001314815409023457
values,2173,-0.009178944332180354
values,2174,-8.537148088340373e-05
values,2175,-0.0005282251559837359
values,2176,0.000248525561322649
values,2177,0.0002317175698227256
values,2178,-0.002059897486899403
values,2179,0.001476810729604905
values,2180,0.001249736754643129
values,2181,0.04603716943872042
values,2182,0.03159647070036169
values,2183,0.04413929731933642
values,2184,0.0005516577739858824
values,2185,-0.04522857795147044
values,2186,-0.0001195489456382774
values,2187,-0.001029994647015572
values,2188,0.0002041379757580887
values,2189,-0.00812877912342848
values,2190,0.0006061811759425267
values,2191,-0.04774440923982914
values,2192,-0.002912121340056281
values,2193,-0.03369074688514426
