ordered_rank,solver_index,dof_index,component_real,component_imag
1,0,0,0.1086307009639012,0
1,0,1,-0.03687013419963608,0
1,0,2,0.06743397500785837,0
1,0,3,0.1736635328961234,0
1,0,4,-0.09642383230013242,0
1,0,5,0.1982818380724017,0
1,0,6,0.2331793383774078,0
1,0,7,-0.1397453097253838,0
1,0,8,0.3053472377940024,0
1,0,9,0.2840983445624811,0
1,0,10,-0.1762583840581314,0
1,0,11,0.4064298242441329,0
1,0,12,0.3081393968465382,0
1,0,13,-0.1974553953813282,0
1,0,14,0.4907853759960353,0
1,0,15,0.2691915935639141,0
1,0,16,-0.1999741439992626,0
1,0,17,0.5129397677037379,0
1,0,18,0.168029432650016,0
1,0,19,-0.1655100597859174,0
1,0,20,0.4418824197893098,0
1,0,21,0.06496817063707205,0
1,0,22,-0.09022393943737324,0
1,0,23,0.259368111039084,0
1,0,24,0.01181570017836023,0
1,0,25,-0.02897392193556578,0
1,0,26,0.0852542596553503,0
1,0,27,-0.003642959705788804,0
1,0,28,0.006711398782190982,0
1,0,29,0.1502638465825665,0
1,0,30,-0.05378818949835894,0
1,0,31,0.04005010353456103,0
1,0,32,0.320474856238711,0
1,0,33,-0.1684374447640623,0
1,0,34,0.1860812856499908,0
1,0,35,0.4796720920298839,0
1,0,36,-0.2849979211422109,0
1,0,37,0.3559898507593298,0
1,0,38,0.63203798206957,0
1,0,39,-0.394143890142957,0
1,0,40,0.5261930846544586,0
1,0,41,0.7566548956765141,0
1,0,42,-0.4887015384008882,0
1,0,43,0.694211774243973,0
1,0,44,0.8004088514098217,0
1,0,45,-0.5576319764195353,0
1,0,46,0.8192748335025704,0
1,0,47,0.6565134489286175,0
1,0,48,-0.5454532574060884,0
1,0,49,0.8568497480024095,0
1,0,50,0.3579228420052,0
1,0,51,-0.3777433032326077,0
1,0,52,0.664204766894043,0
1,0,53,0.1026745738141154,0
1,0,54,-0.1690729273512219,0
1,0,55,0.3157166672491896,0
1,0,56,-0.03461426763615478,0
1,0,57,0.05225296881378636,0
1,0,58,0.08770484041042105,0
1,0,59,-0.03091493038826551,0
1,0,60,0.01224029838877562,0
1,0,61,0.2481696088508986,0
1,0,62,-0.1202187821111313,0
1,0,63,0.0920719981951446,0
1,0,64,0.4375881724925894,0
1,0,65,-0.2452908554912247,0
1,0,66,0.2272893828761984,0
1,0,67,0.6323427524756772,0
1,0,68,-0.3814902659196368,0
1,0,69,0.3901226040263206,0
1,0,70,0.82479377265499,0
1,0,71,-0.5182125706770857,0
1,0,72,0.5646607886977939,0
1,0,73,0.994371031137874,0
1,0,74,-0.6547564313675611,0
1,0,75,0.7304576445883939,0
1,0,76,1,0
1,0,77,-0.7439993457083542,0
1,0,78,0.8816549678638428,0
1,0,79,0.7189284191430927,0
1,0,80,-0.6358528779092151,0
1,0,81,0.8557266618018919,0
1,0,82,0.2902911755109494,0
1,0,83,-0.3725791567866692,0
1,0,84,0.555998002885458,0
1,0,85,-0.1013247788661594,0
1,0,86,0.1423965391502229,0
1,0,87,0.02929507755890009,0
1,0,88,-0.01001741661759283,0
1,0,89,0.0006179442538814538,0
1,0,90,0.1098309266571843,0
1,0,91,-0.04832861403278042,0
1,0,92,0.02219630954090273,0
1,0,93,0.2371018812995521,0
1,0,94,-0.1225911250533515,0
1,0,95,0.07621787515067233,0
1,0,96,0.3880575994564192,0
1,0,97,-0.2216461348456323,0
1,0,98,0.1604847823422164,0
1,0,99,0.5489468452271886,0
1,0,100,-0.3333353518964928,0
1,0,101,0.2635944378448834,0
1,0,102,0.7287929852577165,0
1,0,103,-0.4587465197407976,0
1,0,104,0.3694456052279316,0
1,0,105,0.8558297171453972,0
1,0,106,-0.586625866658179,0
1,0,107,0.4933982134560217,0
1,0,108,0.7830696648435849,0
1,0,109,-0.5994373979112599,0
1,0,110,0.5712947266393933,0
1,0,111,0.4447556936631992,0
1,0,112,-0.4511039378976965,0
1,0,113,0.4982198600805767,0
1,0,114,-0.1598731040502865,0
1,0,115,0.2062720509447088,0
1,0,116,0.00428738529875942,0
1,0,117,-0.0009150993520525022,0
1,0,118,0.02019002276185314,0
1,0,119,-0.006898114870882174,0
1,0,120,0.05477856352859133,0
1,0,121,-0.02446409854291339,0
1,0,122,0.105303029685285,0
1,0,123,-0.0542101572933851,0
1,0,124,0.1643266176170984,0
1,0,125,-0.09353649366247849,0
1,0,126,0.2340079202757198,0
1,0,127,-0.1403928980964757,0
1,0,128,0.3086078735635029,0
1,0,129,-0.195223161906849,0
1,0,130,0.3384297280072447,0
1,0,131,-0.2282045542884401,0
1,0,132,0.2774792002383071,0
1,0,133,-0.2165498322756653,0
1,0,134,-0.09556081300575342,0
1,0,135,-0.0001810972493475265,0
1,0,136,-0.0001874567946361306,0
1,0,137,-7.759464314998673e-05,0
1,0,138,0.0002691917302024335,0
1,0,139,0.001164829712394152,0
1,0,140,0.0007568014385050518,0
1,0,141,0.0003952011901072325,0
1,0,142,0.0003479526000013372,0
1,0,143,0.0001413272105639586,0
1,0,144,-0.0003647497264906319,0
1,0,145,-0.0005895807350550527,0
1,0,146,-0.0006483903653943069,0
1,0,147,-0.0003413180439159803,0
1,0,148,0.0007624061765279044,0
1,0,149,0.0004495988191200257,0
1,0,150,0.000108927692876932,0
1,0,151,0.0005587430310552507,0
1,0,152,0.0003434004658342773,0
1,0,153,-0.000318176058415829,0
1,0,154,-0.0006108148852863111,0
1,0,155,-0.0008674610749799783,0
1,0,156,-0.0008586167229698937,0
1,0,157,-0.0001505086019175056,0
1,0,158,-0.0004699025770999571,0
1,0,159,-0.0007990595633332922,0
1,0,160,0.0001400235945056777,0
1,0,161,0.0002425834120259593,0
1,0,162,-0.0001501623328751748,0
1,0,163,-0.0003051062739067353,0
1,0,164,-0.0005108012496454758,0
1,0,165,-0.0006763437640359914,0
1,0,166,-0.0004886616291589908,0
1,0,167,-0.0006984649499037765,0
1,0,168,-0.001131617146593076,0
1,0,169,-0.0004341745727801107,0
1,0,170,-0.0001363830547013909,0
2,1,0,0.2779434136011039,0
2,1,1,-0.09441115445153633,0
2,1,2,0.217343030441236,0
2,1,3,0.304440450963716,0
2,1,4,-0.2040619042003815,0
2,1,5,0.4970138239307788,0
2,1,6,0.197497411920177,0
2,1,7,-0.1824499266747095,0
2,1,8,0.5040844948672257,0
2,1,9,0.01143153110472456,0
2,1,10,-0.08335278791903254,0
2,1,11,0.3015718947349561,0
2,1,12,-0.1740459113986777,0
2,1,13,0.0475172247241871,0
2,1,14,-0.02204895034229203,0
2,1,15,-0.262562511899099,0
2,1,16,0.1558809982492711,0
2,1,17,-0.324685771293714,0
2,1,18,-0.2091971781814163,0
2,1,19,0.1870504609438624,0
2,1,20,-0.457928533524823,0
2,1,21,-0.09140203020701182,0
2,1,22,0.1254930457468406,0
2,1,23,-0.3356488014105512,0
2,1,24,-0.0164188844778627,0
2,1,25,0.04695382801709193,0
2,1,26,-0.1286080560628362,0
2,1,27,0.006358603577956088,0
2,1,28,-0.01408977466222553,0
2,1,29,0.4635771142886742,0
2,1,30,-0.165528181842793,0
2,1,31,0.1559896886424111,0
2,1,32,0.7774058828452101,0
2,1,33,-0.4579303623489865,0
2,1,34,0.5832897703607852,0
2,1,35,0.7513983108397084,0
2,1,36,-0.5671947305669593,0
2,1,37,0.8506813641977176,0
2,1,38,0.4265035847041934,0
2,1,39,-0.441453843138101,0
2,1,40,0.7828919127605456,0
2,1,41,-0.06605789295951436,0
2,1,42,-0.139329300509188,0
2,1,43,0.409114514678964,0
2,1,44,-0.5233761984441788,0
2,1,45,0.2183032172533173,0
2,1,46,-0.126173138633565,0
2,1,47,-0.6773671621310227,0
2,1,48,0.4656606481467523,0
2,1,49,-0.6033486641060296,0
2,1,50,-0.4589602833610293,0
2,1,51,0.4435036453455269,0
2,1,52,-0.703183318218447,0
2,1,53,-0.1484526282883857,0
2,1,54,0.2356411150069802,0
2,1,55,-0.4151232579133832,0
2,1,56,0.05142628882031308,0
2,1,57,-0.08336131879419582,0
2,1,58,0.3113000874697351,0
2,1,59,-0.1081090097148896,0
2,1,60,0.05980135140846336,0
2,1,61,0.7516666286759252,0
2,1,62,-0.3954968215911726,0
2,1,63,0.3418322594115567,0
2,1,64,1,0
2,1,65,-0.6554279155012321,0
2,1,66,0.69618235144758,0
2,1,67,0.8809505641125012,0
2,1,68,-0.7036206936332228,0
2,1,69,0.8758904613296991,0
2,1,70,0.426531341089475,0
2,1,71,-0.4872823831460943,0
2,1,72,0.7438786616455595,0
2,1,73,-0.2054019343115444,0
2,1,74,-0.08040827021067601,0
2,1,75,0.330509677556155,0
2,1,76,-0.7193929822760886,0
2,1,77,0.3572551902941561,0
2,1,78,-0.2308924337305226,0
2,1,79,-0.7620828127996869,0
2,1,80,0.5741466034380026,0
2,1,81,-0.6404638586785081,0
2,1,82,-0.3732014756076132,0
2,1,83,0.4390602281178461,0
2,1,84,-0.6011258858349262,0
2,1,85,0.1331265030205434,0
2,1,86,-0.1920926561898274,0
2,1,87,0.1121343219906644,0
2,1,88,-0.03781914071942053,0
2,1,89,0.008682285557587743,0
2,1,90,0.3849836721415638,0
2,1,91,-0.1849034999737666,0
2,1,92,0.09498724600974022,0
2,1,93,0.6933941880017104,0
2,1,94,-0.4058796690885608,0
2,1,95,0.2784226363600925,0
2,1,96,0.8246230977400227,0
2,1,97,-0.5685715809277097,0
2,1,98,0.4740334102464263,0
2,1,99,0.6687110467638081,0
2,1,100,-0.5541625448725864,0
2,1,101,0.5484682056786839,0
2,1,102,0.2644598536760261,0
2,1,103,-0.3421508433937561,0
2,1,104,0.4332082517165577,0
2,1,105,-0.2614531168087538,0
2,1,106,0.001903930606143223,0
2,1,107,0.1520126347445641,0
2,1,108,-0.6023387011882444,0
2,1,109,0.3364326124697288,0
2,1,110,-0.1953237828073089,0
2,1,111,-0.4758737995136592,0
2,1,112,0.4163593577884674,0
2,1,113,-0.396027879025074,0
2,1,114,0.1762151139310575,0
2,1,115,-0.2278501406628396,0
2,1,116,0.01241992031926821,0
2,1,117,-0.004228315874745715,0
2,1,118,0.07048274609444177,0
2,1,119,-0.03313144824807216,0
2,1,120,0.1811905103687864,0
2,1,121,-0.09926112280379036,0
2,1,122,0.2893373946323486,0
2,1,123,-0.1783725638801639,0
2,1,124,0.3185194536302489,0
2,1,125,-0.2226019150624623,0
2,1,126,0.2416287285385124,0
2,1,127,-0.199572591220389,0
2,1,128,0.0696588495940248,0
2,1,129,-0.108197775397243,0
2,1,130,-0.1330448775893794,0
2,1,131,0.03585446240377339,0
2,1,132,-0.2253030204084063,0
2,1,133,0.1377046467444443,0
2,1,134,0.08217034055675468,0
2,1,135,0.0004647119295353164,0
2,1,136,0.0009648414686201241,0
2,1,137,0.001262931984522406,0
2,1,138,0.001055062139622884,0
2,1,139,0.0002965966112088849,0
2,1,140,0.0001047234682620096,0
2,1,141,-0.0001083669343895241,0
2,1,142,-8.710225163675075e-05,0
2,1,143,4.619041455438484e-05,0
2,1,144,8.450586475407446e-05,0
2,1,145,0.0004153620125500931,0
2,1,146,0.0009739250727722783,0
2,1,147,0.00142786558024264,0
2,1,148,0.001449913071097549,0
2,1,149,0.001348315003357238,0
2,1,150,0.0007497418305632916,0
2,1,151,0.0002183342022649507,0
2,1,152,0.0001238874706923053,0
2,1,153,-0.0001533001329177981,0
2,1,154,-0.0002581890422764503,0
2,1,155,-0.0001920314298368712,0
2,1,156,0.0003081370417718815,0
2,1,157,0.001149138968885844,0
2,1,158,0.001732583750339435,0
2,1,159,0.001490997570537775,0
2,1,160,0.001008954503420698,0
2,1,161,0.0005661276983029717,0
2,1,162,-6.449369468230408e-05,0
2,1,163,-0.000213898120200374,0
2,1,164,-0.0005183499168314312,0
2,1,165,-0.0006127969242526336,0
2,1,166,-8.848712090183625e-05,0
2,1,167,0.0006152291343637873,0
2,1,168,0.0007908473659957581,0
2,1,169,0.001071824519754021,0
2,1,170,0.0008326046533244514,0
3,2,0,-0.2318942062310252,0
3,2,1,0.09368444933855764,0
3,2,2,-0.3005679180167263,0
3,2,3,-0.02307670921003366,0
3,2,4,0.1166544535300199,0
3,2,5,-0.4035579684386986,0
3,2,6,0.2384019154186331,0
3,2,7,-0.05435448225319167,0
3,2,8,0.005545284645908258,0
3,2,9,0.2724585066264607,0
3,2,10,-0.1846216373854921,0
3,2,11,0.4343913261690857,0
3,2,12,0.01959714527742939,0
3,2,13,-0.1303263325297732,0
3,2,14,0.445612546606184,0
3,2,15,-0.3000209778743592,0
3,2,16,0.07667877476170488,0
3,2,17,-0.01571420125521493,0
3,2,18,-0.3785180899460105,0
3,2,19,0.2572877363879289,0
3,2,20,-0.5418167213519526,0
3,2,21,-0.2076209610639455,0
3,2,22,0.2447761920297584,0
3,2,23,-0.6044927938140632,0
3,2,24,-0.04355044282605693,0
3,2,25,0.1115624624474678,0
3,2,26,-0.2871283793666659,0
3,2,27,0.01738119659014204,0
3,2,28,-0.03536045869920321,0
3,2,29,-0.6235857382814322,0
3,2,30,0.2394275900135444,0
3,2,31,-0.2871744892438905,0
3,2,32,-0.6030995142710329,0
3,2,33,0.492976337131724,0
3,2,34,-0.7898885737982536,0
3,2,35,0.05377152240375948,0
3,2,36,0.2339095574889315,0
3,2,37,-0.6207178617314754,0
3,2,38,0.6750923395786048,0
3,2,39,-0.2749403279085931,0
3,2,40,0.1366854028338171,0
3,2,41,0.6434864219804441,0
3,2,42,-0.524117443608019,0
3,2,43,0.7743755821096329,0
3,2,44,-0.08005534008428543,0
3,2,45,-0.2450762188040287,0
3,2,46,0.6704661622028409,0
3,2,47,-0.8209875510867997,0
3,2,48,0.3453330689296917,0
3,2,49,-0.1458189488111339,0
3,2,50,-0.8331478861725911,0
3,2,51,0.674980020600435,0
3,2,52,-0.8648378052959541,0
3,2,53,-0.330152451027463,0
3,2,54,0.4783142074349337,0
3,2,55,-0.753706977142372,0
3,2,56,0.1221898397645611,0
3,2,57,-0.186147552075213,0
3,2,58,-0.5558168971240337,0
3,2,59,0.2033878430992547,0
3,2,60,-0.1352768559551103,0
3,2,61,-1,0
3,2,62,0.6181474688001768,0
3,2,63,-0.6205973203925549,0
3,2,64,-0.6815799622722114,0
3,2,65,0.6712912609790129,0
3,2,66,-0.9157226662301394,0
3,2,67,0.2275850074137075,0
3,2,68,0.1799354973693417,0
3,2,69,-0.5477390585834957,0
3,2,70,0.9210266359235155,0
3,2,71,-0.4589855605820493,0
3,2,72,0.2766423131835025,0
3,2,73,0.743462266380451,0
3,2,74,-0.6689948944106172,0
3,2,75,0.8482198571894529,0
3,2,76,-0.2238225446582183,0
3,2,77,-0.223666188478585,0
3,2,78,0.6349387177425218,0
3,2,79,-0.9477243234305174,0
3,2,80,0.4859013039112464,0
3,2,81,-0.2264756436227787,0
3,2,82,-0.6692601251986104,0
3,2,83,0.6710957409518652,0
3,2,84,-0.7484522605059237,0
3,2,85,0.2566093713352541,0
3,2,86,-0.3460948191899017,0
3,2,87,-0.2397397351525232,0
3,2,88,0.08526804466369635,0
3,2,89,-0.02409421621684454,0
3,2,90,-0.6868528235493518,0
3,2,91,0.3679681687790805,0
3,2,92,-0.2081328018400958,0
3,2,93,-0.8823613761538339,0
3,2,94,0.6245208160689069,0
3,2,95,-0.4981829814468015,0
3,2,96,-0.4599621354096126,0
3,2,97,0.5219662743433664,0
3,2,98,-0.5908510175620945,0
3,2,99,0.3250622281038628,0
3,2,100,0.03435891611278474,0
3,2,101,-0.2714278042941984,0
3,2,102,0.8319312624841028,0
3,2,103,-0.4719499877694633,0
3,2,104,0.2584991284231556,0
3,2,105,0.5576369948571569,0
3,2,106,-0.5658937241365501,0
3,2,107,0.5798335883014003,0
3,2,108,-0.2466746829101718,0
3,2,109,-0.1014907221601279,0
3,2,110,0.3570060304734363,0
3,2,111,-0.5839902777172027,0
3,2,112,0.3643676727522037,0
3,2,113,-0.1750118821393143,0
3,2,114,0.2422063198789301,0
3,2,115,-0.2838680913688614,0
3,2,116,-0.02867713775350437,0
3,2,117,0.01127134838132242,0
3,2,118,-0.1498976895950546,0
3,2,119,0.07819987597092129,0
3,2,120,-0.3159458598073768,0
3,2,121,0.1929082488790551,0
3,2,122,-0.3445332089199193,0
3,2,123,0.2528307053154958,0
3,2,124,-0.1327094395322294,0
3,2,125,0.160225002071776,0
3,2,126,0.1861105188233806,0
3,2,127,-0.04830012996571344,0
3,2,128,0.3547270459817755,0
3,2,129,-0.2203604789629509,0
3,2,130,0.1916457759126089,0
3,2,131,-0.186398445333346,0
3,2,132,-0.1028676474353036,0
3,2,133,0.002722040104368944,0
3,2,134,0.06177852001404236,0
3,2,135,-0.001189122063813296,0
3,2,136,-0.0009653500744018677,0
3,2,137,0.0002520925475587187,0
3,2,138,0.00134224904741266,0
3,2,139,0.001284978286395029,0
3,2,140,0.0002622517744371794,0
3,2,141,-0.0007796727454159668,0
3,2,142,-0.0005394838647282821,0
3,2,143,-2.019791883587662e-05,0
3,2,144,-0.0009957315163795642,0
3,2,145,-0.00131683421418745,0
3,2,146,-0.0009834477991765801,0
3,2,147,-5.146224183561864e-05,0
3,2,148,0.001130656421062171,0
3,2,149,0.001162537041751933,0
3,2,150,0.0003826272806449919,0
3,2,151,0.0002172338429187732,0
3,2,152,0.0003401623490684629,0
3,2,153,-0.0002712593068240413,0
3,2,154,-0.0002802683049134459,0
3,2,155,-0.0004007599360655404,0
3,2,156,-0.0008177618320302078,0
3,2,157,-0.0006231928545059372,0
3,2,158,-0.0003262879973278449,0
3,2,159,9.154353755739702e-05,0
3,2,160,0.001074080302671715,0
3,2,161,0.001227177172334674,0
3,2,162,-4.648920926348023e-05,0
3,2,163,0.0002513760295472645,0
3,2,164,0.0006884439748533763,0
3,2,165,0.0003392440644035796,0
3,2,166,-0.0005665566741412439,0
3,2,167,-0.001427897833460155,0
3,2,168,-0.001474880943165638,0
3,2,169,0.0001257194568722696,0
3,2,170,0.001105938364509875,0
4,3,0,-0.02325884507025011,0
4,3,1,-0.0261507387181936,0
4,3,2,0.2264429776992387,0
4,3,3,-0.2798310307832246,0
4,3,4,0.08100272184526043,0
4,3,5,-0.04150419392853834,0
4,3,6,-0.2245400968975649,0
4,3,7,0.2010710345145418,0
4,3,8,-0.4793179777321496,0
4,3,9,0.08689673158372156,0
4,3,10,0.09226702795233431,0
4,3,11,-0.328887394854173,0
4,3,12,0.1685560431782863,0
4,3,13,-0.08417301211958396,0
4,3,14,0.2034351011200308,0
4,3,15,-0.1641382231386399,0
4,3,16,-0.03467442575336959,0
4,3,17,0.2806049744848173,0
4,3,18,-0.4512006896426812,0
4,3,19,0.2187011222000216,0
4,3,20,-0.3169458655582692,0
4,3,21,-0.3265874269689475,0
4,3,22,0.3305932336983506,0
4,3,23,-0.73178678155412,0
4,3,24,-0.07974567827948796,0
4,3,25,0.1872679413027976,0
4,3,26,-0.4526061894631735,0
4,3,27,0.03287576199107003,0
4,3,28,-0.06190545355479574,0
4,3,29,0.4684212602155545,0
4,3,30,-0.213015432926302,0
4,3,31,0.3659452786520223,0
4,3,32,-0.07638225230670746,0
4,3,33,-0.1976955093651705,0
4,3,34,0.6123645179986223,0
4,3,35,-0.7126971821003122,0
4,3,36,0.3154651496218818,0
4,3,37,-0.1164197552685932,0
4,3,38,-0.4289352925013512,0
4,3,39,0.4987578452048267,0
4,3,40,-0.7615919043134314,0
4,3,41,0.3643805937710593,0
4,3,42,0.05332946800677713,0
4,3,43,-0.3604343803750751,0
4,3,44,0.4190616575010386,0
4,3,45,-0.339646501899463,0
4,3,46,0.4989239088307293,0
4,3,47,-0.485900701008065,0
4,3,48,-0.01462670547962411,0
4,3,49,0.4750822349974728,0
4,3,50,-1,0
4,3,51,0.6271161111991993,0
4,3,52,-0.5063347844712243,0
4,3,53,-0.514497197349389,0
4,3,54,0.6600133031762713,0
4,3,55,-0.8962618490873059,0
4,3,56,0.2039220340430761,0
4,3,57,-0.2864703287459193,0
4,3,58,0.7125487428271037,0
4,3,59,-0.283813064620336,0
4,3,60,0.2232901394597506,0
4,3,61,0.7824111114301584,0
4,3,62,-0.6413341468540812,0
4,3,63,0.8106013453353081,0
4,3,64,-0.1645289562416492,0
4,3,65,-0.2633951220751439,0
4,3,66,0.7159568905380395,0
4,3,67,-0.8515620241301332,0
4,3,68,0.4420103361541476,0
4,3,69,-0.1851676630758154,0
4,3,70,-0.3017798496185209,0
4,3,71,0.4993329005012395,0
4,3,72,-0.7264203074768233,0
4,3,73,0.6851740914583576,0
4,3,74,-0.1657236743528517,0
4,3,75,-0.1623869788481768,0
4,3,76,0.5598128413235042,0
4,3,77,-0.5647161492091134,0
4,3,78,0.7057113838132133,0
4,3,79,-0.5290411238860393,0
4,3,80,-0.01790148227549003,0
4,3,81,0.5158275852859473,0
4,3,82,-0.7714553618645364,0
4,3,83,0.5849086291630002,0
4,3,84,-0.3872555303237483,0
4,3,85,0.3258366218158881,0
4,3,86,-0.3901395992420807,0
4,3,87,0.3968252094360482,0
4,3,88,-0.1510339141639498,0
4,3,89,0.0450545462546929,0
4,3,90,0.8961680948894831,0
4,3,91,-0.5457308402827361,0
4,3,92,0.3473315687099278,0
4,3,93,0.6711703731840529,0
4,3,94,-0.6525144827911752,0
4,3,95,0.6514402135385523,0
4,3,96,-0.21826600722972,0
4,3,97,-0.1614809458652678,0
4,3,98,0.4385771297139127,0
4,3,99,-0.6461460783564962,0
4,3,100,0.3832180530940818,0
4,3,101,-0.1758586569619869,0
4,3,102,-0.03580462457312546,0
4,3,103,0.2721923289369665,0
4,3,104,-0.4236831554311947,0
4,3,105,0.745116626288745,0
4,3,106,-0.3369102809038792,0
4,3,107,0.03289538930663701,0
4,3,108,0.4875462143957792,0
4,3,109,-0.5317329175520388,0
4,3,110,0.5435413146509724,0
4,3,111,-0.2671152615665318,0
4,3,112,-0.05309280532527459,0
4,3,113,0.3322372564358034,0
4,3,114,0.1546731000232096,0
4,3,115,-0.1240174285477302,0
4,3,116,0.0555943730235318,0
4,3,117,-0.02268041411513891,0
4,3,118,0.2494595289391439,0
4,3,119,-0.1387951116987721,0
4,3,120,0.4038668030563493,0
4,3,121,-0.2769126476845977,0
4,3,122,0.2357567803536212,0
4,3,123,-0.2382236778975458,0
4,3,124,-0.1288918357769839,0
4,3,125,-0.008005881722585005,0
4,3,126,-0.2344099643419889,0
4,3,127,0.1495277298576442,0
4,3,128,0.0675526183215045,0
4,3,129,0.03376987306053567,0
4,3,130,0.3460737637924597,0
4,3,131,-0.1936502159859915,0
4,3,132,0.1984641422046845,0
4,3,133,-0.1903543691208909,0
4,3,134,-0.03031066175033792,0
4,3,135,0.0005838719569169961,0
4,3,136,-0.0008345175265567038,0
4,3,137,-0.001464226748001088,0
4,3,138,8.058668941694969e-05,0
4,3,139,0.001822041541068515,0
4,3,140,0.001213237182657781,0
4,3,141,-0.0006167844050590396,0
4,3,142,-0.001004924529739372,0
4,3,143,-0.0002466586380254781,0
4,3,144,0.00119367653216855,0
4,3,145,0.0006872460958955741,0
4,3,146,-0.0001398542529194766,0
4,3,147,-2.75685663730576e-05,0
4,3,148,0.00101728234187638,0
4,3,149,0.001372348297176425,0
4,3,150,0.0007566026689268867,0
4,3,151,0.0001496067802699274,0
4,3,152,0.0003247666461812931,0
4,3,153,0.0004255406208117931,0
4,3,154,0.0003309463383149954,0
4,3,155,0.0006752587374401558,0
4,3,156,0.001401400881433719,0
4,3,157,0.001292599912063285,0
4,3,158,6.710905925812025e-05,0
4,3,159,-0.0006526250435351124,0
4,3,160,1.540025615144674e-06,0
4,3,161,0.0009561944597363136,0
4,3,162,-4.562645370939123e-05,0
4,3,163,-0.0006032896637474625,0
4,3,164,-0.0006856288659730088,0
4,3,165,0.000747169146575496,0
4,3,166,0.001872474618228015,0
4,3,167,0.000623770776103283,0
4,3,168,-0.001426269429850644,0
4,3,169,-0.00178515005357842,0
4,3,170,-0.0002143861810842621,0
5,4,0,-0.295190710919141,0
5,4,1,0.06905678862155684,0
5,4,2,0.01093812077020749,0
5,4,3,-0.2551415758864329,0
5,4,4,0.2189271019973278,0
5,4,5,-0.4858284838306942,0
5,4,6,0.1420813127677153,0
5,4,7,0.08596352608398984,0
5,4,8,-0.3552256419191236,0
5,4,9,0.2310280064220922,0
5,4,10,-0.1549172969382886,0
5,4,11,0.3087311084624241,0
5,4,12,-0.02933240157299508,0
5,4,13,-0.1260672730843966,0
5,4,14,0.3604440976555704,0
5,4,15,0.04655566911309515,0
5,4,16,-0.001813763923661909,0
5,4,17,-0.1191375032099787,0
5,4,18,0.438516236699981,0
5,4,19,-0.15752513655388,0
5,4,20,0.06991638977106419,0
5,4,21,0.4328438165663827,0
5,4,22,-0.3740449447137323,0
5,4,23,0.7124132665044367,0
5,4,24,0.1237695703763809,0
5,4,25,-0.2667538290376701,0
5,4,26,0.6004388496184141,0
5,4,27,-0.05303288723053776,0
5,4,28,0.09223028732907787,0
5,4,29,0.04945864936407874,0
5,4,30,-0.07981510097761027,0
5,4,31,0.3692300031805619,0
5,4,32,-0.6894894072479073,0
5,4,33,0.2460972223792182,0
5,4,34,0.1346043971290055,0
5,4,35,-0.4379142135110536,0
5,4,36,0.5187561165874487,0
5,4,37,-0.6968733850365174,0
5,4,38,0.5071697850251539,0
5,4,39,-0.003527688238552117,0
5,4,40,-0.3490115123807461,0
5,4,41,0.4710946618288955,0
5,4,42,-0.4516693384763334,0
5,4,43,0.6009835559030667,0
5,4,44,-0.2603836739407519,0
5,4,45,-0.1128404260149441,0
5,4,46,0.378137088941961,0
5,4,47,0.06650515829487832,0
5,4,48,0.1351046570429025,0
5,4,49,-0.4580071544728611,0
5,4,50,0.940684357020331,0
5,4,51,-0.4168113825180744,0
5,4,52,-0.02718652955476158,0
5,4,53,0.6696708092464543,0
5,4,54,-0.7405143256112102,0
5,4,55,0.8034596890086656,0
5,4,56,-0.2858918764405948,0
5,4,57,0.3649585427367689,0
5,4,58,0.747022668360158,0
5,4,59,-0.3333728884365688,0
5,4,60,0.3263966255765007,0
5,4,61,0.2403382501167718,0
5,4,62,-0.4630166719923215,0
5,4,63,0.8867437070936391,0
5,4,64,-0.7237765495356759,0
5,4,65,0.2304009496983397,0
5,4,66,0.2587564713685408,0
5,4,67,-0.2629970321587729,0
5,4,68,0.467078634153595,0
5,4,69,-0.5920626970526424,0
5,4,70,0.7231355549404195,0
5,4,71,-0.2085890626558384,0
5,4,72,-0.1332727162202961,0
5,4,73,0.2875685659254646,0
5,4,74,-0.4692606632894121,0
5,4,75,0.6413726506866155,0
5,4,76,-0.7024655080983916,0
5,4,77,0.2060683685113402,0
5,4,78,0.09121773983341304,0
5,4,79,-0.1580618117026599,0
5,4,80,0.4272499368493336,0
5,4,81,-0.7932847927990752,0
5,4,82,0.6331950545306576,0
5,4,83,-0.2388812282720327,0
5,4,84,-0.2477278603606267,0
5,4,85,-0.308301577421261,0
5,4,86,0.2980879248517778,0
5,4,87,0.5917721788897363,0
5,4,88,-0.2420593682490859,0
5,4,89,0.07533789796599566,0
5,4,90,1,0
5,4,91,-0.7110653801347703,0
5,4,92,0.5235582035033901,0
5,4,93,0.2643185475579067,0
5,4,94,-0.5343588301798363,0
5,4,95,0.7355570708149812,0
5,4,96,-0.497296734560089,0
5,4,97,0.1513696666538371,0
5,4,98,0.1686740046152853,0
5,4,99,-0.01801653734087483,0
5,4,100,0.2310049212775941,0
5,4,101,-0.3259617640751728,0
5,4,102,0.593548369812447,0
5,4,103,-0.2860313554236388,0
5,4,104,0.02900673664473773,0
5,4,105,-0.08840126280998443,0
5,4,106,-0.2318560213927837,0
5,4,107,0.3921154460899566,0
5,4,108,-0.8832628163848044,0
5,4,109,0.4758598333751424,0
5,4,110,-0.1498266596448496,0
5,4,111,-0.3031063302962754,0
5,4,112,0.5224010485577384,0
5,4,113,-0.6598249305603762,0
5,4,114,0.0623812383701622,0
5,4,115,-0.1734459381440312,0
5,4,116,0.09852650945657798,0
5,4,117,-0.04134118237599624,0
5,4,118,0.3764640021517013,0
5,4,119,-0.2233045825383878,0
5,4,120,0.449784786693993,0
5,4,121,-0.3536457877461978,0
5,4,122,0.07831618829492472,0
5,4,123,-0.1777332082903361,0
5,4,124,-0.1836733202214795,0
5,4,125,0.06997383177128373,0
5,4,126,0.04300171486229436,0
5,4,127,0.01882574469134428,0
5,4,128,0.205831384482086,0
5,4,129,-0.1434220244940382,0
5,4,130,-0.158095861872627,0
5,4,131,0.01304998051732111,0
5,4,132,-0.4129690669462323,0
5,4,133,0.2676449502867364,0
5,4,134,0.132711434684436,0
5,4,135,-0.001177240613783462,0
5,4,136,-0.002421449852163938,0
5,4,137,-0.0008497932592054462,0
5,4,138,0.0007102855159643976,0
5,4,139,-0.0004919535097087325,0
5,4,140,-0.001873328201708101,0
5,4,141,-0.0003291311171545307,0
5,4,142,0.00136405032087732,0
5,4,143,0.0006727179543183018,0
5,4,144,0.0004317751379092469,0
5,4,145,-0.0008269991534495485,0
5,4,146,-0.0009752670754921346,0
5,4,147,-1.25245181097339e-05,0
5,4,148,0.0001064229777352513,0
5,4,149,-0.001235761430312546,0
5,4,150,-0.001468566308249679,0
5,4,151,-8.333893289262434e-05,0
5,4,152,1.075238561422962e-05,0
5,4,153,0.0001946257883866596,0
5,4,154,1.502563069059555e-05,0
5,4,155,0.000827687010424393,0
5,4,156,0.001242586969933412,0
5,4,157,0.0003316677722727257,0
5,4,158,-0.0002623210175793405,0
5,4,159,0.0003399696232013699,0
5,4,160,0.001039634061810853,0
5,4,161,6.469817573616021e-05,0
5,4,162,-0.000394506023389552,0
5,4,163,-0.001156822835604143,0
5,4,164,-0.0002644567420601296,0
5,4,165,0.001850179749007276,0
5,4,166,0.001651702159667665,0
5,4,167,-0.000109925718911861,0
5,4,168,-6.679895825876762e-05,0
5,4,169,0.002154417505419985,0
5,4,170,0.001938456283123829,0
6,5,0,0.2693486134509441,0
6,5,1,-0.1070840891688837,0
6,5,2,0.1371043267000178,0
6,5,3,0.3425987411954866,0
6,5,4,-0.2610708370625748,0
6,5,5,0.4194685171060759,0
6,5,6,0.4301010564454663,0
6,5,7,-0.3209340250977025,0
6,5,8,0.4871032187119338,0
6,5,9,0.57833244859744,0
6,5,10,-0.4026179689924025,0
6,5,11,0.6161512601639884,0
6,5,12,0.5870501503415669,0
6,5,13,-0.4718888456248221,0
6,5,14,0.8473604254485861,0
6,5,15,0.3373492074597149,0
6,5,16,-0.3959667515646093,0
6,5,17,0.8238043197918131,0
6,5,18,0.04931200348117403,0
6,5,19,-0.1812059292058016,0
6,5,20,0.4036880885076005,0
6,5,21,-0.03769790959866424,0
6,5,22,0.00924314533197728,0
6,5,23,-0.00860469308321522,0
6,5,24,-0.008510014526076571,0
6,5,25,0.03869619390998415,0
6,5,26,-0.08721889703838411,0
6,5,27,0.00668044542807196,0
6,5,28,-0.0189788172285596,0
6,5,29,0.266734435472317,0
6,5,30,-0.1052148705712711,0
6,5,31,-0.004030093727190068,0
6,5,32,0.5337105389975604,0
6,5,33,-0.3501916732177152,0
6,5,34,0.2193191691647726,0
6,5,35,0.5549539154258152,0
6,5,36,-0.4685237310708037,0
6,5,37,0.3465669163907296,0
6,5,38,0.7032098767483956,0
6,5,39,-0.5227161756252097,0
6,5,40,0.2549226588721185,0
6,5,41,1,0
6,5,42,-0.7154905011757611,0
6,5,43,0.3608780763769351,0
6,5,44,0.9569214949256107,0
6,5,45,-0.8439361584139716,0
6,5,46,0.6517867519088869,0
6,5,47,0.3736797943392751,0
6,5,48,-0.6055974720799344,0
6,5,49,0.5899869299372688,0
6,5,50,-0.1022803954214199,0
6,5,51,-0.1011355110469283,0
6,5,52,0.08764774220312599,0
6,5,53,-0.1072256494899796,0
6,5,54,0.110866036325596,0
6,5,55,-0.1912459632739303,0
6,5,56,0.04141855529967904,0
6,5,57,-0.07178060639145462,0
6,5,58,-0.02320963322605259,0
6,5,59,0.01836243394506702,0
6,5,60,-0.04560257515886654,0
6,5,61,0.14201839421183,0
6,5,62,-0.05029411204399355,0
6,5,63,-0.08312153853105729,0
6,5,64,0.117374025931902,0
6,5,65,-0.120600222147212,0
6,5,66,-0.02782867052413763,0
6,5,67,-0.1140764354742472,0
6,5,68,0.0009945780557249113,0
6,5,69,-0.1903659114364153,0
6,5,70,-0.07222415461900773,0
6,5,71,0.08373958282811632,0
6,5,72,-0.4962174628012769,0
6,5,73,0.2156528996089069,0
6,5,74,-0.06687942219450392,0
6,5,75,-0.5060459572640513,0
6,5,76,0.1616596234767676,0
6,5,77,-0.1855919011733564,0
6,5,78,-0.2934244294225456,0
6,5,79,-0.2230857204153442,0
6,5,80,0.04145237946419281,0
6,5,81,-0.2780538635507225,0
6,5,82,-0.249115901595747,0
6,5,83,0.2360755479106138,0
6,5,84,-0.3771074515328899,0
6,5,85,0.1068469758962074,0
6,5,86,-0.143190175701173,0
6,5,87,-0.09099486393305202,0
6,5,88,0.0410523597853991,0
6,5,89,-0.01141992939111675,0
6,5,90,-0.1477903807079363,0
6,5,91,0.1060580751597356,0
6,5,92,-0.08475774070593245,0
6,5,93,-0.1853598578464999,0
6,5,94,0.1339925424466968,0
6,5,95,-0.1378864585522877,0
6,5,96,-0.4611610954135683,0
6,5,97,0.2683648285282172,0
6,5,98,-0.2072140197425524,0
6,5,99,-0.8282550173420952,0
6,5,100,0.5537706163307589,0
6,5,101,-0.4533087634253958,0
6,5,102,-0.9092610230962906,0
6,5,103,0.7424518213566398,0
6,5,104,-0.7307144630204406,0
6,5,105,-0.7102387290014754,0
6,5,106,0.6985372061180117,0
6,5,107,-0.8161040508453679,0
6,5,108,-0.6182764160865553,0
6,5,109,0.5758085418795444,0
6,5,110,-0.6671442343394898,0
6,5,111,-0.4540506876678047,0
6,5,112,0.4942740394855752,0
6,5,113,-0.5358779550101013,0
6,5,114,0.2113007913081849,0
6,5,115,-0.2360983827764683,0
6,5,116,-0.02238228970690644,0
6,5,117,0.008375377650805069,0
6,5,118,-0.07467256914899205,0
6,5,119,0.03852643900426554,0
6,5,120,-0.1171246316442216,0
6,5,121,0.07084154554018271,0
6,5,122,-0.1836094650064394,0
6,5,123,0.1129892234993655,0
6,5,124,-0.3542496571484873,0
6,5,125,0.2257330510660691,0
6,5,126,-0.5444651784752063,0
6,5,127,0.3814857453488833,0
6,5,128,-0.5859138094977141,0
6,5,129,0.4783453354478295,0
6,5,130,-0.4746742490340664,0
6,5,131,0.4396135344808404,0
6,5,132,-0.3561453909836794,0
6,5,133,0.3615677781758765,0
6,5,134,0.1614931414131056,0
6,5,135,-0.0004705084675885563,0
6,5,136,-0.0008623569381903342,0
6,5,137,-0.001009731699266045,0
6,5,138,-2.991030757643568e-05,0
6,5,139,0.001877718513006725,0
6,5,140,0.002071342888614687,0
6,5,141,0.001004865825318752,0
6,5,142,0.001106189139693117,0
6,5,143,0.0007542278619281591,0
6,5,144,-0.0005043249893399461,0
6,5,145,-0.0009775032451878308,0
6,5,146,-0.001463611796549405,0
6,5,147,-0.001509509044684102,0
6,5,148,-0.0009008320909571859,0
6,5,149,0.0001317656947500231,0
6,5,150,-0.0003040749948713997,0
6,5,151,0.0006244715442864729,0
6,5,152,0.0007872118039335169,0
6,5,153,0.0002519265944173965,0
6,5,154,0.000331997586779633,0
6,5,155,0.0001566474191194554,0
6,5,156,-9.165750624409007e-05,0
6,5,157,-0.0009734850219290337,0
6,5,158,-0.000745630361484739,0
6,5,159,-0.001687242647882119,0
6,5,160,-0.001504118307312638,0
6,5,161,-0.000496131464621905,0
6,5,162,0.0004556321871051646,0
6,5,163,0.0009296846568123771,0
6,5,164,0.00111398696528949,0
6,5,165,0.001218594304118762,0
6,5,166,0.001023723643450865,0
6,5,167,0.001275004450827224,0
6,5,168,0.0003408222075666487,0
6,5,169,-0.001311241689471086,0
6,5,170,-0.001087485528871526,0
7,6,0,0.5450915642945819,0
7,6,1,-0.2266968847002931,0
7,6,2,0.3925758182294699,0
7,6,3,0.3183475054373665,0
7,6,4,-0.4070146836180381,0
7,6,5,0.833687792820912,0
7,6,6,0.1131768694424132,0
7,6,7,-0.1835623011385889,0
7,6,8,0.3634104949879479,0
7,6,9,-0.004707076160002645,0
7,6,10,-0.02438106064236925,0
7,6,11,0.1051362330600882,0
7,6,12,-0.3754059564352308,0
7,6,13,0.1336395685380859,0
7,6,14,-0.02576463068566992,0
7,6,15,-0.4396898899226844,0
7,6,16,0.3454856810462222,0
7,6,17,-0.6179466362284946,0
7,6,18,0.1522909328203302,0
7,6,19,0.1996597456642311,0
7,6,20,-0.6393251187974045,0
7,6,21,0.4180802440431995,0
7,6,22,-0.2546466092207169,0
7,6,23,0.3486433963258319,0
7,6,24,0.1399890689498541,0
7,6,25,-0.305697061150753,0
7,6,26,0.6302968286591991,0
7,6,27,-0.06884319074518884,0
7,6,28,0.1230618901105168,0
7,6,29,0.721386723418709,0
7,6,30,-0.2829025562499734,0
7,6,31,-0.02095441680159076,0
7,6,32,1,0
7,6,33,-0.806540369973319,0
7,6,34,0.6433678158825898,0
7,6,35,0.2721017617259808,0
7,6,36,-0.5846589156237695,0
7,6,37,0.6481720175201303,0
7,6,38,0.06220609332257002,0
7,6,39,-0.1086269240040814,0
7,6,40,-0.08572571056684328,0
7,6,41,0.01479633278978973,0
7,6,42,-0.03166087253194296,0
7,6,43,0.002632693355743236,0
7,6,44,-0.7746469771469532,0
7,6,45,0.298935070019102,0
7,6,46,0.1732072117180629,0
7,6,47,-0.7217876276131335,0
7,6,48,0.7223330851700922,0
7,6,49,-0.5869257884036775,0
7,6,50,0.5584932727497518,0
7,6,51,0.09191739833816776,0
7,6,52,-0.5143005902890236,0
7,6,53,0.7015201032192723,0
7,6,54,-0.6391765593017924,0
7,6,55,0.5803783173887909,0
7,6,56,-0.3191487979973912,0
7,6,57,0.401562897419845,0
7,6,58,-0.1241529268332584,0
7,6,59,0.08760725799596615,0
7,6,60,-0.19158493807711,0
7,6,61,0.4544461657732475,0
7,6,62,-0.1629504200845639,0
7,6,63,-0.2919417248528997,0
7,6,64,0.2029448844293738,0
7,6,65,-0.3464758081478412,0
7,6,66,0.07334389761775727,0
7,6,67,-0.4933911331752018,0
7,6,68,0.1463402629429672,0
7,6,69,-0.2932232568040851,0
7,6,70,-0.007928691520170348,0
7,6,71,0.2644214674172457,0
7,6,72,-0.7209669645798583,0
7,6,73,0.4449896068639535,0
7,6,74,-0.2108897924902489,0
7,6,75,0.07127639681446832,0
7,6,76,-0.330561975939298,0
7,6,77,-0.05874926674836504,0
7,6,78,0.6895035333195342,0
7,6,79,-0.3068103193021137,0
7,6,80,0.3214358474981597,0
7,6,81,0.007341721879820694,0
7,6,82,0.5194191356466499,0
7,6,83,-0.1418004332871646,0
7,6,84,-0.104572884501925,0
7,6,85,-0.2851682385697383,0
7,6,86,0.2650157893665324,0
7,6,87,-0.3809603430867001,0
7,6,88,0.1726813806462999,0
7,6,89,-0.05318461371332416,0
7,6,90,-0.4739105450560419,0
7,6,91,0.3886288526307896,0
7,6,92,-0.3519192533849331,0
7,6,93,-0.2702813255817607,0
7,6,94,0.2875438610164799,0
7,6,95,-0.4233688455475509,0
7,6,96,-0.6971702509427408,0
7,6,97,0.4111389322779407,0
7,6,98,-0.3446977664141469,0
7,6,99,-0.8631288487336098,0
7,6,100,0.7339914432917218,0
7,6,101,-0.657509379204309,0
7,6,102,0.2047947179640864,0
7,6,103,0.2970418782633962,0
7,6,104,-0.6437516363369983,0
7,6,105,0.8916094525267162,0
7,6,106,-0.5385579535014835,0
7,6,107,0.2609240904939124,0
7,6,108,0.2490662053225506,0
7,6,109,-0.50436948551418,0
7,6,110,0.7557650901687679,0
7,6,111,0.006658984227702438,0
7,6,112,-0.1024042857239227,0
7,6,113,0.2619728116916273,0
7,6,114,-0.06384866000580143,0
7,6,115,0.003957100983576822,0
7,6,116,-0.08716984325969636,0
7,6,117,0.0355901161880038,0
7,6,118,-0.276075486685205,0
7,6,119,0.1634030018850155,0
7,6,120,-0.3107489693925712,0
7,6,121,0.2386714091478976,0
7,6,122,-0.2895032290213654,0
7,6,123,0.2406761529006926,0
7,6,124,-0.4625710708215129,0
7,6,125,0.358322589510452,0
7,6,126,-0.3676476236469733,0
7,6,127,0.3820739119861893,0
7,6,128,0.2287235521898717,0
7,6,129,0.01447509839393208,0
7,6,130,0.494002319944534,0
7,6,131,-0.3506856813022663,0
7,6,132,0.1799034095625107,0
7,6,133,-0.2627790308803616,0
7,6,134,-0.07759700460613081,0
7,6,135,0.001224052971586679,0
7,6,136,0.001190646318511644,0
7,6,137,0.001469347275617723,0
7,6,138,0.002892187692879345,0
7,6,139,0.001457124350064114,0
7,6,140,-0.001905464994072813,0
7,6,141,-0.001979636333142205,0
7,6,142,-0.000532532764696733,0
7,6,143,-0.0003488352641780155,0
7,6,144,0.0003362472433788084,0
7,6,145,0.0004523518574159359,0
7,6,146,0.0001977228047510107,0
7,6,147,0.001048272393478525,0
7,6,148,0.001685260320309734,0
7,6,149,0.0002302402978791449,0
7,6,150,-0.0007469272865567241,0
7,6,151,-0.001218968987304916,0
7,6,152,-0.001118174155215848,0
7,6,153,0.0009018317652737297,0
7,6,154,0.0007594778543289093,0
7,6,155,-0.0005835857288525802,0
7,6,156,-0.001054471801532836,0
7,6,157,-0.001325262682356484,0
7,6,158,-0.001754715706454282,0
7,6,159,-8.430957033477841e-05,0
7,6,160,0.00145917496076647,0
7,6,161,0.0007917440128895356,0
7,6,162,0.00122965342092942,0
7,6,163,0.001915788817849575,0
7,6,164,0.000598913697295013,0
7,6,165,-0.0005222154096955803,0
7,6,166,-0.0007133177644470721,0
7,6,167,-0.002303164621597759,0
7,6,168,-0.002753379898499116,0
7,6,169,2.327410737566229e-05,0
7,6,170,0.002196012345140483,0
8,7,0,0.005374962828655569,0
8,7,1,0.0185436336621393,0
8,7,2,0.04716420103432922,0
8,7,3,-0.4682318914200191,0
8,7,4,0.1502498201844341,0
8,7,5,0.02914179703519033,0
8,7,6,-0.5758480509501201,0
8,7,7,0.4424680505041089,0
8,7,8,-0.7640867206880225,0
8,7,9,0.0308842946302977,0
8,7,10,0.3006192116045124,0
8,7,11,-0.8305190350267357,0
8,7,12,0.3479145083218126,0
8,7,13,-0.1631957335978136,0
8,7,14,0.1956627676566137,0
8,7,15,0.2240053287982518,0
8,7,16,-0.2994330763389969,0
8,7,17,0.5467425260198668,0
8,7,18,0.3563544450032859,0
8,7,19,-0.2466962942701731,0
8,7,20,0.2613461685625859,0
8,7,21,0.4178497975913316,0
8,7,22,-0.3298217074445173,0
8,7,23,0.5113286963631986,0
8,7,24,0.1427297399266369,0
8,7,25,-0.2718074770352447,0
8,7,26,0.5573068405085341,0
8,7,27,-0.06270907315185763,0
8,7,28,0.0958261376609284,0
8,7,29,0.0686124167491218,0
8,7,30,0.04667751492016411,0
8,7,31,-0.3489485147006046,0
8,7,32,0.1144366096983866,0
8,7,33,-0.09681927636936907,0
8,7,34,0.1294188030926062,0
8,7,35,-0.9644197856392407,0
8,7,36,0.3289642690610255,0
8,7,37,0.3129768819691485,0
8,7,38,-0.9559988737247267,0
8,7,39,0.8964563226246696,0
8,7,40,-0.7732326846758443,0
8,7,41,0.4194641469475865,0
8,7,42,0.269403344030533,0
8,7,43,-0.6765648681424741,0
8,7,44,0.6687558053636379,0
8,7,45,-0.5456447862447847,0
8,7,46,0.5634692547908455,0
8,7,47,0.1350867354709551,0
8,7,48,-0.3785796765551193,0
8,7,49,0.4008096035799376,0
8,7,50,0.5515800771805681,0
8,7,51,-0.2486512650875556,0
8,7,52,-0.2620439735646613,0
8,7,53,0.5933818777060791,0
8,7,54,-0.5370375192296797,0
8,7,55,0.3120192731337475,0
8,7,56,-0.2785741849659114,0
8,7,57,0.3016510237032751,0
8,7,58,-0.7092546619552534,0
8,7,59,0.3608668571978849,0
8,7,60,-0.4521456699354754,0
8,7,61,0.2450988566679262,0
8,7,62,0.253769744609337,0
8,7,63,-0.8269915198897626,0
8,7,64,0.6110417778110383,0
8,7,65,-0.4291843368536034,0
8,7,66,0.3787017830532129,0
8,7,67,-0.5166128216027119,0
8,7,68,-0.04471682601924925,0
8,7,69,0.8107219253194236,0
8,7,70,-0.3775418182825903,0
8,7,71,0.45730386740496,0
8,7,72,-0.1404021679129663,0
8,7,73,0.6906796563991189,0
8,7,74,-0.1647525514983368,0
8,7,75,-0.04881562032125304,0
8,7,76,0.01820510123289302,0
8,7,77,-0.3916128694655319,0
8,7,78,0.5502794562608618,0
8,7,79,-0.7301589037970398,0
8,7,80,0.3923116500954724,0
8,7,81,-0.4207681176591944,0
8,7,82,0.07941140847318429,0
8,7,83,0.3417181288192948,0
8,7,84,-0.9392516126825377,0
8,7,85,-0.09033729480689197,0
8,7,86,-0.02825610051503404,0
8,7,87,-0.8043914143323605,0
8,7,88,0.3523749610082262,0
8,7,89,-0.1262413211024023,0
8,7,90,-0.8664512610966644,0
8,7,91,0.8075178062276088,0
8,7,92,-0.7215090994462344,0
8,7,93,0.5426275977411794,0
8,7,94,0.128167159480109,0
8,7,95,-0.6005092774343022,0
8,7,96,0.9822515941187313,0
8,7,97,-0.7255858625534013,0
8,7,98,0.4995239190161137,0
8,7,99,0.1340814678583452,0
8,7,100,-0.4514687688475412,0
8,7,101,0.7938713928748233,0
8,7,102,0.1842306908889621,0
8,7,103,-0.1115943568436164,0
8,7,104,0.2045155526928644,0
8,7,105,0.3845835010928078,0
8,7,106,-0.3336360435168053,0
8,7,107,0.1990792711518735,0
8,7,108,-0.7918918789649774,0
8,7,109,0.1884519886847816,0
8,7,110,0.1658593083438769,0
8,7,111,-1,0
8,7,112,0.9059164631451667,0
8,7,113,-0.7179894189648651,0
8,7,114,0.4164056490675803,0
8,7,115,-0.5539019497634086,0
8,7,116,-0.1495560555312724,0
8,7,117,0.06981456416283514,0
8,7,118,-0.4888025454417371,0
8,7,119,0.3340794067626296,0
8,7,120,-0.3104368458563219,0
8,7,121,0.3610915780116428,0
8,7,122,0.3748933720964645,0
8,7,123,-0.09125884242786254,0
8,7,124,0.5006800235003632,0
8,7,125,-0.3857540954552026,0
8,7,126,0.1565337592961367,0
8,7,127,-0.2406843398133787,0
8,7,128,0.1395146757309513,0
8,7,129,-0.1627394011863023,0
8,7,130,0.01678127992989149,0
8,7,131,-0.09781824706432866,0
8,7,132,-0.4848740719039766,0
8,7,133,0.2748961585247085,0
8,7,134,0.238722950356725,0
8,7,135,0.003037226195253913,0
8,7,136,0.00167546380072236,0
8,7,137,-0.002280556013028075,0
8,7,138,-0.002486206689090424,0
8,7,139,-0.0008319965304016809,0
8,7,140,-0.002188461892196343,0
8,7,141,-0.001332678051442385,0
8,7,142,0.001653714055652707,0
8,7,143,0.001477456964769974,0
8,7,144,0.0008365548149676124,0
8,7,145,0.002023279972554767,0
8,7,146,0.0004255121836725144,0
8,7,147,-0.001192020241723847,0
8,7,148,-0.0008435406287217065,0
8,7,149,-0.00148444334057151,0
8,7,150,-0.002007703804757453,0
8,7,151,7.996340277105358e-05,0
8,7,152,0.0009483567455102089,0
8,7,153,-0.000867830861749231,0
8,7,154,-0.001220047187514367,0
8,7,155,-0.001913990329950602,0
8,7,156,-0.0005225292413310407,0
8,7,157,0.001981345005131768,0
8,7,158,0.001919204451318521,0
8,7,159,0.000447607881502996,0
8,7,160,0.00115959334426608,0
8,7,161,0.001186065248621863,0
8,7,162,-6.977627313061424e-05,0
8,7,163,-0.0001022438226285725,0
8,7,164,-0.002425446160095642,0
8,7,165,-0.003444533189840743,0
8,7,166,0.0004112273903393933,0
8,7,167,0.002966972216036868,0
8,7,168,0.001255721903399763,0
8,7,169,0.001449244425433453,0
8,7,170,0.002454379646132077,0
9,8,0,-0.4014726115331735,0
9,8,1,0.2111582145811511,0
9,8,2,-0.4383964135411999,0
9,8,3,-0.0716239936541776,0
9,8,4,0.2591781243432197,0
9,8,5,-0.5864511463267593,0
9,8,6,0.2771477370320322,0
9,8,7,-0.08198820330793612,0
9,8,8,-0.02461011572034986,0
9,8,9,0.413733411804648,0
9,8,10,-0.3175019628208715,0
9,8,11,0.4343179756132835,0
9,8,12,-0.03381525199299687,0
9,8,13,-0.2338670862258304,0
9,8,14,0.608998368440077,0
9,8,15,-0.562066540004151,0
9,8,16,0.2216020974523994,0
9,8,17,-0.1159665077318577,0
9,8,18,-0.1036446887111183,0
9,8,19,0.4068070843976915,0
9,8,20,-0.8825357458663118,0
9,8,21,0.4064552339369595,0
9,8,22,-0.1015589643360423,0
9,8,23,-0.03595369581900575,0
9,8,24,0.1744888014206156,0
9,8,25,-0.3436382717290749,0
9,8,26,0.6384609019927883,0
9,8,27,-0.09407015176167277,0
9,8,28,0.1586229307714862,0
9,8,29,-0.7730561926263557,0
9,8,30,0.3794977855140892,0
9,8,31,-0.2152052934033595,0
9,8,32,-0.5890020242551012,0
9,8,33,0.7042969800535732,0
9,8,34,-0.6523752890257802,0
9,8,35,0.07246219219910734,0
9,8,36,0.2226551066606338,0
9,8,37,-0.2167910558246961,0
9,8,38,0.4567347982866613,0
9,8,39,-0.2844073170707062,0
9,8,40,0.119773693118837,0
9,8,41,0.6521219534029252,0
9,8,42,-0.5234572906061984,0
9,8,43,0.1637345209998823,0
9,8,44,-0.2039590067272013,0
9,8,45,-0.2196815870393461,0
9,8,46,0.458093291719693,0
9,8,47,-1,0
9,8,48,0.6271271299713091,0
9,8,49,-0.1221145328510614,0
9,8,50,0.1436734669756103,0
9,8,51,0.4552957701907335,0
9,8,52,-0.7001013594024661,0
9,8,53,0.7181461155610128,0
9,8,54,-0.4980835838194845,0
9,8,55,0.2958930162749911,0
9,8,56,-0.3614007682403272,0
9,8,57,0.4268124022264383,0
9,8,58,-0.2985191945283797,0
9,8,59,0.1359611908470599,0
9,8,60,-0.03438918546036453,0
9,8,61,-0.3417301162861106,0
9,8,62,0.375444058206213,0
9,8,63,-0.1397446766768884,0
9,8,64,0.2222438293047083,0
9,8,65,0.06543524458181967,0
9,8,66,0.1607313545934924,0
9,8,67,0.0612508414171233,0
9,8,68,-0.2135150905472284,0
9,8,69,0.556797866575121,0
9,8,70,-0.2645614861993441,0
9,8,71,0.07442003865924124,0
9,8,72,-0.1331806341330866,0
9,8,73,0.2692396277192646,0
9,8,74,0.04281314247426928,0
9,8,75,-0.668494652877097,0
9,8,76,0.1059144404266263,0
9,8,77,-0.1429909288868109,0
9,8,78,0.1046788177893499,0
9,8,79,-0.3210418251085535,0
9,8,80,0.135942672468977,0
9,8,81,0.3832592655092609,0
9,8,82,0.3430342077927336,0
9,8,83,-0.07153323807311875,0
9,8,84,0.04208371183469471,0
9,8,85,-0.2428278882780764,0
9,8,86,0.2095087082051929,0
9,8,87,-0.00434379617406721,0
9,8,88,-0.001564814327934076,0
9,8,89,-0.006678985331656597,0
9,8,90,0.08581117163796612,0
9,8,91,0.0001749930279745758,0
9,8,92,0.02217970333623381,0
9,8,93,0.5977494655428591,0
9,8,94,-0.2912193691530136,0
9,8,95,0.2026641409928917,0
9,8,96,0.7480132919256713,0
9,8,97,-0.6853990821892402,0
9,8,98,0.6355313168183053,0
9,8,99,-0.3676975304389349,0
9,8,100,-0.2086743552772208,0
9,8,101,0.5652814467720287,0
9,8,102,-0.9869286298084697,0
9,8,103,0.6845413040868696,0
9,8,104,-0.4440284370119985,0
9,8,105,0.07319314495805637,0
9,8,106,0.4674243846464545,0
9,8,107,-0.8633222552495284,0
9,8,108,0.6333630628180812,0
9,8,109,-0.3577370881475279,0
9,8,110,0.1100854711651893,0
9,8,111,0.2345519979010673,0
9,8,112,-0.4340100892008895,0
9,8,113,0.5944735775498973,0
9,8,114,-0.1651276563293984,0
9,8,115,0.155706415296117,0
9,8,116,0.01666319588500898,0
9,8,117,-0.00269195777807184,0
9,8,118,0.0528638604083809,0
9,8,119,-0.01280632884164896,0
9,8,120,0.2047602361305413,0
9,8,121,-0.1132591439631585,0
9,8,122,0.4665289156101173,0
9,8,123,-0.3509133159843135,0
9,8,124,0.3208829430971001,0
9,8,125,-0.3804771101346724,0
9,8,126,-0.3655738057748999,0
9,8,127,0.09593187682576723,0
9,8,128,-0.5492291759267339,0
9,8,129,0.4836183096513602,0
9,8,130,0.1115109450150019,0
9,8,131,0.1343156623382319,0
9,8,132,0.3927398683102689,0
9,8,133,-0.2784164846544895,0
9,8,134,-0.1657850027019557,0
9,8,135,-0.0009546195167033345,0
9,8,136,-0.001563429788922947,0
9,8,137,-0.002150747388575728,0
9,8,138,-0.0002661157860359563,0
9,8,139,0.002024807877120725,0
9,8,140,0.0006323228687449469,0
9,8,141,-0.00132965287786911,0
9,8,142,-0.0008929000555031162,0
9,8,143,-0.0006857997189177003,0
9,8,144,-0.0005107561104320724,0
9,8,145,-0.0001396231801356226,0
9,8,146,-0.0009374545382174213,0
9,8,147,-0.002079918926695896,0
9,8,148,-0.0009584762510001476,0
9,8,149,0.001457528859414652,0
9,8,150,0.001267048308529805,0
9,8,151,-0.000465046248454466,0
9,8,152,-0.001375106754443624,0
9,8,153,-0.001278655848443907,0
9,8,154,-0.0002503590995541316,0
9,8,155,0.001352313353529275,0
9,8,156,0.001137290750176969,0
9,8,157,-0.0004242784610181003,0
9,8,158,-0.001071738384052877,0
9,8,159,-0.0009252997487241512,0
9,8,160,0.0007309686855394813,0
9,8,161,0.0007606688950551086,0
9,8,162,-0.0012850584696853,0
9,8,163,-0.001254691696876787,0
9,8,164,2.633814145323107e-05,0
9,8,165,0.0008422961791058739,0
9,8,166,0.001453691739371334,0
9,8,167,0.001303881470025777,0
9,8,168,-0.001394908763931305,0
9,8,169,-0.002288523048596607,0
9,8,170,0.0002076690553184306,0
10,9,0,-0.1325447896542379,0
10,9,1,0.004310846452069295,0
10,9,2,0.2834343157446008,0
10,9,3,-0.4184027445278562,0
10,9,4,0.2178563379967031,0
10,9,5,-0.2186243174630066,0
10,9,6,0.1815856512814199,0
10,9,7,0.2058309887369792,0
10,9,8,-0.6514305791992238,0
10,9,9,0.3201098649674797,0
10,9,10,-0.2378003726565737,0
10,9,11,0.3927027300706759,0
10,9,12,-0.1567727962632743,0
10,9,13,-0.1500774780237045,0
10,9,14,0.4577330099359236,0
10,9,15,-0.1002491732882616,0
10,9,16,0.1649098860428484,0
10,9,17,-0.3224943104123142,0
10,9,18,-0.2351793234164129,0
10,9,19,0.1523730537469223,0
10,9,20,-0.07551265117757257,0
10,9,21,-0.5184236505594817,0
10,9,22,0.3176353570751496,0
10,9,23,-0.3050261267503451,0
10,9,24,-0.2148716482612093,0
10,9,25,0.3921960906524092,0
10,9,26,-0.7088342744535679,0
10,9,27,0.1067108196750651,0
10,9,28,-0.1594110305043286,0
10,9,29,0.5304643795662296,0
10,9,30,-0.1922590348431382,0
10,9,31,-0.1146555069837786,0
10,9,32,-0.2745665838180459,0
10,9,33,-0.1839172550177155,0
10,9,34,0.6510694830371255,0
10,9,35,-0.7877114631674049,0
10,9,36,0.5382614458174605,0
10,9,37,-0.2380501783572059,0
10,9,38,0.6207397057796469,0
10,9,39,0.1235862965304453,0
10,9,40,-0.6818001996994366,0
10,9,41,0.469942983326189,0
10,9,42,-0.6091331543280933,0
10,9,43,0.6905382197235467,0
10,9,44,-0.5341115549257339,0
10,9,45,0.03298676752132909,0
10,9,46,0.2451436389596931,0
10,9,47,0.07030922760655112,0
10,9,48,0.2973507303494541,0
10,9,49,-0.577973478825838,0
10,9,50,-0.2609811518587223,0
10,9,51,0.02226893827560438,0
10,9,52,0.4130778500898866,0
10,9,53,-0.7300528506998128,0
10,9,54,0.4915232440076103,0
10,9,55,-0.00702362890069931,0
10,9,56,0.3758077144964033,0
10,9,57,-0.3750431718670902,0
10,9,58,-0.2891677503419491,0
10,9,59,0.2310342851699566,0
10,9,60,-0.5542161306200596,0
10,9,61,0.7963332608900934,0
10,9,62,-0.2348481792739215,0
10,9,63,-0.4416282443224036,0
10,9,64,-0.160524923466083,0
10,9,65,-0.3432287917243361,0
10,9,66,0.7755027685098086,0
10,9,67,-0.5778736710195943,0
10,9,68,0.4042709290084783,0
10,9,69,-0.05245616671950422,0
10,9,70,0.6948653445274203,0
10,9,71,-0.09910431435218654,0
10,9,72,-0.3914856508646232,0
10,9,73,-0.0422232511811084,0
10,9,74,-0.3842542325997386,0
10,9,75,0.5093949562073552,0
10,9,76,-0.557034865554085,0
10,9,77,0.3931124837983118,0
10,9,78,-0.3068297526015527,0
10,9,79,0.8144539151871228,0
10,9,80,-0.1164652529225492,0
10,9,81,-0.381587809318083,0
10,9,82,0.2339122845043644,0
10,9,83,-0.5888794912631458,0
10,9,84,0.9488685681185164,0
10,9,85,-0.03481397795250478,0
10,9,86,0.2029762824017911,0
10,9,87,-1,0
10,9,88,0.485582825171965,0
10,9,89,-0.1958235393378042,0
10,9,90,-0.5168650470871901,0
10,9,91,0.7847579456119925,0
10,9,92,-0.9206283231500623,0
10,9,93,0.7652669878842896,0
10,9,94,-0.1843176347533037,0
10,9,95,-0.3631231856541566,0
10,9,96,0.00976008709049489,0
10,9,97,-0.3685756005089553,0
10,9,98,0.5884871812929224,0
10,9,99,-0.2702991254791567,0
10,9,100,0.1705718051590173,0
10,9,101,0.02626591948103905,0
10,9,102,0.3303247568388699,0
10,9,103,-0.09248937512688596,0
10,9,104,-0.1690158140296771,0
10,9,105,-0.4887357286952248,0
10,9,106,0.09576611962280278,0
10,9,107,0.1387419808828872,0
10,9,108,-0.1885746266463715,0
10,9,109,0.4200252437828818,0
10,9,110,-0.4388356775259927,0
10,9,111,0.9410054985975393,0
10,9,112,-0.4591889519890963,0
10,9,113,-0.05742582702522147,0
10,9,114,-0.4619872358275804,0
10,9,115,0.5264542745199925,0
10,9,116,-0.240370824180868,0
10,9,117,0.1193960292004739,0
10,9,118,-0.6319828971316649,0
10,9,119,0.4760792558614462,0
10,9,120,-0.1897565817083517,0
10,9,121,0.3456254309464685,0
10,9,122,0.3540358749621655,0
10,9,123,-0.1532627012341784,0
10,9,124,0.01049992316715506,0
10,9,125,-0.1110168564658687,0
10,9,126,-0.08857163601000373,0
10,9,127,0.04803123919623831,0
10,9,128,0.03247877784689617,0
10,9,129,-0.01131082848374226,0
10,9,130,-0.2865086821997564,0
10,9,131,0.1943556095420657,0
10,9,132,-0.01206618334496655,0
10,9,133,0.1149402758627403,0
10,9,134,-0.09629069489346874,0
10,9,135,0.002391190565589236,0
10,9,136,-0.001006908148345957,0
10,9,137,-0.001232697903390623,0
10,9,138,0.001023665902087013,0
10,9,139,2.341389383049913e-05,0
10,9,140,0.001392317737723073,0
10,9,141,0.002427163045970582,0
10,9,142,-0.0004725198411266788,0
10,9,143,-0.001290829729562476,0
10,9,144,0.001634887580945276,0
10,9,145,0.001526786612766085,0
10,9,146,-0.0003214642338248584,0
10,9,147,-0.0003018705922187294,0
10,9,148,-0.0002424657144712327,0
10,9,149,-0.0003028303872089379,0
10,9,150,0.001092526234845808,0
10,9,151,0.0008633073809401687,0
10,9,152,-0.0003687725044917945,0
10,9,153,-0.0006776572461817759,0
10,9,154,-0.001124303073572551,0
10,9,155,-0.0008667293164223518,0
10,9,156,0.0008341022194172813,0
10,9,157,7.398396770929025e-05,0
10,9,158,-0.001431728324458165,0
10,9,159,-0.0008485580497386904,0
10,9,160,-0.001135802763085057,0
10,9,161,-0.001767688857025835,0
10,9,162,0.0004009571546193081,0
10,9,163,-4.317664891045234e-05,0
10,9,164,-0.002760059421679767,0
10,9,165,-0.001269840016272379,0
10,9,166,0.001670376118663484,0
10,9,167,3.707403686120785e-05,0
10,9,168,-0.000901604134374051,0
10,9,169,0.0001590204148497031,0
10,9,170,-0.001858126977641093,0
11,11,0,-0.0211406951666515,0
11,11,1,0.1259072496046781,0
11,11,2,-0.5488408544593589,0
11,11,3,0.3217720201223188,0
11,11,4,-0.1080997117098147,0
11,11,5,-0.008186965775026884,0
11,11,6,0.2050661490028794,0
11,11,7,-0.2994077594770049,0
11,11,8,0.4590257940554301,0
11,11,9,-0.0893245229006419,0
11,11,10,-0.08924574430625604,0
11,11,11,0.2357901131500301,0
11,11,12,-0.3356485247813584,0
11,11,13,0.1839710668141306,0
11,11,14,-0.1492831122134984,0
11,11,15,0.3396205772674514,0
11,11,16,0.1189211796304713,0
11,11,17,-0.534170438858441,0
11,11,18,0.3034556863837246,0
11,11,19,-0.361486152466384,0
11,11,20,0.5853971741063115,0
11,11,21,-0.5880545512547254,0
11,11,22,0.01476132994674366,0
11,11,23,0.3949655340252509,0
11,11,24,-0.3382694073696627,0
11,11,25,0.5650170518834791,0
11,11,26,-0.9061795572768154,0
11,11,27,0.1952018053527609,0
11,11,28,-0.2910114368926817,0
11,11,29,-0.9437799473902891,0
11,11,30,0.5386929479152575,0
11,11,31,-0.3818986760122544,0
11,11,32,0.1234900582499582,0
11,11,33,0.4950355145859804,0
11,11,34,-0.8461515627861875,0
11,11,35,0.4392210259848314,0
11,11,36,-0.3884569250620923,0
11,11,37,0.3132714559532017,0
11,11,38,0.1360047532039944,0
11,11,39,-0.2881916704785994,0
11,11,40,0.1072532961342739,0
11,11,41,-0.1433057014599521,0
11,11,42,0.04716859494585143,0
11,11,43,-0.02641108923571843,0
11,11,44,-0.6315325710947309,0
11,11,45,0.3842879766435507,0
11,11,46,0.05893163605275011,0
11,11,47,0.7266540102864745,0
11,11,48,-0.03453312471532104,0
11,11,49,-0.5856988727789194,0
11,11,50,0.326708921837587,0
11,11,51,-0.645832087297048,0
11,11,52,0.5768870751894003,0
11,11,53,-0.991680400606386,0
11,11,54,0.4184902599996727,0
11,11,55,0.1767110411614116,0
11,11,56,0.5724833498503787,0
11,11,57,-0.5769672179288331,0
11,11,58,-0.5326692835562201,0
11,11,59,0.247866809298486,0
11,11,60,0.08452931960314339,0
11,11,61,-0.5141332211780795,0
11,11,62,0.64411361590141,0
11,11,63,-0.2466430311376955,0
11,11,64,0.4417321342906745,0
11,11,65,-0.04854689149604494,0
11,11,66,0.07260671197712759,0
11,11,67,-0.3584476956093443,0
11,11,68,-0.1419455279637386,0
11,11,69,0.4184260053133611,0
11,11,70,-0.1068066969571178,0
11,11,71,0.35538897370852,0
11,11,72,-0.7475751494689065,0
11,11,73,0.3921364233189087,0
11,11,74,-0.1113713368730112,0
11,11,75,-0.02461309879695629,0
11,11,76,-0.6011641184108606,0
11,11,77,0.05518294884371219,0
11,11,78,0.7047404115783965,0
11,11,79,0.3091709090068126,0
11,11,80,0.110477703240031,0
11,11,81,-0.5889449154294811,0
11,11,82,0.1030821957850719,0
11,11,83,-0.2053772881400808,0
11,11,84,-0.003598363498668737,0
11,11,85,0.09416698308444463,0
11,11,86,0.02639373626547249,0
11,11,87,0.2440735566894192,0
11,11,88,-0.1328547985598628,0
11,11,89,0.06241037514360761,0
11,11,90,0.1313462456096406,0
11,11,91,-0.1367599285304788,0
11,11,92,0.2925618523629682,0
11,11,93,0.5449235116698787,0
11,11,94,-0.3236672507452466,0
11,11,95,0.319984409646525,0
11,11,96,0.28713155130537,0
11,11,97,-0.5309045154971312,0
11,11,98,0.5901751441912094,0
11,11,99,-1,0
11,11,100,0.4231752018345949,0
11,11,101,0.07517873201665227,0
11,11,102,0.1727752078781195,0
11,11,103,0.5015643852854298,0
11,11,104,-0.8459675369724122,0
11,11,105,0.8952227643562861,0
11,11,106,-0.6548285657731845,0
11,11,107,0.3038308070136272,0
11,11,108,-0.6377305805286319,0
11,11,109,-0.1306652996006522,0
11,11,110,0.730844430208594,0
11,11,111,-0.1974083387369424,0
11,11,112,0.4596949903337989,0
11,11,113,-0.5613743049773653,0
11,11,114,0.1189262016371757,0
11,11,115,-0.1489899298583985,0
11,11,116,0.1053772736777657,0
11,11,117,-0.0499683248604993,0
11,11,118,0.2583133716884244,0
11,11,119,-0.1803870014930885,0
11,11,120,0.3119992227264203,0
11,11,121,-0.2713034525415566,0
11,11,122,0.4252530898095052,0
11,11,123,-0.4115320659669296,0
11,11,124,-0.03080170972121195,0
11,11,125,-0.1635830106497657,0
11,11,126,-0.5251519247115832,0
11,11,127,0.3829206544955361,0
11,11,128,0.2685868586762266,0
11,11,129,0.01193778121907274,0
11,11,130,0.4337833850660818,0
11,11,131,-0.4278855942470035,0
11,11,132,-0.3563968654862726,0
11,11,133,0.1024083602604076,0
11,11,134,0.1562434611965814,0
11,11,135,-0.001201884778361578,0
11,11,136,-0.0004134869105859937,0
11,11,137,-0.000681912599542083,0
11,11,138,0.0009974747192414302,0
11,11,139,0.000120721791822001,0
11,11,140,-0.0008518753050348671,0
11,11,141,0.001795834256273343,0
11,11,142,0.001115633478844115,0
11,11,143,0.0002313406620044014,0
11,11,144,-0.00097535021623352,0
11,11,145,-0.0003384781862533241,0
11,11,146,-0.001650649324600698,0
11,11,147,-0.001521511332049931,0
11,11,148,0.001312919749215275,0
11,11,149,0.0003388532695325738,0
11,11,150,-0.00102807444410172,0
11,11,151,-0.0004299631574945142,0
11,11,152,0.0008382479065144105,0
11,11,153,-0.0007394813453293531,0
11,11,154,0.001310481225662503,0
11,11,155,0.001417351600027713,0
11,11,156,-0.0005479015374796862,0
11,11,157,-0.0005586009817381664,0
11,11,158,0.0005626917118700161,0
11,11,159,0.001505272011998978,0
11,11,160,-0.0006409567317914052,0
11,11,161,-0.001783361593918774,0
11,11,162,-0.001525680788523727,0
11,11,163,-0.0004131133990367387,0
11,11,164,0.00155311500074752,0
11,11,165,0.0008721873642145791,0
11,11,166,0.001156204243708488,0
11,11,167,0.0002968729098389783,0
11,11,168,-0.001099325975081836,0
11,11,169,0.001273669593254106,0
11,11,170,0.001011234528027225,0
12,10,0,-0.407626156835715,0
12,10,1,0.1350664829860474,0
12,10,2,0.02491459422381505,0
12,10,3,0.1323047655531674,0
12,10,4,0.2359576010254704,0
12,10,5,-0.6371831170469013,0
12,10,6,0.4294979768891922,0
12,10,7,-0.2575450064849862,0
12,10,8,0.2911817409965383,0
12,10,9,-0.3219247569882699,0
12,10,10,-0.188367952147536,0
12,10,11,0.6280866206712311,0
12,10,12,-0.1026489550011669,0
12,10,13,0.2832572636530675,0
12,10,14,-0.6102640189145452,0
12,10,15,0.3722528101011465,0
12,10,16,-0.07926388989050022,0
12,10,17,-0.08016422230713896,0
12,10,18,0.2935289494081731,0
12,10,19,-0.3896873004616592,0
12,10,20,0.5237146050443796,0
12,10,21,0.3653611700683799,0
12,10,22,-0.3056041287203631,0
12,10,23,0.2585565569858636,0
12,10,24,0.1745791777519627,0
12,10,25,-0.2892389531242813,0
12,10,26,0.4277313861171311,0
12,10,27,-0.09202182274125661,0
12,10,28,0.1182026167852254,0
12,10,29,0.09732729946729048,0
12,10,30,-0.03108240621132892,0
12,10,31,0.030892894161695,0
12,10,32,-0.7497275881596343,0
12,10,33,0.3231402762538245,0
12,10,34,0.2837420439774351,0
12,10,35,0.4416762295198154,0
12,10,36,0.2063356102964383,0
12,10,37,-0.6683980463257805,0
12,10,38,0.6584984401451311,0
12,10,39,-0.6458940310155783,0
12,10,40,0.4084005600840803,0
12,10,41,-0.852147557706614,0
12,10,42,0.1078535531421137,0
12,10,43,0.441830111976308,0
12,10,44,0.07244100915407359,0
12,10,45,0.5091322978371532,0
12,10,46,-0.8266024632770581,0
12,10,47,0.4908913405360376,0
12,10,48,-0.3980375056622588,0
12,10,49,0.2548267649314491,0
12,10,50,0.01892106933361798,0
12,10,51,-0.2662188900391427,0
12,10,52,0.07882127148535577,0
12,10,53,0.3634131591806404,0
12,10,54,-0.1413784725249295,0
12,10,55,-0.402023091912567,0
12,10,56,-0.2119436152200748,0
12,10,57,0.1430033082082718,0
12,10,58,0.05767740367760495,0
12,10,59,0.101726619468693,0
12,10,60,-0.5679249739878063,0
12,10,61,0.5477629805183326,0
12,10,62,-0.306124279809865,0
12,10,63,0.03508936168650682,0
12,10,64,-0.6057835426975212,0
12,10,65,0.009370563613111487,0
12,10,66,0.7004978667316415,0
12,10,67,0.2707120763631052,0
12,10,68,0.1468179574706324,0
12,10,69,-0.5133018138057299,0
12,10,70,0.2305840223266783,0
12,10,71,-0.2993242132349562,0
12,10,72,0.05045658952942572,0
12,10,73,-0.6704758468647462,0
12,10,74,0.3374298449250474,0
12,10,75,0.07962284543852484,0
12,10,76,0.4077132432470637,0
12,10,77,0.1114409005496039,0
12,10,78,-0.2766124004121572,0
12,10,79,-0.4347452626695765,0
12,10,80,-0.125837335728964,0
12,10,81,0.4999386125964557,0
12,10,82,-0.7074719210104085,0
12,10,83,0.7133147297664478,0
12,10,84,-0.686078371294382,0
12,10,85,0.3380395535518322,0
12,10,86,-0.4792638669121118,0
12,10,87,-1,0
12,10,88,0.5466057306631367,0
12,10,89,-0.2600066574818291,0
12,10,90,0.08215527683092214,0
12,10,91,0.5320345355255401,0
12,10,92,-0.9243952549973141,0
12,10,93,0.7764806655429942,0
12,10,94,-0.5223121867035504,0
12,10,95,0.1507522246459723,0
12,10,96,-0.497696131655063,0
12,10,97,-0.1211050983822984,0
12,10,98,0.607525729905569,0
12,10,99,-0.1271423279408496,0
12,10,100,0.3103288769936164,0
12,10,101,-0.4130754104593728,0
12,10,102,0.04159555420449688,0
12,10,103,0.04747474073891752,0
12,10,104,-0.161122532020972,0
12,10,105,0.08430041272262218,0
12,10,106,0.005117303838797157,0
12,10,107,0.07862672242777009,0
12,10,108,0.5020475487799694,0
12,10,109,-0.4239218063947938,0
12,10,110,0.2592812206676743,0
12,10,111,-0.7289804851169198,0
12,10,112,0.1571142554862746,0
12,10,113,0.3778204633114892,0
12,10,114,0.4832536100005752,0
12,10,115,-0.4255431949691417,0
12,10,116,-0.3087413841830861,0
12,10,117,0.16998238703434,0
12,10,118,-0.6179606129871883,0
12,10,119,0.5452234796490772,0
12,10,120,0.1334490995330055,0
12,10,121,0.1409798182864734,0
12,10,122,0.3488691686234439,0
12,10,123,-0.2941533541126918,0
12,10,124,-0.2634609206110533,0
12,10,125,0.06434534169816622,0
12,10,126,-0.1106025706098584,0
12,10,127,0.1648357269158317,0
12,10,128,0.07968198264542299,0
12,10,129,0.003794232182416624,0
12,10,130,0.2527628140242876,0
12,10,131,-0.1945662341467032,0
12,10,132,0.2551803546788545,0
12,10,133,-0.2821990260164779,0
12,10,134,0.01140579880111307,0
12,10,135,-0.0001078555770277236,0
12,10,136,-0.001632303468429645,0
12,10,137,0.000941151961710743,0
12,10,138,9.617271571358241e-05,0
12,10,139,-0.001145900585526699,0
12,10,140,-0.0005307593378452888,0
12,10,141,-0.001577125506927288,0
12,10,142,-6.824694057996266e-07,0
12,10,143,0.001508812631118445,0
12,10,144,0.001786432602072668,0
12,10,145,0.001011542368023202,0
12,10,146,-0.0006841797091829705,0
12,10,147,-0.0005184407382098204,0
12,10,148,0.0001247265773386726,0
12,10,149,0.0009324990120539111,0
12,10,150,-0.0003067196491525047,0
12,10,151,-0.001361854613675393,0
12,10,152,0.0003046235964087195,0
12,10,153,-0.000858590392993001,0
12,10,154,-0.0002100497442739401,0
12,10,155,0.0008473535275588173,0
12,10,156,3.541885209883146e-06,0
12,10,157,-0.001346892331953248,0
12,10,158,0.0005667500963590784,0
12,10,159,0.002050895335226714,0
12,10,160,0.0006345191970241019,0
12,10,161,0.001062787721429987,0
12,10,162,5.766236690890564e-05,0
12,10,163,-0.0007846309329728396,0
12,10,164,-0.002153290405365853,0
12,10,165,0.0007236270881746422,0
12,10,166,0.0005166465700484499,0
12,10,167,-0.001414471528128287,0
12,10,168,0.0007015626033627686,0
12,10,169,5.142528601788801e-06,0
12,10,170,0.0003581119580206298,0
13,12,0,0.4546315480958895,0
13,12,1,-0.1723032517938477,0
13,12,2,0.01900330048359548,0
13,12,3,-0.05385545512521767,0
13,12,4,-0.3264817663268153,0
13,12,5,0.6236488000003201,0
13,12,6,0.3873179062376377,0
13,12,7,-0.06368231295424029,0
13,12,8,-0.3003936823755053,0
13,12,9,0.462295643510148,0
13,12,10,-0.4639970066003006,0
13,12,11,0.5232036880128931,0
13,12,12,0.310913009238004,0
13,12,13,-0.4270224890265734,0
13,12,14,0.450834360033025,0
13,12,15,0.541542897023452,0
13,12,16,-0.3784372985949967,0
13,12,17,0.2211765581278869,0
13,12,18,0.1958656182334472,0
13,12,19,-0.4734453419157246,0
13,12,20,0.6108051891772152,0
13,12,21,0.5156755039916162,0
13,12,22,-0.2882937089266008,0
13,12,23,-0.01108995947293466,0
13,12,24,0.3307525811844534,0
13,12,25,-0.4972435301880525,0
13,12,26,0.6052506743792448,0
13,12,27,-0.2017514767722115,0
13,12,28,0.253681317075529,0
13,12,29,-0.004462972019032415,0
13,12,30,0.08517727570826659,0
13,12,31,-0.3914949539189803,0
13,12,32,0.6238179604730574,0
13,12,33,-0.3738657604106028,0
13,12,34,-0.1435851648711167,0
13,12,35,-0.6058194206889618,0
13,12,36,-0.03005472866414638,0
13,12,37,0.3936749166783256,0
13,12,38,0.5637035633829042,0
13,12,39,0.1198037284936722,0
13,12,40,-0.8696239276828748,0
13,12,41,0.1642104410427699,0
13,12,42,-0.5056583436669162,0
13,12,43,0.3908958955150079,0
13,12,44,-0.02457322954699591,0
13,12,45,-0.001787268899054342,0
13,12,46,-0.4020196930831343,0
13,12,47,0.4716636193173125,0
13,12,48,-0.250885231711274,0
13,12,49,-0.377519197849523,0
13,12,50,-0.3649909116492696,0
13,12,51,-0.07853523510820552,0
13,12,52,0.1233782822699111,0
13,12,53,0.5050403471299402,0
13,12,54,-0.02056239782351359,0
13,12,55,-0.7378631285280449,0
13,12,56,-0.344002830725965,0
13,12,57,0.2297315213510129,0
13,12,58,-0.6718714345030909,0
13,12,59,0.2587789108492642,0
13,12,60,0.3889197542079887,0
13,12,61,-0.2425789525814048,0
13,12,62,0.5530449329648813,0
13,12,63,-0.5511829076204724,0
13,12,64,0.1937611933218658,0
13,12,65,-0.04584082865865372,0
13,12,66,-0.1003284867698013,0
13,12,67,-1,0
13,12,68,0.5037905058507257,0
13,12,69,0.2089415077709851,0
13,12,70,0.2458626723825132,0
13,12,71,0.382768211747358,0
13,12,72,-0.6848642770274884,0
13,12,73,-0.9077338402456759,0
13,12,74,0.2698927008137007,0
13,12,75,0.3833795840234704,0
13,12,76,-0.513511554714461,0
13,12,77,0.9173143144896102,0
13,12,78,-0.7843485988830765,0
13,12,79,-0.1223102669823052,0
13,12,80,0.243286865695038,0
13,12,81,-0.04522598304383941,0
13,12,82,-0.9418314792355286,0
13,12,83,0.6332138920276554,0
13,12,84,0.06173485651517047,0
13,12,85,0.4706206205080474,0
13,12,86,-0.5398881576758401,0
13,12,87,0.7428644459118489,0
13,12,88,-0.4616599979353109,0
13,12,89,0.2728300802867598,0
13,12,90,-0.3620311930834377,0
13,12,91,-0.1940699733964061,0
13,12,92,0.7597736361483813,0
13,12,93,0.09860715100891902,0
13,12,94,0.1804449115418159,0
13,12,95,-0.1734122448486276,0
13,12,96,0.3203238135798328,0
13,12,97,-0.2790086976331893,0
13,12,98,0.2208780504317659,0
13,12,99,-0.2723799724825283,0
13,12,100,0.06824197536693637,0
13,12,101,0.352720194105637,0
13,12,102,0.6056188896345381,0
13,12,103,-0.2508724054970335,0
13,12,104,0.04678880114777639,0
13,12,105,-0.4080975505499997,0
13,12,106,-0.04021836809363021,0
13,12,107,0.6555631106683398,0
13,12,108,0.5293734904971986,0
13,12,109,-0.03295212115692436,0
13,12,110,-0.02428525374673062,0
13,12,111,0.285636840863742,0
13,12,112,-0.5612615623105676,0
13,12,113,0.7447352404687441,0
13,12,114,-0.02436566282225331,0
13,12,115,0.2035169660281538,0
13,12,116,0.3408234475340261,0
13,12,117,-0.2005004925096219,0
13,12,118,0.5610340671879447,0
13,12,119,-0.5363491384251632,0
13,12,120,-0.01410492431203403,0
13,12,121,-0.1704050943927819,0
13,12,122,0.2361243065220451,0
13,12,123,-0.1576831839652588,0
13,12,124,0.3025321156766471,0
13,12,125,-0.2951235979730153,0
13,12,126,0.2165648501670917,0
13,12,127,-0.2213647553892458,0
13,12,128,0.5486533664968036,0
13,12,129,-0.4875814537066693,0
13,12,130,0.2134769381517408,0
13,12,131,-0.2987150865652344,0
13,12,132,0.6256022726431668,0
13,12,133,-0.5511412709522113,0
13,12,134,-0.296647471824672,0
13,12,135,0.0005392790918873451,0
13,12,136,-0.0007030246561763289,0
13,12,137,-0.0016797188651929,0
13,12,138,-0.0001693518533446556,0
13,12,139,-0.001502530382748999,0
13,12,140,0.0002991743632987612,0
13,12,141,-0.0008508467262467028,0
13,12,142,-0.0009083644459140074,0
13,12,143,0.0009175031968641959,0
13,12,144,-0.001613082948246437,0
13,12,145,-0.000771082106967234,0
13,12,146,-0.0006712843663430736,0
13,12,147,-0.0005959705791203138,0
13,12,148,-0.001187285291829387,0
13,12,149,-0.001286650911666162,0
13,12,150,-0.0006261382740556284,0
13,12,151,-0.001476142007116171,0
13,12,152,-0.001240113002753234,0
13,12,153,0.0006222358455395241,0
13,12,154,0.0007496313084975513,0
13,12,155,0.0002904656111085905,0
13,12,156,0.001585700378532364,0
13,12,157,0.001283152285913546,0
13,12,158,0.0003563399727463994,0
13,12,159,0.00153595830465092,0
13,12,160,0.0005638844162335129,0
13,12,161,0.0007394442720646714,0
13,12,162,-0.0006994383333683688,0
13,12,163,0.0009556577541136334,0
13,12,164,0.001414352259342677,0
13,12,165,-0.000552939714661393,0
13,12,166,0.001321585527992711,0
13,12,167,1.798058803938563e-05,0
13,12,168,0.0003118804826162873,0
13,12,169,0.0009275006139924904,0
13,12,170,-0.0007688843404832803,0
14,13,0,0.2819496233442472,0
14,13,1,0.002924020725573425,0
14,13,2,-0.4074442159352749,0
14,13,3,0.4486336582827449,0
14,13,4,-0.3678039847651677,0
14,13,5,0.3647261229735633,0
14,13,6,-0.1598465672803857,0
14,13,7,-0.2496385867154757,0
14,13,8,0.5459551106520883,0
14,13,9,-0.4900272461612926,0
14,13,10,0.3296123930381014,0
14,13,11,-0.2875613296331,0
14,13,12,0.08990989592969177,0
14,13,13,0.3290605533570181,0
14,13,14,-0.6333739824382285,0
14,13,15,-0.3369092859369436,0
14,13,16,0.00892191796144811,0
14,13,17,0.3428014117581271,0
14,13,18,-0.7973060324617565,0
14,13,19,0.5427442824096053,0
14,13,20,-0.3871826528618323,0
14,13,21,0.3966407114084629,0
14,13,22,0.4260487730203782,0
14,13,23,-1,0
14,13,24,0.3899802253100196,0
14,13,25,-0.5316723300608396,0
14,13,26,0.7497485268260612,0
14,13,27,-0.2543305834797662,0
14,13,28,0.3535984689769479,0
14,13,29,-0.6718117611765728,0
14,13,30,0.4985461406982579,0
14,13,31,-0.4834815804474042,0
14,13,32,0.4009177415345872,0
14,13,33,0.1587696713882943,0
14,13,34,-0.5787512023971157,0
14,13,35,0.3998425370821331,0
14,13,36,-0.5462620367160645,0
14,13,37,0.2341440579926987,0
14,13,38,-0.3275131593498515,0
14,13,39,0.0263764956847054,0
14,13,40,0.04017024464148183,0
14,13,41,-0.5300847541735276,0
14,13,42,0.5138640157024111,0
14,13,43,-0.03650388499924835,0
14,13,44,0.6085015710050201,0
14,13,45,-0.08314254664073115,0
14,13,46,-0.2056468422214885,0
14,13,47,-0.3095170288374281,0
14,13,48,-0.2256377451745601,0
14,13,49,0.71657493751749,0
14,13,50,-0.8219172983658793,0
14,13,51,0.7579472402672007,0
14,13,52,0.05659614404578771,0
14,13,53,0.9064108548551685,0
14,13,54,-0.1214209890572676,0
14,13,55,-0.3361319344979463,0
14,13,56,-0.6136297721689997,0
14,13,57,0.5728794522377595,0
14,13,58,-0.6797597264248273,0
14,13,59,0.4398641409727582,0
14,13,60,-0.2026577245981549,0
14,13,61,-0.2545605841503703,0
14,13,62,0.599659237258361,0
14,13,63,-0.2910479164263296,0
14,13,64,-0.06992499579448831,0
14,13,65,-0.02930417723206777,0
14,13,66,0.329028357170376,0
14,13,67,-0.2776330069976009,0
14,13,68,0.2176668118153193,0
14,13,69,-0.3294570898243123,0
14,13,70,0.4198395798834507,0
14,13,71,0.06876704650833379,0
14,13,72,-0.3942877113814687,0
14,13,73,-0.006896639723472197,0
14,13,74,-0.3269229380530883,0
14,13,75,0.7584556711274366,0
14,13,76,0.6231152843330989,0
14,13,77,-0.402418010143243,0
14,13,78,-0.2169183641872875,0
14,13,79,0.4766042081109267,0
14,13,80,-0.4703083147183222,0
14,13,81,0.08447591344929294,0
14,13,82,0.016582097104146,0
14,13,83,-0.2525751332633718,0
14,13,84,0.5483249572145507,0
14,13,85,-0.2033245191394351,0
14,13,86,0.08363740825725717,0
14,13,87,-0.214126989346309,0
14,13,88,0.1351034336913499,0
14,13,89,-0.05329759320505078,0
14,13,90,0.272719517388862,0
14,13,91,0.07290055903223328,0
14,13,92,-0.0756584443297893,0
14,13,93,0.7495343165225647,0
14,13,94,-0.6434629608352831,0
14,13,95,0.5729758801373789,0
14,13,96,-0.5671486707753747,0
14,13,97,-0.1566332701952491,0
14,13,98,0.7050901627153831,0
14,13,99,-0.3361140813442303,0
14,13,100,0.6396652701086702,0
14,13,101,-0.5859402228133882,0
14,13,102,0.9424195399856667,0
14,13,103,-0.3905897427413079,0
14,13,104,-0.1622557674343589,0
14,13,105,-0.6468854672797627,0
14,13,106,-0.245769493461033,0
14,13,107,0.718627688359606,0
14,13,108,-0.4236219068172117,0
14,13,109,0.6875741031551245,0
14,13,110,-0.870553663281455,0
14,13,111,0.4937875520232275,0
14,13,112,-0.03316132711837141,0
14,13,113,-0.563631177513975,0
14,13,114,-0.330849073908428,0
14,13,115,0.2874090064506682,0
14,13,116,-0.02323489689631882,0
14,13,117,0.02400616822674166,0
14,13,118,0.05944056495054075,0
14,13,119,0.0211913328621826,0
14,13,120,0.5422978011444781,0
14,13,121,-0.3786719766315603,0
14,13,122,0.46852394101009,0
14,13,123,-0.5736705659906253,0
14,13,124,-0.3999846598644195,0
14,13,125,0.1238017791149972,0
14,13,126,-0.05218663817615523,0
14,13,127,0.1986042418759396,0
14,13,128,0.3406263749019728,0
14,13,129,-0.318257407194881,0
14,13,130,-0.7458942219763358,0
14,13,131,0.4042789019215443,0
14,13,132,-0.4917189868564757,0
14,13,133,0.6404662066054123,0
14,13,134,0.120081821948112,0
14,13,135,-0.0001057996534570299,0
14,13,136,0.0006182080760903617,0
14,13,137,0.0007754611087381412,0
14,13,138,0.0007825739508522411,0
14,13,139,0.0005565901072745592,0
14,13,140,0.0007762051209951709,0
14,13,141,-0.001433617788532488,0
14,13,142,-0.001660019282705506,0
14,13,143,-0.0007630952225325336,0
14,13,144,0.0004811758874850534,0
14,13,145,-0.0002193836492834113,0
14,13,146,-0.002879606899907709,0
14,13,147,-0.0003271935033827314,0
14,13,148,0.001869047854906004,0
14,13,149,-0.001140544664772126,0
14,13,150,-0.0004400938626703613,0
14,13,151,0.002653409843468149,0
14,13,152,0.0008774736820412412,0
14,13,153,-0.0001237947081847872,0
14,13,154,0.001998709053660285,0
14,13,155,-0.0002814149762716175,0
14,13,156,-0.002007546169786951,0
14,13,157,0.0003798514664870167,0
14,13,158,-0.000552616980610149,0
14,13,159,-0.003048685323733422,0
14,13,160,-0.0001808686500092619,0
14,13,161,0.002732825622776935,0
14,13,162,-0.001521154246179901,0
14,13,163,-0.0003154958219352075,0
14,13,164,0.0003261977792188453,0
14,13,165,0.0007860272977130186,0
14,13,166,0.001585518689134951,0
14,13,167,0.0001814714273152248,0
14,13,168,0.0005419849007425361,0
14,13,169,0.000847188210146151,0
14,13,170,-0.0009980149543258015,0
15,14,0,0.1340534896103716,0
15,14,1,-0.05281452789154416,0
15,14,2,-0.04947797543182446,0
15,14,3,0.6023068543248695,0
15,14,4,-0.3189065092086427,0
15,14,5,0.09274436334409381,0
15,14,6,0.2451410279242682,0
15,14,7,-0.5402743483547604,0
15,14,8,0.7454292512120992,0
15,14,9,0.4841786647659264,0
15,14,10,-0.3077466556207357,0
15,14,11,0.0472819301905423,0
15,14,12,0.6541489515476339,0
15,14,13,-0.5731568274185551,0
15,14,14,0.5109278861520034,0
15,14,15,0.05065085371826286,0
15,14,16,-0.4634176745222414,0
15,14,17,0.7224698450084812,0
15,14,18,-0.04634025328009144,0
15,14,19,0.0470471952582433,0
15,14,20,-0.1402875000957461,0
15,14,21,-0.259031146649695,0
15,14,22,0.1311543476227042,0
15,14,23,-0.01136278271204371,0
15,14,24,-0.1773229965717277,0
15,14,25,0.2534572577982763,0
15,14,26,-0.3067160296738759,0
15,14,27,0.1069301053486879,0
15,14,28,-0.1268490183991118,0
15,14,29,-0.0816959637253848,0
15,14,30,0.02666514211580487,0
15,14,31,0.1277058730662613,0
15,14,32,-0.03492591333306411,0
15,14,33,0.07321242533020091,0
15,14,34,-0.1230835247799581,0
15,14,35,0.6312998008940229,0
15,14,36,-0.3370933067961986,0
15,14,37,-0.3371400404622326,0
15,14,38,-0.3259593519648937,0
15,14,39,-0.182218357173819,0
15,14,40,0.2064717810860563,0
15,14,41,0.3552267087869598,0
15,14,42,0.0612554718819923,0
15,14,43,-0.7668922933797202,0
15,14,44,0.4787931151360854,0
15,14,45,-0.5348546124635876,0
15,14,46,-0.02809338206402404,0
15,14,47,-0.3463621644332767,0
15,14,48,-0.02512090350271711,0
15,14,49,-0.04678087977104192,0
15,14,50,0.140913542446332,0
15,14,51,0.1783675475994045,0
15,14,52,-0.3837416661069615,0
15,14,53,-0.2511512719854478,0
15,14,54,-0.001861492591237597,0
15,14,55,0.4089886064760541,0
15,14,56,0.1727406164053246,0
15,14,57,-0.08393808779684565,0
15,14,58,0.24467629040633,0
15,14,59,-0.02610126246782625,0
15,14,60,-0.350081154866908,0
15,14,61,-0.1485672312153807,0
15,14,62,-0.08842205326490715,0
15,14,63,0.312950254998049,0
15,14,64,-0.6174388290835096,0
15,14,65,0.4052179796399377,0
15,14,66,-0.02840793802848466,0
15,14,67,-0.1134439891215499,0
15,14,68,0.378636556959067,0
15,14,69,-0.501356051145867,0
15,14,70,-1,0
15,14,71,0.6417818843357705,0
15,14,72,0.08490405190099957,0
15,14,73,-0.3344044010070588,0
15,14,74,0.6964129406167104,0
15,14,75,-0.5514614092095376,0
15,14,76,-0.4427513105248062,0
15,14,77,0.3724028319682679,0
15,14,78,-0.1158539344636646,0
15,14,79,-0.2100051987474995,0
15,14,80,0.4938978482661107,0
15,14,81,-0.3636451432566436,0
15,14,82,0.5914084312250066,0
15,14,83,-0.2960448884609282,0
15,14,84,0.08103957928389688,0
15,14,85,-0.3192330380281425,0
15,14,86,0.4007270682770456,0
15,14,87,-0.613280032366853,0
15,14,88,0.3945669865839341,0
15,14,89,-0.2239468450099674,0
15,14,90,0.408539149204677,0
15,14,91,0.1301995562236279,0
15,14,92,-0.5589725543676658,0
15,14,93,0.1154978378000902,0
15,14,94,-0.3412944334441725,0
15,14,95,0.4265613857416939,0
15,14,96,-0.2400674136723076,0
15,14,97,0.1206601097135912,0
15,14,98,0.1952427924424709,0
15,14,99,0.4710748386412398,0
15,14,100,-0.1317859600052088,0
15,14,101,0.04607999979957209,0
15,14,102,0.0365741458433238,0
15,14,103,-0.2444336734361616,0
15,14,104,0.6781157694417613,0
15,14,105,0.215958344794678,0
15,14,106,-0.1881793290658323,0
15,14,107,0.4071320723274837,0
15,14,108,-0.1175707688421076,0
15,14,109,-0.02102195653148933,0
15,14,110,0.3821260550679242,0
15,14,111,0.2551030690577051,0
15,14,112,-0.06651567009018099,0
15,14,113,0.04645595061612336,0
15,14,114,-0.2596741333333615,0
15,14,115,0.1758203140338071,0
15,14,116,-0.2650044908357495,0
15,14,117,0.1626077309146857,0
15,14,118,-0.3534421943406345,0
15,14,119,0.3888365537309779,0
15,14,120,0.3245516126596982,0
15,14,121,-0.09796019630456378,0
15,14,122,0.2113603750055937,0
15,14,123,-0.2465779224960565,0
15,14,124,0.2110678166096536,0
15,14,125,-0.1781036137289821,0
15,14,126,0.6521354498278876,0
15,14,127,-0.5211752435569645,0
15,14,128,0.4977388083178151,0
15,14,129,-0.5860415310624555,0
15,14,130,0.3761398042671422,0
15,14,131,-0.4716891566385186,0
15,14,132,0.09944581474066862,0
15,14,133,-0.2196022361022287,0
15,14,134,-0.1097933803262417,0
15,14,135,-0.001534617363552894,0
15,14,136,-0.0009880665912113187,0
15,14,137,-0.0007946962533057852,0
15,14,138,-0.001340285222800676,0
15,14,139,0.0006846545727566218,0
15,14,140,0.000699177999266653,0
15,14,141,0.0009300847462658545,0
15,14,142,0.00065591238132205,0
15,14,143,-0.00100225128942562,0
15,14,144,0.001622106287851638,0
15,14,145,0.0003155432543302439,0
15,14,146,-0.0007249672978519122,0
15,14,147,-0.0004698056738767521,0
15,14,148,-0.001275730852666357,0
15,14,149,-0.001868491488533413,0
15,14,150,-0.001803397845569703,0
15,14,151,-0.0007496273068678458,0
15,14,152,-0.0009049144398542571,0
15,14,153,0.0005472595838051558,0
15,14,154,0.001575814414389698,0
15,14,155,0.001343392993295363,0
15,14,156,0.0008472042026876959,0
15,14,157,0.002074876783233079,0
15,14,158,0.001138722112333821,0
15,14,159,-0.0007953549942874636,0
15,14,160,-0.000579432353009628,0
15,14,161,-0.0009824422746546322,0
15,14,162,0.0001488886018087513,0
15,14,163,-0.0009199408780210254,0
15,14,164,-0.001446025699315702,0
15,14,165,0.0001772436438651334,0
15,14,166,6.549780489866868e-05,0
15,14,167,0.0004031653651358281,0
15,14,168,0.00076759137114054,0
15,14,169,0.001307442796115951,0
15,14,170,0.001717073212310185,0
16,15,0,-0.5140024174284299,0
16,15,1,0.3262252315586416,0
16,15,2,-0.4176484159093003,0
16,15,3,-0.3347018737588295,0
16,15,4,0.5019767167434973,0
16,15,5,-0.5383666360047825,0
16,15,6,-0.5826964108613538,0
16,15,7,0.3984691700126201,0
16,15,8,-0.1689769493239298,0
16,15,9,0.04495708195664396,0
16,15,10,0.3845515638654537,0
16,15,11,-0.6669881986898772,0
16,15,12,0.4262688011728329,0
16,15,13,-0.2613239670305069,0
16,15,14,0.205766156230593,0
16,15,15,0.5166222000950942,0
16,15,16,-0.5055448765416305,0
16,15,17,0.4378753799389281,0
16,15,18,-0.01581034598851812,0
16,15,19,-0.3724840502340055,0
16,15,20,0.5193752224812137,0
16,15,21,0.3016741708497651,0
16,15,22,-0.04692569325374946,0
16,15,23,-0.2623671899110053,0
16,15,24,0.2765730220993871,0
16,15,25,-0.3597397841756088,0
16,15,26,0.3611408503125634,0
16,15,27,-0.1887686232870371,0
16,15,28,0.2290496127089036,0
16,15,29,-0.6148166280855447,0
16,15,30,0.302240791197723,0
16,15,31,0.2247529734857093,0
16,15,32,-0.1960368415337762,0
16,15,33,0.5676548852815434,0
16,15,34,-0.3000713337771389,0
16,15,35,0.1559847075719035,0
16,15,36,-0.06895248770368802,0
16,15,37,0.4413157124022919,0
16,15,38,-0.5449284166818121,0
16,15,39,0.2316302575622672,0
16,15,40,0.5184063186352416,0
16,15,41,0.3228500792379119,0
16,15,42,0.1510537315226413,0
16,15,43,-0.2476467651158966,0
16,15,44,0.1286673639364329,0
16,15,45,-0.3595013406176407,0
16,15,46,0.2353399835463733,0
16,15,47,0.3052555727328003,0
16,15,48,-0.1963810358902545,0
16,15,49,-0.5184420155664355,0
16,15,50,-0.4760572306415115,0
16,15,51,0.1305976592510887,0
16,15,52,0.04826455670903228,0
16,15,53,0.3161802471220659,0
16,15,54,0.1045053181465991,0
16,15,55,-0.5110389750775653,0
16,15,56,-0.2599770742694006,0
16,15,57,0.1823395603109127,0
16,15,58,0.491455485817524,0
16,15,59,-0.233507580891173,0
16,15,60,-0.1625862820007266,0
16,15,61,0.09573959725272564,0
16,15,62,-0.2978513616881125,0
16,15,63,0.4659231815488912,0
16,15,64,0.866605120012786,0
16,15,65,-0.5383668854042704,0
16,15,66,0.05333522873754498,0
16,15,67,0.637451314883549,0
16,15,68,-0.9006557110714549,0
16,15,69,0.4776133326763112,0
16,15,70,-0.008407506724212166,0
16,15,71,-0.2217673869636512,0
16,15,72,0.1541045118452296,0
16,15,73,0.02619113362308813,0
16,15,74,-0.1020733679372979,0
16,15,75,0.07443475080985483,0
16,15,76,-1,0
16,15,77,0.5584903589462561,0
16,15,78,0.02595168469053355,0
16,15,79,0.07765314968837672,0
16,15,80,0.6172132996454762,0
16,15,81,-0.7648557939142873,0
16,15,82,-0.441282705821217,0
16,15,83,0.1558020508451033,0
16,15,84,0.5251301438202258,0
16,15,85,0.195381158007412,0
16,15,86,-0.1597470040944561,0
16,15,87,-0.3071679332748351,0
16,15,88,0.2240045533969585,0
16,15,89,-0.1807802829557272,0
16,15,90,0.3375792552514696,0
16,15,91,-0.02879510866670038,0
16,15,92,-0.3630884150238224,0
16,15,93,-0.22781068525587,0
16,15,94,-0.07303525442168851,0
16,15,95,0.1133427737526261,0
16,15,96,-0.1685557173820882,0
16,15,97,0.1724701315067185,0
16,15,98,-0.4708403065228133,0
16,15,99,-0.3366386437253762,0
16,15,100,0.313610752607865,0
16,15,101,-0.5579936776872804,0
16,15,102,0.1647678474029715,0
16,15,103,0.1520110810231711,0
16,15,104,-0.4894149517147059,0
16,15,105,0.1696430433561016,0
16,15,106,-0.2723816127432445,0
16,15,107,0.2511882047525119,0
16,15,108,-0.2311376731489295,0
16,15,109,0.1699855335241993,0
16,15,110,0.290389509401536,0
16,15,111,0.8520345664616942,0
16,15,112,-0.4713944840544086,0
16,15,113,0.1605550094092692,0
16,15,114,-0.4887882383369987,0
16,15,115,0.5758175437548255,0
16,15,116,-0.2236489834393192,0
16,15,117,0.1435671623490699,0
16,15,118,-0.3127290941073732,0
16,15,119,0.3237663526385849,0
16,15,120,-0.09172789599306599,0
16,15,121,0.1352624883606091,0
16,15,122,-0.5218734435475532,0
16,15,123,0.3784062643126879,0
16,15,124,-0.5984017798019923,0
16,15,125,0.6097826191584825,0
16,15,126,-0.3950342575017325,0
16,15,127,0.5550643396232143,0
16,15,128,0.2442690027854203,0
16,15,129,0.008468066738600054,0
16,15,130,0.3281236776194927,0
16,15,131,-0.3034178504849185,0
16,15,132,0.2547842571640712,0
16,15,133,-0.290808897302937,0
16,15,134,-0.2808473109474855,0
16,15,135,-0.0002289238231819251,0
16,15,136,0.0005160781839013324,0
16,15,137,-0.001829158944789769,0
16,15,138,-0.002413554203601544,0
16,15,139,-0.001213902080106749,0
16,15,140,-0.0001347776427373704,0
16,15,141,0.0001684055018996502,0
16,15,142,-0.000537913087452429,0
16,15,143,-9.598362323367665e-05,0
16,15,144,1.189675898103295e-05,0
16,15,145,-0.0002542643049930937,0
16,15,146,9.550586205802433e-06,0
16,15,147,0.001262190956023574,0
16,15,148,0.002249877616564402,0
16,15,149,0.000284458818569708,0
16,15,150,-0.001315805446956351,0
16,15,151,-0.0004204141751088691,0
16,15,152,-0.001428633162341712,0
16,15,153,-0.001679103836507405,0
16,15,154,-0.001198186839205683,0
16,15,155,-0.001055239475718347,0
16,15,156,-0.0008696692164069209,0
16,15,157,0.001526941177716751,0
16,15,158,0.001723601458261507,0
16,15,159,1.364170226228396e-05,0
16,15,160,-0.0006179025818159184,0
16,15,161,0.0001135435979510087,0
16,15,162,6.251188457060967e-05,0
16,15,163,-0.0004005279181066219,0
16,15,164,0.0006510335002746539,0
16,15,165,0.0003413365849437762,0
16,15,166,-0.001382387609097341,0
16,15,167,-0.002023355601315367,0
16,15,168,-0.002468526168125906,0
16,15,169,-0.0002616113604975145,0
16,15,170,-0.0004501556681581822,0
17,17,0,0.08223773656747974,0
17,17,1,0.02099994322318484,0
17,17,2,-0.1178430520189478,0
17,17,3,-0.256672500611451,0
17,17,4,0.03477703611340702,0
17,17,5,0.1524311790109804,0
17,17,6,-0.4553509542933426,0
17,17,7,0.3734487129286263,0
17,17,8,-0.2913088874781311,0
17,17,9,-0.2158387754197663,0
17,17,10,0.3934757526021991,0
17,17,11,-0.4508919635534196,0
17,17,12,0.4330262896864977,0
17,17,13,-0.04333312151884773,0
17,17,14,-0.1937094077577012,0
17,17,15,-0.06857555332737414,0
17,17,16,-0.3469842543397645,0
17,17,17,0.6431661049766045,0
17,17,18,0.5041689995734182,0
17,17,19,-0.06315279767594967,0
17,17,20,-0.3415637851068318,0
17,17,21,-0.4685731121146181,0
17,17,22,-0.2303039461401913,0
17,17,23,0.7636397295016542,0
17,17,24,-0.5450868114814359,0
17,17,25,0.6571599705944825,0
17,17,26,-0.7010919169186268,0
17,17,27,0.3780549754327754,0
17,17,28,-0.4544596817340613,0
17,17,29,-0.1685077435101586,0
17,17,30,0.2572929341446681,0
17,17,31,-0.5385594244544832,0
17,17,32,0.2256143248483042,0
17,17,33,-0.08369371947839312,0
17,17,34,-0.05980941281565613,0
17,17,35,-0.1930394953098971,0
17,17,36,-0.03384185212875026,0
17,17,37,0.2522414060445222,0
17,17,38,-0.1912036738193453,0
17,17,39,0.278131423807791,0
17,17,40,0.08893695129542988,0
17,17,41,-0.1423235166531882,0
17,17,42,0.1452191811998985,0
17,17,43,0.273590902384594,0
17,17,44,0.6285248630700593,0
17,17,45,-0.3028768585265543,0
17,17,46,-0.2182284501024701,0
17,17,47,-0.668690993619227,0
17,17,48,0.02694549423053858,0
17,17,49,0.3658966636145162,0
17,17,50,0.8894320323511159,0
17,17,51,-0.07591739743667532,0
17,17,52,-0.9347444014516584,0
17,17,53,-0.703955719243464,0
17,17,54,-0.1754291929585754,0
17,17,55,0.8490613849024257,0
17,17,56,0.5697238644836006,0
17,17,57,-0.3757176077417878,0
17,17,58,-0.8078115491138356,0
17,17,59,0.4836390058148747,0
17,17,60,0.006098377954760327,0
17,17,61,0.1837482857200178,0
17,17,62,0.4298142965460199,0
17,17,63,-0.5174432396001825,0
17,17,64,0.1539534301781648,0
17,17,65,-0.3513664181261172,0
17,17,66,0.4339836198623732,0
17,17,67,0.3644160915676101,0
17,17,68,-0.1568272753429872,0
17,17,69,-0.2321132961758035,0
17,17,70,0.5880993493712013,0
17,17,71,-0.5497246811502011,0
17,17,72,0.2740068061686745,0
17,17,73,-0.4640552815655004,0
17,17,74,-0.1368098107324855,0
17,17,75,0.4897713305653426,0
17,17,76,0.1959274565710447,0
17,17,77,0.1885756601268377,0
17,17,78,-0.6379923217063703,0
17,17,79,-1,0
17,17,80,0.5047485859338475,0
17,17,81,0.3995762047828343,0
17,17,82,0.7583761104796418,0
17,17,83,0.03892003516047669,0
17,17,84,-0.6917406892134497,0
17,17,85,-0.3318294382877681,0
17,17,86,0.4453047240174821,0
17,17,87,0.1667998288642313,0
17,17,88,-0.119270706545024,0
17,17,89,0.1191564406368798,0
17,17,90,-0.06987672674674358,0
17,17,91,0.0421920697778055,0
17,17,92,0.2857336244534922,0
17,17,93,0.4785298034797406,0
17,17,94,-0.3382411422989861,0
17,17,95,0.1992861297733839,0
17,17,96,-0.6678753562309583,0
17,17,97,0.09768711066049329,0
17,17,98,0.2866347991355535,0
17,17,99,0.1023047581823524,0
17,17,100,0.4107071030502727,0
17,17,101,-0.8110488996011702,0
17,17,102,0.2396875367607847,0
17,17,103,-0.313298035145924,0
17,17,104,-0.0186197828524231,0
17,17,105,-0.6047882592387146,0
17,17,106,0.3327774215504231,0
17,17,107,0.0207779768998397,0
17,17,108,0.7672464718755196,0
17,17,109,-0.1015119795701076,0
17,17,110,-0.351371034992544,0
17,17,111,-0.4019697162464239,0
17,17,112,-0.2166779091637151,0
17,17,113,0.8941832180634518,0
17,17,114,0.1248641763718345,0
17,17,115,-0.1818394332601557,0
17,17,116,0.1823072440080033,0
17,17,117,-0.1090644969227163,0
17,17,118,0.296137730146792,0
17,17,119,-0.2675470451487876,0
17,17,120,0.2340340349040632,0
17,17,121,-0.2830982903344979,0
17,17,122,0.06629768403677821,0
17,17,123,-0.2201834843775416,0
17,17,124,-0.6464137679683621,0
17,17,125,0.4658858183713572,0
17,17,126,-0.09846290220755144,0
17,17,127,0.301826868081556,0
17,17,128,-0.05165287998691839,0
17,17,129,0.07805031727025434,0
17,17,130,-0.06389144591747112,0
17,17,131,0.1743874624334388,0
17,17,132,0.7020908252067105,0
17,17,133,-0.5427762267099756,0
17,17,134,-0.2477884558620587,0
17,17,135,0.00185654276441323,0
17,17,136,0.0008665424243958371,0
17,17,137,-0.0003083095273830539,0
17,17,138,-0.001451150635113497,0
17,17,139,-0.001175178676668949,0
17,17,140,-0.000664026605690543,0
17,17,141,0.00130839842123239,0
17,17,142,0.002533280836549948,0
17,17,143,-0.0003248788509425334,0
17,17,144,-0.0006799516054301685,0
17,17,145,-0.001109607843861822,0
17,17,146,-0.002067488633107142,0
17,17,147,0.001019328193051664,0
17,17,148,0.001462662160885156,0
17,17,149,0.0009362494645154418,0
17,17,150,0.0009965448936559089,0
17,17,151,-0.001744571605977849,0
17,17,152,-0.001626719539601652,0
17,17,153,-0.0004954910613959548,0
17,17,154,-0.0003082026821317885,0
17,17,155,-0.002026798072238838,0
17,17,156,-0.001014179269370046,0
17,17,157,0.001169320282888986,0
17,17,158,0.000856170436538562,0
17,17,159,-4.224997378595272e-05,0
17,17,160,0.0002693167352244513,0
17,17,161,-0.003012677302950792,0
17,17,162,-0.0013289112566167,0
17,17,163,0.0007416977562249163,0
17,17,164,0.00115321462481449,0
17,17,165,0.001261355580437178,0
17,17,166,0.0008233239871009387,0
17,17,167,-0.001820589740167041,0
17,17,168,-0.0008992309576562063,0
17,17,169,-0.001401415998930171,0
17,17,170,0.0005460020833032105,0
18,16,0,-0.7330892746375895,0
18,16,1,0.25769465727283,0
18,16,2,0.1431998527340751,0
18,16,3,-0.2902271426186176,0
18,16,4,0.6734414079903406,0
18,16,5,-0.8900243871808026,0
18,16,6,0.4943304843420659,0
18,16,7,-0.04473502809150193,0
18,16,8,-0.173201163738038,0
18,16,9,-0.02119480923466744,0
18,16,10,-0.4231808794288108,0
18,16,11,0.714261832405479,0
18,16,12,0.4874372787494854,0
18,16,13,-0.09242214811191847,0
18,16,14,-0.2955468729512395,0
18,16,15,-0.1058370592890664,0
18,16,16,-0.3370392659505634,0
18,16,17,0.6825442956795863,0
18,16,18,-0.6299173219452414,0
18,16,19,0.3963903961798181,0
18,16,20,-0.2225501612012646,0
18,16,21,-0.2696345499924387,0
18,16,22,0.5987065062254247,0
18,16,23,-0.6441001686765214,0
18,16,24,-0.08213693007580676,0
18,16,25,0.164537942154193,0
18,16,26,-0.08479574021214986,0
18,16,27,0.03874290754249129,0
18,16,28,-0.01047976957551434,0
18,16,29,0.3149004118372162,0
18,16,30,-0.1909230872694965,0
18,16,31,-0.0544583642769854,0
18,16,32,-0.6903436850781586,0
18,16,33,0.2636075441360991,0
18,16,34,0.5524397801081433,0
18,16,35,0.06478845376943676,0
18,16,36,0.3899364978279689,0
18,16,37,-0.1107821830308648,0
18,16,38,0.6005248243035032,0
18,16,39,-0.5189610909032063,0
18,16,40,0.1594152207429795,0
18,16,41,-0.6231344397174353,0
18,16,42,0.07708148368086754,0
18,16,43,0.1550499586117308,0
18,16,44,0.7431360682462239,0
18,16,45,-0.0086955094871823,0
18,16,46,-0.8550634134168663,0
18,16,47,-0.2899472549493711,0
18,16,48,-0.3663251493201846,0
18,16,49,0.5643825551521686,0
18,16,50,-0.223283860096926,0
18,16,51,0.4860274627729224,0
18,16,52,-0.1965906854359319,0
18,16,53,0.1597884835351062,0
18,16,54,-0.08456848504522413,0
18,16,55,0.4577090866953774,0
18,16,56,-0.1227311093341682,0
18,16,57,0.2279713867111204,0
18,16,58,-0.1639973058903124,0
18,16,59,-0.08240000596956133,0
18,16,60,0.4982060429793748,0
18,16,61,0.7488576404624222,0
18,16,62,-0.2542991045115601,0
18,16,63,-0.4710013058800831,0
18,16,64,0.3693670129363174,0
18,16,65,-0.5634412373176126,0
18,16,66,0.494301847818224,0
18,16,67,-0.02101895863521294,0
18,16,68,-0.302198189198025,0
18,16,69,0.3531860255601913,0
18,16,70,-0.2044773088979353,0
18,16,71,0.1389364591300523,0
18,16,72,-0.3151219817763157,0
18,16,73,-0.8312642976579818,0
18,16,74,0.7043971131128358,0
18,16,75,-0.07256518718858015,0
18,16,76,0.3255212827936898,0
18,16,77,0.1120879545456971,0
18,16,78,-0.2903345755169729,0
18,16,79,0.004258898707603333,0
18,16,80,-0.08408832604925186,0
18,16,81,0.04552268436907175,0
18,16,82,0.8869967926695411,0
18,16,83,-0.4990522755584381,0
18,16,84,-0.0802245129029527,0
18,16,85,-0.6505486395468032,0
18,16,86,0.5715388328279126,0
18,16,87,0.7947779842315438,0
18,16,88,-0.5886775065235942,0
18,16,89,0.3776508867774307,0
18,16,90,-0.8794721353002214,0
18,16,91,0.01915239050594501,0
18,16,92,0.6619508934807576,0
18,16,93,0.1607977020260754,0
18,16,94,0.4900525831517465,0
18,16,95,-1,0
18,16,96,0.1385952035841176,0
18,16,97,-0.2488926625938928,0
18,16,98,-0.04976506389080331,0
18,16,99,-0.4676541383964324,0
18,16,100,0.2157499084041008,0
18,16,101,-0.05997030141149339,0
18,16,102,0.3774135689044794,0
18,16,103,0.14272750983775,0
18,16,104,-0.3448125668933312,0
18,16,105,0.1949175868016213,0
18,16,106,-0.3838870177633934,0
18,16,107,0.7028995997970964,0
18,16,108,-0.2857918858314127,0
18,16,109,-0.04542439501417803,0
18,16,110,0.364899204021375,0
18,16,111,-0.2251593173261499,0
18,16,112,0.4380194872438945,0
18,16,113,-0.4298067260665939,0
18,16,114,-0.03877279552750636,0
18,16,115,-0.1662928197468035,0
18,16,116,0.4214042279594454,0
18,16,117,-0.2881383983742426,0
18,16,118,0.3386358325649119,0
18,16,119,-0.5206797151260814,0
18,16,120,-0.7846435776593753,0
18,16,121,0.4646705318427382,0
18,16,122,-0.1651347598512875,0
18,16,123,0.3884966177541337,0
18,16,124,-0.1159858768683795,0
18,16,125,0.1439737494607933,0
18,16,126,-0.09945462999195613,0
18,16,127,0.2080375595800999,0
18,16,128,0.6566423253405922,0
18,16,129,-0.4526758469545787,0
18,16,130,0.28477913948512,0
18,16,131,-0.5340579638643353,0
18,16,132,-0.3534662830306631,0
18,16,133,0.1463697583429759,0
18,16,134,0.1756397035369757,0
18,16,135,5.10236748628495e-05,0
18,16,136,-0.00187053679798256,0
18,16,137,-0.001161531419003364,0
18,16,138,-0.001162317041342041,0
18,16,139,0.0008917835128270786,0
18,16,140,0.002428336328774222,0
18,16,141,0.0003495475964833219,0
18,16,142,3.895829051255662e-05,0
18,16,143,-0.001512580708207565,0
18,16,144,-0.00302387775649939,0
18,16,145,0.0006993327226017398,0
18,16,146,0.002186505479786193,0
18,16,147,0.0004972773613018289,0
18,16,148,0.001165291302432563,0
18,16,149,-0.0003068160625530503,0
18,16,150,-0.002670795914443638,0
18,16,151,-0.0001768923173929206,0
18,16,152,0.0006840292796490442,0
18,16,153,-0.001585010154026934,0
18,16,154,-0.002046967264879629,0
18,16,155,0.001954200303721541,0
18,16,156,0.001674452659523037,0
18,16,157,0.0003810974884139507,0
18,16,158,0.0008001808790151487,0
18,16,159,-0.002075652912410924,0
18,16,160,-0.001704097067023788,0
18,16,161,0.0006111163234870259,0
18,16,162,0.0004946602284869915,0
18,16,163,0.002100715873690086,0
18,16,164,0.001712224258849993,0
18,16,165,-0.001071824026733927,0
18,16,166,-0.001360319400133888,0
18,16,167,-0.001412615398704315,0
18,16,168,0.000614440409085159,0
18,16,169,0.001888900599443916,0
18,16,170,0.002736464951067139,0
19,18,0,0.1230268575127512,0
19,18,1,0.1044150839185945,0
19,18,2,-0.544537533530799,0
19,18,3,-0.1902380441701244,0
19,18,4,-0.06665395940888598,0
19,18,5,0.2813092894318753,0
19,18,6,0.2589793609514514,0
19,18,7,0.06851703103053151,0
19,18,8,-0.3439930146469126,0
19,18,9,0.09306892640409981,0
19,18,10,-0.2710898290813772,0
19,18,11,0.4009018730891947,0
19,18,12,-0.006978744770329133,0
19,18,13,-0.02914067617532033,0
19,18,14,-0.004399291059152026,0
19,18,15,-0.2865296032257096,0
19,18,16,0.1246193974449958,0
19,18,17,0.02859064564095449,0
19,18,18,0.00551385109287175,0
19,18,19,0.2461434674624088,0
19,18,20,-0.3450231066431694,0
19,18,21,-0.1640208323579232,0
19,18,22,0.0216937494035632,0
19,18,23,0.1591399574129985,0
19,18,24,-0.2017871864386082,0
19,18,25,0.2259076089975268,0
19,18,26,-0.1706149296832649,0
19,18,27,0.1482884988560852,0
19,18,28,-0.1633302956363356,0
19,18,29,-0.8627755235562877,0
19,18,30,0.3915817032308901,0
19,18,31,0.5369578744963227,0
19,18,32,0.529215660893446,0
19,18,33,0.3123497942202547,0
19,18,34,-0.7464345412801082,0
19,18,35,-0.5123347357172443,0
19,18,36,-0.1328141930799015,0
19,18,37,0.7959361126523318,0
19,18,38,0.4557104276916028,0
19,18,39,0.1261766462366291,0
19,18,40,-0.6661885321097489,0
19,18,41,-0.2039494505799321,0
19,18,42,-0.2434882100769014,0
19,18,43,0.4005703236235827,0
19,18,44,0.1631993665719351,0
19,18,45,0.1316534051096807,0
19,18,46,-0.4349785905877631,0
19,18,47,-0.2701627275185113,0
19,18,48,0.02623840759471504,0
19,18,49,0.3970025183294587,0
19,18,50,0.3019769386279874,0
19,18,51,-0.02038172453553841,0
19,18,52,-0.1533110648217878,0
19,18,53,-0.1276688231969824,0
19,18,54,-0.1328020546677851,0
19,18,55,0.3260276857548567,0
19,18,56,0.1378679438365289,0
19,18,57,-0.06862890889210614,0
19,18,58,1,0
19,18,59,-0.540536922495085,0
19,18,60,-0.2065873155883031,0
19,18,61,-0.5852422494962591,0
19,18,62,-0.2456166496371197,0
19,18,63,0.9396818654126597,0
19,18,64,0.9240453478768134,0
19,18,65,-0.2046773716287459,0
19,18,66,-0.6151468676792812,0
19,18,67,-0.8011752316629358,0
19,18,68,-0.09700629758863677,0
19,18,69,0.7934024262464816,0
19,18,70,0.3727164863581104,0
19,18,71,0.2899500324399912,0
19,18,72,-0.7464828042849385,0
19,18,73,-0.5809883819251119,0
19,18,74,0.05648728735185023,0
19,18,75,0.4889893338967957,0
19,18,76,0.6203467750891934,0
19,18,77,0.04782932953360557,0
19,18,78,-0.581821654868291,0
19,18,79,-0.1776547371976798,0
19,18,80,-0.3533803052926181,0
19,18,81,0.6004659531826126,0
19,18,82,0.2660530664950425,0
19,18,83,-0.01559175605968714,0
19,18,84,-0.3941384310774238,0
19,18,85,-0.1338937592002031,0
19,18,86,0.09248944658179621,0
19,18,87,-0.4717052960478995,0
19,18,88,0.4010343840108867,0
19,18,89,-0.3878647646512128,0
19,18,90,0.6806732838168198,0
19,18,91,-0.2159234137466149,0
19,18,92,-0.5935318179274192,0
19,18,93,-0.6969043289267542,0
19,18,94,0.08628769451301564,0
19,18,95,0.3148674657627341,0
19,18,96,0.6018445924384171,0
19,18,97,-0.02434844988061198,0
19,18,98,-0.6425290993074645,0
19,18,99,-0.5443040399949156,0
19,18,100,0.06499155980974851,0
19,18,101,0.4055210521620454,0
19,18,102,0.6193218018620138,0
19,18,103,-0.09756768674690239,0
19,18,104,-0.2842206383266216,0
19,18,105,-0.5591476339958418,0
19,18,106,-0.002315562623214668,0
19,18,107,0.5863962788139017,0
19,18,108,0.4165908527682031,0
19,18,109,0.03624850550887809,0
19,18,110,-0.4600757282512749,0
19,18,111,-0.5438797753877159,0
19,18,112,0.1112676567976668,0
19,18,113,0.2371347345825494,0
19,18,114,0.3456954571176055,0
19,18,115,-0.3673019766723002,0
19,18,116,-0.4929841639248262,0
19,18,117,0.3369117737586291,0
19,18,118,-0.5200615397625185,0
19,18,119,0.6223526466279922,0
19,18,120,0.02015658563530884,0
19,18,121,0.131569150963078,0
19,18,122,-0.436252371918652,0
19,18,123,0.3918473607340394,0
19,18,124,0.2198669298193807,0
19,18,125,-0.02136334955467471,0
19,18,126,-0.06248211139900242,0
19,18,127,0.03133025162728813,0
19,18,128,0.3780006939534055,0
19,18,129,-0.3428777775732989,0
19,18,130,-0.2884723818555147,0
19,18,131,0.1043636309800963,0
19,18,132,0.1069866159379421,0
19,18,133,-0.009183969760850032,0
19,18,134,0.0730543297955871,0
19,18,135,-0.001571454571763776,0
19,18,136,-0.000467458709583991,0
19,18,137,-0.001236258225345377,0
19,18,138,0.0008645354162584052,0
19,18,139,0.0004591085245102712,0
19,18,140,0.0006759005620785013,0
19,18,141,-4.968794124442692e-05,0
19,18,142,0.0003336624539515834,0
19,18,143,-2.352289859718363e-05,0
19,18,144,0.001400544199547036,0
19,18,145,0.0001101946662462184,0
19,18,146,0.001163495152292299,0
19,18,147,0.0002798042573629473,0
19,18,148,0.0001287806890670758,0
19,18,149,-0.0008518563938697351,0
19,18,150,0.0003500902870454115,0
19,18,151,-0.000407703814045116,0
19,18,152,0.0003593819848435843,0
19,18,153,-0.0002517668123700313,0
19,18,154,0.0009351781807623802,0
19,18,155,0.0001398729028839184,0
19,18,156,0.0009948783000621937,0
19,18,157,-5.791665194900262e-05,0
19,18,158,-0.001233160216603375,0
19,18,159,-0.0006987379085245131,0
19,18,160,0.0003834181556228642,0
19,18,161,-0.0003153764844873851,0
19,18,162,0.000691109781007829,0
19,18,163,-0.001552613734396261,0
19,18,164,-0.0004704233836723046,0
19,18,165,-0.001324116636878813,0
19,18,166,-0.0006876503801649554,0
19,18,167,5.491795901352476e-06,0
19,18,168,0.001006471624266469,0
19,18,169,0.0009138819270860118,0
19,18,170,0.000254414257164406,0
20,19,0,-0.3943539063567777,0
20,19,1,0.2997123100112784,0
20,19,2,-0.3450491233556208,0
20,19,3,-0.1777891377176691,0
20,19,4,0.3644961184402659,0
20,19,5,-0.3742711216446057,0
20,19,6,0.01890715930605494,0
20,19,7,0.06089361465186412,0
20,19,8,-0.06380085808861946,0
20,19,9,0.8069710500461776,0
20,19,10,-0.3446677519554214,0
20,19,11,-0.06271717175094614,0
20,19,12,-0.2960665533947275,0
20,19,13,-0.5395779410270034,0
20,19,14,1,0
20,19,15,-0.5245880705958811,0
20,19,16,0.5705850794107918,0
20,19,17,-0.5751918153569429,0
20,19,18,0.13103639835578,0
20,19,19,0.347960030931002,0
20,19,20,-0.470099461171626,0
20,19,21,0.1554906900427926,0
20,19,22,-0.2612393290486702,0
20,19,23,0.2984189163715538,0
20,19,24,0.06423234471911035,0
20,19,25,-0.127716879683334,0
20,19,26,0.09402521763419204,0
20,19,27,-0.03263290714770933,0
20,19,28,0.01094649261923926,0
20,19,29,-0.3971497192919032,0
20,19,30,0.4272257370924478,0
20,19,31,-0.4433448065750876,0
20,19,32,-0.03974727090630533,0
20,19,33,0.2917355652732095,0
20,19,34,0.04428723833893345,0
20,19,35,0.05545998878293439,0
20,19,36,-0.09603738857497678,0
20,19,37,0.3902558367755908,0
20,19,38,-0.2847886555058827,0
20,19,39,0.1412094164773074,0
20,19,40,0.1451019452158783,0
20,19,41,0.781685109447407,0
20,19,42,-0.3614115361772904,0
20,19,43,-0.6289097617022086,0
20,19,44,-0.6010110039923935,0
20,19,45,-0.03426166636139395,0
20,19,46,0.2742161771631757,0
20,19,47,0.002075837755520238,0
20,19,48,0.5241234529529138,0
20,19,49,-0.1886881978870824,0
20,19,50,0.1941048859293153,0
20,19,51,-0.375211148224195,0
20,19,52,0.5327096146927884,0
20,19,53,-0.06513041598900328,0
20,19,54,0.005902092920834975,0
20,19,55,-0.1919894836318133,0
20,19,56,0.07945674192997253,0
20,19,57,-0.1714992905271108,0
20,19,58,-0.5229241384175982,0
20,19,59,0.3791922556346518,0
20,19,60,-0.03863110060002443,0
20,19,61,0.6140269217697343,0
20,19,62,0.04901498495730377,0
20,19,63,-0.28347917216694,0
20,19,64,0.4290982298016571,0
20,19,65,-0.8146094248203346,0
20,19,66,0.6668609268016847,0
20,19,67,0.1438980171798298,0
20,19,68,-0.2325615312606041,0
20,19,69,-0.1635768099906485,0
20,19,70,-0.8591425214078119,0
20,19,71,0.4349943053517056,0
20,19,72,0.2575570996551085,0
20,19,73,-0.03054063049271819,0
20,19,74,0.4624773506806152,0
20,19,75,-0.5363182978392772,0
20,19,76,0.3674659075842981,0
20,19,77,-0.03400610318010374,0
20,19,78,-0.08638734280931001,0
20,19,79,0.5535885394646739,0
20,19,80,-0.7785179533725619,0
20,19,81,0.4320651716625124,0
20,19,82,-0.5493514078272997,0
20,19,83,0.05337359965831726,0
20,19,84,0.05184213654360273,0
20,19,85,0.4877230091809935,0
20,19,86,-0.4969261221899123,0
20,19,87,0.08911143808288695,0
20,19,88,-0.06521066977891461,0
20,19,89,0.09009443348854475,0
20,19,90,-0.01767058347461869,0
20,19,91,0.04205492248726271,0
20,19,92,0.1742955983520209,0
20,19,93,0.2383896169135335,0
20,19,94,-0.3197140473392396,0
20,19,95,0.05853142628140136,0
20,19,96,-0.7442259037296488,0
20,19,97,0.3577501536161587,0
20,19,98,-0.231310902668701,0
20,19,99,0.625001103967772,0
20,19,100,0.2109556159427184,0
20,19,101,-0.8561494214102586,0
20,19,102,-0.07933370636522874,0
20,19,103,-0.3961972512145704,0
20,19,104,0.8583138498200354,0
20,19,105,-0.1536773243659862,0
20,19,106,0.1252923726686681,0
20,19,107,0.2251244445336737,0
20,19,108,0.1030429629468119,0
20,19,109,-0.03963433562438519,0
20,19,110,-0.1804823077905321,0
20,19,111,-0.3578583746581598,0
20,19,112,0.1510770017954718,0
20,19,113,-0.2002718352678375,0
20,19,114,0.4567769443152508,0
20,19,115,-0.3315453467271587,0
20,19,116,0.1371683852722953,0
20,19,117,-0.09000541936486386,0
20,19,118,0.1568982215699948,0
20,19,119,-0.1813866573438732,0
20,19,120,-0.0328953587101261,0
20,19,121,-0.09462370402329241,0
20,19,122,-0.415614393412828,0
20,19,123,0.2624803659876238,0
20,19,124,-0.5467524590185999,0
20,19,125,0.7236432407652985,0
20,19,126,0.7674427388649266,0
20,19,127,-0.3681857886684715,0
20,19,128,0.2619171174534484,0
20,19,129,-0.5516645819853105,0
20,19,130,-0.2068997518520318,0
20,19,131,0.008092922805407403,0
20,19,132,-0.2639445543940321,0
20,19,133,0.2720054018549701,0
20,19,134,0.2537036654890655,0
20,19,135,0.0007267632183204321,0
20,19,136,-0.001555478763867644,0
20,19,137,-0.002818766125718955,0
20,19,138,0.000538894810650004,0
20,19,139,0.002207782490349246,0
20,19,140,0.0007611832445669547,0
20,19,141,-0.0007247357939988806,0
20,19,142,-0.001507563565199743,0
20,19,143,0.0009300446915123529,0
20,19,144,-0.0013327820354113,0
20,19,145,-0.0006868115883648386,0
20,19,146,0.0001021423424697301,0
20,19,147,0.003081597919059631,0
20,19,148,-0.000856944794813014,0
20,19,149,-0.002389011404520998,0
20,19,150,0.0009171553175960493,0
20,19,151,0.0004987020638663843,0
20,19,152,0.001238567047285349,0
20,19,153,-0.001667882911111971,0
20,19,154,-0.0005099534183528832,0
20,19,155,-0.0002025117145722272,0
20,19,156,0.001835520111314147,0
20,19,157,0.002202625320517314,0
20,19,158,-0.002716445773998657,0
20,19,159,-0.000204310429754967,0
20,19,160,0.00118237498249333,0
20,19,161,0.000845073837250487,0
20,19,162,-0.0008531935412053298,0
20,19,163,0.001700374333815918,0
20,19,164,0.001395945068018744,0
20,19,165,-0.0003405211499771436,0
20,19,166,-0.001809534297884344,0
20,19,167,-0.001522433866579869,0
20,19,168,0.002469875994391695,0
20,19,169,0.001957677085121897,0
20,19,170,-0.0008874119881101681,0
21,20,0,0.5315692032777861,0
21,20,1,-0.2609276981689908,0
21,20,2,0.1492172206743161,0
21,20,3,-0.7015742117098172,0
21,20,4,-0.1453855333621979,0
21,20,5,0.6975088101655665,0
21,20,6,-0.182739390907619,0
21,20,7,0.7386567606191886,0
21,20,8,-0.9939462428027354,0
21,20,9,0.2636084589881723,0
21,20,10,-0.06745949941619535,0
21,20,11,0.04178559135143871,0
21,20,12,0.09421363476405908,0
21,20,13,-0.2791619079852676,0
21,20,14,0.318928411976566,0
21,20,15,0.1434634724021073,0
21,20,16,-0.06647021331516696,0
21,20,17,0.0008353993562378243,0
21,20,18,-0.8529547095421561,0
21,20,19,0.2477833737079748,0
21,20,20,0.2969834806776978,0
21,20,21,-0.2402411623293906,0
21,20,22,0.8620610958491315,0
21,20,23,-0.9458236670442998,0
21,20,24,0.1322551152806947,0
21,20,25,0.008258160080005615,0
21,20,26,0.07805812250056147,0
21,20,27,-0.1350563225239962,0
21,20,28,0.1943718450735598,0
21,20,29,0.1402734235890065,0
21,20,30,0.01197802986507871,0
21,20,31,-0.3254762781778452,0
21,20,32,0.5764170014058119,0
21,20,33,-0.5661898856534044,0
21,20,34,-0.1763422667770169,0
21,20,35,-0.7995094044442735,0
21,20,36,0.3129632738584076,0
21,20,37,0.288363496977716,0
21,20,38,0.3571225230769383,0
21,20,39,0.2539658947689215,0
21,20,40,-0.1435760332561891,0
21,20,41,0.05461609167534087,0
21,20,42,-0.4410156760725025,0
21,20,43,0.4676613643885214,0
21,20,44,-0.1256241252294171,0
21,20,45,0.1788309505847965,0
21,20,46,-0.3628698514114871,0
21,20,47,0.4776187919753516,0
21,20,48,-0.2646673556916457,0
21,20,49,-0.2356188029773994,0
21,20,50,-0.5144614067804261,0
21,20,51,0.1339105304805763,0
21,20,52,0.5431012820443395,0
21,20,53,0.4000785836663357,0
21,20,54,0.01652912830213324,0
21,20,55,0.1113020329701032,0
21,20,56,-0.3901210881909253,0
21,20,57,0.3840250838795318,0
21,20,58,-0.4770771130763072,0
21,20,59,0.4704408772850208,0
21,20,60,-0.3808817047738679,0
21,20,61,-0.4559203152781269,0
21,20,62,0.473015354958352,0
21,20,63,-0.02678757318860531,0
21,20,64,0.1554571004803328,0
21,20,65,0.1569960011438219,0
21,20,66,-0.3621800954884945,0
21,20,67,0.4842252200598828,0
21,20,68,-0.2211362136149727,0
21,20,69,0.006780135434369449,0
21,20,70,0.1429366342305347,0
21,20,71,-0.6437611468075247,0
21,20,72,0.5634640524187271,0
21,20,73,-0.5557671720583692,0
21,20,74,0.4315431403173843,0
21,20,75,-0.3313671771873155,0
21,20,76,-0.1776361048621415,0
21,20,77,0.4707500535344507,0
21,20,78,-0.1292053047088935,0
21,20,79,0.4712840727071584,0
21,20,80,-0.3233421730176433,0
21,20,81,-0.05705460971219197,0
21,20,82,0.4906657964351853,0
21,20,83,-0.4420917966906372,0
21,20,84,-0.09660844475559302,0
21,20,85,-0.4897294770338854,0
21,20,86,0.2625538366090246,0
21,20,87,-0.4257404530070158,0
21,20,88,0.3841434657400798,0
21,20,89,-0.2192226708422029,0
21,20,90,0.6318935208042372,0
21,20,91,-0.05205564242015549,0
21,20,92,-0.1718062133704488,0
21,20,93,-0.2860785769693022,0
21,20,94,-0.351761835269985,0
21,20,95,0.9697733924639147,0
21,20,96,-0.1615129691176166,0
21,20,97,0.3466593019979573,0
21,20,98,-0.2291339820420144,0
21,20,99,0.3002378419060391,0
21,20,100,-0.1826926088146344,0
21,20,101,-0.2443954268074507,0
21,20,102,-0.5473762609638102,0
21,20,103,0.1947521520253253,0
21,20,104,-0.004209748629628801,0
21,20,105,0.5850008489427423,0
21,20,106,0.1708016581091734,0
21,20,107,-0.4061158349607318,0
21,20,108,-0.2259274289105941,0
21,20,109,-0.5019900922275931,0
21,20,110,1,0
21,20,111,-0.6341284589792232,0
21,20,112,0.6440267307181586,0
21,20,113,-0.3398585639591294,0
21,20,114,0.3846507020651872,0
21,20,115,-0.5030643715671134,0
21,20,116,-0.1853975718052325,0
21,20,117,0.1597085594726514,0
21,20,118,0.106764685076384,0
21,20,119,0.1099123129037245,0
21,20,120,0.8087529785240009,0
21,20,121,-0.7371471949982993,0
21,20,122,-0.1570796395389931,0
21,20,123,-0.2268668549230616,0
21,20,124,-0.2488088638579767,0
21,20,125,0.2362228400392639,0
21,20,126,-0.1139004711853562,0
21,20,127,0.1661295579692527,0
21,20,128,-0.09219700028582299,0
21,20,129,0.2782224266654122,0
21,20,130,0.8098326089251727,0
21,20,131,-0.7134840008828005,0
21,20,132,-0.255800894827471,0
21,20,133,-0.1605986115561059,0
21,20,134,0.2706365226293601,0
21,20,135,0.002806918407015298,0
21,20,136,0.001274172252367887,0
21,20,137,-0.000342824961685209,0
21,20,138,-0.001342686323536953,0
21,20,139,-0.0007136818249124903,0
21,20,140,0.00351806634188277,0
21,20,141,0.0010586800778569,0
21,20,142,-0.001065010764256803,0
21,20,143,-0.001206845517009087,0
21,20,144,0.00152650041762349,0
21,20,145,-0.002652322615183749,0
21,20,146,-0.001106679316697142,0
21,20,147,0.001225669045347127,0
21,20,148,-0.0002015652341192324,0
21,20,149,0.001266719446067262,0
21,20,150,-0.002340777645810219,0
21,20,151,-0.001356156301686946,0
21,20,152,0.001629313278316599,0
21,20,153,0.001302238057842274,0
21,20,154,-0.0003741241819744822,0
21,20,155,-0.003146548237141588,0
21,20,156,0.001037928667558258,0
21,20,157,0.0003985954306470221,0
21,20,158,0.0005791174133949165,0
21,20,159,0.0001619798364235956,0
21,20,160,-0.002679916756715178,0
21,20,161,0.00106562833005472,0
21,20,162,-0.001303313991835058,0
21,20,163,-0.0009742984502438212,0
21,20,164,0.0005509842358324158,0
21,20,165,0.00286119535375924,0
21,20,166,-2.129465143090959e-05,0
21,20,167,-0.002334211905766781,0
21,20,168,7.133774117098176e-05,0
21,20,169,0.001229281701863373,0
21,20,170,0.003026901618594609,0
22,21,0,-0.03639466398270676,0
22,21,1,-0.1718465654366751,0
22,21,2,0.5614904796303506,0
22,21,3,-0.5488892532224976,0
22,21,4,0.3163669490346116,0
22,21,5,-0.02138016526018884,0
22,21,6,0.1643554649491398,0
22,21,7,0.4161948718577915,0
22,21,8,-0.5813101804691213,0
22,21,9,0.05137055252302846,0
22,21,10,-0.2721350511831694,0
22,21,11,0.3728052182829988,0
22,21,12,0.3428564821030089,0
22,21,13,-0.151032846547158,0
22,21,14,-0.1200832319034508,0
22,21,15,-0.3365373680422776,0
22,21,16,-0.18249985205982,0
22,21,17,0.4153966264087705,0
22,21,18,0.7633295566522674,0
22,21,19,0.02297600063509998,0
22,21,20,-0.6608180184790879,0
22,21,21,0.4680218951567223,0
22,21,22,-1,0
22,21,23,0.8007303757360885,0
22,21,24,0.04468620471057298,0
22,21,25,-0.2940052596917589,0
22,21,26,0.07126760714935214,0
22,21,27,0.0180671005797333,0
22,21,28,-0.1002492864647373,0
22,21,29,0.7219474294918414,0
22,21,30,-0.5339917178300445,0
22,21,31,-0.1101461053439095,0
22,21,32,-0.04386081951380903,0
22,21,33,-0.4528713030654264,0
22,21,34,0.1885032483627285,0
22,21,35,-0.2029191258429284,0
22,21,36,0.3629862892325115,0
22,21,37,-0.06066339915847305,0
22,21,38,0.3232744358574933,0
22,21,39,-0.2981986665091195,0
22,21,40,0.2471911870916791,0
22,21,41,-0.349235238410846,0
22,21,42,0.06937998251336935,0
22,21,43,0.04336518500078938,0
22,21,44,0.4039770117221966,0
22,21,45,-0.007978793762117353,0
22,21,46,-0.4783024350119736,0
22,21,47,-0.7407034102412056,0
22,21,48,0.3114884101047443,0
22,21,49,0.4371969289460615,0
22,21,50,0.3087560618746343,0
22,21,51,0.1253892698395858,0
22,21,52,-0.4236751435996099,0
22,21,53,-0.4333315779785208,0
22,21,54,0.1062035715790703,0
22,21,55,-0.1705860726708402,0
22,21,56,0.4612894986990284,0
22,21,57,-0.4737252140034462,0
22,21,58,-0.3146254428432939,0
22,21,59,0.3262752878745258,0
22,21,60,-0.2906779931429134,0
22,21,61,-0.3918322016591344,0
22,21,62,0.3036656529444097,0
22,21,63,-0.1095641697054211,0
22,21,64,0.1864678479767879,0
22,21,65,0.3354363425097517,0
22,21,66,-0.5295496785057857,0
22,21,67,0.3404148472417671,0
22,21,68,-0.4894886563204865,0
22,21,69,0.3421037964188688,0
22,21,70,-0.2510013506232466,0
22,21,71,-0.06965981576617758,0
22,21,72,0.03080146912145267,0
22,21,73,-0.302203272769538,0
22,21,74,0.5441965993381066,0
22,21,75,-0.2093957499538072,0
22,21,76,0.4067590181527988,0
22,21,77,-0.2811793337664916,0
22,21,78,0.08956686873492886,0
22,21,79,-0.03459820778835342,0
22,21,80,-0.06485343221966905,0
22,21,81,0.1123172214929147,0
22,21,82,-0.4607685398022149,0
22,21,83,0.1459886057687723,0
22,21,84,0.4202382333099132,0
22,21,85,0.5556809727832063,0
22,21,86,-0.2519620618096748,0
22,21,87,-0.3041112949957585,0
22,21,88,0.3064199804687415,0
22,21,89,-0.1321487054172055,0
22,21,90,0.3023473811285611,0
22,21,91,0.02889851892667656,0
22,21,92,-0.02463802756301684,0
22,21,93,-0.4494180361637507,0
22,21,94,0.04838363141012475,0
22,21,95,0.6787150494931378,0
22,21,96,0.2637313755993471,0
22,21,97,0.09221677356877536,0
22,21,98,-0.2292780675634281,0
22,21,99,-0.3178217801583611,0
22,21,100,-0.04223650922316444,0
22,21,101,0.1230807057405018,0
22,21,102,0.2118513868381832,0
22,21,103,0.3003371462812073,0
22,21,104,-0.4429430571781306,0
22,21,105,0.1646777344966915,0
22,21,106,-0.4560325435465272,0
22,21,107,0.5141466118567166,0
22,21,108,-0.2601766709621087,0
22,21,109,0.04343218076122916,0
22,21,110,-0.06327893921048636,0
22,21,111,0.7912736690732541,0
22,21,112,-0.2311984271838656,0
22,21,113,-0.6496608133550812,0
22,21,114,-0.5558503782960201,0
22,21,115,0.5386181112822902,0
22,21,116,-0.07037448922242992,0
22,21,117,0.08599729399317754,0
22,21,118,0.2444051884411258,0
22,21,119,-0.06865540180236826,0
22,21,120,0.6688672968616423,0
22,21,121,-0.7128127046116141,0
22,21,122,-0.0666022144503686,0
22,21,123,-0.2312144866689554,0
22,21,124,-0.01510485353746936,0
22,21,125,-0.03300561476254565,0
22,21,126,-0.2627154063793101,0
22,21,127,0.3151927302045998,0
22,21,128,0.399786161813698,0
22,21,129,-0.2863408985318744,0
22,21,130,-0.2845314652160077,0
22,21,131,-0.0425385642988893,0
22,21,132,-0.6694946885273682,0
22,21,133,0.7823477770408128,0
22,21,134,0.1572031533221864,0
22,21,135,0.002087673926488952,0
22,21,136,0.0009249174602081525,0
22,21,137,-7.374631182048166e-05,0
22,21,138,-0.001643583189908342,0
22,21,139,0.0003907506591943277,0
22,21,140,-0.001681686525939263,0
22,21,141,-0.001734908813885546,0
22,21,142,-0.0002195154999697618,0
22,21,143,0.000905050473439062,0
22,21,144,0.000499126292264655,0
22,21,145,-0.001820246202551432,0
22,21,146,0.000491138387845775,0
22,21,147,-8.021608152074551e-05,0
22,21,148,0.0007428330833688172,0
22,21,149,-0.0001578070152446613,0
22,21,150,0.001036546410295543,0
22,21,151,0.002055759509440182,0
22,21,152,-0.0006416764178336636,0
22,21,153,0.001387220803479469,0
22,21,154,-0.001438120943944723,0
22,21,155,-0.001323631031498975,0
22,21,156,0.0005242535269144914,0
22,21,157,7.902699734019571e-05,0
22,21,158,0.0005866953066911979,0
22,21,159,-0.001010663941010101,0
22,21,160,0.001561474394999652,0
22,21,161,0.0005829298327824545,0
22,21,162,-0.0007511632327022133,0
22,21,163,-0.0007928047774726343,0
22,21,164,0.001154403976949348,0
22,21,165,0.002238854624476544,0
22,21,166,-0.0005227203949291316,0
22,21,167,-0.000165411263604986,0
22,21,168,0.0004126870429278288,0
22,21,169,0.0002824882146526091,0
22,21,170,-0.001578473326297813,0
23,22,0,-0.07962916776346728,0
23,22,1,0.1925089614716825,0
23,22,2,-0.3738450573464369,0
23,22,3,-0.2390352902952004,0
23,22,4,0.1237246985623786,0
23,22,5,0.02387373109016763,0
23,22,6,0.8074361097603657,0
23,22,7,-0.1471858570191321,0
23,22,8,-0.3937121732212741,0
23,22,9,-0.2654460221917429,0
23,22,10,-0.6496443210801154,0
23,22,11,1,0
23,22,12,-0.2218011583722553,0
23,22,13,0.474980735358168,0
23,22,14,-0.5916577990050026,0
23,22,15,0.6169201578414633,0
23,22,16,-0.1419071584349226,0
23,22,17,-0.2033468010009203,0
23,22,18,0.2307885440621844,0
23,22,19,-0.7267904926128537,0
23,22,20,0.6201646018099227,0
23,22,21,-0.004224237857388463,0
23,22,22,-0.08226944065788307,0
23,22,23,-0.05250077760281566,0
23,22,24,0.02149858143838763,0
23,22,25,0.01713379393906223,0
23,22,26,-0.07251648170416422,0
23,22,27,-0.02773199427304018,0
23,22,28,0.03497928012655797,0
23,22,29,-0.4079661343164537,0
23,22,30,0.5264758121069812,0
23,22,31,-0.4638534768138732,0
23,22,32,0.2556751528180968,0
23,22,33,0.05235468324358669,0
23,22,34,-0.00701697365328979,0
23,22,35,-0.5421643780509577,0
23,22,36,0.1417662679789065,0
23,22,37,0.515405604406057,0
23,22,38,0.6901455190969951,0
23,22,39,-0.1994418545996002,0
23,22,40,-0.633353329344453,0
23,22,41,-0.5846086645488523,0
23,22,42,0.08744093001545758,0
23,22,43,0.1660436939568706,0
23,22,44,-0.003166591109780979,0
23,22,45,0.449501131915821,0
23,22,46,-0.1313608740752586,0
23,22,47,0.03828102137911889,0
23,22,48,-0.3398921382916231,0
23,22,49,0.206024516292639,0
23,22,50,-0.2333838969537083,0
23,22,51,0.3715528011021771,0
23,22,52,-0.5505915016219854,0
23,22,53,-0.01911406064239579,0
23,22,54,0.1525961130876866,0
23,22,55,-0.03238100684570271,0
23,22,56,-0.04571125664757518,0
23,22,57,0.1081900367560006,0
23,22,58,-0.4375936154484554,0
23,22,59,0.4779786531243643,0
23,22,60,-0.223110947410706,0
23,22,61,0.4399293845313499,0
23,22,62,0.01451457746734551,0
23,22,63,-0.02445619848591955,0
23,22,64,0.4146794833445362,0
23,22,65,-0.7606245134885175,0
23,22,66,0.3499667254931584,0
23,22,67,-0.5880719358148662,0
23,22,68,0.3373070869904861,0
23,22,69,0.01503767056989875,0
23,22,70,-0.1600625177015504,0
23,22,71,0.3227279584698202,0
23,22,72,-0.06502813336831183,0
23,22,73,0.4870281567641281,0
23,22,74,0.001340033567943982,0
23,22,75,-0.2674643992042751,0
23,22,76,-0.0172083924376188,0
23,22,77,-0.6297739428534026,0
23,22,78,0.6628043949188271,0
23,22,79,-0.6024347198038247,0
23,22,80,0.65786850280515,0
23,22,81,-0.2310464575337754,0
23,22,82,0.3369427397069986,0
23,22,83,0.1569519775591785,0
23,22,84,-0.0143335562065248,0
23,22,85,-0.4072160391748677,0
23,22,86,0.4531582379046571,0
23,22,87,-0.1221139535290266,0
23,22,88,0.1741616188800534,0
23,22,89,-0.08893179775282002,0
23,22,90,0.3448364958775891,0
23,22,91,-0.09880642033798949,0
23,22,92,0.04930675402355693,0
23,22,93,-0.2442682144097309,0
23,22,94,-0.3233578628439694,0
23,22,95,0.3727022432550635,0
23,22,96,-0.09697649310989885,0
23,22,97,0.4395883766215963,0
23,22,98,-0.7298282131112411,0
23,22,99,0.5535444584482592,0
23,22,100,-0.2424064565791254,0
23,22,101,-0.01672738092566623,0
23,22,102,-0.4744338526300665,0
23,22,103,-0.227146722983148,0
23,22,104,0.7902754941858972,0
23,22,105,0.4545609999642123,0
23,22,106,0.01550678979997448,0
23,22,107,-0.6939987873484206,0
23,22,108,-0.1659435599903306,0
23,22,109,-0.1324684032417213,0
23,22,110,0.07414373940410728,0
23,22,111,0.5717536388777782,0
23,22,112,-0.1442748141321149,0
23,22,113,-0.1723879660470622,0
23,22,114,-0.7171789702545251,0
23,22,115,0.5166537036213391,0
23,22,116,-0.04743492315208013,0
23,22,117,0.06021915850179464,0
23,22,118,0.1180651167295814,0
23,22,119,-0.0452158190699744,0
23,22,120,0.1146057819497801,0
23,22,121,-0.2771309971104947,0
23,22,122,-0.6803806243090844,0
23,22,123,0.5652242073587828,0
23,22,124,0.1019210240646183,0
23,22,125,0.3142805095284369,0
23,22,126,0.5404871694760373,0
23,22,127,-0.6165633471704681,0
23,22,128,-0.6404738810314204,0
23,22,129,0.3358101792073337,0
23,22,130,-0.154394439818448,0
23,22,131,0.4058171294152829,0
23,22,132,-0.1433975309647379,0
23,22,133,0.2657641900149809,0
23,22,134,-0.1363665119812164,0
23,22,135,0.0007728449293421245,0
23,22,136,-0.002433597769418761,0
23,22,137,-0.0007458991816251401,0
23,22,138,0.00110176791178508,0
23,22,139,-0.0002432088583549315,0
23,22,140,-0.001615702881372185,0
23,22,141,-0.0006004386169680846,0
23,22,142,0.001482218857841741,0
23,22,143,-0.0004122483373767642,0
23,22,144,-0.0002936744353087557,0
23,22,145,-0.0009794776986305756,0
23,22,146,0.001326698506112191,0
23,22,147,0.0006502768146055138,0
23,22,148,-0.001101537118544061,0
23,22,149,0.001633768049557604,0
23,22,150,0.0002199791336009747,0
23,22,151,0.0005252701550416744,0
23,22,152,-0.0009286105201362164,0
23,22,153,-0.0008537031377364732,0
23,22,154,-0.0001356271618858705,0
23,22,155,-0.0004332820438963329,0
23,22,156,0.002257363698829379,0
23,22,157,-0.001000207923281403,0
23,22,158,0.0001801043647706263,0
23,22,159,0.0007724103063712714,0
23,22,160,-5.193145432703966e-05,0
23,22,161,0.0001429991227801584,0
23,22,162,-0.0008500069666151485,0
23,22,163,0.001226192448482727,0
23,22,164,0.0003832416762658657,0
23,22,165,-0.00111735082327647,0
23,22,166,-0.001407042446881745,0
23,22,167,0.0005206236397669543,0
23,22,168,-0.0002235459425961911,0
23,22,169,-0.002497372594006154,0
23,22,170,-2.179933104076124e-05,0
24,23,0,0.7981956377008579,0
24,23,1,-0.2467574207643963,0
24,23,2,-0.5007357324477378,0
24,23,3,0.4127693047213361,0
24,23,4,-0.9659344452594644,0
24,23,5,0.7245159860082762,0
24,23,6,0.2318147281213217,0
24,23,7,-0.3546929019416606,0
24,23,8,-0.01955080219966661,0
24,23,9,0.5896411660783966,0
24,23,10,-0.4559402846432647,0
24,23,11,-0.0406730567048153,0
24,23,12,0.8913410025247418,0
24,23,13,-0.9368214201688095,0
24,23,14,0.2689590420862779,0
24,23,15,0.3157496297156334,0
24,23,16,-0.8814169233288592,0
24,23,17,0.5518830559307635,0
24,23,18,0.4357834062456594,0
24,23,19,-0.3690537842847011,0
24,23,20,-0.1748620319706813,0
24,23,21,0.2965791100231717,0
24,23,22,-0.5426601224989911,0
24,23,23,0.2257839561075266,0
24,23,24,0.2973682911730806,0
24,23,25,-0.3509343711484729,0
24,23,26,0.008892981962978348,0
24,23,27,-0.2450485587327915,0
24,23,28,0.1664872234801109,0
24,23,29,-0.7603727096321007,0
24,23,30,0.5450096768147976,0
24,23,31,0.1982503155306478,0
24,23,32,0.20980401216345,0
24,23,33,0.2208767744230373,0
24,23,34,-0.4378508190287024,0
24,23,35,-0.4946330019444404,0
24,23,36,0.2381652316578848,0
24,23,37,-0.149229470604654,0
24,23,38,-0.2222051703118069,0
24,23,39,0.5936915255819388,0
24,23,40,-0.3907700257605918,0
24,23,41,-0.3988873938673851,0
24,23,42,0.23674644640599,0
24,23,43,0.06243547957438066,0
24,23,44,-0.1225705641831822,0
24,23,45,0.3710916319428092,0
24,23,46,-0.6691484814040171,0
24,23,47,-0.52461029038983,0
24,23,48,0.5733294562552681,0
24,23,49,-0.250228411054353,0
24,23,50,-0.1003449213765156,0
24,23,51,0.364313752970148,0
24,23,52,-0.1971104823960252,0
24,23,53,-0.3256155167039287,0
24,23,54,0.2900098620013973,0
24,23,55,-0.04028455605781711,0
24,23,56,0.2414003975251902,0
24,23,57,-0.2722613604919908,0
24,23,58,0.3923887632949448,0
24,23,59,-0.4695326206966692,0
24,23,60,0.4208404502720673,0
24,23,61,-0.001645056096516042,0
24,23,62,-0.09707963616919729,0
24,23,63,0.1869269088766728,0
24,23,64,-0.3141388508947111,0
24,23,65,0.05253939715334903,0
24,23,66,0.407268577267632,0
24,23,67,0.1660473805217415,0
24,23,68,0.3254580001808783,0
24,23,69,-0.1968205892267968,0
24,23,70,0.2442873806125994,0
24,23,71,-0.4968466765848614,0
24,23,72,0.6010694787164029,0
24,23,73,-0.5363027066199751,0
24,23,74,0.3275160215123535,0
24,23,75,0.2641706974852415,0
24,23,76,0.09582527859019362,0
24,23,77,0.3042861860383146,0
24,23,78,0.1236652515927462,0
24,23,79,0.2178293620726893,0
24,23,80,-0.2742169987601364,0
24,23,81,0.4196000829692165,0
24,23,82,0.04817374752547841,0
24,23,83,-0.2323808229673704,0
24,23,84,0.2624237763729867,0
24,23,85,0.07853572122534325,0
24,23,86,0.01286573858825175,0
24,23,87,0.4000166153519149,0
24,23,88,-0.401367363698745,0
24,23,89,0.04952659554863917,0
24,23,90,-0.2004604340023918,0
24,23,91,-0.1610975876554042,0
24,23,92,-0.06498794676178102,0
24,23,93,0.7101988301025437,0
24,23,94,-0.1933319140367978,0
24,23,95,-0.7036016258191319,0
24,23,96,-0.1163005601291504,0
24,23,97,-0.4659748681514901,0
24,23,98,0.4919602035528721,0
24,23,99,0.5633365944800096,0
24,23,100,-0.324432682549861,0
24,23,101,-0.4318545929449127,0
24,23,102,0.1501313406265941,0
24,23,103,-0.5129150009492603,0
24,23,104,-0.06770035536297171,0
24,23,105,0.7164679610375931,0
24,23,106,-0.3794982655558709,0
24,23,107,-0.4568928528729536,0
24,23,108,0.1305134582962118,0
24,23,109,-0.8792791930219443,0
24,23,110,0.4031022885297597,0
24,23,111,0.131337219426069,0
24,23,112,0.01544537519021204,0
24,23,113,-0.6674253939541153,0
24,23,114,-0.08780102414482734,0
24,23,115,-0.03708142236978774,0
24,23,116,-0.08665145096722912,0
24,23,117,0.02558183191651569,0
24,23,118,-0.4417652024352788,0
24,23,119,0.3020792744611276,0
24,23,120,-0.7572040796606945,0
24,23,121,0.9409482483100677,0
24,23,122,0.07171943019263133,0
24,23,123,0.1871013202776569,0
24,23,124,-0.6244398581544977,0
24,23,125,0.4922879331526349,0
24,23,126,-0.5754880290886539,0
24,23,127,0.6845536761009309,0
24,23,128,-0.7340707497135143,0
24,23,129,1,0
24,23,130,-0.220063255951609,0
24,23,131,0.3872867151010808,0
24,23,132,-0.9098816614148817,0
24,23,133,0.9633661967624342,0
24,23,134,0.5460845341775099,0
24,23,135,-0.002005936308541565,0
24,23,136,-0.00126130174901776,0
24,23,137,-0.001259514551064399,0
24,23,138,-0.002471768137718304,0
24,23,139,-0.002394696451742713,0
24,23,140,-0.00055074014644084,0
24,23,141,-0.001052934413484785,0
24,23,142,-0.001410559777066481,0
24,23,143,-0.0003334728005726036,0
24,23,144,0.0009105307114501416,0
24,23,145,0.001561147630088231,0
24,23,146,-0.0002322214056733692,0
24,23,147,0.00121396663187588,0
24,23,148,0.0006001165327822641,0
24,23,149,0.001022564448346586,0
24,23,150,0.0001356162892480644,0
24,23,151,9.578488049911333e-05,0
24,23,152,0.0007974088261157369,0
24,23,153,-0.0005033164583612084,0
24,23,154,0.00160558364133246,0
24,23,155,0.000540041280881699,0
24,23,156,9.314294298626009e-05,0
24,23,157,0.000844768606566035,0
24,23,158,0.0009233094601253499,0
24,23,159,0.0006957288705590066,0
24,23,160,0.0005829341636760877,0
24,23,161,0.001723660757622772,0
24,23,162,0.0006384334155959414,0
24,23,163,-0.0005802746526259286,0
24,23,164,-0.001767781806309454,0
24,23,165,-0.001378841340639466,0
24,23,166,-0.0008579228032503254,0
24,23,167,-0.003067234373779285,0
24,23,168,-0.001226004828892057,0
24,23,169,-0.001036972401061487,0
24,23,170,-0.0004667076037822586,0
25,24,0,-0.3796214122946766,0
25,24,1,0.01972502642803485,0
25,24,2,0.4494686596602165,0
25,24,3,0.201050449005254,0
25,24,4,0.2968886446274133,0
25,24,5,-0.4750148132882434,0
25,24,6,0.240708910747871,0
25,24,7,-0.3892395790153456,0
25,24,8,0.2978495833715859,0
25,24,9,0.6601547703585147,0
25,24,10,-0.4805627298754594,0
25,24,11,-0.06538599972773129,0
25,24,12,0.2074489714235357,0
25,24,13,-0.6888419911425864,0
25,24,14,0.4769222591656573,0
25,24,15,0.5779006702069037,0
25,24,16,-0.331406629706353,0
25,24,17,-0.224463089975202,0
25,24,18,-0.1893784715693227,0
25,24,19,-0.4650847987449157,0
25,24,20,0.5161380334945564,0
25,24,21,-0.2983648375505414,0
25,24,22,0.4519047877791851,0
25,24,23,-0.3370127902079693,0
25,24,24,-0.3748215000892833,0
25,24,25,0.398049702374692,0
25,24,26,-0.01026827000761732,0
25,24,27,0.3155202824555584,0
25,24,28,-0.2013818006131974,0
25,24,29,0.605036285950481,0
25,24,30,-0.5059671847443484,0
25,24,31,-0.05089957387095208,0
25,24,32,-0.3732393973537421,0
25,24,33,-0.04616635609934665,0
25,24,34,0.2780483541676445,0
25,24,35,0.2160321919068357,0
25,24,36,0.05149183724413604,0
25,24,37,-0.1765113529037655,0
25,24,38,-0.5137705016728434,0
25,24,39,0.1566925452496941,0
25,24,40,0.1507460184043465,0
25,24,41,0.05013549421123397,0
25,24,42,0.3201234215094212,0
25,24,43,-0.5770309416493447,0
25,24,44,-0.6061989123379785,0
25,24,45,0.4023420294992824,0
25,24,46,0.006667307785737452,0
25,24,47,0.2171791136973669,0
25,24,48,0.1859213175043516,0
25,24,49,-0.4508585108480285,0
25,24,50,-0.1699432891362119,0
25,24,51,0.08754484810586326,0
25,24,52,0.03328875260726064,0
25,24,53,0.4012245669099554,0
25,24,54,-0.1640343316957999,0
25,24,55,0.04213011233760106,0
25,24,56,-0.3244120313729413,0
25,24,57,0.4000015520810201,0
25,24,58,-0.2068351626065826,0
25,24,59,0.2506578216002633,0
25,24,60,-0.2586095312566014,0
25,24,61,-0.08035433984599791,0
25,24,62,0.07960857273400324,0
25,24,63,-0.1247679390878587,0
25,24,64,0.1243753115049885,0
25,24,65,0.1545553501698474,0
25,24,66,-0.2551824062253529,0
25,24,67,0.005457511325996975,0
25,24,68,-0.2958398951443988,0
25,24,69,0.3405120849280371,0
25,24,70,-0.2242695720994243,0
25,24,71,0.39073835785905,0
25,24,72,-0.06229711961176075,0
25,24,73,0.1170650834828914,0
25,24,74,-0.1076884066409143,0
25,24,75,0.3571215730329864,0
25,24,76,-0.06556615786191337,0
25,24,77,0.1064824806743443,0
25,24,78,0.1872632792927411,0
25,24,79,-0.119501555047649,0
25,24,80,-0.04384224396159101,0
25,24,81,0.3497209982848509,0
25,24,82,0.1948887772166055,0
25,24,83,0.08661006365432508,0
25,24,84,-0.2626194059205898,0
25,24,85,-0.3467149229949932,0
25,24,86,0.109470573240675,0
25,24,87,-0.2603217243376507,0
25,24,88,0.2437201909265206,0
25,24,89,0.011183315790675,0
25,24,90,0.09748747476557433,0
25,24,91,0.1230901935095565,0
25,24,92,0.03502732652715886,0
25,24,93,-0.3004257845532036,0
25,24,94,0.07910518303859852,0
25,24,95,0.3900110864266089,0
25,24,96,0.3453813897715922,0
25,24,97,-0.04612546228785921,0
25,24,98,-0.2659649725111462,0
25,24,99,-0.04848367520253313,0
25,24,100,-0.1892688908830622,0
25,24,101,0.1051021465050911,0
25,24,102,0.6769698642726406,0
25,24,103,-0.3704368944243003,0
25,24,104,-0.3241688519220693,0
25,24,105,-0.02436417119364637,0
25,24,106,-0.5937337805640008,0
25,24,107,0.2318028020410745,0
25,24,108,0.571849540530963,0
25,24,109,-0.2011825292457363,0
25,24,110,-0.662925190746447,0
25,24,111,-0.3960022895498266,0
25,24,112,-0.2020312260021676,0
25,24,113,0.4179558724590545,0
25,24,114,0.3180959354164393,0
25,24,115,-0.3086364689235873,0
25,24,116,0.1082163566176842,0
25,24,117,-0.06451542629734357,0
25,24,118,0.2773152918606878,0
25,24,119,-0.2219309059796743,0
25,24,120,0.4005286974015203,0
25,24,121,-0.539475737808778,0
25,24,122,-0.204741145914296,0
25,24,123,-0.00425674916084239,0
25,24,124,-0.1509485807840191,0
25,24,125,0.1465799340847249,0
25,24,126,-0.4995540050622344,0
25,24,127,0.5072335346347868,0
25,24,128,-0.3392363440084298,0
25,24,129,0.3920457458163934,0
25,24,130,-0.8030562146466314,0
25,24,131,1,0
25,24,132,0.1682165926236522,0
25,24,133,0.1936276602195446,0
25,24,134,0.05292448619680792,0
25,24,135,0.0001654626184111625,0
25,24,136,-0.0003087505243707254,0
25,24,137,-0.001462981528925739,0
25,24,138,-0.0008398664070978468,0
25,24,139,-0.0005671965060854305,0
25,24,140,0.0004949509085842934,0
25,24,141,0.0004590823941540886,0
25,24,142,0.0005592170583079189,0
25,24,143,-0.0004380600659597809,0
25,24,144,-0.0001150875810278567,0
25,24,145,4.866978299961005e-05,0
25,24,146,0.001075358898168974,0
25,24,147,0.0008343676484632647,0
25,24,148,0.0008171483370882711,0
25,24,149,-0.0004138706299587123,0
25,24,150,-0.0006215767962219996,0
25,24,151,-0.001546110770685442,0
25,24,152,-0.0004054553980962757,0
25,24,153,0.0004500253493846464,0
25,24,154,-0.001293962622116338,0
25,24,155,-0.000455774856203029,0
25,24,156,-0.0003698462605440361,0
25,24,157,0.0005998458076819524,0
25,24,158,-0.0001376370674712954,0
25,24,159,0.0008449229679082472,0
25,24,160,0.001293864032367053,0
25,24,161,0.0007595927959777217,0
25,24,162,-0.0004227086463758992,0
25,24,163,-5.791963024764349e-05,0
25,24,164,0.0007854091998791524,0
25,24,165,0.0004289564513915048,0
25,24,166,-0.0008338216595793408,0
25,24,167,-8.443427178521702e-05,0
25,24,168,-0.001050720142661187,0
25,24,169,-0.000804895484696835,0
25,24,170,-0.0007354045425541893,0
26,25,0,0.2035212638477038,0
26,25,1,-0.09992134739485091,0
26,25,2,-0.03753186031446663,0
26,25,3,0.04554038510654029,0
26,25,4,-0.2158333994194189,0
26,25,5,0.163232354187619,0
26,25,6,0.1324540928307787,0
26,25,7,-0.06293182740095958,0
26,25,8,-0.08309788690341477,0
26,25,9,0.007569633350165569,0
26,25,10,-0.1284251650699281,0
26,25,11,0.1120439391756833,0
26,25,12,-0.0322956617071459,0
26,25,13,0.03763105178727374,0
26,25,14,-0.04115605886490464,0
26,25,15,-0.1881131889605056,0
26,25,16,0.1188592994958521,0
26,25,17,0.02955887620167841,0
26,25,18,-0.206258294938611,0
26,25,19,0.2924250024229953,0
26,25,20,-0.08448512721351685,0
26,25,21,-0.04223274195533878,0
26,25,22,0.2052537111322099,0
26,25,23,-0.05801456869699803,0
26,25,24,-1,0
26,25,25,0.4991462402354261,0
26,25,26,0.3159073078072656,0
26,25,27,0.9974054553663851,0
26,25,28,-0.7958368776350149,0
26,25,29,-0.07730080590554465,0
26,25,30,0.07645447805325391,0
26,25,31,-0.024574151556463,0
26,25,32,-0.001071441572620777,0
26,25,33,0.001153966521393124,0
26,25,34,-0.05751044206634517,0
26,25,35,-0.1552450592836946,0
26,25,36,0.162975042808913,0
26,25,37,-0.07499710350912339,0
26,25,38,0.0355835047032179,0
26,25,39,0.04485630256681095,0
26,25,40,-0.0609317423842826,0
26,25,41,-0.05749304873768289,0
26,25,42,0.0311965302728956,0
26,25,43,-0.006008573340243267,0
26,25,44,0.1216720254006365,0
26,25,45,-0.03599534644845824,0
26,25,46,-0.04904100970972102,0
26,25,47,0.1026227837125346,0
26,25,48,-0.1480378454873514,0
26,25,49,0.08290971488567629,0
26,25,50,0.1039928318570796,0
26,25,51,-0.1569039428569704,0
26,25,52,0.09654362279507293,0
26,25,53,0.5880310969570737,0
26,25,54,-0.5562450723485542,0
26,25,55,-0.1595584734212294,0
26,25,56,-0.1393438708059574,0
26,25,57,0.308502326107567,0
26,25,58,-0.01749197342273018,0
26,25,59,-0.002518815199807073,0
26,25,60,0.05576089321226487,0
26,25,61,-0.008339876749553991,0
26,25,62,0.02984563283030948,0
26,25,63,0.01636055418066841,0
26,25,64,-0.0472636895090825,0
26,25,65,0.02886204957209361,0
26,25,66,0.0783537487712425,0
26,25,67,0.07079655768874478,0
26,25,68,0.008103286710114326,0
26,25,69,0.01738552001257038,0
26,25,70,-0.05868685070873735,0
26,25,71,-0.06476227588680124,0
26,25,72,0.142749151306567,0
26,25,73,-0.001261781405174873,0
26,25,74,0.09983755919263308,0
26,25,75,-0.0821429935405192,0
26,25,76,-0.05954825355165323,0
26,25,77,-0.03316772107688561,0
26,25,78,0.07283159508667014,0
26,25,79,0.01593437743405567,0
26,25,80,0.06815773763798995,0
26,25,81,-0.1715212820931729,0
26,25,82,-0.4739034276570523,0
26,25,83,0.2942289675616042,0
26,25,84,0.1360597323016738,0
26,25,85,0.3217258364900791,0
26,25,86,-0.3087856978555935,0
26,25,87,0.07221237940098575,0
26,25,88,-0.054240636713455,0
26,25,89,-0.02860964996865929,0
26,25,90,0.02782899312758843,0
26,25,91,-0.06814751282585089,0
26,25,92,-0.0006473573403212527,0
26,25,93,0.1192528173669557,0
26,25,94,-0.09678767463235276,0
26,25,95,-0.05956195093391931,0
26,25,96,0.02974690489945619,0
26,25,97,-0.1018360463107984,0
26,25,98,0.01558452356726373,0
26,25,99,0.1084609098378858,0
26,25,100,-0.1135055838012549,0
26,25,101,-0.08429313192103452,0
26,25,102,-0.05102136726232744,0
26,25,103,0.0004004819202852604,0
26,25,104,-0.0111062009909722,0
26,25,105,0.09288455148161535,0
26,25,106,-0.06073018856875878,0
26,25,107,-0.02199231422740867,0
26,25,108,-0.1773775264299635,0
26,25,109,0.07922897074732907,0
26,25,110,0.1009179616823319,0
26,25,111,0.3216686456065002,0
26,25,112,-0.1034431244006997,0
26,25,113,-0.1297503044278324,0
26,25,114,-0.1703413422628151,0
26,25,115,0.2527080237827348,0
26,25,116,-0.05600709032174642,0
26,25,117,0.04445595285089381,0
26,25,118,-0.0698367456039954,0
26,25,119,0.07270710032309541,0
26,25,120,-0.1184852917748767,0
26,25,121,0.1361361950282647,0
26,25,122,-0.08928856114107944,0
26,25,123,0.1140032994742422,0
26,25,124,-0.1515457585620545,0
26,25,125,0.1753432322008974,0
26,25,126,-0.06880286081874454,0
26,25,127,0.13452505038366,0
26,25,128,0.005297084201995459,0
26,25,129,0.05405889271246216,0
26,25,130,0.07858441305626501,0
26,25,131,-0.097098288981206,0
26,25,132,-0.06527574617470784,0
26,25,133,0.05967864490231077,0
26,25,134,-0.07136966634064806,0
26,25,135,-6.472043573712171e-05,0
26,25,136,-0.0001697099553888882,0
26,25,137,0.0001282926622319959,0
26,25,138,2.784176993541749e-05,0
26,25,139,0.0004048267396590551,0
26,25,140,0.0004785966194757945,0
26,25,141,0.0005850689598082517,0
26,25,142,0.00176856796407916,0
26,25,143,0.0008413412437573946,0
26,25,144,0.0003824099694768452,0
26,25,145,0.000154779751841444,0
26,25,146,0.0001408571610136738,0
26,25,147,2.306293341695364e-05,0
26,25,148,-0.000165960219230418,0
26,25,149,-0.0002817047018306709,0
26,25,150,-0.0003861619275198003,0
26,25,151,-8.147564409980949e-05,0
26,25,152,-0.002386975814062303,0
26,25,153,0.000102966415051395,0
26,25,154,0.0001279796401024649,0
26,25,155,6.541619043354273e-05,0
26,25,156,0.0003597996180672635,0
26,25,157,0.0002726892678046565,0
26,25,158,0.0005401078601267591,0
26,25,159,0.000153201455467387,0
26,25,160,0.0002470023861081701,0
26,25,161,0.0001373167818235912,0
26,25,162,-6.191279468277676e-05,0
26,25,163,-0.0001906707973263,0
26,25,164,-0.0002179948661739362,0
26,25,165,-7.040994588255858e-05,0
26,25,166,-0.0003545315790122284,0
26,25,167,-0.0003600992070786178,0
26,25,168,-0.0002321516923259585,0
26,25,169,-0.0003134542573132479,0
26,25,170,-0.0007293543977001244,0
27,26,0,0.04810446837891291,0
27,26,1,-0.09054303348000893,0
27,26,2,0.1345243393005525,0
27,26,3,0.7338389243287368,0
27,26,4,-0.3817889807120984,0
27,26,5,-0.1960226578528445,0
27,26,6,0.6363603176307565,0
27,26,7,-1,0
27,26,8,0.4600830923825292,0
27,26,9,-0.1357032917794055,0
27,26,10,-0.4015035221493724,0
27,26,11,0.2571696988762016,0
27,26,12,0.2137109397111636,0
27,26,13,0.1368367553979976,0
27,26,14,-0.3924496565261501,0
27,26,15,-0.730286495763839,0
27,26,16,0.07482453640928501,0
27,26,17,0.4790665245077341,0
27,26,18,-0.2601124688080433,0
27,26,19,0.9280100471969523,0
27,26,20,-0.628921302994298,0
27,26,21,0.04010258299888508,0
27,26,22,0.04310475591393722,0
27,26,23,0.1514133055955476,0
27,26,24,0.6000950250049123,0
27,26,25,-0.3518471914579559,0
27,26,26,-0.0892485018642748,0
27,26,27,-0.5861313488117781,0
27,26,28,0.4307767992281494,0
27,26,29,0.215117453353972,0
27,26,30,0.01828887319782343,0
27,26,31,-0.424828072786359,0
27,26,32,-0.4923036382373731,0
27,26,33,0.1292658911743649,0
27,26,34,0.2949850947815242,0
27,26,35,-0.2023035036703058,0
27,26,36,0.3957350956079002,0
27,26,37,-0.3743025938181098,0
27,26,38,-0.2176502907564369,0
27,26,39,0.301773925095994,0
27,26,40,-0.4129140155977805,0
27,26,41,-0.2818150274116958,0
27,26,42,0.5131695945457904,0
27,26,43,-0.1268976872518837,0
27,26,44,0.5261021280007514,0
27,26,45,-0.3849856717084665,0
27,26,46,0.002964444758449653,0
27,26,47,0.003237618802045067,0
27,26,48,-0.08711944890938449,0
27,26,49,0.141236647687829,0
27,26,50,0.3628928903693932,0
27,26,51,-0.4490803392681986,0
27,26,52,0.3219710189738035,0
27,26,53,-0.3828034397109164,0
27,26,54,0.02023773598439901,0
27,26,55,0.152636522964748,0
27,26,56,0.2287342230775758,0
27,26,57,-0.4180014335270368,0
27,26,58,-0.4885367013929242,0
27,26,59,0.6291217938024148,0
27,26,60,-0.3487945212803334,0
27,26,61,0.3551978629619826,0
27,26,62,-0.06074795356341279,0
27,26,63,-0.04956112579231308,0
27,26,64,-0.06818567711713547,0
27,26,65,-0.1219138769257137,0
27,26,66,0.2416908266679952,0
27,26,67,-0.2685863844180737,0
27,26,68,0.2212489748410776,0
27,26,69,0.3465554130861361,0
27,26,70,0.2407327592188115,0
27,26,71,0.0516193110048231,0
27,26,72,0.08299193478391897,0
27,26,73,0.007202707776243858,0
27,26,74,-0.2854822921929403,0
27,26,75,0.3788717211339301,0
27,26,76,-0.2534623056420676,0
27,26,77,0.1750799904229099,0
27,26,78,-0.1271135454466027,0
27,26,79,0.3407526213028037,0
27,26,80,0.01363555734429967,0
27,26,81,-0.4645891539925625,0
27,26,82,-0.2168489884541115,0
27,26,83,-0.2512452475832254,0
27,26,84,0.1274391391624065,0
27,26,85,0.476868241611963,0
27,26,86,-0.3170153265987609,0
27,26,87,-0.2173867093299671,0
27,26,88,0.2749174766734502,0
27,26,89,-0.008414756829739009,0
27,26,90,0.3437653406728126,0
27,26,91,-0.08885898273796294,0
27,26,92,0.100613367195409,0
27,26,93,-0.1566751298681948,0
27,26,94,-0.3571465201049362,0
27,26,95,0.3410864999438312,0
27,26,96,0.7174377523596787,0
27,26,97,-0.1241002021214636,0
27,26,98,-0.7957605546495948,0
27,26,99,0.1166337834126939,0
27,26,100,-0.7262150222248626,0
27,26,101,0.3979459438826925,0
27,26,102,0.1996339786953284,0
27,26,103,-0.1878568101980266,0
27,26,104,-0.3881136272112686,0
27,26,105,-0.1097640020518972,0
27,26,106,0.01322835041150556,0
27,26,107,-0.1084904214518847,0
27,26,108,-0.3607181462963753,0
27,26,109,0.4016570078352138,0
27,26,110,0.2251938767018645,0
27,26,111,-0.1451111964658319,0
27,26,112,0.1571433170390309,0
27,26,113,0.1968110328744954,0
27,26,114,0.3208452990014821,0
27,26,115,-0.104348850548793,0
27,26,116,0.1026608260344165,0
27,26,117,-0.05480202427195571,0
27,26,118,0.2322365503316655,0
27,26,119,-0.2274764848842581,0
27,26,120,-0.009827487260557525,0
27,26,121,-0.2879627987568169,0
27,26,122,-0.9225761776133381,0
27,26,123,0.9001308085575946,0
27,26,124,-0.1212453703528786,0
27,26,125,0.4312498794918049,0
27,26,126,-0.639513231509261,0
27,26,127,0.6306443252935098,0
27,26,128,-0.1164893058705872,0
27,26,129,0.5295184672403201,0
27,26,130,0.5146165869846326,0
27,26,131,-0.3396060942775118,0
27,26,132,0.4586409392602313,0
27,26,133,-0.6998465181191189,0
27,26,134,-0.2281903338423925,0
27,26,135,-0.0001678816544631079,0
27,26,136,-0.001473367185388366,0
27,26,137,0.0001179749373549641,0
27,26,138,0.0002971761229433896,0
27,26,139,0.000508031712519024,0
27,26,140,-0.0005091735222597895,0
27,26,141,7.274863907000121e-05,0
27,26,142,-0.001555322631652632,0
27,26,143,0.000332106412477318,0
27,26,144,0.001006772042045978,0
27,26,145,0.0008424287819161138,0
27,26,146,0.001222911129041212,0
27,26,147,-0.0009679876353449514,0
27,26,148,-0.0004508566481755401,0
27,26,149,-0.001688363641029917,0
27,26,150,-0.000331901672157752,0
27,26,151,0.0009120811416957619,0
27,26,152,0.001494276089840707,0
27,26,153,-0.0001376045773157248,0
27,26,154,-0.001285212294482408,0
27,26,155,-0.0003934933164284974,0
27,26,156,0.0009333305743256402,0
27,26,157,0.0004192704886977243,0
27,26,158,0.002021798637529803,0
27,26,159,0.0003979586831856105,0
27,26,160,-0.0004240347922530483,0
27,26,161,-0.001757383292592765,0
27,26,162,-0.0009155530939029507,0
27,26,163,0.0005666809874151921,0
27,26,164,-9.118820376871861e-05,0
27,26,165,-0.0004339132357140597,0
27,26,166,-0.001271739201872038,0
27,26,167,-0.000316721512384282,0
27,26,168,-0.00149755274083336,0
27,26,169,-0.0002242680801042419,0
27,26,170,-0.0003668787122004218,0
28,27,0,0.7278510476762343,0
28,27,1,-0.5770040204217564,0
28,27,2,0.3298686215523513,0
28,27,3,-0.03103785627252565,0
28,27,4,-0.6337975266067928,0
28,27,5,0.5129343149368845,0
28,27,6,0.4329000755515558,0
28,27,7,-0.02221565769708956,0
28,27,8,-0.4576931288430854,0
28,27,9,0.4438881801838205,0
28,27,10,-0.6593300845149345,0
28,27,11,0.3234569562148525,0
28,27,12,-0.8107172070443125,0
28,27,13,0.05608704391052684,0
28,27,14,0.3876181862936054,0
28,27,15,-0.06881231424073293,0
28,27,16,0.8965343995242683,0
28,27,17,-0.8367324398073488,0
28,27,18,0.02580048132443101,0
28,27,19,-0.1525575235390889,0
28,27,20,0.338380974677372,0
28,27,21,-0.2250444426246251,0
28,27,22,0.1143869165802517,0
28,27,23,0.03481911606304317,0
28,27,24,0.5933573918988567,0
28,27,25,-0.0624508135406277,0
28,27,26,-0.3452950410765317,0
28,27,27,-0.654654444070028,0
28,27,28,0.5506661362102705,0
28,27,29,0.1789313472049361,0
28,27,30,-0.3219719671175025,0
28,27,31,0.1881326865605925,0
28,27,32,-0.1518757599105026,0
28,27,33,-0.1044718509536569,0
28,27,34,-0.3036578299608494,0
28,27,35,-0.4460498331321304,0
28,27,36,0.7397160531195939,0
28,27,37,-0.3935697641647269,0
28,27,38,-0.1127242345724098,0
28,27,39,0.0948600225473306,0
28,27,40,0.1890914682403184,0
28,27,41,0.2387812415755928,0
28,27,42,-0.04741739014849356,0
28,27,43,-0.4839532760070633,0
28,27,44,-0.1460594402076186,0
28,27,45,0.2257086166678848,0
28,27,46,0.1635646621799806,0
28,27,47,0.3467768212091289,0
28,27,48,-0.5115234903369044,0
28,27,49,0.4431731645401453,0
28,27,50,0.006117091996444738,0
28,27,51,-0.1391854920773795,0
28,27,52,-0.1690572396922092,0
28,27,53,-0.2520272167691574,0
28,27,54,0.3025505853144343,0
28,27,55,0.0689364712988854,0
28,27,56,-0.1219247573227817,0
28,27,57,0.01574201335005141,0
28,27,58,0.03872937210807479,0
28,27,59,-0.2703720191333807,0
28,27,60,0.3964771685042152,0
28,27,61,-0.5535086065643363,0
28,27,62,0.4356624298290028,0
28,27,63,-0.02529416691942644,0
28,27,64,0.02406393330412363,0
28,27,65,0.515035076322559,0
28,27,66,-0.06503627000438184,0
28,27,67,0.5550502021220135,0
28,27,68,-0.60445892009403,0
28,27,69,0.3877804408894292,0
28,27,70,-0.7022532439643026,0
28,27,71,0.1191356567329372,0
28,27,72,0.454134626000232,0
28,27,73,0.3346955776731887,0
28,27,74,0.3727967677294068,0
28,27,75,-0.4703898486059424,0
28,27,76,0.3201649141272126,0
28,27,77,-0.7174728423873076,0
28,27,78,0.1670155296117597,0
28,27,79,-0.5719712526514307,0
28,27,80,0.310174951509232,0
28,27,81,-0.1460387066325695,0
28,27,82,0.3769894627180561,0
28,27,83,0.2657924150366869,0
28,27,84,-0.4069702335203901,0
28,27,85,-0.4918047921952818,0
28,27,86,0.4598915325634504,0
28,27,87,0.4115466392754546,0
28,27,88,-0.3033855058246522,0
28,27,89,-0.2765294773296488,0
28,27,90,0.006171211171076221,0
28,27,91,-0.2807243514512744,0
28,27,92,-0.01004972232798177,0
28,27,93,0.5641751225004747,0
28,27,94,-0.2144363577707188,0
28,27,95,-0.2138413169956534,0
28,27,96,0.03817605169356855,0
28,27,97,-0.7464993256160788,0
28,27,98,0.4662929009251729,0
28,27,99,0.2720565052350348,0
28,27,100,-0.05600607065092968,0
28,27,101,-0.7878233931093035,0
28,27,102,0.0452187035503572,0
28,27,103,-0.01747519039135247,0
28,27,104,0.01979123730775994,0
28,27,105,-0.4216700883927509,0
28,27,106,-0.1048647213138961,0
28,27,107,0.5096551016535877,0
28,27,108,-0.1124749707361515,0
28,27,109,0.6752465851826873,0
28,27,110,-0.5264609778301972,0
28,27,111,0.02780979971587138,0
28,27,112,0.06210960978246905,0
28,27,113,0.4071561487592741,0
28,27,114,-0.3551591947913847,0
28,27,115,0.2485318806680494,0
28,27,116,-0.457019066658416,0
28,27,117,0.3943636069177852,0
28,27,118,-0.3150767279136854,0
28,27,119,0.4631608514204668,0
28,27,120,-0.3013910496184027,0
28,27,121,0.4896731622147592,0
28,27,122,-0.07744528554161355,0
28,27,123,0.01051718572216963,0
28,27,124,-1,0
28,27,125,0.9917323899135145,0
28,27,126,0.01907328503973888,0
28,27,127,0.5847594883239479,0
28,27,128,0.5047283565833625,0
28,27,129,-0.5744280814139121,0
28,27,130,-0.1472070338841004,0
28,27,131,0.03898110283929337,0
28,27,132,0.6101089955954468,0
28,27,133,-0.4894591546721981,0
28,27,134,-0.5157922244460965,0
28,27,135,5.462284415995093e-05,0
28,27,136,0.0007816347495378733,0
28,27,137,0.0001431997969152261,0
28,27,138,0.0003328995354832657,0
28,27,139,0.001473497331085882,0
28,27,140,-0.0003882620197633163,0
28,27,141,-0.000691428436742965,0
28,27,142,0.0003428517408417379,0
28,27,143,-0.0002454976431828825,0
28,27,144,0.001509521678339082,0
28,27,145,0.0005413806396387054,0
28,27,146,0.000475762016390786,0
28,27,147,0.0002185159029934054,0
28,27,148,-0.001098743468564504,0
28,27,149,-0.0008565812486544291,0
28,27,150,0.000234159262388462,0
28,27,151,0.0006640430622467646,0
28,27,152,0.0009051798037065653,0
28,27,153,0.001722760702090455,0
28,27,154,0.0001295532379177655,0
28,27,155,0.0001998554739601667,0
28,27,156,0.0006612883797126308,0
28,27,157,0.001904105513996054,0
28,27,158,0.0003760053410586338,0
28,27,159,-0.0004273063261735737,0
28,27,160,-0.0003599309046150349,0
28,27,161,-0.001398068017178585,0
28,27,162,-0.0002609853453781105,0
28,27,163,-0.002236599659417438,0
28,27,164,-0.0001409431582192915,0
28,27,165,0.0003227974320415408,0
28,27,166,-0.001396771795132099,0
28,27,167,-0.001078177838765779,0
28,27,168,2.62900484123821e-05,0
28,27,169,-0.0006414014808978416,0
28,27,170,0.0003031825231257497,0
29,28,0,-0.1685335955796839,0
29,28,1,0.03848299459413342,0
29,28,2,0.1550447399757473,0
29,28,3,-0.04700854946645007,0
29,28,4,0.2067513810655875,0
29,28,5,-0.1478474285715112,0
29,28,6,-0.07555895310522617,0
29,28,7,0.04363532035714018,0
29,28,8,0.06653189396740389,0
29,28,9,-0.08105076115005996,0
29,28,10,0.111570116839793,0
29,28,11,-0.03507335455327305,0
29,28,12,0.09621232671671702,0
29,28,13,0.01652584458321838,0
29,28,14,-0.0566145949262796,0
29,28,15,0.04424036029110261,0
29,28,16,-0.131626957364525,0
29,28,17,0.09406780758563635,0
29,28,18,-0.01244854621682284,0
29,28,19,-0.01236676827490543,0
29,28,20,-0.01442878684585843,0
29,28,21,0.003279057781131035,0
29,28,22,0.01449314211036936,0
29,28,23,-0.021133511896304,0
29,28,24,-0.01149690747163762,0
29,28,25,-0.003702742990482982,0
29,28,26,0.01518456822773589,0
29,28,27,0.01360067452513347,0
29,28,28,-0.01096218207844589,0
29,28,29,0.2403325244277479,0
29,28,30,-0.08369498379498042,0
29,28,31,-0.2993797232128727,0
29,28,32,-0.04843384501632363,0
29,28,33,-0.1294157244102376,0
29,28,34,0.1404100063503206,0
29,28,35,0.14907114366212,0
29,28,36,-0.07778510486282961,0
29,28,37,-0.04537167697158871,0
29,28,38,0.01202933403519808,0
29,28,39,-0.1195297342869645,0
29,28,40,0.07009311367540286,0
29,28,41,-0.0008206141546147885,0
29,28,42,0.02400257391836738,0
29,28,43,-1.610133107221429e-05,0
29,28,44,-0.01723342021201494,0
29,28,45,-0.05021507485675568,0
29,28,46,0.03541462794210973,0
29,28,47,-0.03236302814822613,0
29,28,48,0.09145723945051352,0
29,28,49,-0.09925732223457151,0
29,28,50,-0.004567819224381573,0
29,28,51,0.01612389982957092,0
29,28,52,0.03038114063997182,0
29,28,53,0.01075532007166651,0
29,28,54,-0.01582749113420312,0
29,28,55,0.01365557215719054,0
29,28,56,0.003423574525016356,0
29,28,57,-0.006933784978193539,0
29,28,58,-0.427996454405288,0
29,28,59,0.280535429429541,0
29,28,60,0.3224884352307125,0
29,28,61,0.06495306115715149,0
29,28,62,0.2404628089618704,0
29,28,63,-0.1531565762600241,0
29,28,64,-0.07435509307955657,0
29,28,65,-0.005499637314210444,0
29,28,66,0.08883572615960283,0
29,28,67,-0.04810646238021595,0
29,28,68,0.06970225700035604,0
29,28,69,-0.05260266838650819,0
29,28,70,0.01872665406985424,0
29,28,71,0.05559425746729182,0
29,28,72,-0.0793114797458494,0
29,28,73,0.01376367821777001,0
29,28,74,-0.0596360467378839,0
29,28,75,0.03636461744775774,0
29,28,76,-0.06738447208783183,0
29,28,77,0.08510918101610701,0
29,28,78,0.006253947190283176,0
29,28,79,0.07924327601995633,0
29,28,80,-0.03117088087944473,0
29,28,81,0.0212269948356398,0
29,28,82,-0.01367796788740032,0
29,28,83,-0.06455191902843846,0
29,28,84,0.03433404976663368,0
29,28,85,0.0400539689912713,0
29,28,86,-0.05265066092353859,0
29,28,87,0.5939183776876297,0
29,28,88,-0.1486027324019515,0
29,28,89,-0.7932300918515527,0
29,28,90,0.05221719725622401,0
29,28,91,-0.527014908048436,0
29,28,92,0.3170247702839402,0
29,28,93,0.04775659413925869,0
29,28,94,-0.07778525785565923,0
29,28,95,-0.08576001168993011,0
29,28,96,0.01512080722839839,0
29,28,97,-0.007632627109927976,0
29,28,98,-0.03784565368113717,0
29,28,99,-0.05675405035349058,0
29,28,100,0.01609492576953848,0
29,28,101,0.0943458027165268,0
29,28,102,0.02123777932061885,0
29,28,103,0.009348890252074228,0
29,28,104,-0.0003086509966323103,0
29,28,105,0.02443726305460838,0
29,28,106,-0.02232330490265094,0
29,28,107,-0.01543804785084802,0
29,28,108,0.05929355183066031,0
29,28,109,-0.0565832814392656,0
29,28,110,-0.01455791753917984,0
29,28,111,-0.0646880732962101,0
29,28,112,-0.02967027079778502,0
29,28,113,0.02266685242873076,0
29,28,114,0.1141681528602494,0
29,28,115,-0.08499355391613499,0
29,28,116,-1,0
29,28,117,0.9984514916501968,0
29,28,118,-0.03667434773356448,0
29,28,119,0.4938489636249295,0
29,28,120,-0.1697644773321301,0
29,28,121,0.1899649402891785,0
29,28,122,-0.04515955361149061,0
29,28,123,0.1603540588464967,0
29,28,124,0.1151122298823981,0
29,28,125,-0.08052062041100973,0
29,28,126,0.01866300017434374,0
29,28,127,-0.07958318889364678,0
29,28,128,-0.0442540418927827,0
29,28,129,0.02359654383951388,0
29,28,130,-0.0472822622136889,0
29,28,131,0.06855592189288923,0
29,28,132,-0.01736507676546833,0
29,28,133,0.02835152908980202,0
29,28,134,0.05739915478251072,0
29,28,135,0.0007432887282400481,0
29,28,136,0.0001693890625988932,0
29,28,137,7.727299805319494e-05,0
29,28,138,-0.0001131171223551736,0
29,28,139,-0.0001049801722346953,0
29,28,140,2.859105469279281e-05,0
29,28,141,0.0001087681157961864,0
29,28,142,-0.000186096497675177,0
29,28,143,-5.584500550649323e-05,0
29,28,144,-0.0005636301749010578,0
29,28,145,-0.0005035990645753337,0
29,28,146,-0.0002388096770440599,0
29,28,147,-0.0001980243889185788,0
29,28,148,0.0001856772658585536,0
29,28,149,8.169816057745478e-06,0
29,28,150,-0.0001040681518999215,0
29,28,151,-0.0001759565027025424,0
29,28,152,6.495424128310496e-05,0
29,28,153,0.002271647677825621,0
29,28,154,0.0003643258225241711,0
29,28,155,0.0004466312548882889,0
29,28,156,2.53302423594922e-05,0
29,28,157,-0.0002267723389487044,0
29,28,158,-0.0002085925340757463,0
29,28,159,-1.808886097693649e-05,0
29,28,160,0.0001659446993509649,0
29,28,161,0.0001461927823714578,0
29,28,162,-0.0007119544562844305,0
29,28,163,-0.001614748786212078,0
29,28,164,-0.0006272276838130816,0
29,28,165,-0.0005613198389761632,0
29,28,166,-0.0001489177746806442,0
29,28,167,0.0001434945767214832,0
29,28,168,1.374133341274792e-06,0
29,28,169,0.0001821275474512188,0
29,28,170,-6.549800300524873e-05,0
30,29,0,-0.2950335227045323,0
30,29,1,0.2190598317187387,0
30,29,2,-0.08029016166938917,0
30,29,3,-0.6406938559375914,0
30,29,4,0.5824546165864974,0
30,29,5,-0.0004560662767076774,0
30,29,6,0.3502866910658128,0
30,29,7,0.4050767529652552,0
30,29,8,-0.4594635081450971,0
30,29,9,0.09184796416867058,0
30,29,10,-0.5286449861301046,0
30,29,11,0.5170288989765625,0
30,29,12,0.2750727008432401,0
30,29,13,-0.09539742982974712,0
30,29,14,-0.2262137204384333,0
30,29,15,-0.6035242730775191,0
30,29,16,0.02358911405852945,0
30,29,17,0.3817539278775579,0
30,29,18,-0.5431083579946233,0
30,29,19,1,0
30,29,20,-0.3854238122138552,0
30,29,21,-0.3914853318482771,0
30,29,22,0.5831946379044249,0
30,29,23,0.08205663885832928,0
30,29,24,0.4809836080976513,0
30,29,25,0.06657412850626238,0
30,29,26,-0.2185378235778145,0
30,29,27,-0.5770844991966548,0
30,29,28,0.4554349904937991,0
30,29,29,-0.08479584379464032,0
30,29,30,-0.1100986199825031,0
30,29,31,0.3750118411800492,0
30,29,32,0.4939333222664051,0
30,29,33,-0.1540525961621301,0
30,29,34,-0.2029973556001073,0
30,29,35,-0.1016476060936181,0
30,29,36,-0.2739974431329172,0
30,29,37,0.5616935157402315,0
30,29,38,0.1783916242508098,0
30,29,39,-0.2545934305111803,0
30,29,40,-0.05511477020600335,0
30,29,41,-0.3940094726348218,0
30,29,42,0.3373892219831188,0
30,29,43,-0.186342932071334,0
30,29,44,0.3760905833181166,0
30,29,45,-0.099146436574162,0
30,29,46,-0.2621782776369782,0
30,29,47,0.2845749483426083,0
30,29,48,-0.2913486045592823,0
30,29,49,0.04122931898889923,0
30,29,50,0.6066587998140639,0
30,29,51,-0.7792582220337739,0
30,29,52,0.2281378303421019,0
30,29,53,-0.1190036377645,0
30,29,54,-0.304158693692025,0
30,29,55,0.2197319962882506,0
30,29,56,-0.06066778415620889,0
30,29,57,-0.2089946108856722,0
30,29,58,0.3758057080452081,0
30,29,59,-0.5426961699529343,0
30,29,60,0.2581442023735361,0
30,29,61,-0.3058889919516845,0
30,29,62,0.1117083190666958,0
30,29,63,-0.04441246967407711,0
30,29,64,0.2908539994140776,0
30,29,65,-0.1079971053336122,0
30,29,66,-0.3228042226568867,0
30,29,67,-0.1354220918127022,0
30,29,68,-0.03647564215781812,0
30,29,69,-0.1408637445085087,0
30,29,70,-0.20757547193393,0
30,29,71,0.2765126852438638,0
30,29,72,0.02207799582897852,0
30,29,73,0.02012862158744474,0
30,29,74,0.1933211794238089,0
30,29,75,0.1292346644694504,0
30,29,76,-0.417709577118157,0
30,29,77,0.08746489304901332,0
30,29,78,0.413598086712904,0
30,29,79,-0.05957736434921016,0
30,29,80,0.4818759437808054,0
30,29,81,-0.430721902166571,0
30,29,82,-0.3338123721933048,0
30,29,83,0.1252608341605921,0
30,29,84,0.02050218026640475,0
30,29,85,0.5090316029282287,0
30,29,86,-0.3409783689543977,0
30,29,87,0.1242481042865571,0
30,29,88,-0.1456705315601265,0
30,29,89,-0.1021727143669742,0
30,29,90,-0.3306879513410353,0
30,29,91,0.161197006819324,0
30,29,92,-0.04465138078372831,0
30,29,93,-0.07938196338648941,0
30,29,94,0.4557561335031308,0
30,29,95,-0.1059722966029408,0
30,29,96,-0.4724837555325007,0
30,29,97,0.1443848780466887,0
30,29,98,0.5449270834237699,0
30,29,99,0.4061111001498621,0
30,29,100,0.2635186703238783,0
30,29,101,-0.4152537669018201,0
30,29,102,0.2091440966264934,0
30,29,103,-0.6457582510795401,0
30,29,104,0.4098908383442291,0
30,29,105,0.4849402375437327,0
30,29,106,-0.4736091596188975,0
30,29,107,-0.4592972745973655,0
30,29,108,-0.1269631534200199,0
30,29,109,-0.1033242580676224,0
30,29,110,0.06841569717715255,0
30,29,111,0.1189074787376939,0
30,29,112,-0.1305721122202079,0
30,29,113,0.1405814533726116,0
30,29,114,0.03658186204039925,0
30,29,115,0.1357878411609107,0
30,29,116,-0.1838664479027516,0
30,29,117,0.165538682450191,0
30,29,118,-0.03689061617806164,0
30,29,119,0.1512115505672005,0
30,29,120,0.298517335921009,0
30,29,121,-0.1062012574136727,0
30,29,122,0.6922393447376568,0
30,29,123,-0.8934158885311844,0
30,29,124,-0.1958950211743435,0
30,29,125,-0.1013329217200779,0
30,29,126,-0.02395701670958185,0
30,29,127,-0.0743930664333903,0
30,29,128,-0.8124146271598945,0
30,29,129,0.8163090490639371,0
30,29,130,-0.115055201346524,0
30,29,131,0.6066485790808436,0
30,29,132,0.2349753070577509,0
30,29,133,-0.1345686089677245,0
30,29,134,-0.2103180521742795,0
30,29,135,-0.0003446352401414323,0
30,29,136,-0.0004141150415167544,0
30,29,137,-0.0005438303305866175,0
30,29,138,0.0002673943766065078,0
30,29,139,0.001634861432858302,0
30,29,140,0.000559093549648777,0
30,29,141,0.000410890958510364,0
30,29,142,-0.0009061823690027204,0
30,29,143,0.0005460420087277119,0
30,29,144,-0.001354098094622132,0
30,29,145,-0.0002452760416087952,0
30,29,146,0.001284687186729054,0
30,29,147,0.001231520471517973,0
30,29,148,0.000207141871394593,0
30,29,149,-0.002237388138164375,0
30,29,150,-0.00146913772488137,0
30,29,151,0.0002291132116615922,0
30,29,152,0.001263937610298724,0
30,29,153,0.0005156858397457659,0
30,29,154,0.001111409632854511,0
30,29,155,-0.0001981684821554054,0
30,29,156,-0.001438062265121863,0
30,29,157,-0.0002122019749223925,0
30,29,158,0.0009656344764099682,0
30,29,159,0.002184340048139537,0
30,29,160,0.001653732754274124,0
30,29,161,-0.0005786972646952836,0
30,29,162,0.0006995029059336766,0
30,29,163,-0.0005862153223979811,0
30,29,164,4.804972839951895e-05,0
30,29,165,-0.0003245022398618573,0
30,29,166,0.0007082803060444978,0
30,29,167,0.0003532628629219246,0
30,29,168,-0.0007289588890665116,0
30,29,169,-0.001646412814695356,0
30,29,170,-0.001561494376558942,0
31,30,0,-0.1417145435492568,0
31,30,1,0.01765993961898525,0
31,30,2,0.1195038510137367,0
31,30,3,-0.07842315720582468,0
31,30,4,0.1827734846344106,0
31,30,5,-0.09553752626226276,0
31,30,6,0.6920486670027534,0
31,30,7,-0.313099540402377,0
31,30,8,-0.1929687166003079,0
31,30,9,0.2348094683836146,0
31,30,10,-0.8485764128534238,0
31,30,11,0.4487150468818847,0
31,30,12,0.4527177196470303,0
31,30,13,-0.3073497282276973,0
31,30,14,-0.2987648808194418,0
31,30,15,0.4020591738436819,0
31,30,16,-0.6689629869766099,0
31,30,17,0.1673928698328561,0
31,30,18,0.2387662096175499,0
31,30,19,-0.465859765437147,0
31,30,20,-0.008703471829787231,0
31,30,21,0.6740505704320502,0
31,30,22,-0.5287283480317899,0
31,30,23,-0.2074707677274883,0
31,30,24,-0.4730943288518364,0
31,30,25,-0.4235252887172279,0
31,30,26,0.4876579408418387,0
31,30,27,0.6772392563555444,0
31,30,28,-0.5952614023099457,0
31,30,29,0.08874001062343743,0
31,30,30,-0.2971279405766274,0
31,30,31,0.3352284464048305,0
31,30,32,0.07941885614820082,0
31,30,33,0.0371975593862554,0
31,30,34,-0.1418641473608272,0
31,30,35,-0.3307251045156507,0
31,30,36,0.1385399669302987,0
31,30,37,0.3038961870287716,0
31,30,38,-0.2067637981160701,0
31,30,39,0.2302678080364839,0
31,30,40,-0.1740443703912163,0
31,30,41,-0.5283551648169683,0
31,30,42,0.7670684041010268,0
31,30,43,-0.2147464064377229,0
31,30,44,-0.2696604108128056,0
31,30,45,0.4032432965939046,0
31,30,46,0.1058268175681335,0
31,30,47,-0.3839027173273868,0
31,30,48,0.5570799815587737,0
31,30,49,-0.06825323121887324,0
31,30,50,-0.5097601964956956,0
31,30,51,0.7148817554463047,0
31,30,52,0.140211858174789,0
31,30,53,0.009878637753921272,0
31,30,54,0.1294649669577356,0
31,30,55,-0.1166803927851348,0
31,30,56,0.4087138299675349,0
31,30,57,-0.1322687098739156,0
31,30,58,0.2495353995268586,0
31,30,59,-0.4182792188783355,0
31,30,60,0.1811239778408503,0
31,30,61,-0.2622804711750842,0
31,30,62,0.1459982117913436,0
31,30,63,-0.1104418585300228,0
31,30,64,0.4327538396723423,0
31,30,65,-0.150110279320644,0
31,30,66,-0.275881271871929,0
31,30,67,0.001190695558009379,0
31,30,68,-0.320555072954777,0
31,30,69,0.1634473353598087,0
31,30,70,0.1864935685843367,0
31,30,71,-0.0256211834805045,0
31,30,72,0.009045068713061172,0
31,30,73,0.6021725846110898,0
31,30,74,-0.6476554538604758,0
31,30,75,0.1331462999522433,0
31,30,76,0.1393124338066793,0
31,30,77,-0.5823800762629238,0
31,30,78,0.1334048707200686,0
31,30,79,0.7051161366334994,0
31,30,80,-0.5213436141948357,0
31,30,81,-0.3560896568432696,0
31,30,82,0.069110062156111,0
31,30,83,-0.7020477793139969,0
31,30,84,0.2850914929138319,0
31,30,85,0.1054829189206207,0
31,30,86,-0.118274665177559,0
31,30,87,0.07739867639577609,0
31,30,88,-0.05111654699190694,0
31,30,89,-0.1724512259030783,0
31,30,90,-0.2843114768984825,0
31,30,91,0.1604174797545989,0
31,30,92,0.01983909134546388,0
31,30,93,-0.08903238485951073,0
31,30,94,0.3930219317871146,0
31,30,95,-0.00696154295957879,0
31,30,96,-0.291006271306001,0
31,30,97,0.003017240989394781,0
31,30,98,0.3431921815362193,0
31,30,99,0.1496875238074711,0
31,30,100,0.3620792223565697,0
31,30,101,-0.4524114570907342,0
31,30,102,-0.3226427702727565,0
31,30,103,-0.1244777292463412,0
31,30,104,0.3548373949163763,0
31,30,105,-0.3511718380610972,0
31,30,106,0.6252562044772406,0
31,30,107,-0.3772057576071163,0
31,30,108,-0.5896600850800476,0
31,30,109,0.7948800234705172,0
31,30,110,0.1612637023846119,0
31,30,111,-0.3405791826316794,0
31,30,112,0.4498097519486457,0
31,30,113,0.1409214039607065,0
31,30,114,0.5032206314932919,0
31,30,115,-0.2844530397497218,0
31,30,116,-0.2205160681171388,0
31,30,117,0.2322340842652466,0
31,30,118,0.08665982373405846,0
31,30,119,0.07295517237472607,0
31,30,120,0.3202845079400622,0
31,30,121,-0.251160072730726,0
31,30,122,0.3864952925036658,0
31,30,123,-0.6432801781514688,0
31,30,124,-0.2643219624907132,0
31,30,125,0.1507692182957242,0
31,30,126,0.3045558361358301,0
31,30,127,-0.2284308887438001,0
31,30,128,0.0007259197147830032,0
31,30,129,-0.01535704169788732,0
31,30,130,0.7166435215823745,0
31,30,131,-0.6075140824808585,0
31,30,132,0.5650700489697746,0
31,30,133,-1,0
31,30,134,-0.2453399621028246,0
31,30,135,-0.0008763307636716416,0
31,30,136,-0.0007165813475936362,0
31,30,137,-0.0009698043695546625,0
31,30,138,-0.0008119339543143375,0
31,30,139,-0.0008839777961980466,0
31,30,140,-0.001763639118914952,0
31,30,141,-0.0009771897230481279,0
31,30,142,0.0001418212501063741,0
31,30,143,-0.0001344966048328172,0
31,30,144,-0.0003865229810334345,0
31,30,145,0.0008697162392586126,0
31,30,146,0.001631513156682488,0
31,30,147,0.0006575329269637438,0
31,30,148,0.0008038996689533678,0
31,30,149,0.0007719387147371868,0
31,30,150,0.001272700983100555,0
31,30,151,0.001757115088014603,0
31,30,152,-0.0008104794521987249,0
31,30,153,0.0008038028514618924,0
31,30,154,9.527953120923848e-05,0
31,30,155,-0.0009589266807836102,0
31,30,156,-0.001695192157412353,0
31,30,157,-0.0001636626164525624,0
31,30,158,-0.0001766931879654181,0
31,30,159,-0.0004763224739949937,0
31,30,160,-0.001542494098150621,0
31,30,161,-0.001902525405401685,0
31,30,162,0.0003207148523000654,0
31,30,163,-0.0008389917440121632,0
31,30,164,0.000496572572874645,0
31,30,165,0.000283296689387699,0
31,30,166,0.001362275842495813,0
31,30,167,0.0008521199026330499,0
31,30,168,0.000246679952958864,0
31,30,169,0.0004782623030524198,0
31,30,170,0.0004652939541058222,0
32,31,0,-0.4386717866132899,0
32,31,1,0.4378057737969877,0
32,31,2,-0.2982853615082238,0
32,31,3,0.5102048862741302,0
32,31,4,0.1156150179611332,0
32,31,5,-0.3482666565925476,0
32,31,6,0.06933491061785912,0
32,31,7,-0.6824781113068787,0
32,31,8,0.5128816570936489,0
32,31,9,0.8947548603601824,0
32,31,10,-0.361648104232705,0
32,31,11,-0.5020757954311741,0
32,31,12,-0.3126112546629787,0
32,31,13,-0.786386367133415,0
32,31,14,0.723632830992062,0
32,31,15,-0.3698304245896913,0
32,31,16,0.7465571231951924,0
32,31,17,-0.5329157113585355,0
32,31,18,0.1450381243672581,0
32,31,19,0.1703876575213667,0
32,31,20,-0.02172264398900007,0
32,31,21,-0.04113844037480601,0
32,31,22,-0.1963977573946246,0
32,31,23,0.22784711226549,0
32,31,24,0.006611615474958992,0
32,31,25,0.1147662451825816,0
32,31,26,-0.1333680202333285,0
32,31,27,-0.03419947118525826,0
32,31,28,0.04801283834172258,0
32,31,29,-0.1378016702500769,0
32,31,30,0.2811542536650516,0
32,31,31,-0.06622196724804527,0
32,31,32,-0.01893407225268986,0
32,31,33,0.1589383432099924,0
32,31,34,0.330141061577702,0
32,31,35,-0.09633462235160005,0
32,31,36,-0.2612033775638609,0
32,31,37,0.2003538020457691,0
32,31,38,-0.6633255735597623,0
32,31,39,0.975348347215839,0
32,31,40,-0.2737960516582328,0
32,31,41,-0.002131256221230943,0
32,31,42,0.01488556869969096,0
32,31,43,0.01627504151434531,0
32,31,44,0.003614086813205594,0
32,31,45,0.4967098193314391,0
32,31,46,-0.4019882007217019,0
32,31,47,0.196807767234401,0
32,31,48,-0.4632190200593362,0
32,31,49,0.5784501831721635,0
32,31,50,0.005670912864081331,0
32,31,51,-0.2019319440900527,0
32,31,52,-0.1080688334011547,0
32,31,53,-0.01529179010379157,0
32,31,54,0.1927388568556477,0
32,31,55,-0.2181524659022743,0
32,31,56,-0.1261571049710394,0
32,31,57,0.1662344464124062,0
32,31,58,0.04515956298107425,0
32,31,59,0.002116849098051524,0
32,31,60,0.04072563566719346,0
32,31,61,0.5269313260174824,0
32,31,62,-0.4593506388858533,0
32,31,63,-0.1729349334642714,0
32,31,64,0.0006415505928866853,0
32,31,65,-0.4905525763735358,0
32,31,66,-0.03132122390842405,0
32,31,67,0.1631161496401053,0
32,31,68,0.1691978964636353,0
32,31,69,-0.341518419307195,0
32,31,70,0.4368895561768923,0
32,31,71,-0.6385558022216117,0
32,31,72,0.3237109738619877,0
32,31,73,-0.4274423876464813,0
32,31,74,0.05916360322416745,0
32,31,75,0.3404358875859955,0
32,31,76,0.5968459982968096,0
32,31,77,-0.2176759551395958,0
32,31,78,-0.3997233888614377,0
32,31,79,-0.5340330008679393,0
32,31,80,-0.118471646110457,0
32,31,81,0.1553989120401507,0
32,31,82,0.07130387632378278,0
32,31,83,0.6643954468414799,0
32,31,84,-0.3525634930152942,0
32,31,85,-0.4337086272054125,0
32,31,86,0.479824008351828,0
32,31,87,0.1565474030088241,0
32,31,88,0.2130964847130016,0
32,31,89,-0.620740685036436,0
32,31,90,-0.5042900735001172,0
32,31,91,0.08711509728918854,0
32,31,92,0.4097815379944479,0
32,31,93,-0.4454339256107796,0
32,31,94,0.7310610199493992,0
32,31,95,-0.1425767795222685,0
32,31,96,-0.2082881679176228,0
32,31,97,0.6023788261115546,0
32,31,98,0.1015768982524517,0
32,31,99,0.01198881993814575,0
32,31,100,-0.12470158883505,0
32,31,101,0.2468927750835207,0
32,31,102,0.132818245000454,0
32,31,103,-0.01754431896051445,0
32,31,104,-0.4372565950777965,0
32,31,105,-0.2051717212741482,0
32,31,106,0.2573625258302844,0
32,31,107,0.0217026701006164,0
32,31,108,-0.3223075078296407,0
32,31,109,0.08504244155434465,0
32,31,110,0.2965626950990905,0
32,31,111,0.4459644305547955,0
32,31,112,0.378358581310431,0
32,31,113,-0.3746073785726797,0
32,31,114,-1,0
32,31,115,0.6514682627640175,0
32,31,116,-0.607221879950974,0
32,31,117,0.7474660849006749,0
32,31,118,0.5156916561333874,0
32,31,119,-0.1662806878930761,0
32,31,120,0.3682600234250311,0
32,31,121,-0.5185978839383998,0
32,31,122,0.568461836220105,0
32,31,123,-0.6839485398761284,0
32,31,124,0.2312479417675818,0
32,31,125,-0.685675851627715,0
32,31,126,-0.5464501409544953,0
32,31,127,0.4299785609105842,0
32,31,128,0.1716627331738404,0
32,31,129,0.2542847748485877,0
32,31,130,0.4521057090186796,0
32,31,131,-0.6362735371359102,0
32,31,132,-0.1378203895655064,0
32,31,133,0.01980573176233423,0
32,31,134,-0.2967217222294816,0
32,31,135,-0.001382730636840481,0
32,31,136,-0.00166847776655595,0
32,31,137,-0.0009725632062880551,0
32,31,138,0.001390091345614535,0
32,31,139,-6.846097632636786e-05,0
32,31,140,-0.0002256613991639471,0
32,31,141,-0.000800588461301176,0
32,31,142,0.001087798405135674,0
32,31,143,0.0004711527225815779,0
32,31,144,-0.0008598262386452535,0
32,31,145,0.001616483633903971,0
32,31,146,0.001550929183905979,0
32,31,147,0.002170597397697957,0
32,31,148,-0.00125621251792588,0
32,31,149,-0.0005151435306088613,0
32,31,150,0.001014340908427453,0
32,31,151,0.0007258446306492454,0
32,31,152,-0.000511256499433704,0
32,31,153,0.001228369418946387,0
32,31,154,9.600857739073149e-05,0
32,31,155,-0.001441040353037602,0
32,31,156,-0.002104741345380819,0
32,31,157,-0.001324699473114066,0
32,31,158,0.001065835035262308,0
32,31,159,0.0006167507459339543,0
32,31,160,-0.001713279091943489,0
32,31,161,-0.0006199782926998127,0
32,31,162,0.000390901542831325,0
32,31,163,-0.0002924681530277906,0
32,31,164,-0.0003548394049133724,0
32,31,165,0.0007637886387788724,0
32,31,166,0.001529197496473256,0
32,31,167,0.0005631585932529152,0
32,31,168,-0.0002902119530270087,0
32,31,169,-0.001763868956512421,0
32,31,170,0.0007008659546825739,0
33,32,0,0.6162720669791171,0
33,32,1,-0.1797911586601203,0
33,32,2,-0.4245493010264511,0
33,32,3,-0.1061453465097464,0
33,32,4,-0.6326369835057277,0
33,32,5,0.4827939431349004,0
33,32,6,0.1059581660414344,0
33,32,7,0.2075703936296577,0
33,32,8,-0.4093928667133193,0
33,32,9,0.3824870677334954,0
33,32,10,-0.4037045247736886,0
33,32,11,0.0693482748167308,0
33,32,12,0.7304039903030455,0
33,32,13,-0.7464023995254288,0
33,32,14,-0.04167083645962603,0
33,32,15,0.1842469632102141,0
33,32,16,-0.7693574663290607,0
33,32,17,0.2683044452140748,0
33,32,18,-0.184164694397124,0
33,32,19,0.07891799995467197,0
33,32,20,-0.1362150045963224,0
33,32,21,-0.6357601483526237,0
33,32,22,0.537199358715734,0
33,32,23,0.09447544412227028,0
33,32,24,0.2872982973456589,0
33,32,25,0.4694215598437314,0
33,32,26,-0.3459392798707405,0
33,32,27,-0.485885853282173,0
33,32,28,0.4465019185176294,0
33,32,29,-0.4479353666864366,0
33,32,30,0.7726267407889483,0
33,32,31,-0.4120426914190901,0
33,32,32,-0.07297111668078655,0
33,32,33,-0.0181707135071597,0
33,32,34,0.1575130260738504,0
33,32,35,-0.2148270789573643,0
33,32,36,0.5876641998901901,0
33,32,37,-0.2610557599912459,0
33,32,38,-0.1454996900894641,0
33,32,39,0.02347151437803497,0
33,32,40,0.4113295687811928,0
33,32,41,-0.5609890959663771,0
33,32,42,0.5714432704116782,0
33,32,43,-0.01027128821605679,0
33,32,44,-0.3626072310347479,0
33,32,45,0.5999709662175855,0
33,32,46,-0.193619971128726,0
33,32,47,-0.1084723654410548,0
33,32,48,0.516561595331423,0
33,32,49,-0.1654187086185752,0
33,32,50,0.4453796212584725,0
33,32,51,-0.3614111576976148,0
33,32,52,0.07828533166682165,0
33,32,53,0.1307351295643685,0
33,32,54,-0.2951984417515746,0
33,32,55,0.1835725293122286,0
33,32,56,-0.4181772126055253,0
33,32,57,0.08651170582339071,0
33,32,58,-0.1646970131984921,0
33,32,59,0.3680173593993626,0
33,32,60,-0.07833310245741056,0
33,32,61,0.534911573346596,0
33,32,62,-0.4251563214168711,0
33,32,63,0.1368417186957044,0
33,32,64,-0.2122301864170661,0
33,32,65,-0.2152128576680161,0
33,32,66,0.2984194159839978,0
33,32,67,0.7441395093048866,0
33,32,68,-0.3568102330102754,0
33,32,69,-0.4290502038689751,0
33,32,70,0.06485040445737018,0
33,32,71,-0.6952494247290978,0
33,32,72,0.1732901612343699,0
33,32,73,0.4824805974199759,0
33,32,74,-0.1355765284835188,0
33,32,75,-0.3226890900799291,0
33,32,76,0.055283879542706,0
33,32,77,-0.6229802993180245,0
33,32,78,0.5232418295035127,0
33,32,79,0.05525559040777461,0
33,32,80,0.007938333298197695,0
33,32,81,-0.1441355176049618,0
33,32,82,-0.2791369660215302,0
33,32,83,0.0610499765892259,0
33,32,84,0.01105683258800724,0
33,32,85,0.3511406963867088,0
33,32,86,-0.3501690771534436,0
33,32,87,0.04721800529204036,0
33,32,88,-0.02170655673120525,0
33,32,89,0.06335727322140089,0
33,32,90,0.1050581669269428,0
33,32,91,-0.1630598160161191,0
33,32,92,0.02484315307346781,0
33,32,93,-0.1638742739933734,0
33,32,94,-0.05293802270969022,0
33,32,95,-0.1223384236869824,0
33,32,96,-0.3569967806909016,0
33,32,97,0.6825491858380549,0
33,32,98,-0.1690752748481778,0
33,32,99,-0.5990314059830213,0
33,32,100,0.315147715698129,0
33,32,101,0.4477460886373902,0
33,32,102,-0.2093304136666549,0
33,32,103,1,0
33,32,104,-0.3792173145128159,0
33,32,105,-0.07792953106968968,0
33,32,106,-0.2903343711268564,0
33,32,107,0.3727999605864874,0
33,32,108,-0.05677638543292193,0
33,32,109,0.5250961191129979,0
33,32,110,-0.5254533011885512,0
33,32,111,-0.05192337907441621,0
33,32,112,-0.1537307362405924,0
33,32,113,0.3011452452754954,0
33,32,114,0.2547300019893295,0
33,32,115,-0.012484042874523,0
33,32,116,0.06060786160792031,0
33,32,117,-0.07525723088942464,0
33,32,118,-0.09707528460170577,0
33,32,119,0.008942508278450896,0
33,32,120,-0.196970983708879,0
33,32,121,0.2504883079054014,0
33,32,122,0.2278202532645875,0
33,32,123,0.07001329634308275,0
33,32,124,0.8181230728197736,0
33,32,125,-0.968677068108402,0
33,32,126,0.1727424467885675,0
33,32,127,-0.4723545086463893,0
33,32,128,0.3717324374859701,0
33,32,129,-0.6733419556843403,0
33,32,130,-0.377841614501541,0
33,32,131,0.3023893519733462,0
33,32,132,0.4008993672091403,0
33,32,133,-0.2153164478917384,0
33,32,134,-0.2776216415874992,0
33,32,135,0.0007759939433218723,0
33,32,136,-0.001323210024568809,0
33,32,137,-0.0008807233823391559,0
33,32,138,-0.002303927027258708,0
33,32,139,-0.0005237323551401043,0
33,32,140,0.000147484632144072,0
33,32,141,-8.809283636434265e-05,0
33,32,142,-0.001350450225359707,0
33,32,143,-0.0001457178479802602,0
33,32,144,0.0008000419919663611,0
33,32,145,-0.001161803719596413,0
33,32,146,0.0004470746673571832,0
33,32,147,0.001675075110999546,0
33,32,148,0.002024659148534373,0
33,32,149,8.303748666336145e-05,0
33,32,150,-0.001216323535600857,0
33,32,151,-0.000484269490121467,0
33,32,152,0.001192283329427091,0
33,32,153,-0.0008716452054820541,0
33,32,154,-0.0001446463840023444,0
33,32,155,0.0005796583108775788,0
33,32,156,0.0001063367035879743,0
33,32,157,-0.002245636269112853,0
33,32,158,-0.001189307504878205,0
33,32,159,-0.0002893293144355469,0
33,32,160,0.001963641455063956,0
33,32,161,5.457009488327745e-05,0
33,32,162,0.0001445646529940161,0
33,32,163,0.001274259315609825,0
33,32,164,-9.431516251198241e-05,0
33,32,165,0.0006441979858786103,0
33,32,166,5.523076656114733e-05,0
33,32,167,0.002390646723099383,0
33,32,168,0.001051534148611813,0
33,32,169,0.0008431346266121525,0
33,32,170,-0.001138128291746268,0
34,33,0,0.2337554270024048,0
34,33,1,-0.4048170148774489,0
34,33,2,0.4057133555321648,0
34,33,3,0.747157981833775,0
34,33,4,-0.5622474538801403,0
34,33,5,-0.2007857522162739,0
34,33,6,0.5033425294986887,0
34,33,7,-1,0
34,33,8,0.2238342011252834,0
34,33,9,-0.3781518661883733,0
34,33,10,-0.1526373424155531,0
34,33,11,0.09141358333272354,0
34,33,12,0.08587167224090622,0
34,33,13,0.4265437436099435,0
34,33,14,-0.4244788908335805,0
34,33,15,0.07955619559330881,0
34,33,16,-0.260944141785131,0
34,33,17,0.2620554756821384,0
34,33,18,-0.0168615977423518,0
34,33,19,-0.00307027497033111,0
34,33,20,-0.03644448446254746,0
34,33,21,-0.6966269931507254,0
34,33,22,0.4119933372957071,0
34,33,23,0.1995327549151174,0
34,33,24,0.2354657936338264,0
34,33,25,0.6163846269704621,0
34,33,26,-0.4285220776721102,0
34,33,27,-0.4732659186823946,0
34,33,28,0.465160536933336,0
34,33,29,0.2273347353884118,0
34,33,30,-0.5729408039088463,0
34,33,31,0.3779586609251365,0
34,33,32,-0.6213791513748366,0
34,33,33,0.5087842772531077,0
34,33,34,-0.1256816890675571,0
34,33,35,-0.4980685109514237,0
34,33,36,0.6988513441201147,0
34,33,37,-0.0848106676182208,0
34,33,38,-0.1479848945050567,0
34,33,39,0.5320567921623316,0
34,33,40,-0.2767910395133552,0
34,33,41,0.00195811918705062,0
34,33,42,0.2659115270442154,0
34,33,43,0.1725252988185101,0
34,33,44,0.04399615658004127,0
34,33,45,-0.342729101425307,0
34,33,46,0.3546723461232449,0
34,33,47,-0.05452857507372293,0
34,33,48,0.2111809754324311,0
34,33,49,-0.3006214327756334,0
34,33,50,0.3987782619869644,0
34,33,51,-0.3744772867671096,0
34,33,52,-0.1290148702116207,0
34,33,53,0.1828778421683201,0
34,33,54,-0.212866742797615,0
34,33,55,0.08341376058300519,0
34,33,56,-0.561516757032954,0
34,33,57,0.2207957220662894,0
34,33,58,0.1677247195995211,0
34,33,59,-0.3359895439421879,0
34,33,60,0.03856691957098458,0
34,33,61,-0.140911999647369,0
34,33,62,0.126672965731459,0
34,33,63,-0.2231489901162396,0
34,33,64,0.6938879758713753,0
34,33,65,-0.3180317573941039,0
34,33,66,-0.1488451537266582,0
34,33,67,-0.01260583483993623,0
34,33,68,-0.676837461408031,0
34,33,69,0.6156919536865306,0
34,33,70,0.4416185401085957,0
34,33,71,-0.1934076290359798,0
34,33,72,-0.2917140480782129,0
34,33,73,0.1103857976109224,0
34,33,74,-0.6294788639104965,0
34,33,75,0.02518404205737575,0
34,33,76,-0.2102259183560677,0
34,33,77,0.4026266660637532,0
34,33,78,-0.2842286982058834,0
34,33,79,-0.2104533586532772,0
34,33,80,0.1881094790910698,0
34,33,81,0.3567826118056314,0
34,33,82,-0.2486839822211506,0
34,33,83,0.3332345506869758,0
34,33,84,0.08670001429163063,0
34,33,85,0.1709731772120879,0
34,33,86,-0.1927146789479113,0
34,33,87,-0.03342763591450935,0
34,33,88,0.1877065852575569,0
34,33,89,-0.3411669667580233,0
34,33,90,-0.3288107918850269,0
34,33,91,0.2391239180152588,0
34,33,92,0.1900796344951409,0
34,33,93,-0.08506096901231916,0
34,33,94,0.3826217017439792,0
34,33,95,0.06584661237231304,0
34,33,96,-0.09865290834424566,0
34,33,97,-0.2115980063802423,0
34,33,98,0.06358890410394542,0
34,33,99,-0.2514296178336697,0
34,33,100,0.7073685095550204,0
34,33,101,-0.4936844276948291,0
34,33,102,-0.5481303481506707,0
34,33,103,0.2437196136460161,0
34,33,104,0.4693302583055088,0
34,33,105,0.009946129338219619,0
34,33,106,0.7862534937354189,0
34,33,107,-0.2567267913133132,0
34,33,108,0.4987887726851963,0
34,33,109,-0.7587619983313573,0
34,33,110,0.2949459918015079,0
34,33,111,0.2687593642031622,0
34,33,112,-0.4221504912407508,0
34,33,113,-0.3362329416364529,0
34,33,114,-0.1367163607369234,0
34,33,115,0.01120540564476622,0
34,33,116,-0.2914232184903493,0
34,33,117,0.3956403885529776,0
34,33,118,0.4021434496705261,0
34,33,119,-0.1797641964711525,0
34,33,120,0.3270157502184188,0
34,33,121,-0.5317217172210069,0
34,33,122,-0.02749945848442007,0
34,33,123,-0.2677302476118505,0
34,33,124,-0.1886792031964713,0
34,33,125,0.4127413972131323,0
34,33,126,0.8494019529961515,0
34,33,127,-0.7421433028232636,0
34,33,128,0.182427815862337,0
34,33,129,-0.6087289308619591,0
34,33,130,-0.06488073666011694,0
34,33,131,-0.2831477617468425,0
34,33,132,-0.8217764468124155,0
34,33,133,0.8721466687444244,0
34,33,134,0.6110442613936397,0
34,33,135,-0.001073000273355048,0
34,33,136,0.0008017831184419981,0
34,33,137,0.0001995843196485736,0
34,33,138,-0.0007492010668012268,0
34,33,139,-0.001149769639697936,0
34,33,140,5.047679342205409e-05,0
34,33,141,0.001515969519562461,0
34,33,142,-0.0008712843611586943,0
34,33,143,-0.0003756775253939756,0
34,33,144,0.001729110544149165,0
34,33,145,0.002464127236327789,0
34,33,146,0.0002500960459992453,0
34,33,147,-0.001602537170900521,0
34,33,148,0.0007208805006136334,0
34,33,149,0.001360825489514384,0
34,33,150,-0.0001227881376661363,0
34,33,151,-0.002644979873850961,0
34,33,152,0.0005048725467064819,0
34,33,153,0.001171146419647238,0
34,33,154,-0.001782024305635403,0
34,33,155,-0.001697954127495154,0
34,33,156,-0.0004369744490080464,0
34,33,157,0.001235929979772912,0
34,33,158,-0.001352833054488528,0
34,33,159,-0.001117483195512464,0
34,33,160,-5.559866083581655e-05,0
34,33,161,0.00267849815143007,0
34,33,162,-0.0002209891347754353,0
34,33,163,-0.001167109564545893,0
34,33,164,0.00167100357593377,0
34,33,165,0.0009658478381687276,0
34,33,166,0.0009503904495825577,0
34,33,167,-0.001578224138835335,0
34,33,168,0.0005672716359021176,0
34,33,169,0.001365597386646865,0
34,33,170,0.000823362645394318,0
35,34,0,-0.7319754525550807,0
35,34,1,0.2941684063081375,0
35,34,2,0.4077521882908803,0
35,34,3,-0.3466348700310365,0
35,34,4,1,0
35,34,5,-0.3617404303192864,0
35,34,6,-0.1671015051949208,0
35,34,7,0.2414205377612941,0
35,34,8,0.2085291094960339,0
35,34,9,0.3440467602672596,0
35,34,10,-0.04969302196031003,0
35,34,11,-0.1348970810049287,0
35,34,12,0.608563060987462,0
35,34,13,-0.7323661416813795,0
35,34,14,0.06277242749177084,0
35,34,15,0.06100932278614414,0
35,34,16,-0.582042466606516,0
35,34,17,0.1574589349562224,0
35,34,18,0.2811526095234632,0
35,34,19,-0.07004491528932896,0
35,34,20,-0.3098953227515658,0
35,34,21,-0.8769277952008406,0
35,34,22,0.1504871543329631,0
35,34,23,0.4778273613484328,0
35,34,24,0.1569385810155706,0
35,34,25,0.9789998044696652,0
35,34,26,-0.6214969824893014,0
35,34,27,-0.4889649071329147,0
35,34,28,0.5561016016767022,0
35,34,29,0.500917367542125,0
35,34,30,-0.6480125352437717,0
35,34,31,0.02516025702021734,0
35,34,32,0.4282665096468989,0
35,34,33,-0.3645069249986346,0
35,34,34,-0.2006117694984179,0
35,34,35,0.387009695483517,0
35,34,36,-0.8960189509150016,0
35,34,37,0.2907470980097961,0
35,34,38,-0.1022578093735376,0
35,34,39,-0.01450015508716741,0
35,34,40,-0.1576586161675952,0
35,34,41,-0.4455738463926592,0
35,34,42,0.2958382791809287,0
35,34,43,0.1351891993013549,0
35,34,44,-0.329715831813123,0
35,34,45,0.6111408849323239,0
35,34,46,-0.2321771901986626,0
35,34,47,-0.2804283904599228,0
35,34,48,0.6376247271665966,0
35,34,49,0.09903596338892118,0
35,34,50,0.3749248941866976,0
35,34,51,-0.41814926052071,0
35,34,52,0.008728597423143055,0
35,34,53,0.3388427105672382,0
35,34,54,-0.0302512296945148,0
35,34,55,-0.1778001680037626,0
35,34,56,-0.9631594019338211,0
35,34,57,0.510157492343327,0
35,34,58,-0.2129853558992134,0
35,34,59,0.06539220045654122,0
35,34,60,0.1091278606433647,0
35,34,61,-0.6679709804087337,0
35,34,62,0.7441167812687407,0
35,34,63,0.1150201165831181,0
35,34,64,-0.1316624309707674,0
35,34,65,0.5151011858308057,0
35,34,66,-0.1232227124400046,0
35,34,67,-0.4407690289512119,0
35,34,68,0.4734300493690647,0
35,34,69,0.08325212314305852,0
35,34,70,0.4811986081320608,0
35,34,71,0.01313394294389137,0
35,34,72,-0.2349497641462692,0
35,34,73,0.1183097518682707,0
35,34,74,-0.5171240552073642,0
35,34,75,0.332923033299814,0
35,34,76,0.5581395750632575,0
35,34,77,-0.4836583214823291,0
35,34,78,-0.1936984144444069,0
35,34,79,-0.1304757075721239,0
35,34,80,-0.4793479052721653,0
35,34,81,0.1599060987035983,0
35,34,82,-0.3869176093685568,0
35,34,83,0.6352869111454323,0
35,34,84,-0.1124391861051164,0
35,34,85,-0.0127404898226619,0
35,34,86,-0.02327265887068095,0
35,34,87,0.02095945855746083,0
35,34,88,-0.4325186247027007,0
35,34,89,0.6013000406278459,0
35,34,90,0.6215670063165211,0
35,34,91,-0.231380588210214,0
35,34,92,-0.4904884089260728,0
35,34,93,0.3314701552838404,0
35,34,94,-0.805601519431881,0
35,34,95,0.2572277470625102,0
35,34,96,0.2801164608872651,0
35,34,97,-0.4632747906683932,0
35,34,98,-0.1045495371774567,0
35,34,99,0.008558353363183044,0
35,34,100,-0.1038313153743373,0
35,34,101,0.03689160551901676,0
35,34,102,-0.2264316301282611,0
35,34,103,-0.1043345718065034,0
35,34,104,0.1166434978449109,0
35,34,105,-0.3050299074108945,0
35,34,106,0.7576266322567792,0
35,34,107,-0.2948912023903471,0
35,34,108,-0.4034455502422586,0
35,34,109,0.2292510726068822,0
35,34,110,0.3386707911800486,0
35,34,111,0.4195671583633876,0
35,34,112,0.3543734553782147,0
35,34,113,-0.4148542600927315,0
35,34,114,-0.6930267361673136,0
35,34,115,0.5542856635519039,0
35,34,116,0.4610450868002388,0
35,34,117,-0.6855245067891029,0
35,34,118,-0.7288754741483159,0
35,34,119,0.4852718796154311,0
35,34,120,-0.2888210278599962,0
35,34,121,0.584355910322243,0
35,34,122,-0.4378627886624205,0
35,34,123,0.6002424392362026,0
35,34,124,-0.09739727666230925,0
35,34,125,0.3824679104645424,0
35,34,126,0.1048342917636177,0
35,34,127,-0.07188862364644395,0
35,34,128,0.1326708485489024,0
35,34,129,0.005189947013941138,0
35,34,130,0.5870167159594951,0
35,34,131,-0.7998910331662757,0
35,34,132,-0.1443055110130876,0
35,34,133,-0.06755801816545386,0
35,34,134,-0.2507167509498187,0
35,34,135,0.0001586249714323286,0
35,34,136,0.000499614876106893,0
35,34,137,-0.0006842355703078066,0
35,34,138,5.334885499696096e-05,0
35,34,139,-0.0002997285079110082,0
35,34,140,-0.0002125487230288283,0
35,34,141,0.000244177185425467,0
35,34,142,-0.0009504212907619271,0
35,34,143,-0.0002519673787919948,0
35,34,144,-0.002040164544399796,0
35,34,145,-0.0009813865665693445,0
35,34,146,-0.0005246927797158993,0
35,34,147,0.00077129724641579,0
35,34,148,0.0008831955010281434,0
35,34,149,1.096829912564559e-05,0
35,34,150,0.0005257029858391159,0
35,34,151,-0.001315093755749451,0
35,34,152,0.0005275137184788196,0
35,34,153,-0.000820075835263765,0
35,34,154,0.001727369012783543,0
35,34,155,0.001030425237347785,0
35,34,156,0.0004735567464519199,0
35,34,157,-0.0002589602879800294,0
35,34,158,-0.0006080771875700433,0
35,34,159,6.540616646409503e-05,0
35,34,160,-0.001174318404467971,0
35,34,161,0.0006163672552787976,0
35,34,162,-0.0003255516766856944,0
35,34,163,0.0002843293490719168,0
35,34,164,-0.0007778910774247358,0
35,34,165,-0.001000672562512941,0
35,34,166,-6.351055564520485e-06,0
35,34,167,-0.0002030953978109072,0
35,34,168,0.0001772072637561918,0
35,34,169,-0.001047860624772956,0
35,34,170,0.0002952201212439546,0
36,35,0,0.1431922651342645,0
36,35,1,0.1684556735909351,0
36,35,2,-0.4537592582629416,0
36,35,3,-0.190377533799488,0
36,35,4,-0.1263296837022088,0
36,35,5,0.252957712606465,0
36,35,6,-0.1488372116782293,0
36,35,7,0.3596429070244645,0
36,35,8,-0.1426199465250393,0
36,35,9,-0.5367010577273024,0
36,35,10,0.3841866482838666,0
36,35,11,0.2186926944935649,0
36,35,12,0.1019819438314933,0
36,35,13,0.500855932829444,0
36,35,14,-0.2797238141976411,0
36,35,15,0.2411995562063392,0
36,35,16,-0.4048281058306389,0
36,35,17,0.2251008215469296,0
36,35,18,0.5596425591434314,0
36,35,19,-0.5201186554191308,0
36,35,20,-0.2087204637457515,0
36,35,21,-0.6653195810856701,0
36,35,22,-0.1871121297735664,0
36,35,23,0.3751588968742457,0
36,35,24,-0.02491245461992238,0
36,35,25,0.9326921609228432,0
36,35,26,-0.5202696140978531,0
36,35,27,-0.2640898485420673,0
36,35,28,0.4077424183465193,0
36,35,29,-0.3982600303011076,0
36,35,30,0.5105033644019129,0
36,35,31,0.1405568095368721,0
36,35,32,0.1873681050221139,0
36,35,33,-0.05256425042274421,0
36,35,34,0.102410254553372,0
36,35,35,0.07712672936896502,0
36,35,36,-0.07972504799716096,0
36,35,37,-0.05293819173587788,0
36,35,38,0.4565251347317337,0
36,35,39,-0.5182813573995024,0
36,35,40,-0.09645567392617906,0
36,35,41,0.1695713041122145,0
36,35,42,-0.3051239786716795,0
36,35,43,-0.00327592410305234,0
36,35,44,-0.08756409728870654,0
36,35,45,-0.2970331630486261,0
36,35,46,0.1745415894583342,0
36,35,47,-0.4889607320284815,0
36,35,48,0.7185797989060593,0
36,35,49,-0.1080059251185948,0
36,35,50,0.02003230182529288,0
36,35,51,0.09479854210180851,0
36,35,52,-0.005036433718202959,0
36,35,53,0.398582064389458,0
36,35,54,0.1488884583970763,0
36,35,55,-0.1797202395514513,0
36,35,56,-1,0
36,35,57,0.5645305252854286,0
36,35,58,0.3713656080367307,0
36,35,59,-0.2142472757785205,0
36,35,60,-0.2348458450216007,0
36,35,61,0.2719225743135025,0
36,35,62,-0.5542001739666436,0
36,35,63,-0.04584747619613848,0
36,35,64,-0.2998114824263461,0
36,35,65,0.03216777439094821,0
36,35,66,0.01310181939491806,0
36,35,67,-0.2217739800717743,0
36,35,68,0.5057819423647612,0
36,35,69,-0.07066135440976179,0
36,35,70,-0.4394687864676417,0
36,35,71,0.3781402744079237,0
36,35,72,0.2801645568050221,0
36,35,73,0.1196598096522738,0
36,35,74,0.323287307721117,0
36,35,75,-0.270201146112709,0
36,35,76,0.1697379679121951,0
36,35,77,-0.233903949867062,0
36,35,78,0.05879456911026421,0
36,35,79,0.3470385455127958,0
36,35,80,-0.4189604514537297,0
36,35,81,-0.0396307280473029,0
36,35,82,-0.2759734254823534,0
36,35,83,-0.03814417677965771,0
36,35,84,0.2154227850274438,0
36,35,85,0.02183813494760969,0
36,35,86,-0.2599517464844668,0
36,35,87,-0.1882127503116829,0
36,35,88,0.6396377560301456,0
36,35,89,-0.5637037898149901,0
36,35,90,-0.5642991650698208,0
36,35,91,0.2603658737438948,0
36,35,92,0.5120060448897981,0
36,35,93,0.05316434647391011,0
36,35,94,0.5899674171684498,0
36,35,95,-0.3065781394453256,0
36,35,96,0.2704597568839818,0
36,35,97,-0.3245015331803761,0
36,35,98,0.2266593906634642,0
36,35,99,0.5117168282321647,0
36,35,100,-0.6803595816189959,0
36,35,101,-0.1416297981005196,0
36,35,102,0.03848654506357987,0
36,35,103,-0.2531496741085713,0
36,35,104,-0.04536575721283074,0
36,35,105,-0.1603911430089754,0
36,35,106,-0.06278150017831166,0
36,35,107,0.153888404331031,0
36,35,108,-0.2299520623762866,0
36,35,109,0.4285879695479435,0
36,35,110,-0.0737460236731106,0
36,35,111,-0.01208038268961293,0
36,35,112,0.06314716928669381,0
36,35,113,-0.001495307832874878,0
36,35,114,0.2052326994145976,0
36,35,115,-0.04510081795846678,0
36,35,116,-0.3122896527644609,0
36,35,117,0.5885517797364015,0
36,35,118,0.8233858936642121,0
36,35,119,-0.7104599747964878,0
36,35,120,0.09379119251035647,0
36,35,121,-0.4967561033869445,0
36,35,122,0.02960507117205059,0
36,35,123,-0.2348463835909519,0
36,35,124,-0.5878353823957939,0
36,35,125,0.5063057781417052,0
36,35,126,-0.3362979438164204,0
36,35,127,0.7329742137663376,0
36,35,128,0.1856783095493077,0
36,35,129,0.03013680998145082,0
36,35,130,0.1417981134660065,0
36,35,131,-0.2215671505795411,0
36,35,132,0.1367605102067914,0
36,35,133,-0.2420644596334289,0
36,35,134,-0.08733818847317329,0
36,35,135,-0.0002490626395009269,0
36,35,136,-0.0004354232576103165,0
36,35,137,0.0007781337909957153,0
36,35,138,-0.0003702506198693645,0
36,35,139,-0.00027937285611494,0
36,35,140,-0.0001419889387678377,0
36,35,141,0.001173756860037714,0
36,35,142,-0.000821056994204355,0
36,35,143,-0.001050700779846876,0
36,35,144,0.0006227482582965007,0
36,35,145,0.0001494410302380419,0
36,35,146,-6.745434368615357e-05,0
36,35,147,-0.001426605630976406,0
36,35,148,-0.0003988445277830736,0
36,35,149,0.0004727683249779736,0
36,35,150,0.0003177278241174612,0
36,35,151,-0.001719399025408938,0
36,35,152,0.0002772083187184828,0
36,35,153,0.0008939876891395426,0
36,35,154,-0.001044801830889922,0
36,35,155,-0.0006278620079030864,0
36,35,156,-9.829242178836636e-05,0
36,35,157,0.001304126994258864,0
36,35,158,0.0006960366101434574,0
36,35,159,-0.0006152331175596385,0
36,35,160,-0.0002250462777609368,0
36,35,161,0.001111192966197053,0
36,35,162,8.413036714807848e-05,0
36,35,163,-0.001033298480422386,0
36,35,164,4.287807665652675e-05,0
36,35,165,0.0005997429785887199,0
36,35,166,0.0002112066164493574,0
36,35,167,-0.0005153907397887222,0
36,35,168,-0.0003384177313994626,0
36,35,169,0.0002811366807261204,0
36,35,170,-7.136230983856954e-07,0
37,37,0,0.02583775935908618,0
37,37,1,-0.07178557223949399,0
37,37,2,0.08323106934198143,0
37,37,3,0.1343960152017161,0
37,37,4,-0.07354931495590113,0
37,37,5,-0.05265646415518734,0
37,37,6,-0.7073302683351247,0
37,37,7,0.2590214307948489,0
37,37,8,0.2976146261292473,0
37,37,9,0.242144682573709,0
37,37,10,0.6840765437848145,0
37,37,11,-0.4839323388569455,0
37,37,12,0.408594686353375,0
37,37,13,-0.7526937503086385,0
37,37,14,0.3433298821888573,0
37,37,15,0.3125869298451842,0
37,37,16,-0.4630492176921207,0
37,37,17,-0.1351028334478024,0
37,37,18,-0.6947623130207786,0
37,37,19,0.1463659666605618,0
37,37,20,0.2351270602271242,0
37,37,21,0.1362113238116733,0
37,37,22,0.7996723995532974,0
37,37,23,-0.405381007233462,0
37,37,24,0.2394029778165543,0
37,37,25,-0.5877566467993059,0
37,37,26,0.3538239909446568,0
37,37,27,-0.1270390466504338,0
37,37,28,-0.1184889782669513,0
37,37,29,-0.02205586233307577,0
37,37,30,-0.2368892295040842,0
37,37,31,0.3442466343417083,0
37,37,32,-0.0575003743522074,0
37,37,33,0.207150236450303,0
37,37,34,-0.1608798203166319,0
37,37,35,0.3172275731942545,0
37,37,36,-0.3718916101441999,0
37,37,37,-0.1289344138788971,0
37,37,38,0.2413015918148583,0
37,37,39,-0.06773159388221009,0
37,37,40,-0.0704295557442049,0
37,37,41,-0.3169964859747942,0
37,37,42,-0.4587163132810425,0
37,37,43,0.5049721674794302,0
37,37,44,-0.3821367311671044,0
37,37,45,0.9988410359733867,0
37,37,46,-0.5110766953443483,0
37,37,47,0.1282683937674597,0
37,37,48,-0.1140998397803715,0
37,37,49,0.1475923248460131,0
37,37,50,0.4453976839243118,0
37,37,51,-0.04854479248165677,0
37,37,52,-0.1505572748850593,0
37,37,53,-0.3093172081104189,0
37,37,54,-0.7474299639708297,0
37,37,55,0.5205395735077714,0
37,37,56,0.8946372909279754,0
37,37,57,-0.7229931127033361,0
37,37,58,0.3230010641569619,0
37,37,59,-0.1607144977051839,0
37,37,60,-0.485883038278324,0
37,37,61,-0.1614072830221812,0
37,37,62,-0.09339950766944746,0
37,37,63,0.006651869702439483,0
37,37,64,-0.1617756429031506,0
37,37,65,0.2925829123186904,0
37,37,66,0.07693659398280493,0
37,37,67,-0.3272771205943383,0
37,37,68,0.3370778890567973,0
37,37,69,0.2529845893076896,0
37,37,70,0.2778209435278798,0
37,37,71,-0.09873457686885036,0
37,37,72,-0.2975510769171049,0
37,37,73,0.05504136999589724,0
37,37,74,0.07277484923009556,0
37,37,75,-0.08056302180202321,0
37,37,76,0.2592175143278966,0
37,37,77,-0.6058323550213208,0
37,37,78,0.2883424975817237,0
37,37,79,-0.3126616948865857,0
37,37,80,0.2349407430777805,0
37,37,81,-0.02701982295633498,0
37,37,82,-0.02548992974085004,0
37,37,83,-0.01631834680778456,0
37,37,84,-0.166767650003349,0
37,37,85,0.6332244340514586,0
37,37,86,-0.121818823875015,0
37,37,87,-0.3822796420083464,0
37,37,88,0.9827631018818765,0
37,37,89,-0.5583991075006833,0
37,37,90,-0.269298852879736,0
37,37,91,0.0963064622073047,0
37,37,92,0.6020820767814268,0
37,37,93,0.4407940254395781,0
37,37,94,0.08162510471485096,0
37,37,95,-0.3203346098369694,0
37,37,96,0.2931576102133697,0
37,37,97,-0.8289761426467349,0
37,37,98,0.1121015857939648,0
37,37,99,-0.1088365772901393,0
37,37,100,0.1444754911891459,0
37,37,101,-0.2125583302543823,0
37,37,102,-0.2780081803500913,0
37,37,103,0.1353638718166216,0
37,37,104,0.3187650825999105,0
37,37,105,0.1059035918944286,0
37,37,106,0.1179871005365478,0
37,37,107,-0.1855619082157469,0
37,37,108,-0.1627528818711124,0
37,37,109,0.06295077454703575,0
37,37,110,-0.01405869329938651,0
37,37,111,0.1554234636710517,0
37,37,112,0.1265185782042338,0
37,37,113,-0.06304376071264566,0
37,37,114,-0.2571482436560171,0
37,37,115,0.3093165988537084,0
37,37,116,-0.1378332139118312,0
37,37,117,0.4811915616079636,0
37,37,118,0.9010774914252285,0
37,37,119,-1,0
37,37,120,-0.3568728617166336,0
37,37,121,-0.2092668579230626,0
37,37,122,-0.4058998928899695,0
37,37,123,0.5193179462708725,0
37,37,124,-0.2200671261179601,0
37,37,125,0.6386995635253404,0
37,37,126,0.4845457910938712,0
37,37,127,-0.4150617555304755,0
37,37,128,-0.08575909152502531,0
37,37,129,-0.2108147145344886,0
37,37,130,-0.0262176266811477,0
37,37,131,0.09628969358526954,0
37,37,132,0.1281640476162596,0
37,37,133,-0.03547267446433096,0
37,37,134,-0.3216509013241363,0
37,37,135,2.705007439456948e-05,0
37,37,136,0.001321514390215656,0
37,37,137,-0.0005920487850542242,0
37,37,138,-0.0008046170579767396,0
37,37,139,6.00354582783476e-06,0
37,37,140,0.00192181762822282,0
37,37,141,-0.001476646291532555,0
37,37,142,-0.0007297048452701995,0
37,37,143,0.0009705664428853127,0
37,37,144,0.001723832299151021,0
37,37,145,0.0003465356890212077,0
37,37,146,-0.001830858108631489,0
37,37,147,0.0005930231857840715,0
37,37,148,0.001598307825677271,0
37,37,149,0.0002105213865234323,0
37,37,150,-0.00153359202539468,0
37,37,151,0.001811510892884166,0
37,37,152,0.001072578826405907,0
37,37,153,0.0007617984130035638,0
37,37,154,-0.002286866040511265,0
37,37,155,5.186228907133253e-05,0
37,37,156,0.001892374204818714,0
37,37,157,0.00039716103067282,0
37,37,158,-0.001250964006915551,0
37,37,159,0.0005693521701384663,0
37,37,160,0.001555203612257452,0
37,37,161,-0.001647331675741735,0
37,37,162,-0.0009874465976650241,0
37,37,163,-0.001269508241751523,0
37,37,164,0.001631157382808285,0
37,37,165,0.0004614001305328532,0
37,37,166,-0.0007362666763054831,0
37,37,167,-0.00069386879491492,0
37,37,168,0.000859712171728157,0
37,37,169,-0.0005527694421322587,0
37,37,170,-0.001349026485714486,0
38,36,0,0.778332472664613,0
38,36,1,-0.8361675104679375,0
38,36,2,0.3513486806695146,0
38,36,3,0.1507451239928741,0
38,36,4,-0.8076602753831759,0
38,36,5,0.1263406760717346,0
38,36,6,-0.5070039657718616,0
38,36,7,0.3414343291730098,0
38,36,8,-0.1059561486206499,0
38,36,9,-0.115223493972035,0
38,36,10,0.5925821387596855,0
38,36,11,-0.174919527111254,0
38,36,12,0.4657431016963366,0
38,36,13,-0.2991006376539788,0
38,36,14,0.0453852939486699,0
38,36,15,-0.5249250893247249,0
38,36,16,-0.2061931322888657,0
38,36,17,0.3808637081221117,0
38,36,18,0.2963674392991241,0
38,36,19,0.6046471921613524,0
38,36,20,-0.5442587178935919,0
38,36,21,0.2942810318915453,0
38,36,22,-0.7856642834414606,0
38,36,23,0.3396103871310052,0
38,36,24,-0.2666529500177831,0
38,36,25,0.02829242796753055,0
38,36,26,-0.05689438519107107,0
38,36,27,0.3617635221879179,0
38,36,28,-0.156440397032848,0
38,36,29,-0.003552922474289976,0
38,36,30,-0.2260783916707373,0
38,36,31,0.05736427990401606,0
38,36,32,-0.7018806761264812,0
38,36,33,0.5567273467192917,0
38,36,34,-0.1626629228747338,0
38,36,35,0.2355780849413051,0
38,36,36,0.6531488475171751,0
38,36,37,-0.4012496927321594,0
38,36,38,0.2376158787630184,0
38,36,39,-0.5848807392198191,0
38,36,40,0.5200156521605668,0
38,36,41,-0.07621005206144146,0
38,36,42,-0.1332431790645844,0
38,36,43,0.05199029796591631,0
38,36,44,0.0292126763355047,0
38,36,45,-0.06367492954771792,0
38,36,46,-0.3082902150952654,0
38,36,47,0.1782470634548116,0
38,36,48,0.3358452620193496,0
38,36,49,-0.1379571859287897,0
38,36,50,-0.4607503462994615,0
38,36,51,-0.4888874118618372,0
38,36,52,0.6983214497601586,0
38,36,53,0.1128956698135781,0
38,36,54,0.9092608167163633,0
38,36,55,-0.7603064893074953,0
38,36,56,-0.4188911815470273,0
38,36,57,0.5582472001129049,0
38,36,58,-0.009290340019315207,0
38,36,59,0.1322275999252442,0
38,36,60,-0.2583099611070934,0
38,36,61,0.05565035739121692,0
38,36,62,-0.03707237165321003,0
38,36,63,0.03777743013143103,0
38,36,64,0.3390508728100453,0
38,36,65,-0.130733734575203,0
38,36,66,0.1634492117963732,0
38,36,67,-0.0942370193796507,0
38,36,68,-0.7129188097179006,0
38,36,69,0.3405935856709791,0
38,36,70,0.02341271113705165,0
38,36,71,0.5247655421500835,0
38,36,72,-0.7951754180471616,0
38,36,73,-0.3287958408778352,0
38,36,74,0.1032192408282236,0
38,36,75,0.4187998214125214,0
38,36,76,0.06701264739215268,0
38,36,77,0.3503153985344451,0
38,36,78,0.1079131452160934,0
38,36,79,0.2347070070790281,0
38,36,80,-0.7748485596318972,0
38,36,81,-0.06198541654700349,0
38,36,82,0.08441354749964891,0
38,36,83,0.5727759718497144,0
38,36,84,-0.4583888835924113,0
38,36,85,-0.9745988958535464,0
38,36,86,0.6464742783110462,0
38,36,87,-0.151118579086798,0
38,36,88,0.3966205121014054,0
38,36,89,-0.1743120610914662,0
38,36,90,0.04025306666902333,0
38,36,91,-0.08097148907494271,0
38,36,92,0.2290968375199925,0
38,36,93,0.05947208207623456,0
38,36,94,-0.05744465262568969,0
38,36,95,-0.09869525008727444,0
38,36,96,-0.1856513458105041,0
38,36,97,-0.06064010668452102,0
38,36,98,-0.1522942359367309,0
38,36,99,-0.3948197381440193,0
38,36,100,0.9635952932366104,0
38,36,101,-0.01616814526131404,0
38,36,102,0.4389063061313151,0
38,36,103,-0.5750154121999826,0
38,36,104,0.4391878668665311,0
38,36,105,0.3807624866842036,0
38,36,106,-0.4253175414436665,0
38,36,107,-0.4552125698962767,0
38,36,108,-0.5386867772778292,0
38,36,109,-0.03761641705294468,0
38,36,110,0.1742660506214228,0
38,36,111,-0.1100782078970904,0
38,36,112,1,0
38,36,113,-0.08898236858616955,0
38,36,114,-0.7106017318667731,0
38,36,115,0.4728031271718309,0
38,36,116,-0.003828224212704553,0
38,36,117,0.1198085175286629,0
38,36,118,0.2839545426387647,0
38,36,119,-0.3668324080506785,0
38,36,120,-0.2430149516081875,0
38,36,121,0.03003770826607224,0
38,36,122,-0.1069984506336713,0
38,36,123,0.3555840552137288,0
38,36,124,0.5039306620712076,0
38,36,125,-0.2933362065038668,0
38,36,126,0.3001967800755253,0
38,36,127,-0.9249903871595865,0
38,36,128,-0.9104297297898738,0
38,36,129,0.877824162831251,0
38,36,130,0.202586631343762,0
38,36,131,0.4931604177310447,0
38,36,132,0.5829149408595469,0
38,36,133,-0.5963518048249726,0
38,36,134,-0.8702670980894457,0
38,36,135,0.001708862063224891,0
38,36,136,0.002097564235192571,0
38,36,137,-0.001122721102416511,0
38,36,138,-0.001913616530111233,0
38,36,139,0.0010693057072159,0
38,36,140,-6.744626572550737e-05,0
38,36,141,-0.0008472105021126893,0
38,36,142,0.0005862271284574482,0
38,36,143,0.0005375150661705649,0
38,36,144,0.002813459737012895,0
38,36,145,-0.0008818658298064459,0
38,36,146,-0.002031706017699412,0
38,36,147,0.0007027604898342047,0
38,36,148,0.002298890583028458,0
38,36,149,-0.002240531070556958,0
38,36,150,0.0004268652331813517,0
38,36,151,0.001106485390399839,0
38,36,152,-0.000796270626477162,0
38,36,153,-0.0002670168278624659,0
38,36,154,-0.002407670850046113,0
38,36,155,0.001373053156979597,0
38,36,156,0.001611354733393916,0
38,36,157,-0.0009078971520542369,0
38,36,158,-0.002273845369457538,0
38,36,159,0.002658478354189012,0
38,36,160,-0.0006532706998906677,0
38,36,161,-0.001706162463672651,0
38,36,162,-0.0007242063174959377,0
38,36,163,9.646502652844169e-05,0
38,36,164,0.001926328987040073,0
38,36,165,-0.001341053430855935,0
38,36,166,-0.001391271158010306,0
38,36,167,0.001245104086363947,0
38,36,168,0.001403223598461408,0
38,36,169,-0.003047040808169027,0
38,36,170,-0.000789779637715858,0
39,38,0,0.01992192653632387,0
39,38,1,-0.2980046993058048,0
39,38,2,0.3825603133657946,0
39,38,3,0.6476359279570334,0
39,38,4,-0.3056030100682723,0
39,38,5,-0.3368829260125159,0
39,38,6,-0.3811630760145632,0
39,38,7,-0.522111308523837,0
39,38,8,0.4202143816691324,0
39,38,9,-0.3344006742529754,0
39,38,10,0.8569018196584388,0
39,38,11,-0.3680718588803303,0
39,38,12,0.07432092331523277,0
39,38,13,0.1198779804991737,0
39,38,14,0.1296889044262699,0
39,38,15,0.2006768178419399,0
39,38,16,-0.2471160923120527,0
39,38,17,0.04894762157071664,0
39,38,18,0.10493293809445,0
39,38,19,-0.2581086265501681,0
39,38,20,-0.04778133555505395,0
39,38,21,-0.214282584124986,0
39,38,22,0.07253683876909822,0
39,38,23,0.02810017399931644,0
39,38,24,0.03658871436287017,0
39,38,25,0.2454120324935889,0
39,38,26,-0.09815466757003871,0
39,38,27,-0.1388487812746161,0
39,38,28,0.1293255923975488,0
39,38,29,0.1368840002251346,0
39,38,30,-0.6313446277382859,0
39,38,31,0.347118487247411,0
39,38,32,-0.4183520250039658,0
39,38,33,0.6437882818710317,0
39,38,34,-0.1715188170822104,0
39,38,35,-0.1847407855023372,0
39,38,36,0.06493263459282859,0
39,38,37,0.1508310818102044,0
39,38,38,0.4307192817125203,0
39,38,39,0.3427501111283775,0
39,38,40,-0.4239735441098437,0
39,38,41,0.1054332603427499,0
39,38,42,-0.9568685695200922,0
39,38,43,0.6157602018821765,0
39,38,44,-0.03364155046947887,0
39,38,45,0.2404267763189692,0
39,38,46,-0.4439842274761662,0
39,38,47,-0.293446131011595,0
39,38,48,0.1741098241510452,0
39,38,49,0.1771415556216542,0
39,38,50,0.1129372119435984,0
39,38,51,0.2409418708063518,0
39,38,52,-0.1017397244957593,0
39,38,53,0.08503594500899851,0
39,38,54,-0.2056365108644751,0
39,38,55,0.1452011443081787,0
39,38,56,-0.1557255833799518,0
39,38,57,-0.03016949986569378,0
39,38,58,-0.1212701294076402,0
39,38,59,-0.6765444777635859,0
39,38,60,0.7806552986371641,0
39,38,61,0.1650320675239746,0
39,38,62,0.5392088590297964,0
39,38,63,-0.6250033620751809,0
39,38,64,0.3394290668872625,0
39,38,65,-0.7887831145714546,0
39,38,66,0.2750694835320085,0
39,38,67,-0.2102670593095445,0
39,38,68,0.2325947360855517,0
39,38,69,0.004674082975023445,0
39,38,70,-0.07811904186301116,0
39,38,71,-0.2359469128292088,0
39,38,72,0.08122818989942125,0
39,38,73,-0.259962745781065,0
39,38,74,0.8285341572182127,0
39,38,75,-0.3503560149503509,0
39,38,76,0.2102691491516827,0
39,38,77,-0.3932585657810684,0
39,38,78,0.3675423294209021,0
39,38,79,0.1977201475034189,0
39,38,80,-0.1029924372031921,0
39,38,81,-0.2103306010083552,0
39,38,82,-0.1500082722966042,0
39,38,83,-0.2762524970923178,0
39,38,84,0.1256996681894501,0
39,38,85,0.3803009590135324,0
39,38,86,-0.2808308145224319,0
39,38,87,0.3587770328207788,0
39,38,88,-1,0
39,38,89,0.2132778773058854,0
39,38,90,-0.2595726571130878,0
39,38,91,0.6578541765446906,0
39,38,92,-0.4515588214968527,0
39,38,93,-0.200702758942201,0
39,38,94,-0.198880516480886,0
39,38,95,0.5386641528411816,0
39,38,96,-0.004340640266343628,0
39,38,97,0.4939682807566162,0
39,38,98,-0.4037391322526409,0
39,38,99,0.09984308557553891,0
39,38,100,-0.2750444896173694,0
39,38,101,0.1417318024744056,0
39,38,102,0.03164423473932004,0
39,38,103,0.1396859070206384,0
39,38,104,-0.007428894894901313,0
39,38,105,0.2645691176783385,0
39,38,106,-0.6227799440612066,0
39,38,107,0.08235314438428704,0
39,38,108,-0.3930985478670903,0
39,38,109,0.389518702566641,0
39,38,110,-0.13785055215242,0
39,38,111,-0.01788479893207918,0
39,38,112,0.2049756286322069,0
39,38,113,0.04848955407340371,0
39,38,114,0.1639136655124085,0
39,38,115,0.1038976385276808,0
39,38,116,-0.1853321458538712,0
39,38,117,0.008332941793447591,0
39,38,118,-0.3361938984411294,0
39,38,119,0.7570904030730095,0
39,38,120,0.672830929704199,0
39,38,121,-0.6655226560358913,0
39,38,122,-0.2472940073401968,0
39,38,123,-0.07571203293839944,0
39,38,124,0.1108812398809029,0
39,38,125,0.001555107246332465,0
39,38,126,-0.06654996115140326,0
39,38,127,-0.02259642301390188,0
39,38,128,-0.166101420681248,0
39,38,129,0.1525083898019365,0
39,38,130,-0.07664636652906756,0
39,38,131,0.3276247738499939,0
39,38,132,0.4056066001778179,0
39,38,133,-0.3521556201323164,0
39,38,134,-0.4491557667133949,0
39,38,135,-0.0008222450462148976,0
39,38,136,0.001845129789597677,0
39,38,137,4.578209605993881e-06,0
39,38,138,-0.0008816676028758442,0
39,38,139,-0.0008166960389736402,0
39,38,140,0.001276228299982856,0
39,38,141,-8.258807727982484e-06,0
39,38,142,-0.0005384752453697668,0
39,38,143,-0.0003510702103832813,0
39,38,144,-0.0002839104828622041,0
39,38,145,0.002085143877148371,0
39,38,146,-0.001526245789723682,0
39,38,147,-6.760263487074195e-05,0
39,38,148,0.0006798905376477538,0
39,38,149,0.0006607696741721641,0
39,38,150,-0.0008926662241922167,0
39,38,151,0.0002975189882256419,0
39,38,152,0.0007363169709032185,0
39,38,153,0.0005736034405180157,0
39,38,154,0.0009824158132287564,0
39,38,155,-0.001496655653515922,0
39,38,156,0.001693093064210755,0
39,38,157,8.112884129751028e-05,0
39,38,158,-0.0005745817706909759,0
39,38,159,0.0004189783150099877,0
39,38,160,0.001488259120219516,0
39,38,161,-0.0003919918885117584,0
39,38,162,0.0004208872577743729,0
39,38,163,-0.0001288652775617418,0
39,38,164,-0.0004655071369508247,0
39,38,165,0.0009473018361257923,0
39,38,166,-0.0007245613405300297,0
39,38,167,0.0003342752973078255,0
39,38,168,0.0008812588407094437,0
39,38,169,-0.0003665681647437255,0
39,38,170,-0.001449245811866164,0
40,39,0,0.3752434826164907,0
40,39,1,-0.4966273895320246,0
40,39,2,0.245389451670158,0
40,39,3,0.06765033553916955,0
40,39,4,-0.3696282846269729,0
40,39,5,-0.02779276929848217,0
40,39,6,-0.3136264096710424,0
40,39,7,0.2185468930734791,0
40,39,8,-0.01616961045664917,0
40,39,9,0.3462223022121002,0
40,39,10,0.1407515542136192,0
40,39,11,-0.2181540489890791,0
40,39,12,-0.523574712113076,0
40,39,13,-0.1834807211586797,0
40,39,14,0.4815786412645828,0
40,39,15,0.2409462172882618,0
40,39,16,0.6343290294008148,0
40,39,17,-0.5031193416800651,0
40,39,18,0.3506524456065181,0
40,39,19,-0.8045061562934881,0
40,39,20,0.2482544739006518,0
40,39,21,-0.5235777201381553,0
40,39,22,0.1413278757939578,0
40,39,23,0.04368990270036565,0
40,39,24,0.106499635132293,0
40,39,25,0.6277409123202078,0
40,39,26,-0.2504544714344116,0
40,39,27,-0.394496067633524,0
40,39,28,0.3257433642944929,0
40,39,29,0.07677508188073368,0
40,39,30,-0.03064590954102364,0
40,39,31,-0.2756939134191939,0
40,39,32,-0.4499831695895639,0
40,39,33,0.2808146322363559,0
40,39,34,0.03828597841271736,0
40,39,35,0.2304575266124754,0
40,39,36,0.3462615835114342,0
40,39,37,-0.2063704238592088,0
40,39,38,-0.09584794387657296,0
40,39,39,-0.2341360958406611,0
40,39,40,0.4248534629131384,0
40,39,41,0.1700680767854124,0
40,39,42,-0.2488212025840575,0
40,39,43,-0.2492399242150494,0
40,39,44,0.204710324699981,0
40,39,45,0.2093804056691757,0
40,39,46,-0.245165868910011,0
40,39,47,-0.5552556752105893,0
40,39,48,-0.4146055705192981,0
40,39,49,0.6772917462226353,0
40,39,50,0.280918025851228,0
40,39,51,0.8539549736790191,0
40,39,52,-0.7516553617915658,0
40,39,53,0.1548950441248919,0
40,39,54,-0.6511512371002907,0
40,39,55,0.4991728962163813,0
40,39,56,-0.2741429261084055,0
40,39,57,-0.1658952394294413,0
40,39,58,-0.1774888205038077,0
40,39,59,0.5556811639373872,0
40,39,60,-0.271600271964112,0
40,39,61,0.06986523345996007,0
40,39,62,-0.1779461151799235,0
40,39,63,0.2870096367218042,0
40,39,64,0.2767785140256887,0
40,39,65,-0.04518230755133481,0
40,39,66,-0.08670703684049015,0
40,39,67,-0.05616304298118426,0
40,39,68,-0.63000229995812,0
40,39,69,0.1534318279388515,0
40,39,70,-0.07525985881436036,0
40,39,71,0.621120161412365,0
40,39,72,-0.4890345642978232,0
40,39,73,-0.3796687997475895,0
40,39,74,0.1273635566871077,0
40,39,75,0.6437362372092188,0
40,39,76,0.4174276150805954,0
40,39,77,-0.278150089778438,0
40,39,78,-0.4079841291806928,0
40,39,79,0.05116920656299092,0
40,39,80,0.2243458566297018,0
40,39,81,-0.1049894352565515,0
40,39,82,-0.2644919754923413,0
40,39,83,-0.6417036108707397,0
40,39,84,0.5446697479919915,0
40,39,85,0.9790829138881209,0
40,39,86,-0.6602540229517688,0
40,39,87,-0.02962665983638536,0
40,39,88,0.1675243535345342,0
40,39,89,0.08193300506746026,0
40,39,90,0.2923138553299729,0
40,39,91,-0.4487666691381202,0
40,39,92,0.03344344794640823,0
40,39,93,-0.2118912743245992,0
40,39,94,0.09242174674624447,0
40,39,95,-0.1058279079888016,0
40,39,96,-0.2268044707059439,0
40,39,97,0.2281642804786819,0
40,39,98,-0.005805322330464852,0
40,39,99,-0.05543459106830641,0
40,39,100,0.5802443982316494,0
40,39,101,0.05522627119646087,0
40,39,102,0.5789407965614773,0
40,39,103,-1,0
40,39,104,0.1250808068998181,0
40,39,105,-0.2372307465124653,0
40,39,106,0.2404889767860104,0
40,39,107,-0.3225110155190964,0
40,39,108,-0.2970338896051541,0
40,39,109,0.2739407540005444,0
40,39,110,0.4180769312100482,0
40,39,111,0.2750099834631099,0
40,39,112,-0.2033774999345891,0
40,39,113,-0.2686179531649199,0
40,39,114,0.3160849478843095,0
40,39,115,-0.06085561287911726,0
40,39,116,0.1271876865939572,0
40,39,117,-0.1768083032414923,0
40,39,118,-0.1632275205167114,0
40,39,119,0.01068857071371506,0
40,39,120,-0.1976056175266022,0
40,39,121,0.3918192152507129,0
40,39,122,0.3070457843605811,0
40,39,123,-0.1042186301313406,0
40,39,124,0.2982121438795375,0
40,39,125,-0.5588358927383809,0
40,39,126,-0.3399473597570165,0
40,39,127,-0.05088255813674845,0
40,39,128,-0.3565849950747035,0
40,39,129,0.9684080296441411,0
40,39,130,0.6486656825773096,0
40,39,131,-0.6463775004476683,0
40,39,132,-0.2968305310077435,0
40,39,133,-0.1265244952118461,0
40,39,134,0.3555273820204368,0
40,39,135,0.001692611862085912,0
40,39,136,0.0008422892920535552,0
40,39,137,-0.001066029137525578,0
40,39,138,0.0003334767469738719,0
40,39,139,0.0008576041016372332,0
40,39,140,-0.0002407469684477751,0
40,39,141,0.001432741053678068,0
40,39,142,-0.0001148387043592891,0
40,39,143,-0.001250372935284021,0
40,39,144,0.001161621854390956,0
40,39,145,-0.001406264980005091,0
40,39,146,-0.000573575410489193,0
40,39,147,0.001636074098056472,0
40,39,148,5.079101955236227e-07,0
40,39,149,0.0002171918992827555,0
40,39,150,0.00109826540406505,0
40,39,151,-0.00111268939819284,0
40,39,152,0.0009526787109021067,0
40,39,153,-0.0009795657356566096,0
40,39,154,-0.0007439665320384376,0
40,39,155,0.001695742723688144,0
40,39,156,-4.440587671571858e-05,0
40,39,157,-0.001619150367525618,0
40,39,158,0.0006627822595840691,0
40,39,159,0.000117255870021082,0
40,39,160,-0.0004683904663475992,0
40,39,161,0.001207697378278437,0
40,39,162,-0.0001287445893290351,0
40,39,163,0.0009670574879409611,0
40,39,164,0.0005007821540764387,0
40,39,165,-0.002048602063284125,0
40,39,166,-0.0002093345620097728,0
40,39,167,0.001815294767422533,0
40,39,168,-0.001157981134858732,0
40,39,169,-0.0003794197895335947,0
40,39,170,0.000272789851380416,0
41,40,0,-0.485675452709993,0
41,40,1,0.2665177646501087,0
41,40,2,0.2289175060298277,0
41,40,3,0.1739874299031029,0
41,40,4,0.4723909958735714,0
41,40,5,-0.228845774030109,0
41,40,6,0.1673367492459408,0
41,40,7,-0.4927575553083001,0
41,40,8,0.2411085534551052,0
41,40,9,0.2364274393880129,0
41,40,10,-0.2008492725957855,0
41,40,11,-0.2092090785748258,0
41,40,12,-0.1490463268065562,0
41,40,13,-0.1629741834487783,0
41,40,14,0.0972974858752791,0
41,40,15,-0.5710604509190881,0
41,40,16,0.5944345339239161,0
41,40,17,0.05869648008987163,0
41,40,18,0.6260075713266297,0
41,40,19,0.2023889160742867,0
41,40,20,-0.2791787922341134,0
41,40,21,-0.02289044694716464,0
41,40,22,-0.9588418669183719,0
41,40,23,0.392135436363783,0
41,40,24,-0.24819476007028,0
41,40,25,0.555275040853227,0
41,40,26,-0.3285940699080365,0
41,40,27,0.1481518943547656,0
41,40,28,0.1273657146621045,0
41,40,29,0.2092790901477886,0
41,40,30,-0.5621710872442029,0
41,40,31,0.2636895393013935,0
41,40,32,0.3408948939054361,0
41,40,33,-0.05538392368064571,0
41,40,34,-0.3397915835756012,0
41,40,35,-0.3279494453324326,0
41,40,36,-0.4920365695499018,0
41,40,37,0.3741272667299845,0
41,40,38,-0.1190923057827095,0
41,40,39,0.909711532106388,0
41,40,40,-0.4427833946707651,0
41,40,41,-0.2376213672198946,0
41,40,42,-0.1618492064498037,0
41,40,43,0.5258075145554799,0
41,40,44,0.6014793740800192,0
41,40,45,0.03960410084907062,0
41,40,46,-0.5364655904134444,0
41,40,47,-0.09719996773423752,0
41,40,48,-0.5995730910669862,0
41,40,49,0.4176708260932352,0
41,40,50,-0.4357534375786263,0
41,40,51,0.2710758791043228,0
41,40,52,-0.08293659010869132,0
41,40,53,0.2743195685218023,0
41,40,54,0.711797281616259,0
41,40,55,-0.3369431045325284,0
41,40,56,-0.9029796023233173,0
41,40,57,0.5874974134075408,0
41,40,58,0.1456976549233296,0
41,40,59,0.08884319333407671,0
41,40,60,-0.5617582711029774,0
41,40,61,-0.5522846123171501,0
41,40,62,0.3970974164471316,0
41,40,63,0.2784703220787751,0
41,40,64,0.08407564210192708,0
41,40,65,0.192693453154508,0
41,40,66,-0.06771145128461013,0
41,40,67,0.1929504665889959,0
41,40,68,0.1333080439856858,0
41,40,69,-0.04104988875993738,0
41,40,70,0.3207406892608049,0
41,40,71,-1,0
41,40,72,0.1537116611546824,0
41,40,73,-0.2538195187370834,0
41,40,74,0.596388712877211,0
41,40,75,-0.3203492652965454,0
41,40,76,-0.3923326834975735,0
41,40,77,-0.1273763903025915,0
41,40,78,0.495955474531412,0
41,40,79,0.4590451072110759,0
41,40,80,0.5688904569951265,0
41,40,81,-0.6674212511880037,0
41,40,82,-0.03376785252068397,0
41,40,83,-0.6821701282156368,0
41,40,84,0.6494178656634038,0
41,40,85,-0.1733286524813571,0
41,40,86,-0.3228784445679868,0
41,40,87,-0.3443411060280958,0
41,40,88,0.9004484995422605,0
41,40,89,-0.2171752920728645,0
41,40,90,0.2724807897128817,0
41,40,91,-0.4313742872474934,0
41,40,92,0.371907997613152,0
41,40,93,0.3913011208080842,0
41,40,94,-0.2687231362619493,0
41,40,95,-0.3384033003531522,0
41,40,96,-0.2479591729956449,0
41,40,97,-0.2999700734706701,0
41,40,98,0.2618088052388532,0
41,40,99,-0.2299686974981916,0
41,40,100,0.4574864914723518,0
41,40,101,-0.2129188133809246,0
41,40,102,-0.2164306730572421,0
41,40,103,0.5299896416226215,0
41,40,104,0.1595974364828255,0
41,40,105,0.5343758221037532,0
41,40,106,-0.6925477571048277,0
41,40,107,-0.08672754477777554,0
41,40,108,-0.1498976531808733,0
41,40,109,0.2375786199301292,0
41,40,110,-0.0392600900402598,0
41,40,111,-0.1559771399743553,0
41,40,112,-0.480671766675476,0
41,40,113,0.2780791189761488,0
41,40,114,0.9219271111453792,0
41,40,115,-0.5653232923223623,0
41,40,116,0.1680331782098941,0
41,40,117,0.01181692427459186,0
41,40,118,0.3012768369531044,0
41,40,119,-0.7024696082051939,0
41,40,120,-0.6473069654917225,0
41,40,121,0.5845050209073164,0
41,40,122,0.04542712610094033,0
41,40,123,0.3371540984652281,0
41,40,124,0.1611965652805769,0
41,40,125,-0.03488724847103326,0
41,40,126,0.407805001361913,0
41,40,127,-0.6384998779923694,0
41,40,128,-0.3135551797766937,0
41,40,129,-0.01755439958230556,0
41,40,130,-0.1754895369015254,0
41,40,131,0.5458108811300219,0
41,40,132,0.1610679850187902,0
41,40,133,-0.2569210119826204,0
41,40,134,0.3127819658146431,0
41,40,135,-0.0007112170616050979,0
41,40,136,0.0002013782637567544,0
41,40,137,0.0006080662415573251,0
41,40,138,0.0008529104631000987,0
41,40,139,-0.00032841710916519,0
41,40,140,-0.001821815605348548,0
41,40,141,0.0005065526708731784,0
41,40,142,0.001757407160974899,0
41,40,143,-0.001404431391294944,0
41,40,144,0.0007658346500140536,0
41,40,145,0.0005762119313052532,0
41,40,146,-0.0001394004397793139,0
41,40,147,-3.914596891277078e-05,0
41,40,148,-5.157627346662094e-05,0
41,40,149,0.0004011288098802149,0
41,40,150,0.001338709307722456,0
41,40,151,-0.0006760328741917966,0
41,40,152,-0.00118165468737463,0
41,40,153,-0.0001708593738908723,0
41,40,154,-0.001016020686988309,0
41,40,155,8.878212213049139e-06,0
41,40,156,0.001027073535016315,0
41,40,157,0.0002647354045917456,0
41,40,158,-0.0001180353688825709,0
41,40,159,0.0001278412107185881,0
41,40,160,-0.0002645653034734825,0
41,40,161,0.001975751843291599,0
41,40,162,-0.001227784068305691,0
41,40,163,2.752386989801483e-05,0
41,40,164,0.00127078400207917,0
41,40,165,0.0002451115830383282,0
41,40,166,-0.001008337531622321,0
41,40,167,-0.000282087668141595,0
41,40,168,0.0005352873315918642,0
41,40,169,0.00103047413428638,0
41,40,170,0.0007136567953186192,0
42,41,0,0.4755025513778915,0
42,41,1,-0.5367724883088766,0
42,41,2,0.1045402764352468,0
42,41,3,-0.4607656798902662,0
42,41,4,-0.1779232283665763,0
42,41,5,0.2178507332773621,0
42,41,6,-0.1944468076275948,0
42,41,7,0.8299914502582125,0
42,41,8,-0.263511823729598,0
42,41,9,0.4754477717886612,0
42,41,10,-0.3166349059775072,0
42,41,11,0.07366213574767387,0
42,41,12,-0.006379740712050413,0
42,41,13,-0.5355384075809683,0
42,41,14,0.1273599903512538,0
42,41,15,-0.2784492161114537,0
42,41,16,0.367709373275258,0
42,41,17,-0.1464985773019145,0
42,41,18,0.09764795222251609,0
42,41,19,0.2037599552594711,0
42,41,20,-0.0006097295880301392,0
42,41,21,0.07033095596128172,0
42,41,22,-0.2651864662044254,0
42,41,23,0.1035916172462147,0
42,41,24,-0.06240453289380852,0
42,41,25,0.04577927830149106,0
42,41,26,-0.06326025794404397,0
42,41,27,0.07460860986616086,0
42,41,28,-0.006234890217183012,0
42,41,29,-0.2849195070950927,0
42,41,30,-0.2782049481856206,0
42,41,31,0.6086995128552964,0
42,41,32,-0.003881194901962998,0
42,41,33,0.4355001360875172,0
42,41,34,-0.4244368968636637,0
42,41,35,0.4383074640161796,0
42,41,36,-0.1861686647695737,0
42,41,37,-0.05506519358498834,0
42,41,38,-0.2012134806750542,0
42,41,39,-0.5611506188297954,0
42,41,40,0.4044107003568539,0
42,41,41,-0.2513404402013829,0
42,41,42,0.5969410950223559,0
42,41,43,-0.3533331676215973,0
42,41,44,0.1225702793114665,0
42,41,45,0.1779037612155237,0
42,41,46,0.03187492822783086,0
42,41,47,0.143316896072953,0
42,41,48,-0.3989022578622652,0
42,41,49,0.1696381097771313,0
42,41,50,-0.1240946401670567,0
42,41,51,-0.03032485119728099,0
42,41,52,-0.09963788684405815,0
42,41,53,0.01812324079178008,0
42,41,54,0.2490943273408236,0
42,41,55,-0.1155735428329984,0
42,41,56,-0.1594219815148593,0
42,41,57,0.1585581495197692,0
42,41,58,0.2228498099927195,0
42,41,59,-1,0
42,41,60,0.3721959935260272,0
42,41,61,0.1392578929011752,0
42,41,62,0.4623823108907397,0
42,41,63,-0.629509194648332,0
42,41,64,-0.3476136883504236,0
42,41,65,-0.32670300899935,0
42,41,66,0.7235483884966003,0
42,41,67,0.02883249149490026,0
42,41,68,0.3558376436647509,0
42,41,69,-0.4399702299365905,0
42,41,70,0.08985962999631393,0
42,41,71,0.132844212267767,0
42,41,72,-0.02459576451270691,0
42,41,73,0.1560364354473807,0
42,41,74,-0.4598177747994109,0
42,41,75,0.2796322509935785,0
42,41,76,-0.1354636207282875,0
42,41,77,-0.02102936505793347,0
42,41,78,-0.1574861944780379,0
42,41,79,-0.0774275762059887,0
42,41,80,0.3756032444555665,0
42,41,81,-0.1057201521777062,0
42,41,82,0.06754749338798284,0
42,41,83,-0.05945432415394578,0
42,41,84,0.2181722132551062,0
42,41,85,-0.2078137071120565,0
42,41,86,0.004263181619993102,0
42,41,87,-0.02759857746228443,0
42,41,88,-0.07266062976891549,0
42,41,89,-0.2699337600474122,0
42,41,90,-0.4511485345899499,0
42,41,91,0.8535412424317483,0
42,41,92,0.1189582348660146,0
42,41,93,0.4275950257757784,0
42,41,94,-0.6298917091022193,0
42,41,95,0.1184728160892373,0
42,41,96,-0.01002278630049788,0
42,41,97,0.2300505352653338,0
42,41,98,-0.3633338895491971,0
42,41,99,-0.09527106752486168,0
42,41,100,-0.2350474921518304,0
42,41,101,0.4278673898804183,0
42,41,102,0.07273241792321547,0
42,41,103,0.04091271451123661,0
42,41,104,-0.2528839395752976,0
42,41,105,-0.2309113879542678,0
42,41,106,0.2546591037032873,0
42,41,107,0.01904460954318824,0
42,41,108,0.237582066428235,0
42,41,109,0.05713050252075248,0
42,41,110,0.05222292027930246,0
42,41,111,0.03456926094981293,0
42,41,112,-0.5335366876876964,0
42,41,113,0.09601993801864546,0
42,41,114,0.2750195425729487,0
42,41,115,-0.3549124324238527,0
42,41,116,-0.2117319222942332,0
42,41,117,0.4261561070320816,0
42,41,118,0.4799635258302148,0
42,41,119,-0.344093942018045,0
42,41,120,-0.01716456631045449,0
42,41,121,-0.5370132305194419,0
42,41,122,-0.4489605354899037,0
42,41,123,0.7364276244683609,0
42,41,124,0.387075696375861,0
42,41,125,-0.2817796702331131,0
42,41,126,-0.2502205657664384,0
42,41,127,0.07443558001787084,0
42,41,128,0.1640679806030163,0
42,41,129,0.05806543266620905,0
42,41,130,0.122134407737799,0
42,41,131,-0.3442544470820965,0
42,41,132,-0.3370077661083929,0
42,41,133,0.1390844711045625,0
42,41,134,0.673479727824923,0
42,41,135,0.0006276891943086256,0
42,41,136,0.0007133661560701655,0
42,41,137,-0.001546186665855963,0
42,41,138,0.0009944013915178522,0
42,41,139,0.001455325787822359,0
42,41,140,-0.001528511815880536,0
42,41,141,-8.023456126308045e-05,0
42,41,142,0.001024180344367998,0
42,41,143,-0.0002483709932388561,0
42,41,144,0.001154047464906394,0
42,41,145,-0.000188099650925552,0
42,41,146,-0.000502281023738046,0
42,41,147,0.001945515949846708,0
42,41,148,-0.0006971039581012036,0
42,41,149,-0.0008132046067031441,0
42,41,150,0.001400164378552756,0
42,41,151,-0.0002731600509028105,0
42,41,152,-0.0009409421128657963,0
42,41,153,0.0009953334043443533,0
42,41,154,-0.0009611956311461054,0
42,41,155,0.000486514064496721,0
42,41,156,0.0003872395639351876,0
42,41,157,-0.001352145223947947,0
42,41,158,0.001333628854370477,0
42,41,159,-0.0001579297508898742,0
42,41,160,-0.001562205439760092,0
42,41,161,0.001035908163823863,0
42,41,162,-0.0008003192617267171,0
42,41,163,-0.0007168960813790116,0
42,41,164,0.0008618587695443396,0
42,41,165,-0.0002385345121036159,0
42,41,166,-0.0002165341944717055,0
42,41,167,0.0009381954088677636,0
42,41,168,-0.001352296401386075,0
42,41,169,0.0005872664099632971,0
42,41,170,0.001916882005753162,0
43,42,0,-0.1063392712909038,0
43,42,1,0.599481435043332,0
43,42,2,-0.5821820973966071,0
43,42,3,0.2699851865469874,0
43,42,4,-0.2680005684718969,0
43,42,5,0.08611959704219162,0
43,42,6,-0.5494801922321061,0
43,42,7,0.0610194419617666,0
43,42,8,0.2662640013212614,0
43,42,9,0.268404851395996,0
43,42,10,0.5967451331279251,0
43,42,11,-0.3506389173366997,0
43,42,12,0.3806874796068654,0
43,42,13,-0.8574843894184226,0
43,42,14,0.2242287227202691,0
43,42,15,-0.461323597149649,0
43,42,16,0.06458793233221737,0
43,42,17,-0.001718443987675945,0
43,42,18,0.09390337694194144,0
43,42,19,0.6206797876636286,0
43,42,20,-0.1788199208811919,0
43,42,21,0.1744597219287616,0
43,42,22,-0.5208841269320977,0
43,42,23,0.2178659618745241,0
43,42,24,-0.1328278966504582,0
43,42,25,0.04940424667933655,0
43,42,26,-0.1015178595405771,0
43,42,27,0.1864976641115196,0
43,42,28,-0.02381215898883527,0
43,42,29,0.01126702164883302,0
43,42,30,0.9833204035155447,0
43,42,31,-0.5939630339370863,0
43,42,32,-0.2359784412654408,0
43,42,33,-0.5762695104376119,0
43,42,34,0.8829840203212069,0
43,42,35,0.2983596801635397,0
43,42,36,0.2777482267781204,0
43,42,37,-0.6397038671606504,0
43,42,38,0.1897060665666128,0
43,42,39,-0.3195398755119906,0
43,42,40,0.1315262205221094,0
43,42,41,-0.4998853761269288,0
43,42,42,-0.1216226751899259,0
43,42,43,0.3230004040152861,0
43,42,44,0.1250859666054901,0
43,42,45,0.7872709737250443,0
43,42,46,-0.4996976721583408,0
43,42,47,0.2391782579146395,0
43,42,48,-0.5505430157508084,0
43,42,49,0.3362773232662834,0
43,42,50,-0.2229927645310164,0
43,42,51,-0.1933011830004888,0
43,42,52,-0.0235436483665223,0
43,42,53,0.04432945019679878,0
43,42,54,0.543573409020999,0
43,42,55,-0.2725933910894026,0
43,42,56,-0.3476400953711428,0
43,42,57,0.3093866023935506,0
43,42,58,-0.1540114032875467,0
43,42,59,0.2731706827462161,0
43,42,60,0.495783353691553,0
43,42,61,0.4412174086644093,0
43,42,62,-0.9200799240707765,0
43,42,63,-0.1006023600229316,0
43,42,64,-0.1917735065574021,0
43,42,65,0.6461799003482129,0
43,42,66,-0.4463513516049035,0
43,42,67,-0.3637542397572704,0
43,42,68,-0.1460636602789583,0
43,42,69,0.7171483206049573,0
43,42,70,0.3449140363665616,0
43,42,71,0.2523044922894511,0
43,42,72,-0.58059381980903,0
43,42,73,0.1070051875989246,0
43,42,74,-0.2268746723998309,0
43,42,75,0.1903909852259573,0
43,42,76,-0.2221124728482393,0
43,42,77,-0.3966968438465726,0
43,42,78,0.2242995842437359,0
43,42,79,0.01231276803604326,0
43,42,80,0.6733316314003123,0
43,42,81,-0.4397453941184915,0
43,42,82,0.05909251840879859,0
43,42,83,-0.1916965393185981,0
43,42,84,0.3889166631539649,0
43,42,85,-0.3251271821328432,0
43,42,86,-0.0333033185265257,0
43,42,87,0.337691574531084,0
43,42,88,-1,0
43,42,89,0.2757258561407932,0
43,42,90,-0.2913672783538171,0
43,42,91,0.3839453589752663,0
43,42,92,-0.4352905457658727,0
43,42,93,-0.345480046198014,0
43,42,94,0.6627363013099301,0
43,42,95,0.4062418120941347,0
43,42,96,0.6967514313233236,0
43,42,97,-0.8107782187785925,0
43,42,98,-0.1492527958128951,0
43,42,99,-0.2626008957088059,0
43,42,100,0.1734014036570973,0
43,42,101,-0.155021606983348,0
43,42,102,-0.1810285506353085,0
43,42,103,-0.005609686570222571,0
43,42,104,0.3229721365442024,0
43,42,105,0.08435700048174891,0
43,42,106,0.1942294222679864,0
43,42,107,-0.3111630130003456,0
43,42,108,0.0761513061084282,0
43,42,109,0.1243356780524733,0
43,42,110,0.1246307267885195,0
43,42,111,0.03582520388878974,0
43,42,112,-0.6409194171574797,0
43,42,113,0.1721045332163264,0
43,42,114,0.4632458995531178,0
43,42,115,-0.4742754859470494,0
43,42,116,-0.1924757661713584,0
43,42,117,-0.04337922450624127,0
43,42,118,-0.2717046537246732,0
43,42,119,0.8368984383034447,0
43,42,120,0.7789121607850702,0
43,42,121,-0.8710404481453976,0
43,42,122,-0.4615231265769729,0
43,42,123,-0.1857903648334311,0
43,42,124,-0.3055402342026003,0
43,42,125,0.9165343281105051,0
43,42,126,0.4880680969478988,0
43,42,127,-0.4759295086046099,0
43,42,128,-0.1793881174607699,0
43,42,129,-0.04170044264675787,0
43,42,130,0.1230998984091798,0
43,42,131,-0.04437502215076539,0
43,42,132,-0.2434017936263736,0
43,42,133,-0.04166999698432149,0
43,42,134,0.7442292396404726,0
43,42,135,-0.001192820516136919,0
43,42,136,-0.0007872361761360253,0
43,42,137,3.671590276861896e-05,0
43,42,138,-0.0007228353634494206,0
43,42,139,0.001573177518867365,0
43,42,140,-0.001156564534475011,0
43,42,141,-0.001055549016753615,0
43,42,142,0.00171807444836646,0
43,42,143,-0.0003033933789503765,0
43,42,144,-0.002537743346749846,0
43,42,145,0.001049212163699932,0
43,42,146,-0.0001569152507526167,0
43,42,147,0.0001674167219708527,0
43,42,148,0.001170865846696359,0
43,42,149,-0.001353024600172569,0
43,42,150,0.001684693064388901,0
43,42,151,0.0003775871591326471,0
43,42,152,-0.001523704891394317,0
43,42,153,0.000900303807564404,0
43,42,154,0.001610210851694518,0
43,42,155,-0.001831229077574925,0
43,42,156,0.0006820487490805714,0
43,42,157,0.000392896928097119,0
43,42,158,0.0001318519828644374,0
43,42,159,0.0007448775737503952,0
43,42,160,-0.001720322103263177,0
43,42,161,0.001248826009454004,0
43,42,162,0.00205952779085996,0
43,42,163,-0.001396686166537856,0
43,42,164,-0.001018377150501648,0
43,42,165,0.001795800208933078,0
43,42,166,-0.0002963738792121626,0
43,42,167,-0.0006616630546283184,0
43,42,168,-0.0006449735381483472,0
43,42,169,0.0003876176962871896,0
43,42,170,0.002204998259423631,0
44,43,0,0.3078384999038241,0
44,43,1,-0.9299677072531236,0
44,43,2,0.6383667808349266,0
44,43,3,0.1094774528581952,0
44,43,4,-0.1403202588799581,0
44,43,5,-0.3285257261313185,0
44,43,6,-0.2501703671546473,0
44,43,7,0.06326746967779788,0
44,43,8,0.07221949973109379,0
44,43,9,-0.2121669039306409,0
44,43,10,0.4895859598436924,0
44,43,11,0.03831083974008634,0
44,43,12,0.4495076396771584,0
44,43,13,-0.1857551019944213,0
44,43,14,-0.07583663412333656,0
44,43,15,-0.06022056087110993,0
44,43,16,-0.5637762541210246,0
44,43,17,0.1158541399773938,0
44,43,18,-0.2725593771415549,0
44,43,19,0.5490002915249014,0
44,43,20,-0.1048121316714994,0
44,43,21,0.2173992890464486,0
44,43,22,0.02700786541213305,0
44,43,23,0.05561773037929694,0
44,43,24,-0.02104512453857434,0
44,43,25,-0.3406491942205985,0
44,43,26,0.07153213904186773,0
44,43,27,0.1953064584869095,0
44,43,28,-0.1400545343126306,0
44,43,29,0.05800058425441319,0
44,43,30,-0.5452004641862945,0
44,43,31,-0.1327469195746478,0
44,43,32,-0.3463347464866462,0
44,43,33,0.8755581083711345,0
44,43,34,-0.3143149099214593,0
44,43,35,0.01122753359479263,0
44,43,36,-0.09944353872214015,0
44,43,37,0.4046773402312481,0
44,43,38,0.4431245022403015,0
44,43,39,-0.2271660526780891,0
44,43,40,-0.2946871002153673,0
44,43,41,-0.212845677057631,0
44,43,42,-0.3425710995934024,0
44,43,43,0.1691295531767396,0
44,43,44,-0.2987688851611757,0
44,43,45,0.5263898950928423,0
44,43,46,-0.09032573171780595,0
44,43,47,0.3384586749045386,0
44,43,48,0.1353695679897035,0
44,43,49,-0.05066141892665316,0
44,43,50,-0.03637440580021094,0
44,43,51,-0.6386702320600419,0
44,43,52,0.1840563248275144,0
44,43,53,-0.09540606452774507,0
44,43,54,0.3841157409200011,0
44,43,55,-0.2838728671982934,0
44,43,56,0.09158302665037868,0
44,43,57,0.1582155721717222,0
44,43,58,-0.157928084387906,0
44,43,59,0.6669597026834752,0
44,43,60,-0.3998224654214035,0
44,43,61,0.02823405237303966,0
44,43,62,0.02240524890342574,0
44,43,63,0.4229506533278481,0
44,43,64,0.4417070128991617,0
44,43,65,-0.7333307522370202,0
44,43,66,-0.148408352495809,0
44,43,67,-0.3993744838431204,0
44,43,68,0.3138233999463492,0
44,43,69,-0.09391203425841846,0
44,43,70,-0.2036187699740963,0
44,43,71,0.3165814308713383,0
44,43,72,0.190905646864597,0
44,43,73,0.4302019455994148,0
44,43,74,0.04449895402130839,0
44,43,75,-0.2003543614838824,0
44,43,76,-0.08593167996985443,0
44,43,77,-0.6382367456424568,0
44,43,78,0.2338990527094883,0
44,43,79,-0.2232369581776768,0
44,43,80,0.4176177141363461,0
44,43,81,-0.2199682419126648,0
44,43,82,0.1108870988028437,0
44,43,83,0.3634492384827182,0
44,43,84,0.09198808491146108,0
44,43,85,-0.5962587503190759,0
44,43,86,0.2460942637909064,0
44,43,87,-0.01165283267266874,0
44,43,88,0.3027651518712843,0
44,43,89,0.1082117335784949,0
44,43,90,0.3256476122908711,0
44,43,91,-0.7610186200951983,0
44,43,92,0.05064897596150916,0
44,43,93,-0.4222678115908097,0
44,43,94,0.4364073345695627,0
44,43,95,-0.2066162976995225,0
44,43,96,-0.1103949770771162,0
44,43,97,0.4651562902854943,0
44,43,98,0.1990844674444539,0
44,43,99,0.5401823511161292,0
44,43,100,-0.5409850401357741,0
44,43,101,-0.1051493903063834,0
44,43,102,-0.2001022782952542,0
44,43,103,-0.2093576582821338,0
44,43,104,0.03363253269682749,0
44,43,105,-0.2840251627854132,0
44,43,106,0.312320371591074,0
44,43,107,0.01117575089943727,0
44,43,108,0.2768615581331261,0
44,43,109,0.381211489281455,0
44,43,110,-0.1074152589497327,0
44,43,111,0.07056519251803244,0
44,43,112,-0.8028642693657628,0
44,43,113,0.2753058737694732,0
44,43,114,0.1698888199168014,0
44,43,115,-0.4713447100025789,0
44,43,116,0.1646851849847188,0
44,43,117,-0.297975932190963,0
44,43,118,-0.3021505976082735,0
44,43,119,0.1114893849350221,0
44,43,120,-0.02981174530593888,0
44,43,121,0.5575695299088759,0
44,43,122,0.5387828679362645,0
44,43,123,-0.7716401120770984,0
44,43,124,-0.4005850620826732,0
44,43,125,-0.03433844193837841,0
44,43,126,-0.2234814856145737,0
44,43,127,0.6703877940056943,0
44,43,128,0.3273656752213618,0
44,43,129,-0.1728322840851903,0
44,43,130,0.09054995781514479,0
44,43,131,-0.4143781662755648,0
44,43,132,-0.3693545641150937,0
44,43,133,0.05813817898717335,0
44,43,134,1,0
44,43,135,0.002895583655178034,0
44,43,136,0.001178534490255362,0
44,43,137,-0.001429207182411062,0
44,43,138,-0.00081700328465773,0
44,43,139,0.0008673373615017578,0
44,43,140,0.0004799803817448682,0
44,43,141,-0.001803460431575571,0
44,43,142,0.0006629663270470332,0
44,43,143,0.0007822361940822857,0
44,43,144,0.001428433906996816,0
44,43,145,-0.00206888935754613,0
44,43,146,9.523053014863731e-05,0
44,43,147,0.001243638396005593,0
44,43,148,0.0002850246101010348,0
44,43,149,-0.001723728581390581,0
44,43,150,0.0005349371984252755,0
44,43,151,0.001308101409733341,0
44,43,152,-0.001645470301539243,0
44,43,153,-0.002112930076381049,0
44,43,154,0.0003402675589302099,0
44,43,155,0.001733772559564608,0
44,43,156,-0.001047871524501332,0
44,43,157,-0.0006455486677184556,0
44,43,158,0.001388430165996581,0
44,43,159,0.000967569447137157,0
44,43,160,-0.001998043368903841,0
44,43,161,0.0002412964540997796,0
44,43,162,-2.786666469977604e-05,0
44,43,163,0.001841441462619753,0
44,43,164,-0.001247892511082139,0
44,43,165,-0.00115837128923796,0
44,43,166,0.001586822937220325,0
44,43,167,0.0004648620899250348,0
44,43,168,-0.001744166209275336,0
44,43,169,0.0001423715578978098,0
44,43,170,0.00318920987511824,0
45,44,0,-0.3519777113445343,0
45,44,1,0.9102286093825536,0
45,44,2,-0.3601647950670462,0
45,44,3,0.2165406572657405,0
45,44,4,-0.02541931093190492,0
45,44,5,0.1845472139292855,0
45,44,6,0.1464740231234391,0
45,44,7,-0.4557005096849703,0
45,44,8,-0.03960408263574768,0
45,44,9,-0.2690563297150187,0
45,44,10,0.1746631402276312,0
45,44,11,-0.02229067048923003,0
45,44,12,0.03409856796009635,0
45,44,13,0.3273992131470789,0
45,44,14,0.007632476130168024,0
45,44,15,0.2003039036181414,0
45,44,16,-0.3572137909847528,0
45,44,17,0.03778902418982878,0
45,44,18,-0.1697663623637269,0
45,44,19,-0.02862023081383662,0
45,44,20,-0.03259467134804348,0
45,44,21,0.001438812116321477,0
45,44,22,0.3137344976575025,0
45,44,23,-0.007647216723354793,0
45,44,24,0.06314113006787546,0
45,44,25,-0.2185365044837683,0
45,44,26,0.07739805807488735,0
45,44,27,0.009707106804331426,0
45,44,28,-0.07866865612645588,0
45,44,29,0.109522043907674,0
45,44,30,0.05008367478713105,0
45,44,31,0.1960772417972159,0
45,44,32,0.1746844644665089,0
45,44,33,-0.6346097623215803,0
45,44,34,0.06523547216898488,0
45,44,35,-0.3191217991458682,0
45,44,36,0.3951869656145151,0
45,44,37,-0.1333149854709997,0
45,44,38,0.09361770435833855,0
45,44,39,0.224496400554565,0
45,44,40,0.07643883011165009,0
45,44,41,0.2175246061044392,0
45,44,42,-0.4102233652587055,0
45,44,43,0.004533098798062497,0
45,44,44,-0.2250144262260007,0
45,44,45,-0.008195916196329084,0
45,44,46,-0.0299369765826886,0
45,44,47,0.01787678657214574,0
45,44,48,0.4089617521084197,0
45,44,49,-0.01756879996220274,0
45,44,50,0.1329438113009957,0
45,44,51,-0.3527236377956594,0
45,44,52,0.09064031907910049,0
45,44,53,-0.07468310697521313,0
45,44,54,-0.04038357365792346,0
45,44,55,-0.1241581672318652,0
45,44,56,0.2467905245632063,0
45,44,57,-0.0051348853326968,0
45,44,58,0.06414502846088657,0
45,44,59,-0.4174704990809414,0
45,44,60,0.08077700680189275,0
45,44,61,-0.2111655435893687,0
45,44,62,0.3410741043753711,0
45,44,63,-0.1807281364225582,0
45,44,64,0.0511045407395035,0
45,44,65,0.2458389698177342,0
45,44,66,0.09233135858763694,0
45,44,67,0.2542733221233343,0
45,44,68,-0.5009148432036973,0
45,44,69,0.01291200045548829,0
45,44,70,-0.2894977411024538,0
45,44,71,0.09812737858019356,0
45,44,72,-0.04378584296588116,0
45,44,73,0.00730898740275612,0
45,44,74,0.418696090567052,0
45,44,75,-0.007422330321009259,0
45,44,76,0.2068328696700939,0
45,44,77,-0.3895833874648545,0
45,44,78,0.05840013820545175,0
45,44,79,-0.1831236955121629,0
45,44,80,-0.08011678563266278,0
45,44,81,-0.07872275545602815,0
45,44,82,0.0006194247849040465,0
45,44,83,0.4885730980003768,0
45,44,84,-0.003892344235926075,0
45,44,85,-0.3399361354082477,0
45,44,86,0.2278635443894611,0
45,44,87,-0.07987031556612011,0
45,44,88,0.11919552989879,0
45,44,89,-0.09534967665545424,0
45,44,90,0.02964134736389443,0
45,44,91,0.1976316192233175,0
45,44,92,0.05584801558585681,0
45,44,93,0.2054464054306059,0
45,44,94,-0.4546850619723792,0
45,44,95,0.03502235635001381,0
45,44,96,-0.2650976506559163,0
45,44,97,0.1381761364510994,0
45,44,98,-0.05921199699195422,0
45,44,99,-0.01091020773249138,0
45,44,100,0.3784576192372763,0
45,44,101,0.02096744595597823,0
45,44,102,0.2985214850800654,0
45,44,103,-0.3893468681694771,0
45,44,104,0.02826197082400881,0
45,44,105,-0.271935197045884,0
45,44,106,-0.1337227416605723,0
45,44,107,-0.008264516274357495,0
45,44,108,0.02783765071761018,0
45,44,109,0.5852649081751585,0
45,44,110,-0.05605242252688469,0
45,44,111,0.1603296577550224,0
45,44,112,-0.5090538873265926,0
45,44,113,0.1722415633391645,0
45,44,114,-0.1497418227091333,0
45,44,115,-0.3044901433371351,0
45,44,116,0.008870599047099841,0
45,44,117,0.1074041913664281,0
45,44,118,0.1219845986766778,0
45,44,119,-0.2480516443566976,0
45,44,120,-0.2117280014315825,0
45,44,121,0.09730721964133446,0
45,44,122,0.01556331640760753,0
45,44,123,0.3346186591299954,0
45,44,124,0.2676169084411232,0
45,44,125,-0.4298131048673716,0
45,44,126,-0.2462467695581941,0
45,44,127,-0.04219257411001814,0
45,44,128,-0.04851769130765614,0
45,44,129,0.4980915409902481,0
45,44,130,0.3213162953859792,0
45,44,131,-0.3966792526629946,0
45,44,132,-0.3181224912780216,0
45,44,133,-0.2455254490468597,0
45,44,134,1,0
45,44,135,-0.002909347921273429,0
45,44,136,0.0003639928467241326,0
45,44,137,0.001434503767037713,0
45,44,138,-0.001492392528990929,0
45,44,139,-0.0005283662970517586,0
45,44,140,0.001541890150053949,0
45,44,141,-0.000778248705360396,0
45,44,142,-0.000490448317623119,0
45,44,143,0.0009044695824825502,0
45,44,144,-2.01476601748379e-05,0
45,44,145,0.001642291825424818,0
45,44,146,-0.001345304721564393,0
45,44,147,-0.0004599969162319868,0
45,44,148,0.00142131055841706,0
45,44,149,-0.0009204565938448915,0
45,44,150,-0.0005257353186284987,0
45,44,151,0.001434849393731975,0
45,44,152,-0.0006992622899998724,0
45,44,153,0.001184375304833434,0
45,44,154,-0.001140999561127434,0
45,44,155,-0.0003030691818653817,0
45,44,156,0.00158365746578789,0
45,44,157,-0.0006904395803180842,0
45,44,158,-0.0007090002024098699,0
45,44,159,0.00172428615076066,0
45,44,160,-0.001053974794878983,0
45,44,161,-0.0007065970400532929,0
45,44,162,-0.0007053843714067127,0
45,44,163,-0.0003425180653511663,0
45,44,164,0.001371495345385275,0
45,44,165,-0.0007858791841439027,0
45,44,166,-0.001060532467602224,0
45,44,167,0.002071120493192948,0
45,44,168,-0.0007898893551810195,0
45,44,169,-0.001382205457670787,0
45,44,170,0.002980188685205255,0
46,45,0,-0.2601319826699403,0
46,45,1,0.9356973235166494,0
46,45,2,-0.2646009076831748,0
46,45,3,0.2916865616571268,0
46,45,4,-0.3113436524166744,0
46,45,5,0.1580669841090168,0
46,45,6,-0.1093586492300706,0
46,45,7,-0.2676556120478382,0
46,45,8,-0.05976633343009609,0
46,45,9,-0.1263415206457418,0
46,45,10,0.4596527203580921,0
46,45,11,-0.00555797257669516,0
46,45,12,0.213306054274094,0
46,45,13,-0.2127032705437366,0
46,45,14,0.03812388980947406,0
46,45,15,-0.0952562665291156,0
46,45,16,-0.1934676714770357,0
46,45,17,-0.03708695798499977,0
46,45,18,-0.05215266323454378,0
46,45,19,0.3689889834275412,0
46,45,20,0.01309602007164953,0
46,45,21,0.1243360422920759,0
46,45,22,-0.2552678323512688,0
46,45,23,0.03428682690346207,0
46,45,24,-0.06961705485819289,0
46,45,25,-0.01887336622709829,0
46,45,26,-0.06538774286502189,0
46,45,27,0.1506462795780679,0
46,45,28,0.02006646258549719,0
46,45,29,0.1518088822181757,0
46,45,30,-0.1976124283043539,0
46,45,31,0.2170121548484592,0
46,45,32,-0.02865923368812027,0
46,45,33,-0.4054728469968589,0
46,45,34,-0.01968080983851446,0
46,45,35,-0.1696919159296138,0
46,45,36,0.565530474982147,0
46,45,37,-0.07155226128109697,0
46,45,38,0.2426289850287278,0
46,45,39,-0.2586758285937121,0
46,45,40,0.08481706419423912,0
46,45,41,-0.1109470159992079,0
46,45,42,-0.2038412620713316,0
46,45,43,-0.05293255669797132,0
46,45,44,-0.09414841229317235,0
46,45,45,0.4297748099126029,0
46,45,46,-0.003789379482248212,0
46,45,47,0.1681072200010983,0
46,45,48,-0.2801265617009148,0
46,45,49,0.04004328533595222,0
46,45,50,-0.119436969979115,0
46,45,51,-0.04546497547088262,0
46,45,52,-0.07401074297180522,0
46,45,53,0.007463986420728953,0
46,45,54,0.3193122869088842,0
46,45,55,0.04736235132988934,0
46,45,56,-0.2857987992675564,0
46,45,57,0.09286367294285512,0
46,45,58,-0.02299441586221897,0
46,45,59,-0.2863405011662897,0
46,45,60,-0.02371632952115615,0
46,45,61,-0.1291430990591377,0
46,45,62,0.4793707861708934,0
46,45,63,-0.1050980058160853,0
46,45,64,0.1991170010007972,0
46,45,65,-0.1776271285183242,0
46,45,66,0.0955161075658754,0
46,45,67,-0.08292834242801654,0
46,45,68,-0.2818985934746577,0
46,45,69,-0.03700244087682419,0
46,45,70,-0.1223044632613046,0
46,45,71,0.4914982888126498,0
46,45,72,-0.02438921556784613,0
46,45,73,0.2175655542704921,0
46,45,74,-0.2750027869028599,0
46,45,75,0.07151082413289853,0
46,45,76,-0.1463090056842667,0
46,45,77,-0.1368003340759521,0
46,45,78,-0.06467077465067607,0
46,45,79,0.01288616029344885,0
46,45,80,0.4373909251086498,0
46,45,81,0.0304098373892915,0
46,45,82,0.07766165906720721,0
46,45,83,-0.4647730707390336,0
46,45,84,0.06474485177054053,0
46,45,85,0.121061831753039,0
46,45,86,-0.2236760160309437,0
46,45,87,-0.05828673457489055,0
46,45,88,0.2546273068523605,0
46,45,89,-0.0658449025707027,0
46,45,90,0.1372866146453564,0
46,45,91,-0.1042735288736261,0
46,45,92,0.07557074361947382,0
46,45,93,-0.05117097623725888,0
46,45,94,-0.2753864178010653,0
46,45,95,-0.01624545125368426,0
46,45,96,-0.136416355858722,0
46,45,97,0.443914320331895,0
46,45,98,-0.03198048876565045,0
46,45,99,0.2340394865964733,0
46,45,100,-0.2146930796990335,0
46,45,101,0.0480705864105648,0
46,45,102,-0.1353929250008849,0
46,45,103,-0.240981809719712,0
46,45,104,-0.03566879707978007,0
46,45,105,-0.01687643986751321,0
46,45,106,0.5266690512640163,0
46,45,107,-0.008387603214083031,0
46,45,108,0.1388228653356875,0
46,45,109,-0.4966712510415306,0
46,45,110,0.06698075656289296,0
46,45,111,-0.1519640392127733,0
46,45,112,0.1544404798274709,0
46,45,113,-0.1427438484450668,0
46,45,114,0.4088139133203493,0
46,45,115,0.213807575853838,0
46,45,116,0.06827185037715831,0
46,45,117,-0.02213645749668213,0
46,45,118,-0.03624744858765168,0
46,45,119,-0.1759523715023718,0
46,45,120,-0.1191782656010994,0
46,45,121,0.331130883451053,0
46,45,122,0.2128172189752386,0
46,45,123,-0.1465752786299747,0
46,45,124,-0.1155732719020288,0
46,45,125,-0.2477335222221311,0
46,45,126,-0.1071204715659356,0
46,45,127,0.4940572351800139,0
46,45,128,0.2406755335354435,0
46,45,129,-0.3537506685560609,0
46,45,130,-0.2736636005404811,0
46,45,131,-0.03724835598737108,0
46,45,132,0.1881156105679885,0
46,45,133,0.5470583011204078,0
46,45,134,-1,0
46,45,135,-0.002751404058854718,0
46,45,136,0.001399953839204476,0
46,45,137,0.0001033886715424922,0
46,45,138,-0.001384236658473937,0
46,45,139,0.001252541758580516,0
46,45,140,-0.0004247145081275799,0
46,45,141,-0.0007564050199700398,0
46,45,142,0.001093948720667111,0
46,45,143,-0.0006137752645766802,0
46,45,144,0.0009021797985025946,0
46,45,145,0.0006389129044978809,0
46,45,146,-0.001509876578807615,0
46,45,147,0.001296522783751688,0
46,45,148,0.0001117467145495946,0
46,45,149,-0.001107565319944937,0
46,45,150,0.001229629681206498,0
46,45,151,-0.0008385535137951576,0
46,45,152,-0.0002624323559348309,0
46,45,153,0.0004760065478620438,0
46,45,154,-0.001273324806417056,0
46,45,155,0.0010435011325778,0
46,45,156,8.163272174608443e-05,0
46,45,157,-0.001278565201173032,0
46,45,158,0.001597538084720152,0
46,45,159,-0.0009116905798223047,0
46,45,160,-0.0004261775169950305,0
46,45,161,0.001389657780126438,0
46,45,162,-0.0008771803191310199,0
46,45,163,0.0007314778298562023,0
46,45,164,0.0003169865056142196,0
46,45,165,-0.001378678213978431,0
46,45,166,0.001204861202106098,0
46,45,167,-0.0003849032587660044,0
46,45,168,-0.0009558160242981299,0
46,45,169,0.001850846535368271,0
46,45,170,-0.002498041627576903,0
47,46,0,0.1549414483473055,0
47,46,1,-0.8696406534924404,0
47,46,2,0.171890085957653,0
47,46,3,-0.2270063635811528,0
47,46,4,0.4944548196274271,0
47,46,5,-0.1204332699722702,0
47,46,6,0.1981094176142539,0
47,46,7,-0.05824250613733199,0
47,46,8,0.06784985711632448,0
47,46,9,-0.07859371790102852,0
47,46,10,-0.2907926915952958,0
47,46,11,-0.03139679619077685,0
47,46,12,-0.0727360762351253,0
47,46,13,0.4237553527354032,0
47,46,14,0.002535472522947758,0
47,46,15,0.1612872463833921,0
47,46,16,-0.2898033445449497,0
47,46,17,0.02820997184876733,0
47,46,18,-0.143072942570791,0
47,46,19,0.01403639144787475,0
47,46,20,-0.03922097364040145,0
47,46,21,0.06580648234745098,0
47,46,22,0.2416961496126482,0
47,46,23,0.04231360225363355,0
47,46,24,0.0183456780948302,0
47,46,25,-0.3605052570852244,0
47,46,26,-0.01637086649031976,0
47,46,27,0.2458440813858677,0
47,46,28,-0.06994248533337512,0
47,46,29,-0.1233823929629215,0
47,46,30,0.3978064928003205,0
47,46,31,-0.197797930139428,0
47,46,32,0.1133021322995104,0
47,46,33,0.08442663358233908,0
47,46,34,0.0756820168271156,0
47,46,35,-0.01531716546899758,0
47,46,36,-0.4043800844914913,0
47,46,37,-0.00243727843194171,0
47,46,38,-0.1078305223688397,0
47,46,39,0.4720803394711889,0
47,46,40,-0.03063132078404762,0
47,46,41,0.1754540536516677,0
47,46,42,-0.2932855655748323,0
47,46,43,0.04632680924230059,0
47,46,44,-0.1318320731061024,0
47,46,45,-0.03582722081761891,0
47,46,46,-0.0615759204145144,0
47,46,47,0.0429085292304329,0
47,46,48,0.3162429727917785,0
47,46,49,0.05640378505569155,0
47,46,50,0.04096955703307114,0
47,46,51,-0.4457597796174285,0
47,46,52,-0.02432910204837116,0
47,46,53,-0.07186063905444257,0
47,46,54,0.383286572371498,0
47,46,55,-0.04732178240857667,0
47,46,56,-0.1036554759921448,0
47,46,57,0.1642637850572691,0
47,46,58,0.06981840624516991,0
47,46,59,0.0651853336799494,0
47,46,60,0.1010455548200781,0
47,46,61,-0.003740572007371325,0
47,46,62,-0.3962882477406761,0
47,46,63,0.01977427565032982,0
47,46,64,-0.1008161755114356,0
47,46,65,0.4300736483400941,0
47,46,66,-0.05623264615909096,0
47,46,67,0.1573557578723936,0
47,46,68,-0.2178611807271434,0
47,46,69,0.05583334896266421,0
47,46,70,-0.1139762743386599,0
47,46,71,-0.1066680724794789,0
47,46,72,-0.0476249009715302,0
47,46,73,-0.005371419712601454,0
47,46,74,0.3852307689870313,0
47,46,75,0.04114583186952173,0
47,46,76,0.07751599745122512,0
47,46,77,-0.4756424330477676,0
47,46,78,-0.0197821977481863,0
47,46,79,-0.1088080536135775,0
47,46,80,0.3923618536574589,0
47,46,81,-0.03990802512585002,0
47,46,82,0.08624374110542456,0
47,46,83,-0.1397621971254811,0
47,46,84,0.1138901583530877,0
47,46,85,-0.2650791492685384,0
47,46,86,-0.1901432703238978,0
47,46,87,-0.00545406462806195,0
47,46,88,-0.2602717492661529,0
47,46,89,0.006551589300238606,0
47,46,90,-0.08696764146388505,0
47,46,91,0.3327875168015497,0
47,46,92,-0.0563538238050626,0
47,46,93,0.144234445114969,0
47,46,94,-0.1276219809436266,0
47,46,95,0.04477862594470226,0
47,46,96,-0.1076487634965441,0
47,46,97,-0.1799285305381133,0
47,46,98,-0.02166788618203709,0
47,46,99,-0.005246480589635188,0
47,46,100,0.4084701588059923,0
47,46,101,0.001467149287555818,0
47,46,102,0.118838029085388,0
47,46,103,-0.4445003709328855,0
47,46,104,0.01864834258910405,0
47,46,105,-0.1407538340985656,0
47,46,106,0.291390602578526,0
47,46,107,-0.03724247469691259,0
47,46,108,0.1270790531924434,0
47,46,109,-0.04444953479514483,0
47,46,110,0.07362826345955865,0
47,46,111,-0.08554713494998045,0
47,46,112,-0.3008978257356706,0
47,46,113,-0.1078338275082055,0
47,46,114,0.6949339628625378,0
47,46,115,0.124837043500646,0
47,46,116,-0.05882904828555622,0
47,46,117,0.1642800670203646,0
47,46,118,0.1236792943585811,0
47,46,119,-0.06617145853553749,0
47,46,120,-0.08775483730033326,0
47,46,121,-0.1957170693667849,0
47,46,122,-0.02775087022401745,0
47,46,123,0.380627579667874,0
47,46,124,0.1447267919530053,0
47,46,125,-0.3571933894503256,0
47,46,126,-0.1948156831825733,0
47,46,127,0.1318781593955254,0
47,46,128,0.1787967867595373,0
47,46,129,0.1740045084780254,0
47,46,130,-0.1435237871276457,0
47,46,131,-0.4636995959746342,0
47,46,132,0.08885521646727843,0
47,46,133,0.7552286447993586,0
47,46,134,-1,0
47,46,135,0.002118763525829975,0
47,46,136,-0.001586487925494785,0
47,46,137,0.0009681293604067426,0
47,46,138,-5.213347545921818e-05,0
47,46,139,-0.001046990378311349,0
47,46,140,0.001412019776204938,0
47,46,141,-0.00102279503383387,0
47,46,142,0.0002557515387392446,0
47,46,143,0.0004299394787674282,0
47,46,144,-0.001320889388595398,0
47,46,145,0.0004468504108762289,0
47,46,146,0.0004510332012471259,0
47,46,147,-0.00108904442291357,0
47,46,148,0.001187636743222743,0
47,46,149,-0.0008409466259493106,0
47,46,150,0.0001713565983402824,0
47,46,151,0.0005724574157840816,0
47,46,152,-0.001208622690498409,0
47,46,153,0.0004023007149149743,0
47,46,154,0.0004851053791958053,0
47,46,155,-0.001020504504236946,0
47,46,156,0.001150496443323958,0
47,46,157,-0.0004939791014705943,0
47,46,158,5.234216450914268e-05,0
47,46,159,0.0006983565064530864,0
47,46,160,-0.001265298819563442,0
47,46,161,0.001503500518419486,0
47,46,162,0.0004270225690415292,0
47,46,163,-0.0009851644300667866,0
47,46,164,0.0009904190272747694,0
47,46,165,-0.0003334516116763759,0
47,46,166,-0.0005966203289818672,0
47,46,167,0.001239263097223955,0
47,46,168,-0.001480094068730066,0
47,46,169,0.00138680030877653,0
47,46,170,-0.001711585165619965,0
48,47,0,-0.1072767324649074,0
48,47,1,0.984881273961731,0
48,47,2,-0.1317836975625431,0
48,47,3,0.1794478550690621,0
48,47,4,-0.7155542804865442,0
48,47,5,0.1042751126622586,0
48,47,6,-0.2139123846032414,0
48,47,7,0.3760058715034498,0
48,47,8,-0.0680447763245777,0
48,47,9,0.1932061137062207,0
48,47,10,-0.01780734015988687,0
48,47,11,0.04378925981860218,0
48,47,12,-0.1056118122415151,0
48,47,13,-0.299569699515136,0
48,47,14,-0.03143667389781425,0
48,47,15,-0.02862034873211638,0
48,47,16,0.5042350791528133,0
48,47,17,0.03146236610050591,0
48,47,18,0.1017483051907971,0
48,47,19,-0.5152311352507861,0
48,47,20,-0.03222536061848803,0
48,47,21,-0.1369722863488134,0
48,47,22,0.389673547126638,0
48,47,23,-0.003575168728488186,0
48,47,24,0.1154192381037704,0
48,47,25,-0.1515425292345517,0
48,47,26,0.05175300734760701,0
48,47,27,-0.1477983200129809,0
48,47,28,-0.1182186450747799,0
48,47,29,0.1011977988882415,0
48,47,30,-0.6393143575902221,0
48,47,31,0.1871097493667256,0
48,47,32,-0.1370553328883145,0
48,47,33,0.2213408854381773,0
48,47,34,-0.1040554229564079,0
48,47,35,0.1166802500910894,0
48,47,36,0.1435749057516136,0
48,47,37,0.0430045408689702,0
48,47,38,-0.04069313650655536,0
48,47,39,-0.4014977948797759,0
48,47,40,-0.01523187626229167,0
48,47,41,-0.07119478428112222,0
48,47,42,0.5184042728818479,0
48,47,43,0.01103660904646083,0
48,47,44,0.161975042711606,0
48,47,45,-0.4740481349791904,0
48,47,46,-0.00659205417557883,0
48,47,47,-0.1595867624341243,0
48,47,48,0.3051115747534124,0
48,47,49,-0.002499665859491633,0
48,47,50,0.1222904234346552,0
48,47,51,-0.0901153200234647,0
48,47,52,0.05289631510411679,0
48,47,53,-0.06389420860189439,0
48,47,54,-0.1833600617967202,0
48,47,55,-0.1037025135136497,0
48,47,56,0.484442511413819,0
48,47,57,0.1379790321217958,0
48,47,58,-0.0834729321858062,0
48,47,59,0.2101662953806224,0
48,47,60,-0.1573984673598586,0
48,47,61,0.08032041383890499,0
48,47,62,0.1936475317642009,0
48,47,63,0.04737610718038916,0
48,47,64,-0.0175192718293719,0
48,47,65,-0.4299456521768391,0
48,47,66,0.002456204048063934,0
48,47,67,-0.07226542622602759,0
48,47,68,0.4909197563095846,0
48,47,69,-0.01341477918906446,0
48,47,70,0.1410877138568309,0
48,47,71,-0.3954276256297012,0
48,47,72,0.01510317332023283,0
48,47,73,-0.1472958013032146,0
48,47,74,0.1818842889447069,0
48,47,75,-0.03227103727592623,0
48,47,76,0.09858681865228604,0
48,47,77,0.05205901155644651,0
48,47,78,0.05083487971941063,0
48,47,79,-0.05175819687339077,0
48,47,80,-0.2716317107359534,0
48,47,81,-0.08474758349923656,0
48,47,82,0.01897555650168577,0
48,47,83,0.51596390843782,0
48,47,84,0.09991714293091973,0
48,47,85,-0.7725135031557109,0
48,47,86,-0.09171631068896399,0
48,47,87,0.05949654397097272,0
48,47,88,0.1368123666013383,0
48,47,89,0.06413838700061349,0
48,47,90,-0.01357918436557085,0
48,47,91,-0.3996661182369148,0
48,47,92,0.01348644746436329,0
48,47,93,-0.06716813256155343,0
48,47,94,0.4414284892150712,0
48,47,95,-0.03193897113822521,0
48,47,96,0.1270400192607199,0
48,47,97,-0.3119977615450276,0
48,47,98,0.03175298367175755,0
48,47,99,-0.1302274512968617,0
48,47,100,0.08476918702324426,0
48,47,101,-0.03498095958553402,0
48,47,102,0.07579496928729341,0
48,47,103,0.1737663456085768,0
48,47,104,0.05479605405879746,0
48,47,105,-0.04052625013551567,0
48,47,106,-0.3757267656912176,0
48,47,107,-0.06188194344745244,0
48,47,108,0.02229759703898069,0
48,47,109,0.5519952495164453,0
48,47,110,0.06118151581203837,0
48,47,111,-0.01823075903814409,0
48,47,112,-0.7468493330989079,0
48,47,113,-0.05451523996170813,0
48,47,114,0.9303383448689186,0
48,47,115,0.03888227795779719,0
48,47,116,-0.005076699795240344,0
48,47,117,-0.2527476220030214,0
48,47,118,-0.080774992200255,0
48,47,119,0.3422601821603959,0
48,47,120,0.146777803083076,0
48,47,121,-0.2046626393536818,0
48,47,122,-0.1533809437008867,0
48,47,123,-0.04537654006362556,0
48,47,124,0.1091522277589811,0
48,47,125,0.3012951471748088,0
48,47,126,-0.0435286328685885,0
48,47,127,-0.4972472057293765,0
48,47,128,0.04753160019280662,0
48,47,129,0.6194085756259254,0
48,47,130,-0.04723227337040529,0
48,47,131,-0.7529744046295362,0
48,47,132,0.03620102343894071,0
48,47,133,0.8926259797606326,0
48,47,134,-1,0
48,47,135,-0.001840443880863773,0
48,47,136,0.001583034014913473,0
48,47,137,-0.001508788425524002,0
48,47,138,0.001160338465008515,0
48,47,139,-0.0001471281222022697,0
48,47,140,-0.0002851226019509853,0
48,47,141,0.001014483914475782,0
48,47,142,-0.001212849671032673,0
48,47,143,0.001231631085520079,0
48,47,144,0.001504541943262495,0
48,47,145,-0.001117942093906426,0
48,47,146,0.0005025016940736187,0
48,47,147,6.673938801435766e-05,0
48,47,148,-0.0007571400820080859,0
48,47,149,0.001101073670241709,0
48,47,150,-0.001048110451926199,0
48,47,151,0.001139901426124192,0
48,47,152,-0.001128275711773678,0
48,47,153,-0.001106487503932927,0
48,47,154,0.0003869767901100849,0
48,47,155,0.0001421912163891054,0
48,47,156,-0.0007304900140927489,0
48,47,157,0.001009054133675758,0
48,47,158,-0.001041838856597674,0
48,47,159,0.001009232084117367,0
48,47,160,-0.0008521224796682821,0
48,47,161,0.0007566094184116907,0
48,47,162,0.0003287671819865655,0
48,47,163,0.0003383246979514216,0
48,47,164,-0.0009766560991035711,0
48,47,165,0.001146889182432284,0
48,47,166,-0.0010551648758596,0
48,47,167,0.001023283625505716,0
48,47,168,-0.0008268784287608483,0
48,47,169,0.0005589135142711594,0
48,47,170,-0.000823575032438369,0
49,48,0,0.06241271808196142,0
49,48,1,-1,0
49,48,2,0.09141736233913814,0
49,48,3,-0.1098902092598278,0
49,48,4,0.8280781990860747,0
49,48,5,-0.07960464210630545,0
49,48,6,0.1579823936407002,0
49,48,7,-0.6178033744866209,0
49,48,8,0.05166659170417106,0
49,48,9,-0.1986561915449042,0
49,48,10,0.3759205492297213,0
49,48,11,-0.02731706509995012,0
49,48,12,0.2059207268975508,0
49,48,13,-0.08649175302374308,0
49,48,14,0.01966131014555287,0
49,48,15,-0.1414600923021355,0
49,48,16,-0.2672579912912904,0
49,48,17,-0.0556680574644306,0
49,48,18,0.07731720905673095,0
49,48,19,0.5608359821089858,0
49,48,20,0.09090523561121845,0
49,48,21,-0.01853230648453749,0
49,48,22,-0.7651346011325997,0
49,48,23,-0.08177226221121088,0
49,48,24,-0.01389797053853094,0
49,48,25,0.8548463998477368,0
49,48,26,0.04999845823703237,0
49,48,27,-0.8407532332176946,0
49,48,28,-0.000667807439189317,0
49,48,29,-0.06670848267665241,0
49,48,30,0.7776712557684715,0
49,48,31,-0.1448860226870834,0
49,48,32,0.1134497433183096,0
49,48,33,-0.4772890101753742,0
49,48,34,0.09224912858271563,0
49,48,35,-0.1453073818742268,0
49,48,36,0.1896742951357789,0
49,48,37,-0.04016551263965985,0
49,48,38,0.1403621061811433,0
49,48,39,0.07212582499684088,0
49,48,40,0.01420370747590551,0
49,48,41,-0.07698191980175581,0
49,48,42,-0.3174156542979257,0
49,48,43,-0.03077195904025773,0
49,48,44,-0.03860798843512155,0
49,48,45,0.5604696708112407,0
49,48,46,0.09430108565215306,0
49,48,47,0.0849090417097766,0
49,48,48,-0.7346383069227662,0
49,48,49,-0.1355210055067332,0
49,48,50,-0.08873245489641703,0
49,48,51,0.8519841143820676,0
49,48,52,0.09000387970727736,0
49,48,53,0.0547213522719275,0
49,48,54,-0.8737204793162338,0
49,48,55,-0.02083975013678293,0
49,48,56,0.8230066263782273,0
49,48,57,-0.04165427205328072,0
49,48,58,0.07000864443531164,0
49,48,59,-0.45422314693494,0
49,48,60,0.1479121630482372,0
49,48,61,-0.1032833657574786,0
49,48,62,0.1097858596667926,0
49,48,63,-0.06449719453377131,0
49,48,64,0.09493689773261997,0
49,48,65,0.1568157472331007,0
49,48,66,0.01780045039013911,0
49,48,67,-0.03865511841504758,0
49,48,68,-0.3480107728797741,0
49,48,69,-0.01757072356623439,0
49,48,70,-0.05299868847101177,0
49,48,71,0.4824778802585523,0
49,48,72,0.05472334881529038,0
49,48,73,0.1485745915953686,0
49,48,74,-0.5948974303158354,0
49,48,75,-0.1111629233914368,0
49,48,76,-0.1275088156267262,0
49,48,77,0.6767829481137368,0
49,48,78,0.1199034039695098,0
49,48,79,0.07595344026059406,0
49,48,80,-0.7484107352985301,0
49,48,81,-0.04408736773285524,0
49,48,82,-0.02624973066091426,0
49,48,83,0.7465894408542441,0
49,48,84,-0.02261546686332311,0
49,48,85,-0.6879912794648883,0
49,48,86,0.05109654304209751,0
49,48,87,-0.06971776641856244,0
49,48,88,0.1273319216230579,0
49,48,89,-0.1006066138380693,0
49,48,90,0.07108817928174195,0
49,48,91,0.1761458327866907,0
49,48,92,0.02786538718692278,0
49,48,93,-0.02437022232034303,0
49,48,94,-0.3584184158457606,0
49,48,95,-0.009828087689223422,0
49,48,96,-0.04509691699702601,0
49,48,97,0.4402393151955977,0
49,48,98,0.02379744498424902,0
49,48,99,0.1047814828984849,0
49,48,100,-0.4673368792334159,0
49,48,101,-0.05071256856201126,0
49,48,102,-0.1323208119330653,0
49,48,103,0.4944950064371538,0
49,48,104,0.07387470972824492,0
49,48,105,0.06202792105082298,0
49,48,106,-0.5412447064000351,0
49,48,107,-0.05653289694555622,0
49,48,108,-0.01014259353527955,0
49,48,109,0.6136700619531035,0
49,48,110,-0.002416114186115064,0
49,48,111,-0.009042393367417105,0
49,48,112,-0.6259207566708479,0
49,48,113,0.02878607899096795,0
49,48,114,0.5841642286152103,0
49,48,115,-0.02344416045101422,0
49,48,116,0.07262541958834966,0
49,48,117,0.1357634087634217,0
49,48,118,-0.04091844081170679,0
49,48,119,-0.3639089400281033,0
49,48,120,-0.0136526265405559,0
49,48,121,0.4506572311605009,0
49,48,122,0.04941633166565527,0
49,48,123,-0.4416643370960109,0
49,48,124,-0.05335631140149841,0
49,48,125,0.4050766020476278,0
49,48,126,0.03617679124206547,0
49,48,127,-0.4005938346036874,0
49,48,128,0.02185363402975707,0
49,48,129,0.4536062406022782,0
49,48,130,-0.02624435037736591,0
49,48,131,-0.5535721209991344,0
49,48,132,0.01199090600834439,0
49,48,133,0.5867067701637998,0
49,48,134,-0.5634834449414998,0
49,48,135,0.001377046551892708,0
49,48,136,-0.001188166642698044,0
49,48,137,0.001360402144143264,0
49,48,138,-0.001454640166729898,0
49,48,139,0.001202856900371105,0
49,48,140,-0.001390154317841314,0
49,48,141,0.0006480378186045087,0
49,48,142,-0.0001749124662099127,0
49,48,143,-0.0001556510256661669,0
49,48,144,-0.001248727037149632,0
49,48,145,0.001198317801583471,0
49,48,146,-0.000966743692501777,0
49,48,147,0.0007279706807574098,0
49,48,148,-0.0003609522892485479,0
49,48,149,0.0003538255011112084,0
49,48,150,-4.519721916609239e-05,0
49,48,151,-0.0002648713589447477,0
49,48,152,0.0004324782220665415,0
49,48,153,0.001223675481740228,0
49,48,154,-0.000803009643233205,0
49,48,155,0.0005187898287939929,0
49,48,156,-0.0002010348721949757,0
49,48,157,-4.451187665355669e-05,0
49,48,158,4.599294636403419e-05,0
49,48,159,-5.910043615183478e-05,0
49,48,160,0.0002132444953945391,0
49,48,161,-0.0004461858932766244,0
49,48,162,-0.000852600163235217,0
49,48,163,0.0005242152935744389,0
49,48,164,-0.0001095282955676111,0
49,48,165,-0.0001429659329149071,0
49,48,166,0.0001496096356227093,0
49,48,167,5.648048562702965e-05,0
49,48,168,-0.0002209383128186752,0
49,48,169,-7.925331061128644e-05,0
49,48,170,-1.156714988349788e-05,0
50,49,0,0.02200958603826518,0
50,49,1,-1,0
50,49,2,0.02764925170825115,0
50,49,3,-0.0215886175639377,0
50,49,4,0.9221230490306063,0
50,49,5,-0.04465406025975928,0
50,49,6,0.01484263965348356,0
50,49,7,-0.8320799727539711,0
50,49,8,0.04898906583887386,0
50,49,9,-0.01268295915772912,0
50,49,10,0.7686291230046538,0
50,49,11,-0.03747905113022076,0
50,49,12,0.04298810256315259,0
50,49,13,-0.7428232918847077,0
50,49,14,0.008872553438024568,0
50,49,15,-0.1149791481047154,0
50,49,16,0.755791878259218,0
50,49,17,0.04210943569515945,0
50,49,18,0.128344386764678,0
50,49,19,-0.7341550883979149,0
50,49,20,-0.08949826809171557,0
50,49,21,-0.1230546219264447,0
50,49,22,0.6736398459027072,0
50,49,23,0.06370611172584072,0
50,49,24,0.0843289083681307,0
50,49,25,-0.5483668540691676,0
50,49,26,-0.01141148515477306,0
50,49,27,0.394977226515023,0
50,49,28,-0.04626055185225487,0
50,49,29,-0.00470475200783466,0
50,49,30,0.9642355787307699,0
50,49,31,-0.0706441396567533,0
50,49,32,0.005334858487959374,0
50,49,33,-0.8328430947783839,0
50,49,34,0.08033417349038394,0
50,49,35,-0.02483400163026268,0
50,49,36,0.7020934169050044,0
50,49,37,-0.06090531841091369,0
50,49,38,0.06893015856693246,0
50,49,39,-0.5969628314579595,0
50,49,40,0.01789282989424123,0
50,49,41,-0.1384999807865135,0
50,49,42,0.5198659150237965,0
50,49,43,0.0389584048601909,0
50,49,44,0.2030688465741472,0
50,49,45,-0.4728973605662269,0
50,49,46,-0.0952717310860101,0
50,49,47,-0.1837137037058802,0
50,49,48,0.4426875679127327,0
50,49,49,0.1192672740055041,0
50,49,50,0.1248609412527669,0
50,49,51,-0.4205226242885404,0
50,49,52,-0.05070713495566499,0
50,49,53,-0.05231382457500316,0
50,49,54,0.3366182644406263,0
50,49,55,-0.02729859897327993,0
50,49,56,-0.2224660543519175,0
50,49,57,0.06699664040946966,0
50,49,58,0.01083451749125932,0
50,49,59,-0.8483464876423049,0
50,49,60,0.1069660727388209,0
50,49,61,-0.04367043452031637,0
50,49,62,0.6589625704995484,0
50,49,63,-0.07668799086894353,0
50,49,64,0.09574511703639045,0
50,49,65,-0.4815801855036218,0
50,49,66,0.02590521589196625,0
50,49,67,-0.1509146302402704,0
50,49,68,0.3312895181530471,0
50,49,69,0.0272880713606397,0
50,49,70,0.1851007155734443,0
50,49,71,-0.2221768781144141,0
50,49,72,-0.07101862704836895,0
50,49,73,-0.1826675433198908,0
50,49,74,0.1624096681660177,0
50,49,75,0.08951838630646029,0
50,49,76,0.1127327163590753,0
50,49,77,-0.1638210773893312,0
50,49,78,-0.06872113206958903,0
50,49,79,-0.03876461763691727,0
50,49,80,0.1837869128020965,0
50,49,81,-0.005711443590053909,0
50,49,82,-0.003601851883520599,0
50,49,83,-0.1444628365130942,0
50,49,84,0.05374470834868082,0
50,49,85,0.06701983853101115,0
50,49,86,-0.04747110531652961,0
50,49,87,-0.052074510576713,0
50,49,88,0.624391564554134,0
50,49,89,-0.08984682266600053,0
50,49,90,0.1063796242572554,0
50,49,91,-0.3959834135164852,0
50,49,92,0.03443116139637208,0
50,49,93,-0.1443916870783485,0
50,49,94,0.1898454922421047,0
50,49,95,0.008933732820857467,0
50,49,96,0.1484358768145005,0
50,49,97,-0.03529750957481884,0
50,49,98,-0.03714763786744119,0
50,49,99,-0.1157262832668144,0
50,49,100,-0.04705616728381121,0
50,49,101,0.04738584211597491,0
50,49,102,0.05814161977615889,0
50,49,103,0.05008025640800744,0
50,49,104,-0.03813837416899626,0
50,49,105,0.005197858722607615,0
50,49,106,0.01106472741561488,0
50,49,107,0.009704251297963836,0
50,49,108,-0.03545418784042736,0
50,49,109,-0.06958442657858434,0
50,49,110,0.02882129190924714,0
50,49,111,0.02641679089740896,0
50,49,112,0.06234405345070489,0
50,49,113,-0.03520028885768674,0
50,49,114,-0.01494179937691698,0
50,49,115,0.01219223749359356,0
50,49,116,0.09494667643134574,0
50,49,117,-0.3600144167926303,0
50,49,118,-0.119087977626561,0
50,49,119,0.1239798689261417,0
50,49,120,0.09633994015714548,0
50,49,121,0.06766277579938958,0
50,49,122,-0.0467806972021523,0
50,49,123,-0.1730183271276278,0
50,49,124,-0.007650376472235542,0
50,49,125,0.1785927182838662,0
50,49,126,0.04583001924836521,0
50,49,127,-0.1026794450437063,0
50,49,128,-0.05186886604274932,0
50,49,129,-0.004820711229653626,0
50,49,130,0.03037744733526468,0
50,49,131,0.07669943465643628,0
50,49,132,-0.006576850386847553,0
50,49,133,-0.07584501773243034,0
50,49,134,0.03823464283948767,0
50,49,135,0.0006523121193361144,0
50,49,136,-0.00040367851984624,0
50,49,137,0.0004423656070045898,0
50,49,138,-0.0002354462761572086,0
50,49,139,0.0007725272055050756,0
50,49,140,-0.000417390517500308,0
50,49,141,0.0007972354002067338,0
50,49,142,-0.0007433083014029953,0
50,49,143,0.0007544802227585108,0
50,49,144,-0.0005237178609822399,0
50,49,145,0.0007150246668059204,0
50,49,146,-0.0006824834798893929,0
50,49,147,0.0007561537545518135,0
50,49,148,-0.0007540719855042467,0
50,49,149,0.0006729255766219931,0
50,49,150,-0.0004635553953052642,0
50,49,151,0.0005956958670775049,0
50,49,152,-0.0005929529350512524,0
50,49,153,0.000912797512611046,0
50,49,154,-0.0008617979052488918,0
50,49,155,0.0009122940291025701,0
50,49,156,-0.0008073208905002482,0
50,49,157,0.0005280297837430192,0
50,49,158,-0.000410172698192067,0
50,49,159,0.0001760387496613224,0
50,49,160,-0.0001729985525900547,0
50,49,161,0.0003344642785679075,0
50,49,162,-0.0009734079003415524,0
50,49,163,0.001026268470557347,0
50,49,164,-0.0008071113029461094,0
50,49,165,0.000424828891195047,0
50,49,166,-1.129414960391336e-05,0
50,49,167,-0.0002207255572789447,0
50,49,168,0.0002695888050349522,0
50,49,169,-1.335119435993264e-05,0
50,49,170,-5.162803532918874e-05,0
51,50,0,-0.01138409507219827,0
51,50,1,-0.1425338529194884,0
51,50,2,0.005289578618028467,0
51,50,3,-0.0066003409376805,0
51,50,4,0.1993695048801715,0
51,50,5,0.03185444453865402,0
51,50,6,0.05126462271507467,0
51,50,7,-0.2709815465303643,0
51,50,8,-0.06182057847798925,0
51,50,9,-0.09966484326914082,0
51,50,10,0.2904396458269151,0
51,50,11,0.0625176310614262,0
51,50,12,0.1209760251429795,0
51,50,13,-0.2043992415112997,0
51,50,14,-0.02633250614544697,0
51,50,15,-0.08914000239237158,0
51,50,16,-0.001289253054155453,0
51,50,17,-0.04413730792686572,0
51,50,18,0.007473501957526664,0
51,50,19,0.3095028965092424,0
51,50,20,0.1596282729084584,0
51,50,21,0.08049392096793143,0
51,50,22,-0.6012258396003994,0
51,50,23,-0.2211763238996786,0
51,50,24,-0.1030662885242398,0
51,50,25,0.7333791823652079,0
51,50,26,0.1713588135734846,0
51,50,27,-0.6521641682451197,0
51,50,28,-0.02328261183450024,0
51,50,29,-0.02982537037183111,0
51,50,30,0.0903266499478326,0
51,50,31,0.03513673422326449,0
51,50,32,0.06939701080561909,0
51,50,33,-0.1563753733415253,0
51,50,34,-0.08687755603759099,0
51,50,35,-0.08472512544563612,0
51,50,36,0.2239767697891871,0
51,50,37,0.09156241642653744,0
51,50,38,0.04808945438672432,0
51,50,39,-0.2434552058668147,0
51,50,40,-0.03806001657456153,0
51,50,41,0.04847817717434748,0
51,50,42,0.1857001370725345,0
51,50,43,-0.06082396436456659,0
51,50,44,-0.1854585428842398,0
51,50,45,-0.05402946671100906,0
51,50,46,0.172618020356453,0
51,50,47,0.2980304138952862,0
51,50,48,-0.1869924305558837,0
51,50,49,-0.3101516514602033,0
51,50,50,-0.3047078746915585,0
51,50,51,0.4457981880004602,0
51,50,52,0.3098033683719831,0
51,50,53,0.1827732450832832,0
51,50,54,-0.5816753937727172,0
51,50,55,-0.1489098815505516,0
51,50,56,0.5407584189768982,0
51,50,57,-0.05696723126958703,0
51,50,58,0.03323239750532579,0
51,50,59,-0.08627576222807316,0
51,50,60,-0.08525433066989978,0
51,50,61,-0.02227552243932682,0
51,50,62,0.1954547786399477,0
51,50,63,0.09135659235685539,0
51,50,64,-0.04879282766432433,0
51,50,65,-0.3143066137292894,0
51,50,66,-0.03676607869253411,0
51,50,67,0.1621187362332482,0
51,50,68,0.4020991683691308,0
51,50,69,-0.05807986190560988,0
51,50,70,-0.2778866351664221,0
51,50,71,-0.4266804454257598,0
51,50,72,0.1620924268278621,0
51,50,73,0.3569101968863161,0
51,50,74,0.3782519543279881,0
51,50,75,-0.2336603229873288,0
51,50,76,-0.358757319524823,0
51,50,77,-0.1816587633247221,0
51,50,78,0.2869950625716202,0
51,50,79,0.2445728237756796,0
51,50,80,-0.07118045044913521,0
51,50,81,-0.2020535728874651,0
51,50,82,-0.08851664064425607,0
51,50,83,0.229936575060235,0
51,50,84,0.02366121543272803,0
51,50,85,-0.2224317185269892,0
51,50,86,0.09618079313893653,0
51,50,87,0.03113841423058883,0
51,50,88,0.2398182751445521,0
51,50,89,0.07623127536559902,0
51,50,90,-0.107265534351733,0
51,50,91,-0.4091833859169977,0
51,50,92,-0.03345126262045659,0
51,50,93,0.1983244533712768,0
51,50,94,0.597647419318278,0
51,50,95,-0.03053426461748095,0
51,50,96,-0.2614389878428273,0
51,50,97,-0.7447043623801669,0
51,50,98,0.09570139694974455,0
51,50,99,0.2636676476274643,0
51,50,100,0.7959139020989546,0
51,50,101,-0.1394620262742683,0
51,50,102,-0.200466760561487,0
51,50,103,-0.7236887753532367,0
51,50,104,0.1435240552110079,0
51,50,105,0.1249556791499591,0
51,50,106,0.4896409770033816,0
51,50,107,-0.1257268560395669,0
51,50,108,-0.01713650742907153,0
51,50,109,-0.210443552596978,0
51,50,110,0.04804489961554748,0
51,50,111,-0.03451470091706624,0
51,50,112,0.02726741323520784,0
51,50,113,0.03884422252018559,0
51,50,114,-0.01160450463960308,0
51,50,115,-0.05268451572257064,0
51,50,116,-0.09066021886650923,0
51,50,117,-0.466673640262625,0
51,50,118,0.1404044660284587,0
51,50,119,0.6712790855062155,0
51,50,120,-0.1395102251679159,0
51,50,121,-0.8785554827454173,0
51,50,122,0.08605825460235512,0
51,50,123,1,0
51,50,124,0.002082410000070638,0
51,50,125,-0.9730850340409054,0
51,50,126,-0.09442890165053383,0
51,50,127,0.7844011293840529,0
51,50,128,0.1096582192498454,0
51,50,129,-0.4869906636467591,0
51,50,130,-0.1035550671877253,0
51,50,131,0.2092545132508515,0
51,50,132,0.0533122876304274,0
51,50,133,-0.0381369156177396,0
51,50,134,0.02719896192650451,0
51,50,135,-2.733996469074343e-05,0
51,50,136,0.0001317115760826613,0
51,50,137,9.547150013219437e-05,0
51,50,138,-0.0004309179037964365,0
51,50,139,0.0005866468788601297,0
51,50,140,-0.0005650618298899415,0
51,50,141,0.0004584539825876924,0
51,50,142,3.372366045375085e-05,0
51,50,143,-0.0004818986776003732,0
51,50,144,0.0002398636293119645,0
51,50,145,-0.0002834824532093787,0
51,50,146,0.000291833449972861,0
51,50,147,-0.0002636493690722251,0
51,50,148,0.00041694374235797,0
51,50,149,-0.0009151332165718108,0
51,50,150,0.0002497517556987594,0
51,50,151,-0.0004703916461019331,0
51,50,152,0.000843253111329896,0
51,50,153,-0.0007130218034358506,0
51,50,154,0.0007940168662747047,0
51,50,155,-0.0009265684298979199,0
51,50,156,0.0009807327959271298,0
51,50,157,-0.0006793258784401859,0
51,50,158,0.0008990501217014851,0
51,50,159,-3.251504983564112e-05,0
51,50,160,6.764535914987647e-05,0
51,50,161,-0.0006478018059489225,0
51,50,162,0.0009607712098771772,0
51,50,163,-0.001159890110341819,0
51,50,164,0.001053293835790153,0
51,50,165,-0.0005377134472177294,0
51,50,166,-0.0001442387614438968,0
51,50,167,0.0004758609921018558,0
51,50,168,-0.0008598958750770006,0
51,50,169,0.0006446861194980407,0
51,50,170,1.343249120004465e-05,0
52,51,0,0.05081636708708282,0
52,51,1,-0.09434965925933103,0
52,51,2,-0.06661402126679028,0
52,51,3,-0.1195836126094779,0
52,51,4,0.1390245015063469,0
52,51,5,0.08448531699375246,0
52,51,6,0.1370746430633823,0
52,51,7,-0.009226967307871115,0
52,51,8,-0.01190277696966252,0
52,51,9,-0.0598424660348252,0
52,51,10,-0.3173558582294804,0
52,51,11,-0.1237273626791928,0
52,51,12,-0.1224555208206807,0
52,51,13,0.7175732142957606,0
52,51,14,0.253367885500501,0
52,51,15,0.350841598657944,0
52,51,16,-1,0
52,51,17,-0.3159209440389729,0
52,51,18,-0.3867386183688888,0
52,51,19,0.9097846473098637,0
52,51,20,0.2287316403504744,0
52,51,21,0.264151113566887,0
52,51,22,-0.4403242998363794,0
52,51,23,0.05733643555751337,0
52,51,24,-0.08038231324865551,0
52,51,25,-0.1588492660531356,0
52,51,26,-0.2622094658304723,0
52,51,27,0.4908921525162681,0
52,51,28,0.2063092259797079,0
52,51,29,-0.04442130185198267,0
52,51,30,0.1165077729306058,0
52,51,31,0.1383633208024251,0
52,51,32,-0.00585123161459236,0
52,51,33,-0.1938075076206076,0
52,51,34,-0.05064075580851606,0
52,51,35,0.1658553466487953,0
52,51,36,0.1120767625232788,0
52,51,37,-0.1470217236702049,0
52,51,38,-0.3717710474360099,0
52,51,39,0.117742471794723,0
52,51,40,0.3448196664534917,0
52,51,41,0.5237563700653503,0
52,51,42,-0.3864860568357851,0
52,51,43,-0.4365738670249382,0
52,51,44,-0.5168038833522096,0
52,51,45,0.5481018136482994,0
52,51,46,0.3552828714446041,0
52,51,47,0.2356297819536177,0
52,51,48,-0.4356288591240535,0
52,51,49,-0.03619719809674735,0
52,51,50,0.08082390738226972,0
52,51,51,0.03228719452781979,0
52,51,52,-0.3788574854787691,0
52,51,53,-0.1869620387923583,0
52,51,54,0.5070025123353816,0
52,51,55,0.4781779475589961,0
52,51,56,-0.8233270513975455,0
52,51,57,-0.1789192079912845,0
52,51,58,-0.08042642635170454,0
52,51,59,-0.4071584238441443,0
52,51,60,-0.1005562439602698,0
52,51,61,0.2476534917063352,0
52,51,62,0.5332952082739614,0
52,51,63,-0.09221215347564364,0
52,51,64,-0.4150578527907297,0
52,51,65,-0.5052327723728167,0
52,51,66,0.2927362661546194,0
52,51,67,0.4677497027490571,0
52,51,68,0.3119390158262316,0
52,51,69,-0.387486790349286,0
52,51,70,-0.3382440288586301,0
52,51,71,-0.02960008109773362,0
52,51,72,0.3129164648401301,0
52,51,73,0.04917162338147778,0
52,51,74,-0.2211703625839484,0
52,51,75,-0.08236406696939826,0
52,51,76,0.3235056317546467,0
52,51,77,0.2392655117260674,0
52,51,78,-0.2968886258867619,0
52,51,79,-0.4785396509474847,0
52,51,80,0.04314132470044479,0
52,51,81,0.5474734285275029,0
52,51,82,0.3180306690588984,0
52,51,83,-0.4883459315063317,0
52,51,84,-0.4002845858489748,0
52,51,85,0.7583357803609611,0
52,51,86,0.01042032835734766,0
52,51,87,0.1628342702027678,0
52,51,88,0.7665500655698789,0
52,51,89,-0.00672328355614569,0
52,51,90,-0.2660982656914093,0
52,51,91,-0.8825253429037951,0
52,51,92,0.148949264422231,0
52,51,93,0.2390879385567937,0
52,51,94,0.7985816667753403,0
52,51,95,-0.2223072841392422,0
52,51,96,-0.06707275713552467,0
52,51,97,-0.4868446570908214,0
52,51,98,0.1879740038876509,0
52,51,99,-0.1865844750072742,0
52,51,100,0.0329415445131018,0
52,51,101,-0.05302197322338682,0
52,51,102,0.4179797331940968,0
52,51,103,0.4049627798959922,0
52,51,104,-0.1208627694282752,0
52,51,105,-0.5416318491909407,0
52,51,106,-0.5493035683666909,0
52,51,107,0.3134145791523581,0
52,51,108,0.4123887048692105,0
52,51,109,0.3310958283664436,0
52,51,110,-0.3403429361140712,0
52,51,111,-0.1605706552597967,0
52,51,112,0.07849506473406848,0
52,51,113,0.1412993681370492,0
52,51,114,-0.3281052446967477,0
52,51,115,0.07785806456922285,0
52,51,116,-0.05967700556794472,0
52,51,117,-0.8405286283626405,0
52,51,118,-0.009639198238018605,0
52,51,119,0.8995164678186148,0
52,51,120,0.1534917686127275,0
52,51,121,-0.6917623897310345,0
52,51,122,-0.2880911773553662,0
52,51,123,0.2259287103660142,0
52,51,124,0.3374607141566504,0
52,51,125,0.3508679742077992,0
52,51,126,-0.2638939207938847,0
52,51,127,-0.8107462747352413,0
52,51,128,0.1558230294971341,0
52,51,129,0.9284167578029967,0
52,51,130,0.005286739632408534,0
52,51,131,-0.6869064591000992,0
52,51,132,-0.06811213499921297,0
52,51,133,0.2531283182951084,0
52,51,134,0.00882129339529803,0
52,51,135,-0.0002091205574611155,0
52,51,136,-0.0002779095059216561,0
52,51,137,0.0006473422066170116,0
52,51,138,-0.0007645252361666144,0
52,51,139,-0.0007307587666872061,0
52,51,140,0.00160155777735754,0
52,51,141,-0.002627420893810108,0
52,51,142,0.002588897686576725,0
52,51,143,-0.001831604857066866,0
52,51,144,0.001002253621309391,0
52,51,145,-0.0006412519404087273,0
52,51,146,0.0004442793740752724,0
52,51,147,-0.0006336051508887744,0
52,51,148,0.000559183685941897,0
52,51,149,-0.0007361511991430676,0
52,51,150,0.001072572019895156,0
52,51,151,-0.001313473924457153,0
52,51,152,0.000671495758830476,0
52,51,153,-0.001157485455048207,0
52,51,154,0.0006467878790190538,0
52,51,155,-0.0001934943755281418,0
52,51,156,-0.0005295206987785661,0
52,51,157,0.001052182997849804,0
52,51,158,-0.001464350038678263,0
52,51,159,0.0003327091781743647,0
52,51,160,9.998295790597193e-05,0
52,51,161,0.000483197831857238,0
52,51,162,0.0004008060677808449,0
52,51,163,0.0003727405743756866,0
52,51,164,-0.001610717498313209,0
52,51,165,0.002351067509075079,0
52,51,166,-0.002416300113321542,0
52,51,167,0.002253871885537178,0
52,51,168,-0.0003457386040756167,0
52,51,169,-0.0007671541777996961,0
52,51,170,-9.605472595459658e-05,0
53,52,0,-0.07505789898054037,0
53,52,1,0.03383006427046543,0
53,52,2,0.09118509839595336,0
53,52,3,0.01564098303051114,0
53,52,4,0.2130767090503866,0
53,52,5,0.1223253933989902,0
53,52,6,0.1632444852032666,0
53,52,7,-0.6793372288979886,0
53,52,8,-0.3533005976071968,0
53,52,9,-0.3226542034556388,0
53,52,10,1,0
53,52,11,0.3893965071432031,0
53,52,12,0.325342943928911,0
53,52,13,-0.8861134849984603,0
53,52,14,-0.1790993790121884,0
53,52,15,-0.1475734691802987,0
53,52,16,0.3849550198342999,0
53,52,17,-0.1275005221498274,0
53,52,18,-0.07584091976818055,0
53,52,19,0.1165760535512464,0
53,52,20,0.2897399478064964,0
53,52,21,0.130729824923925,0
53,52,22,-0.186231521856769,0
53,52,23,-0.1133374044302148,0
53,52,24,-0.03832267999710497,0
53,52,25,-0.1452413896641027,0
53,52,26,-0.1769972077920997,0
53,52,27,0.4135181442731124,0
53,52,28,0.2006422397800142,0
53,52,29,-0.1482355069331832,0
53,52,30,-0.3534566671313997,0
53,52,31,-0.01968343270884475,0
53,52,32,0.4105666819713013,0
53,52,33,0.1260735027145387,0
53,52,34,-0.3842772468215474,0
53,52,35,-0.5687713681036628,0
53,52,36,0.3139426799843909,0
53,52,37,0.5891460263759931,0
53,52,38,0.4485630889824472,0
53,52,39,-0.6296952426950552,0
53,52,40,-0.3925420948550318,0
53,52,41,-0.10473044449103,0
53,52,42,0.5613545447645322,0
53,52,43,-0.06833426518761476,0
53,52,44,-0.231542288634956,0
53,52,45,-0.1654228055918152,0
53,52,46,0.4334862892610402,0
53,52,47,0.273411791842646,0
53,52,48,-0.2148918882329993,0
53,52,49,-0.394246681606851,0
53,52,50,-0.03541549401090948,0
53,52,51,0.1766272024128227,0
53,52,52,-0.09741975980653619,0
53,52,53,-0.1392318488120717,0
53,52,54,0.266397825162429,0
53,52,55,0.4702281954235675,0
53,52,56,-0.6526676875942078,0
53,52,57,-0.2801415905601796,0
53,52,58,0.315761862367643,0
53,52,59,0.8151364250805845,0
53,52,60,-0.1406101683113855,0
53,52,61,-0.5051369660047842,0
53,52,62,-0.5714193044843942,0
53,52,63,0.480861996684856,0
53,52,64,0.3833760551539795,0
53,52,65,0.09150728087567231,0
53,52,66,-0.4450637999965636,0
53,52,67,-0.01241846361684546,0
53,52,68,0.2977909552062512,0
53,52,69,0.05969572879510404,0
53,52,70,-0.3249188642386366,0
53,52,71,-0.3321721465033974,0
53,52,72,0.361068298957057,0
53,52,73,0.3714699440092671,0
53,52,74,0.03779808085870954,0
53,52,75,-0.4711500617342387,0
53,52,76,-0.02903967251881561,0
53,52,77,0.2668803101303519,0
53,52,78,0.1281473198184525,0
53,52,79,-0.3373598910296036,0
53,52,80,-0.1870916321168185,0
53,52,81,0.4286819462871725,0
53,52,82,0.3437702219612431,0
53,52,83,-0.2908567848763778,0
53,52,84,-0.5751418920285225,0
53,52,85,0.7283117836425357,0
53,52,86,0.1722120050892099,0
53,52,87,-0.2288399860181454,0
53,52,88,-0.9782879635109797,0
53,52,89,0.1818461508910185,0
53,52,90,0.1828194867233319,0
53,52,91,0.712089402865322,0
53,52,92,-0.2867565963255276,0
53,52,93,0.0794852207474341,0
53,52,94,-0.1835479094378149,0
53,52,95,0.1237213413347908,0
53,52,96,-0.3127338563390391,0
53,52,97,-0.2513410156734018,0
53,52,98,0.1483832200974798,0
53,52,99,0.2958047465323793,0
53,52,100,0.3002605320109513,0
53,52,101,-0.2938672594844752,0
53,52,102,-0.007187949451736985,0
53,52,103,0.0383092459002254,0
53,52,104,0.1877060524163805,0
53,52,105,-0.3900753512315974,0
53,52,106,-0.4114060698807626,0
53,52,107,0.1411347328413468,0
53,52,108,0.521650709185559,0
53,52,109,0.4158368112005723,0
53,52,110,-0.4213387524660688,0
53,52,111,-0.3036345815861251,0
53,52,112,0.003737864410884384,0
53,52,113,0.3335523053120653,0
53,52,114,-0.4310402711319823,0
53,52,115,-0.007910673784015223,0
53,52,116,-0.005496920168433434,0
53,52,117,0.7682028554879244,0
53,52,118,0.1397067470538576,0
53,52,119,-0.5426322447636071,0
53,52,120,-0.222290304421363,0
53,52,121,0.04043249259979837,0
53,52,122,0.1396795285049818,0
53,52,123,0.3454433650694519,0
53,52,124,0.06800724534039267,0
53,52,125,-0.3051162064206135,0
53,52,126,-0.2537801436978941,0
53,52,127,-0.1397222370201023,0
53,52,128,0.3145523715213041,0
53,52,129,0.6193740349100144,0
53,52,130,-0.1779210315892468,0
53,52,131,-0.7381484337485322,0
53,52,132,0.01326380298063162,0
53,52,133,0.3888428670127519,0
53,52,134,0.01978720888439194,0
53,52,135,0.0001266369442075152,0
53,52,136,0.0006618976204535112,0
53,52,137,-7.401774019529777e-05,0
53,52,138,-0.001272453558052227,0
53,52,139,0.002339808960169068,0
53,52,140,-0.001662153714773483,0
53,52,141,0.0002329390014155995,0
53,52,142,0.001462183102071241,0
53,52,143,-0.001718028579492512,0
53,52,144,-0.0006981098484931508,0
53,52,145,-0.0001626774834546966,0
53,52,146,-6.686367110456104e-05,0
53,52,147,0.0007151569191900112,0
53,52,148,-0.001282903147595739,0
53,52,149,0.0004910890491170799,0
53,52,150,0.0001094281068977682,0
53,52,151,-0.001537279405493211,0
53,52,152,0.001554694727380014,0
53,52,153,-0.000353307324374644,0
53,52,154,0.00109835356022525,0
53,52,155,-0.001044584692408305,0
53,52,156,0.0002427130536003047,0
53,52,157,0.0007858836511213257,0
53,52,158,-0.0009411655441928581,0
53,52,159,0.0004190958870619355,0
53,52,160,0.0007183617762687424,0
53,52,161,-0.0003205300461648296,0
53,52,162,0.001285122000121264,0
53,52,163,-0.002043364781069811,0
53,52,164,0.001752073273395016,0
53,52,165,-0.0002167509741143866,0
53,52,166,-0.001396069614298661,0
53,52,167,0.00242282986602389,0
53,52,168,-0.001046040041581477,0
53,52,169,-0.0003886856725761908,0
53,52,170,0.0001184161603152974,0
54,53,0,0.02616145498248207,0
54,53,1,0.009240278236971364,0
54,53,2,-0.02424977226212546,0
54,53,3,-0.1630435757688205,0
54,53,4,0.3051342462489212,0
54,53,5,0.2678583605736878,0
54,53,6,0.2558224511952265,0
54,53,7,-0.5086553603056161,0
54,53,8,-0.2856872484384448,0
54,53,9,-0.209125638991467,0
54,53,10,0.3696198074479815,0
54,53,11,0.07146429147645074,0
54,53,12,0.1138632634092888,0
54,53,13,-0.07182229953101787,0
54,53,14,0.09724707997211679,0
54,53,15,-0.1425960170881937,0
54,53,16,0.00498013246627263,0
54,53,17,0.01247804827012185,0
54,53,18,0.320169568017995,0
54,53,19,-0.3872330387226909,0
54,53,20,-0.3952194628083808,0
54,53,21,-0.4388222376096766,0
54,53,22,0.8046612633960463,0
54,53,23,0.554028705559254,0
54,53,24,0.3099978129827787,0
54,53,25,-0.7939892464060229,0
54,53,26,-0.276343881601084,0
54,53,27,0.4762505686534033,0
54,53,28,-0.065944584220439,0
54,53,29,-0.2772499849076608,0
54,53,30,-0.3637468504375445,0
54,53,31,0.1805982830135932,0
54,53,32,0.4538016244003269,0
54,53,33,0.06915148957417737,0
54,53,34,-0.4302804599763059,0
54,53,35,-0.3725950948829003,0
54,53,36,0.1041700399895965,0
54,53,37,0.2257427087292485,0
54,53,38,0.1809309327762914,0
54,53,39,0.08967260755874452,0
54,53,40,0.1781542261230561,0
54,53,41,-0.1722211706332009,0
54,53,42,-0.4819518206824634,0
54,53,43,-0.2900981362081745,0
54,53,44,0.4408322508102203,0
54,53,45,0.676852002537404,0
54,53,46,-0.03872927502931149,0
54,53,47,-0.7355296564242553,0
54,53,48,-0.3902934859264128,0
54,53,49,0.51498760228086,0
54,53,50,0.6364413526700092,0
54,53,51,-0.06462180301146805,0
54,53,52,-0.4827632967431968,0
54,53,53,-0.2496650923597799,0
54,53,54,0.19265642576961,0
54,53,55,-0.03444149405613903,0
54,53,56,-0.04151264861930019,0
54,53,57,0.2806686002603129,0
54,53,58,0.2596539342530018,0
54,53,59,0.5377595925627164,0
54,53,60,-0.2650854046224035,0
54,53,61,-0.1942090629580876,0
54,53,62,-0.2675681195035113,0
54,53,63,0.2637906182520471,0
54,53,64,-0.1074225302029875,0
54,53,65,0.1134694123117353,0
54,53,66,0.1397214616702892,0
54,53,67,0.2890781983139962,0
54,53,68,-0.3352400756039891,0
54,53,69,-0.4944742308665941,0
54,53,70,-0.1541783821821202,0
54,53,71,0.7646984802719883,0
54,53,72,0.4146228566239642,0
54,53,73,-0.1275993931345767,0
54,53,74,-1,0
54,53,75,-0.01934672263500432,0
54,53,76,0.2310170007101309,0
54,53,77,0.8011121387052986,0
54,53,78,-0.2253552209941259,0
54,53,79,0.03086459538954571,0
54,53,80,-0.4318010894533211,0
54,53,81,-0.02730604533691626,0
54,53,82,-0.2264998942958822,0
54,53,83,0.3336490591605643,0
54,53,84,0.4249877023526377,0
54,53,85,-0.4974748366509992,0
54,53,86,-0.2914087184375231,0
54,53,87,0.04753816454531293,0
54,53,88,-0.2276995495677224,0
54,53,89,0.1506218702194423,0
54,53,90,-0.3399241979909409,0
54,53,91,-0.06969845274961262,0
54,53,92,0.01769770926595281,0
54,53,93,0.6119885459248556,0
54,53,94,0.2845856859993744,0
54,53,95,-0.3201701751643523,0
54,53,96,-0.6159240103233624,0
54,53,97,-0.1313923042325346,0
54,53,98,0.444085513183699,0
54,53,99,0.4174007817236776,0
54,53,100,-0.2469951905445575,0
54,53,101,-0.2843349811814572,0
54,53,102,-0.2995604191753307,0
54,53,103,0.4519309368646819,0
54,53,104,0.05007471793349702,0
54,53,105,0.3877804220939112,0
54,53,106,-0.3222253673058491,0
54,53,107,-0.04221418075040276,0
54,53,108,-0.5392175519538721,0
54,53,109,0.09827426345486327,0
54,53,110,0.2617806746796217,0
54,53,111,0.4018390725253047,0
54,53,112,-0.1420627688566642,0
54,53,113,-0.3656823622362894,0
54,53,114,0.4421887141933778,0
54,53,115,0.1033964945914995,0
54,53,116,-0.207834691225928,0
54,53,117,-0.1812173264169651,0
54,53,118,0.371506118917183,0
54,53,119,0.5494816875268876,0
54,53,120,-0.3708180548309118,0
54,53,121,-0.8633203070623593,0
54,53,122,0.2448308597387588,0
54,53,123,0.8069647677962768,0
54,53,124,-0.1515462170183021,0
54,53,125,-0.4778076239544888,0
54,53,126,0.1862139981765349,0
54,53,127,0.2555933062973383,0
54,53,128,-0.2826458671066687,0
54,53,129,-0.3242344176354825,0
54,53,130,0.2615468545110164,0
54,53,131,0.4783835702588876,0
54,53,132,-0.1006087164349905,0
54,53,133,-0.3662204097491511,0
54,53,134,-0.00325854182768335,0
54,53,135,2.094040249672058e-05,0
54,53,136,-0.0002469147826829783,0
54,53,137,0.001659643792649714,0
54,53,138,-0.002418178389012369,0
54,53,139,0.002181460080279116,0
54,53,140,-0.001803483449294841,0
54,53,141,0.0008466279860099701,0
54,53,142,-0.001792635247799752,0
54,53,143,0.002396249677439818,0
54,53,144,0.0003050964584368319,0
54,53,145,6.472278657607448e-05,0
54,53,146,-0.001381994958752453,0
54,53,147,0.002212744860038537,0
54,53,148,-0.001568226576682361,0
54,53,149,0.00141504968978242,0
54,53,150,-1.266239123512324e-05,0
54,53,151,0.0008878883561336762,0
54,53,152,-0.002136997663440171,0
54,53,153,-0.001791278671236411,0
54,53,154,0.00139678168261838,0
54,53,155,-0.0005261213103388825,0
54,53,156,-1.075882661922644e-05,0
54,53,157,-0.001095634489536727,0
54,53,158,0.001831364530291801,0
54,53,159,-0.002437436178340289,0
54,53,160,0.0009286756285084096,0
54,53,161,0.0004593548395799542,0
54,53,162,0.002328077292903,0
54,53,163,-0.002397832034404039,0
54,53,164,0.001423175539940517,0
54,53,165,-0.0007938994114971247,0
54,53,166,0.001356855022172229,0
54,53,167,-0.002861198613114901,0
54,53,168,0.002449825192589565,0
54,53,169,-0.0009377523532083677,0
54,53,170,0.000184953515891972,0
55,54,0,-0.079102991154261,0
55,54,1,-0.01387771562404401,0
55,54,2,0.08369672798865919,0
55,54,3,0.3101602117086706,0
55,54,4,-0.5705000566434766,0
55,54,5,-0.5320242775165139,0
55,54,6,-0.3736573704369979,0
55,54,7,0.8823558896749675,0
55,54,8,0.4854123671203376,0
55,54,9,0.1127174142264648,0
55,54,10,-0.4536064958430918,0
55,54,11,0.07993824893936669,0
55,54,12,0.2591584444441874,0
55,54,13,-0.2980153975922985,0
55,54,14,-0.5366515989020778,0
55,54,15,-0.4175840459180363,0
55,54,16,0.6018838832201057,0
55,54,17,0.4204053386695846,0
55,54,18,0.2762002512505656,0
55,54,19,-0.3503208572592553,0
55,54,20,-0.04070503043692534,0
55,54,21,-0.1931165517770847,0
55,54,22,0.252783282774597,0
55,54,23,0.06872263664732138,0
55,54,24,0.2147890210633826,0
55,54,25,-0.6629116961079627,0
55,54,26,-0.459695138553739,0
55,54,27,0.9019096081958705,0
55,54,28,0.3495975202316757,0
55,54,29,0.4222590778072897,0
55,54,30,0.5120553096805049,0
55,54,31,-0.2990210728377698,0
55,54,32,-0.5782044543705683,0
55,54,33,0.1726774069444348,0
55,54,34,0.7959594318870628,0
55,54,35,0.1494650069404526,0
55,54,36,-0.7358733304762602,0
55,54,37,-0.3757253180623235,0
55,54,38,0.5108713090988547,0
55,54,39,0.6096641917694283,0
55,54,40,-0.4870119075995046,0
55,54,41,-0.7705469632143217,0
55,54,42,-0.09519088701418685,0
55,54,43,0.7411541864505052,0
55,54,44,0.510635080824682,0
55,54,45,-0.0398227456989192,0
55,54,46,-0.1344345855851253,0
55,54,47,-0.2265591098206857,0
55,54,48,-0.3515501019310249,0
55,54,49,-0.4704377896794474,0
55,54,50,0.3548684344711241,0
55,54,51,0.4634020255409361,0
55,54,52,0.04795339539129034,0
55,54,53,-0.4402777920327418,0
55,54,54,0.1892724288052633,0
55,54,55,0.7021590125600211,0
55,54,56,-0.8839142321606717,0
55,54,57,-0.4351434266932643,0
55,54,58,-0.4332247129739141,0
55,54,59,-0.8295003297009639,0
55,54,60,0.3836243166089241,0
55,54,61,0.3249896615027236,0
55,54,62,0.1171387241447364,0
55,54,63,-0.6286435265424497,0
55,54,64,0.2241915551594265,0
55,54,65,0.5892285791940147,0
55,54,66,0.04557151776478826,0
55,54,67,-0.512501977662866,0
55,54,68,-0.6413257839146755,0
55,54,69,0.5125597793601375,0
55,54,70,0.1475571482487261,0
55,54,71,0.2770333897454864,0
55,54,72,-0.2229971259790931,0
55,54,73,0.4336964105681529,0
55,54,74,-0.2377917251215534,0
55,54,75,-0.5877141958669664,0
55,54,76,-0.4054057168682133,0
55,54,77,0.7691382462657117,0
55,54,78,0.9035289258424589,0
55,54,79,-0.1745132506481503,0
55,54,80,-1,0
55,54,81,-0.01951544749473404,0
55,54,82,0.411894375566494,0
55,54,83,0.3007144345321101,0
55,54,84,-0.7735671407495442,0
55,54,85,0.6196761685869617,0
55,54,86,0.3694671073419222,0
55,54,87,0.2702951887958993,0
55,54,88,0.8627293662979082,0
55,54,89,-0.2733357775276721,0
55,54,90,-0.1204706672423775,0
55,54,91,-0.3176024279054635,0
55,54,92,0.2962664612155934,0
55,54,93,-0.05165414438096046,0
55,54,94,-0.2560553763447416,0
55,54,95,0.05644783275118735,0
55,54,96,-0.2156295406577847,0
55,54,97,0.2185133804126051,0
55,54,98,-0.1491335954128372,0
55,54,99,0.7577806872906241,0
55,54,100,0.2060450869992966,0
55,54,101,-0.2626125475505554,0
55,54,102,-0.9701699863340948,0
55,54,103,-0.2720396436986742,0
55,54,104,0.693484821065922,0
55,54,105,0.4334132641188042,0
55,54,106,-0.3562475092316076,0
55,54,107,-0.5817307592989602,0
55,54,108,0.2690811142158233,0
55,54,109,0.8727001669276723,0
55,54,110,-0.180136783910917,0
55,54,111,-0.3688918552880536,0
55,54,112,-0.4718505044723478,0
55,54,113,0.5631942907715696,0
55,54,114,-0.3400248356464471,0
55,54,115,-0.1728008583881115,0
55,54,116,-0.07160917589120276,0
55,54,117,-0.7201776459877791,0
55,54,118,0.02473803508527759,0
55,54,119,0.4678057174746154,0
55,54,120,-0.1450990482651147,0
55,54,121,-0.1339207470392017,0
55,54,122,0.4052148487774252,0
55,54,123,0.3135989893501392,0
55,54,124,-0.4996656027262451,0
55,54,125,-0.8260855900608767,0
55,54,126,0.2492088755969744,0
55,54,127,0.9244260841366047,0
55,54,128,0.1480685223483169,0
55,54,129,-0.2596376099371491,0
55,54,130,-0.3046283913029922,0
55,54,131,-0.5566221672934339,0
55,54,132,0.1352765686050401,0
55,54,133,0.587565390366568,0
55,54,134,-0.02592344006277385,0
55,54,135,0.0005497328715066745,0
55,54,136,-0.0006159125084612656,0
55,54,137,-0.001107385810521425,0
55,54,138,0.001840101799924832,0
55,54,139,0.0006619673136223034,0
55,54,140,-0.00357544356833243,0
55,54,141,0.003096552173230966,0
55,54,142,-0.0005344520811596122,0
55,54,143,-0.0010821004047014,0
55,54,144,-0.001145186493386165,0
55,54,145,0.001722746425344498,0
55,54,146,-5.219906647621487e-05,0
55,54,147,-0.0006457087365861859,0
55,54,148,-0.0006251344356515316,0
55,54,149,0.002860478321805646,0
55,54,150,-0.002433871421835171,0
55,54,151,-0.0009458227694435842,0
55,54,152,0.002247484643026112,0
55,54,153,0.002147404499191092,0
55,54,154,-0.001622224777204248,0
55,54,155,-0.0009038974672473286,0
55,54,156,0.002639821162914367,0
55,54,157,-0.001496574821613911,0
55,54,158,0.0007645146817985865,0
55,54,159,0.0002687145566078963,0
55,54,160,0.002562475370775385,0
55,54,161,-0.002187015523944969,0
55,54,162,-0.0016315563777246,0
55,54,163,0.000592437047437964,0
55,54,164,0.002180778250312459,0
55,54,165,-0.003604600159023998,0
55,54,166,0.002369916135918242,0
55,54,167,-0.0005664959156350898,0
55,54,168,-0.0008663073001165787,0
55,54,169,-0.0007872109657556831,0
55,54,170,0.001226962368188796,0
56,55,0,0.1108634699854414,0
56,55,1,0.02687962004452539,0
56,55,2,-0.09641359957925001,0
56,55,3,-0.25917379429049,0
56,55,4,0.2210883318777858,0
56,55,5,0.2687927653015495,0
56,55,6,0.3315255140954109,0
56,55,7,-0.3008028111444442,0
56,55,8,-0.2218727683375762,0
56,55,9,-0.3825296285606939,0
56,55,10,0.3477998332346575,0
56,55,11,0.2337817525575951,0
56,55,12,0.4866729855614539,0
56,55,13,-0.5845916430113253,0
56,55,14,-0.4328302030212954,0
56,55,15,-0.5419814352082835,0
56,55,16,0.8472625667113798,0
56,55,17,0.531119634059531,0
56,55,18,0.2706781382184412,0
56,55,19,-0.6813158681006352,0
56,55,20,-0.195051935778631,0
56,55,21,0.1245837846744992,0
56,55,22,-0.005946485296929439,0
56,55,23,-0.4253636249263236,0
56,55,24,-0.254495001285146,0
56,55,25,0.5625479638845925,0
56,55,26,0.5392607629779869,0
56,55,27,-0.5585092354224311,0
56,55,28,-0.1385962810101694,0
56,55,29,-0.3667235056059169,0
56,55,30,-0.4188797593691209,0
56,55,31,0.2456484365392816,0
56,55,32,0.512805972295171,0
56,55,33,0.3353344866773826,0
56,55,34,-0.2196309887510463,0
56,55,35,-0.510286728155997,0
56,55,36,-0.4567690907704486,0
56,55,37,-0.05011496016665085,0
56,55,38,0.5658880705224726,0
56,55,39,0.5644771223407119,0
56,55,40,0.01235670054721939,0
56,55,41,-0.6087218181375745,0
56,55,42,-0.301159479268262,0
56,55,43,0.3382830000023767,0
56,55,44,0.3434954768439114,0
56,55,45,-0.2516134224734234,0
56,55,46,-0.4339403117494166,0
56,55,47,0.3092234090820106,0
56,55,48,0.5716588188613234,0
56,55,49,-0.0502793046957745,0
56,55,50,-0.7179510177070303,0
56,55,51,-0.3067532126265752,0
56,55,52,0.6123089923474863,0
56,55,53,0.4904693168102129,0
56,55,54,-0.1519439581460462,0
56,55,55,-0.3864286774814536,0
56,55,56,0.3359128714916948,0
56,55,57,-0.1244939955669282,0
56,55,58,0.06998281064557581,0
56,55,59,0.3075048500041473,0
56,55,60,-0.1605847693731108,0
56,55,61,0.1569346655074092,0
56,55,62,-0.4031141605512039,0
56,55,63,-0.2498854301404402,0
56,55,64,-0.3008704446403574,0
56,55,65,0.7268913492892228,0
56,55,66,0.5991286791108614,0
56,55,67,0.155213711416207,0
56,55,68,-1,0
56,55,69,-0.3934727717640386,0
56,55,70,0.008454871791914922,0
56,55,71,0.7746645218144558,0
56,55,72,-0.0972330055033266,0
56,55,73,0.1134031963571715,0
56,55,74,-0.08541784341668585,0
56,55,75,0.2581362845623733,0
56,55,76,-0.3724149505316882,0
56,55,77,-0.5309817431485734,0
56,55,78,-0.03047207041088516,0
56,55,79,0.2950838789601878,0
56,55,80,0.6385882306768499,0
56,55,81,-0.08657485863905919,0
56,55,82,0.01521237763192107,0
56,55,83,-0.444685362081698,0
56,55,84,-0.2655108290470271,0
56,55,85,0.3457618868108931,0
56,55,86,0.3420157093856466,0
56,55,87,0.4308535862417209,0
56,55,88,0.3680443861031945,0
56,55,89,-0.06661169828011632,0
56,55,90,-0.7937029197811434,0
56,55,91,-0.3005403193321653,0
56,55,92,0.4709877672882172,0
56,55,93,0.7339527480406374,0
56,55,94,-0.08516918250503051,0
56,55,95,-0.591900218352499,0
56,55,96,-0.3214707446899291,0
56,55,97,0.5544276738016335,0
56,55,98,0.280760159757339,0
56,55,99,-0.06925908374066159,0
56,55,100,-0.6369283084614329,0
56,55,101,0.1258633730569854,0
56,55,102,0.270532762374635,0
56,55,103,0.281019147203565,0
56,55,104,-0.2604018771381872,0
56,55,105,-0.4215104146859507,0
56,55,106,0.1467637019504982,0
56,55,107,0.2554721899114376,0
56,55,108,0.601699936740294,0
56,55,109,-0.317340689662847,0
56,55,110,-0.3264187414122536,0
56,55,111,-0.5148210846075005,0
56,55,112,0.358588990289253,0
56,55,113,0.4422207764889887,0
56,55,114,-0.5496092679390192,0
56,55,115,-0.1975859591807358,0
56,55,116,-0.3312562317517296,0
56,55,117,-0.7261779370314576,0
56,55,118,0.3615692480909699,0
56,55,119,0.9027434184499282,0
56,55,120,-0.1277225437265617,0
56,55,121,-0.6120550599891345,0
56,55,122,-0.1423493554254158,0
56,55,123,-0.01162763988911573,0
56,55,124,0.286609638855052,0
56,55,125,0.481255525652778,0
56,55,126,-0.3526626267446724,0
56,55,127,-0.5748641552435605,0
56,55,128,0.431435310517871,0
56,55,129,0.5002896467411583,0
56,55,130,-0.4209420749122775,0
56,55,131,-0.4663612710843326,0
56,55,132,0.2222601892380957,0
56,55,133,0.3455987263299559,0
56,55,134,0.04015466725784007,0
56,55,135,0.0006093654302881203,0
56,55,136,-0.001782973025300566,0
56,55,137,0.002890724236654216,0
56,55,138,-0.002218369699572693,0
56,55,139,0.001606828102598004,0
56,55,140,-0.001419248311095272,0
56,55,141,0.001607699032497822,0
56,55,142,-0.0005645562764921181,0
56,55,143,-0.0007381155712887432,0
56,55,144,0.0001142218171345707,0
56,55,145,0.001607460271621104,0
56,55,146,-0.002177064484404443,0
56,55,147,0.0008319088688349231,0
56,55,148,0.00115780409002212,0
56,55,149,-0.002100617241714465,0
56,55,150,0.0008488612004115375,0
56,55,151,-0.0004439119616765688,0
56,55,152,0.001779900197321704,0
56,55,153,-0.001781055293986004,0
56,55,154,0.0007557205740528569,0
56,55,155,-0.0008093778970813473,0
56,55,156,0.0018906577511145,0
56,55,157,-0.002277295213126796,0
56,55,158,0.001348534318602065,0
56,55,159,0.0009683419239068998,0
56,55,160,-0.001241028064894933,0
56,55,161,-0.0003904296374748306,0
56,55,162,0.001741763658725757,0
56,55,163,-0.001024669347260235,0
56,55,164,4.794455774301466e-05,0
56,55,165,-0.0001027737120612344,0
56,55,166,-0.0001556857392853142,0
56,55,167,0.002253866171212525,0
56,55,168,-0.002543453698718006,0
56,55,169,0.001997222471141918,0
56,55,170,-0.0007052432094885945,0
57,56,0,-0.2841797905854814,0
57,56,1,0.06606781394641956,0
57,56,2,0.3609400576175093,0
57,56,3,0.470595510623933,0
57,56,4,-0.8430800961823319,0
57,56,5,-0.8273077165463995,0
57,56,6,-0.1263677769138,0
57,56,7,0.5870290261958119,0
57,56,8,0.05354254773137685,0
57,56,9,-0.3204959018077851,0
57,56,10,0.3434656300255712,0
57,56,11,0.7316125982677426,0
57,56,12,0.2917740291986707,0
57,56,13,-0.526555416395999,0
57,56,14,-0.3371426012052322,0
57,56,15,-0.01800584130447884,0
57,56,16,-0.03099418464146714,0
57,56,17,-0.3294867662948396,0
57,56,18,0.02417253852629228,0
57,56,19,0.05546864912895575,0
57,56,20,0.02659094820516488,0
57,56,21,-0.08820194286715909,0
57,56,22,0.3059837131909001,0
57,56,23,0.3463939351738424,0
57,56,24,-0.09340192007995302,0
57,56,25,0.1624446664941763,0
57,56,26,0.3591960927225833,0
57,56,27,-0.6965080980243739,0
57,56,28,-0.5309428780886587,0
57,56,29,0.6634050397513482,0
57,56,30,0.5576635617947926,0
57,56,31,-0.6687467958564611,0
57,56,32,-0.4288597329938968,0
57,56,33,0.4742975985623493,0
57,56,34,0.9347644669443538,0
57,56,35,-0.4667957319614158,0
57,56,36,-0.6632748554625284,0
57,56,37,0.4109828655314122,0
57,56,38,0.6855727346124095,0
57,56,39,-0.0781887017111836,0
57,56,40,-1,0
57,56,41,-0.05440101140645339,0
57,56,42,0.3136860230638937,0
57,56,43,-0.124876371963085,0
57,56,44,-0.2721837183721134,0
57,56,45,0.2113300870126046,0
57,56,46,0.8069537696988845,0
57,56,47,-0.04635431795923036,0
57,56,48,-0.1517088836693962,0
57,56,49,0.220737900014408,0
57,56,50,-0.06944406642867992,0
57,56,51,-0.5069278292493705,0
57,56,52,-0.6759084944337718,0
57,56,53,0.4605795670709616,0
57,56,54,0.1525224904511125,0
57,56,55,-0.6672240552023554,0
57,56,56,0.8157805709494581,0
57,56,57,0.7622261811219366,0
57,56,58,-0.4991341363344908,0
57,56,59,-0.792829481696568,0
57,56,60,0.6344647870801502,0
57,56,61,-0.01054130419885335,0
57,56,62,-0.209175204273906,0
57,56,63,-0.5304747508980914,0
57,56,64,0.5784654717222201,0
57,56,65,0.595621819406248,0
57,56,66,-0.6035546768467304,0
57,56,67,-0.09793810012389434,0
57,56,68,-0.01545769601337459,0
57,56,69,0.4696063443921183,0
57,56,70,-0.6127704870248358,0
57,56,71,-0.1685001698592278,0
57,56,72,0.7729963078462028,0
57,56,73,0.3057384740379746,0
57,56,74,-0.3825952058952878,0
57,56,75,-0.749039489295002,0
57,56,76,0.4034042067457952,0
57,56,77,0.2452014078744701,0
57,56,78,-0.7733009855960661,0
57,56,79,-0.01314074893777115,0
57,56,80,0.7061564696777692,0
57,56,81,0.8664522906087592,0
57,56,82,-0.5440917673629212,0
57,56,83,-0.6010058916078458,0
57,56,84,0.7513547265010218,0
57,56,85,-0.5841136070551862,0
57,56,86,-0.6882979060097024,0
57,56,87,0.2127083631035532,0
57,56,88,0.6934612289006727,0
57,56,89,-0.3613315675247875,0
57,56,90,0.1222354513459234,0
57,56,91,0.02968672438041968,0
57,56,92,0.1598326805191239,0
57,56,93,-0.08401249874244526,0
57,56,94,-0.3544800147026857,0
57,56,95,0.3295060209021917,0
57,56,96,-0.5076993067801787,0
57,56,97,-0.1514666960538219,0
57,56,98,0.06563333950053994,0
57,56,99,0.552324230714582,0
57,56,100,0.2508757218098536,0
57,56,101,-0.6657760894402336,0
57,56,102,0.3065481323841165,0
57,56,103,0.4478659383646004,0
57,56,104,0.1852492178781534,0
57,56,105,-0.7970714585192117,0
57,56,106,-0.5046916191063403,0
57,56,107,0.8544671244973964,0
57,56,108,0.07788802598834363,0
57,56,109,-0.5081808531612945,0
57,56,110,-0.5438465585206588,0
57,56,111,0.4359151647397091,0
57,56,112,0.798493193858399,0
57,56,113,-0.5827882631229105,0
57,56,114,0.2102632907184944,0
57,56,115,0.3891198231936404,0
57,56,116,-0.005984973406846053,0
57,56,117,-0.4886903234168876,0
57,56,118,-0.05853629626533566,0
57,56,119,0.09154812288036404,0
57,56,120,-0.1515500387121224,0
57,56,121,0.1392982891186076,0
57,56,122,0.2936294857794704,0
57,56,123,0.3234894639359734,0
57,56,124,0.03421717574059029,0
57,56,125,-0.4350324336851206,0
57,56,126,-0.4432602412158205,0
57,56,127,-0.3589961817906147,0
57,56,128,0.3138607637884774,0
57,56,129,0.8257296244816106,0
57,56,130,0.1680326697817858,0
57,56,131,-0.02582654652972315,0
57,56,132,-0.2113276702126269,0
57,56,133,-0.697526313681558,0
57,56,134,0.1647703460954193,0
57,56,135,0.001377772460154256,0
57,56,136,0.0002949303478632946,0
57,56,137,-0.00270986537064789,0
57,56,138,0.0003847381558837449,0
57,56,139,0.002985668283013544,0
57,56,140,-0.001683787944918694,0
57,56,141,-0.001872834189059616,0
57,56,142,0.0003057343930655787,0
57,56,143,0.002559486231881247,0
57,56,144,-0.003152928840642416,0
57,56,145,0.001194040227260484,0
57,56,146,0.002364215511526672,0
57,56,147,-0.0005985254844103938,0
57,56,148,-0.003002755268139132,0
57,56,149,0.0004382227028823436,0
57,56,150,0.003783593922131322,0
57,56,151,-0.001158099281192656,0
57,56,152,-0.003610521510963257,0
57,56,153,0.003791000469287314,0
57,56,154,-0.0004300453596731217,0
57,56,155,-0.003309169642895922,0
57,56,156,0.0009670816871610107,0
57,56,157,0.002282466797260483,0
57,56,158,-0.0006860505662834972,0
57,56,159,-0.003525310884449084,0
57,56,160,-0.0004544934714029178,0
57,56,161,0.003753749225069692,0
57,56,162,-0.002392126342840185,0
57,56,163,-0.0003704974873602495,0
57,56,164,0.002937188937758479,0
57,56,165,-0.0005996575709980339,0
57,56,166,-0.002641631020393554,0
57,56,167,0.002386904900136017,0
57,56,168,0.00198992404232711,0
57,56,169,-0.0001213151605852406,0
57,56,170,-0.00225970148788387,0
58,57,0,-0.2499727963933844,0
58,57,1,-0.08853156973721518,0
58,57,2,0.1784971215895195,0
58,57,3,0.4658228750107037,0
58,57,4,-0.1969150199390769,0
58,57,5,-0.3595321996072881,0
58,57,6,-0.5641979773655197,0
58,57,7,0.4805934155010016,0
58,57,8,0.467258681056085,0
58,57,9,0.4999836953367082,0
58,57,10,-0.8225875990015545,0
58,57,11,-0.5802112447050642,0
58,57,12,-0.1363051427066639,0
58,57,13,0.7753642402056605,0
58,57,14,0.2314720858137971,0
58,57,15,-0.4255240661064971,0
58,57,16,-0.03787007874525953,0
58,57,17,0.5454165927808267,0
58,57,18,0.6014011759035863,0
58,57,19,-0.7754763308560881,0
58,57,20,-0.9014364896843599,0
58,57,21,-0.1816623930432328,0
58,57,22,0.5330961848769039,0
58,57,23,0.04637988906635427,0
58,57,24,-0.178026862415245,0
58,57,25,0.27011223946215,0
58,57,26,0.6360249116422537,0
58,57,27,-0.4979379770585078,0
58,57,28,-0.2835332600523682,0
58,57,29,0.4844617387964077,0
58,57,30,0.5657000548079805,0
58,57,31,-0.2312205298902638,0
58,57,32,-0.6388745961754467,0
58,57,33,-0.6405954020720608,0
58,57,34,0.007274864769861301,0
58,57,35,0.6070446401797296,0
58,57,36,0.5203752664061917,0
58,57,37,-0.04763455339888167,0
58,57,38,-0.2958999817908227,0
58,57,39,0.1325285495834202,0
58,57,40,0.402540726824306,0
58,57,41,-0.3869398329405432,0
58,57,42,-0.7940755055693035,0
58,57,43,-0.1607005127662866,0
58,57,44,0.8989131436574512,0
58,57,45,0.6487105898173063,0
58,57,46,-0.5692949420077843,0
58,57,47,-0.4257117824386166,0
58,57,48,0.1851326031327211,0
58,57,49,0.6130791259223313,0
58,57,50,-0.5036425893205421,0
58,57,51,-0.4908705827988286,0
58,57,52,0.4411847664997561,0
58,57,53,0.6239487950730056,0
58,57,54,0.02443416832716627,0
58,57,55,-0.7015977882266193,0
58,57,56,0.3932865793678109,0
58,57,57,-0.0005932133381995267,0
58,57,58,0.1947108043883353,0
58,57,59,-0.1786236721064046,0
58,57,60,-0.107605015429459,0
58,57,61,-0.4123445896986334,0
58,57,62,0.6975150417202524,0
58,57,63,0.7681580519232718,0
58,57,64,0.2191876617552889,0
58,57,65,-1,0
58,57,66,-0.5067651948873638,0
58,57,67,0.02372811379023943,0
58,57,68,0.4503174370396544,0
58,57,69,-0.3161614259130648,0
58,57,70,0.04104028921513021,0
58,57,71,0.5291377146223948,0
58,57,72,0.4820581631704915,0
58,57,73,-0.01826149777782441,0
58,57,74,-0.8140217788352903,0
58,57,75,-0.05738719632793676,0
58,57,76,-0.398501801678402,0
58,57,77,0.1709101875194194,0
58,57,78,-0.02454111092374997,0
58,57,79,0.5893150764679407,0
58,57,80,0.4660027166255361,0
58,57,81,-0.2190686101684287,0
58,57,82,-0.1837866821001979,0
58,57,83,-0.5177466707868859,0
58,57,84,-0.2161584034866303,0
58,57,85,0.3422517147726474,0
58,57,86,0.4986029501440068,0
58,57,87,-0.7453524810937767,0
58,57,88,-0.6776277999191409,0
58,57,89,0.3515693690328835,0
58,57,90,0.8205130385457655,0
58,57,91,0.08793868732676936,0
58,57,92,-0.7931993184311806,0
58,57,93,-0.1380346193330006,0
58,57,94,0.6517260252441837,0
58,57,95,0.3165885472951782,0
58,57,96,-0.496623663190084,0
58,57,97,-0.6592025274297736,0
58,57,98,0.4393586946178993,0
58,57,99,0.5760356130770237,0
58,57,100,-0.04961328262718024,0
58,57,101,-0.5804704143048851,0
58,57,102,-0.3363148180797828,0
58,57,103,0.5321740745178509,0
58,57,104,0.2390585562608867,0
58,57,105,-0.08758765278450607,0
58,57,106,-0.3482536916199435,0
58,57,107,0.08142224140757645,0
58,57,108,0.6178641107873566,0
58,57,109,-0.09183618680635897,0
58,57,110,-0.3842581402195629,0
58,57,111,-0.7502809086531655,0
58,57,112,0.4084862730462838,0
58,57,113,0.7361476065514075,0
58,57,114,-0.7665410877502677,0
58,57,115,-0.4354407352695941,0
58,57,116,0.3431218656373395,0
58,57,117,0.8965122677691386,0
58,57,118,-0.1204617774390879,0
58,57,119,-0.7036222054993078,0
58,57,120,-0.287061281865565,0
58,57,121,-0.1506523144300083,0
58,57,122,0.3986875813915386,0
58,57,123,0.7081469643592243,0
58,57,124,-0.1845591327718216,0
58,57,125,-0.4483534604376709,0
58,57,126,-0.1455558070200677,0
58,57,127,-0.1290133940043041,0
58,57,128,0.5179295002859773,0
58,57,129,0.4998710432200896,0
58,57,130,-0.7227889565228571,0
58,57,131,-0.6523752922806162,0
58,57,132,0.4884926333824245,0
58,57,133,0.5479711556696562,0
58,57,134,0.06628366281182713,0
58,57,135,-0.001466253879106571,0
58,57,136,0.002667302236467524,0
58,57,137,-0.00197508984197491,0
58,57,138,0.0006678442307256067,0
58,57,139,-0.0003858689670806042,0
58,57,140,-0.001212008281258494,0
58,57,141,0.00144118836085458,0
58,57,142,-0.002454735030706518,0
58,57,143,0.0009298729030218952,0
58,57,144,0.0005309126526684608,0
58,57,145,-0.001871333747518888,0
58,57,146,-0.0004328556621288563,0
58,57,147,0.002736298193092597,0
58,57,148,-0.0009239251010584382,0
58,57,149,-0.0007122298392166714,0
58,57,150,0.001681832303755724,0
58,57,151,-0.0001761785647066981,0
58,57,152,0.001535139723153805,0
58,57,153,0.0007659535851746543,0
58,57,154,-0.0003089475376257679,0
58,57,155,0.002146229046588683,0
58,57,156,-0.002266305413355037,0
58,57,157,-0.0005688795479965631,0
58,57,158,0.003400021897357343,0
58,57,159,-0.001161948212334026,0
58,57,160,-0.0003796716778487801,0
58,57,161,-0.001087968572187157,0
58,57,162,0.000134302572906407,0
58,57,163,-0.001039744149494587,0
58,57,164,0.0006275758107345843,0
58,57,165,7.722754441895485e-05,0
58,57,166,0.0003384954723375196,0
58,57,167,0.0003261912539528625,0
58,57,168,-0.002138531881504379,0
58,57,169,0.002711005244132217,0
58,57,170,-0.0009002342215006505,0
59,58,0,-0.1973040323975421,0
59,58,1,-0.07091006857008118,0
59,58,2,0.1335671578073289,0
59,58,3,0.3421970552279073,0
59,58,4,-0.1113447221819507,0
59,58,5,-0.2399463093638868,0
59,58,6,-0.3933624909137867,0
59,58,7,0.1720414870059995,0
59,58,8,0.1934466865047729,0
59,58,9,0.4144911694329072,0
59,58,10,-0.1440407391585098,0
59,58,11,-0.1356352440602238,0
59,58,12,-0.4778534986146989,0
59,58,13,0.04614823415780873,0
59,58,14,0.08421916675861793,0
59,58,15,0.672703017968531,0
59,58,16,0.03137763319180389,0
59,58,17,-0.1214314063836386,0
59,58,18,-0.9008980177253649,0
59,58,19,0.2163415144018205,0
59,58,20,0.437580901990707,0
59,58,21,0.9079636064250696,0
59,58,22,-0.633944950885278,0
59,58,23,-0.6581755466820268,0
59,58,24,-0.5351904979219035,0
59,58,25,0.6997888647371487,0
59,58,26,0.3419761292001745,0
59,58,27,-0.4687678075469768,0
59,58,28,0.04413449635408933,0
59,58,29,0.2365944335968167,0
59,58,30,0.2883064582621384,0
59,58,31,-0.1191160255793675,0
59,58,32,-0.2305830030704525,0
59,58,33,-0.2666233750950948,0
59,58,34,-0.000491368603344452,0
59,58,35,0.1194523629787807,0
59,58,36,0.2500015820502526,0
59,58,37,0.1229250958949576,0
59,58,38,-0.04501314551951024,0
59,58,39,-0.2644838643147124,0
59,58,40,-0.1494296329643814,0
59,58,41,0.06313066489565713,0
59,58,42,0.4233878378326639,0
59,58,43,0.2512929316575772,0
59,58,44,-0.2424039441520424,0
59,58,45,-0.7330689535371838,0
59,58,46,-0.3204295805609179,0
59,58,47,0.4886983813467252,0
59,58,48,0.8829952219369143,0
59,58,49,0.1834231385295633,0
59,58,50,-0.4013037344804899,0
59,58,51,-0.5947176912678505,0
59,58,52,-0.02129719341432335,0
59,58,53,0.07931361212937808,0
59,58,54,0.2581339146519882,0
59,58,55,0.2317574880793874,0
59,58,56,-0.1276239040641367,0
59,58,57,-0.2345629371976386,0
59,58,58,0.2424401706370525,0
59,58,59,0.04792000942262775,0
59,58,60,-0.08222784514687147,0
59,58,61,-0.4955818850832386,0
59,58,62,-0.02154506603179022,0
59,58,63,0.2396011017667387,0
59,58,64,0.6114518317642648,0
59,58,65,0.1133846471769971,0
59,58,66,-0.1296665039312829,0
59,58,67,-0.6989767878447404,0
59,58,68,-0.3120186354148773,0
59,58,69,-0.04946916492402569,0
59,58,70,0.8573229920500788,0
59,58,71,0.3861256156277244,0
59,58,72,-0.06650301147362764,0
59,58,73,-1,0
59,58,74,-0.1732336890932285,0
59,58,75,0.2951776203029262,0
59,58,76,0.9514109724904714,0
59,58,77,-0.1756597025149467,0
59,58,78,-0.3270205468532298,0
59,58,79,-0.8268037639829482,0
59,58,80,0.2724806428322402,0
59,58,81,0.1895870425380834,0
59,58,82,0.5323958537115613,0
59,58,83,-0.2129745058210659,0
59,58,84,-0.1693660241987067,0
59,58,85,0.2907985716785135,0
59,58,86,0.006660348687671731,0
59,58,87,-0.09952372159355469,0
59,58,88,-0.1270124406157473,0
59,58,89,0.08280064267084566,0
59,58,90,-0.06643841551196801,0
59,58,91,0.1017287477608857,0
59,58,92,-0.001211994912143719,0
59,58,93,0.3740391615977716,0
59,58,94,-0.1624920174671067,0
59,58,95,-0.3038495408782771,0
59,58,96,-0.4827487072876969,0
59,58,97,0.4384238263146572,0
59,58,98,0.5256157649925998,0
59,58,99,0.3436801810007019,0
59,58,100,-0.7394845299953858,0
59,58,101,-0.4236311843024542,0
59,58,102,-0.2152882716883387,0
59,58,103,0.7556749931526968,0
59,58,104,0.210062017540474,0
59,58,105,0.1921262957975815,0
59,58,106,-0.5814093802512852,0
59,58,107,-0.2159746379947023,0
59,58,108,-0.2152711163457433,0
59,58,109,0.4678618366947619,0
59,58,110,0.2958005435817135,0
59,58,111,0.1829736791597547,0
59,58,112,-0.4373247315327705,0
59,58,113,-0.2388263095239141,0
59,58,114,0.307545711970048,0
59,58,115,0.1254295358199875,0
59,58,116,-0.2198515305398664,0
59,58,117,-0.1555215554134777,0
59,58,118,0.5235947016432719,0
59,58,119,0.354075801340572,0
59,58,120,-0.7496696302206024,0
59,58,121,-0.6070161763620889,0
59,58,122,0.7713292391155863,0
59,58,123,0.6209030961723087,0
59,58,124,-0.6834089135439542,0
59,58,125,-0.387618059942759,0
59,58,126,0.6521102510943096,0
59,58,127,0.2259476455621557,0
59,58,128,-0.6267485482409011,0
59,58,129,-0.2230798771749503,0
59,58,130,0.5105235708877121,0
59,58,131,0.1889705631245101,0
59,58,132,-0.2858630513235469,0
59,58,133,-0.02748257689945558,0
59,58,134,-0.1461462946592875,0
59,58,135,-0.0006441196154153625,0
59,58,136,0.001636576922059959,0
59,58,137,-0.002245184171025787,0
59,58,138,0.002471542713162843,0
59,58,139,-0.003175437140616898,0
59,58,140,0.005446557656859287,0
59,58,141,-0.003644833093351679,0
59,58,142,0.003720897590699223,0
59,58,143,-0.003246198346720203,0
59,58,144,-0.0008494052490606065,0
59,58,145,0.001036584150018012,0
59,58,146,-0.002162998248875281,0
59,58,147,0.002406368818628396,0
59,58,148,-0.002343933619993888,0
59,58,149,0.002760641078266432,0
59,58,150,-0.002796193745329628,0
59,58,151,0.002548729552151822,0
59,58,152,-0.0005528940619851523,0
59,58,153,0.0005765823868730996,0
59,58,154,-0.001207519062320577,0
59,58,155,0.001966258068162942,0
59,58,156,-0.002292215086841163,0
59,58,157,0.001529842491500581,0
59,58,158,-0.003279364807017588,0
59,58,159,0.002669688202307756,0
59,58,160,-0.002335759433194485,0
59,58,161,0.001332056378684292,0
59,58,162,0.001728534088355358,0
59,58,163,-0.002890800171371502,0
59,58,164,0.003307418060118442,0
59,58,165,-0.0033669222741269,0
59,58,166,0.003968668993667492,0
59,58,167,-0.00517499426050652,0
59,58,168,0.003379207271643795,0
59,58,169,-0.002554600855137546,0
59,58,170,0.001268098928706231,0
60,59,0,0.242264352398414,0
60,59,1,-0.1510791506905917,0
60,59,2,-0.4153495509028778,0
60,59,3,-0.1569075680339465,0
60,59,4,0.552957447787079,0
60,59,5,0.4632551015334305,0
60,59,6,-0.2375043437467762,0
60,59,7,0.09632019583977831,0
60,59,8,0.5156567871998383,0
60,59,9,0.2176851227841616,0
60,59,10,-0.4318685551232765,0
60,59,11,-0.3993173087760136,0
60,59,12,0.06149236738887843,0
60,59,13,-0.09540539752043051,0
60,59,14,-0.3957413229224109,0
60,59,15,-0.007051055261706875,0
60,59,16,0.1351444156449508,0
60,59,17,0.06917163755288913,0
60,59,18,-0.07366142586737155,0
60,59,19,0.2180555723194502,0
60,59,20,0.3295078801931136,0
60,59,21,-0.05302189279933795,0
60,59,22,0.1767443286592054,0
60,59,23,0.3436167058904294,0
60,59,24,-0.06788660464723606,0
60,59,25,-0.02252531913048988,0
60,59,26,0.1126901643578889,0
60,59,27,-0.4999719796392047,0
60,59,28,-0.5098267646884529,0
60,59,29,-0.428084793345862,0
60,59,30,-0.2241881750512202,0
60,59,31,0.655270419413063,0
60,59,32,-0.07105854897838219,0
60,59,33,-0.5201346347655577,0
60,59,34,-0.4532555180126327,0
60,59,35,0.5182310926577581,0
60,59,36,0.1695744141646286,0
60,59,37,-0.8181684828715664,0
60,59,38,8.118212692186142e-05,0
60,59,39,0.3122845769162235,0
60,59,40,0.1530321777654,0
60,59,41,-0.3021450576158832,0
60,59,42,0.1041039562915153,0
60,59,43,0.8022412073500946,0
60,59,44,-0.09250388665821919,0
60,59,45,-0.2018932513708883,0
60,59,46,0.1683473457165509,0
60,59,47,0.04886223387232548,0
60,59,48,-0.2381764923096318,0
60,59,49,-0.543038475541948,0
60,59,50,0.08383898637429628,0
60,59,51,-0.2122362279498854,0
60,59,52,-0.7393800522094213,0
60,59,53,0.3114696157605018,0
60,59,54,0.309968627190892,0
60,59,55,-0.1918256931402486,0
60,59,56,0.5107749315038441,0
60,59,57,0.7669700749385731,0
60,59,58,0.3581213960678382,0
60,59,59,0.4405503090441633,0
60,59,60,-0.6035973409019882,0
60,59,61,0.1558040778780717,0
60,59,62,0.3433336411510737,0
60,59,63,0.2315656409351845,0
60,59,64,-0.1947671286471078,0
60,59,65,-0.2172595249190273,0
60,59,66,0.6513639183395079,0
60,59,67,-0.4409795073086312,0
60,59,68,-0.2697717857367629,0
60,59,69,0.267493471712413,0
60,59,70,0.2518298914596039,0
60,59,71,-0.0778924683133473,0
60,59,72,-0.6725154197708035,0
60,59,73,0.3195905503659492,0
60,59,74,0.1835694771245029,0
60,59,75,-0.5990481672249978,0
60,59,76,0.115617389772158,0
60,59,77,0.3570170603687128,0
60,59,78,0.4793737102456042,0
60,59,79,-0.2577052388871918,0
60,59,80,0.09100119468076892,0
60,59,81,1,0
60,59,82,-0.3355353202338642,0
60,59,83,-0.562891220727507,0
60,59,84,0.1929930045490476,0
60,59,85,-0.2848824638053061,0
60,59,86,-0.7303115313941005,0
60,59,87,-0.1708210216294691,0
60,59,88,-0.4499535942578264,0
60,59,89,0.3412595516160824,0
60,59,90,-0.1322444458053751,0
60,59,91,-0.1477670694946363,0
60,59,92,-0.03680845186797617,0
60,59,93,-0.04962945785986506,0
60,59,94,0.1438999793170936,0
60,59,95,-0.3119392794122025,0
60,59,96,0.2874143394996828,0
60,59,97,0.2758100259861899,0
60,59,98,-0.2713309989681089,0
60,59,99,0.2364039093231683,0
60,59,100,0.06183520234540088,0
60,59,101,0.1855246799030794,0
60,59,102,-0.4537062828659768,0
60,59,103,-0.2284850583827059,0
60,59,104,0.6086251934229874,0
60,59,105,-0.2968804380151413,0
60,59,106,-0.4145385746379989,0
60,59,107,-0.1656434141934602,0
60,59,108,0.3076730190957742,0
60,59,109,0.2188543797044682,0
60,59,110,-0.7609382011724163,0
60,59,111,0.271507848695654,0
60,59,112,0.5493162182693474,0
60,59,113,-0.18010919523793,0
60,59,114,0.01738193681566899,0
60,59,115,0.4467460200838406,0
60,59,116,-0.02117219773883924,0
60,59,117,0.315774427849786,0
60,59,118,0.1029249733523549,0
60,59,119,0.06209800547082588,0
60,59,120,0.03723156174845083,0
60,59,121,-0.1583147743603348,0
60,59,122,0.03399468855601048,0
60,59,123,-0.2027091833476719,0
60,59,124,-0.2966001323852847,0
60,59,125,-0.1017756255822608,0
60,59,126,0.1240600339666578,0
60,59,127,0.4338624867269346,0
60,59,128,0.2472312815262458,0
60,59,129,0.1965831036379973,0
60,59,130,-0.03562889211979182,0
60,59,131,-0.4655160116545611,0
60,59,132,-0.1715885896615082,0
60,59,133,-0.3495027215956842,0
60,59,134,0.2227789023453741,0
60,59,135,-0.00162019320758937,0
60,59,136,-0.000972824357154197,0
60,59,137,0.001403072217500936,0
60,59,138,0.002072018151223127,0
60,59,139,-0.001366410251382666,0
60,59,140,-0.001318172715035093,0
60,59,141,-0.000783848574345299,0
60,59,142,0.001230012056381448,0
60,59,143,0.001978905080143292,0
60,59,144,0.003064937739500791,0
60,59,145,0.0008990340466094852,0
60,59,146,-0.002492136075746945,0
60,59,147,-0.00180625053928872,0
60,59,148,0.0007309102892929457,0
60,59,149,0.002748951686324767,0
60,59,150,0.0008947124379463832,0
60,59,151,-0.002539149942846643,0
60,59,152,-0.002970889270313224,0
60,59,153,-0.002930815537688009,0
60,59,154,-0.001658969999996982,0
60,59,155,0.002396566060095002,0
60,59,156,0.002067242319730856,0
60,59,157,-0.0001974846165049894,0
60,59,158,-0.0026133936890312,0
60,59,159,-0.001279199861747388,0
60,59,160,0.002150586473667147,0
60,59,161,0.003281023411429488,0
60,59,162,0.001925978470877939,0
60,59,163,0.0008068059176609381,0
60,59,164,-0.0008840056725672188,0
60,59,165,-0.002165605245143678,0
60,59,166,0.001067333111217406,0
60,59,167,0.001710174001337219,0
60,59,168,0.0007506200224411891,0
60,59,169,-0.001698487356753037,0
60,59,170,-0.001746008282900983,0
61,60,0,0.468862513655016,0
61,60,1,0.09438911611637925,0
61,60,2,-0.3729889807537703,0
61,60,3,-0.6441765127856274,0
61,60,4,0.4479914013861588,0
61,60,5,0.6364464246873205,0
61,60,6,0.3593811407956627,0
61,60,7,-0.7510600007210595,0
61,60,8,-0.4911448016584417,0
61,60,9,0.2339896138381992,0
61,60,10,0.4891092839357489,0
61,60,11,-0.09648752068553323,0
61,60,12,-0.6702603809169336,0
61,60,13,0.4162682133412113,0
61,60,14,0.8799827260703943,0
61,60,15,0.443202607074659,0
61,60,16,-0.7831594294308649,0
61,60,17,-0.5653774491356738,0
61,60,18,0.08810721810496337,0
61,60,19,-0.1030422534547439,0
61,60,20,-0.6866768290054709,0
61,60,21,0.09032869498472272,0
61,60,22,0.4866127695157532,0
61,60,23,0.3955985709888993,0
61,60,24,-0.4350380227256639,0
61,60,25,0.3821555356399767,0
61,60,26,0.8153936992521017,0
61,60,27,-0.7536387129883311,0
61,60,28,-0.456690612817246,0
61,60,29,-0.6356683968694299,0
61,60,30,-0.702340862361268,0
61,60,31,0.2889472769099807,0
61,60,32,0.5468795178290207,0
61,60,33,0.4999032737575469,0
61,60,34,-0.02923358288967938,0
61,60,35,0.002409103926394335,0
61,60,36,0.1800089657599902,0
61,60,37,0.1463964793856683,0
61,60,38,-0.6613223065861098,0
61,60,39,-0.8177125696128797,0
61,60,40,-0.08707106489904362,0
61,60,41,0.6894994381678879,0
61,60,42,0.3737031323584497,0
61,60,43,-0.5417135711917384,0
61,60,44,0.2269575314260398,0
61,60,45,0.4854813436814175,0
61,60,46,0.1640127817099895,0
61,60,47,-0.6564608666547644,0
61,60,48,-0.09640235021377717,0
61,60,49,1,0
61,60,50,-0.2827736546379885,0
61,60,51,-0.7461295791533468,0
61,60,52,-0.2975964879160101,0
61,60,53,0.7478192387947503,0
61,60,54,0.4401267244428886,0
61,60,55,-0.7600840564380671,0
61,60,56,0.328682321630523,0
61,60,57,0.08042336923553285,0
61,60,58,-0.2993616749520486,0
61,60,59,0.2566160264935824,0
61,60,60,0.2878975682410391,0
61,60,61,0.3734978695082692,0
61,60,62,-0.7959109886833335,0
61,60,63,-0.8762326578495464,0
61,60,64,0.06547225246298952,0
61,60,65,0.5142687371562532,0
61,60,66,-0.07779479419630453,0
61,60,67,-0.2860984245495992,0
61,60,68,0.4892722529202995,0
61,60,69,0.8011756351838787,0
61,60,70,0.3390321388485709,0
61,60,71,-0.6078222252222334,0
61,60,72,-0.1197279613515575,0
61,60,73,-0.6253864023190913,0
61,60,74,-0.3850819942075563,0
61,60,75,-0.2596710023988718,0
61,60,76,0.461166040432391,0
61,60,77,0.6806444770026633,0
61,60,78,-0.05697130871933796,0
61,60,79,0.1015936110493255,0
61,60,80,0.1652383091770881,0
61,60,81,-0.09356181619443331,0
61,60,82,-0.05306707878122422,0
61,60,83,-0.7019370140861763,0
61,60,84,-0.1420763929378697,0
61,60,85,0.5041190830297978,0
61,60,86,0.57496237698787,0
61,60,87,0.7890427312169016,0
61,60,88,0.5775606946472482,0
61,60,89,-0.5082502551443563,0
61,60,90,-0.4016040290595286,0
61,60,91,0.2667106202635484,0
61,60,92,0.7675810954723028,0
61,60,93,-0.5581138045995765,0
61,60,94,-0.7331086393496599,0
61,60,95,0.3051151678458837,0
61,60,96,0.5715181493688154,0
61,60,97,0.01116988855940506,0
61,60,98,-0.8019715185148316,0
61,60,99,0.202448374749752,0
61,60,100,0.5917901318098183,0
61,60,101,-0.04133713611009864,0
61,60,102,-0.7221567100500392,0
61,60,103,-0.0247530416532827,0
61,60,104,0.7111427906747622,0
61,60,105,0.5422414469374112,0
61,60,106,-0.7432369184702099,0
61,60,107,-0.6345913064932142,0
61,60,108,0.205343207174964,0
61,60,109,0.6061132186754292,0
61,60,110,0.06909130468091886,0
61,60,111,-0.7190566972304969,0
61,60,112,0.02779092556820848,0
61,60,113,0.7043047899854936,0
61,60,114,-0.6525305784585427,0
61,60,115,-0.6170365702407359,0
61,60,116,-0.2977113203984474,0
61,60,117,-0.7787241464107456,0
61,60,118,-0.08616160426284407,0
61,60,119,0.3430892297851859,0
61,60,120,0.3354656219485503,0
61,60,121,0.5483149257884482,0
61,60,122,0.07562683242778495,0
61,60,123,-0.3538126478275964,0
61,60,124,-0.6020722061900148,0
61,60,125,-0.5701809962274024,0
61,60,126,0.6844148017391838,0
61,60,127,0.7700794167375197,0
61,60,128,-0.2153850489223454,0
61,60,129,-0.1594600644895929,0
61,60,130,-0.4318529898394803,0
61,60,131,-0.4916209186491219,0
61,60,132,0.5369730175310476,0
61,60,133,0.6839404580141957,0
61,60,134,-0.05827356774149849,0
61,60,135,0.001319732675451611,0
61,60,136,-0.001725618175941646,0
61,60,137,0.0003035201458447432,0
61,60,138,0.0001075448556749038,0
61,60,139,-0.0005401071170803505,0
61,60,140,0.002254035013742537,0
61,60,141,-0.003132872630143442,0
61,60,142,-0.0003651359263190228,0
61,60,143,0.0008962253047782987,0
61,60,144,-0.0002103652751249668,0
61,60,145,0.0001748572981626782,0
61,60,146,0.002340709151094814,0
61,60,147,-0.0002221426962999133,0
61,60,148,-0.003177036889209586,0
61,60,149,0.003367455513622898,0
61,60,150,0.001355116727259558,0
61,60,151,0.001129466944440003,0
61,60,152,-3.338349148455897e-05,0
61,60,153,0.0001342865617289879,0
61,60,154,0.0003458587710942257,0
61,60,155,-0.002158046960343238,0
61,60,156,-0.000692372833921582,0
61,60,157,0.003364168710309095,0
61,60,158,-0.001298998640087703,0
61,60,159,-0.0007651388010600228,0
61,60,160,-0.0006246875037884792,0
61,60,161,-0.0006748287711056199,0
61,60,162,-0.001677957065423037,0
61,60,163,0.001526024713122242,0
61,60,164,0.001279193407551044,0
61,60,165,-0.002039540276416341,0
61,60,166,0.001445946395461605,0
61,60,167,-0.003616187636512024,0
61,60,168,0.0005327379223503839,0
61,60,169,0.0007043746831808468,0
61,60,170,0.0001554334158751043,0
62,61,0,0.3440338826214067,0
62,61,1,0.1554704560429054,0
62,61,2,-0.1703115964431721,0
62,61,3,-0.5910876155264132,0
62,61,4,0.0302992667085326,0
62,61,5,0.2637779061716966,0
62,61,6,0.7296480927184499,0
62,61,7,-0.1071155776767471,0
62,61,8,-0.2303017848803331,0
62,61,9,-0.8148156772826588,0
62,61,10,0.195278070672123,0
62,61,11,0.2770918242040452,0
62,61,12,0.7995152814510048,0
62,61,13,-0.4221244401538807,0
62,61,14,-0.4330059348578034,0
62,61,15,-0.5285695567853392,0
62,61,16,0.6493598833672316,0
62,61,17,0.4384094210208289,0
62,61,18,-0.109426398690715,0
62,61,19,-0.5376982312098605,0
62,61,20,-0.03394772168772372,0
62,61,21,0.6098901377060385,0
62,61,22,-0.04907294350131442,0
62,61,23,-0.5488797977361307,0
62,61,24,-0.519923201029746,0
62,61,25,0.485913330531172,0
62,61,26,0.4987740239834014,0
62,61,27,-0.4782626034231575,0
62,61,28,-0.07613137648028548,0
62,61,29,-0.1663811126022944,0
62,61,30,-0.2925792773664482,0
62,61,31,0.02969153804714864,0
62,61,32,0.1214283803537428,0
62,61,33,0.3911332338375524,0
62,61,34,0.1901298496315695,0
62,61,35,-0.09304476570243794,0
62,61,36,-0.5422218197418365,0
62,61,37,-0.3588642208008514,0
62,61,38,0.1967278668696764,0
62,61,39,0.7119209316571529,0
62,61,40,0.3626123659625376,0
62,61,41,-0.2673452147883131,0
62,61,42,-0.6391477670315909,0
62,61,43,-0.1669341317157055,0
62,61,44,0.04812275209055781,0
62,61,45,0.1740600289331239,0
62,61,46,-0.0488963432039727,0
62,61,47,0.4059124932321318,0
62,61,48,0.4110634770469982,0
62,61,49,0.09128829723645183,0
62,61,50,-0.5424151610892307,0
62,61,51,-0.585714752970933,0
62,61,52,-0.03149860710929728,0
62,61,53,0.2363269819185891,0
62,61,54,0.343111843396027,0
62,61,55,0.2191675718976272,0
62,61,56,-0.05987197194516204,0
62,61,57,-0.2167610686491576,0
62,61,58,-0.5515081346675484,0
62,61,59,-0.3264675527231209,0
62,61,60,0.1641848462074051,0
62,61,61,0.9109618730619086,0
62,61,62,0.3632932416280598,0
62,61,63,-0.1511744739892143,0
62,61,64,-1,0
62,61,65,-0.3164872098086545,0
62,61,66,0.1026263855442914,0
62,61,67,0.8321176538188074,0
62,61,68,-0.006819664017510103,0
62,61,69,-0.2096802714600554,0
62,61,70,-0.4386821590933084,0
62,61,71,0.4398445757402633,0
62,61,72,0.261971338649381,0
62,61,73,-0.08804912299991019,0
62,61,74,-0.5906771356590634,0
62,61,75,-0.09197012877523668,0
62,61,76,0.6308902829909826,0
62,61,77,0.3334028002080656,0
62,61,78,-0.2030426753619149,0
62,61,79,-0.9107660913370534,0
62,61,80,0.06160611551051325,0
62,61,81,0.3800556456564558,0
62,61,82,0.6697626344388765,0
62,61,83,-0.2509058130878235,0
62,61,84,-0.2886682591866727,0
62,61,85,0.3439621509299077,0
62,61,86,-0.02182408282558121,0
62,61,87,-0.2236451757050329,0
62,61,88,0.02357343398079158,0
62,61,89,0.06774054206122758,0
62,61,90,0.5160919689057247,0
62,61,91,-0.3315566173509207,0
62,61,92,-0.4833469714647388,0
62,61,93,-0.5147417256264184,0
62,61,94,0.6983893264999892,0
62,61,95,0.6310704770834439,0
62,61,96,0.2284277087269707,0
62,61,97,-0.7888274654891597,0
62,61,98,-0.341866909177743,0
62,61,99,0.009633615457927741,0
62,61,100,0.4366445894932652,0
62,61,101,-0.03398945677506542,0
62,61,102,-0.03786981673257001,0
62,61,103,0.05803847103758768,0
62,61,104,0.1688454897359097,0
62,61,105,-0.008318657935959246,0
62,61,106,-0.3847647603152463,0
62,61,107,-0.1983662003793013,0
62,61,108,-0.08107518654697871,0
62,61,109,0.4675905135572114,0
62,61,110,0.261982838276856,0
62,61,111,0.2017548744344033,0
62,61,112,-0.4520452252942992,0
62,61,113,-0.3737418546567672,0
62,61,114,0.37382783655867,0
62,61,115,0.2720301980910704,0
62,61,116,0.5799173085258501,0
62,61,117,0.5938821749854341,0
62,61,118,-0.8484091731308488,0
62,61,119,-0.7023520812196364,0
62,61,120,0.6716681012776111,0
62,61,121,0.4300701237865777,0
62,61,122,-0.2386615425189882,0
62,61,123,0.06965658889310418,0
62,61,124,-0.172115398589151,0
62,61,125,-0.3934341297109413,0
62,61,126,0.4782918022565007,0
62,61,127,0.4307589692365051,0
62,61,128,-0.7071183821635285,0
62,61,129,-0.3583491951054917,0
62,61,130,0.7631911714841075,0
62,61,131,0.2709424715751485,0
62,61,132,-0.5175062816849971,0
62,61,133,-0.1199200921244792,0
62,61,134,-0.1909714175257547,0
62,61,135,0.001165789102260395,0
62,61,136,-0.003082922173577085,0
62,61,137,0.004209567747721463,0
62,61,138,-0.003901656790341242,0
62,61,139,0.002905348546813769,0
62,61,140,-0.0007731615956245359,0
62,61,141,-0.0006180565639095931,0
62,61,142,0.002514231336567245,0
62,61,143,-0.002772844125601572,0
62,61,144,0.002013585921332987,0
62,61,145,-0.002741307343669629,0
62,61,146,0.002877073425481738,0
62,61,147,-0.002082908668625358,0
62,61,148,0.001359318158157023,0
62,61,149,-0.0007081235431980927,0
62,61,150,-0.0009108851661674629,0
62,61,151,0.001820899917980082,0
62,61,152,-0.0007052517131416773,0
62,61,153,-0.0008382881177850824,0
62,61,154,0.002318368983843047,0
62,61,155,-0.002148175385465982,0
62,61,156,0.001422890218742538,0
62,61,157,-0.0007733365647848556,0
62,61,158,-0.001418201706279687,0
62,61,159,0.001638744081898937,0
62,61,160,-0.002500554327980705,0
62,61,161,0.002179469453683574,0
62,61,162,-0.003042885548534323,0
62,61,163,0.003804663593688709,0
62,61,164,-0.003350138002511526,0
62,61,165,0.002320939549689103,0
62,61,166,-0.0004122819098057939,0
62,61,167,-0.002510094496349194,0
62,61,168,0.003157384633312382,0
62,61,169,-0.003423800826833387,0
62,61,170,0.001506406111417102,0
63,62,0,0.2130583538841406,0
63,62,1,-0.2385205313762327,0
63,62,2,-0.5186287609955604,0
63,62,3,0.02720064255287562,0
63,62,4,0.330711717064722,0
63,62,5,0.1471270535410965,0
63,62,6,-0.2216560261294139,0
63,62,7,0.411040456213476,0
63,62,8,0.6990423207720803,0
63,62,9,-0.09384094789627719,0
63,62,10,-0.02743219904816349,0
63,62,11,0.3006557057992691,0
63,62,12,0.08913057578265707,0
63,62,13,-0.2539399012369745,0
63,62,14,-0.2942035017087052,0
63,62,15,0.06596154813048614,0
63,62,16,-0.2069789324753942,0
63,62,17,-0.4150649418429889,0
63,62,18,0.04067048024621159,0
63,62,19,-0.1603988606423336,0
63,62,20,-0.3295656671019466,0
63,62,21,0.06661531912089906,0
63,62,22,-0.05527696516878667,0
63,62,23,-0.1926865225568044,0
63,62,24,0.0231332502612585,0
63,62,25,0.1644684716215777,0
63,62,26,0.1225411201166547,0
63,62,27,0.4585196349947295,0
63,62,28,0.6035339461550437,0
63,62,29,-0.3078353944670321,0
63,62,30,-0.05392584006379562,0
63,62,31,0.7864527533587005,0
63,62,32,-0.2978330333934209,0
63,62,33,-0.4563387348416108,0
63,62,34,-0.06025090104766587,0
63,62,35,0.2187142800062163,0
63,62,36,-0.2162889875621879,0
63,62,37,-0.8723831188950061,0
63,62,38,0.3398606368147615,0
63,62,39,0.143153939385806,0
63,62,40,-0.7115979836310898,0
63,62,41,0.03513529533661176,0
63,62,42,0.2316685534345013,0
63,62,43,0.1643961595178492,0
63,62,44,-0.1145516712848899,0
63,62,45,0.2161334697662028,0
63,62,46,0.748547359763124,0
63,62,47,-0.0983004441601374,0
63,62,48,0.1174030903004638,0
63,62,49,0.7178494925580384,0
63,62,50,-0.1104426979024929,0
63,62,51,-0.03863418617929887,0
63,62,52,0.3731671158159958,0
63,62,53,-0.2402871567695003,0
63,62,54,-0.3583833931505492,0
63,62,55,-0.2347317385671393,0
63,62,56,-0.404689873399159,0
63,62,57,-0.9024724439916048,0
63,62,58,0.2822035452529212,0
63,62,59,0.2918337295283546,0
63,62,60,-0.7348620708260555,0
63,62,61,0.2586574909408935,0
63,62,62,0.4067258658793531,0
63,62,63,-0.03330914283654628,0
63,62,64,0.06372675624201157,0
63,62,65,0.04588927706732669,0
63,62,66,0.5825806036235205,0
63,62,67,-0.3064908906857251,0
63,62,68,-0.1647881346502712,0
63,62,69,0.7761923135587527,0
63,62,70,-0.3303532364244793,0
63,62,71,-0.2420846269039718,0
63,62,72,0.2232001297573675,0
63,62,73,0.0513826128493886,0
63,62,74,-0.1995323698975265,0
63,62,75,-0.6902288690294495,0
63,62,76,0.1510296921951371,0
63,62,77,-0.04811870318279868,0
63,62,78,-1,0
63,62,79,0.2543779746428124,0
63,62,80,0.2310841195715068,0
63,62,81,-0.4962577042752433,0
63,62,82,0.2088168464236183,0
63,62,83,0.4530338302512073,0
63,62,84,0.353063543119882,0
63,62,85,0.1061731190243511,0
63,62,86,0.8232678133868884,0
63,62,87,-0.1636431000524465,0
63,62,88,-0.3979364429628261,0
63,62,89,0.4271130872649106,0
63,62,90,-0.1377288511430021,0
63,62,91,-0.2410460955670759,0
63,62,92,0.07339231844129517,0
63,62,93,-0.1544351358154597,0
63,62,94,0.01747582392378778,0
63,62,95,-0.2422022991396371,0
63,62,96,0.03362989753533021,0
63,62,97,0.1877062825008106,0
63,62,98,-0.4344956245913743,0
63,62,99,0.3499497906931149,0
63,62,100,0.2614830807757799,0
63,62,101,-0.3234429601905371,0
63,62,102,0.2266086097428867,0
63,62,103,0.1555844849042158,0
63,62,104,0.2810760425195358,0
63,62,105,-0.166465516104833,0
63,62,106,-0.1201744823638131,0
63,62,107,0.7852829892970054,0
63,62,108,-0.331945809053771,0
63,62,109,-0.4469456430109019,0
63,62,110,0.4142752297470729,0
63,62,111,-0.09640691499555747,0
63,62,112,-0.2656356968771694,0
63,62,113,-0.2582213304647776,0
63,62,114,0.1592993263756512,0
63,62,115,-0.4934542100977832,0
63,62,116,-0.01404176072496112,0
63,62,117,0.3375412145896796,0
63,62,118,0.07168180785301033,0
63,62,119,0.1174317252602384,0
63,62,120,0.07558368971166488,0
63,62,121,-0.06798367501064566,0
63,62,122,0.08783315779154195,0
63,62,123,-0.2179195807563453,0
63,62,124,-0.07797846149823356,0
63,62,125,-0.265273329801246,0
63,62,126,-0.2492426358973946,0
63,62,127,-0.0530262324488507,0
63,62,128,0.01256015195434274,0
63,62,129,0.4033619019062148,0
63,62,130,0.1319083876359328,0
63,62,131,0.4173191147294938,0
63,62,132,0.09761651366041803,0
63,62,133,-0.01027846140916364,0
63,62,134,-0.2850478548019479,0
63,62,135,-0.00158089117161127,0
63,62,136,-0.001953000292412942,0
63,62,137,-0.0001220526292471812,0
63,62,138,0.001986348798278386,0
63,62,139,0.001682040313919891,0
63,62,140,-0.0004916433762103949,0
63,62,141,-0.0004736429306381966,0
63,62,142,-0.001457947182323624,0
63,62,143,-0.001813443420316974,0
63,62,144,0.003016508741794037,0
63,62,145,0.002613268754323481,0
63,62,146,-0.0004370484576569631,0
63,62,147,-0.002721140061628621,0
63,62,148,-0.002515319493700086,0
63,62,149,6.10902130004848e-05,0
63,62,150,0.001497332232581236,0
63,62,151,0.002922060604494734,0
63,62,152,0.002146388733455594,0
63,62,153,-0.002655693357669697,0
63,62,154,-0.002890740137044858,0
63,62,155,-5.199240174904162e-05,0
63,62,156,0.002330368323039036,0
63,62,157,0.002579723063305686,0
63,62,158,0.0001791773325081928,0
63,62,159,-0.001944668610264314,0
63,62,160,-0.003050674947932956,0
63,62,161,-0.002191324417271158,0
63,62,162,0.001762845372292921,0
63,62,163,0.001376064622015369,0
63,62,164,0.0002525543116957473,0
63,62,165,-0.001567061271105176,0
63,62,166,-0.001985081079621591,0
63,62,167,0.0005321545822096922,0
63,62,168,0.001581781340005197,0
63,62,169,0.002057172102641861,0
63,62,170,0.0008752495186970382,0
64,63,0,-0.6054170507204574,0
64,63,1,0.0137585461737805,0
64,63,2,0.6277385329659035,0
64,63,3,0.4626908805804864,0
64,63,4,-0.6615588496545329,0
64,63,5,-0.7025674093271522,0
64,63,6,0.2366714734041976,0
64,63,7,0.485477029317433,0
64,63,8,-0.08425228304879352,0
64,63,9,-0.5952451935897076,0
64,63,10,0.3596389381800451,0
64,63,11,0.8222304421350445,0
64,63,12,0.1583589437281981,0
64,63,13,-0.6271374464115902,0
64,63,14,-0.349106817453029,0
64,63,15,0.2835367609407943,0
64,63,16,-0.3140845739365305,0
64,63,17,-0.8594752624019061,0
64,63,18,0.1235725319858952,0
64,63,19,0.356242557397085,0
64,63,20,0.08200334482385006,0
64,63,21,-0.1805529296053716,0
64,63,22,0.652181457694021,0
64,63,23,0.9940052104375748,0
64,63,24,-0.3597754082743501,0
64,63,25,0.1133521531256306,0
64,63,26,0.7147698681694594,0
64,63,27,-0.596444830232492,0
64,63,28,-0.4936106852841025,0
64,63,29,0.6746695832324275,0
64,63,30,0.6868793398865436,0
64,63,31,-0.430380513950599,0
64,63,32,-0.1442525837224704,0
64,63,33,-0.1081238733470588,0
64,63,34,0.03282984955760693,0
64,63,35,-0.5786805687557717,0
64,63,36,-0.6187476571130922,0
64,63,37,0.009089329189333289,0
64,63,38,0.4658761545234839,0
64,63,39,0.3643145684337651,0
64,63,40,-0.2547757402272107,0
64,63,41,0.445861752871825,0
64,63,42,0.5160929914798338,0
64,63,43,0.0980634849551829,0
64,63,44,-0.5447148225826435,0
64,63,45,-0.09684311220513184,0
64,63,46,0.8346188083040169,0
64,63,47,-0.4919009657967668,0
64,63,48,-0.5898349028858701,0
64,63,49,0.1326294669036474,0
64,63,50,0.08809389040386954,0
64,63,51,-0.3014736674513555,0
64,63,52,-1,0
64,63,53,0.7112302851800382,0
64,63,54,0.5268691150169788,0
64,63,55,-0.7692074605688525,0
64,63,56,0.1544244234827737,0
64,63,57,-0.008704087270691403,0
64,63,58,0.2661710319027706,0
64,63,59,-0.3740798685933409,0
64,63,60,-0.323250642592609,0
64,63,61,-0.1917257114290605,0
64,63,62,0.6532263276440636,0
64,63,63,0.7344189822357508,0
64,63,64,-0.3161437688645644,0
64,63,65,0.09900775554333746,0
64,63,66,0.6349370642093867,0
64,63,67,0.3621725065503877,0
64,63,68,-0.6107021331660833,0
64,63,69,-0.5561662864952124,0
64,63,70,-0.2622002016972522,0
64,63,71,-0.2635681433810131,0
64,63,72,-0.5301158703759984,0
64,63,73,-0.03801391660906585,0
64,63,74,0.513378951231128,0
64,63,75,0.1061882520471511,0
64,63,76,0.4708867384331665,0
64,63,77,0.5146873087129468,0
64,63,78,0.1549268715512216,0
64,63,79,-0.08874596120796957,0
64,63,80,-0.4231714688118908,0
64,63,81,-0.004052459680186333,0
64,63,82,0.00653244280325407,0
64,63,83,-0.5010080513042898,0
64,63,84,0.1263306047293955,0
64,63,85,0.6059600493633139,0
64,63,86,0.8737050850694476,0
64,63,87,-0.687209205293118,0
64,63,88,-0.3707040648562739,0
64,63,89,0.5575560444816595,0
64,63,90,-0.0294202811682794,0
64,63,91,-0.4419504089255646,0
64,63,92,-0.5773900538744093,0
64,63,93,0.6662387912873409,0
64,63,94,0.4021718658234349,0
64,63,95,-0.7790192387906369,0
64,63,96,0.1550072597146323,0
64,63,97,0.4785928929344869,0
64,63,98,0.3395429896749335,0
64,63,99,-0.713862279624897,0
64,63,100,-0.1305063135048489,0
64,63,101,0.9172776074111294,0
64,63,102,0.1005947012192242,0
64,63,103,-0.7010515412376304,0
64,63,104,-0.3931219314837793,0
64,63,105,0.5756016585268864,0
64,63,106,0.1001936400802079,0
64,63,107,-0.6737761054208647,0
64,63,108,-0.218227191157499,0
64,63,109,0.6824064983728596,0
64,63,110,0.6242157039844638,0
64,63,111,-0.6606084378476739,0
64,63,112,-0.2832039137491392,0
64,63,113,0.3607142595582327,0
64,63,114,-0.5079286332480382,0
64,63,115,-0.9319710101940395,0
64,63,116,0.243370302641692,0
64,63,117,0.6249236620285125,0
64,63,118,0.1973316380013097,0
64,63,119,-0.08947731302725452,0
64,63,120,-0.1449994397304041,0
64,63,121,-0.567434129718928,0
64,63,122,-0.4544097914294523,0
64,63,123,-0.22260750071465,0
64,63,124,0.3903865422845223,0
64,63,125,0.6685013381395805,0
64,63,126,0.311051787903984,0
64,63,127,0.2488953047294147,0
64,63,128,-0.6217545031406141,0
64,63,129,-0.698474104231725,0
64,63,130,0.03334791665726842,0
64,63,131,0.02315199105691214,0
64,63,132,0.5087694631956307,0
64,63,133,0.6311754114815931,0
64,63,134,-0.2904393661159077,0
64,63,135,-0.0001873534703536501,0
64,63,136,0.0007156368718177512,0
64,63,137,-0.0003853777568303405,0
64,63,138,-0.0002610331723922288,0
64,63,139,0.002530497742181889,0
64,63,140,-0.001502204239160317,0
64,63,141,-0.003240891867789844,0
64,63,142,0.0006006478450806776,0
64,63,143,0.001761164270130928,0
64,63,144,-0.0007690983679009589,0
64,63,145,0.0007208652240514115,0
64,63,146,-0.0006401115865914661,0
64,63,147,-0.002863009865741615,0
64,63,148,0.0007341080837506033,0
64,63,149,0.00251194879922567,0
64,63,150,0.00179313473676389,0
64,63,151,-7.72475125241467e-07,0
64,63,152,-0.0007422248315404609,0
64,63,153,-0.0006770040969178738,0
64,63,154,-0.0005135237513151518,0
64,63,155,0.001402951946843083,0
64,63,156,0.002446663347634953,0
64,63,157,-0.001676521589546517,0
64,63,158,-0.002346325365870349,0
64,63,159,0.000142360653540525,0
64,63,160,-0.0008158410264219878,0
64,63,161,-0.001138813048319921,0
64,63,162,0.002451927919689515,0
64,63,163,-0.0004587554109824861,0
64,63,164,-0.003183420867719907,0
64,63,165,0.001053981392493685,0
64,63,166,0.0009354530048869671,0
64,63,167,-0.001884015985999453,0
64,63,168,-0.0002856025119348717,0
64,63,169,0.0001761023043432704,0
64,63,170,0.001245134545528111,0
65,64,0,0.2863652163850848,0
65,64,1,0.1276794549644984,0
65,64,2,-0.1114508180273396,0
65,64,3,-0.4265806349760449,0
65,64,4,0.05806115243783637,0
65,64,5,0.2029947091488044,0
65,64,6,0.3375945206848702,0
65,64,7,-0.2310323087822586,0
65,64,8,-0.2042855525441032,0
65,64,9,-0.01278762995384579,0
65,64,10,0.3751690190742014,0
65,64,11,0.1704983010736031,0
65,64,12,-0.4966945523434157,0
65,64,13,-0.4122069681623007,0
65,64,14,-0.04008885784994387,0
65,64,15,1,0
65,64,16,0.08658070686606546,0
65,64,17,-0.3623690370964919,0
65,64,18,-0.9244392511600501,0
65,64,19,0.4269138730770707,0
65,64,20,0.5404645227719974,0
65,64,21,0.3408822987876948,0
65,64,22,-0.3693526873140054,0
65,64,23,0.04351965489165241,0
65,64,24,0.03490846023938424,0
65,64,25,0.04124144826069842,0
65,64,26,-0.3095791944848021,0
65,64,27,0.1350030836601825,0
65,64,28,0.1627686848626465,0
65,64,29,-0.09345726638741486,0
65,64,30,-0.2162458862463372,0
65,64,31,-0.07261721540202297,0
65,64,32,0.1174060471095121,0
65,64,33,0.3423093774682375,0
65,64,34,0.2095777885454004,0
65,64,35,-0.1653317461527355,0
65,64,36,-0.3674623563813218,0
65,64,37,-0.2165316249223999,0
65,64,38,0.2092869799236363,0
65,64,39,0.1990574158240708,0
65,64,40,0.04032617009510456,0
65,64,41,-0.1122331922066021,0
65,64,42,0.263046041447762,0
65,64,43,0.2811988378868545,0
65,64,44,0.02769530839485875,0
65,64,45,-0.5365268156022762,0
65,64,46,-0.2216217221007974,0
65,64,47,-0.319816799693796,0
65,64,48,0.2915561103411979,0
65,64,49,0.138040430347567,0
65,64,50,0.600335364555885,0
65,64,51,0.05902102942424638,0
65,64,52,-0.2197321052281932,0
65,64,53,-0.390527474558362,0
65,64,54,-0.136088381964059,0
65,64,55,-0.1058262132834633,0
65,64,56,-0.08109818215329517,0
65,64,57,0.1027259594022367,0
65,64,58,-0.4863255166691908,0
65,64,59,-0.2965099500858601,0
65,64,60,0.164229220293636,0
65,64,61,0.6122540282343433,0
65,64,62,0.18937151256396,0
65,64,63,-0.08225717503856948,0
65,64,64,-0.3857134807366785,0
65,64,65,0.0956342659322727,0
65,64,66,0.1186326097167712,0
65,64,67,-0.09857267268646561,0
65,64,68,-0.4813418728298422,0
65,64,69,-0.1887911654450618,0
65,64,70,0.4960764521179639,0
65,64,71,0.4764028695603481,0
65,64,72,-0.05806086233938527,0
65,64,73,-0.5264919677624282,0
65,64,74,-0.08955535615579566,0
65,64,75,0.1508286613639954,0
65,64,76,0.138034823077499,0
65,64,77,-0.1608353694125172,0
65,64,78,-0.02740793405581353,0
65,64,79,0.4346637555182563,0
65,64,80,0.05964062800133898,0
65,64,81,-0.2357661584614848,0
65,64,82,-0.5323952686477395,0
65,64,83,0.1765815562438569,0
65,64,84,0.4418245318940097,0
65,64,85,-0.3048979285495484,0
65,64,86,-0.01708490484524738,0
65,64,87,-0.2121430131357259,0
65,64,88,0.05762307689622752,0
65,64,89,0.1119276358914271,0
65,64,90,0.2896415070665306,0
65,64,91,-0.3761443495732495,0
65,64,92,-0.4761023547249886,0
65,64,93,0.01006666659803656,0
65,64,94,0.5509817399818382,0
65,64,95,0.2885788916756057,0
65,64,96,-0.3072379069584493,0
65,64,97,-0.252917495062572,0
65,64,98,0.1589040385517773,0
65,64,99,0.3893077906282916,0
65,64,100,-0.1684119256190403,0
65,64,101,-0.2420276243998239,0
65,64,102,-0.4075219758044261,0
65,64,103,0.2051893789249845,0
65,64,104,0.1398900656627164,0
65,64,105,0.411531129148452,0
65,64,106,0.01419615643490522,0
65,64,107,0.02798508769894122,0
65,64,108,-0.3265100220762159,0
65,64,109,-0.2495529529471735,0
65,64,110,-0.1867387581006792,0
65,64,111,0.04434215196064981,0
65,64,112,0.3358447107771774,0
65,64,113,0.3073571736908721,0
65,64,114,-0.2328618560158875,0
65,64,115,-0.3551937355036234,0
65,64,116,0.5046852938148829,0
65,64,117,0.4685322727484986,0
65,64,118,-0.5602533773394552,0
65,64,119,-0.412552108836051,0
65,64,120,0.2237099077187671,0
65,64,121,-0.02877425116958705,0
65,64,122,0.04184714522090335,0
65,64,123,0.3166489934731154,0
65,64,124,-0.003454681637660079,0
65,64,125,-0.1537721042213209,0
65,64,126,-0.2976296033258002,0
65,64,127,-0.1179907487370254,0
65,64,128,0.7154402566352391,0
65,64,129,0.3018922174655687,0
65,64,130,-0.9339148564422657,0
65,64,131,-0.2807419195506893,0
65,64,132,0.7223169359307107,0
65,64,133,0.0786792939674396,0
65,64,134,0.2424977458419931,0
65,64,135,0.001229205496531509,0
65,64,136,-0.002361214116922594,0
65,64,137,0.001914268791895029,0
65,64,138,0.000120139615675046,0
65,64,139,-0.00147652496433646,0
65,64,140,0.003914043076033287,0
65,64,141,-0.001764054472952979,0
65,64,142,0.0006700419777815967,0
65,64,143,0.0005347338566847266,0
65,64,144,0.001321441784254477,0
65,64,145,-0.001429513139593173,0
65,64,146,0.0002881903172629928,0
65,64,147,0.000705134694163355,0
65,64,148,-0.001538090573975206,0
65,64,149,0.004248536252509772,0
65,64,150,-0.001962396049173469,0
65,64,151,0.001146748165163971,0
65,64,152,-0.0005276149895352065,0
65,64,153,-0.0008221318703723908,0
65,64,154,0.001891125552004184,0
65,64,155,-0.0009466878696789178,0
65,64,156,0.000454759616776042,0
65,64,157,-0.0005320279157549248,0
65,64,158,0.001066211028132304,0
65,64,159,-0.001648829970870711,0
65,64,160,0.00257884165598334,0
65,64,161,-0.002135879441051872,0
65,64,162,-0.002105093311976514,0
65,64,163,0.001966018403299471,0
65,64,164,-0.001248317968496273,0
65,64,165,9.447060011976265e-06,0
65,64,166,0.001075498296574678,0
65,64,167,-0.0002204415226338684,0
65,64,168,-0.001283399652392418,0
65,64,169,0.002852855881328259,0
65,64,170,-0.001328762193289137,0
66,65,0,0.3859858290206892,0
66,65,1,0.1600475453524293,0
66,65,2,-0.1672641511754141,0
66,65,3,-0.5995346661244336,0
66,65,4,-0.02676276982563804,0
66,65,5,0.1659769716416495,0
66,65,6,0.66506072820659,0
66,65,7,-0.06732263780441587,0
66,65,8,-0.1479852873304888,0
66,65,9,-0.6036892022390931,0
66,65,10,0.1887835511702134,0
66,65,11,0.1887082776990709,0
66,65,12,0.4459757403544976,0
66,65,13,-0.1320978549842434,0
66,65,14,-0.02128830725852332,0
66,65,15,-0.4364721592011316,0
66,65,16,-0.1135681073346915,0
66,65,17,-0.1680666756056325,0
66,65,18,0.7161743855037075,0
66,65,19,0.265245171807578,0
66,65,20,0.1229869839378365,0
66,65,21,-0.9654231895630614,0
66,65,22,0.01587671141757235,0
66,65,23,0.2577393263406442,0
66,65,24,0.7035370165152351,0
66,65,25,-0.4470908660432659,0
66,65,26,-0.3906766130892218,0
66,65,27,0.4664596518165636,0
66,65,28,-0.003001914254584219,0
66,65,29,0.04195178767626195,0
66,65,30,-0.1091632373768977,0
66,65,31,-0.01305294599248912,0
66,65,32,-0.1994666481991278,0
66,65,33,0.2026567500422917,0
66,65,34,0.2503627795694058,0
66,65,35,0.2696163992249271,0
66,65,36,-0.2577623974705355,0
66,65,37,-0.2450934933885791,0
66,65,38,-0.3733843354176944,0
66,65,39,0.1062746124901669,0
66,65,40,0.03850026876543815,0
66,65,41,0.5827195473543474,0
66,65,42,0.1158750491062346,0
66,65,43,-0.02317859984403434,0
66,65,44,-0.6922558338267604,0
66,65,45,-0.1556700324914029,0
66,65,46,0.04864862325723459,0
66,65,47,0.4924800551940277,0
66,65,48,-0.1661395310406149,0
66,65,49,-0.1571236361457685,0
66,65,50,-0.2052585599216265,0
66,65,51,0.5252944959953788,0
66,65,52,0.2140813443371156,0
66,65,53,0.1301493142566412,0
66,65,54,-0.436114557949997,0
66,65,55,-0.1619882308713609,0
66,65,56,0.2383396253057358,0
66,65,57,0.213682270388605,0
66,65,58,-0.3181553915274531,0
66,65,59,-0.2206523822408931,0
66,65,60,0.03587876848810897,0
66,65,61,0.3645824119939073,0
66,65,62,0.2062435715187763,0
66,65,63,-0.03254853176551561,0
66,65,64,-0.09055798889193063,0
66,65,65,-0.02222277454710973,0
66,65,66,-0.03852888711195413,0
66,65,67,-0.2286075308146275,0
66,65,68,-0.09734869618356388,0
66,65,69,0.1218045318150509,0
66,65,70,0.4098960051317772,0
66,65,71,-0.04863940530324249,0
66,65,72,-0.1963832134960236,0
66,65,73,-0.358019237741542,0
66,65,74,0.3578646995860428,0
66,65,75,0.3449664051531731,0
66,65,76,-0.03611905677351379,0
66,65,77,-0.5586550851499239,0
66,65,78,-0.252107161678946,0
66,65,79,0.3635313664184143,0
66,65,80,0.3474783015507411,0
66,65,81,-0.03972278361208197,0
66,65,82,-0.3438908077298916,0
66,65,83,-0.1126860778032482,0
66,65,84,-0.007489506874942649,0
66,65,85,-0.08152962708478496,0
66,65,86,-0.004015872946472692,0
66,65,87,-0.2881282563172076,0
66,65,88,-0.08698334002739883,0
66,65,89,0.1339550850906206,0
66,65,90,0.4285847919983124,0
66,65,91,-0.09588524823488184,0
66,65,92,-0.2397524788394055,0
66,65,93,-0.3482579500976084,0
66,65,94,0.06400303948575223,0
66,65,95,0.057016118010606,0
66,65,96,0.2398585214921132,0
66,65,97,0.2148681468315949,0
66,65,98,0.2522817757273797,0
66,65,99,-0.3206975148263106,0
66,65,100,-0.4928832618331725,0
66,65,101,-0.3531250727154998,0
66,65,102,0.4507726882554619,0
66,65,103,0.4977373520680923,0
66,65,104,0.1559059934025831,0
66,65,105,-0.4277374057840602,0
66,65,106,-0.2300013807450375,0
66,65,107,-0.08146635459695334,0
66,65,108,0.4029334457949366,0
66,65,109,-0.005322233337641332,0
66,65,110,0.04913979469609992,0
66,65,111,-0.3168728794387909,0
66,65,112,0.1697317198323606,0
66,65,113,0.1793244792819934,0
66,65,114,-0.2720103225163714,0
66,65,115,-0.08573940835375297,0
66,65,116,0.04478566589185537,0
66,65,117,0.1329739838521716,0
66,65,118,0.2072696379413241,0
66,65,119,0.008201429777391776,0
66,65,120,-0.6581930999042945,0
66,65,121,-0.2948014528613885,0
66,65,122,0.9837845600844997,0
66,65,123,0.4366748219030274,0
66,65,124,-1,0
66,65,125,-0.2840188588111784,0
66,65,126,0.8612009325171435,0
66,65,127,0.02371907626315214,0
66,65,128,-0.576847786932334,0
66,65,129,0.1187994250554039,0
66,65,130,0.2109656150670456,0
66,65,131,-0.2103026055285764,0
66,65,132,-0.007474503299817531,0
66,65,133,0.2580999127090038,0
66,65,134,-0.06505135166774238,0
66,65,135,0.0007885763127518106,0
66,65,136,-0.002010101830697555,0
66,65,137,0.001466503160724052,0
66,65,138,-0.0006925029894962745,0
66,65,139,-0.0001275016187908721,0
66,65,140,-0.0005408374843718251,0
66,65,141,0.001180407554039552,0
66,65,142,-0.002191551589980544,0
66,65,143,0.002453082287718574,0
66,65,144,0.001491198785402139,0
66,65,145,-0.001767880803763316,0
66,65,146,0.002029547586601053,0
66,65,147,-0.001878045671916287,0
66,65,148,0.001201639784897573,0
66,65,149,-0.002897378632745796,0
66,65,150,0.002097326277475316,0
66,65,151,-0.003127006597650583,0
66,65,152,0.001652465276964082,0
66,65,153,0.0001569763069514671,0
66,65,154,-0.0007752442504481066,0
66,65,155,0.00186545511204238,0
66,65,156,-0.002883090149751099,0
66,65,157,0.003023330718896591,0
66,65,158,-0.004267546854119435,0
66,65,159,0.002071539822877331,0
66,65,160,-0.00122305918335214,0
66,65,161,-0.0001107241437056476,0
66,65,162,-0.0003168987015544453,0
66,65,163,-0.0002638239066273726,0
66,65,164,0.001497549491540062,0
66,65,165,-0.002259460488803885,0
66,65,166,0.002735705112645778,0
66,65,167,-0.003120517650144268,0
66,65,168,0.0003384990238140297,0
66,65,169,0.0005196951579518078,0
66,65,170,-0.0005560664821521313,0
67,66,0,0.002937839229453003,0
67,66,1,0.1562546564922708,0
67,66,2,0.2144450814829672,0
67,66,3,-0.1183717353982751,0
67,66,4,0.04834116790375952,0
67,66,5,0.1884710001567089,0
67,66,6,-9.471312133957061e-06,0
67,66,7,-0.2298891686712698,0
67,66,8,-0.1911461605668249,0
67,66,9,0.1107131560420553,0
67,66,10,-0.2593425297063765,0
67,66,11,-0.4668240860704833,0
67,66,12,0.1176818320049093,0
67,66,13,0.004546180870243477,0
67,66,14,-0.229037910106784,0
67,66,15,-0.1089280184140475,0
67,66,16,0.09002922530371338,0
67,66,17,0.1083453941988337,0
67,66,18,0.06617197689368706,0
67,66,19,0.09592327743582231,0
67,66,20,0.1849269429902408,0
67,66,21,-0.07414488056628714,0
67,66,22,0.1712009731843562,0
67,66,23,0.2602802142756198,0
67,66,24,0.01296397254009897,0
67,66,25,0.2249536778354706,0
67,66,26,0.394431229009254,0
67,66,27,0.4369541847827615,0
67,66,28,0.6495890299154007,0
67,66,29,0.01800219249166417,0
67,66,30,-0.1254960985142776,0
67,66,31,-0.4114080571128633,0
67,66,32,0.1544270914856709,0
67,66,33,0.1344819830397427,0
67,66,34,-0.1908410041882388,0
67,66,35,0.164287427715332,0
67,66,36,0.275655567723429,0
67,66,37,0.237009001278731,0
67,66,38,-0.1541111811390455,0
67,66,39,0.07290410541687646,0
67,66,40,0.5524718258655767,0
67,66,41,-0.156499502152933,0
67,66,42,-0.07148844371446426,0
67,66,43,0.4500874800667327,0
67,66,44,-0.09421566627875197,0
67,66,45,-0.06423875288775534,0
67,66,46,0.06497349845115305,0
67,66,47,0.05567803794990189,0
67,66,48,-0.1123915428621821,0
67,66,49,-0.3020209783222307,0
67,66,50,-0.0647345469910989,0
67,66,51,-0.1298578079131094,0
67,66,52,-0.4379967090211505,0
67,66,53,-0.08580768603928807,0
67,66,54,-0.3175469205882657,0
67,66,55,-0.7123922739550156,0
67,66,56,-0.2923502914025096,0
67,66,57,-1,0
67,66,58,-0.1263577557923061,0
67,66,59,-0.03220751318715029,0
67,66,60,0.5016941502480811,0
67,66,61,-0.1299946809013612,0
67,66,62,-0.2674875882630445,0
67,66,63,0.09697384407155543,0
67,66,64,-0.05357472210551389,0
67,66,65,-0.1537182369224019,0
67,66,66,-0.2459164248359859,0
67,66,67,-0.06227270487894911,0
67,66,68,0.06395608599117351,0
67,66,69,-0.3447646114276399,0
67,66,70,0.1287575537221632,0
67,66,71,0.06596653898452794,0
67,66,72,-0.4316363392977133,0
67,66,73,0.18934474511542,0
67,66,74,0.09538942120260314,0
67,66,75,-0.2704317316497721,0
67,66,76,0.07242100915382732,0
67,66,77,0.04160076494953992,0
67,66,78,0.09292458577401046,0
67,66,79,0.08752221029825523,0
67,66,80,0.1925985843856407,0
67,66,81,0.5535340919731998,0
67,66,82,0.08206345427784219,0
67,66,83,0.200067778990545,0
67,66,84,0.8382296582191,0
67,66,85,0.006406369275284608,0
67,66,86,0.9221692579855765,0
67,66,87,0.1547080075326859,0
67,66,88,0.2242234212248516,0
67,66,89,-0.3559880996468944,0
67,66,90,0.08980137836033952,0
67,66,91,0.2327313980057915,0
67,66,92,-0.03660012430621731,0
67,66,93,-0.01078105459514897,0
67,66,94,-0.009601829280703795,0
67,66,95,0.1440039308540124,0
67,66,96,0.0742462086252889,0
67,66,97,-0.06548548019640485,0
67,66,98,0.1835351527950339,0
67,66,99,0.02093913094569889,0
67,66,100,-0.1233611552018295,0
67,66,101,0.173207881206972,0
67,66,102,-0.06669960501542653,0
67,66,103,-0.0477639285365574,0
67,66,104,0.2620214395327344,0
67,66,105,-0.2810640769768409,0
67,66,106,-0.1172444493256897,0
67,66,107,0.09187444790104814,0
67,66,108,-0.1106331629622693,0
67,66,109,-0.1271027076161526,0
67,66,110,-0.3461475908546869,0
67,66,111,0.0007317497921371214,0
67,66,112,0.05994269978889286,0
67,66,113,-0.632012350584625,0
67,66,114,0.256038130223421,0
67,66,115,-0.5328596977735458,0
67,66,116,-0.04683899869635676,0
67,66,117,-0.2933770517032968,0
67,66,118,-0.00722413287323513,0
67,66,119,-0.07096637345855827,0
67,66,120,-0.0758921868227134,0
67,66,121,0.04024848463958183,0
67,66,122,0.05870889748126126,0
67,66,123,0.1212588360934558,0
67,66,124,-0.1362789156258716,0
67,66,125,0.06866215786314045,0
67,66,126,0.04044670565149099,0
67,66,127,0.1237368193964585,0
67,66,128,0.07936195490359088,0
67,66,129,0.1437282480847223,0
67,66,130,0.1765962731505806,0
67,66,131,-0.05618228420227426,0
67,66,132,0.001438365433246054,0
67,66,133,-0.2993221999329901,0
67,66,134,-0.3523186495244159,0
67,66,135,0.0004636173279113886,0
67,66,136,0.001064047871878578,0
67,66,137,0.0009526988284939995,0
67,66,138,6.718772917529902e-05,0
67,66,139,-0.000973978734498214,0
67,66,140,-0.0009835292347880602,0
67,66,141,-0.0004585179279512025,0
67,66,142,-0.001184256440951793,0
67,66,143,-0.001156288753748254,0
67,66,144,-0.001066283403168495,0
67,66,145,-0.00179498313022354,0
67,66,146,-0.0009867012115848249,0
67,66,147,0.0002825439131866967,0
67,66,148,0.001284631394928876,0
67,66,149,0.0006713249209478853,0
67,66,150,0.001486945085625237,0
67,66,151,0.001139160255047176,0
67,66,152,0.001038532542138892,0
67,66,153,0.001290616322459429,0
67,66,154,0.001545708013842168,0
67,66,155,0.001108980571814509,0
67,66,156,-0.0004073248442369025,0
67,66,157,-0.0005504264796716584,0
67,66,158,-0.001595005052048418,0
67,66,159,-0.001462155435827354,0
67,66,160,-0.001437474502435716,0
67,66,161,-0.0003319354404570024,0
67,66,162,-0.001093903915887372,0
67,66,163,-0.0009438046247498473,0
67,66,164,3.729956320823677e-05,0
67,66,165,-0.0001567034597781259,0
67,66,166,0.0006956697965736951,0
67,66,167,0.001194644974107339,0
67,66,168,0.001179085876219847,0
67,66,169,0.0003607354603045462,0
67,66,170,-0.0003740195073661978,0
68,67,0,0.2326842593768514,0
68,67,1,-0.3385255535247264,0
68,67,2,-0.7240978389549177,0
68,67,3,0.08340786840857145,0
68,67,4,0.03180710763791648,0
68,67,5,-0.2780155597243112,0
68,67,6,-0.04013742573340664,0
68,67,7,0.1966987446187211,0
68,67,8,0.2322854710152897,0
68,67,9,-0.08200701648979666,0
68,67,10,0.1648368841581732,0
68,67,11,0.3547727835077381,0
68,67,12,0.02954954705056437,0
68,67,13,0.2278050479026794,0
68,67,14,0.3783648837185445,0
68,67,15,-0.09107086658777463,0
68,67,16,0.3227094198588415,0
68,67,17,0.5294809367590826,0
68,67,18,-0.06854420189057119,0
68,67,19,0.2664635352682727,0
68,67,20,0.5783728274800787,0
68,67,21,-0.06092657136105649,0
68,67,22,0.230056490167621,0
68,67,23,0.494488062558575,0
68,67,24,-0.1043403078532504,0
68,67,25,0.1062083768667657,0
68,67,26,0.3320340296569233,0
68,67,27,0.01653926982362333,0
68,67,28,0.1290198525059689,0
68,67,29,-0.2041573667576259,0
68,67,30,0.03914511719774375,0
68,67,31,0.9942443406387094,0
68,67,32,-0.3151485145130514,0
68,67,33,-0.1606788773786283,0
68,67,34,0.5814300660429588,0
68,67,35,-0.03887597040973947,0
68,67,36,-0.1291521988882387,0
68,67,37,-0.04344436052476475,0
68,67,38,0.01659709677502929,0
68,67,39,-0.1503651467019504,0
68,67,40,-0.5313866405215532,0
68,67,41,-0.001305628802328033,0
68,67,42,-0.2735917935192706,0
68,67,43,-0.7789608844345633,0
68,67,44,0.009951374682772806,0
68,67,45,-0.2157231893237136,0
68,67,46,-0.8545096884218398,0
68,67,47,0.07369980796482939,0
68,67,48,-0.1330187576907112,0
68,67,49,-0.8776979381339151,0
68,67,50,0.1137945314517428,0
68,67,51,-0.04692798851636896,0
68,67,52,-0.7556232704385876,0
68,67,53,0.1190693269428155,0
68,67,54,0.03904676473997664,0
68,67,55,-0.5046853489577385,0
68,67,56,-0.08781690604300238,0
68,67,57,-0.3864712418989694,0
68,67,58,0.1091916550077849,0
68,67,59,0.1973894296037132,0
68,67,60,-0.8250637948564206,0
68,67,61,0.1508316018253449,0
68,67,62,0.1730734463174931,0
68,67,63,-0.613861065240965,0
68,67,64,0.2867646234932615,0
68,67,65,0.09454148192042393,0
68,67,66,-0.2831025183404403,0
68,67,67,0.1306828235798929,0
68,67,68,0.1860329626993175,0
68,67,69,0.3588640731775058,0
68,67,70,-0.02019087929189967,0
68,67,71,0.1798157519451364,0
68,67,72,0.9149407985466513,0
68,67,73,-0.05895229586416482,0
68,67,74,0.04162596988547483,0
68,67,75,1,0
68,67,76,-0.01117578378181296,0
68,67,77,-0.0979024485571324,0
68,67,78,0.8060843380536817,0
68,67,79,-0.1050782553013081,0
68,67,80,-0.1847445698445979,0
68,67,81,0.5850254836625957,0
68,67,82,0.006209057633984269,0
68,67,83,-0.05152270477371318,0
68,67,84,0.5241257297375332,0
68,67,85,0.108805811393157,0
68,67,86,0.5552411295555637,0
68,67,87,0.02191949195411768,0
68,67,88,-0.2718242014648409,0
68,67,89,0.4157106944572221,0
68,67,90,-0.02096607710473652,0
68,67,91,-0.1534155868342084,0
68,67,92,0.4039507299137487,0
68,67,93,-0.1989479284792593,0
68,67,94,-0.1742360804455573,0
68,67,95,0.2741447959195819,0
68,67,96,-0.2905383576063541,0
68,67,97,-0.1495852589619934,0
68,67,98,-0.06619286540117052,0
68,67,99,-0.0869115712934465,0
68,67,100,-0.02265882996544126,0
68,67,101,-0.562058091866973,0
68,67,102,0.1167882439928362,0
68,67,103,0.1894465655446907,0
68,67,104,-0.7597998614232229,0
68,67,105,0.1006489688444404,0
68,67,106,0.3476818584648623,0
68,67,107,-0.4869648338992046,0
68,67,108,-0.1101204320961405,0
68,67,109,0.214493264615314,0
68,67,110,-0.2455880675908684,0
68,67,111,-0.0465930163852471,0
68,67,112,0.03384922153968288,0
68,67,113,-0.3206095829175318,0
68,67,114,0.04388850479787415,0
68,67,115,-0.4402668238293978,0
68,67,116,-0.09703324071709672,0
68,67,117,0.2207634427667928,0
68,67,118,-0.004381516655725807,0
68,67,119,0.2128067692685084,0
68,67,120,0.01869672961579745,0
68,67,121,0.2033874901835233,0
68,67,122,0.1381978854821887,0
68,67,123,0.06942403010991295,0
68,67,124,0.1971011428335743,0
68,67,125,-0.1530868370471305,0
68,67,126,-0.07006694942473318,0
68,67,127,-0.4405137914772836,0
68,67,128,0.003207449580140875,0
68,67,129,-0.3528572454917036,0
68,67,130,0.03682189407676883,0
68,67,131,-0.134322244000211,0
68,67,132,0.1170413267017573,0
68,67,133,-0.1086115954173247,0
68,67,134,-0.2057659832720427,0
68,67,135,-0.0005857686897775749,0
68,67,136,-0.001548042332338224,0
68,67,137,-0.001514767899528091,0
68,67,138,-0.0009435726378086032,0
68,67,139,-0.0005544025560822531,0
68,67,140,0.0003866305374461429,0
68,67,141,-0.0001860128510546705,0
68,67,142,0.0004263246729423175,0
68,67,143,0.000115913577025991,0
68,67,144,0.001677781256535778,0
68,67,145,0.002324718937099226,0
68,67,146,0.002212057510656243,0
68,67,147,0.001615738970594707,0
68,67,148,0.0007326686730052406,0
68,67,149,-0.00141603520653206,0
68,67,150,-0.0007231932288866859,0
68,67,151,-0.0005165462160994767,0
68,67,152,-0.0004185637386675678,0
68,67,153,-0.001188212809640848,0
68,67,154,-0.002243827576500308,0
68,67,155,-0.002227636078104446,0
68,67,156,-0.002049794519996033,0
68,67,157,-0.0006487892492105235,0
68,67,158,0.001820982179453851,0
68,67,159,0.001102671308541608,0
68,67,160,0.0006077429538241679,0
68,67,161,0.00012202098390271,0
68,67,162,0.0008816244118489803,0
68,67,163,0.0009670308273899154,0
68,67,164,0.001737185798983044,0
68,67,165,0.00118841835001763,0
68,67,166,-0.0005201589412786177,0
68,67,167,-0.001175364914264181,0
68,67,168,-0.001155668077965179,0
68,67,169,-0.0005370223270933391,0
68,67,170,-0.0002123609552289733,0
69,68,0,-0.2336659816932732,0
69,68,1,-0.141704562882301,0
69,68,2,0.02485116075469045,0
69,68,3,0.4348691123595643,0
69,68,4,0.1162950349205178,0
69,68,5,-0.02879874560107125,0
69,68,6,-0.6035586165767598,0
69,68,7,-0.09754173883312989,0
69,68,8,0.02241345757864053,0
69,68,9,0.7581122162938385,0
69,68,10,0.1025415816258731,0
69,68,11,0.001331195792021801,0
69,68,12,-0.860952905738239,0
69,68,13,0.0004037589136249494,0
69,68,14,0.1004261358206286,0
69,68,15,0.8333224815719663,0
69,68,16,-0.06510511512754118,0
69,68,17,-0.06633693243320665,0
69,68,18,-0.6167285732279971,0
69,68,19,0.1493756574350691,0
69,68,20,0.02859401621658732,0
69,68,21,0.300965839526256,0
69,68,22,-0.1252715432670923,0
69,68,23,0.1036845237510448,0
69,68,24,-0.09000942826407211,0
69,68,25,0.07762406292181846,0
69,68,26,-0.08047301992691348,0
69,68,27,-0.004168639429307016,0
69,68,28,0.08225471165359377,0
69,68,29,-0.2363921753934846,0
69,68,30,-0.09857485200455396,0
69,68,31,0.06423332371262186,0
69,68,32,0.4286908926877606,0
69,68,33,0.07927952843689913,0
69,68,34,-0.04248832415807927,0
69,68,35,-0.5878584985527441,0
69,68,36,-0.06047222506281268,0
69,68,37,0.0432197851923273,0
69,68,38,0.653625316072695,0
69,68,39,-0.04272964715981789,0
69,68,40,-0.1221922004252217,0
69,68,41,-0.6716393983638786,0
69,68,42,0.09346531402147286,0
69,68,43,0.04917828545466024,0
69,68,44,0.7102514038613791,0
69,68,45,-0.09259041634410534,0
69,68,46,-0.1065245998171434,0
69,68,47,-0.66068157769373,0
69,68,48,0.02753323530850149,0
69,68,49,-0.03444859496163053,0
69,68,50,0.4651432538278205,0
69,68,51,-1.232844602939741e-05,0
69,68,52,0.08170447047156235,0
69,68,53,-0.2236926176069305,0
69,68,54,-0.01482692986713799,0
69,68,55,-0.1747446683970438,0
69,68,56,-0.06442627799575563,0
69,68,57,0.03204954050384053,0
69,68,58,-0.1576150300594686,0
69,68,59,-0.0559119483865232,0
69,68,60,0.00607971225561729,0
69,68,61,0.3294281979266441,0
69,68,62,0.0187602431057735,0
69,68,63,-0.09485975158525882,0
69,68,64,-0.4025279423021147,0
69,68,65,0.08031811013770924,0
69,68,66,0.1378535561501326,0
69,68,67,0.4451544008746585,0
69,68,68,-0.1061362667265305,0
69,68,69,-0.06852913385569782,0
69,68,70,-0.4999810398691056,0
69,68,71,0.05802265872822907,0
69,68,72,0.08389500800194595,0
69,68,73,0.6318895462105455,0
69,68,74,0.04153830545551362,0
69,68,75,0.03580974247298552,0
69,68,76,-0.7900062481557594,0
69,68,77,-0.1142878271844716,0
69,68,78,0.006229871027781316,0
69,68,79,0.7221971635598015,0
69,68,80,0.07331979841217925,0
69,68,81,0.09650724552502253,0
69,68,82,-0.4076518725286991,0
69,68,83,0.03536212654730461,0
69,68,84,-0.07075557733424827,0
69,68,85,-0.1532547844789563,0
69,68,86,0.1181341638588415,0
69,68,87,-0.03330160988020684,0
69,68,88,0.01684294104661712,0
69,68,89,0.04929480001075141,0
69,68,90,0.0704467448821838,0
69,68,91,-0.1080361380674141,0
69,68,92,-0.09333310313801289,0
69,68,93,-0.1596316545238834,0
69,68,94,0.0975570563836394,0
69,68,95,0.08639351594793115,0
69,68,96,0.279276988299987,0
69,68,97,-0.01414479032781397,0
69,68,98,-0.06451436806944057,0
69,68,99,-0.4783726894313263,0
69,68,100,-0.08895549125419011,0
69,68,101,-0.02081422918082151,0
69,68,102,0.7115295294167266,0
69,68,103,0.1799593584155027,0
69,68,104,-0.006429264615511607,0
69,68,105,-0.9194872043189898,0
69,68,106,-0.1615862776827202,0
69,68,107,-0.05913999976827253,0
69,68,108,0.8861938220063403,0
69,68,109,0.03902635026033426,0
69,68,110,-0.0045053299634972,0
69,68,111,-0.5432390538746855,0
69,68,112,0.1319523428117821,0
69,68,113,-0.0501856093981169,0
69,68,114,-0.2174172991834792,0
69,68,115,0.06417986892078649,0
69,68,116,0.1305248130206988,0
69,68,117,0.1209937387395243,0
69,68,118,-0.133813798599673,0
69,68,119,-0.0672000347230495,0
69,68,120,-0.01152445402624011,0
69,68,121,-0.03620961845526361,0
69,68,122,0.2752957719703997,0
69,68,123,0.1318689074273542,0
69,68,124,-0.5585676153053439,0
69,68,125,-0.204105432218433,0
69,68,126,0.8419574492157503,0
69,68,127,0.1874108857696271,0
69,68,128,-1,0
69,68,129,-0.135803742810591,0
69,68,130,0.9073207965037756,0
69,68,131,-0.05887435026381637,0
69,68,132,-0.5570005165752334,0
69,68,133,0.1801552233063379,0
69,68,134,-0.3010848356916885,0
69,68,135,0.0002591672043038232,0
69,68,136,-0.000102472678843482,0
69,68,137,-0.0002678409819625392,0
69,68,138,0.0006430925474143059,0
69,68,139,-0.0005429435016705478,0
69,68,140,0.0004562115427841666,0
69,68,141,3.6983548028281e-05,0
69,68,142,-0.0006765020921955406,0
69,68,143,0.0003567444385191168,0
69,68,144,-9.317706126672506e-05,0
69,68,145,0.0008015219717269512,0
69,68,146,-0.0008093671853529763,0
69,68,147,0.001202144788914377,0
69,68,148,-0.0006102401636059198,0
69,68,149,2.212095706893074e-05,0
69,68,150,0.0003267221441776957,0
69,68,151,-0.001198627605237957,0
69,68,152,0.0005807362327209777,0
69,68,153,-0.0007205096016159635,0
69,68,154,0.001065379477395279,0
69,68,155,-0.00118983325282324,0
69,68,156,0.0008762591172379183,0
69,68,157,-0.0001421412590897973,0
69,68,158,-0.0005535424282269087,0
69,68,159,0.0004037241716694151,0
69,68,160,-0.001025994764291597,0
69,68,161,0.0001184693890608508,0
69,68,162,-0.0005349494263667596,0
69,68,163,0.0008880562648501659,0
69,68,164,-0.0005943623888937281,0
69,68,165,0.0001740163171656645,0
69,68,166,0.0002480294709463845,0
69,68,167,-0.0008084795946023583,0
69,68,168,0.0002024707528501358,0
69,68,169,-0.0004108550458902618,0
69,68,170,-0.0004981146732729367,0
70,69,0,-0.242795013917819,0
70,69,1,0.1752128462859247,0
70,69,2,0.5102049391786194,0
70,69,3,-0.2029587941397777,0
70,69,4,-0.5050439086480998,0
70,69,5,-0.319602866866564,0
70,69,6,0.6637512594014929,0
70,69,7,-0.03935290395560471,0
70,69,8,-0.5199339807393029,0
70,69,9,-0.3127770132521666,0
70,69,10,0.5760302743837951,0
70,69,11,0.5061726651859179,0
70,69,12,-0.1353379194856463,0
70,69,13,0.2381952322527698,0
70,69,14,0.8107567838787534,0
70,69,15,-0.09976381151121569,0
70,69,16,-0.03230083943643134,0
70,69,17,0.1940137342166726,0
70,69,18,-0.1852568918429653,0
70,69,19,-0.4855719959050541,0
70,69,20,-0.5182945293919965,0
70,69,21,0.5420198530868662,0
70,69,22,-0.153940511158977,0
70,69,23,-0.6114719275529856,0
70,69,24,-0.0921338945203046,0
70,69,25,0.3417619735475472,0
70,69,26,0.1065703636041313,0
70,69,27,0.4404445735173773,0
70,69,28,0.8159269089041726,0
70,69,29,0.5053622536001682,0
70,69,30,0.4450586843531597,0
70,69,31,-0.3434633000176526,0
70,69,32,-0.007040240615747122,0
70,69,33,0.1829011375230983,0
70,69,34,0.09333020440547923,0
70,69,35,-0.2345961370510845,0
70,69,36,-0.5100267566616442,0
70,69,37,0.007301972305693048,0
70,69,38,-0.4159655753917481,0
70,69,39,-0.2482885126153349,0
70,69,40,-0.2342862599694802,0
70,69,41,0.3620202905216953,0
70,69,42,-0.01131182138517829,0
70,69,43,-0.7619387895909159,0
70,69,44,0.4938872529617926,0
70,69,45,0.4390569177917695,0
70,69,46,-0.3907593070440159,0
70,69,47,-0.1379036165248178,0
70,69,48,0.06912588466532027,0
70,69,49,0.2753489916753777,0
70,69,50,-0.05051854145759305,0
70,69,51,-0.3002328230572877,0
70,69,52,0.3127038668336533,0
70,69,53,-0.5751358355646915,0
70,69,54,-0.3537215673284431,0
70,69,55,-0.06396754785657012,0
70,69,56,-0.2376566177468231,0
70,69,57,-0.6276972821357651,0
70,69,58,0.1094724883301143,0
70,69,59,-0.3954135426521035,0
70,69,60,-0.3629014666297835,0
70,69,61,0.05403628574892315,0
70,69,62,0.4131650746090422,0
70,69,63,0.3568613421659642,0
70,69,64,-0.202710476484695,0
70,69,65,0.3212786664987231,0
70,69,66,0.6315671770426901,0
70,69,67,0.1481425936449881,0
70,69,68,0.08293195050966458,0
70,69,69,0.4009855861838413,0
70,69,70,0.06550294618601432,0
70,69,71,-0.4829969782093438,0
70,69,72,-0.1656400364276816,0
70,69,73,-0.06542386551738189,0
70,69,74,-0.2031303209549844,0
70,69,75,0.08734888756127752,0
70,69,76,-0.2334305556656927,0
70,69,77,0.2874982309926984,0
70,69,78,0.4882501172370625,0
70,69,79,0.1439020620094958,0
70,69,80,0.4266826346527836,0
70,69,81,0.4865998324890678,0
70,69,82,-0.02593157241093806,0
70,69,83,0.2336331658459556,0
70,69,84,0.3259849956989065,0
70,69,85,-0.5473033502497848,0
70,69,86,-0.2511957681730966,0
70,69,87,-0.5742029994748455,0
70,69,88,-0.2675377802654903,0
70,69,89,0.545533174797093,0
70,69,90,-0.02444578108220466,0
70,69,91,-0.2818596265046864,0
70,69,92,-0.1818823899502355,0
70,69,93,-0.03730332375854706,0
70,69,94,-0.1602443643322835,0
70,69,95,-0.8050900095908855,0
70,69,96,0.617355149180291,0
70,69,97,0.4142990601806385,0
70,69,98,-0.3692801458283718,0
70,69,99,-0.2705911889377066,0
70,69,100,0.3356578791353348,0
70,69,101,0.3285455132987115,0
70,69,102,-0.3972718824886738,0
70,69,103,-0.1348818510952012,0
70,69,104,0.3719663372670394,0
70,69,105,-0.1011774574295741,0
70,69,106,-0.3000946224274987,0
70,69,107,-0.496686686981059,0
70,69,108,0.2430265780729242,0
70,69,109,-0.2268119938282619,0
70,69,110,-1,0
70,69,111,0.4526396550747149,0
70,69,112,0.4630116671937939,0
70,69,113,-0.2677533812589354,0
70,69,114,0.4326025464201675,0
70,69,115,0.5138791208751999,0
70,69,116,-0.06539565543847117,0
70,69,117,0.3193838904922948,0
70,69,118,0.5707349725514654,0
70,69,119,0.2225584902395615,0
70,69,120,-0.3684349823214697,0
70,69,121,-0.3995153482379439,0
70,69,122,0.08639429747221329,0
70,69,123,-0.4346011409837831,0
70,69,124,-0.3070958204079192,0
70,69,125,0.06595645726096551,0
70,69,126,0.3223984476465581,0
70,69,127,0.2597863331081767,0
70,69,128,0.4266034552740621,0
70,69,129,0.1487022570746815,0
70,69,130,-0.3670526475389397,0
70,69,131,-0.5725594016688417,0
70,69,132,-0.1695875308771891,0
70,69,133,-0.4852283967541508,0
70,69,134,0.2037189061283719,0
70,69,135,0.0008987960551077022,0
70,69,136,-0.000166192331676561,0
70,69,137,-0.00055662834977498,0
70,69,138,-0.00250463739111272,0
70,69,139,0.001364338924055055,0
70,69,140,0.001399692894767548,0
70,69,141,0.0004147951419154783,0
70,69,142,-0.001351936949550848,0
70,69,143,-0.002688229248717619,0
70,69,144,-0.0003461189077045185,0
70,69,145,-0.000359976411822455,0
70,69,146,0.002913550167153468,0
70,69,147,-0.000916241249257556,0
70,69,148,-0.0002752223319263941,0
70,69,149,-0.0004507079827882265,0
70,69,150,0.0001497182274283181,0
70,69,151,0.002389636593567086,0
70,69,152,0.0003606492490513702,0
70,69,153,-0.0003640213072409145,0
70,69,154,-0.002418860182939324,0
70,69,155,0.001157875132820815,0
70,69,156,0.0004286614339126638,0
70,69,157,0.001387861068230126,0
70,69,158,0.0001463482097428595,0
70,69,159,-0.00121240661752756,0
70,69,160,0.001786916101226194,0
70,69,161,0.0009444370776633573,0
70,69,162,0.002814068816496506,0
70,69,163,0.0003441870459493143,0
70,69,164,-0.0009439021061090735,0
70,69,165,-0.001843670124671829,0
70,69,166,0.0007328251583512708,0
70,69,167,0.001095998731158628,0
70,69,168,-0.0004674565066356838,0
70,69,169,-0.0009257815523648952,0
70,69,170,-0.00201601589024335,0
71,70,0,0.4362650078153097,0
71,70,1,0.1120423144792418,0
71,70,2,-0.2614810172053508,0
71,70,3,-0.528809834091421,0
71,70,4,0.01091599016315349,0
71,70,5,0.1033749034525876,0
71,70,6,0.4846309313824819,0
71,70,7,-0.03188428640127,0
71,70,8,0.004029698395477475,0
71,70,9,-0.4632902320586091,0
71,70,10,-0.05943450807204283,0
71,70,11,-0.1154658352516185,0
71,70,12,0.3486226446470108,0
71,70,13,-0.2878977457445026,0
71,70,14,-0.3143892456403719,0
71,70,15,0.1296462026367202,0
71,70,16,0.3208240456163896,0
71,70,17,0.006661239460307233,0
71,70,18,-0.6445946889193427,0
71,70,19,-0.2813362637228237,0
71,70,20,0.03673351918711121,0
71,70,21,0.9326049562159862,0
71,70,22,0.1644958353053883,0
71,70,23,0.002534058005552325,0
71,70,24,-0.7754594691061519,0
71,70,25,0.213392771818014,0
71,70,26,0.194751116641258,0
71,70,27,-0.6077088870018577,0
71,70,28,-0.2494947642672366,0
71,70,29,0.1092400163472559,0
71,70,30,-0.05011747163143617,0
71,70,31,0.08370274267996997,0
71,70,32,-0.4129825087495247,0
71,70,33,0.0250221454869121,0
71,70,34,0.2235439214741583,0
71,70,35,0.4832727353897343,0
71,70,36,0.006588919408126485,0
71,70,37,-0.04805024562889289,0
71,70,38,-0.191381890601113,0
71,70,39,0.3179635178809793,0
71,70,40,0.2902750438219628,0
71,70,41,-0.1034087304425985,0
71,70,42,-0.3335352445487193,0
71,70,43,0.115545169645325,0
71,70,44,0.2477375928458702,0
71,70,45,0.2660296940997345,0
71,70,46,0.2499709958848074,0
71,70,47,-0.6266264040483367,0
71,70,48,-0.1867407635671323,0
71,70,49,0.02835210815981474,0
71,70,50,0.6402879821870654,0
71,70,51,-0.1497220917868063,0
71,70,52,-0.2526051823632463,0
71,70,53,-0.2536183668295253,0
71,70,54,0.4974256650931541,0
71,70,55,0.2303853562016651,0
71,70,56,-0.2317101442619389,0
71,70,57,0.1183643353101217,0
71,70,58,-0.07901169689937775,0
71,70,59,-0.007364388589630551,0
71,70,60,-0.006605658717606352,0
71,70,61,-0.02291405115055858,0
71,70,62,0.07828290893107301,0
71,70,63,-0.02195019735378511,0
71,70,64,0.04491521254797137,0
71,70,65,-0.3572488145663826,0
71,70,66,-0.4897263818348764,0
71,70,67,0.1353294178243703,0
71,70,68,0.3384264167860779,0
71,70,69,0.02309874824008182,0
71,70,70,-0.3795209133137294,0
71,70,71,-0.1943768283128698,0
71,70,72,-0.1559348419298665,0
71,70,73,0.4978533715948446,0
71,70,74,0.1729269179909551,0
71,70,75,-0.1063038887768148,0
71,70,76,-0.2858721811898197,0
71,70,77,0.1437880836761832,0
71,70,78,-0.005925700846621044,0
71,70,79,0.08410258575156568,0
71,70,80,-0.4464608753113513,0
71,70,81,-0.277069578313368,0
71,70,82,-0.01221133097537146,0
71,70,83,0.1686763305779214,0
71,70,84,-0.03765233439734358,0
71,70,85,0.03906361588212826,0
71,70,86,-0.03091721719817727,0
71,70,87,-0.1933477068357642,0
71,70,88,-0.1773041289298241,0
71,70,89,-0.0665540381880821,0
71,70,90,0.5608158240018117,0
71,70,91,0.3777809867703848,0
71,70,92,0.2093345840573946,0
71,70,93,-0.6064068643426406,0
71,70,94,-0.339556774194233,0
71,70,95,0.04301599958422922,0
71,70,96,0.4540680512014269,0
71,70,97,0.1358142674660417,0
71,70,98,0.3186159349141632,0
71,70,99,-0.4249663919300628,0
71,70,100,-0.1106891498351235,0
71,70,101,-0.03134574342292611,0
71,70,102,0.3406596385133533,0
71,70,103,-0.2222280381777889,0
71,70,104,-0.1407169735215832,0
71,70,105,0.06233975303087202,0
71,70,106,0.3809972506195691,0
71,70,107,0.2295612629949342,0
71,70,108,-0.2501948032752068,0
71,70,109,-0.1524357507110511,0
71,70,110,0.2201117311095784,0
71,70,111,0.05790945631596599,0
71,70,112,-0.06779009675307393,0
71,70,113,0.106635897936046,0
71,70,114,-0.05453099727422154,0
71,70,115,-0.1093159028327907,0
71,70,116,-0.5810581144574318,0
71,70,117,-0.4223970928186976,0
71,70,118,0.868430599567899,0
71,70,119,0.3284727944600421,0
71,70,120,-1,0
71,70,121,-0.06567912135348161,0
71,70,122,0.7548347968073396,0
71,70,123,0.05799787467390337,0
71,70,124,-0.2626487315639419,0
71,70,125,0.299759687439921,0
71,70,126,-0.1159869910610914,0
71,70,127,-0.3406966427944392,0
71,70,128,0.1596713073242403,0
71,70,129,0.1699116732803991,0
71,70,130,-0.2154245469344685,0
71,70,131,0.09672983854090096,0
71,70,132,0.2277523641871066,0
71,70,133,0.07560358053556925,0
71,70,134,0.06969038755769494,0
71,70,135,0.0001413785520580531,0
71,70,136,-0.0008979004607054726,0
71,70,137,0.001639236924501555,0
71,70,138,-0.0009646982680783992,0
71,70,139,0.00175283768126314,0
71,70,140,-0.001356681816728037,0
71,70,141,-0.0003047325587403146,0
71,70,142,0.002084111104635202,0
71,70,143,-0.00109539375660228,0
71,70,144,0.001208601464263315,0
71,70,145,-0.002305316297650214,0
71,70,146,0.002250369364354961,0
71,70,147,-0.002164530634130853,0
71,70,148,0.002202510952248026,0
71,70,149,0.0005548665558838495,0
71,70,150,-0.001057384870168091,0
71,70,151,0.002044457504149867,0
71,70,152,-0.00201228139668353,0
71,70,153,0.001931755984422862,0
71,70,154,-0.002464753241578915,0
71,70,155,0.003018601886393252,0
71,70,156,-0.002259291179497193,0
71,70,157,0.0004550811878814728,0
71,70,158,0.001506534381064174,0
71,70,159,-0.001308771063593659,0
71,70,160,0.001765634429561061,0
71,70,161,-0.00124925214166108,0
71,70,162,0.001046462396722157,0
71,70,163,-0.002433543571682397,0
71,70,164,0.00230223083230517,0
71,70,165,-0.0002184946957575304,0
71,70,166,-0.0004001112388530096,0
71,70,167,0.001636056200399155,0
71,70,168,-0.0010859944079819,0
71,70,169,0.001177055413504988,0
71,70,170,0.0003120346410739759,0
72,72,0,-0.0283515370823183,0
72,72,1,-0.3616657302393675,0
72,72,2,-0.5272783229653881,0
72,72,3,0.1778838543221655,0
72,72,4,-0.3630450060684149,0
72,72,5,-0.7066886173118488,0
72,72,6,0.08242151631022146,0
72,72,7,-0.1875091078382147,0
72,72,8,-0.5489851797473643,0
72,72,9,0.05560030374944326,0
72,72,10,-0.08164032236523389,0
72,72,11,-0.264363165477676,0
72,72,12,-0.02715149364389132,0
72,72,13,-0.08976324953142312,0
72,72,14,-0.1671003541117492,0
72,72,15,0.03186258565327315,0
72,72,16,-0.1393809920045166,0
72,72,17,-0.2199517451774564,0
72,72,18,0.0661867010870303,0
72,72,19,-0.07018833823646464,0
72,72,20,-0.2149460328549963,0
72,72,21,-0.04809403254715264,0
72,72,22,-0.09071561791348803,0
72,72,23,-0.1741853215671104,0
72,72,24,0.1311886186069666,0
72,72,25,0.009842453419970936,0
72,72,26,-0.06587982524604445,0
72,72,27,0.1658576998475963,0
72,72,28,0.1515769678409198,0
72,72,29,0.02623100434027814,0
72,72,30,0.276889055496324,0
72,72,31,0.9282419455381624,0
72,72,32,-0.05160753767599242,0
72,72,33,0.1224996215372556,0
72,72,34,0.9209458042024151,0
72,72,35,-0.2173122770762631,0
72,72,36,0.01860000382182983,0
72,72,37,0.8444906714247568,0
72,72,38,-0.06558357825439388,0
72,72,39,0.03911795937165539,0
72,72,40,0.610262348656075,0
72,72,41,0.001933983190456143,0
72,72,42,0.112030865157016,0
72,72,43,0.4068067648840282,0
72,72,44,-0.03282667874200378,0
72,72,45,0.02900238216096942,0
72,72,46,0.3006719479915441,0
72,72,47,0.02717871697534908,0
72,72,48,0.04413504914734148,0
72,72,49,0.2980859602139773,0
72,72,50,-0.1211873774175585,0
72,72,51,-0.03364033527879953,0
72,72,52,0.2118422452306153,0
72,72,53,-0.06687955446704609,0
72,72,54,-0.1444390211947901,0
72,72,55,0.012455889710598,0
72,72,56,0.02045388729107635,0
72,72,57,-0.05026726177273666,0
72,72,58,0.07039824847940178,0
72,72,59,0.0008330704151940737,0
72,72,60,-1,0
72,72,61,0.006787366374184183,0
72,72,62,0.124304276835249,0
72,72,63,-0.8068138140907006,0
72,72,64,-0.004881044464516473,0
72,72,65,0.1109645552598764,0
72,72,66,-0.68324469024278,0
72,72,67,0.1091591096154729,0
72,72,68,-0.01211984354642548,0
72,72,69,-0.7366831887951714,0
72,72,70,0.1111300125238331,0
72,72,71,0.0224427314287228,0
72,72,72,-0.5986238176438415,0
72,72,73,-0.03069849612979072,0
72,72,74,0.0153340808682498,0
72,72,75,-0.3665803829527888,0
72,72,76,0.06489158528893552,0
72,72,77,0.09888903959861452,0
72,72,78,-0.1729071446714902,0
72,72,79,0.04939441216270955,0
72,72,80,0.18551826072599,0
72,72,81,-0.01548470675431672,0
72,72,82,-0.0278753591302797,0
72,72,83,0.004624634732362516,0
72,72,84,-0.02623930281130618,0
72,72,85,-0.1087799257624038,0
72,72,86,-0.1085333637584738,0
72,72,87,-0.03418236553017343,0
72,72,88,-0.2635517194587699,0
72,72,89,0.6320921914781692,0
72,72,90,-0.04227039594253203,0
72,72,91,-0.2743425323966882,0
72,72,92,0.4669673368985703,0
72,72,93,0.120787056374167,0
72,72,94,-0.1358255647016845,0
72,72,95,0.398994434667395,0
72,72,96,0.007683887380837646,0
72,72,97,-0.1435925335392071,0
72,72,98,0.3966168691009201,0
72,72,99,-0.0441967961173402,0
72,72,100,-0.09508065365743536,0
72,72,101,0.4957039356548189,0
72,72,102,-0.1631166606682913,0
72,72,103,-0.1549696610483774,0
72,72,104,0.3400274471167678,0
72,72,105,-0.04162921031896365,0
72,72,106,-0.2266693571115319,0
72,72,107,0.001903392267344184,0
72,72,108,0.0871188374662302,0
72,72,109,-0.04084056114028185,0
72,72,110,-0.0954238188409358,0
72,72,111,0.03758211490705279,0
72,72,112,0.07491789938099284,0
72,72,113,0.03018716337523027,0
72,72,114,0.03985054239387508,0
72,72,115,0.1377760666155154,0
72,72,116,-0.005305452860318582,0
72,72,117,0.405377436606404,0
72,72,118,-0.1026562847827013,0
72,72,119,0.2365064755387778,0
72,72,120,0.05659571158806306,0
72,72,121,0.2316339653910712,0
72,72,122,-0.1742557991586275,0
72,72,123,0.1815966972300518,0
72,72,124,-0.005011462729753244,0
72,72,125,0.208821791911393,0
72,72,126,0.112409280867496,0
72,72,127,0.2925230454042309,0
72,72,128,0.002585334292504058,0
72,72,129,0.06927425941595496,0
72,72,130,-0.03002841099579042,0
72,72,131,-0.07077002667549941,0
72,72,132,-0.05045793787413926,0
72,72,133,-0.02912741552310031,0
72,72,134,0.05141470823917503,0
72,72,135,0.0006784959884527072,0
72,72,136,0.0004020742163016552,0
72,72,137,-0.0003462006517778579,0
72,72,138,-0.0003157530428514625,0
72,72,139,-8.324608806870209e-05,0
72,72,140,-3.823173687663295e-05,0
72,72,141,-0.000155707031846904,0
72,72,142,-0.0006651583335331601,0
72,72,143,-0.0002113098851376217,0
72,72,144,-0.0002124118471410537,0
72,72,145,0.000703491317867429,0
72,72,146,0.0005421236205660474,0
72,72,147,0.0007175664477885007,0
72,72,148,0.000341501028594615,0
72,72,149,0.001000515214921777,0
72,72,150,0.0006618049408012761,0
72,72,151,0.0002814807077729652,0
72,72,152,0.0004889839367076263,0
72,72,153,-0.0006871688650498325,0
72,72,154,-0.0004940141971652916,0
72,72,155,-0.0009180855367000357,0
72,72,156,-0.0002912733080187568,0
72,72,157,-0.0009676236564313767,0
72,72,158,-0.00151399007960479,0
72,72,159,-0.0005444135546425878,0
72,72,160,-0.0002817347251221253,0
72,72,161,0.0001920518279167875,0
72,72,162,0.00101425135954171,0
72,72,163,0.0009126961776949145,0
72,72,164,0.0001062840307512,0
72,72,165,0.0008297748160927803,0
72,72,166,0.001164788722269181,0
72,72,167,0.0005281515479638991,0
72,72,168,0.0005758181325707048,0
72,72,169,-9.248398230881998e-05,0
72,72,170,-0.000306056666787804,0
73,71,0,-0.8161581374782607,0
73,71,1,-0.2389777068898242,0
73,71,2,0.4225334405654908,0
73,71,3,0.8432349293640694,0
73,71,4,-0.2542214962893333,0
73,71,5,-0.404886403284999,0
73,71,6,-0.1601473338570021,0
73,71,7,0.5958406374700891,0
73,71,8,0.2537515060061726,0
73,71,9,-0.6973335885236972,0
73,71,10,-0.4314005758441018,0
73,71,11,0.1623748283620754,0
73,71,12,0.875223171481524,0
73,71,13,-0.3189665046189892,0
73,71,14,-0.6612823922259941,0
73,71,15,-0.02761558159144457,0
73,71,16,0.7627468224840952,0
73,71,17,0.3629363404817278,0
73,71,18,-0.7141316102157944,0
73,71,19,0.03675174368469187,0
73,71,20,0.7871522043740878,0
73,71,21,0.1123239926936776,0
73,71,22,-0.5867862852610932,0
73,71,23,-0.4018267386911629,0
73,71,24,0.4870514259228055,0
73,71,25,-0.05747114411005903,0
73,71,26,-0.675852351931708,0
73,71,27,0.4377635611195208,0
73,71,28,0.2655556051920774,0
73,71,29,0.07581102149116282,0
73,71,30,0.3969623645039272,0
73,71,31,0.1086372036644263,0
73,71,32,0.05818458951908256,0
73,71,33,-0.5661779727761554,0
73,71,34,-0.5888659644181958,0
73,71,35,-0.05909945801209837,0
73,71,36,0.2382673689581908,0
73,71,37,0.1008853814856564,0
73,71,38,0.1796707937267222,0
73,71,39,0.465473597532866,0
73,71,40,0.4299314004804543,0
73,71,41,-0.1496895349464023,0
73,71,42,-0.6589935903354168,0
73,71,43,-0.3664581523702253,0
73,71,44,-0.3409018508774001,0
73,71,45,-0.130360971091792,0
73,71,46,-0.09001903416403921,0
73,71,47,0.3901458462313689,0
73,71,48,0.5997569790723828,0
73,71,49,0.1595385246826328,0
73,71,50,0.3405843031338991,0
73,71,51,0.07596558595417052,0
73,71,52,-0.1836870064243375,0
73,71,53,-0.4483758197289129,0
73,71,54,-0.5257049413487391,0
73,71,55,-0.1133106462703523,0
73,71,56,0.1290663574600001,0
73,71,57,0.3835418910363987,0
73,71,58,0.8699803769754364,0
73,71,59,0.4927232856950238,0
73,71,60,-0.1964600043323136,0
73,71,61,-0.6070666380820029,0
73,71,62,-0.08155400750769831,0
73,71,63,0.2094009133760925,0
73,71,64,-0.4345372937016668,0
73,71,65,-0.602293414636575,0
73,71,66,-0.01939815388472698,0
73,71,67,0.9936340997060666,0
73,71,68,0.5665800262906658,0
73,71,69,-0.09965465514980749,0
73,71,70,-0.4642873356126297,0
73,71,71,0.3146521336561333,0
73,71,72,0.3452282382062327,0
73,71,73,-0.5716677008364609,0
73,71,74,-0.631431846577114,0
73,71,75,0.09918250369941066,0
73,71,76,0.7498055853429665,0
73,71,77,-0.1404570142427422,0
73,71,78,-0.5733955082176546,0
73,71,79,0.3028388627164953,0
73,71,80,0.5385153757506846,0
73,71,81,0.07787656732621774,0
73,71,82,-0.9309549436714842,0
73,71,83,-0.09050126868152253,0
73,71,84,0.5624233628446387,0
73,71,85,-0.4149896880599385,0
73,71,86,-0.1780191931348839,0
73,71,87,0.4292244318849242,0
73,71,88,-0.09796568034321819,0
73,71,89,-0.3688058869593765,0
73,71,90,-0.3141103730968093,0
73,71,91,0.679769238355317,0
73,71,92,0.723653031059048,0
73,71,93,-0.3728013839751418,0
73,71,94,-0.3973610097671242,0
73,71,95,0.08179847052142247,0
73,71,96,0.5753184592134719,0
73,71,97,-0.4376081926155044,0
73,71,98,-0.7665969954360697,0
73,71,99,-0.2467996443773286,0
73,71,100,0.5255715664215737,0
73,71,101,0.1400739103940804,0
73,71,102,0.05389806550238759,0
73,71,103,0.2058306119306092,0
73,71,104,0.3816983192193248,0
73,71,105,0.0963883070369999,0
73,71,106,-0.5074864938673626,0
73,71,107,-0.4067832596900895,0
73,71,108,-0.1588962446686459,0
73,71,109,0.07181220283558951,0
73,71,110,0.1183043280926903,0
73,71,111,-0.1135412934756076,0
73,71,112,0.467486578744198,0
73,71,113,0.4821758284279652,0
73,71,114,-0.5418240309670472,0
73,71,115,-0.6179810107991793,0
73,71,116,-0.6995820276140083,0
73,71,117,-0.6821156111908693,0
73,71,118,0.3322771634700765,0
73,71,119,0.2392014599300854,0
73,71,120,0.4329770027742436,0
73,71,121,0.5365874184055113,0
73,71,122,-0.3133451140695626,0
73,71,123,-0.4194620115951307,0
73,71,124,-0.4719034581392647,0
73,71,125,-0.4034119415571549,0
73,71,126,0.9179581728101635,0
73,71,127,0.5274421577827044,0
73,71,128,-0.4236934984388552,0
73,71,129,0.02925882348282411,0
73,71,130,-0.6313490396043687,0
73,71,131,-0.5363136239661388,0
73,71,132,1,0
73,71,133,0.5042859528896441,0
73,71,134,0.205951949806291,0
73,71,135,-0.002419429235278568,0
73,71,136,0.003288003962493674,0
73,71,137,0.0004253107019501122,0
73,71,138,-0.002821088147318763,0
73,71,139,0.0019202747716091,0
73,71,140,0.00257017812774186,0
73,71,141,-0.000202220771102459,0
73,71,142,0.0007268218639706149,0
73,71,143,0.00136580248568496,0
73,71,144,-0.002271338675550191,0
73,71,145,0.001339508707575046,0
73,71,146,0.0002403175076760904,0
73,71,147,-0.00193386897041159,0
73,71,148,0.002135403057024444,0
73,71,149,0.0001348348671485289,0
73,71,150,-0.001187111218764026,0
73,71,151,3.022662372945396e-05,0
73,71,152,0.0001238093363183021,0
73,71,153,0.001061459813698967,0
73,71,154,-0.000867845902028724,0
73,71,155,-0.0008934311776238978,0
73,71,156,0.0006002273174698839,0
73,71,157,0.0007809410047758141,0
73,71,158,-0.003740910637192243,0
73,71,159,3.618410851158622e-05,0
73,71,160,0.0008881520687391167,0
73,71,161,-0.002213182012940781,0
73,71,162,0.002093726832063677,0
73,71,163,-0.0008547478615463697,0
73,71,164,-0.0007066994354178169,0
73,71,165,0.001700264444560902,0
73,71,166,-0.0004107645507972606,0
73,71,167,-0.004301127316810316,0
73,71,168,0.0009473305353355977,0
73,71,169,0.002315770568792603,0
73,71,170,-0.001966985041163746,0
74,73,0,0.5600856854840005,0
74,73,1,0.2886051085922526,0
74,73,2,-0.08091752068557302,0
74,73,3,-0.8935362882065947,0
74,73,4,-0.1883080225207366,0
74,73,5,0.01849786036560728,0
74,73,6,1,0
74,73,7,0.08491294403111907,0
74,73,8,0.03646318599875181,0
74,73,9,-0.8363803164821956,0
74,73,10,0.1389316192431397,0
74,73,11,0.06472033353872293,0
74,73,12,0.3600673449708554,0
74,73,13,-0.3095913652107836,0
74,73,14,-0.03633604216481941,0
74,73,15,0.2013628344569258,0
74,73,16,0.280037430634537,0
74,73,17,-0.08925905925741007,0
74,73,18,-0.5547087558798197,0
74,73,19,-0.1417096918353265,0
74,73,20,0.09120668171489811,0
74,73,21,0.4854793869281745,0
74,73,22,-0.05279681317549088,0
74,73,23,-0.02893512444883397,0
74,73,24,-0.1965544027026692,0
74,73,25,0.1052591375150183,0
74,73,26,-0.09268096290472294,0
74,73,27,-0.03140927453341284,0
74,73,28,0.1353093397270859,0
74,73,29,0.5711187364648141,0
74,73,30,0.2462125789826951,0
74,73,31,-0.07668139704527024,0
74,73,32,-0.9431521299360524,0
74,73,33,-0.1800620768889448,0
74,73,34,0.0533194473985962,0
74,73,35,0.9410269377997231,0
74,73,36,-0.02305332249108177,0
74,73,37,-0.07029476345369901,0
74,73,38,-0.6627552042935932,0
74,73,39,0.2102110639936757,0
74,73,40,0.00327804513371542,0
74,73,41,0.3104408651870955,0
74,73,42,-0.2148789944204351,0
74,73,43,0.03220867767751438,0
74,73,44,0.09624386218536539,0
74,73,45,0.1420015670466772,0
74,73,46,-0.07667255815622734,0
74,73,47,-0.4707783431446033,0
74,73,48,-0.07559465422624069,0
74,73,49,0.1365264992573552,0
74,73,50,0.5524936105669637,0
74,73,51,0.03414514753802528,0
74,73,52,0.007550898293978704,0
74,73,53,-0.379555401128003,0
74,73,54,-0.04447633507054945,0
74,73,55,-0.1506420291856089,0
74,73,56,-0.09199878065706946,0
74,73,57,0.06903890924211956,0
74,73,58,0.5081622399325741,0
74,73,59,0.2309749979776742,0
74,73,60,-0.04171631746068595,0
74,73,61,-0.8369652637875968,0
74,73,62,-0.06917081687311841,0
74,73,63,0.1542454460925302,0
74,73,64,0.8404980695717963,0
74,73,65,-0.09480013608788201,0
74,73,66,-0.08547652959283733,0
74,73,67,-0.6272597247711411,0
74,73,68,0.09577293979780713,0
74,73,69,-0.05713775742031912,0
74,73,70,0.3572162204841893,0
74,73,71,-0.07465899965859664,0
74,73,72,0.1105867694613122,0
74,73,73,-0.05931718172671815,0
74,73,74,0.0900186133325296,0
74,73,75,-0.06819994944536499,0
74,73,76,-0.4003819842078053,0
74,73,77,-0.1521315129827349,0
74,73,78,0.03679477593018551,0
74,73,79,0.7223686034754415,0
74,73,80,0.2018396366892058,0
74,73,81,0.03505419863049309,0
74,73,82,-0.5638203260450558,0
74,73,83,-0.03069525358629232,0
74,73,84,-0.05534078238335987,0
74,73,85,-0.2377368683606395,0
74,73,86,0.05362526092435572,0
74,73,87,0.358616011752824,0
74,73,88,0.1136302228320761,0
74,73,89,-0.1240251846810234,0
74,73,90,-0.6226666782001721,0
74,73,91,-0.001521160073635387,0
74,73,92,0.09906699874783899,0
74,73,93,0.7956134162489669,0
74,73,94,0.03268164495407538,0
74,73,95,-0.02866611602835739,0
74,73,96,-0.760319909965574,0
74,73,97,-0.0364988429886689,0
74,73,98,-0.03765254024193157,0
74,73,99,0.4875879266413299,0
74,73,100,-0.03184647992316034,0
74,73,101,0.1052865356093611,0
74,73,102,-0.09023705843097225,0
74,73,103,0.1575812747728872,0
74,73,104,-0.06528515604129607,0
74,73,105,-0.4682979382893986,0
74,73,106,-0.3274397253566251,0
74,73,107,-0.07490878602838671,0
74,73,108,0.8345735910836133,0
74,73,109,0.2191008818293307,0
74,73,110,-0.004836655306578839,0
74,73,111,-0.6299672270087633,0
74,73,112,0.09690267118133379,0
74,73,113,0.02910344810832715,0
74,73,114,-0.2706962719500928,0
74,73,115,0.07652911824658576,0
74,73,116,0.1971350227193191,0
74,73,117,0.04260050566073448,0
74,73,118,-0.5273741078368098,0
74,73,119,-0.1372885322817392,0
74,73,120,0.8223634730382505,0
74,73,121,0.1580599270493837,0
74,73,122,-0.881741678651685,0
74,73,123,-0.05872884927030308,0
74,73,124,0.5757981279823916,0
74,73,125,-0.1183884965574516,0
74,73,126,0.01542483491349621,0
74,73,127,0.3146767187064527,0
74,73,128,-0.6219012751237512,0
74,73,129,-0.374861724212593,0
74,73,130,0.825718266574375,0
74,73,131,0.110123277485379,0
74,73,132,-0.6007753747896926,0
74,73,133,0.1378578959309237,0
74,73,134,-0.2865729430266212,0
74,73,135,-0.0007468801515809186,0
74,73,136,7.885307072665447e-06,0
74,73,137,0.0003824423877310722,0
74,73,138,-0.000538654149182848,0
74,73,139,0.0007060321459700304,0
74,73,140,0.0004900300249489888,0
74,73,141,-3.929588665686734e-05,0
74,73,142,-0.0004232434112469846,0
74,73,143,0.0001921100570270199,0
74,73,144,-5.770256680342492e-05,0
74,73,145,-0.0004337166644868843,0
74,73,146,0.0004437186582700091,0
74,73,147,-0.0003964976898655951,0
74,73,148,-6.678753381595406e-05,0
74,73,149,0.0008053909608812985,0
74,73,150,0.0002140929544684835,0
74,73,151,-0.0006036248748997986,0
74,73,152,0.0004561512588953403,0
74,73,153,0.0004478039976001845,0
74,73,154,-0.0005768182404191301,0
74,73,155,0.0003090077645237783,0
74,73,156,9.358897194890931e-05,0
74,73,157,-0.0004307806528345316,0
74,73,158,7.652196947936764e-05,0
74,73,159,0.0004142338921882726,0
74,73,160,-0.0005804640080570558,0
74,73,161,5.641085384509907e-05,0
74,73,162,9.217367995152548e-05,0
74,73,163,-0.0003734772662213643,0
74,73,164,-8.239740484274473e-05,0
74,73,165,0.000236316184385079,0
74,73,166,0.0001076126736689347,0
74,73,167,-0.0006385759382821144,0
74,73,168,0.0006262118158133922,0
74,73,169,-0.0004249035985091091,0
74,73,170,-0.0005147189204607657,0
75,74,0,0.2377925262120505,0
75,74,1,-0.2413718807642518,0
75,74,2,-0.6485706540913005,0
75,74,3,0.3417505827117983,0
75,74,4,0.4352932402943335,0
75,74,5,0.1586347469219664,0
75,74,6,-0.3487153561476739,0
75,74,7,0.5475094945373987,0
75,74,8,0.927575903185887,0
75,74,9,-0.2989528593189506,0
75,74,10,-0.02919045364873093,0
75,74,11,0.5949572879295578,0
75,74,12,0.0555617614727949,0
75,74,13,-0.3411556357400766,0
75,74,14,-0.323831789433717,0
75,74,15,0.03766313255620259,0
75,74,16,-0.4054936557802854,0
75,74,17,-0.7801876879994072,0
75,74,18,0.1814618897148534,0
75,74,19,-0.2632237756087027,0
75,74,20,-0.6997698668239493,0
75,74,21,0.2032522843789381,0
75,74,22,0.07220933177861728,0
75,74,23,-0.2510889062833798,0
75,74,24,0.05985757580722394,0
75,74,25,0.3578794556599441,0
75,74,26,0.3893614348532335,0
75,74,27,0.5366652067814748,0
75,74,28,0.9206515755560031,0
75,74,29,-0.4335439840105452,0
75,74,30,-0.4393016372171742,0
75,74,31,0.3399996119771669,0
75,74,32,-0.2866398250926467,0
75,74,33,-0.4240484044641343,0
75,74,34,-0.1522159034260543,0
75,74,35,-0.005438955023721698,0
75,74,36,0.135784773684488,0
75,74,37,-0.4104865473072578,0
75,74,38,0.4482568427035654,0
75,74,39,0.3684694036018294,0
75,74,40,-0.4148304943437305,0
75,74,41,0.3622711144435233,0
75,74,42,0.2874035108449764,0
75,74,43,0.001769724540532106,0
75,74,44,-0.1431437080048968,0
75,74,45,0.001968890011259692,0
75,74,46,0.5609332730434385,0
75,74,47,-0.1855807644542359,0
75,74,48,-0.2496591272718559,0
75,74,49,0.578374669783961,0
75,74,50,-0.2798723341654426,0
75,74,51,-0.3050202341617239,0
75,74,52,0.1630249815473215,0
75,74,53,-0.3363218175607932,0
75,74,54,-0.2768379826822137,0
75,74,55,-0.2840065635396713,0
75,74,56,0.01725010531146978,0
75,74,57,-0.55468151162362,0
75,74,58,-0.06167487513722832,0
75,74,59,0.5131311021337269,0
75,74,60,0.5883383975563178,0
75,74,61,-0.06504973833292736,0
75,74,62,-0.1255641308122094,0
75,74,63,0.06651676482901145,0
75,74,64,0.113553063214279,0
75,74,65,-0.4783432868621964,0
75,74,66,-0.4455331926455819,0
75,74,67,0.163318623603334,0
75,74,68,-0.3707822822928125,0
75,74,69,-0.4795613936792729,0
75,74,70,-0.1688100337648887,0
75,74,71,0.001518879347696358,0
75,74,72,0.006036117067937426,0
75,74,73,-0.1693692771039166,0
75,74,74,0.406968149345005,0
75,74,75,0.4534065632399034,0
75,74,76,0.06720075333876817,0
75,74,77,0.4897931279317598,0
75,74,78,0.4105448950816217,0
75,74,79,0.07362788342312132,0
75,74,80,0.2805063073368969,0
75,74,81,0.2106082181923083,0
75,74,82,-0.0402569447042354,0
75,74,83,-0.1878977338575685,0
75,74,84,-0.09357569055045156,0
75,74,85,-0.6298556394794808,0
75,74,86,-0.5569302227000618,0
75,74,87,0.4243698223560959,0
75,74,88,0.1304366654993583,0
75,74,89,-0.7964081041817255,0
75,74,90,0.2961211148128624,0
75,74,91,0.3926868916269923,0
75,74,92,-0.1259258562184181,0
75,74,93,0.04418480085587476,0
75,74,94,0.2846596237344399,0
75,74,95,0.5833053134954579,0
75,74,96,-0.2743520113052642,0
75,74,97,0.01974922159763047,0
75,74,98,0.7460343794258905,0
75,74,99,-0.4863176902056652,0
75,74,100,-0.3238256763056288,0
75,74,101,0.2072230479893197,0
75,74,102,0.03400972401854657,0
75,74,103,-0.3620205335042708,0
75,74,104,-0.6222330127790846,0
75,74,105,0.2922158724485321,0
75,74,106,-0.1454977723843839,0
75,74,107,-1,0
75,74,108,0.2838805375609309,0
75,74,109,0.1753193885766359,0
75,74,110,-0.4610847396061493,0
75,74,111,0.2845356533171778,0
75,74,112,0.4741935419027702,0
75,74,113,0.3907025382164125,0
75,74,114,0.2916514145488805,0
75,74,115,0.807032456671626,0
75,74,116,-0.07153853079359504,0
75,74,117,-0.5144594851330386,0
75,74,118,-0.261053413306263,0
75,74,119,-0.2752147864782095,0
75,74,120,-0.132947596586449,0
75,74,121,0.1109062265359072,0
75,74,122,0.1281414829454594,0
75,74,123,0.440408285335841,0
75,74,124,0.1897587823518088,0
75,74,125,0.313900927889363,0
75,74,126,0.3033094596745579,0
75,74,127,-0.07784991803167687,0
75,74,128,-0.1000751020393582,0
75,74,129,-0.4457414153917563,0
75,74,130,-0.4242302382648303,0
75,74,131,-0.5372904067204798,0
75,74,132,-0.04687202313794574,0
75,74,133,-0.04109581443952126,0
75,74,134,0.4131015064544489,0
75,74,135,-0.001953664373352509,0
75,74,136,-0.001559156124756581,0
75,74,137,-0.0003313269086161905,0
75,74,138,0.00220948468672775,0
75,74,139,0.002668016155414438,0
75,74,140,-0.001235050108220372,0
75,74,141,-0.001666342956802443,0
75,74,142,-0.002292012043222547,0
75,74,143,-0.001837425216618522,0
75,74,144,0.001408817457308816,0
75,74,145,0.001286107001315938,0
75,74,146,-0.001252162965141143,0
75,74,147,-0.001758949994836195,0
75,74,148,-0.0002894160928163275,0
75,74,149,0.00101033886297126,0
75,74,150,0.002129603890389517,0
75,74,151,0.001874472605622423,0
75,74,152,0.0003855967717649945,0
75,74,153,0.0008040182938968899,0
75,74,154,0.001907687942367409,0
75,74,155,0.0006477791814243852,0
75,74,156,-0.001000030162296741,0
75,74,157,-0.001714096537617709,0
75,74,158,-0.0005962612627585066,0
75,74,159,0.0003601165883989578,0
75,74,160,0.001837037055548638,0
75,74,161,0.001281510804126055,0
75,74,162,-0.002547269479363808,0
75,74,163,-0.002294123498713572,0
75,74,164,9.804035637919647e-05,0
75,74,165,0.002171508615424599,0
75,74,166,0.001933037305753341,0
75,74,167,-0.001956724706220762,0
75,74,168,-0.002292045509763981,0
75,74,169,-0.00201481654306764,0
75,74,170,-0.00174701846284632,0
76,75,0,0.4696774317080892,0
76,75,1,0.1976216231202673,0
76,75,2,-0.1172423582945976,0
76,75,3,-0.5472234910058911,0
76,75,4,0.02218460528703992,0
76,75,5,0.1066349203940433,0
76,75,6,0.2830662328868611,0
76,75,7,-0.1403780921458796,0
76,75,8,0.02242321677683783,0
76,75,9,0.1575141477813247,0
76,75,10,0.3015323013760621,0
76,75,11,0.08674060012398292,0
76,75,12,-0.6546050989985283,0
76,75,13,-0.303411541258774,0
76,75,14,-0.03789676280914824,0
76,75,15,0.8150982379547921,0
76,75,16,-0.004415226681625285,0
76,75,17,-0.1499839945791296,0
76,75,18,-0.1637436137357818,0
76,75,19,0.4218731568295324,0
76,75,20,0.1506538183739926,0
76,75,21,-0.7898280886976513,0
76,75,22,-0.5006344704051247,0
76,75,23,-0.01441435934977359,0
76,75,24,0.9533018816297236,0
76,75,25,-0.05847551631799689,0
76,75,26,-0.2587790973495391,0
76,75,27,0.5737514337086113,0
76,75,28,0.1458589115746487,0
76,75,29,0.2705296183179646,0
76,75,30,0.01669350674523657,0
76,75,31,-0.110781190224816,0
76,75,32,-0.3877098773620765,0
76,75,33,0.08861241355399216,0
76,75,34,0.1475282000802834,0
76,75,35,0.1085174959761744,0
76,75,36,-0.2540105533705416,0
76,75,37,-0.1737869587984287,0
76,75,38,0.3495519140745884,0
76,75,39,0.3330812231479102,0
76,75,40,0.03358756662196648,0
76,75,41,-0.5382877958058735,0
76,75,42,-0.07973648557493111,0
76,75,43,0.07894757996866239,0
76,75,44,0.4083864273732492,0
76,75,45,-0.2741938048587621,0
76,75,46,-0.1759724777735989,0
76,75,47,0.1090580498205489,0
76,75,48,0.4875974393106991,0
76,75,49,0.2402982474325686,0
76,75,50,-0.5600022725209826,0
76,75,51,-0.1765655590387716,0
76,75,52,0.1180894537170774,0
76,75,53,0.4782437160073808,0
76,75,54,-0.3577161644166238,0
76,75,55,-0.3117270719033675,0
76,75,56,0.3768495800914697,0
76,75,57,0.08544789605408068,0
76,75,58,-0.0464487240638303,0
76,75,59,-0.09829368922083671,0
76,75,60,-0.002379520736549108,0
76,75,61,0.03812359835149192,0
76,75,62,0.2413722318307207,0
76,75,63,0.2571565970622123,0
76,75,64,-0.1757130582035943,0
76,75,65,-0.3338131022321234,0
76,75,66,-0.2505152862040193,0
76,75,67,0.3184011488115924,0
76,75,68,0.08439181231054911,0
76,75,69,-0.02870129805439879,0
76,75,70,-0.1965136832164623,0
76,75,71,0.2468105736604955,0
76,75,72,0.2139577198415476,0
76,75,73,-0.1331943291911825,0
76,75,74,-0.4073926079214484,0
76,75,75,-0.1842100030886552,0
76,75,76,0.2763035067329165,0
76,75,77,0.2523754055580065,0
76,75,78,0.07366445736819244,0
76,75,79,-0.1029512254683571,0
76,75,80,0.2390053493895608,0
76,75,81,0.1506274238948373,0
76,75,82,-0.009255574290923198,0
76,75,83,-0.3162993456301088,0
76,75,84,-0.1527010863493571,0
76,75,85,0.09811481204605332,0
76,75,86,0.09546435678693452,0
76,75,87,-0.4243159612097823,0
76,75,88,-0.297426160795467,0
76,75,89,-0.0875946472996329,0
76,75,90,0.625190084684032,0
76,75,91,0.3894090478617932,0
76,75,92,0.1974326928648358,0
76,75,93,-0.4169069997151489,0
76,75,94,-0.1105632123393411,0
76,75,95,-0.1317937696230628,0
76,75,96,0.005199547270785203,0
76,75,97,-0.2591974385483809,0
76,75,98,-0.01169791654081953,0
76,75,99,0.327578496180175,0
76,75,100,0.4387414144809908,0
76,75,101,0.2022878820240167,0
76,75,102,-0.4835948664234117,0
76,75,103,-0.2885580548562914,0
76,75,104,-0.1454417449598513,0
76,75,105,0.1925257839704241,0
76,75,106,-0.1693497709507375,0
76,75,107,-0.1164314604819835,0
76,75,108,0.2792124747663821,0
76,75,109,0.3429950331508936,0
76,75,110,0.02320687656737461,0
76,75,111,-0.3179104876376148,0
76,75,112,-0.1323521827536066,0
76,75,113,-0.04501148917889771,0
76,75,114,-0.06241567121601575,0
76,75,115,0.08781290211079505,0
76,75,116,-0.8155876397030218,0
76,75,117,-0.5138334762584706,0
76,75,118,1,0
76,75,119,0.2240729867949789,0
76,75,120,-0.4654292847426033,0
76,75,121,0.221845621460641,0
76,75,122,-0.339247743857081,0
76,75,123,-0.4639815180617228,0
76,75,124,0.7619043001498357,0
76,75,125,0.3620959435139826,0
76,75,126,-0.5502867921820055,0
76,75,127,0.03101664030793466,0
76,75,128,-0.01159154303621036,0
76,75,129,-0.3525285973669114,0
76,75,130,0.4342134747879895,0
76,75,131,0.233547171287251,0
76,75,132,-0.4468191839433099,0
76,75,133,-0.03455231969248081,0
76,75,134,-0.1837090453207576,0
76,75,135,0.0003706476459311256,0
76,75,136,-0.001611418333041708,0
76,75,137,0.001477385364733328,0
76,75,138,-0.0004528965584394644,0
76,75,139,-0.0004719781932122294,0
76,75,140,0.002785370653353136,0
76,75,141,-0.001037328583784936,0
76,75,142,-0.001092697579391942,0
76,75,143,0.001693798453086672,0
76,75,144,0.00169282777954377,0
76,75,145,-0.002693670608330304,0
76,75,146,0.001552293149186203,0
76,75,147,0.000188591027756219,0
76,75,148,-0.001992282776587746,0
76,75,149,0.00350352348976869,0
76,75,150,-0.0003827706243963924,0
76,75,151,-0.001790386199931315,0
76,75,152,0.002389578978148649,0
76,75,153,0.002474044017360688,0
76,75,154,-0.002758927942233147,0
76,75,155,0.001015568668742089,0
76,75,156,0.001292946186769449,0
76,75,157,-0.00283516060160013,0
76,75,158,0.002242267425714313,0
76,75,159,0.000261615162870478,0
76,75,160,-0.002127912086496906,0
76,75,161,0.00175625424426192,0
76,75,162,0.001775505033530411,0
76,75,163,-0.001953870316451201,0
76,75,164,-0.0001175048707257309,0
76,75,165,0.001788632804672197,0
76,75,166,-0.001891443664178939,0
76,75,167,0.0005773884578790931,0
76,75,168,0.000713976946767209,0
76,75,169,-0.001579571844662696,0
76,75,170,0.0005061529067669911,0
77,76,0,-0.8138663823589918,0
77,76,1,-0.1089850039728577,0
77,76,2,0.5926536549838161,0
77,76,3,0.3194815323992216,0
77,76,4,-0.472266620534856,0
77,76,5,-0.3461272100871574,0
77,76,6,0.5629376699161605,0
77,76,7,0.3605902415914717,0
77,76,8,-0.2133034221344685,0
77,76,9,-0.6047665133235288,0
77,76,10,0.2059812064675237,0
77,76,11,0.3996536958124627,0
77,76,12,-0.2421047054332505,0
77,76,13,-0.5783444062528009,0
77,76,14,-0.2004325132899371,0
77,76,15,0.6239997524823837,0
77,76,16,-0.1921878104651033,0
77,76,17,-0.7089184081318175,0
77,76,18,0.3005020529731204,0
77,76,19,0.535479952245163,0
77,76,20,0.1245134766886154,0
77,76,21,-0.296915518978435,0
77,76,22,0.523853839447367,0
77,76,23,0.9877563170376505,0
77,76,24,-0.4255768917342799,0
77,76,25,0.003136823454940557,0
77,76,26,0.6991055950820864,0
77,76,27,-0.2468031216566438,0
77,76,28,-0.05968236172218538,0
77,76,29,0.1193452443696454,0
77,76,30,0.4880862828089047,0
77,76,31,0.14571923037298,0
77,76,32,0.126669274426924,0
77,76,33,-0.3240123132997647,0
77,76,34,-0.4583041576774184,0
77,76,35,-0.06398564152729913,0
77,76,36,-0.2115035647041943,0
77,76,37,-0.223896510326931,0
77,76,38,-0.01848219822689844,0
77,76,39,0.479653680296377,0
77,76,40,0.5123899299535958,0
77,76,41,0.241380633896925,0
77,76,42,0.1407246690599703,0
77,76,43,0.2377004215442489,0
77,76,44,-0.1850824851943843,0
77,76,45,-0.5379009301371719,0
77,76,46,-0.281099356447842,0
77,76,47,-0.442972087470616,0
77,76,48,-0.3039294544407067,0
77,76,49,-0.09677953906106038,0
77,76,50,0.0002729074219019781,0
77,76,51,0.3563935956624895,0
77,76,52,0.1193018577591511,0
77,76,53,0.3051559463945474,0
77,76,54,0.437163359337136,0
77,76,55,-0.1561743530530907,0
77,76,56,-0.1757209143340025,0
77,76,57,-0.5657240715941375,0
77,76,58,0.7576197636826862,0
77,76,59,0.2906263370244287,0
77,76,60,-0.3678068047589473,0
77,76,61,-0.05979897996382937,0
77,76,62,0.178726176279546,0
77,76,63,0.1008111122667454,0
77,76,64,-0.7781685874473112,0
77,76,65,-0.5056601366509915,0
77,76,66,0.1436341897652849,0
77,76,67,0.2358953628456897,0
77,76,68,-0.08941120342688721,0
77,76,69,-0.1490818168476107,0
77,76,70,0.7043000280895694,0
77,76,71,0.6313430487498012,0
77,76,72,-0.02892046904844399,0
77,76,73,-0.4446713224596969,0
77,76,74,0.2209022517310582,0
77,76,75,0.4271503865211521,0
77,76,76,-0.6248089733824918,0
77,76,77,-0.5069481817925251,0
77,76,78,0.1562611374681443,0
77,76,79,0.2927339457638642,0
77,76,80,-0.4258625120603126,0
77,76,81,-0.6087960184435829,0
77,76,82,0.7264495134003401,0
77,76,83,0.1296829363237684,0
77,76,84,-0.5701493557379176,0
77,76,85,0.1031517460270485,0
77,76,86,0.06255324090203696,0
77,76,87,0.2795128264704911,0
77,76,88,-0.1938558789659968,0
77,76,89,-0.2399176511300675,0
77,76,90,-0.07572504977157339,0
77,76,91,0.5124635586098718,0
77,76,92,0.6057388385346731,0
77,76,93,-0.4809919667738717,0
77,76,94,0.05290170547307504,0
77,76,95,0.4905592914245023,0
77,76,96,0.1495718214122265,0
77,76,97,-0.5799564991091368,0
77,76,98,-0.5462525160853003,0
77,76,99,0.2963626067258756,0
77,76,100,-0.126475520531193,0
77,76,101,-0.6198592885645228,0
77,76,102,-0.178409990542975,0
77,76,103,0.4866933228251114,0
77,76,104,0.314774261895621,0
77,76,105,0.04988365890596023,0
77,76,106,0.23312994367964,0
77,76,107,0.3952224012024595,0
77,76,108,0.2142058333397952,0
77,76,109,-0.3214720743651523,0
77,76,110,-0.261485474009522,0
77,76,111,0.04988836749715363,0
77,76,112,-0.1616085769177033,0
77,76,113,0.01102871690896749,0
77,76,114,0.5874030064927424,0
77,76,115,1,0
77,76,116,-0.5653416133565193,0
77,76,117,-0.4478595084808837,0
77,76,118,0.01421966363881556,0
77,76,119,0.04284433589349535,0
77,76,120,0.4791243418290764,0
77,76,121,0.5519358751964547,0
77,76,122,0.2055579139771839,0
77,76,123,0.06706953020284259,0
77,76,124,-0.5609071083698255,0
77,76,125,-0.5469536139602135,0
77,76,126,-0.1794829352899487,0
77,76,127,-0.2273253319859456,0
77,76,128,0.6948251211713866,0
77,76,129,0.4707390272838812,0
77,76,130,3.090763798447689e-05,0
77,76,131,0.2113672079119112,0
77,76,132,-0.9133775926492368,0
77,76,133,-0.457276459915904,0
77,76,134,0.06654217271197826,0
77,76,135,-0.001547268767219423,0
77,76,136,0.001406290292129572,0
77,76,137,0.002086390143019245,0
77,76,138,-0.001038515772575412,0
77,76,139,-0.0009465829312879675,0
77,76,140,7.184261763523039e-05,0
77,76,141,-0.001070729753699032,0
77,76,142,-0.001002573867266093,0
77,76,143,-0.0003894430384039643,0
77,76,144,-0.001561353155039266,0
77,76,145,-1.14524500582431e-05,0
77,76,146,0.0007500347759623941,0
77,76,147,-0.001223331552329908,0
77,76,148,0.000386813220960318,0
77,76,149,0.0017570622606399,0
77,76,150,0.000301782190102973,0
77,76,151,-0.0002491692260755219,0
77,76,152,0.0002096009937134517,0
77,76,153,0.0004286801586885176,0
77,76,154,-0.0001611959824083061,0
77,76,155,-0.0007837240938784703,0
77,76,156,-0.0008675704360674146,0
77,76,157,0.001050712219534518,0
77,76,158,0.002180844184148872,0
77,76,159,0.0005211807453303622,0
77,76,160,0.0004721555256302568,0
77,76,161,0.001487554462457469,0
77,76,162,0.001318267308450297,0
77,76,163,0.0006112572040115407,0
77,76,164,-0.0002849316821585403,0
77,76,165,0.0002669624529371544,0
77,76,166,0.0008971796913085421,0
77,76,167,0.000641354950648228,0
77,76,168,-0.001285923605973481,0
77,76,169,-0.0005827441020895425,0
77,76,170,0.001084406414128059,0
78,77,0,0.04101930529123607,0
78,77,1,0.1738785940851382,0
78,77,2,0.2792056602183753,0
78,77,3,-0.1658553033897423,0
78,77,4,0.04291654828112681,0
78,77,5,0.2022770379783808,0
78,77,6,-0.1841499093677122,0
78,77,7,-0.3192064771009955,0
78,77,8,-0.2351720919544171,0
78,77,9,0.2203234217810086,0
78,77,10,-0.3046589855350685,0
78,77,11,-0.5841972125230505,0
78,77,12,0.2223863641028726,0
78,77,13,0.05405442528269061,0
78,77,14,-0.3349368438474695,0
78,77,15,-0.08924550353184617,0
78,77,16,0.1519147625895852,0
78,77,17,0.1416015935553327,0
78,77,18,-0.01672249198707217,0
78,77,19,0.1259606885129076,0
78,77,20,0.3413544482203268,0
78,77,21,0.08276150053240582,0
78,77,22,0.2503464481906871,0
78,77,23,0.4182189217914444,0
78,77,24,0.05037488172551075,0
78,77,25,0.4159376661067728,0
78,77,26,0.6772940198083893,0
78,77,27,0.5396845670993972,0
78,77,28,1,0
78,77,29,0.06838446471830796,0
78,77,30,0.03948999187525339,0
78,77,31,-0.2764162232078084,0
78,77,32,0.2032796866381809,0
78,77,33,0.28905454763244,0
78,77,34,0.04726948582583077,0
78,77,35,0.1112222300526263,0
78,77,36,0.1470319980674324,0
78,77,37,0.1897986787787808,0
78,77,38,-0.02942709380620627,0
78,77,39,-0.1941289177633469,0
78,77,40,0.155393046200902,0
78,77,41,-0.1823516348525981,0
78,77,42,-0.1952831250245365,0
78,77,43,0.1893975622155265,0
78,77,44,-0.1931342141426665,0
78,77,45,-0.05330624205374284,0
78,77,46,0.1304067353405697,0
78,77,47,-0.03738028297602917,0
78,77,48,-0.01679526654241546,0
78,77,49,-0.1475234940237399,0
78,77,50,-0.09108244914572253,0
78,77,51,-0.07166697277364323,0
78,77,52,-0.4284805709799506,0
78,77,53,-0.2011794999155316,0
78,77,54,-0.07316244020597765,0
78,77,55,-0.5355992656697797,0
78,77,56,0.1698156358853016,0
78,77,57,-0.4742334669020552,0
78,77,58,-0.1964323752254798,0
78,77,59,-0.3659661021338795,0
78,77,60,-0.1954117343344509,0
78,77,61,0.09132676251754707,0
78,77,62,-0.1149293434678607,0
78,77,63,-0.1541781351292749,0
78,77,64,0.1319139375577035,0
78,77,65,0.2689668515188296,0
78,77,66,0.08012971555895895,0
78,77,67,-0.1224370720749903,0
78,77,68,0.2699445450341239,0
78,77,69,0.3240001010273267,0
78,77,70,-0.169643701185609,0
78,77,71,0.1025840867654866,0
78,77,72,0.2760207534480097,0
78,77,73,0.05193159190769061,0
78,77,74,-0.005808401292132756,0
78,77,75,-0.0290695315391348,0
78,77,76,0.2331801477629974,0
78,77,77,-0.04522035401876209,0
78,77,78,-0.2108681639102875,0
78,77,79,0.0645330371169776,0
78,77,80,-0.1915376118965341,0
78,77,81,-0.2262952753326922,0
78,77,82,-0.1701148957340689,0
78,77,83,-0.520208006036013,0
78,77,84,-0.3707997209316971,0
78,77,85,-0.6626453232071117,0
78,77,86,-0.6484488862039488,0
78,77,87,-0.2454832025513149,0
78,77,88,0.03284529428959095,0
78,77,89,0.4959295075369636,0
78,77,90,-0.09956793962027898,0
78,77,91,-0.2464557658357607,0
78,77,92,0.0506941459137412,0
78,77,93,-0.03541949663326156,0
78,77,94,-0.177177572414794,0
78,77,95,-0.2621437759784672,0
78,77,96,-0.04277570511452648,0
78,77,97,-0.01825874544558171,0
78,77,98,-0.279558626630866,0
78,77,99,0.1217952577258061,0
78,77,100,0.03924499369983629,0
78,77,101,-0.2874312624483961,0
78,77,102,0.1812210778372377,0
78,77,103,0.004249821563185207,0
78,77,104,-0.2638483697412857,0
78,77,105,0.170878989350825,0
78,77,106,0.1134811699474394,0
78,77,107,0.0896722272524406,0
78,77,108,0.1060474024720096,0
78,77,109,0.3489017060144761,0
78,77,110,0.6321946000976234,0
78,77,111,-0.01418472431142314,0
78,77,112,0.3195438197085972,0
78,77,113,0.8973143036449961,0
78,77,114,0.07769047670412686,0
78,77,115,0.8098041064626306,0
78,77,116,0.1284909982131046,0
78,77,117,0.3437508541674077,0
78,77,118,0.1398030204363861,0
78,77,119,0.1739024535814307,0
78,77,120,-0.03521304104774605,0
78,77,121,-0.08635695990718921,0
78,77,122,-0.02126876990388563,0
78,77,123,-0.1834156968348047,0
78,77,124,0.1489089085483317,0
78,77,125,-0.09136274883405363,0
78,77,126,-0.1104415133670036,0
78,77,127,-0.1286624494058818,0
78,77,128,-0.3072813431804813,0
78,77,129,-0.1630899733543584,0
78,77,130,-0.1325678851352162,0
78,77,131,0.1064833893989654,0
78,77,132,0.06265125871899194,0
78,77,133,0.4262987051102959,0
78,77,134,0.4468838183290771,0
78,77,135,0.001255270140524926,0
78,77,136,0.0009313674375796615,0
78,77,137,0.0004362182758875319,0
78,77,138,0.000193358250780159,0
78,77,139,-0.0008742065493860189,0
78,77,140,-0.000848217484089226,0
78,77,141,-0.001194609541104095,0
78,77,142,-0.001127256369861599,0
78,77,143,-0.000691080963034651,0
78,77,144,-0.000486494232790081,0
78,77,145,-0.00088194969925683,0
78,77,146,-0.0004390713261065265,0
78,77,147,0.0007516793771692329,0
78,77,148,0.0005659909606848371,0
78,77,149,0.0002586715635429506,0
78,77,150,0.0004643952250322837,0
78,77,151,0.0001146131003968004,0
78,77,152,-0.000368141799352055,0
78,77,153,-0.0003969413399332562,0
78,77,154,-0.0008269346984764582,0
78,77,155,-0.0006914932950430176,0
78,77,156,-5.623838275462988e-05,0
78,77,157,7.417868820846695e-05,0
78,77,158,8.602478292498556e-05,0
78,77,159,0.0009896956261099205,0
78,77,160,0.001071647344089417,0
78,77,161,0.0008008761831159645,0
78,77,162,0.000772250347627835,0
78,77,163,0.00121770330643291,0
78,77,164,0.0008064926172238597,0
78,77,165,-0.0002660078683704489,0
78,77,166,-0.001366964097880692,0
78,77,167,-0.001504195632527415,0
78,77,168,-0.0009452558140533373,0
78,77,169,-0.0005976372353243264,0
78,77,170,-0.0004739348439755951,0
79,78,0,-0.7831669453577624,0
79,78,1,-0.385005579028544,0
79,78,2,0.05414996904700956,0
79,78,3,1,0
79,78,4,0.1209532912162368,0
79,78,5,0.01344057510940156,0
79,78,6,-0.5191546748437854,0
79,78,7,0.2778760292349393,0
79,78,8,0.04062993201296031,0
79,78,9,-0.3294995142833147,0
79,78,10,-0.4241415461936836,0
79,78,11,0.04539595642541435,0
79,78,12,0.8727700129604585,0
79,78,13,0.25864895466127,0
79,78,14,-0.05161632095890785,0
79,78,15,-0.7405289039077405,0
79,78,16,0.09082527777513703,0
79,78,17,0.03915189633327984,0
79,78,18,-0.08120425295523771,0
79,78,19,-0.3890291363909934,0
79,78,20,0.02249728191166022,0
79,78,21,0.6365729899449382,0
79,78,22,0.1713937247039905,0
79,78,23,-0.1937808966668806,0
79,78,24,-0.4803753764677151,0
79,78,25,-0.01379474047351588,0
79,78,26,-0.1758271161683137,0
79,78,27,-0.2409154295025619,0
79,78,28,-0.01472118101786887,0
79,78,29,-0.8160948039927058,0
79,78,30,-0.3447821962614483,0
79,78,31,0.1043114779781487,0
79,78,32,0.9413078352410909,0
79,78,33,0.03307607827789824,0
79,78,34,-0.0733404775613167,0
79,78,35,-0.4085421878593313,0
79,78,36,0.2885971458583043,0
79,78,37,-0.03061445541012998,0
79,78,38,-0.3439133805503197,0
79,78,39,-0.3488188701507678,0
79,78,40,0.04581054781141598,0
79,78,41,0.8130574794161743,0
79,78,42,0.1627291424474749,0
79,78,43,-0.1067582995959905,0
79,78,44,-0.6761202893298467,0
79,78,45,0.1142345949626657,0
79,78,46,0.04017290412301767,0
79,78,47,0.02947086070424613,0
79,78,48,-0.227635484014901,0
79,78,49,0.1491479856388622,0
79,78,50,0.6570424070159759,0
79,78,51,0.2040704271497262,0
79,78,52,-0.0643858521731938,0
79,78,53,-0.6081224430087797,0
79,78,54,-0.08053125963993231,0
79,78,55,-0.02827393955722777,0
79,78,56,-0.1984487084646154,0
79,78,57,0.2049646479867267,0
79,78,58,-0.7010364749188295,0
79,78,59,-0.2516078390146693,0
79,78,60,0.112050746465535,0
79,78,61,0.8644879817164685,0
79,78,62,-0.02444447631641842,0
79,78,63,-0.1281583935272707,0
79,78,64,-0.3838236080551879,0
79,78,65,0.2077116720562316,0
79,78,66,-0.05683921660765685,0
79,78,67,-0.2769983279903777,0
79,78,68,-0.2637018982997458,0
79,78,69,0.1117114604435355,0
79,78,70,0.7124099839158412,0
79,78,71,0.1237546510711036,0
79,78,72,-0.08830386273988451,0
79,78,73,-0.7330515563613996,0
79,78,74,-0.01294204308693583,0
79,78,75,-0.04012100099724725,0
79,78,76,0.142991864748087,0
79,78,77,-0.1460901040707523,0
79,78,78,0.1275107079188575,0
79,78,79,0.670947785167079,0
79,78,80,0.3705538319677019,0
79,78,81,0.01176424101864092,0
79,78,82,-0.8157711378135305,0
79,78,83,-0.07603583599199173,0
79,78,84,0.01759933922247766,0
79,78,85,-0.2034950672248789,0
79,78,86,0.1733335066809415,0
79,78,87,-0.5143912288077646,0
79,78,88,-0.1688757689820458,0
79,78,89,0.07563403273872565,0
79,78,90,0.7646453474155656,0
79,78,91,0.02013120613351376,0
79,78,92,-0.07575786139294263,0
79,78,93,-0.4724719597232452,0
79,78,94,0.1226448641345308,0
79,78,95,-0.00426292263475277,0
79,78,96,-0.1696137024841257,0
79,78,97,-0.1926806546431699,0
79,78,98,0.1587419486420323,0
79,78,99,0.7172343438382774,0
79,78,100,0.2380991172762689,0
79,78,101,-0.005287780838862439,0
79,78,102,-0.8591125865877928,0
79,78,103,-0.1388775599981,0
79,78,104,-0.07390294782483529,0
79,78,105,0.1685400925741055,0
79,78,106,-0.2695312067083711,0
79,78,107,0.003200636227741865,0
79,78,108,0.7433627339706862,0
79,78,109,0.4197391961868094,0
79,78,110,-0.06161776544445397,0
79,78,111,-0.915782737008409,0
79,78,112,-0.1272291500899524,0
79,78,113,-0.10217605155446,0
79,78,114,-0.4025932988356586,0
79,78,115,-0.08969369036429677,0
79,78,116,-0.4132602189070054,0
79,78,117,-0.1770236267256424,0
79,78,118,0.6878698564515213,0
79,78,119,0.1033753501248044,0
79,78,120,-0.555342747680563,0
79,78,121,0.06802691020159371,0
79,78,122,-0.1171470849908509,0
79,78,123,-0.2690182844880373,0
79,78,124,0.8376776153982703,0
79,78,125,0.3782874840435033,0
79,78,126,-0.9182204765180743,0
79,78,127,-0.08337067916267416,0
79,78,128,0.1135329930358337,0
79,78,129,-0.3879787942046056,0
79,78,130,0.8561943023003177,0
79,78,131,0.4420485173547139,0
79,78,132,-0.8808595440009049,0
79,78,133,-0.0646743908787622,0
79,78,134,-0.4738427472199315,0
79,78,135,0.0004068725054988892,0
79,78,136,0.0003882616846065721,0
79,78,137,-0.000884221185925591,0
79,78,138,0.0004869407919079204,0
79,78,139,5.63037168094193e-06,0
79,78,140,0.0001365556753500101,0
79,78,141,0.0005674384855053383,0
79,78,142,-6.882893579946994e-05,0
79,78,143,0.0002089853889751814,0
79,78,144,0.000118048613134598,0
79,78,145,0.0006163010906669312,0
79,78,146,-0.0005519479676387141,0
79,78,147,-0.0001556543163538747,0
79,78,148,-0.0002721239208115368,0
79,78,149,0.0006234993375970557,0
79,78,150,0.0004674931012408006,0
79,78,151,-0.0003438161832581806,0
79,78,152,0.0003800610071266702,0
79,78,153,-0.0002703190266021704,0
79,78,154,0.0006081607909599425,0
79,78,155,-0.0002246596828196792,0
79,78,156,-0.0001771965353945792,0
79,78,157,-0.0003734125863889662,0
79,78,158,0.00069388349831565,0
79,78,159,0.0006484018900219681,0
79,78,160,-0.0005052341452838173,0
79,78,161,-7.95989383413902e-05,0
79,78,162,-0.0001823714260587871,0
79,78,163,0.0001841747245616991,0
79,78,164,-0.0002672194715691924,0
79,78,165,0.0003963911332287266,0
79,78,166,-0.0002920511738456019,0
79,78,167,0.00046272683622862,0
79,78,168,0.001125166810057684,0
79,78,169,-0.000426734882231137,0
79,78,170,-0.0001448932342653897,0
80,79,0,0.2228071382022919,0
80,79,1,-0.3981330365384808,0
80,79,2,-0.964163491566737,0
80,79,3,0.2857821641474655,0
80,79,4,-0.01070247228933996,0
80,79,5,-0.5173994953862392,0
80,79,6,0.05448303948067031,0
80,79,7,0.2625654305784798,0
80,79,8,0.1548278027129051,0
80,79,9,-0.03575384409628845,0
80,79,10,0.3539958141423768,0
80,79,11,0.6382178812348278,0
80,79,12,-0.01991529599253177,0
80,79,13,0.420023516052683,0
80,79,14,0.8389005886069155,0
80,79,15,-0.1049717311059083,0
80,79,16,0.3929871639817844,0
80,79,17,0.8659149146016868,0
80,79,18,-0.09179646897244528,0
80,79,19,0.3019831010846264,0
80,79,20,0.7967948200954096,0
80,79,21,-0.09280834148581571,0
80,79,22,0.2163022762424945,0
80,79,23,0.6111450496515178,0
80,79,24,-0.08919387033681984,0
80,79,25,0.1236858935532602,0
80,79,26,0.4224584791169643,0
80,79,27,0.1096789345407594,0
80,79,28,0.3054097198579855,0
80,79,29,-0.1750753152093478,0
80,79,30,-0.3309735473189771,0
80,79,31,0.5189319847152464,0
80,79,32,-0.2693379410463613,0
80,79,33,-0.3410944369335591,0
80,79,34,0.3175313087290914,0
80,79,35,-0.2994652497845792,0
80,79,36,-0.1898852896974068,0
80,79,37,0.05018854549075123,0
80,79,38,-0.1452811844759517,0
80,79,39,-0.0640945575944503,0
80,79,40,-0.3184129252860055,0
80,79,41,-0.0009810542734896175,0
80,79,42,0.04176509227595639,0
80,79,43,-0.6140778523886341,0
80,79,44,0.07233653937581738,0
80,79,45,0.1768458706459822,0
80,79,46,-0.6073408076423512,0
80,79,47,0.07323001984378351,0
80,79,48,0.247353010701157,0
80,79,49,-0.4533028052965698,0
80,79,50,0.08274079140181477,0
80,79,51,0.2241723761615475,0
80,79,52,-0.3150819325663968,0
80,79,53,0.02356862650771618,0
80,79,54,0.1262855030587443,0
80,79,55,-0.2723169024780464,0
80,79,56,0.03576800783200932,0
80,79,57,-0.2565465034745321,0
80,79,58,-0.1062213293896517,0
80,79,59,0.5428312796711423,0
80,79,60,0.601271297658816,0
80,79,61,-0.101476707862836,0
80,79,62,0.2699166388607164,0
80,79,63,0.3864374526750906,0
80,79,64,0.02644650483527896,0
80,79,65,-0.01140346306215581,0
80,79,66,0.0002854050075300356,0
80,79,67,0.1782473897727645,0
80,79,68,-0.2417163831177417,0
80,79,69,-0.3295573045258786,0
80,79,70,0.09129724383523327,0
80,79,71,-0.4566454895350752,0
80,79,72,-0.497813783343069,0
80,79,73,-0.04613149178202176,0
80,79,74,-0.5780859482569503,0
80,79,75,-0.5215638123866105,0
80,79,76,0.04475733316726651,0
80,79,77,-0.4741864582524381,0
80,79,78,-0.4929223716260954,0
80,79,79,0.11210566167808,0
80,79,80,-0.2893993961387955,0
80,79,81,-0.410311150920156,0
80,79,82,0.05766491127054513,0
80,79,83,-0.2007101537906442,0
80,79,84,-0.2888876831827416,0
80,79,85,-0.2017042028908978,0
80,79,86,-0.2023092478253855,0
80,79,87,0.1522240824789503,0
80,79,88,-0.04864043560535292,0
80,79,89,-0.8448228936136002,0
80,79,90,0.2499800223646889,0
80,79,91,0.09592884096715658,0
80,79,92,-0.6049785804054411,0
80,79,93,0.2604459330329375,0
80,79,94,0.1646691478215205,0
80,79,95,-0.1965207884673468,0
80,79,96,0.2219860925610737,0
80,79,97,0.2815236754636087,0
80,79,98,0.3820373437141554,0
80,79,99,0.005003454462369991,0
80,79,100,0.3327748414897975,0
80,79,101,0.8974287620113375,0
80,79,102,-0.2154938967742762,0
80,79,103,0.1443826877175685,0
80,79,104,1,0
80,79,105,-0.09065612904225254,0
80,79,106,-0.005856969884126014,0
80,79,107,0.78389748281941,0
80,79,108,-0.03823876561595874,0
80,79,109,-0.009243655507340891,0
80,79,110,0.5188845947282936,0
80,79,111,-0.06350861214040368,0
80,79,112,0.03030129832306887,0
80,79,113,0.4489146604405567,0
80,79,114,0.1020950363258551,0
80,79,115,0.4673782341984796,0
80,79,116,-0.0003994089457647453,0
80,79,117,-0.4512454844815738,0
80,79,118,-0.03637644158653423,0
80,79,119,-0.344804730943527,0
80,79,120,-0.20365107562864,0
80,79,121,-0.2330557395076721,0
80,79,122,-0.2330697999838452,0
80,79,123,-0.02489605861168614,0
80,79,124,-0.1130206442469998,0
80,79,125,0.2993151979135736,0
80,79,126,0.05792083929285407,0
80,79,127,0.5064093915369169,0
80,79,128,0.08707591353728572,0
80,79,129,0.4631491682882038,0
80,79,130,-0.0109472781853031,0
80,79,131,0.2974725066370644,0
80,79,132,-0.1077205988924467,0
80,79,133,0.1690314091607883,0
80,79,134,0.1825605119765014,0
80,79,135,-0.001033792456840278,0
80,79,136,-0.001992636990877782,0
80,79,137,-0.002453704761103685,0
80,79,138,-0.001815037875286343,0
80,79,139,-0.0004434120733039606,0
80,79,140,0.002605579567455842,0
80,79,141,0.0006919038979377816,0
80,79,142,0.0002775877263504763,0
80,79,143,0.000182933522400079,0
80,79,144,0.001604658252291068,0
80,79,145,0.001758319969522972,0
80,79,146,0.001200972305663666,0
80,79,147,0.0003701573449205448,0
80,79,148,-0.0004785800487977836,0
80,79,149,-0.001528018454181483,0
80,79,150,-0.001484732247632484,0
80,79,151,-0.0008394848615256861,0
80,79,152,-0.0003843762940663125,0
80,79,153,0.0003039415552200862,0
80,79,154,0.00112247223624311,0
80,79,155,0.001609827362030406,0
80,79,156,0.001719505952476456,0
80,79,157,0.00123847260644736,0
80,79,158,-0.001263940228424995,0
80,79,159,-1.105226768788839e-05,0
80,79,160,1.412414423976564e-05,0
80,79,161,0.0002013241118715428,0
80,79,162,-0.001459875222253267,0
80,79,163,-0.002351688369686031,0
80,79,164,-0.002153223926265505,0
80,79,165,-0.0009592217929264383,0
80,79,166,0.0003674974807805708,0
80,79,167,0.002467606247220341,0
80,79,168,0.001613808547628371,0
80,79,169,0.0009582920630236356,0
80,79,170,0.0005393479079630319,0
81,80,0,-0.5816662929315222,0
81,80,1,-0.2325133744571597,0
81,80,2,0.1106189648243333,0
81,80,3,0.4313895647257048,0
81,80,4,-0.1369874476823606,0
81,80,5,-0.1120674468954005,0
81,80,6,0.2370639398979286,0
81,80,7,0.3336964959370825,0
81,80,8,-0.003278236734372673,0
81,80,9,-0.6750708988167984,0
81,80,10,-0.2061952133989222,0
81,80,11,0.0223206248801191,0
81,80,12,0.3834948927712873,0
81,80,13,-0.21290593381682,0
81,80,14,-0.1194280526857678,0
81,80,15,0.4951027722180098,0
81,80,16,0.4884832956424365,0
81,80,17,0.1006131350804494,0
81,80,18,-0.8073357645687054,0
81,80,19,-0.05630647087215526,0
81,80,20,0.1792637840909665,0
81,80,21,-0.2758384944846977,0
81,80,22,-0.5929427203782599,0
81,80,23,-0.1852899843997964,0
81,80,24,1,0
81,80,25,0.2203194824998918,0
81,80,26,-0.2304870237914089,0
81,80,27,0.5577456552103651,0
81,80,28,0.1937486792932601,0
81,80,29,-0.3584952857928594,0
81,80,30,-0.02646499956682486,0
81,80,31,0.1764473657969644,0
81,80,32,0.2435901400257808,0
81,80,33,-0.2271329457932919,0
81,80,34,-0.2023319094497014,0
81,80,35,0.2671750534420697,0
81,80,36,0.2875653392627576,0
81,80,37,0.06070345621148664,0
81,80,38,-0.4927117477243744,0
81,80,39,-0.01673953507882245,0
81,80,40,0.1558573120732322,0
81,80,41,0.07832867947186441,0
81,80,42,-0.3868415500907152,0
81,80,43,-0.2108815974550343,0
81,80,44,0.464909426718881,0
81,80,45,0.3417450272714871,0
81,80,46,0.03940855948159885,0
81,80,47,-0.3911455143227114,0
81,80,48,0.2665293681044689,0
81,80,49,0.2872500255708898,0
81,80,50,-0.2860281852481426,0
81,80,51,-0.4919995642552059,0
81,80,52,-0.1774019945492861,0
81,80,53,0.5580810145340305,0
81,80,54,-0.1503049256891366,0
81,80,55,-0.3293016327949461,0
81,80,56,0.4486618441396475,0
81,80,57,0.1907638830534775,0
81,80,58,0.06249047179390515,0
81,80,59,0.1850320189218474,0
81,80,60,0.1093407009801575,0
81,80,61,-0.08156662568154993,0
81,80,62,-0.2768961831937175,0
81,80,63,-0.2975319247328652,0
81,80,64,0.168208379476954,0
81,80,65,0.116546853726807,0
81,80,66,0.07728172083072729,0
81,80,67,-0.06072999390595426,0
81,80,68,0.2864842734294685,0
81,80,69,0.2790704651936282,0
81,80,70,-0.2216906836944101,0
81,80,71,-0.3695475794693844,0
81,80,72,-0.2130853555932956,0
81,80,73,0.2211359990271683,0
81,80,74,-0.03645815713916983,0
81,80,75,-0.1019014475756929,0
81,80,76,0.1153915682748364,0
81,80,77,0.4329206169743017,0
81,80,78,0.265284037167953,0
81,80,79,-0.155277013735466,0
81,80,80,-0.1151936578452457,0
81,80,81,-0.02051890814594874,0
81,80,82,0.006169045171538877,0
81,80,83,-0.3360432419566326,0
81,80,84,-0.2109965044197607,0
81,80,85,0.1705584478010871,0
81,80,86,0.1452887664235601,0
81,80,87,0.54155195414365,0
81,80,88,0.3621519709876379,0
81,80,89,0.05780975861366287,0
81,80,90,-0.4602800987420567,0
81,80,91,-0.2485139416500541,0
81,80,92,-0.245593584629,0
81,80,93,-0.09076927997321452,0
81,80,94,-0.2243695274297576,0
81,80,95,0.02236723243989036,0
81,80,96,0.4930159073445688,0
81,80,97,0.4682675924105473,0
81,80,98,0.2204040803130969,0
81,80,99,-0.3300996992010468,0
81,80,100,-0.09814803840272913,0
81,80,101,-0.1229140191112991,0
81,80,102,-0.1956079707166593,0
81,80,103,-0.3891190061779159,0
81,80,104,-0.13361010647799,0
81,80,105,0.4296189180905407,0
81,80,106,0.3135990097492912,0
81,80,107,0.1400271053329834,0
81,80,108,0.05794236585009284,0
81,80,109,0.249199716953516,0
81,80,110,0.06682474909060596,0
81,80,111,-0.3898738360587085,0
81,80,112,-0.2850107860700809,0
81,80,113,-0.05267365060137089,0
81,80,114,-0.06228781397826953,0
81,80,115,0.09002209102883489,0
81,80,116,0.9049902371405701,0
81,80,117,0.4842383062916792,0
81,80,118,-0.6799572205378986,0
81,80,119,-0.01869755550656416,0
81,80,120,-0.3833382796900954,0
81,80,121,-0.5206365403962778,0
81,80,122,0.8739037857946594,0
81,80,123,0.3642901837805427,0
81,80,124,-0.261737821407188,0
81,80,125,0.2402780684469497,0
81,80,126,-0.5512404643731658,0
81,80,127,-0.4772536956412687,0
81,80,128,0.5064449590619644,0
81,80,129,0.05254005420798162,0
81,80,130,0.2381482799309401,0
81,80,131,0.3774042806521909,0
81,80,132,-0.5517286758240559,0
81,80,133,-0.1721624400469014,0
81,80,134,-0.2096051471128485,0
81,80,135,-0.000943831084978933,0
81,80,136,0.001715429429356974,0
81,80,137,-0.0001230471248898835,0
81,80,138,-0.001217221434505068,0
81,80,139,0.002189849065548189,0
81,80,140,0.002182045339488966,0
81,80,141,-0.0009452967710197249,0
81,80,142,0.0002876874442620881,0
81,80,143,0.001592633810296885,0
81,80,144,-0.002062770526010858,0
81,80,145,0.002225037783762045,0
81,80,146,0.0008512404208795442,0
81,80,147,-0.002249304203992199,0
81,80,148,0.002326507951739228,0
81,80,149,0.003775464119145535,0
81,80,150,-0.0009105054258090927,0
81,80,151,-7.652100099321576e-05,0
81,80,152,0.002327507751865577,0
81,80,153,-0.002590114607211575,0
81,80,154,0.001689975912383564,0
81,80,155,0.001615217844652317,0
81,80,156,-0.002435173300203889,0
81,80,157,0.00141359595365527,0
81,80,158,0.003851474114477876,0
81,80,159,-0.0006430870837486334,0
81,80,160,-0.0006166443229985575,0
81,80,161,0.002179591971368875,0
81,80,162,-0.001856006444419011,0
81,80,163,0.0006938741729071965,0
81,80,164,0.001680355586903286,0
81,80,165,-0.001668067445182174,0
81,80,166,0.0001704864902222934,0
81,80,167,0.002501156358714053,0
81,80,168,-0.0002657508532076954,0
81,80,169,-0.0008655941118460738,0
81,80,170,0.001212634486641915,0
82,81,0,0.5683878424584031,0
82,81,1,-0.1499266848888176,0
82,81,2,-0.8338455312985794,0
82,81,3,0.1785533733598837,0
82,81,4,0.2900368517452155,0
82,81,5,-0.1484027041811018,0
82,81,6,-0.5200107614019397,0
82,81,7,-0.1260153321877985,0
82,81,8,0.07968811072633801,0
82,81,9,-0.2061330632964445,0
82,81,10,-0.6345186660034401,0
82,81,11,-0.5417905273153019,0
82,81,12,0.5053854404718824,0
82,81,13,-0.3254914131392762,0
82,81,14,-0.9184213450241253,0
82,81,15,0.3930781544985102,0
82,81,16,0.2764287162432343,0
82,81,17,-0.317060777369226,0
82,81,18,-0.09796811623207803,0
82,81,19,0.3433237155003188,0
82,81,20,0.4376678643969797,0
82,81,21,-0.3384913273981843,0
82,81,22,0.03202034335245083,0
82,81,23,0.4820666966674931,0
82,81,24,-0.2849289200587301,0
82,81,25,-0.3308689670794031,0
82,81,26,-0.09699333378572655,0
82,81,27,-0.4518329200022878,0
82,81,28,-0.6721690160968545,0
82,81,29,-0.104042095390163,0
82,81,30,-0.4964692449617718,0
82,81,31,-0.03264517354967716,0
82,81,32,-0.05041901524105406,0
82,81,33,0.07281946159852062,0
82,81,34,0.4366890800154929,0
82,81,35,0.05661133977913832,0
82,81,36,0.3852356777069987,0
82,81,37,0.6634514743612494,0
82,81,38,0.1320713689618236,0
82,81,39,-0.07322321517430624,0
82,81,40,0.2222616385646564,0
82,81,41,-0.0537583401400738,0
82,81,42,-0.5181570074845853,0
82,81,43,-0.1613168256720449,0
82,81,44,-0.2844299293430176,0
82,81,45,-0.2892187491531596,0
82,81,46,0.0804275714322663,0
82,81,47,-0.1435086620116678,0
82,81,48,0.2220075221085605,0
82,81,49,0.4276409357199789,0
82,81,50,0.1736505225026616,0
82,81,51,0.4275354711529862,0
82,81,52,0.381631751485338,0
82,81,53,0.2341438336484622,0
82,81,54,0.1622805073517475,0
82,81,55,0.05023189572075225,0
82,81,56,-0.345284091937118,0
82,81,57,-0.2718615577997389,0
82,81,58,-0.5902238779131649,0
82,81,59,-0.05092842852643648,0
82,81,60,0.4977009951891309,0
82,81,61,-0.3075670013038115,0
82,81,62,-0.1500481646103009,0
82,81,63,0.1275469846394957,0
82,81,64,0.4277634241695117,0
82,81,65,0.3938939374449966,0
82,81,66,-0.01336707457528873,0
82,81,67,0.434118344650505,0
82,81,68,0.6653686669277543,0
82,81,69,0.2501442121171088,0
82,81,70,-0.3294742430226949,0
82,81,71,0.2376225933112545,0
82,81,72,0.5232949184989368,0
82,81,73,-0.6036478616185689,0
82,81,74,-0.2437341738652587,0
82,81,75,0.3319346081280461,0
82,81,76,-0.09430184153011843,0
82,81,77,-0.2006021143569439,0
82,81,78,-0.1932091404093165,0
82,81,79,0.4672123426590775,0
82,81,80,0.1638524235320914,0
82,81,81,-0.3957417743878226,0
82,81,82,0.497019516340615,0
82,81,83,0.4546277821620122,0
82,81,84,-0.0173476668329947,0
82,81,85,0.3192135917365827,0
82,81,86,0.4637710730779209,0
82,81,87,-0.1960987179007203,0
82,81,88,0.2068189532876279,0
82,81,89,0.09269792834992309,0
82,81,90,-0.129385245850799,0
82,81,91,-0.409390805115865,0
82,81,92,-0.6137826774281363,0
82,81,93,0.2344103272009358,0
82,81,94,-0.4684911421571837,0
82,81,95,-1,0
82,81,96,0.2200698366192106,0
82,81,97,0.08581636204285946,0
82,81,98,-0.5178071269033288,0
82,81,99,-0.1389228567414479,0
82,81,100,0.3798182396761371,0
82,81,101,0.1366034464646829,0
82,81,102,-0.1047188801724094,0
82,81,103,0.07616097931458167,0
82,81,104,0.04059431839994707,0
82,81,105,0.1291515961258447,0
82,81,106,-0.3613119283337486,0
82,81,107,-0.586645221207907,0
82,81,108,0.1459938829623211,0
82,81,109,-0.4393091172972234,0
82,81,110,-0.7803517101794404,0
82,81,111,0.05345056163783617,0
82,81,112,-0.02044778215329392,0
82,81,113,-0.2137379230597083,0
82,81,114,0.4850101461652797,0
82,81,115,0.4967479818100077,0
82,81,116,0.4777675446405731,0
82,81,117,0.2823063825685416,0
82,81,118,0.237921919982752,0
82,81,119,0.0365198018080483,0
82,81,120,-0.1995999766112222,0
82,81,121,-0.494524771661889,0
82,81,122,-0.3508345547424476,0
82,81,123,-0.5364174058434886,0
82,81,124,-0.02628483046146722,0
82,81,125,-0.1156479517569542,0
82,81,126,0.4653819670377235,0
82,81,127,0.2355872342309976,0
82,81,128,0.3240173415053037,0
82,81,129,0.0735704503556865,0
82,81,130,-0.3582432995047993,0
82,81,131,-0.3919042093146054,0
82,81,132,-0.5950544764702125,0
82,81,133,-0.5363895413184889,0
82,81,134,-0.03233488730635724,0
82,81,135,0.0008743100754657632,0
82,81,136,0.0004663959830697151,0
82,81,137,-0.000606922976039738,0
82,81,138,-0.0001724033551205807,0
82,81,139,0.0006678306085935269,0
82,81,140,0.00118631841386793,0
82,81,141,0.0002038209646616471,0
82,81,142,0.0004614905042568216,0
82,81,143,0.0006376560432753706,0
82,81,144,0.0005903833360362547,0
82,81,145,0.0003902578048545881,0
82,81,146,-0.0001735336999595515,0
82,81,147,0.0006735454733453534,0
82,81,148,0.001488867351775996,0
82,81,149,0.00165019417420239,0
82,81,150,0.0002695446280513784,0
82,81,151,0.0005279638268082165,0
82,81,152,0.0008963660258727161,0
82,81,153,-0.000314112647948653,0
82,81,154,-0.0003871518043842049,0
82,81,155,-0.0004749516928174544,0
82,81,156,0.0001297030857452444,0
82,81,157,0.0004321619095018776,0
82,81,158,-0.0003452397580885671,0
82,81,159,-0.0007955288240927746,0
82,81,160,-0.000324141865569765,0
82,81,161,8.965473617113723e-05,0
82,81,162,-0.000180413884312966,0
82,81,163,-0.0001996767862343509,0
82,81,164,-0.000159347467378859,0
82,81,165,-0.0002809084071033061,0
82,81,166,-0.0005636325924671827,0
82,81,167,-0.002320340524736491,0
82,81,168,-0.001219787068801346,0
82,81,169,-0.0004661470904340284,0
82,81,170,-0.000103103990534922,0
83,82,0,-0.1205597387989289,0
83,82,1,-0.4341446078263886,0
83,82,2,-0.7372258089092866,0
83,82,3,0.0645545370024552,0
83,82,4,-0.5104922299678364,0
83,82,5,-0.9488010322002621,0
83,82,6,0.2905679215513958,0
83,82,7,-0.2721761052349677,0
83,82,8,-0.8741819110350363,0
83,82,9,0.1616394340781739,0
83,82,10,-0.01531551608380361,0
83,82,11,-0.4641095515782523,0
83,82,12,-0.1292114787278892,0
83,82,13,-0.07510294840990803,0
83,82,14,-0.1816291748000689,0
83,82,15,-0.08585324531970989,0
83,82,16,-0.2322461178564709,0
83,82,17,-0.256133527000924,0
83,82,18,0.1030447872350029,0
83,82,19,-0.1789173448909028,0
83,82,20,-0.3938557584373942,0
83,82,21,0.1611376120604369,0
83,82,22,-0.01762875946245151,0
83,82,23,-0.2882682685812706,0
83,82,24,0.09237449310718414,0
83,82,25,0.1095390507997107,0
83,82,26,-0.01111582859961274,0
83,82,27,0.1471342215470025,0
83,82,28,0.2214373842679118,0
83,82,29,0.05572722217862199,0
83,82,30,-0.02045085987132448,0
83,82,31,0.6460920023176342,0
83,82,32,-0.01879737860185268,0
83,82,33,-0.2630581895173562,0
83,82,34,0.3994809594882393,0
83,82,35,-0.1007508108921396,0
83,82,36,-0.3584974960654281,0
83,82,37,0.2877261256469649,0
83,82,38,-0.09709347916719356,0
83,82,39,-0.132238592615714,0
83,82,40,0.3958515140922262,0
83,82,41,-0.04966068850238014,0
83,82,42,0.04805927024106597,0
83,82,43,0.4188058997689753,0
83,82,44,-0.0002344496014282013,0
83,82,45,-0.06294488181973693,0
83,82,46,0.1840631836792353,0
83,82,47,0.01679939621360914,0
83,82,48,-0.2028449806218438,0
83,82,49,-0.04017473827701306,0
83,82,50,-0.07933914184719626,0
83,82,51,-0.2022028602475257,0
83,82,52,-0.07486283739386596,0
83,82,53,-0.1155048146045422,0
83,82,54,-0.07970155815800092,0
83,82,55,0.02874886762965189,0
83,82,56,0.1178053056485348,0
83,82,57,0.1363398798711725,0
83,82,58,0.1883416633368948,0
83,82,59,0.63346640802383,0
83,82,60,0.416265163890835,0
83,82,61,0.0003201243800994107,0
83,82,62,0.5865977871365274,0
83,82,63,0.5686217586884635,0
83,82,64,-0.2821252023930468,0
83,82,65,0.287825764531295,0
83,82,66,0.5445048560114408,0
83,82,67,-0.1810901927968564,0
83,82,68,0.1496736556255504,0
83,82,69,0.3378705686846868,0
83,82,70,0.1242942974063317,0
83,82,71,0.2602184326107524,0
83,82,72,0.1442736813896482,0
83,82,73,0.185492326428181,0
83,82,74,0.3076870821761293,0
83,82,75,0.1260762026843916,0
83,82,76,0.01451609890240993,0
83,82,77,0.1803337911597936,0
83,82,78,0.2306805905283173,0
83,82,79,-0.1823778103386598,0
83,82,80,-0.004042843380919931,0
83,82,81,0.2245265844961227,0
83,82,82,-0.2076910874407575,0
83,82,83,-0.1423067211887295,0
83,82,84,0.04152376310805932,0
83,82,85,-0.1013548239930786,0
83,82,86,-0.1517593618461365,0
83,82,87,0.1322464182926737,0
83,82,88,-0.2321509386765262,0
83,82,89,-1,0
83,82,90,0.09647109540181011,0
83,82,91,0.05832103360174164,0
83,82,92,-0.674098985773002,0
83,82,93,-0.03847456520917333,0
83,82,94,0.05335651565776789,0
83,82,95,-0.4978636791331243,0
83,82,96,0.03693197828876461,0
83,82,97,-0.135897439751893,0
83,82,98,-0.6070604835134589,0
83,82,99,0.1745337344042694,0
83,82,100,-0.1659119515667993,0
83,82,101,-0.6756801379608995,0
83,82,102,0.1295116507571739,0
83,82,103,0.01084873580425811,0
83,82,104,-0.3974627915868282,0
83,82,105,0.01162906253386224,0
83,82,106,0.1780581302913166,0
83,82,107,0.005385891409379508,0
83,82,108,-0.0191788979111301,0
83,82,109,0.1862021195101169,0
83,82,110,0.1711023860694086,0
83,82,111,-0.02489095763883106,0
83,82,112,-0.0004887485852560013,0
83,82,113,-0.001860560622045873,0
83,82,114,-0.2017434320805508,0
83,82,115,-0.2482011181639888,0
83,82,116,-0.1385917320871483,0
83,82,117,-0.5767790209512228,0
83,82,118,-0.02169646327381908,0
83,82,119,-0.4220342754405287,0
83,82,120,0.107161444782599,0
83,82,121,-0.2130727378434353,0
83,82,122,0.1361567174645379,0
83,82,123,-0.192216003790649,0
83,82,124,-0.04192578803822887,0
83,82,125,-0.3000299086210898,0
83,82,126,-0.2485973702975768,0
83,82,127,-0.345666446065355,0
83,82,128,-0.1222877952555317,0
83,82,129,-0.1653083422418764,0
83,82,130,0.1468738185964989,0
83,82,131,0.0921664337780302,0
83,82,132,0.2050996762255869,0
83,82,133,0.1574833486097088,0
83,82,134,-0.02592177183494319,0
83,82,135,-7.639232194861758e-05,0
83,82,136,-7.46332961891286e-05,0
83,82,137,-4.696354822304758e-05,0
83,82,138,-0.0004788097798198912,0
83,82,139,-0.0009425271024105733,0
83,82,140,-0.001872878539706062,0
83,82,141,-0.0005834612516115214,0
83,82,142,-0.0004188144794063283,0
83,82,143,-0.0003595160587553787,0
83,82,144,0.0007875448695451697,0
83,82,145,0.0007824334349348377,0
83,82,146,0.0009926238640885834,0
83,82,147,0.0006544014936974557,0
83,82,148,0.00032304594078627,0
83,82,149,0.0002672819169060734,0
83,82,150,0.0005132356693484715,0
83,82,151,3.598716134443002e-05,0
83,82,152,-0.0002655527409092445,0
83,82,153,-0.0004504370924803995,0
83,82,154,-0.0002533859951739384,0
83,82,155,3.001264475499032e-05,0
83,82,156,-5.147944132693964e-05,0
83,82,157,-7.012916937012961e-05,0
83,82,158,0.001043385290771786,0
83,82,159,0.0005615548761235902,0
83,82,160,0.0002364669603240621,0
83,82,161,-9.635273394409998e-06,0
83,82,162,-0.0003511129912958015,0
83,82,163,-0.000682418060187565,0
83,82,164,-0.0009689718015446522,0
83,82,165,-0.00108170809486221,0
83,82,166,-0.001052975690563082,0
83,82,167,-0.0006040593630025827,0
83,82,168,-0.0003130089365222802,0
83,82,169,-0.0001876563208850144,0
83,82,170,-9.358750710541567e-05,0
84,83,0,-0.9405054516774874,0
84,83,1,-0.4337333806334026,0
84,83,2,0.01814742928969608,0
84,83,3,0.7011380728994973,0
84,83,4,-0.1335032583542119,0
84,83,5,-0.04007561837819196,0
84,83,6,0.3830834946338934,0
84,83,7,0.4852663817402189,0
84,83,8,-0.0517027059906584,0
84,83,9,-0.9280987949963229,0
84,83,10,-0.238984226333591,0
84,83,11,0.03490936848600669,0
84,83,12,0.3126351209130402,0
84,83,13,-0.2962517842338118,0
84,83,14,-0.01150658734211917,0
84,83,15,0.6306638886385089,0
84,83,16,0.406448238409378,0
84,83,17,-0.07535250142883833,0
84,83,18,-0.6069219626727886,0
84,83,19,0.02706558096376836,0
84,83,20,0.0349605730730656,0
84,83,21,-0.3346295089207397,0
84,83,22,-0.3542766964877858,0
84,83,23,0.1222327503816233,0
84,83,24,0.6254749459741121,0
84,83,25,0.1390035343111255,0
84,83,26,0.02601987659889649,0
84,83,27,0.2347144490051965,0
84,83,28,-0.0822943421383414,0
84,83,29,-0.9183571464179513,0
84,83,30,-0.3544706255471891,0
84,83,31,0.139216076644471,0
84,83,32,0.6310035375796212,0
84,83,33,-0.1648113380339379,0
84,83,34,-0.01840210848937446,0
84,83,35,0.3944623955071699,0
84,83,36,0.427560166576552,0
84,83,37,-0.06192385120842015,0
84,83,38,-0.8793972386416786,0
84,83,39,-0.1664082521098924,0
84,83,40,0.09142287658695254,0
84,83,41,0.2854368352563359,0
84,83,42,-0.2708311419016822,0
84,83,43,0.03007935239298243,0
84,83,44,0.5798149650741088,0
84,83,45,0.3142176706723203,0
84,83,46,-0.1150664634911483,0
84,83,47,-0.6475749015154516,0
84,83,48,-0.01100097907364064,0
84,83,49,0.003896563290398968,0
84,83,50,-0.3077246974717385,0
84,83,51,-0.2942891692313467,0
84,83,52,0.1434200733202496,0
84,83,53,0.719211255631483,0
84,83,54,0.2031463160034775,0
84,83,55,0.02373533653605292,0
84,83,56,0.212345915756066,0
84,83,57,-0.136302450016145,0
84,83,58,-0.8000676892386456,0
84,83,59,-0.2395063891892743,0
84,83,60,0.1372754724937295,0
84,83,61,0.5983351046315748,0
84,83,62,-0.1257747033502997,0
84,83,63,-0.04298527689172866,0
84,83,64,0.3270904558319487,0
84,83,65,0.3590687348379275,0
84,83,66,-0.09488229339058581,0
84,83,67,-0.8223384139674993,0
84,83,68,-0.1381833343773398,0
84,83,69,0.1006628063521564,0
84,83,70,0.3446812958994835,0
84,83,71,-0.1717165590029974,0
84,83,72,0.07760128703782126,0
84,83,73,0.5142781587699723,0
84,83,74,0.2964423962510819,0
84,83,75,-0.1053217893295534,0
84,83,76,-0.7400056971068376,0
84,83,77,-0.1189224960524336,0
84,83,78,-0.04915840896428614,0
84,83,79,-0.2612522367886946,0
84,83,80,-0.3303150112893374,0
84,83,81,0.08776747574009465,0
84,83,82,0.8668040786156385,0
84,83,83,0.2813482341221581,0
84,83,84,0.01273032910259266,0
84,83,85,0.2648015053984054,0
84,83,86,-0.1073996552932465,0
84,83,87,-0.646053593183153,0
84,83,88,-0.2227420574390147,0
84,83,89,0.0268406802510233,0
84,83,90,0.58782505319048,0
84,83,91,-0.08825417461737683,0
84,83,92,-0.07889003095531638,0
84,83,93,0.2189037502878629,0
84,83,94,0.2809493760575655,0
84,83,95,-0.1075602031566194,0
84,83,96,-0.8035779556745273,0
84,83,97,-0.2023158796113077,0
84,83,98,0.04699279628866688,0
84,83,99,0.4431465029186047,0
84,83,100,-0.09998846161043536,0
84,83,101,0.06398925697571828,0
84,83,102,0.5080401403876849,0
84,83,103,0.3671419069166557,0
84,83,104,-0.05956748199446761,0
84,83,105,-0.8269639256596971,0
84,83,106,-0.1854278506698292,0
84,83,107,-0.05041682050722131,0
84,83,108,-0.2619522946380299,0
84,83,109,-0.4211886056663884,0
84,83,110,0.03112570347665576,0
84,83,111,0.9710075026618642,0
84,83,112,0.3191312614961196,0
84,83,113,0.007671489404524989,0
84,83,114,0.3603685934904221,0
84,83,115,-0.02856963263067725,0
84,83,116,-0.5681232758305734,0
84,83,117,-0.2540753875767154,0
84,83,118,0.5628330533306944,0
84,83,119,-0.04157527335607997,0
84,83,120,0.1566992356016398,0
84,83,121,0.2858002591057188,0
84,83,122,-0.8290788289130649,0
84,83,123,-0.2938357893843145,0
84,83,124,0.4834240158870566,0
84,83,125,-0.1310302219475686,0
84,83,126,0.5617103529166668,0
84,83,127,0.4624549061713271,0
84,83,128,-0.8653662880444782,0
84,83,129,-0.1568007669945451,0
84,83,130,-0.3228733547077736,0
84,83,131,-0.5043861260386185,0
84,83,132,1,0
84,83,133,0.2994074150069551,0
84,83,134,0.4226351698177578,0
84,83,135,9.091324334617711e-05,0
84,83,136,0.0007816709402958143,0
84,83,137,-0.0006181877745760285,0
84,83,138,-9.94125377916591e-05,0
84,83,139,0.0007238253882956269,0
84,83,140,6.756225754048926e-05,0
84,83,141,-0.0003995896286522331,0
84,83,142,0.0002540509441980626,0
84,83,143,-0.0001019617069335897,0
84,83,144,6.100055815189019e-05,0
84,83,145,0.0006959641090113201,0
84,83,146,-0.000245002048862009,0
84,83,147,-5.060185211521822e-05,0
84,83,148,0.0003528449752151855,0
84,83,149,-0.0001896823041077868,0
84,83,150,-0.0003724509146343449,0
84,83,151,0.0002368633088170163,0
84,83,152,-0.0003317144042737804,0
84,83,153,-0.0002861977077360322,0
84,83,154,0.0005729234963862736,0
84,83,155,-0.0001839729129406535,0
84,83,156,-0.0001579580229685899,0
84,83,157,0.0001504071467039824,0
84,83,158,-0.0004838187229389846,0
84,83,159,-0.000622373167969391,0
84,83,160,0.0002240430687316381,0
84,83,161,-0.0001273147326600161,0
84,83,162,-0.000140719719754873,0
84,83,163,0.0003296309957550541,0
84,83,164,-0.0005272623939455911,0
84,83,165,-9.36211748061709e-06,0
84,83,166,0.0001737061067774633,0
84,83,167,-0.0006535008506010787,0
84,83,168,-0.0004261065930715729,0
84,83,169,0.0004796784209707491,0
84,83,170,-0.0002259164745362868,0
85,84,0,-0.7885539988065139,0
85,84,1,-0.1918415259594493,0
85,84,2,0.3419063070948771,0
85,84,3,-0.03805858134334782,0
85,84,4,-0.4392433198363124,0
85,84,5,-0.1347439009830846,0
85,84,6,0.6865052126622694,0
85,84,7,0.1498524222744291,0
85,84,8,-0.2970620040457919,0
85,84,9,-0.09396676504373276,0
85,84,10,0.2415300763975592,0
85,84,11,-0.05937576971416221,0
85,84,12,-0.5469251968681186,0
85,84,13,-0.2659815942595283,0
85,84,14,0.04532781747379527,0
85,84,15,0.3993650755693053,0
85,84,16,-0.04111925709638619,0
85,84,17,0.05638111888884658,0
85,84,18,0.6666062270117354,0
85,84,19,0.5709792865612303,0
85,84,20,0.2764351601008326,0
85,84,21,-0.3891430138345818,0
85,84,22,0.2845046514265011,0
85,84,23,0.3723391281425752,0
85,84,24,-1,0
85,84,25,-0.5708194369787467,0
85,84,26,0.02642343748924717,0
85,84,27,-0.6309040746237379,0
85,84,28,-0.4691821144996347,0
85,84,29,-0.3242990121017484,0
85,84,30,0.1946511225917748,0
85,84,31,0.3674125517584342,0
85,84,32,0.05586730726640746,0
85,84,33,-0.2884698036824609,0
85,84,34,-0.2108346261992559,0
85,84,35,0.4472135747432042,0
85,84,36,-0.04646381892987271,0
85,84,37,-0.2735279625817626,0
85,84,38,-0.1193351963568795,0
85,84,39,0.1828167681812148,0
85,84,40,0.1247834318815611,0
85,84,41,-0.5449873968708417,0
85,84,42,-0.2392850737537154,0
85,84,43,0.07907626639840953,0
85,84,44,0.166632631535529,0
85,84,45,-0.224326450940349,0
85,84,46,-0.1647631612940477,0
85,84,47,0.5542542675011735,0
85,84,48,0.4712232654270972,0
85,84,49,0.09566086250844864,0
85,84,50,-0.02981257813047236,0
85,84,51,0.5889479278481516,0
85,84,52,0.4427383947405178,0
85,84,53,-0.5306639366818963,0
85,84,54,-0.149574798280966,0
85,84,55,0.1623211900082144,0
85,84,56,-0.6328456896124417,0
85,84,57,-0.4413726468784472,0
85,84,58,0.2612906658895908,0
85,84,59,0.3247288541363189,0
85,84,60,0.05878139972253164,0
85,84,61,0.08445416407999753,0
85,84,62,-0.07896557769177681,0
85,84,63,-0.2776770094391204,0
85,84,64,0.0191339482824642,0
85,84,65,-0.1103092564246153,0
85,84,66,-0.05213811173060278,0
85,84,67,-0.03710519072780329,0
85,84,68,0.2552855271571922,0
85,84,69,0.4192726236596491,0
85,84,70,-0.271987880415688,0
85,84,71,-0.03289396103349588,0
85,84,72,0.1413502636036403,0
85,84,73,-0.1172133962546888,0
85,84,74,-0.4636261026597879,0
85,84,75,-0.4359918615535331,0
85,84,76,0.2180273168349972,0
85,84,77,-0.06123599832622675,0
85,84,78,-0.3279038659103984,0
85,84,79,0.2560492789510113,0
85,84,80,0.4949169435410802,0
85,84,81,0.2104200552603582,0
85,84,82,0.04224665908890275,0
85,84,83,0.3167223288963246,0
85,84,84,0.2608468793079782,0
85,84,85,-0.2210052187932637,0
85,84,86,-0.08662798841228085,0
85,84,87,0.636221129093509,0
85,84,88,0.2567668498268549,0
85,84,89,-0.1277716472133675,0
85,84,90,-0.1000068956773688,0
85,84,91,-0.003850295503615331,0
85,84,92,-0.2334561516931972,0
85,84,93,-0.4858059571771601,0
85,84,94,-0.2654729877191841,0
85,84,95,0.05474228099368975,0
85,84,96,0.2109215662922015,0
85,84,97,0.2750210630143212,0
85,84,98,0.4107825138527821,0
85,84,99,0.3164851146279081,0
85,84,100,0.379107816010971,0
85,84,101,0.1501169928923903,0
85,84,102,-0.302608184425405,0
85,84,103,-0.3822721381267604,0
85,84,104,-0.3754295635604876,0
85,84,105,-0.2934790772478363,0
85,84,106,-0.5831918097859803,0
85,84,107,-0.4084143079388147,0
85,84,108,0.2240094476725237,0
85,84,109,0.0647048020901126,0
85,84,110,-0.00241011487335836,0
85,84,111,0.3976768903899358,0
85,84,112,0.4649186814791268,0
85,84,113,0.1921832539639213,0
85,84,114,0.1789034041519512,0
85,84,115,0.1182175060183945,0
85,84,116,0.7725018108253177,0
85,84,117,0.2881641553541171,0
85,84,118,-0.3022480415002483,0
85,84,119,0.09882527869803454,0
85,84,120,-0.8623554119087551,0
85,84,121,-0.5013156571067769,0
85,84,122,0.4092714887063486,0
85,84,123,-0.006936228540692905,0
85,84,124,0.8521814263575666,0
85,84,125,0.6417794230853414,0
85,84,126,-0.339709330672389,0
85,84,127,0.04948915424321222,0
85,84,128,-0.704042979410237,0
85,84,129,-0.6248033981560198,0
85,84,130,0.02893604073207681,0
85,84,131,-0.2852454390360764,0
85,84,132,0.5072410746128395,0
85,84,133,0.3104194680329649,0
85,84,134,0.264130041798678,0
85,84,135,-0.00126325960523653,0
85,84,136,0.0009187980304186317,0
85,84,137,0.001247040872569852,0
85,84,138,-0.001649605398507706,0
85,84,139,-0.001661523719050833,0
85,84,140,0.001423923324756235,0
85,84,141,0.001275706299179672,0
85,84,142,-0.0006142427965639361,0
85,84,143,-0.001000910725965944,0
85,84,144,-0.002171316621529342,0
85,84,145,0.0007061591219893949,0
85,84,146,0.002220376175065439,0
85,84,147,-0.001792434484338029,0
85,84,148,-0.002990061179226448,0
85,84,149,1.817243439941126e-05,0
85,84,150,0.0007418300119921215,0
85,84,151,-0.001006204412265448,0
85,84,152,-0.001619182968944845,0
85,84,153,-0.002643063314391943,0
85,84,154,-0.0002206739909063927,0
85,84,155,0.00229965370572626,0
85,84,156,-0.001037666997319845,0
85,84,157,-0.003125707787562009,0
85,84,158,-0.002119235406594478,0
85,84,159,-0.0001856006962593809,0
85,84,160,-0.001441673641459416,0
85,84,161,-0.002247355649800304,0
85,84,162,-0.001874555772877842,0
85,84,163,-0.0006709930586707538,0
85,84,164,0.001547944388246569,0
85,84,165,-0.0002570664222639616,0
85,84,166,-0.002278953518036715,0
85,84,167,-0.002287410127500079,0
85,84,168,-3.284846765479304e-06,0
85,84,169,-0.0008040761931296586,0
85,84,170,-0.001842118720009878,0
86,85,0,0.2141654361266771,0
86,85,1,-0.1515521087900275,0
86,85,2,-0.5237862603063409,0
86,85,3,0.5046040438189362,0
86,85,4,0.3652156608349443,0
86,85,5,0.08732366348327446,0
86,85,6,0.1078291627246518,0
86,85,7,0.6279838348553668,0
86,85,8,0.7409940305984191,0
86,85,9,-0.7354490671762347,0
86,85,10,0.02717294128102801,0
86,85,11,0.6498203707273045,0
86,85,12,-0.6039257246236418,0
86,85,13,-0.7109172651603937,0
86,85,14,-0.2277716376643911,0
86,85,15,0.462264634800915,0
86,85,16,-0.4851121867109121,0
86,85,17,-0.8940175584357579,0
86,85,18,0.7316715709119767,0
86,85,19,0.1713080351185046,0
86,85,20,-0.7403994375999924,0
86,85,21,0.2095076516131262,0
86,85,22,0.3892039007752496,0
86,85,23,-0.0164634921809893,0
86,85,24,-0.1987572677181541,0
86,85,25,0.2616912257279331,0
86,85,26,0.5703004048454995,0
86,85,27,0.2878554809364954,0
86,85,28,0.8291238279821868,0
86,85,29,-0.3253587138588071,0
86,85,30,-0.5653335898623247,0
86,85,31,-0.359352131104499,0
86,85,32,-0.121069495384634,0
86,85,33,-0.2084838009564716,0
86,85,34,-0.1010461715221114,0
86,85,35,0.1784170115969756,0
86,85,36,0.5720889277341452,0
86,85,37,0.4074800260248573,0
86,85,38,0.08887007348579426,0
86,85,39,0.6799132141652305,0
86,85,40,0.5235402443341188,0
86,85,41,-0.008984544412448121,0
86,85,42,-0.1110388288366756,0
86,85,43,-0.08086583646871405,0
86,85,44,0.154186380196063,0
86,85,45,-0.6541452007306969,0
86,85,46,-0.620925692694185,0
86,85,47,0.114747087729951,0
86,85,48,-0.4279419498763259,0
86,85,49,-0.4604148908149376,0
86,85,50,-0.279804439428757,0
86,85,51,-0.03863207040781601,0
86,85,52,0.08664998267901543,0
86,85,53,-0.4241374949993572,0
86,85,54,0.1291345205361112,0
86,85,55,0.3778249362444987,0
86,85,56,0.373891205871448,0
86,85,57,0.4075247038767797,0
86,85,58,-0.5346579609879686,0
86,85,59,-0.1941055776228525,0
86,85,60,0.4567105580927905,0
86,85,61,-0.5791758300470762,0
86,85,62,-0.640834316931451,0
86,85,63,-0.1873392129052465,0
86,85,64,0.07544445430490858,0
86,85,65,-0.2689874332636749,0
86,85,66,-0.4944248434732572,0
86,85,67,0.6651094214361962,0
86,85,68,0.4707396178708446,0
86,85,69,-0.2387829683354864,0
86,85,70,0.4649559292300146,0
86,85,71,0.5163681157320548,0
86,85,72,0.09582556241641003,0
86,85,73,-0.1517578072212907,0
86,85,74,-0.009688573121261194,0
86,85,75,0.3118167658265689,0
86,85,76,-0.4033329864509807,0
86,85,77,-0.2277586948539166,0
86,85,78,0.4827379383592966,0
86,85,79,-0.5032261894245135,0
86,85,80,-0.1983552747211303,0
86,85,81,0.3224821757660852,0
86,85,82,-0.3892591076866181,0
86,85,83,-0.301320256544833,0
86,85,84,-0.2127537610009583,0
86,85,85,-0.3096639031228726,0
86,85,86,-0.7306512881351678,0
86,85,87,0.06111660313222824,0
86,85,88,0.6253262155255158,0
86,85,89,0.7996004019435574,0
86,85,90,-0.2895892790036247,0
86,85,91,-0.2141688008531335,0
86,85,92,-0.04430753170888038,0
86,85,93,-0.1651681192442601,0
86,85,94,-0.7765113070449342,0
86,85,95,-0.7060437932351941,0
86,85,96,0.3833102461699169,0
86,85,97,-0.2863932658707257,0
86,85,98,-0.5719580921952901,0
86,85,99,0.2938782982629531,0
86,85,100,0.3798730998512285,0
86,85,101,0.06229618809664503,0
86,85,102,-0.2761494590269509,0
86,85,103,0.4409284169368341,0
86,85,104,0.6094565214863978,0
86,85,105,-0.329722531716337,0
86,85,106,0.3083921116782703,0
86,85,107,0.7740128327192698,0
86,85,108,-0.02143647666588372,0
86,85,109,0.1608441922014426,0
86,85,110,0.3621412591064352,0
86,85,111,0.1242714736636156,0
86,85,112,-0.2212900764767351,0
86,85,113,-0.3786059234319079,0
86,85,114,-0.7228114431818312,0
86,85,115,-1,0
86,85,116,0.8469469705013924,0
86,85,117,0.7618888057217977,0
86,85,118,0.3241004122024842,0
86,85,119,0.506245096771014,0
86,85,120,-0.3292304239231356,0
86,85,121,-0.3376581575749469,0
86,85,122,-0.2067495726299259,0
86,85,123,-0.5127251335978203,0
86,85,124,-0.1507099807152412,0
86,85,125,-0.1323396157288724,0
86,85,126,-0.2878559097731492,0
86,85,127,0.09148777078934917,0
86,85,128,0.006396245918234907,0
86,85,129,0.2330499048895984,0
86,85,130,0.6251896942056602,0
86,85,131,0.4299271078521764,0
86,85,132,0.6813451072799952,0
86,85,133,0.3790192416154925,0
86,85,134,-0.1617565196189616,0
86,85,135,-0.001062894035538215,0
86,85,136,0.0001945222601174665,0
86,85,137,0.0004076441470331073,0
86,85,138,-0.0005075767109808419,0
86,85,139,-0.0002485502318761891,0
86,85,140,-0.003601068088509303,0
86,85,141,-0.002397981216595162,0
86,85,142,-0.002220860265472465,0
86,85,143,-0.001681537346165809,0
86,85,144,-0.001415322783074769,0
86,85,145,-0.0001413528065473548,0
86,85,146,0.0004301684532899145,0
86,85,147,-0.000649544763281626,0
86,85,148,-2.991182558908752e-05,0
86,85,149,-0.001863437345194409,0
86,85,150,-0.0006202785868036657,0
86,85,151,-0.001825743047794607,0
86,85,152,-0.00203026977648858,0
86,85,153,-0.0004031352463269741,0
86,85,154,0.0004175094612687905,0
86,85,155,0.0005560733757492912,0
86,85,156,-0.001247739880669006,0
86,85,157,-0.0009856164203196501,0
86,85,158,0.002846959090251291,0
86,85,159,0.003007967582338283,0
86,85,160,0.0006819064040746316,0
86,85,161,-0.0005735784650390234,0
86,85,162,-3.624842528836076e-05,0
86,85,163,0.0004730317531750428,0
86,85,164,0.0008599454857413977,0
86,85,165,-0.0006510927509514469,0
86,85,166,-0.001210581689017762,0
86,85,167,0.003973368984799305,0
86,85,168,0.002956237708542819,0
86,85,169,0.001280842552512622,0
86,85,170,0.0003494359383868779,0
87,86,0,0.1925183520999504,0
87,86,1,-0.09067918738617659,0
87,86,2,-0.3807733901541988,0
87,86,3,0.2544156162710207,0
87,86,4,0.1457696156343297,0
87,86,5,-0.1010494152092686,0
87,86,6,0.1053199518575748,0
87,86,7,0.2743598717887705,0
87,86,8,0.2632507151742979,0
87,86,9,-0.1275026400772134,0
87,86,10,0.1940039230064606,0
87,86,11,0.4462221723197197,0
87,86,12,-0.2454229249177922,0
87,86,13,-0.01759489823474821,0
87,86,14,0.3117873954051283,0
87,86,15,-0.1800257557606299,0
87,86,16,-0.1973819974535504,0
87,86,17,-0.03509779874838046,0
87,86,18,-0.1186151766168904,0
87,86,19,-0.2930838418966278,0
87,86,20,-0.4038689930688732,0
87,86,21,-0.09742907316885885,0
87,86,22,-0.3724585652746008,0
87,86,23,-0.6647730240645049,0
87,86,24,-0.07747069830080615,0
87,86,25,-0.4427061417547641,0
87,86,26,-0.8668254597696454,0
87,86,27,-0.4544622151014296,0
87,86,28,-0.9854495215458579,0
87,86,29,-0.05233851245573048,0
87,86,30,-0.3105461341234562,0
87,86,31,-0.2517943401640207,0
87,86,32,-0.07236533020680733,0
87,86,33,-0.1415925212929061,0
87,86,34,-0.09214076040587037,0
87,86,35,-0.06183864908185584,0
87,86,36,0.1312984516273373,0
87,86,37,0.151058797631207,0
87,86,38,-0.01118219568530321,0
87,86,39,0.3026458401487267,0
87,86,40,0.286369220630161,0
87,86,41,0.0603895967420171,0
87,86,42,0.2553822608733987,0
87,86,43,0.2022721280491043,0
87,86,44,0.1002380717523862,0
87,86,45,0.04276510175937951,0
87,86,46,-0.02302043230957019,0
87,86,47,0.1168810797549269,0
87,86,48,-0.1908246165979245,0
87,86,49,-0.2391492682210053,0
87,86,50,0.09287005995644243,0
87,86,51,-0.3686632708107748,0
87,86,52,-0.3870889865840835,0
87,86,53,0.0428514006322614,0
87,86,54,-0.5409424421498508,0
87,86,55,-0.5178668764503418,0
87,86,56,-0.675993942235379,0
87,86,57,-0.6279705090479755,0
87,86,58,-0.2022906812962152,0
87,86,59,-0.09278581747086333,0
87,86,60,0.2391589043499586,0
87,86,61,-0.2860995101433153,0
87,86,62,-0.2238392895389467,0
87,86,63,0.06137680639805267,0
87,86,64,-0.1683717380443057,0
87,86,65,-0.1881457826518784,0
87,86,66,-0.135883286484308,0
87,86,67,0.08086046228404954,0
87,86,68,-0.01830885483228539,0
87,86,69,-0.244342597809426,0
87,86,70,0.2662481190064011,0
87,86,71,0.1449706458146722,0
87,86,72,-0.2107529093091107,0
87,86,73,0.2620251114996389,0
87,86,74,0.1990169516433954,0
87,86,75,-0.03635804224042259,0
87,86,76,0.2165611568169582,0
87,86,77,0.1813824061096969,0
87,86,78,0.217543230255426,0
87,86,79,0.1692482396687554,0
87,86,80,0.1731424198042648,0
87,86,81,0.4304090174403754,0
87,86,82,0.09792979384002062,0
87,86,83,0.1281299853494386,0
87,86,84,0.5663132209805726,0
87,86,85,0.02707364498948182,0
87,86,86,0.5988815715828075,0
87,86,87,-0.05551237165006562,0
87,86,88,0.2722339523756489,0
87,86,89,0.411098689137975,0
87,86,90,-0.111300769016825,0
87,86,91,0.02313881797933544,0
87,86,92,0.1464257368012608,0
87,86,93,-0.06214131858889598,0
87,86,94,-0.2269891088750037,0
87,86,95,-0.1993250261119261,0
87,86,96,0.06781006982982639,0
87,86,97,-0.2951246182683006,0
87,86,98,-0.4089934250318582,0
87,86,99,0.1221253043265848,0
87,86,100,-0.1757699478446572,0
87,86,101,-0.3534491689997573,0
87,86,102,0.05784913342788951,0
87,86,103,0.03465654762219314,0
87,86,104,-0.0550538863909791,0
87,86,105,0.005064459897377509,0
87,86,106,0.2626504925052991,0
87,86,107,0.334193275550954,0
87,86,108,0.01593194195904598,0
87,86,109,0.4760405512133829,0
87,86,110,0.6566243827591224,0
87,86,111,0.03024166141371484,0
87,86,112,0.6427879889889854,0
87,86,113,0.8852445283268706,0
87,86,114,0.6992617511735146,0
87,86,115,1,0
87,86,116,0.1851319258538706,0
87,86,117,0.2666854350804946,0
87,86,118,0.1964987577960759,0
87,86,119,0.2305987277379405,0
87,86,120,0.1160380674551972,0
87,86,121,0.04352379306219278,0
87,86,122,0.01183760845990815,0
87,86,123,-0.1313887047598557,0
87,86,124,-0.1404027597074403,0
87,86,125,-0.2164457663580467,0
87,86,126,-0.2597193583430467,0
87,86,127,-0.1969118873083604,0
87,86,128,-0.2690736270094455,0
87,86,129,-0.06710975636578519,0
87,86,130,-0.1709873619859937,0
87,86,131,0.1062263053312389,0
87,86,132,-0.04694664647575666,0
87,86,133,0.2929802592334991,0
87,86,134,0.4105028954625366,0
87,86,135,-0.0005709059195543761,0
87,86,136,-0.0005563108273067221,0
87,86,137,-0.000369460883681771,0
87,86,138,-3.931605378213866e-05,0
87,86,139,0.0001960330666749833,0
87,86,140,-0.0008843185982946868,0
87,86,141,0.0004490092811640917,0
87,86,142,0.0005640624694231524,0
87,86,143,0.0003765946063663603,0
87,86,144,-0.0003180404149606425,0
87,86,145,-0.0004346048390013186,0
87,86,146,-0.0004480273018062229,0
87,86,147,-0.0002776842143087386,0
87,86,148,0.0001051269079850786,0
87,86,149,-0.0004649139628223934,0
87,86,150,0.0006426391102372522,0
87,86,151,0.0008184163947021019,0
87,86,152,0.0006021454238554452,0
87,86,153,0.0004938385014872126,0
87,86,154,0.000534809882910901,0
87,86,155,0.000140294444426551,0
87,86,156,-0.0004648894553569424,0
87,86,157,-0.0005549038439421199,0
87,86,158,0.0001157262099941126,0
87,86,159,-7.471756929280079e-05,0
87,86,160,-5.448084142291037e-05,0
87,86,161,1.416833273518826e-05,0
87,86,162,0.00051653895602498,0
87,86,163,0.0006681411911497401,0
87,86,164,0.0004135221351339076,0
87,86,165,-0.0002574771929970318,0
87,86,166,-0.0006726494726562378,0
87,86,167,0.0003666023116925982,0
87,86,168,-0.0004852082962477592,0
87,86,169,-0.0006222681211536602,0
87,86,170,-0.0006956688162166615,0
88,87,0,0.9714152137202455,0
88,87,1,0.3919164686480996,0
88,87,2,-0.04929791704677552,0
88,87,3,-0.1629370097221436,0
88,87,4,0.3440861867808738,0
88,87,5,-0.003125739747391443,0
88,87,6,-0.8921471840287287,0
88,87,7,-0.4286653891300974,0
88,87,8,0.04702715808935563,0
88,87,9,0.2992981647084353,0
88,87,10,-0.2571366341799304,0
88,87,11,-0.008431939965249342,0
88,87,12,0.7793973701104416,0
88,87,13,0.4328698553175911,0
88,87,14,-0.06053453239782462,0
88,87,15,-0.39690017147086,0
88,87,16,0.1674698141004504,0
88,87,17,0.009843046522112445,0
88,87,18,-0.7630361842251164,0
88,87,19,-0.421182092622687,0
88,87,20,0.09433693709277727,0
88,87,21,0.1645783369085043,0
88,87,22,-0.2011277440282742,0
88,87,23,0.08694095190846324,0
88,87,24,0.7287580741667881,0
88,87,25,0.3585910994671084,0
88,87,26,0.007479175146872729,0
88,87,27,0.2731070090399362,0
88,87,28,-0.03925858094765773,0
88,87,29,0.9293385068973109,0
88,87,30,0.3236967905169519,0
88,87,31,-0.1109131274297165,0
88,87,32,-0.136420052848272,0
88,87,33,0.3354326996080117,0
88,87,34,-0.004429554890427781,0
88,87,35,-0.857472514392347,0
88,87,36,-0.3615503026324871,0
88,87,37,0.09150684500795031,0
88,87,38,0.2837202653755302,0
88,87,39,-0.2483277909447989,0
88,87,40,0.001181374989256239,0
88,87,41,0.7466538592396759,0
88,87,42,0.3656776453093658,0
88,87,43,-0.1035205367155409,0
88,87,44,-0.4224817963610553,0
88,87,45,0.1355490232217677,0
88,87,46,-0.01451199161172698,0
88,87,47,-0.7715396068845964,0
88,87,48,-0.3866305354087812,0
88,87,49,0.112456127044516,0
88,87,50,0.1933085066614883,0
88,87,51,-0.1475979580960975,0
88,87,52,0.1058355747637261,0
88,87,53,0.7794755788684442,0
88,87,54,0.383711777548911,0
88,87,55,-0.01612092010445187,0
88,87,56,0.2517595314947106,0
88,87,57,-0.09684614298145172,0
88,87,58,0.8339940091449792,0
88,87,59,0.2551761048611953,0
88,87,60,-0.1101347543749205,0
88,87,61,-0.1606671217079602,0
88,87,62,0.2888438512241857,0
88,87,63,0.007078834095387713,0
88,87,64,-0.7919808560156327,0
88,87,65,-0.3116625004689149,0
88,87,66,0.1177709582950529,0
88,87,67,0.3230908668817687,0
88,87,68,-0.1877739902526901,0
88,87,69,0.02644952702565004,0
88,87,70,0.7015024301972083,0
88,87,71,0.3424399052396074,0
88,87,72,-0.1055748307449603,0
88,87,73,-0.4938226341327919,0
88,87,74,0.06058977671258637,0
88,87,75,-0.0456813210880008,0
88,87,76,-0.7855570472911128,0
88,87,77,-0.4318978306908841,0
88,87,78,0.06721900886880851,0
88,87,79,0.2644440319052418,0
88,87,80,-0.1325581049204081,0
88,87,81,0.06848454265777558,0
88,87,82,0.8688277528230941,0
88,87,83,0.4242065320229514,0
88,87,84,-0.04666384740107059,0
88,87,85,0.2501905232627637,0
88,87,86,-0.125482660686463,0
88,87,87,0.7234688015022579,0
88,87,88,0.2344017258419168,0
88,87,89,-0.05317282900617037,0
88,87,90,-0.2033398198584099,0
88,87,91,0.2327465734331947,0
88,87,92,0.01575384792746734,0
88,87,93,-0.7245499301642205,0
88,87,94,-0.3018443955238416,0
88,87,95,0.09028708861032575,0
88,87,96,0.3879274485194286,0
88,87,97,-0.1173876351698908,0
88,87,98,0.03213590637405919,0
88,87,99,0.6813928840221284,0
88,87,100,0.3796372919558405,0
88,87,101,-0.06407817718536479,0
88,87,102,-0.5626518475696686,0
88,87,103,0.01207571145591185,0
88,87,104,-0.03819206266818936,0
88,87,105,-0.8050843618024826,0
88,87,106,-0.5061348112862655,0
88,87,107,0.02176913614924907,0
88,87,108,0.3251582080635836,0
88,87,109,-0.1514628226182601,0
88,87,110,0.02340360370467687,0
88,87,111,0.9501628000428584,0
88,87,112,0.4693591551844662,0
88,87,113,-0.04342736921045271,0
88,87,114,0.2895909926811653,0
88,87,115,-0.08080603224786709,0
88,87,116,0.6620340568506405,0
88,87,117,0.2583079416899576,0
88,87,118,-0.214120645918811,0
88,87,119,0.1982839780659955,0
88,87,120,-0.6926867077403449,0
88,87,121,-0.346188763783503,0
88,87,122,0.4191373715343316,0
88,87,123,-0.1019434483484758,0
88,87,124,0.6974859396429474,0
88,87,125,0.4475767583516839,0
88,87,126,-0.5917915231520664,0
88,87,127,0.02743944017084862,0
88,87,128,-0.8363853808617562,0
88,87,129,-0.5584658490398275,0
88,87,130,0.336407795989408,0
88,87,131,-0.1882196077362841,0
88,87,132,1,0
88,87,133,0.5134395215203221,0
88,87,134,0.362954661738928,0
88,87,135,0.000216417488748866,0
88,87,136,-0.0007324584640371906,0
88,87,137,-6.016121616886317e-05,0
88,87,138,0.0004839971955814431,0
88,87,139,-0.0002664553447765158,0
88,87,140,0.0002467040346723493,0
88,87,141,0.0001135466753336291,0
88,87,142,0.0003743217211045706,0
88,87,143,-3.113972701513481e-05,0
88,87,144,1.220305147776392e-05,0
88,87,145,-0.0005854890027500702,0
88,87,146,-1.573917957834495e-05,0
88,87,147,0.0002607191655042647,0
88,87,148,-0.0004931571466232255,0
88,87,149,0.0006157968581192031,0
88,87,150,0.0005611443183359117,0
88,87,151,0.000370349354649859,0
88,87,152,-0.0002758890391245476,0
88,87,153,0.0002787742969739367,0
88,87,154,-0.0005280227235879456,0
88,87,155,-0.000131162504268192,0
88,87,156,0.0003569321138932209,0
88,87,157,-0.0002904106224103133,0
88,87,158,0.0004350858900813742,0
88,87,159,0.0005132164301775236,0
88,87,160,0.0005259632062295704,0
88,87,161,-9.737725427995775e-06,0
88,87,162,8.483389497706122e-05,0
88,87,163,-0.0004249605187350462,0
88,87,164,0.0001834835823746791,0
88,87,165,0.0004309894598626938,0
88,87,166,-0.0004629940202265089,0
88,87,167,0.0003862130332708615,0
88,87,168,0.0007685347504784583,0
88,87,169,0.0005128176633984832,0
88,87,170,-0.0003592383810208167,0
89,88,0,-0.9061031233122099,0
89,88,1,-0.1051174824980758,0
89,88,2,0.6077429422316482,0
89,88,3,-0.5144795325183898,0
89,88,4,-0.5353911809921856,0
89,88,5,0.1218399575380698,0
89,88,6,0.5567739067928501,0
89,88,7,-0.08842392617838304,0
89,88,8,-0.2350215120405604,0
89,88,9,0.5924487691278786,0
89,88,10,0.3977182164892943,0
89,88,11,-0.1767095431377915,0
89,88,12,-0.4798966008718067,0
89,88,13,0.004558621506874957,0
89,88,14,-0.1000208123274197,0
89,88,15,-0.8373877255331298,0
89,88,16,-0.6877501796695362,0
89,88,17,-0.3304854763642699,0
89,88,18,-0.07078013536053344,0
89,88,19,-0.6299890544585538,0
89,88,20,-0.6681034470617079,0
89,88,21,0.8952290708435118,0
89,88,22,0.08053936555468763,0
89,88,23,-0.5696406721666321,0
89,88,24,0.9596915030216417,0
89,88,25,0.646153033857167,0
89,88,26,-0.1721608369853954,0
89,88,27,0.458643061474723,0
89,88,28,0.2069174155674464,0
89,88,29,-0.4398253613879993,0
89,88,30,0.35817530798252,0
89,88,31,0.6062946836721087,0
89,88,32,-0.2180360342150163,0
89,88,33,-0.241736768347482,0
89,88,34,-0.05086897955953583,0
89,88,35,0.4502576599830712,0
89,88,36,-0.1944443948793531,0
89,88,37,-0.4165157139471611,0
89,88,38,0.527775241373744,0
89,88,39,0.2925253371122924,0
89,88,40,-0.07955260507909361,0
89,88,41,-0.215042945458763,0
89,88,42,0.1906732507202475,0
89,88,43,0.2307582895765982,0
89,88,44,-0.6373304995724548,0
89,88,45,-0.5478211458947375,0
89,88,46,-0.1154302462302307,0
89,88,47,-0.1619622872959781,0
89,88,48,-0.8851767561948204,0
89,88,49,-0.6975361815235926,0
89,88,50,0.508298924810565,0
89,88,51,-0.3929234102247685,0
89,88,52,-0.6823119646953466,0
89,88,53,0.6142978515015123,0
89,88,54,0.308499758758766,0
89,88,55,-0.1284011214096693,0
89,88,56,0.5094348257977686,0
89,88,57,0.4393288230904805,0
89,88,58,0.2101924521000583,0
89,88,59,0.413399781416526,0
89,88,60,0.1241417688861595,0
89,88,61,0.1263930774453497,0
89,88,62,-0.05650778081069713,0
89,88,63,-0.3906448902656208,0
89,88,64,0.091213207666391,0
89,88,65,-0.3165620466342778,0
89,88,66,-0.4970141105454914,0
89,88,67,0.2054004408375605,0
89,88,68,0.1524877596571612,0
89,88,69,0.1438606037423567,0
89,88,70,0.1142770688165453,0
89,88,71,0.5452984174549469,0
89,88,72,0.6926246001899523,0
89,88,73,-0.1903182167885165,0
89,88,74,0.09343344130670347,0
89,88,75,0.394788530291354,0
89,88,76,-0.1916740343573864,0
89,88,77,-0.5370338703158509,0
89,88,78,-0.2194602455823033,0
89,88,79,-0.03149588196488935,0
89,88,80,-0.5303726785914574,0
89,88,81,-0.3694008178634282,0
89,88,82,0.08331672178194763,0
89,88,83,-0.003886957134351061,0
89,88,84,0.07278750801732681,0
89,88,85,0.4615519141232204,0
89,88,86,0.5830501561743491,0
89,88,87,0.7285914618463094,0
89,88,88,0.2902849981554816,0
89,88,89,-0.1540913435242432,0
89,88,90,0.2740725017428168,0
89,88,91,0.05646561459098027,0
89,88,92,-0.4176513274148789,0
89,88,93,-0.5132039358928401,0
89,88,94,-0.4837943256676385,0
89,88,95,-0.365516223386897,0
89,88,96,-0.3478269170012739,0
89,88,97,-0.213839395328777,0
89,88,98,0.1785842771581738,0
89,88,99,0.3781840533974762,0
89,88,100,0.6081415546200539,0
89,88,101,0.6447456710349232,0
89,88,102,0.4303384182962181,0
89,88,103,0.7309134159232454,0
89,88,104,0.4974377373197236,0
89,88,105,-0.06722187465738803,0
89,88,106,0.09234890770698075,0
89,88,107,0.1110521756521422,0
89,88,108,-0.4686819774981341,0
89,88,109,-0.392059687011015,0
89,88,110,-0.06565806317928703,0
89,88,111,-0.4081315827392276,0
89,88,112,-0.2475168247139376,0
89,88,113,0.1476093160399617,0
89,88,114,0.2685576743152293,0
89,88,115,0.4325327724936451,0
89,88,116,0.9814761470587131,0
89,88,117,0.3386961944398421,0
89,88,118,0.2841214089568002,0
89,88,119,0.3381120136983852,0
89,88,120,-1,0
89,88,121,-0.4606843246933872,0
89,88,122,-0.8172119064155458,0
89,88,123,-0.6743387151585262,0
89,88,124,0.5030139189568968,0
89,88,125,0.1566209171253361,0
89,88,126,0.9279657208255163,0
89,88,127,0.8136894740423368,0
89,88,128,0.1125848273852699,0
89,88,129,0.4485726475360757,0
89,88,130,-0.6749073012987652,0
89,88,131,-0.2459926777937259,0
89,88,132,-0.6911201033447544,0
89,88,133,-0.4667628255480935,0
89,88,134,-0.0855910676812159,0
89,88,135,-0.001438957314809519,0
89,88,136,0.0001998625642274366,0
89,88,137,0.002472310099256333,0
89,88,138,0.0008730265389361137,0
89,88,139,-0.003146143944793103,0
89,88,140,-0.007812803048126808,0
89,88,141,-0.002871979532007426,0
89,88,142,0.0003435753691038399,0
89,88,143,0.0006838415516864912,0
89,88,144,-0.002418139136282993,0
89,88,145,-0.0007451466310525763,0
89,88,146,0.00275571150727546,0
89,88,147,0.001673409731365241,0
89,88,148,-0.003335915079383844,0
89,88,149,-0.008667401648265131,0
89,88,150,-0.0032439385650676,0
89,88,151,0.0004828865401246467,0
89,88,152,0.0008441181156865693,0
89,88,153,-0.002894658368824529,0
89,88,154,-0.002134782348929821,0
89,88,155,0.001426994963740206,0
89,88,156,0.001538623299727338,0
89,88,157,-0.002452373242780013,0
89,88,158,-0.00467788448650546,0
89,88,159,-0.001846567948855581,0
89,88,160,0.001100414077315691,0
89,88,161,0.001312273005460534,0
89,88,162,-0.002143293536831453,0
89,88,163,-0.002008912749922909,0
89,88,164,0.0005242506131438954,0
89,88,165,0.001266646565165993,0
89,88,166,-0.001283569648851028,0
89,88,167,-0.001286709970325633,0
89,88,168,-0.0008006669193038652,0
89,88,169,0.001081644859759796,0
89,88,170,0.001297160626664018,0
90,89,0,0.00770920613123943,0
90,89,1,0.3513065332811079,0
90,89,2,0.7903567282762447,0
90,89,3,-0.3030214594778806,0
90,89,4,0.1093920490981374,0
90,89,5,0.5258014336620743,0
90,89,6,-0.5795300897528739,0
90,89,7,-0.3727053423290306,0
90,89,8,-0.01788142175899534,0
90,89,9,-0.3344933646647392,0
90,89,10,-0.6660533722984233,0
90,89,11,-0.6526810003505347,0
90,89,12,0.2739551929358775,0
90,89,13,-0.4672661573735697,0
90,89,14,-1,0
90,89,15,0.5440551257375034,0
90,89,16,-0.04020457086390776,0
90,89,17,-0.8602551142515776,0
90,89,18,0.1697860802125049,0
90,89,19,0.01785223735157474,0
90,89,20,-0.619160147449321,0
90,89,21,-0.2123158971297684,0
90,89,22,-0.1794891253592548,0
90,89,23,-0.3922364551691681,0
90,89,24,-0.2764270411247722,0
90,89,25,-0.3480166710199818,0
90,89,26,-0.3831860425489159,0
90,89,27,-0.2927450400877695,0
90,89,28,-0.4460209640651152,0
90,89,29,0.2154853735457359,0
90,89,30,0.6254703743200921,0
90,89,31,0.4253771183285825,0
90,89,32,0.1802295107283911,0
90,89,33,0.5732475231390625,0
90,89,34,0.4011474292062367,0
90,89,35,0.001939340346597872,0
90,89,36,0.1119175938901228,0
90,89,37,0.09952908181181803,0
90,89,38,-0.01682714267971099,0
90,89,39,-0.4736406352832039,0
90,89,40,-0.4052486352139604,0
90,89,41,0.1392196216105288,0
90,89,42,-0.7038642200229847,0
90,89,43,-0.7053509917189306,0
90,89,44,0.150358230575462,0
90,89,45,-0.5023840129597533,0
90,89,46,-0.5482051024059865,0
90,89,47,0.005232205654715284,0
90,89,48,-0.3146849804459327,0
90,89,49,-0.2713883497128572,0
90,89,50,-0.194276426117371,0
90,89,51,-0.2926049344919552,0
90,89,52,-0.1311279081625115,0
90,89,53,-0.2086090871807568,0
90,89,54,-0.4150939726910043,0
90,89,55,-0.2378672738738678,0
90,89,56,-0.4334925828099429,0
90,89,57,-0.3989323263487322,0
90,89,58,0.2479443947737796,0
90,89,59,0.00712259251183046,0
90,89,60,-0.6413521165600211,0
90,89,61,0.4515187851263062,0
90,89,62,0.3684144148444296,0
90,89,63,-0.2236471046854583,0
90,89,64,0.4484904273741767,0
90,89,65,0.4922373348397047,0
90,89,66,0.1701403110861945,0
90,89,67,0.2214016430763376,0
90,89,68,0.2434012541864985,0
90,89,69,0.3293191383950632,0
90,89,70,-0.06100447432930195,0
90,89,71,-0.0717843466826809,0
90,89,72,0.3951564841359189,0
90,89,73,-0.2501848821252077,0
90,89,74,-0.151476013884942,0
90,89,75,0.5032095912324402,0
90,89,76,-0.1433410651203369,0
90,89,77,0.003033653536713478,0
90,89,78,0.6494417079278937,0
90,89,79,-0.1035921008676397,0
90,89,80,0.06214092661511391,0
90,89,81,0.5095292877763961,0
90,89,82,-0.07137674833276333,0
90,89,83,-0.06361894237347604,0
90,89,84,0.2476517124405395,0
90,89,85,-0.1873179856603437,0
90,89,86,0.01657713650779134,0
90,89,87,-0.1038005287409078,0
90,89,88,-0.7403867748506688,0
90,89,89,-0.9379537756612815,0
90,89,90,0.1064270676371174,0
90,89,91,-0.3114463549604877,0
90,89,92,-0.4849072462354175,0
90,89,93,0.3118675033749345,0
90,89,94,0.2913344017467582,0
90,89,95,0.09728197083119192,0
90,89,96,0.1486476198495885,0
90,89,97,0.5720507670220445,0
90,89,98,0.5359229047335572,0
90,89,99,-0.1968272197164166,0
90,89,100,0.497825061262762,0
90,89,101,0.778666504295878,0
90,89,102,-0.2863691096727105,0
90,89,103,0.3897843100409549,0
90,89,104,0.8378371451623484,0
90,89,105,-0.07083534967007661,0
90,89,106,0.4971388255944143,0
90,89,107,0.8670192615050814,0
90,89,108,0.1155544688176096,0
90,89,109,0.5008810043651626,0
90,89,110,0.6447527151088571,0
90,89,111,0.1272068623303958,0
90,89,112,0.3664526581615759,0
90,89,113,0.4043686124623122,0
90,89,114,0.1520156098601356,0
90,89,115,0.2298746700619358,0
90,89,116,-0.5234538390452,0
90,89,117,-0.6304761841566077,0
90,89,118,-0.4279331040122955,0
90,89,119,-0.607182447461812,0
90,89,120,-0.06495069468136638,0
90,89,121,-0.1612060699388644,0
90,89,122,-0.03477518165337144,0
90,89,123,0.1944926655111059,0
90,89,124,-0.2239863287112761,0
90,89,125,0.2368167237552733,0
90,89,126,-0.1001866989408507,0
90,89,127,0.2377154042290189,0
90,89,128,0.1175666665349809,0
90,89,129,0.3737150371745467,0
90,89,130,0.3407831434777899,0
90,89,131,0.4482258978080791,0
90,89,132,0.2992227687333709,0
90,89,133,0.4161322680194171,0
90,89,134,0.2113101207272673,0
90,89,135,0.001816734725987173,0
90,89,136,0.00165106434424244,0
90,89,137,0.0009433151598048844,0
90,89,138,0.0007111080300293435,0
90,89,139,0.0006424327949857615,0
90,89,140,-0.004436382582764522,0
90,89,141,-0.002164847439526817,0
90,89,142,-0.00117165665694904,0
90,89,143,-0.0005634232125972232,0
90,89,144,0.001232920939709074,0
90,89,145,0.001268597808487102,0
90,89,146,0.0006055030712183042,0
90,89,147,0.001007856631362566,0
90,89,148,0.002026567032433071,0
90,89,149,-0.001241846350579673,0
90,89,150,0.0002613171094776789,0
90,89,151,-0.0003218841345566062,0
90,89,152,-0.0003253318923821865,0
90,89,153,-0.0003561148416741236,0
90,89,154,-0.0009126748977418349,0
90,89,155,-0.00152754921922544,0
90,89,156,-0.0002413834984026019,0
90,89,157,0.002345337556193172,0
90,89,158,0.006650055297926883,0
90,89,159,0.003918729325889815,0
90,89,160,0.001036648231256923,0
90,89,161,0.0001091372765214299,0
90,89,162,-0.0005303064847535544,0
90,89,163,-0.001178797579525376,0
90,89,164,-0.001824739396636429,0
90,89,165,-0.0009582836409097197,0
90,89,166,0.001323483988089515,0
90,89,167,0.008237974594961577,0
90,89,168,0.003531276024135314,0
90,89,169,0.0008625277514525484,0
90,89,170,-5.851430036616847e-05,0
91,91,0,-0.08160895633448327,0
91,91,1,0.3948013381684299,0
91,91,2,1,0
91,91,3,-0.1370949919312177,0
91,91,4,0.3121733880312868,0
91,91,5,0.9336919713783973,0
91,91,6,-0.1262335232034685,0
91,91,7,0.242939201680107,0
91,91,8,0.8134217017326278,0
91,91,9,-0.09480922165009385,0
91,91,10,0.1936655671176231,0
91,91,11,0.6592753726562047,0
91,91,12,-0.09973706052411367,0
91,91,13,0.132637590275706,0
91,91,14,0.4922833054217163,0
91,91,15,-0.1333652658228112,0
91,91,16,0.0405832398974171,0
91,91,17,0.3143229053224748,0
91,91,18,-0.08850193685634183,0
91,91,19,0.004965111188188263,0
91,91,20,0.21724397634175,0
91,91,21,-0.06026711902994623,0
91,91,22,-0.01303758900713878,0
91,91,23,0.1047312618775072,0
91,91,24,-0.03126033591178994,0
91,91,25,-0.01717366511239382,0
91,91,26,0.04163772392439954,0
91,91,27,-0.007082574147712612,0
91,91,28,0.01116005651843131,0
91,91,29,-0.039752679952574,0
91,91,30,0.674347173020562,0
91,91,31,0.614796048603371,0
91,91,32,-0.04432048774322719,0
91,91,33,0.6167170282686355,0
91,91,34,0.5870519048092414,0
91,91,35,-0.004936779831313094,0
91,91,36,0.5417742107806148,0
91,91,37,0.5000259150060871,0
91,91,38,0.03924831604795168,0
91,91,39,0.4641337582740392,0
91,91,40,0.3949094525941759,0
91,91,41,0.05072192104768014,0
91,91,42,0.374698640024601,0
91,91,43,0.3010022051044552,0
91,91,44,0.03429076303564178,0
91,91,45,0.2563820131168023,0
91,91,46,0.2077769616899141,0
91,91,47,0.001555126554342773,0
91,91,48,0.165431492961037,0
91,91,49,0.1565163425277462,0
91,91,50,-0.006817201293632117,0
91,91,51,0.07181820331992639,0
91,91,52,0.07645825247796087,0
91,91,53,-0.004955809485562246,0
91,91,54,0.020490907708775,0
91,91,55,0.01940479415658194,0
91,91,56,-0.002255474313722213,0
91,91,57,-0.01234873393664703,0
91,91,58,0.02740326371378919,0
91,91,59,0.02263841207753879,0
91,91,60,-0.5878061124206027,0
91,91,61,0.07134375281247472,0
91,91,62,0.05367994510914803,0
91,91,63,-0.5534587082154384,0
91,91,64,0.11872826815767,0
91,91,65,0.06675237082728792,0
91,91,66,-0.5206987740144509,0
91,91,67,0.1451617670638166,0
91,91,68,0.08002900645731116,0
91,91,69,-0.4533303149017336,0
91,91,70,0.1503109488139466,0
91,91,71,0.1046734728152931,0
91,91,72,-0.331303683303717,0
91,91,73,0.1509608763376773,0
91,91,74,0.132239704855052,0
91,91,75,-0.1798227520856474,0
91,91,76,0.07646032473585414,0
91,91,77,0.1099598464693234,0
91,91,78,-0.09648482137401412,0
91,91,79,0.04635496050469719,0
91,91,80,0.05844198141835987,0
91,91,81,-0.04589636236133698,0
91,91,82,0.02467316878857703,0
91,91,83,0.01677747902291281,0
91,91,84,-0.04350205351774675,0
91,91,85,-0.01685254262928431,0
91,91,86,-0.05204989610670546,0
91,91,87,0.03830774932742462,0
91,91,88,-0.640017500573989,0
91,91,89,-0.9458692045953174,0
91,91,90,0.08116905221528363,0
91,91,91,-0.5781191408283436,0
91,91,92,-0.9102181987234972,0
91,91,93,0.09394717638973968,0
91,91,94,-0.5108686843314112,0
91,91,95,-0.8373799632088588,0
91,91,96,0.0651443172231241,0
91,91,97,-0.4352463019607477,0
91,91,98,-0.71298535424286,0
91,91,99,0.03395135033680493,0
91,91,100,-0.3291156658235202,0
91,91,101,-0.5311714816358273,0
91,91,102,0.04276145412889139,0
91,91,103,-0.1794244221225802,0
91,91,104,-0.313170801426313,0
91,91,105,0.04372287364479682,0
91,91,106,-0.0847432507007652,0
91,91,107,-0.1923575761418908,0
91,91,108,0.0495931795386113,0
91,91,109,-0.02173909936206508,0
91,91,110,-0.09320207848909028,0
91,91,111,0.03502595742204942,0
91,91,112,-0.01056413564862958,0
91,91,113,-0.06008524281730564,0
91,91,114,-0.02958313044414814,0
91,91,115,-0.05309293999524408,0
91,91,116,-0.009645230221035956,0
91,91,117,-0.4079777234210369,0
91,91,118,0.0014837038707727,0
91,91,119,-0.3922713374395242,0
91,91,120,-0.02573170142301094,0
91,91,121,-0.3675991888044288,0
91,91,122,-0.1024431994867423,0
91,91,123,-0.3557839620906841,0
91,91,124,-0.1662545870430497,0
91,91,125,-0.3338358807798679,0
91,91,126,-0.1555154153653124,0
91,91,127,-0.261778554797788,0
91,91,128,-0.04168256601798222,0
91,91,129,-0.1520054276975335,0
91,91,130,0.02138721733305285,0
91,91,131,-0.04569870960706,0
91,91,132,0.02976199807755968,0
91,91,133,-0.005523730676602574,0
91,91,134,-0.010511317463291,0
91,91,135,0.0003933838102024008,0
91,91,136,0.000267187029460388,0
91,91,137,0.0007070425495839662,0
91,91,138,0.001084362208498906,0
91,91,139,0.00138138199683684,0
91,91,140,0.003516874067020015,0
91,91,141,0.001530436163006295,0
91,91,142,0.0005095143553113364,0
91,91,143,0.0001568049726002597,0
91,91,144,-0.0003710608290768488,0
91,91,145,-0.0003153778731422503,0
91,91,146,0.0001035886381037255,0
91,91,147,0.0004554570816667097,0
91,91,148,0.0007752501792803057,0
91,91,149,0.00267588893510514,0
91,91,150,0.0009010339154728963,0
91,91,151,0.0002993736248876325,0
91,91,152,0.0001135908534377714,0
91,91,153,-0.0006564966504002418,0
91,91,154,-0.000821661426942168,0
91,91,155,-0.000937404897975359,0
91,91,156,-0.0009140324206565946,0
91,91,157,-0.0008126634927469976,0
91,91,158,-0.001395184523986697,0
91,91,159,-0.0008206672413820917,0
91,91,160,-0.0003506180630008691,0
91,91,161,-0.0001195418605623046,0
91,91,162,-0.0002519135284015998,0
91,91,163,-0.0003945237005728722,0
91,91,164,-0.0008219957055077318,0
91,91,165,-0.0009802599618098206,0
91,91,166,-0.001061656827584388,0
91,91,167,-0.00294153584658236,0
91,91,168,-0.001154308763373978,0
91,91,169,-0.0004791461379945007,0
91,91,170,-0.0001887593340410045,0
92,92,0,1,0
92,92,1,0.381678688742669,0
92,92,2,-0.02664045715965114,0
92,92,3,0.4424861504857404,0
92,92,4,0.5772965465679131,0
92,92,5,0.02369960548782574,0
92,92,6,-0.7569103622663139,0
92,92,7,-0.08294465042008899,0
92,92,8,0.09521442977299367,0
92,92,9,-0.7490711026167223,0
92,92,10,-0.5543071441964136,0
92,92,11,0.08892354971381251,0
92,92,12,0.3700395356258189,0
92,92,13,-0.1491863372988776,0
92,92,14,-0.0002577303343152447,0
92,92,15,0.8115784540986144,0
92,92,16,0.4319258065934874,0
92,92,17,-0.07782965544582524,0
92,92,18,0.1612363298894804,0
92,92,19,0.3261372067753748,0
92,92,20,-0.08099964870601806,0
92,92,21,-0.5856130020143442,0
92,92,22,-0.1602953079602276,0
92,92,23,-0.01070201338310468,0
92,92,24,-0.6479050817383321,0
92,92,25,-0.4272747586928518,0
92,92,26,0.06685523997563191,0
92,92,27,-0.1955389311333986,0
92,92,28,0.1070864497940565,0
92,92,29,0.9388100717462606,0
92,92,30,0.3135967629062724,0
92,92,31,-0.104077266184985,0
92,92,32,0.4162125389811058,0
92,92,33,0.5412175108904901,0
92,92,34,-0.004488239868195071,0
92,92,35,-0.7229568194090624,0
92,92,36,-0.02738873820583702,0
92,92,37,0.1241307692259031,0
92,92,38,-0.6958961280128301,0
92,92,39,-0.4666993641473016,0
92,92,40,0.1261916397302226,0
92,92,41,0.40097775000509,0
92,92,42,-0.1193607592531503,0
92,92,43,-0.008126989451257753,0
92,92,44,0.807059774010402,0
92,92,45,0.3886706058811575,0
92,92,46,-0.1277228070490305,0
92,92,47,0.122178334899672,0
92,92,48,0.2552537460458485,0
92,92,49,-0.1362124785466127,0
92,92,50,-0.6434417974873271,0
92,92,51,-0.2046987517737467,0
92,92,52,-0.02078854432246444,0
92,92,53,-0.6941958037057913,0
92,92,54,-0.4236887709757482,0
92,92,55,0.1050052172151028,0
92,92,56,-0.1429524593183737,0
92,92,57,0.1733877783831184,0
92,92,58,0.8400475126670947,0
92,92,59,0.2186178397143068,0
92,92,60,-0.1587702181061855,0
92,92,61,0.3379368819758128,0
92,92,62,0.4384036626087502,0
92,92,63,-0.05414887804711899,0
92,92,64,-0.69967609031827,0
92,92,65,-0.05288615619331673,0
92,92,66,0.08608897288242408,0
92,92,67,-0.601633123097562,0
92,92,68,-0.4139155999760981,0
92,92,69,0.1041421408351201,0
92,92,70,0.47417457371021,0
92,92,71,-0.06096515670383183,0
92,92,72,-0.01794603215997264,0
92,92,73,0.7947066365644454,0
92,92,74,0.3892781187541022,0
92,92,75,-0.1323973384833137,0
92,92,76,0.04571126742839932,0
92,92,77,0.1976867278320234,0
92,92,78,-0.1416419681313271,0
92,92,79,-0.7495139545931256,0
92,92,80,-0.2785280333779529,0
92,92,81,-0.02650696576083237,0
92,92,82,-0.7715653327356277,0
92,92,83,-0.4777355155088,0
92,92,84,0.1004384775530416,0
92,92,85,-0.1459481629946347,0
92,92,86,0.1703705645019844,0
92,92,87,0.7337137191311178,0
92,92,88,0.1706657111872492,0
92,92,89,-0.1187613157894772,0
92,92,90,0.2458000025927971,0
92,92,91,0.3382847281308667,0
92,92,92,-0.05666046898828395,0
92,92,93,-0.690232047299001,0
92,92,94,-0.123388211317515,0
92,92,95,0.0348837809071578,0
92,92,96,-0.5160333701133881,0
92,92,97,-0.4075325850094895,0
92,92,98,0.05366802757499565,0
92,92,99,0.5439731710366665,0
92,92,100,-0.003877530312617653,0
92,92,101,-0.01728037436464107,0
92,92,102,0.7803066403873442,0
92,92,103,0.4283401194155071,0
92,92,104,-0.0862890816749777,0
92,92,105,-0.0291428001111088,0
92,92,106,0.184040279023703,0
92,92,107,-0.08745365554200966,0
92,92,108,-0.850747840378459,0
92,92,109,-0.3423583615145169,0
92,92,110,-0.01741666233007644,0
92,92,111,-0.8445660370696649,0
92,92,112,-0.5605557579250441,0
92,92,113,0.0592743198822357,0
92,92,114,-0.2031907868176088,0
92,92,115,0.09803333308197495,0
92,92,116,0.6677373198921196,0
92,92,117,0.2121282647816982,0
92,92,118,0.196318684281441,0
92,92,119,0.3156694026137102,0
92,92,120,-0.6865379284023626,0
92,92,121,-0.1780759246344481,0
92,92,122,-0.4817195676861835,0
92,92,123,-0.4366898255706072,0
92,92,124,0.5753274970464451,0
92,92,125,0.02944669653629299,0
92,92,126,0.7838706290710159,0
92,92,127,0.4974797852031321,0
92,92,128,-0.06511967160379668,0
92,92,129,0.2286774756519152,0
92,92,130,-0.912748487173367,0
92,92,131,-0.3676898647784067,0
92,92,132,-0.8980892211085736,0
92,92,133,-0.6431475993304211,0
92,92,134,-0.2912018741670274,0
92,92,135,0.0005870162960032057,0
92,92,136,-0.0003432740038638568,0
92,92,137,-0.0007444049805242832,0
92,92,138,-2.05335437758183e-05,0
92,92,139,0.0003154242342109557,0
92,92,140,-0.0009557029782326228,0
92,92,141,-0.001222492359722844,0
92,92,142,-0.0006755837901630057,0
92,92,143,-0.0002147392359012815,0
92,92,144,0.0001003599465479502,0
92,92,145,-0.0005003884179014249,0
92,92,146,-0.0006128853924392558,0
92,92,147,-3.86570820117114e-05,0
92,92,148,-0.0003017246064060753,0
92,92,149,-0.002604623689189268,0
92,92,150,-0.002165295512309073,0
92,92,151,-0.0007399941618159915,0
92,92,152,4.4686312964334e-05,0
92,92,153,0.0003699791254659221,0
92,92,154,-0.0003808200708609628,0
92,92,155,-0.0008510507735622427,0
92,92,156,-0.0003701585082904672,0
92,92,157,-0.0005419965411440341,0
92,92,158,-0.002797086075988062,0
92,92,159,-0.002394845121390215,0
92,92,160,-0.001070136800995161,0
92,92,161,-0.0002309017854045075,0
92,92,162,5.409230020376917e-05,0
92,92,163,-0.0003760820540678164,0
92,92,164,-0.0004355739135376808,0
92,92,165,4.716163703334221e-05,0
92,92,166,-0.0005987852248616176,0
92,92,167,-0.002310831813043922,0
92,92,168,-0.001619796595561597,0
92,92,169,-0.0003048711730753808,0
92,92,170,0.000421881525381097,0
93,93,0,0.5848305718451905,0
93,93,1,0.1483463888841419,0
93,93,2,-0.1872651067828651,0
93,93,3,0.5896292062624023,0
93,93,4,0.4985127200439241,0
93,93,5,0.0996076030411735,0
93,93,6,-0.05494214110038065,0
93,93,7,0.3513010110036807,0
93,93,8,0.3394672816244811,0
93,93,9,-0.7308576123885187,0
93,93,10,-0.199572344288578,0
93,93,11,0.2489877030803988,0
93,93,12,-0.6806772214708393,0
93,93,13,-0.5869509188189216,0
93,93,14,-0.09460865884492808,0
93,93,15,0.1182497177982095,0
93,93,16,-0.3610246261416519,0
93,93,17,-0.3458492700510805,0
93,93,18,0.7453360384295497,0
93,93,19,0.1560531421632379,0
93,93,20,-0.402376146818388,0
93,93,21,1,0
93,93,22,0.6040471521777896,0
93,93,23,-0.08235266495404159,0
93,93,24,0.7014851997871374,0
93,93,25,0.7318073115184229,0
93,93,26,0.2792416892754002,0
93,93,27,0.4628663455065719,0
93,93,28,0.5195173823561792,0
93,93,29,0.3063997324668051,0
93,93,30,-0.1264071149554487,0
93,93,31,-0.3957216046666745,0
93,93,32,0.364045161883353,0
93,93,33,0.3404448944801886,0
93,93,34,0.0894580153367925,0
93,93,35,0.04172877954828663,0
93,93,36,0.5167727022705761,0
93,93,37,0.5116426578485322,0
93,93,38,-0.3964717670354708,0
93,93,39,0.1367430040634834,0
93,93,40,0.4010240156985073,0
93,93,41,-0.4539906255768524,0
93,93,42,-0.4269919390233133,0
93,93,43,-0.1374091314054223,0
93,93,44,0.01597457374945864,0
93,93,45,-0.5429109704066041,0
93,93,46,-0.547241541340582,0
93,93,47,0.4524132253826468,0
93,93,48,-0.2506641099740524,0
93,93,49,-0.6542094396727091,0
93,93,50,0.660801247025548,0
93,93,51,0.3147597366259051,0
93,93,52,-0.1452881014487868,0
93,93,53,0.4813746106447814,0
93,93,54,0.7028644308086519,0
93,93,55,0.4393920880359525,0
93,93,56,0.7140841248837824,0
93,93,57,0.831781779103752,0
93,93,58,-0.1448479418929063,0
93,93,59,-0.4343655312063791,0
93,93,60,-0.5022521883199534,0
93,93,61,-0.03273442406468906,0
93,93,62,-0.02951024819825753,0
93,93,63,0.004223442985463626,0
93,93,64,0.1485083363504505,0
93,93,65,0.4557296993674073,0
93,93,66,0.462645735967386,0
93,93,67,0.1139391340064569,0
93,93,68,0.4364389967292135,0
93,93,69,0.3914108559645047,0
93,93,70,-0.07995793535159117,0
93,93,71,-0.09604845290053894,0
93,93,72,-0.1243487528043925,0
93,93,73,-0.1289304109741101,0
93,93,74,-0.5336654858200074,0
93,93,75,-0.5332566025167799,0
93,93,76,-0.002096117290297923,0
93,93,77,-0.5709208224711791,0
93,93,78,-0.6528778862604814,0
93,93,79,0.1251045176700373,0
93,93,80,-0.076786643107264,0
93,93,81,-0.1560738826657121,0
93,93,82,0.1297125237607789,0
93,93,83,0.4371637913986131,0
93,93,84,0.425597678820052,0
93,93,85,0.7052938669288251,0
93,93,86,0.819702709146833,0
93,93,87,-0.6077812808107895,0
93,93,88,-0.6022717019961281,0
93,93,89,-0.3668816702239537,0
93,93,90,-0.468744039454526,0
93,93,91,-0.4354308672061548,0
93,93,92,-0.04408811421012839,0
93,93,93,0.2068220275938123,0
93,93,94,0.201858113015767,0
93,93,95,0.2580381550386449,0
93,93,96,0.5997420323831666,0
93,93,97,0.5783302925954701,0
93,93,98,0.2364722474920697,0
93,93,99,0.3033414293089255,0
93,93,100,0.2701505803386995,0
93,93,101,-0.06836474872425682,0
93,93,102,-0.2552681384737577,0
93,93,103,-0.3397796093901717,0
93,93,104,-0.3192226043228849,0
93,93,105,-0.4474783815870684,0
93,93,106,-0.6795562624983669,0
93,93,107,-0.4007876442831913,0
93,93,108,-0.4091741051436997,0
93,93,109,-0.4176960305232535,0
93,93,110,-0.1031794484504228,0
93,93,111,-0.2247529695563349,0
93,93,112,0.03893293068596781,0
93,93,113,0.2537701781174913,0
93,93,114,0.4433086229910421,0
93,93,115,0.4987664690290537,0
93,93,116,-0.9019045927286147,0
93,93,117,-0.5051402883427755,0
93,93,118,-0.7687823044442916,0
93,93,119,-0.6681184763090702,0
93,93,120,0.208404760223219,0
93,93,121,-0.1092150470639971,0
93,93,122,0.8886823064347982,0
93,93,123,0.5257151437629988,0
93,93,124,0.5546761595017402,0
93,93,125,0.5312820840446423,0
93,93,126,-0.3214108995844036,0
93,93,127,-0.04560537195073007,0
93,93,128,-0.7247772406939847,0
93,93,129,-0.5441953367351366,0
93,93,130,-0.7456782788148282,0
93,93,131,-0.5786373927042432,0
93,93,132,-0.4489337796367954,0
93,93,133,-0.3348041724670305,0
93,93,134,0.03500918805647942,0
93,93,135,0.001292138731596043,0
93,93,136,0.0008231721176145835,0
93,93,137,-0.00170130610936878,0
93,93,138,-0.004263961088068131,0
93,93,139,-0.005563665940934481,0
93,93,140,-0.01022780167698224,0
93,93,141,-0.004976881717975268,0
93,93,142,-0.001541782788500898,0
93,93,143,-0.0005414358355885965,0
93,93,144,0.00126884202079917,0
93,93,145,0.0008632376641745595,0
93,93,146,-0.002366951417407496,0
93,93,147,-0.005915146630173842,0
93,93,148,-0.008153707143564372,0
93,93,149,-0.01643586901171276,0
93,93,150,-0.008854100744666974,0
93,93,151,-0.003452457575473774,0
93,93,152,-0.001578754914932346,0
93,93,153,0.0009894226523353283,0
93,93,154,0.000838986185321622,0
93,93,155,-0.00216148287673049,0
93,93,156,-0.005869218863313382,0
93,93,157,-0.00837568630542181,0
93,93,158,-0.01637622994149057,0
93,93,159,-0.008607305722418163,0
93,93,160,-0.003307731691757102,0
93,93,161,-0.001506518706009913,0
93,93,162,0.0009471213188384935,0
93,93,163,0.0009149327622247443,0
93,93,164,-0.00129207163034587,0
93,93,165,-0.004179884631615059,0
93,93,166,-0.005941535426139078,0
93,93,167,-0.01001606119519022,0
93,93,168,-0.004511738536314056,0
93,93,169,-0.001348200280060892,0
93,93,170,-0.0005676280712227514,0
94,120,0,-0.4178960375428925,0
94,120,1,-0.07725062901973252,0
94,120,2,0.1939270649656595,0
94,120,3,-0.5080043509372768,0
94,120,4,-0.3274556229149576,0
94,120,5,0.04573579504941245,0
94,120,6,-0.2039999950418921,0
94,120,7,-0.3240213862478067,0
94,120,8,-0.1421507281630102,0
94,120,9,0.2476523110156626,0
94,120,10,-0.07782736210494892,0
94,120,11,-0.2310483126998696,0
94,120,12,0.495881786109816,0
94,120,13,0.2144477765600895,0
94,120,14,-0.1554130681665175,0
94,120,15,0.3681504027100084,0
94,120,16,0.3350828863797587,0
94,120,17,0.03086030054413317,0
94,120,18,0.239032929624411,0
94,120,19,0.3429923777216609,0
94,120,20,0.3365661089053418,0
94,120,21,0.1282437280836952,0
94,120,22,0.31053348035562,0
94,120,23,0.4701203654654738,0
94,120,24,0.05280001074217854,0
94,120,25,0.2824732419982557,0
94,120,26,0.566443587411031,0
94,120,27,0.2562725161201196,0
94,120,28,0.6150551190231316,0
94,120,29,-0.278764960170595,0
94,120,30,0.1088677988219499,0
94,120,31,0.3295236016430908,0
94,120,32,-0.3371854390963679,0
94,120,33,-0.1756838413003784,0
94,120,34,0.08831830063979898,0
94,120,35,-0.1273110535917348,0
94,120,36,-0.3210453207989983,0
94,120,37,-0.219900671779332,0
94,120,38,0.1745134753462896,0
94,120,39,-0.2276208343790944,0
94,120,40,-0.3712616968345394,0
94,120,41,0.3258765423176838,0
94,120,42,0.01966503271787319,0
94,120,43,-0.2553159196220865,0
94,120,44,0.2239693333801044,0
94,120,45,0.2363558233968407,0
94,120,46,0.04594061941803304,0
94,120,47,0.1132238788210688,0
94,120,48,0.4549600537083928,0
94,120,49,0.5341017590945769,0
94,120,50,0.03572807854799707,0
94,120,51,0.5263934390840705,0
94,120,52,0.7562872802510577,0
94,120,53,0.003148514549401767,0
94,120,54,0.5864917653899324,0
94,120,55,0.915432056574257,0
94,120,56,0.6245544849321059,0
94,120,57,0.9978206938015143,0
94,120,58,-0.05699116320563553,0
94,120,59,0.2535834134254132,0
94,120,60,0.3458125515090231,0
94,120,61,-0.05675236441157468,0
94,120,62,0.03561615354650773,0
94,120,63,0.1036477120210901,0
94,120,64,0.007968729147285488,0
94,120,65,-0.1927387086626704,0
94,120,66,-0.2087218570741288,0
94,120,67,0.06682347227415475,0
94,120,68,-0.2728672837981299,0
94,120,69,-0.3676140130850287,0
94,120,70,0.05252914671650506,0
94,120,71,-0.1645875892897525,0
94,120,72,-0.2583071491934521,0
94,120,73,-0.01990186068879269,0
94,120,74,0.0477944006648415,0
94,120,75,0.04228378580081046,0
94,120,76,-0.08960530707941543,0
94,120,77,0.3708091636010574,0
94,120,78,0.523945735659618,0
94,120,79,-0.1097683292701512,0
94,120,80,0.5129899533948336,0
94,120,81,0.7514403713828642,0
94,120,82,-0.07292543254312336,0
94,120,83,0.6431216173447932,0
94,120,84,0.9140297980740651,0
94,120,85,0.7466537680732013,0
94,120,86,1,0
94,120,87,0.1639808724836588,0
94,120,88,0.2925685579651264,0
94,120,89,0.2223654392103821,0
94,120,90,0.2279480586136407,0
94,120,91,0.2183151230212754,0
94,120,92,0.07277966549756842,0
94,120,93,0.1523306469505006,0
94,120,94,0.007363412612717399,0
94,120,95,-0.1223593778891547,0
94,120,96,-0.03249180082323605,0
94,120,97,-0.1964445045979114,0
94,120,98,-0.224988275536839,0
94,120,99,-0.2193085868076056,0
94,120,100,-0.2650082915091211,0
94,120,101,-0.1614344087297982,0
94,120,102,-0.2707254355060817,0
94,120,103,-0.1561085386936603,0
94,120,104,0.02443213958775796,0
94,120,105,-0.2936496300368553,0
94,120,106,0.1274734121084449,0
94,120,107,0.3173413734244947,0
94,120,108,-0.2536327498536329,0
94,120,109,0.2769521472718342,0
94,120,110,0.461477127875103,0
94,120,111,-0.1471239202877248,0
94,120,112,0.4306747292611104,0
94,120,113,0.5638442738694128,0
94,120,114,0.5742696278798293,0
94,120,115,0.6192472115695262,0
94,120,116,0.2998257599421173,0
94,120,117,0.2025790668945197,0
94,120,118,0.4064835484747697,0
94,120,119,0.2936193536753234,0
94,120,120,0.2474076608404223,0
94,120,121,0.19459829895039,0
94,120,122,-0.08811017310851815,0
94,120,123,-0.03201118667803583,0
94,120,124,-0.3863754321865874,0
94,120,125,-0.2429723372358001,0
94,120,126,-0.4337321571905148,0
94,120,127,-0.2963916166501674,0
94,120,128,-0.4208420186790779,0
94,120,129,-0.1769013601963224,0
94,120,130,-0.3413898259104726,0
94,120,131,-0.08896849048436926,0
94,120,132,-0.1912239096074703,0
94,120,133,0.0310710352855746,0
94,120,134,0.1722518488299851,0
94,120,135,-0.0005273214523582513,0
94,120,136,-0.0005325953601042101,0
94,120,137,0.0004425555762423029,0
94,120,138,0.002084188858880819,0
94,120,139,0.004355384647994606,0
94,120,140,0.009363961669677219,0
94,120,141,0.004739062344500917,0
94,120,142,0.00196724647307288,0
94,120,143,0.0004094262747313369,0
94,120,144,-0.0002466224840304321,0
94,120,145,-0.0002711781520911235,0
94,120,146,0.000805224258852238,0
94,120,147,0.002781371589074138,0
94,120,148,0.006027100326857243,0
94,120,149,0.01402982876011654,0
94,120,150,0.00713827464513902,0
94,120,151,0.002863881945108457,0
94,120,152,0.0005693227166603095,0
94,120,153,-0.0002006074584909181,0
94,120,154,-0.0002751096611895987,0
94,120,155,0.000736475187069549,0
94,120,156,0.002670849643609823,0
94,120,157,0.005821293812953007,0
94,120,158,0.01375974606028058,0
94,120,159,0.006887019348046503,0
94,120,160,0.002570021732479439,0
94,120,161,0.0003375807902769396,0
94,120,162,-0.0003265637907799309,0
94,120,163,-0.0004506033504660856,0
94,120,164,0.0002575749898572078,0
94,120,165,0.001654474850092648,0
94,120,166,0.003856131914057238,0
94,120,167,0.009018587967289901,0
94,120,168,0.004539756026108963,0
94,120,169,0.001826398682803193,0
94,120,170,0.0002891579589598464,0
95,134,0,0.6050868444463244,0
95,134,1,0.2272460570760821,0
95,134,2,0.005885717946006022,0
95,134,3,0.5118806488650716,0
95,134,4,0.4095901352059902,0
95,134,5,-0.01358485115929895,0
95,134,6,-0.163925314334368,0
95,134,7,0.1200997847962443,0
95,134,8,-0.02274360706361558,0
95,134,9,-0.6491283598551955,0
95,134,10,-0.3088178361949793,0
95,134,11,-0.0164590573267225,0
95,134,12,-0.3889552104453369,0
95,134,13,-0.3854989793291698,0
95,134,14,0.0007114058886901156,0
95,134,15,0.3241147947014639,0
95,134,16,-0.01727735066553513,0
95,134,17,0.01688515579141129,0
95,134,18,0.867483381329707,0
95,134,19,0.4414190620167714,0
95,134,20,0.06616863982744674,0
95,134,21,1,0
95,134,22,0.6817510599709836,0
95,134,23,0.07754881031433333,0
95,134,24,0.6554696126529866,0
95,134,25,0.6116559862766217,0
95,134,26,0.08771345873632823,0
95,134,27,0.2657996889461404,0
95,134,28,0.09610799468029217,0
95,134,29,0.6150235882109069,0
95,134,30,0.2334161472105215,0
95,134,31,0.006107397576355288,0
95,134,32,0.5320920308565527,0
95,134,33,0.4117734451980899,0
95,134,34,-0.02228304896210468,0
95,134,35,-0.1515222407232054,0
95,134,36,0.117289412980949,0
95,134,37,-0.03685689926015034,0
95,134,38,-0.6608189562791128,0
95,134,39,-0.3195346155707317,0
95,134,40,-0.02709141595638908,0
95,134,41,-0.4183959388417541,0
95,134,42,-0.4004900926033411,0
95,134,43,0.0007400421760605351,0
95,134,44,0.3045431349794953,0
95,134,45,-0.02396932856273249,0
95,134,46,0.02843864282222075,0
95,134,47,0.8516840667945726,0
95,134,48,0.469938774140383,0
95,134,49,0.1061532568573997,0
95,134,50,0.9907907746652884,0
95,134,51,0.7211696699772697,0
95,134,52,0.1250737007598048,0
95,134,53,0.6525170981726712,0
95,134,54,0.6619161815899991,0
95,134,55,0.1416153602872864,0
95,134,56,0.3242822785040008,0
95,134,57,0.1546541851899323,0
95,134,58,0.6329449615435569,0
95,134,59,0.2407221348951876,0
95,134,60,0.007484668612054196,0
95,134,61,0.5571234679427165,0
95,134,62,0.424570498394956,0
95,134,63,-0.02138732383551047,0
95,134,64,-0.142071980137661,0
95,134,65,0.1244532594169084,0
95,134,66,-0.03668666465058935,0
95,134,67,-0.6818187587790338,0
95,134,68,-0.3283400085772432,0
95,134,69,-0.02760635348345139,0
95,134,70,-0.4581504797353853,0
95,134,71,-0.4233709212218296,0
95,134,72,-5.228849685026714e-05,0
95,134,73,0.2781466925942007,0
95,134,74,-0.04407428271082443,0
95,134,75,0.02792020326943999,0
95,134,76,0.8302033739723973,0
95,134,77,0.4681654562835847,0
95,134,78,0.1049733333976305,0
95,134,79,0.9770650038573527,0
95,134,80,0.7269873226959567,0
95,134,81,0.1246107424003779,0
95,134,82,0.6465503081086017,0
95,134,83,0.6757338381352199,0
95,134,84,0.1415023889981988,0
95,134,85,0.3448483528785173,0
95,134,86,0.1549815181775121,0
95,134,87,0.6506304982551649,0
95,134,88,0.2481679954629599,0
95,134,89,0.008255729153206921,0
95,134,90,0.5824295105665991,0
95,134,91,0.4447482337608804,0
95,134,92,-0.01192140096913855,0
95,134,93,-0.1316929897954674,0
95,134,94,0.1435950032203918,0
95,134,95,-0.02234170741326087,0
95,134,96,-0.7018545396050643,0
95,134,97,-0.3279808485199122,0
95,134,98,-0.01733999509050085,0
95,134,99,-0.4977644612416278,0
95,134,100,-0.4461473550171027,0
95,134,101,-0.0007647331216912261,0
95,134,102,0.2508343851938491,0
95,134,103,-0.07403354465827625,0
95,134,104,0.01585019161991211,0
95,134,105,0.8081879310790323,0
95,134,106,0.4345708441289283,0
95,134,107,0.06356970758655811,0
95,134,108,0.9630133353770531,0
95,134,109,0.6957689246515817,0
95,134,110,0.07664340443854589,0
95,134,111,0.6404367602003017,0
95,134,112,0.647928736098266,0
95,134,113,0.08763633111629204,0
95,134,114,0.3205731629942837,0
95,134,115,0.09711307647525293,0
95,134,116,0.6601149323233657,0
95,134,117,0.2486593688115041,0
95,134,118,0.6031401530792698,0
95,134,119,0.4646263475136189,0
95,134,120,-0.1173890000295928,0
95,134,121,0.1714633161560419,0
95,134,122,-0.7115225265262435,0
95,134,123,-0.3150708405902618,0
95,134,124,-0.5269714039613583,0
95,134,125,-0.4605600462546707,0
95,134,126,0.2292151479912449,0
95,134,127,-0.1042208050150868,0
95,134,128,0.7933395705994293,0
95,134,129,0.3814377742737115,0
95,134,130,0.9555539691882496,0
95,134,131,0.6400152361874798,0
95,134,132,0.639057658535909,0
95,134,133,0.5903792972243294,0
95,134,134,0.2604506319729647,0
95,134,135,0.0004385574243491028,0
95,134,136,-1.306631099219036e-05,0
95,134,137,-0.000445332136134789,0
95,134,138,-6.880200331813808e-05,0
95,134,139,0.0009291697496644394,0
95,134,140,0.002121643292071175,0
95,134,141,0.001929968691751975,0
95,134,142,0.0009210654695866191,0
95,134,143,0.0004129800544429775,0
95,134,144,4.688326325982087e-06,0
95,134,145,-0.0003632842280198712,0
95,134,146,-0.0003882988731236747,0
95,134,147,0.000435230784856449,0
95,134,148,0.001615781682088876,0
95,134,149,0.002874273257963091,0
95,134,150,0.001612328324204943,0
95,134,151,0.0001543090339389839,0
95,134,152,-0.0003501191747596632,0
95,134,153,0.0002883698026889747,0
95,134,154,-0.00011360063980188,0
95,134,155,-0.0004483806903050665,0
95,134,156,0.0001414415720298937,0
95,134,157,0.001346585250636206,0
95,134,158,0.002749956359785836,0
95,134,159,0.001651148767401565,0
95,134,160,0.0004116256259324061,0
95,134,161,-0.0001638510129332386,0
95,134,162,-0.0001715786937201967,0
95,134,163,-0.0004053451630026442,0
95,134,164,-0.0003374072814295083,0
95,134,165,0.0004402336317216806,0
95,134,166,0.0012589414056683,0
95,134,167,0.001263700957410319,0
95,134,168,0.0001042466000711328,0
95,134,169,-0.0007203941869803849,0
95,134,170,-0.0008215257633142275,0
96,150,0,-4.409067021744694e-05,0
96,150,1,-1.643509704661608e-05,0
96,150,2,-1.857772348451688e-07,0
96,150,3,-3.809155197021493e-05,0
96,150,4,-3.005520993550972e-05,0
96,150,5,1.085984166848125e-06,0
96,150,6,1.030097888301736e-05,0
96,150,7,-9.727317591535382e-06,0
96,150,8,1.415876611427212e-06,0
96,150,9,4.648385223589243e-05,0
96,150,10,2.115803745818571e-05,0
96,150,11,4.722371462850032e-07,0
96,150,12,1.690686502030003e-05,0
96,150,13,1.94376999695104e-05,0
96,150,14,-1.198039671019385e-05,0
96,150,15,-4.456288712763181e-06,0
96,150,16,4.576516213093862e-06,0
96,150,17,1.406094125360432e-05,0
96,150,18,-0.001269145335361097,0
96,150,19,-0.0008265391087359065,0
96,150,20,-0.001106018021689551,0
96,150,21,0.00147922282059438,0
96,150,22,0.000977132685804676,0
96,150,23,0.002495485346344719,0
96,150,24,-0.001067937669018526,0
96,150,25,-0.0007196572514992806,0
96,150,26,-0.002337063390078792,0
96,150,27,-1.85169450846135e-05,0
96,150,28,0.0009188337551155389,0
96,150,29,-4.469724552919587e-05,0
96,150,30,-1.669997454608808e-05,0
96,150,31,-9.83493595004057e-08,0
96,150,32,-3.930617695138462e-05,0
96,150,33,-2.998395574471784e-05,0
96,150,34,1.842937951508403e-06,0
96,150,35,1.052633691928231e-05,0
96,150,36,-8.839906087219927e-06,0
96,150,37,3.153417406669703e-06,0
96,150,38,4.966484375756833e-05,0
96,150,39,2.394044840417923e-05,0
96,150,40,3.246312434329177e-06,0
96,150,41,6.295368937285828e-05,0
96,150,42,4.261349628405059e-05,0
96,150,43,1.663729441003349e-05,0
96,150,44,-7.320112577357964e-05,0
96,150,45,-1.747269756783653e-06,0
96,150,46,-3.014303289600385e-05,0
96,150,47,0.003306156589532764,0
96,150,48,0.001383069892433414,0
96,150,49,0.001961422517613712,0
96,150,50,-0.00429278370929535,0
96,150,51,-0.001017226414236212,0
96,150,52,-0.004384783223417398,0
96,150,53,0.002750807654995812,0
96,150,54,0.0001010151669293268,0
96,150,55,0.004011736182507967,0
96,150,56,0.0006549609068977716,0
96,150,57,-0.001607205675293313,0
96,150,58,-4.588844055918247e-05,0
96,150,59,-1.720299981061082e-05,0
96,150,60,-3.369784019215322e-07,0
96,150,61,-4.120858897449671e-05,0
96,150,62,-3.096499915113129e-05,0
96,150,63,1.501480529005376e-06,0
96,150,64,8.182841008915804e-06,0
96,150,65,-1.011022266207464e-05,0
96,150,66,2.12973930226265e-06,0
96,150,67,4.762516345983592e-05,0
96,150,68,2.251131101602613e-05,0
96,150,69,1.402077573778362e-06,0
96,150,70,3.941517137170358e-06,0
96,150,71,2.195582952130433e-05,0
96,150,72,-1.222347030569704e-05,0
96,150,73,6.903545503544675e-05,0
96,150,74,2.446071782699044e-05,0
96,150,75,4.335383161542311e-05,0
96,150,76,-0.004380966667086744,0
96,150,77,-0.001445908416348963,0
96,150,78,-0.001993030477646113,0
96,150,79,0.005298690022278334,0
96,150,80,0.0002976636250135418,0
96,150,81,0.004383603948796114,0
96,150,82,-0.003590581994490163,0
96,150,83,0.0005498609756124975,0
96,150,84,-0.00404228188857059,0
96,150,85,-0.001191345777643549,0
96,150,86,0.001592727169032672,0
96,150,87,-4.693480737980573e-05,0
96,150,88,-1.776790825233997e-05,0
96,150,89,-5.348988528458895e-07,0
96,150,90,-4.265666877723684e-05,0
96,150,91,-3.234608591742876e-05,0
96,150,92,7.155821104522927e-07,0
96,150,93,8.591840181467911e-06,0
96,150,94,-1.128352469581907e-05,0
96,150,95,1.232813928303476e-06,0
96,150,96,4.924689398564882e-05,0
96,150,97,2.189181238538528e-05,0
96,150,98,-4.732200936460234e-07,0
96,150,99,5.740894125254128e-05,0
96,150,100,3.604746227741821e-05,0
96,150,101,5.455772581401758e-06,0
96,150,102,-0.0001109369997292459,0
96,150,103,-1.54852696071744e-05,0
96,150,104,-4.354234486536281e-05,0
96,150,105,0.003383213149341678,0
96,150,106,0.0007858863349829555,0
96,150,107,0.001169036644807246,0
96,150,108,-0.004315399252371405,0
96,150,109,0.000350972340769163,0
96,150,110,-0.00258000068470516,0
96,150,111,0.002745216984939756,0
96,150,112,-0.001145846509824096,0
96,150,113,0.002329516812747484,0
96,150,114,0.001145125529452094,0
96,150,115,-0.0009302715734757277,0
96,150,116,-4.74345484457945e-05,0
96,150,117,-1.78170863052374e-05,0
96,150,118,-4.381063087436627e-05,0
96,150,119,-3.356703303769048e-05,0
96,150,120,7.655169983249738e-06,0
96,150,121,-1.291829033096801e-05,0
96,150,122,5.240487044884059e-05,0
96,150,123,2.209989220746031e-05,0
96,150,124,3.301242786673483e-05,0
96,150,125,3.398442472026466e-05,0
96,150,126,2.737471109657011e-05,0
96,150,127,5.812383033262789e-06,0
96,150,128,-0.001321932214609084,0
96,150,129,-6.642783942835034e-06,0
96,150,130,0.001500433691372568,0
96,150,131,-0.0008865285515595874,0
96,150,132,-0.001060608581249169,0
96,150,133,0.0009927345534715014,0
96,150,134,-0.0006902155361063999,0
96,150,135,-2.948748668473218e-07,0
96,150,136,-7.681982212413753e-06,0
96,150,137,0.0001142601578179433,0
96,150,138,-0.001053806450774961,0
96,150,139,0.008909752806080249,0
96,150,140,-0.05289972880378259,0
96,150,141,0.4575245704745071,0
96,150,142,-0.577019128941509,0
96,150,143,0.3719409292291335,0
96,150,144,-6.39856690239859e-07,0
96,150,145,6.839669140742327e-06,0
96,150,146,-9.527679737217843e-05,0
96,150,147,0.001068667778930067,0
96,150,148,-0.01177159599841362,0
96,150,149,0.08583064701474129,0
96,150,150,-0.7867760464706486,0
96,150,151,0.9961831490968462,0
96,150,152,-0.6528901474802195,0
96,150,153,8.473732384424719e-07,0
96,150,154,-6.474561090709523e-06,0
96,150,155,8.062534650864417e-05,0
96,150,156,-0.0009379090139082397,0
96,150,157,0.01118975966289804,0
96,150,158,-0.08418207419039982,0
96,150,159,0.7827712810772767,0
96,150,160,-1,0
96,150,161,0.6651808394755547,0
96,150,162,3.214943776293358e-07,0
96,150,163,3.397009446303211e-06,0
96,150,164,-7.25840599982947e-05,0
96,150,165,0.0007871833898523367,0
96,150,166,-0.007804506282449254,0
96,150,167,0.05015701571657915,0
96,150,168,-0.4531117522381085,0
96,150,169,0.5876125248477126,0
96,150,170,-0.3964084911292026,0
97,152,0,-6.022921369686169e-05,0
97,152,1,-2.316882101267868e-05,0
97,152,2,-2.029398347931275e-06,0
97,152,3,-5.04931639644106e-05,0
97,152,4,-4.063644933590879e-05,0
97,152,5,1.113747613713205e-06,0
97,152,6,1.716229721759094e-05,0
97,152,7,-1.104979942437015e-05,0
97,152,8,3.17420187651671e-06,0
97,152,9,6.630885072215687e-05,0
97,152,10,3.206357661230191e-05,0
97,152,11,3.304393699212016e-06,0
97,152,12,1.43397584857863e-05,0
97,152,13,2.296486136598532e-05,0
97,152,14,-2.116000963571852e-05,0
97,152,15,5.063055488769949e-07,0
97,152,16,8.329908825675023e-06,0
97,152,17,3.332019586537854e-05,0
97,152,18,-0.002130528609568022,0
97,152,19,-0.00141082311153436,0
97,152,20,-0.001904024101230838,0
97,152,21,-0.0002748609385577782,0
97,152,22,-0.0001791875028027161,0
97,152,23,0.001700942924785941,0
97,152,24,0.001902572131476079,0
97,152,25,0.001255441861844475,0
97,152,26,0.001955673766936245,0
97,152,27,-2.519638367184322e-05,0
97,152,28,-0.001794149854182851,0
97,152,29,-6.229784701375895e-05,0
97,152,30,-2.521848164471826e-05,0
97,152,31,-3.167829600615931e-06,0
97,152,32,-5.385894164969594e-05,0
97,152,33,-4.195122546788186e-05,0
97,152,34,1.718489076387366e-06,0
97,152,35,1.717385015843773e-05,0
97,152,36,-9.646712057190495e-06,0
97,152,37,6.705651689841277e-06,0
97,152,38,7.004804089557991e-05,0
97,152,39,3.718321365904623e-05,0
97,152,40,7.915555287644762e-06,0
97,152,41,0.0001057272095750099,0
97,152,42,6.970909805461952e-05,0
97,152,43,3.811417972315047e-05,0
97,152,44,-0.0001490136194913079,0
97,152,45,-1.547072117235155e-05,0
97,152,46,-7.26480797813636e-05,0
97,152,47,0.005588865880153788,0
97,152,48,0.002352152555133912,0
97,152,49,0.003366004611538126,0
97,152,50,0.0005270798218195205,0
97,152,51,0.001571705524270818,0
97,152,52,-0.002942806466204565,0
97,152,53,-0.005531930674843089,0
97,152,54,-0.002286720310139387,0
97,152,55,-0.003651388031210749,0
97,152,56,-0.001315949558401382,0
97,152,57,0.003211936322346226,0
97,152,58,-6.59424978653295e-05,0
97,152,59,-2.726702880148183e-05,0
97,152,60,-3.751677649840808e-06,0
97,152,61,-5.920848478041463e-05,0
97,152,62,-4.536854662323127e-05,0
97,152,63,9.284308498412225e-07,0
97,152,64,1.113446442992161e-05,0
97,152,65,-1.333276833528113e-05,0
97,152,66,4.370793610190253e-06,0
97,152,67,6.954810316138082e-05,0
97,152,68,3.535953321164471e-05,0
97,152,69,6.052507599307754e-06,0
97,152,70,-1.56489014045215e-05,0
97,152,71,2.798384322471354e-05,0
97,152,72,-2.411489365508407e-05,0
97,152,73,0.0001675032868694683,0
97,152,74,5.28602962463196e-05,0
97,152,75,0.0001018392268830029,0
97,152,76,-0.007314923762948631,0
97,152,77,-0.002397444048390652,0
97,152,78,-0.003376599483076601,0
97,152,79,-0.001044369100061487,0
97,152,80,-0.002824627385027057,0
97,152,81,0.002826624974429649,0
97,152,82,0.007063543323553263,0
97,152,83,0.002031625203448414,0
97,152,84,0.003751728862406478,0
97,152,85,0.002311853526000829,0
97,152,86,-0.003297011980632599,0
97,152,87,-6.927568151801936e-05,0
97,152,88,-2.840109928894139e-05,0
97,152,89,-2.913109243654498e-06,0
97,152,90,-6.379491927986843e-05,0
97,152,91,-4.897139428578814e-05,0
97,152,92,6.850039754199909e-08,0
97,152,93,1.102554990305996e-05,0
97,152,94,-1.681144214892447e-05,0
97,152,95,2.509227383572303e-06,0
97,152,96,6.885663591688437e-05,0
97,152,97,3.21442632460274e-05,0
97,152,98,-2.171338496358727e-07,0
97,152,99,9.764499718394484e-05,0
97,152,100,5.554071339335695e-05,0
97,152,101,1.265661486210849e-05,0
97,152,102,-0.0002209444709537039,0
97,152,103,-3.268321942465265e-05,0
97,152,104,-8.944036826785028e-05,0
97,152,105,0.005543849925723363,0
97,152,106,0.001235772859525538,0
97,152,107,0.00189166600271793,0
97,152,108,0.000832303800331187,0
97,152,109,0.002600805318006122,0
97,152,110,-0.001510468206437271,0
97,152,111,-0.005682533721897949,0
97,152,112,-0.001055570816194573,0
97,152,113,-0.002241225057326179,0
97,152,114,-0.002404352721239558,0
97,152,115,0.001884169380415986,0
97,152,116,-7.10876391387894e-05,0
97,152,117,-2.755563203914219e-05,0
97,152,118,-6.683193669394514e-05,0
97,152,119,-5.114696822857482e-05,0
97,152,120,8.633600517794798e-06,0
97,152,121,-2.058293443056714e-05,0
97,152,122,7.724593883140122e-05,0
97,152,123,3.179325470724164e-05,0
97,152,124,4.731065967967419e-05,0
97,152,125,5.144299818782717e-05,0
97,152,126,6.791855020181484e-05,0
97,152,127,8.701762357744929e-06,0
97,152,128,-0.002089666273741512,0
97,152,129,1.00491459008016e-05,0
97,152,130,-0.0004659594320854317,0
97,152,131,-0.001407851019991349,0
97,152,132,0.002004345146230625,0
97,152,133,-0.0003135636138166078,0
97,152,134,0.001356793656777467,0
97,152,135,2.162824522952086e-06,0
97,152,136,-3.05765381157606e-05,0
97,152,137,0.0002816403313711249,0
97,152,138,-0.002130946742108667,0
97,152,139,0.01558960411423839,0
97,152,140,-0.08398089320944432,0
97,152,141,0.555602886038062,0
97,152,142,0.06926192756029997,0
97,152,143,-0.5436908635693013,0
97,152,144,-2.373056410321785e-06,0
97,152,145,2.579523614833254e-05,0
97,152,146,-0.0002813862783020859,0
97,152,147,0.002555243902721174,0
97,152,148,-0.02247736488272748,0
97,152,149,0.1417646046511381,0
97,152,150,-0.9803498503034007,0
97,152,151,-0.1251797158295411,0
97,152,152,0.9811582711265772,0
97,152,153,2.369911844048486e-06,0
97,152,154,-2.194187962327317e-05,0
97,152,155,0.0002425208502766142,0
97,152,156,-0.002316266513968634,0
97,152,157,0.02169273729454454,0
97,152,158,-0.1403575675659132,0
97,152,159,0.9743953164169216,0
97,152,160,0.1326740533824688,0
97,152,161,-1,0
97,152,162,-1.079388331751172e-06,0
97,152,163,1.65880583521826e-05,0
97,152,164,-0.0001859700184072522,0
97,152,165,0.001652294895396561,0
97,152,166,-0.01405173978906668,0
97,152,167,0.08146455236263263,0
97,152,168,-0.5464252708119639,0
97,152,169,-0.08146499418273352,0
97,152,170,0.5804894564540262,0
98,153,0,-3.797420112377098e-05,0
98,153,1,-1.147643124882778e-05,0
98,153,2,6.463655316265948e-06,0
98,153,3,-3.981771471300853e-05,0
98,153,4,-2.84124101374159e-05,0
98,153,5,1.11690968849226e-06,0
98,153,6,-7.469886611993715e-06,0
98,153,7,-2.067782913096356e-05,0
98,153,8,-7.850194633401292e-06,0
98,153,9,3.083585008597459e-05,0
98,153,10,3.826217482918377e-06,0
98,153,11,-1.083095611975052e-05,0
98,153,12,-1.497726071588413e-05,0
98,153,13,-1.356883746129958e-05,0
98,153,14,-5.626329341233e-05,0
98,153,15,0.0001807162972936723,0
98,153,16,0.0001131766196764533,0
98,153,17,0.0001694977765484795,0
98,153,18,-0.002831448796390993,0
98,153,19,-0.001846792286842534,0
98,153,20,-0.002635926110959049,0
98,153,21,0.00356333787326683,0
98,153,22,0.002340388854375044,0
98,153,23,0.005732213708608767,0
98,153,24,-0.002361222500235887,0
98,153,25,-0.001554829987825918,0
98,153,26,-0.005327011897990821,0
98,153,27,-1.487916928806295e-05,0
98,153,28,0.002090941844099154,0
98,153,29,-3.274652027217702e-05,0
98,153,30,-4.580138357155468e-06,0
98,153,31,1.224629434972095e-05,0
98,153,32,-3.246137055065574e-05,0
98,153,33,-2.205410104448525e-05,0
98,153,34,4.187221384238416e-06,0
98,153,35,4.36611653518269e-07,0
98,153,36,-1.825962921416422e-05,0
98,153,37,-7.916704042025956e-06,0
98,153,38,2.229395811041482e-05,0
98,153,39,-4.300127652233315e-06,0
98,153,40,-2.103762565924433e-05,0
98,153,41,8.942286524737887e-05,0
98,153,42,1.623037760817466e-05,0
98,153,43,-1.582123231322894e-06,0
98,153,44,-0.0003145912386921235,0
98,153,45,-6.66538058454885e-05,0
98,153,46,-0.0001450356644845963,0
98,153,47,0.004679421614485509,0
98,153,48,0.001142907883560539,0
98,153,49,0.001784625506450095,0
98,153,50,-0.006043568942580247,0
98,153,51,0.0002327065316552759,0
98,153,52,-0.003866943702011598,0
98,153,53,0.003840347299594253,0
98,153,54,-0.001403058184399999,0
98,153,55,0.003493321676360603,0
98,153,56,0.001531119643810805,0
98,153,57,-0.001372141026474142,0
98,153,58,-2.506321661696792e-05,0
98,153,59,1.370888026688568e-06,0
98,153,60,1.412899139997004e-05,0
98,153,61,-2.185271663563809e-05,0
98,153,62,-1.291601314035094e-05,0
98,153,63,6.915914172327994e-06,0
98,153,64,7.705183914784228e-06,0
98,153,65,-9.788165437531509e-06,0
98,153,66,-3.225214041274742e-06,0
98,153,67,3.504283803972063e-05,0
98,153,68,3.467618134576688e-06,0
98,153,69,-1.037463828644766e-05,0
98,153,70,3.543322603931162e-05,0
98,153,71,3.059736637998065e-05,0
98,153,72,1.802348207159734e-05,0
98,153,73,1.435374737912975e-05,0
98,153,74,-6.945367069443827e-05,0
98,153,75,-0.0001071090718866275,0
98,153,76,-0.0001054636842756467,0
98,153,77,0.001247741924604422,0
98,153,78,0.001718775037691168,0
98,153,79,6.883467605405533e-05,0
98,153,80,-0.002790730132382045,0
98,153,81,-0.003699592195477447,0
98,153,82,1.471940077639211e-06,0
98,153,83,0.002559793880727042,0
98,153,84,0.003424639401743823,0
98,153,85,-0.001010435229855232,0
98,153,86,-0.0013848841953135,0
98,153,87,-1.817046514103435e-05,0
98,153,88,2.83671366396601e-06,0
98,153,89,9.551236844766873e-06,0
98,153,90,-1.308783740227713e-05,0
98,153,91,-6.55298297449842e-06,0
98,153,92,5.552401781257842e-06,0
98,153,93,1.082711490752182e-05,0
98,153,94,-2.249639299743448e-06,0
98,153,95,-3.625278573961491e-07,0
98,153,96,3.619854176440102e-05,0
98,153,97,1.458075996164411e-05,0
98,153,98,4.458813307769948e-06,0
98,153,99,-4.824765021571954e-05,0
98,153,100,-6.507618162057412e-06,0
98,153,101,-3.18518916112459e-05,0
98,153,102,0.0003024758827085974,0
98,153,103,0.0001231542338223027,0
98,153,104,0.0002179029824883623,0
98,153,105,-0.004812756398084127,0
98,153,106,-0.001889350457629784,0
98,153,107,-0.002773949465794121,0
98,153,108,0.005848440183310687,0
98,153,109,0.001129301245159228,0
98,153,110,0.005852667678041259,0
98,153,111,-0.003920755261217926,0
98,153,112,-5.697657154266388e-05,0
98,153,113,-0.005315449049368827,0
98,153,114,-0.001037164938315355,0
98,153,115,0.002094087784130775,0
98,153,116,-1.4217171633361e-05,0
98,153,117,-1.410981738433134e-06,0
98,153,118,-8.533663427415073e-06,0
98,153,119,-6.1955603294825e-06,0
98,153,120,1.290661275097648e-05,0
98,153,121,1.476643010574169e-06,0
98,153,122,1.525366919520123e-05,0
98,153,123,1.225250528422698e-05,0
98,153,124,3.748357106872331e-05,0
98,153,125,6.644134914681193e-06,0
98,153,126,-0.0002316951442659501,0
98,153,127,1.214219631203535e-05,0
98,153,128,0.002883853011966901,0
98,153,129,-0.0001292591324126401,0
98,153,130,-0.003640050187824933,0
98,153,131,0.001895443383489082,0
98,153,132,0.002322896534804061,0
98,153,133,-0.002384026704038119,0
98,153,134,0.00153623844357532,0
98,153,135,-8.580785875919735e-06,0
98,153,136,-3.696686998809118e-06,0
98,153,137,0.0004379683665863695,0
98,153,138,-0.004493621931236843,0
98,153,139,0.0309193853352261,0
98,153,140,-0.1222402235392927,0
98,153,141,0.7682995887027587,0
98,153,142,-0.9973713263857428,0
98,153,143,0.6411232365835428,0
98,153,144,8.258437048291168e-06,0
98,153,145,-3.398743317164141e-05,0
98,153,146,-4.895854600737899e-05,0
98,153,147,0.001841946848705147,0
98,153,148,-0.01690733690847492,0
98,153,149,0.07292879767410955,0
98,153,150,-0.4939741865302825,0
98,153,151,0.6611239982459347,0
98,153,152,-0.4335461903191642,0
98,153,153,4.580963246351579e-06,0
98,153,154,-1.349733562633641e-06,0
98,153,155,-0.0002511446379622326,0
98,153,156,0.002790195986172668,0
98,153,157,-0.02019767148524796,0
98,153,158,0.08783964084577979,0
98,153,159,-0.5116466445691269,0
98,153,160,0.6275040706247934,0
98,153,161,-0.4038909406694082,0
98,153,162,-8.096058876478938e-06,0
98,153,163,1.746845716759427e-06,0
98,153,164,0.0004126461896777659,0
98,153,165,-0.004485674120188111,0
98,153,166,0.03131699758837084,0
98,153,167,-0.1281518082749141,0
98,153,168,0.7842393524989705,0
98,153,169,-1,0
98,153,170,0.656709012457102,0
99,154,0,0.0006672505538072343,0
99,154,1,0.0002447197224170264,0
99,154,2,-7.071226729241277e-06,0
99,154,3,0.0005847091506887745,0
99,154,4,0.0004569054479922202,0
99,154,5,-1.889013203240068e-05,0
99,154,6,-0.0001412181495171906,0
99,154,7,0.0001576890919417646,0
99,154,8,-1.68011903383905e-05,0
99,154,9,-0.000700135235981125,0
99,154,10,-0.0003144217612145928,0
99,154,11,-6.55001246098749e-06,0
99,154,12,-0.0004396560989553135,0
99,154,13,-0.0004108211888446124,0
99,154,14,3.540547017011422e-05,0
99,154,15,0.0002234650733544267,0
99,154,16,-8.899455550901858e-05,0
99,154,17,-5.17558472407269e-05,0
99,154,18,0.002773540710483964,0
99,154,19,0.001705732467206285,0
99,154,20,0.001852533355523795,0
99,154,21,0.004038195427367575,0
99,154,22,0.002709786667799913,0
99,154,23,0.00107926884575933,0
99,154,24,0.002775840005593681,0
99,154,25,0.002028802817996108,0
99,154,26,-0.0007628436078816216,0
99,154,27,0.0002602108510747637,0
99,154,28,-0.001851791186160881,0
99,154,29,0.000669605253859918,0
99,154,30,0.00023941127788291,0
99,154,31,-1.528857836734845e-05,0
99,154,32,0.0005958284537405464,0
99,154,33,0.0004493508999567877,0
99,154,34,-3.098045114326054e-05,0
99,154,35,-0.0001359138863143956,0
99,154,36,0.0001520579744804304,0
99,154,37,-2.934900304642971e-05,0
99,154,38,-0.0007034590213226379,0
99,154,39,-0.0003172487035341987,0
99,154,40,-6.474969328563112e-06,0
99,154,41,-0.0005625612618523319,0
99,154,42,-0.0004638219320305796,0
99,154,43,-2.922831251373053e-05,0
99,154,44,0.0004686939486679199,0
99,154,45,-1.304399162581587e-05,0
99,154,46,0.0001527056678810929,0
99,154,47,-0.004411695674098975,0
99,154,48,-0.001804989894910672,0
99,154,49,-0.003179991580721866,0
99,154,50,-0.007131948522513565,0
99,154,51,-0.004025925792899019,0
99,154,52,-0.001598576158862365,0
99,154,53,-0.005327565187853367,0
99,154,54,-0.003955981694279906,0
99,154,55,0.001259579928843971,0
99,154,56,-0.001053175082735435,0
99,154,57,0.003788904295213385,0
99,154,58,0.0006754425838304923,0
99,154,59,0.0002387785204460274,0
99,154,60,-1.398248535346019e-05,0
99,154,61,0.0006052315156481246,0
99,154,62,0.0004505969108278812,0
99,154,63,-2.983220108173733e-05,0
99,154,64,-0.0001300421084937259,0
99,154,65,0.000153962264982466,0
99,154,66,-2.575782529106902e-05,0
99,154,67,-0.0007273275895655377,0
99,154,68,-0.0003239473770638086,0
99,154,69,-9.006075555811409e-06,0
99,154,70,-0.0004283434766825964,0
99,154,71,-0.0004212591619469355,0
99,154,72,5.58122549609006e-05,0
99,154,73,-1.835160751289561e-05,0
99,154,74,-0.0001354712945501253,0
99,154,75,-0.0001197557569758288,0
99,154,76,0.00756210018926955,0
99,154,77,0.002588720548075536,0
99,154,78,0.003248202226921152,0
99,154,79,0.01148784960937564,0
99,154,80,0.006516545312147673,0
99,154,81,0.001895761276885686,0
99,154,82,0.008690962609178598,0
99,154,83,0.006859898512736967,0
99,154,84,-0.001040722801783381,0
99,154,85,0.002967875870024942,0
99,154,86,-0.003660581550322381,0
99,154,87,0.0006806985597818385,0
99,154,88,0.0002449155919835665,0
99,154,89,-4.944319297240939e-06,0
99,154,90,0.0006141517668342327,0
99,154,91,0.0004615628002756834,0
99,154,92,-1.684601319439315e-05,0
99,154,93,-0.0001332908325442072,0
99,154,94,0.0001616879927245703,0
99,154,95,-1.569138250837436e-05,0
99,154,96,-0.0007320074020830164,0
99,154,97,-0.0003239576894540377,0
99,154,98,2.44119599477095e-06,0
99,154,99,-0.0005930092540351134,0
99,154,100,-0.0004671693582950609,0
99,154,101,-3.606275072193029e-08,0
99,154,102,0.0005159354735442268,0
99,154,103,-2.9726897408429e-05,0
99,154,104,0.0001366555105804092,0
99,154,105,-0.004107947306736046,0
99,154,106,-0.0005871582847554234,0
99,154,107,-0.001584461461957466,0
99,154,108,-0.007210400074481561,0
99,154,109,-0.003485466043955384,0
99,154,110,-0.001156031094043881,0
99,154,111,-0.005573629831898818,0
99,154,112,-0.004339407817584438,0
99,154,113,0.0007965076326450505,0
99,154,114,-0.002406511241990834,0
99,154,115,0.002159076689835461,0
99,154,116,0.0006822064339427125,0
99,154,117,0.0002511309804877347,0
99,154,118,0.0006237386362214805,0
99,154,119,0.0004777519661996261,0
99,154,120,-0.0001249095182079709,0
99,154,121,0.0001787482658017302,0
99,154,122,-0.0007545862794592918,0
99,154,123,-0.000325380248205616,0
99,154,124,-0.0005498499395082347,0
99,154,125,-0.000484020152405179,0
99,154,126,0.0001271032155916994,0
99,154,127,-0.0001042779956434813,0
99,154,128,0.002539907099024735,0
99,154,129,0.0003374030577727292,0
99,154,130,0.004058706191374602,0
99,154,131,0.001815364078648421,0
99,154,132,0.002936961656068447,0
99,154,133,0.002664610425143385,0
99,154,134,0.001791591718944525,0
99,154,135,-1.059493131944412e-05,0
99,154,136,7.684031713150043e-05,0
99,154,137,-0.0004997116073818531,0
99,154,138,0.002988718511749719,0
99,154,139,-0.01759230728170075,0
99,154,140,0.07994013282515333,0
99,154,141,-0.3459643237272773,0
99,154,142,-0.5727000127505207,0
99,154,143,-0.4069172056972741,0
99,154,144,9.845944493687101e-06,0
99,154,145,-7.836885538567204e-05,0
99,154,146,0.0006036441390085614,0
99,154,147,-0.004135514781780467,0
99,154,148,0.02725301023814701,0
99,154,149,-0.13869727407487,0
99,154,150,0.6271840434256619,0
99,154,151,0.9911935470209808,0
99,154,152,0.762908730752603,0
99,154,153,-8.71055955022015e-06,0
99,154,154,6.60952402445613e-05,0
99,154,155,-0.0005226375340480326,0
99,154,156,0.003727598893626758,0
99,154,157,-0.0258246216446279,0
99,154,158,0.1354164994002695,0
99,154,159,-0.6088759884426909,0
99,154,160,-1,0
99,154,161,-0.7725075086771231,0
99,154,162,6.403686370470275e-06,0
99,154,163,-4.599784713576482e-05,0
99,154,164,0.0003318112033137793,0
99,154,165,-0.002247524366609316,0
99,154,166,0.01514376246497494,0
99,154,167,-0.07486627978471258,0
99,154,168,0.3184190095896528,0
99,154,169,0.5848832755149473,0
99,154,170,0.4292852726243696,0
100,155,0,-0.0001040324039050422,0
100,155,1,-4.27495600432756e-05,0
100,155,2,-1.025475421519414e-05,0
100,155,3,-7.646717061740929e-05,0
100,155,4,-6.499754224155361e-05,0
100,155,5,4.995929360312395e-06,0
100,155,6,4.856559289339248e-05,0
100,155,7,-2.897072025472128e-06,0
100,155,8,1.746941555588489e-05,0
100,155,9,0.0001778344795010018,0
100,155,10,0.0001109392831445095,0
100,155,11,7.196901264997954e-05,0
100,155,12,-4.4490898033053e-05,0
100,155,13,2.778016222813364e-05,0
100,155,14,-7.880578011099768e-05,0
100,155,15,0.000468830707996069,0
100,155,16,0.0003763331765779515,0
100,155,17,0.0006274600890958919,0
100,155,18,-0.004924696173974137,0
100,155,19,-0.003157890305428472,0
100,155,20,-0.00451512356027921,0
100,155,21,0.005238775810776758,0
100,155,22,0.003409289485752167,0
100,155,23,0.008988609176348561,0
100,155,24,-0.003533471961459106,0
100,155,25,-0.002308078699368947,0
100,155,26,-0.0077813792539016,0
100,155,27,-6.343192431685344e-05,0
100,155,28,0.003005557052979697,0
100,155,29,-0.0001158105869750272,0
100,155,30,-5.527541674319726e-05,0
100,155,31,-2.015634692312591e-05,0
100,155,32,-9.713739306594842e-05,0
100,155,33,-7.666482712724678e-05,0
100,155,34,8.518251072719606e-07,0
100,155,35,3.85485882486993e-05,0
100,155,36,-5.051805337371137e-06,0
100,155,37,2.328088045134306e-05,0
100,155,38,0.0001086660691915534,0
100,155,39,0.0001044346282421111,0
100,155,40,5.442908221787509e-05,0
100,155,41,0.0001239552470558173,0
100,155,42,5.025985967202901e-05,0
100,155,43,-2.461715240528795e-05,0
100,155,44,-0.0003563914847962212,0
100,155,45,0.0002668581609877004,0
100,155,46,0.0003120539052351906,0
100,155,47,0.00212372521655311,0
100,155,48,-0.001907105686081221,0
100,155,49,-0.002270364376934171,0
100,155,50,-0.002367570317535462,0
100,155,51,0.005087889189591905,0
100,155,52,0.005025996999129055,0
100,155,53,0.001109200235954266,0
100,155,54,-0.005069381812944049,0
100,155,55,-0.004815141889772059,0
100,155,56,0.002177219569674478,0
100,155,57,0.001903365524806535,0
100,155,58,-0.0001331068708419922,0
100,155,59,-6.779072187673399e-05,0
100,155,60,-2.534005407802213e-05,0
100,155,61,-0.0001217247308886054,0
100,155,62,-9.706281057353143e-05,0
100,155,63,-7.074843782312045e-06,0
100,155,64,2.368623202796529e-05,0
100,155,65,-2.095556722443455e-05,0
100,155,66,1.519010915832123e-05,0
100,155,67,8.841973432725277e-05,0
100,155,68,6.287354043214388e-05,0
100,155,69,-4.396572404323732e-06,0
100,155,70,0.000205598627733193,0
100,155,71,0.0001220902787917061,0
100,155,72,6.809202450373789e-05,0
100,155,73,-0.0006472360369468798,0
100,155,74,-0.0001583531067479074,0
100,155,75,-0.0003352261975508265,0
100,155,76,0.005118412513922847,0
100,155,77,0.001675311150340438,0
100,155,78,0.00275860881014866,0
100,155,79,-0.006867189297149623,0
100,155,80,-0.0007644095990876071,0
100,155,81,-0.00551126471183157,0
100,155,82,0.003982909176213964,0
100,155,83,-0.001032878128415466,0
100,155,84,0.004631732182952938,0
100,155,85,0.001384920980473025,0
100,155,86,-0.001721847851560688,0
100,155,87,-0.0001480808934722187,0
100,155,88,-7.276561439494311e-05,0
100,155,89,-1.870296698045326e-05,0
100,155,90,-0.0001407522823084543,0
100,155,91,-0.0001133832846754291,0
100,155,92,-8.415081187728979e-06,0
100,155,93,1.54386772889519e-05,0
100,155,94,-3.779900493010395e-05,0
100,155,95,7.391864601457003e-06,0
100,155,96,0.0001331336221116045,0
100,155,97,4.299015934274133e-05,0
100,155,98,-3.14760619019879e-05,0
100,155,99,0.0001855345466789877,0
100,155,100,0.0001824599646896354,0
100,155,101,0.0001172893536591331,0
100,155,102,-0.0002318688690943391,0
100,155,103,-0.0003440020220295543,0
100,155,104,-0.0005673421063991511,0
100,155,105,0.001413854413177189,0
100,155,106,0.002976580180584615,0
100,155,107,0.004262650131502256,0
100,155,108,-0.002236415701828877,0
100,155,109,-0.005518518648079865,0
100,155,110,-0.008685207913264079,0
100,155,111,0.001706711914190426,0
100,155,112,0.004502614369707239,0
100,155,113,0.008064794230747407,0
100,155,114,-0.001309530570931688,0
100,155,115,-0.003347771527005397,0
100,155,116,-0.0001562867371117014,0
100,155,117,-6.55563498119564e-05,0
100,155,118,-0.0001508233995377911,0
100,155,119,-0.0001173574937923896,0
100,155,120,4.69309722828296e-06,0
100,155,121,-5.124726540561463e-05,0
100,155,122,0.0001935154443097784,0
100,155,123,6.09626648626998e-05,0
100,155,124,2.420926080109242e-05,0
100,155,125,0.0001273562943384317,0
100,155,126,0.000495151743459201,0
100,155,127,-2.708589206391313e-05,0
100,155,128,-0.004556181699651043,0
100,155,129,0.0002054434522440897,0
100,155,130,0.005237929279605291,0
100,155,131,-0.002986317914066857,0
100,155,132,-0.003912080505472031,0
100,155,133,0.00340655229353279,0
100,155,134,-0.002537384776961491,0
100,155,135,1.583699049877959e-05,0
100,155,136,-0.0003778984191032206,0
100,155,137,0.002895302002004872,0
100,155,138,-0.015574661557076,0
100,155,139,0.06781774384226336,0
100,155,140,-0.1817536976065652,0
100,155,141,0.8327362597461253,0
100,155,142,-1,0
100,155,143,0.6189389526266359,0
100,155,144,-4.765773884550174e-06,0
100,155,145,-0.0001468937448615823,0
100,155,146,0.001338068625381587,0
100,155,147,-0.008019298247392713,0
100,155,148,0.03240957489240243,0
100,155,149,-0.09351326334247302,0
100,155,150,0.4406265224739802,0
100,155,151,-0.5952083511765832,0
100,155,152,0.3805565238062232,0
100,155,153,1.515054987962123e-05,0
100,155,154,8.775903727732379e-05,0
100,155,155,-0.00110736840127962,0
100,155,156,0.007563927325485532,0
100,155,157,-0.03251147999037207,0
100,155,158,0.09682338282524745,0
100,155,159,-0.4855312265646702,0
100,155,160,0.6191710292473244,0
100,155,161,-0.3622648444893663,0
100,155,162,-2.644286444797926e-05,0
100,155,163,0.0004188626020764636,0
100,155,164,-0.003063565270559537,0
100,155,165,0.01583238069349821,0
100,155,166,-0.0668161827906756,0
100,155,167,0.1761981205400813,0
100,155,168,-0.7794874009314071,0
100,155,169,0.9926452662999364,0
100,155,170,-0.6817210620694841,0
101,156,0,3.507868835195173e-05,0
101,156,1,1.119228560101518e-05,0
101,156,2,-4.498218414226928e-06,0
101,156,3,3.752875240120853e-05,0
101,156,4,2.749662677002126e-05,0
101,156,5,1.241740755591841e-06,0
101,156,6,1.559717802183848e-05,0
101,156,7,2.610548384645744e-05,0
101,156,8,1.682371372057349e-05,0
101,156,9,-4.488202401279099e-05,0
101,156,10,-9.457080052841984e-06,0
101,156,11,-2.37719976034243e-06,0
101,156,12,0.0001136299718758442,0
101,156,13,7.928887714323828e-05,0
101,156,14,0.0001614668000360677,0
101,156,15,-0.0005307214642713801,0
101,156,16,-0.0003301047699956169,0
101,156,17,-0.0005456047034065051,0
101,156,18,0.00520975057570951,0
101,156,19,0.003445141506089772,0
101,156,20,0.005125708374865546,0
101,156,21,0.001062406618147677,0
101,156,22,0.0007016887461221259,0
101,156,23,-0.003779935086847433,0
101,156,24,-0.005373831989734949,0
101,156,25,-0.003550700581815698,0
101,156,26,-0.005773284114982026,0
101,156,27,2.377961121696259e-05,0
101,156,28,0.004922639191543177,0
101,156,29,2.882085258075025e-05,0
101,156,30,4.438940784328273e-06,0
101,156,31,-1.095390083192276e-05,0
101,156,32,2.97185654243991e-05,0
101,156,33,2.151877481179178e-05,0
101,156,34,-1.737379113327847e-06,0
101,156,35,-6.494964292813499e-06,0
101,156,36,1.95456891333697e-05,0
101,156,37,9.896849517982259e-06,0
101,156,38,2.03215858184771e-05,0
101,156,39,2.17310009649057e-05,0
101,156,40,4.580124644706442e-05,0
101,156,41,-0.0002278501780311725,0
101,156,42,-2.236227109058341e-05,0
101,156,43,-4.118365013468029e-05,0
101,156,44,0.0009447141035952666,0
101,156,45,0.0002105483299687835,0
101,156,46,0.000453438364021203,0
101,156,47,-0.008738750374116937,0
101,156,48,-0.002017132351019505,0
101,156,49,-0.003495929270336945,0
101,156,50,-0.001564664007524499,0
101,156,51,-0.003791655723566392,0
101,156,52,0.002783508462223849,0
101,156,53,0.008962552666111196,0
101,156,54,0.001735602595261723,0
101,156,55,0.003811498758403923,0
101,156,56,0.003615473940155173,0
101,156,57,-0.003173947504326475,0
101,156,58,2.045591661205024e-05,0
101,156,59,-3.006654491939471e-06,0
101,156,60,-1.525545595994789e-05,0
101,156,61,1.643028301680231e-05,0
101,156,62,9.656779479470425e-06,0
101,156,63,-8.104072488422859e-06,0
101,156,64,-1.197601483138944e-05,0
101,156,65,5.198432245114726e-06,0
101,156,66,-1.978738331897966e-06,0
101,156,67,-4.214584706260099e-05,0
101,156,68,4.336315334190364e-06,0
101,156,69,1.922885128529544e-05,0
101,156,70,-5.191417645338723e-05,0
101,156,71,-7.830335882346225e-05,0
101,156,72,-8.802698933646625e-05,0
101,156,73,-3.382920776844723e-05,0
101,156,74,0.0002640414722681703,0
101,156,75,0.0003788067039232886,0
101,156,76,0.0001849661658054773,0
101,156,77,-0.002468616133694936,0
101,156,78,-0.003392612633784267,0
101,156,79,0.0001800071636376043,0
101,156,80,0.002165673227435879,0
101,156,81,0.002747149561026699,0
101,156,82,-9.729536602666881e-05,0
101,156,83,0.00275119903819408,0
101,156,84,0.003574674445797923,0
101,156,85,-0.002305651681278493,0
101,156,86,-0.003011803148416602,0
101,156,87,1.425888388220022e-05,0
101,156,88,-5.502704838773916e-06,0
101,156,89,-1.140985632404676e-05,0
101,156,90,7.559563391675894e-06,0
101,156,91,1.07529785319772e-06,0
101,156,92,-9.398330488700987e-06,0
101,156,93,-4.828459357821727e-06,0
101,156,94,-5.844823477277552e-07,0
101,156,95,-8.628728106072754e-07,0
101,156,96,-8.155759125759608e-05,0
101,156,97,-4.070829546775752e-05,0
101,156,98,-4.693268979493647e-05,0
101,156,99,0.0001974682465219096,0
101,156,100,3.957827306056975e-05,0
101,156,101,0.0001104247131551637,0
101,156,102,-0.001021422264440668,0
101,156,103,-0.0004048892048096027,0
101,156,104,-0.0007317814810102367,0
101,156,105,0.009066178978624686,0
101,156,106,0.003493726890972255,0
101,156,107,0.005555462019287715,0
101,156,108,0.001389133486193102,0
101,156,109,0.002917568536151643,0
101,156,110,-0.004271088215671652,0
101,156,111,-0.008570277987041984,0
101,156,112,-0.003085610440437539,0
101,156,113,-0.005482757362428609,0
101,156,114,-0.002201977840139758,0
101,156,115,0.004744294131139723,0
101,156,116,1.112023117077296e-05,0
101,156,117,-4.899474974475394e-07,0
101,156,118,7.892864771709306e-06,0
101,156,119,3.256959887268255e-06,0
101,156,120,-1.256367956570805e-05,0
101,156,121,-2.122659929268594e-06,0
101,156,122,2.670994562905656e-05,0
101,156,123,-1.347767871651501e-05,0
101,156,124,-0.0001124759878394368,0
101,156,125,1.162257597917398e-05,0
101,156,126,0.000686546974177037,0
101,156,127,-6.864172639717893e-05,0
101,156,128,-0.005549888827014672,0
101,156,129,0.0003913965761506546,0
101,156,130,-0.0008078240277458084,0
101,156,131,-0.0036872898624544,0
101,156,132,0.005227586076762252,0
101,156,133,-0.0005435988956164762,0
101,156,134,0.003480015797384685,0
101,156,135,-2.989394555977528e-05,0
101,156,136,0.0003789642771660642,0
101,156,137,-0.002814694759955044,0
101,156,138,0.01613316268105525,0
101,156,139,-0.07740962175377472,0
101,156,140,0.2466837632040182,0
101,156,141,-0.932704778710759,0
101,156,142,-0.1908718971637892,0
101,156,143,1,0
101,156,144,-1.879361547592234e-05,0
101,156,145,-6.019113339598842e-05,0
101,156,146,0.001132273935517005,0
101,156,147,-0.008386197368559091,0
101,156,148,0.04655409115293729,0
101,156,149,-0.1578391960911581,0
101,156,150,0.6426557696448861,0
101,156,151,0.08092563649434753,0
101,156,152,-0.657707808034695,0
101,156,153,3.442828200174319e-05,0
101,156,154,-0.0003083610052800995,0
101,156,155,0.00208898427607565,0
101,156,156,-0.01144261876005194,0
101,156,157,0.05407969868292432,0
101,156,158,-0.182122685385572,0
101,156,159,0.622324229355915,0
101,156,160,0.120513674850307,0
101,156,161,-0.6222349605360101,0
101,156,162,-4.22355385023171e-05,0
101,156,163,0.0004385606895775338,0
101,156,164,-0.00316941339914399,0
101,156,165,0.01796198716655061,0
101,156,166,-0.08506776568369059,0
101,156,167,0.2740502747962304,0
101,156,168,-0.9942711913299567,0
101,156,169,-0.1350930791748356,0
101,156,170,0.9733464500909934,0
102,157,0,0.0004936845464731923,0
102,157,1,8.121329085969468e-05,0
102,157,2,-0.0002519047911506587,0
102,157,3,0.0006224344379165887,0
102,157,4,0.0003788404290793392,0
102,157,5,-8.79243830633748e-05,0
102,157,6,0.0003343757711483469,0
102,157,7,0.0004203134262107879,0
102,157,8,0.0001642171988428,0
102,157,9,-0.0002812775215429148,0
102,157,10,0.0001048002425138888,0
102,157,11,0.0002002985944148949,0
102,157,12,-0.0003340139406194441,0
102,157,13,-5.600806249627685e-05,0
102,157,14,0.0004603384393557905,0
102,157,15,-0.001107791570126447,0
102,157,16,-0.0007616365944866657,0
102,157,17,-0.0006480445014882775,0
102,157,18,0.004576337275337901,0
102,157,19,0.002852550613536002,0
102,157,20,0.004554842148212682,0
102,157,21,-0.005332538671907163,0
102,157,22,-0.003526063953531448,0
102,157,23,-0.008823406259098604,0
102,157,24,0.003276622761444771,0
102,157,25,0.001992629632976638,0
102,157,26,0.007223441664302097,0
102,157,27,-5.156442501636497e-05,0
102,157,28,-0.003063031295106954,0
102,157,29,0.0003350679315527619,0
102,157,30,-0.000147939595648225,0
102,157,31,-0.0004209380248174156,0
102,157,32,0.000420144985981961,0
102,157,33,0.0001832144311858288,0
102,157,34,-0.0001528823574048928,0
102,157,35,0.0002088666077303053,0
102,157,36,0.000401080019877322,0
102,157,37,0.0002547568029115915,0
102,157,38,-0.0001928022419112172,0
102,157,39,0.0002307368008343409,0
102,157,40,0.0003383164971629243,0
102,157,41,-0.0002563459670928051,0
102,157,42,0.0002932568064225108,0
102,157,43,0.0007316670190555817,0
102,157,44,-0.0006637535570108373,0
102,157,45,-0.0009343248509109381,0
102,157,46,-0.0009840584533062702,0
102,157,47,0.00256712369050029,0
102,157,48,0.004962118797873839,0
102,157,49,0.007098500482634964,0
102,157,50,-0.002834984009118533,0
102,157,51,-0.008426200527732429,0
102,157,52,-0.01361607573729712,0
102,157,53,0.002152076977729722,0
102,157,54,0.006686294979705847,0
102,157,55,0.01141932482954576,0
102,157,56,-0.002304884364643264,0
102,157,57,-0.005043149570570236,0
102,157,58,8.145107887555372e-05,0
102,157,59,-0.0003158045461709529,0
102,157,60,-0.000434262576906498,0
102,157,61,8.447654162694322e-05,0
102,157,62,-6.641967027102712e-05,0
102,157,63,-0.0001644699060879347,0
102,157,64,-5.923329520055173e-07,0
102,157,65,0.0002325150235479049,0
102,157,66,0.0002474551109707128,0
102,157,67,-8.11721568834098e-05,0
102,157,68,0.000255312231001747,0
102,157,69,0.0003506690114327761,0
102,157,70,-6.831130771348158e-05,0
102,157,71,0.0005210901708621332,0
102,157,72,0.0007501652229985714,0
102,157,73,5.777072729264637e-05,0
102,157,74,-0.0007051852071561203,0
102,157,75,-0.0009226321440138504,0
102,157,76,3.643376058145505e-05,0
102,157,77,0.005256464692271175,0
102,157,78,0.006982439793362744,0
102,157,79,0.000219491063876566,0
102,157,80,-0.009968995765718316,0
102,157,81,-0.01344821540165954,0
102,157,82,0.0001579828975147346,0
102,157,83,0.008608062691002951,0
102,157,84,0.01144710107275718,0
102,157,85,-0.003729430230076808,0
102,157,86,-0.0051049677318675,0
102,157,87,-0.0001716091342802816,0
102,157,88,-0.0003508222623407332,0
102,157,89,-0.0002754156547170603,0
102,157,90,-0.0002576186114001564,0
102,157,91,-0.0002696852406093662,0
102,157,92,-0.0001092847966507556,0
102,157,93,-0.000221839243666632,0
102,157,94,-1.802773573336907e-05,0
102,157,95,0.0001511599225220774,0
102,157,96,3.262361077128912e-06,0
102,157,97,0.0001537071405404261,0
102,157,98,0.000217384386229253,0
102,157,99,0.0001087017652298489,0
102,157,100,0.0005303358354797424,0
102,157,101,0.0005003943023806019,0
102,157,102,0.0006955390446581447,0
102,157,103,-0.0002612828666588081,0
102,157,104,-0.0005843457571808838,0
102,157,105,-0.002421572727818362,0
102,157,106,0.00361611069160496,0
102,157,107,0.00431697886317876,0
102,157,108,0.00318284050102931,0
102,157,109,-0.007890626882182138,0
102,157,110,-0.008485279659533792,0
102,157,111,-0.001929537133021684,0
102,157,112,0.007371272371661136,0
102,157,113,0.00728803571554911,0
102,157,114,-0.003723396597304226,0
102,157,115,-0.003163821857264253,0
102,157,116,-0.0003277135809363965,0
102,157,117,-0.0002330037032960539,0
102,157,118,-0.0004702038612838865,0
102,157,119,-0.0003402543780329567,0
102,157,120,-0.0003726337248134495,0
102,157,121,-0.0002517137831588639,0
102,157,122,5.103227524686237e-05,0
102,157,123,-3.083257643912447e-05,0
102,157,124,0.0001397896923255194,0
102,157,125,0.0002712129835409637,0
102,157,126,0.00113225124523539,0
102,157,127,0.0002476723201669759,0
102,157,128,-0.003969878460208673,0
102,157,129,0.0006568122428015893,0
102,157,130,0.005605405524318126,0
102,157,131,-0.002598216904758629,0
102,157,132,-0.003217060500615883,0
102,157,133,0.003505123892211437,0
102,157,134,-0.002247975888111896,0
102,157,135,-0.0003126583668704659,0
102,157,136,0.001554958169775254,0
102,157,137,-0.00613939432973153,0
102,157,138,0.02152283487445787,0
102,157,139,-0.06897585855746262,0
102,157,140,0.1356327777954824,0
102,157,141,-0.5308938602324912,0
102,157,142,0.6567986614144415,0
102,157,143,-0.3931990692043583,0
102,157,144,-0.0004121221111565752,0
102,157,145,0.002137485164310436,0
102,157,146,-0.008863916258612933,0
102,157,147,0.0326577314457048,0
102,157,148,-0.1003203060719014,0
102,157,149,0.219608372216052,0
102,157,150,-0.823719321638499,0
102,157,151,1,0
102,157,152,-0.6408840811369603,0
102,157,153,-0.0003790733415679816,0
102,157,154,0.002035064949694357,0
102,157,155,-0.008546947214719942,0
102,157,156,0.03172048930425421,0
102,157,157,-0.09784593370563167,0
102,157,158,0.212636137669072,0
102,157,159,-0.8169034979613343,0
102,157,160,0.9910920433123256,0
102,157,161,-0.6479819387132588,0
102,157,162,-0.0003309464007937532,0
102,157,163,0.001637896696164756,0
102,157,164,-0.006473560240382422,0
102,157,165,0.02222613418118609,0
102,157,166,-0.06977794136142587,0
102,157,167,0.1356110139779767,0
102,157,168,-0.5127566059778716,0
102,157,169,0.6409697499702801,0
102,157,170,-0.399822491479653,0
103,158,0,-0.0003380643913245843,0
103,158,1,-0.0001183674432458461,0
103,158,2,2.058912285768491e-05,0
103,158,3,-0.0003457028804884889,0
103,158,4,-0.0002610212635034264,0
103,158,5,-2.746156870967998e-05,0
103,158,6,0.0001632681730393354,0
103,158,7,-2.69629856209671e-05,0
103,158,8,0.0001245023936977629,0
103,158,9,0.000118663529525661,0
103,158,10,1.019744188286348e-05,0
103,158,11,-0.000291464484200495,0
103,158,12,0.0006604543544460336,0
103,158,13,0.0004561826997134418,0
103,158,14,0.0005508054575536759,0
103,158,15,-0.002328755356222687,0
103,158,16,-0.001525102586238226,0
103,158,17,-0.002554289404442567,0
103,158,18,-0.001298736184842554,0
103,158,19,-0.0008526934857954073,0
103,158,20,0.001027222323580776,0
103,158,21,-0.0008736898932223838,0
103,158,22,-0.0005903265837120305,0
103,158,23,0.0004248443395291428,0
103,158,24,-0.0006235055546154345,0
103,158,25,-0.0004961479630339771,0
103,158,26,5.013854968446188e-05,0
103,158,27,-0.0001249828918972979,0
103,158,28,0.0002405589895086886,0
103,158,29,-0.0003810760673339211,0
103,158,30,-0.0001313487557961664,0
103,158,31,-7.923743723937238e-07,0
103,158,32,-0.0002179237081869539,0
103,158,33,-0.0002015837262602234,0
103,158,34,9.03697517531599e-05,0
103,158,35,-0.0001650591854191704,0
103,158,36,-0.0001436445817064039,0
103,158,37,-0.0001577669464418916,0
103,158,38,0.001050944700948152,0
103,158,39,0.0003961869443400922,0
103,158,40,0.0005322970938772481,0
103,158,41,-0.0008038521677928436,0
103,158,42,2.914188747426413e-05,0
103,158,43,-0.0008883992633454072,0
103,158,44,0.005933555415952689,0
103,158,45,0.002490845692452517,0
103,158,46,0.004421987773849334,0
103,158,47,0.002210997974362612,0
103,158,48,0.002430771343131638,0
103,158,49,-0.001639620518711321,0
103,158,50,0.0005717318895460802,0
103,158,51,0.000694767307008561,0
103,158,52,-0.001040474778038766,0
103,158,53,0.0001928773781259227,0
103,158,54,8.291808109339942e-05,0
103,158,55,-0.0004949988258414434,0
103,158,56,5.085286068190986e-05,0
103,158,57,-0.0002625611203289856,0
103,158,58,-0.0003141110955834793,0
103,158,59,-0.000107829918680507,0
103,158,60,2.708830826982339e-05,0
103,158,61,-0.0004346347236716025,0
103,158,62,-0.0002589241794870324,0
103,158,63,-5.316956327897529e-05,0
103,158,64,0.0003393162030747125,0
103,158,65,-3.785861610402898e-05,0
103,158,66,0.0001747100125207212,0
103,158,67,-0.0005127123844773343,0
103,158,68,-4.232701606662353e-05,0
103,158,69,-0.0005359971709884899,0
103,158,70,0.001557255058714953,0
103,158,71,0.0003098328921230988,0
103,158,72,0.0008425781200517648,0
103,158,73,-0.007814551317642747,0
103,158,74,-0.002194445348618404,0
103,158,75,-0.004421633570970389,0
103,158,76,-0.004017897915492112,0
103,158,77,-0.003933448440143378,0
103,158,78,0.001446250830301328,0
103,158,79,-0.001787437985420709,0
103,158,80,-0.00194647294060856,0
103,158,81,0.001077786611245582,0
103,158,82,-0.0005682892748217498,0
103,158,83,-0.000807589256210044,0
103,158,84,0.0004936660218125938,0
103,158,85,-0.0003008954426016817,0
103,158,86,-1.532403827729084e-05,0
103,158,87,-0.0003785607938081233,0
103,158,88,-0.0001309086545940576,0
103,158,89,-6.415850286579788e-06,0
103,158,90,-0.0002192375295123757,0
103,158,91,-0.0002252958545420836,0
103,158,92,4.878423779089677e-05,0
103,158,93,-0.000152787701953853,0
103,158,94,-0.0001074376630898305,0
103,158,95,-0.0001081423040803907,0
103,158,96,0.001078625362325632,0
103,158,97,0.0002394797270512833,0
103,158,98,0.0003001688502157744,0
103,158,99,-0.00076896231040115,0
103,158,100,0.000247072903812902,0
103,158,101,-0.0005700822400294819,0
103,158,102,0.005809650712553902,0
103,158,103,0.001033207051936468,0
103,158,104,0.002430275519329962,0
103,158,105,0.002460049688117184,0
103,158,106,0.002853246188610039,0
103,158,107,-0.0008858204347678608,0
103,158,108,0.000291484836422306,0
103,158,109,0.0009938228103686679,0
103,158,110,-0.0008453545719812404,0
103,158,111,-0.0002159888553688424,0
103,158,112,0.0001521205021122373,0
103,158,113,-0.0001312335380594675,0
103,158,114,-0.0001193944956766095,0
103,158,115,-0.0001016487809393858,0
103,158,116,-0.0003351666768180224,0
103,158,117,-0.0001269967437923215,0
103,158,118,-0.0003486821267121797,0
103,158,119,-0.0002349736355141731,0
103,158,120,0.0001582623665501532,0
103,158,121,-0.0001113776201854368,0
103,158,122,0.000138445449638472,0
103,158,123,0.0002236352825015953,0
103,158,124,0.0006840773838816031,0
103,158,125,9.372892547861415e-05,0
103,158,126,-0.002234876317997194,0
103,158,127,0.0003466551024323634,0
103,158,128,-0.001451652053109351,0
103,158,129,-0.001508333592099509,0
103,158,130,-0.0006524875444958164,0
103,158,131,-0.001030658668004289,0
103,158,132,-0.0003949238997959687,0
103,158,133,-0.0004130284587169184,0
103,158,134,-0.0001753955821572425,0
103,158,135,-0.006231778509852827,0
103,158,136,0.01852752651143693,0
103,158,137,-0.04720000063370616,0
103,158,138,0.1154436485764599,0
103,158,139,-0.2772742158474686,0
103,158,140,0.5656495478533659,0
103,158,141,0.1104147415993482,0
103,158,142,0.03791701859915946,0
103,158,143,0.03526675747952859,0
103,158,144,0.009307010104941853,0
103,158,145,-0.02807401560627944,0
103,158,146,0.07336577612426062,0
103,158,147,-0.1853552673056887,0
103,158,148,0.4602127672761082,0
103,158,149,-1,0
103,158,150,-0.2260244082795014,0
103,158,151,-0.06920049757226522,0
103,158,152,-0.02012268011979938,0
103,158,153,-0.008756813626671061,0
103,158,154,0.02673600795451936,0
103,158,155,-0.07052144277266599,0
103,158,156,0.1799902407588345,0
103,158,157,-0.4526323114076233,0
103,158,158,0.9988579055197254,0
103,158,159,0.2323928947565335,0
103,158,160,0.05667271943533146,0
103,158,161,-0.004354800044762331,0
103,158,162,0.005201935521851457,0
103,158,163,-0.01601162045249687,0
103,158,164,0.04194667828998525,0
103,158,165,-0.1057329661929723,0
103,158,166,0.2636816054390504,0
103,158,167,-0.5630988088712202,0
103,158,168,-0.1249427082010356,0
103,158,169,-0.00917108751355394,0
103,158,170,-0.004932491598363208,0
104,164,0,-1.730957109125936e-05,0
104,164,1,-4.709090101020008e-06,0
104,164,2,1.978186613212032e-06,0
104,164,3,2.158149468398471e-05,0
104,164,4,1.527233091313684e-05,0
104,164,5,4.175745112609113e-05,0
104,164,6,-0.0001301537412553518,0
104,164,7,-8.560677005155123e-05,0
104,164,8,-0.0001346064006631167,0
104,164,9,0.0002832917909571976,0
104,164,10,0.0001637244362061097,0
104,164,11,0.0003226036309573752,0
104,164,12,-0.0005607171143089598,0
104,164,13,-0.0003442698106633045,0
104,164,14,-0.000736999010477168,0
104,164,15,0.001905961833436204,0
104,164,16,0.001295840742712267,0
104,164,17,0.002274657485092409,0
104,164,18,-0.005086527109548366,0
104,164,19,-0.003360896704949652,0
104,164,20,-0.006206400610766429,0
104,164,21,-0.009158623519412551,0
104,164,22,-0.006157945102678827,0
104,164,23,-0.003772300411389614,0
104,164,24,-0.007251768874279312,0
104,164,25,-0.004876027807931217,0
104,164,26,0.001679209264352172,0
104,164,27,-9.729141132837526e-06,0
104,164,28,0.006560842529274699,0
104,164,29,1.755134852061086e-05,0
104,164,30,1.652866230223102e-05,0
104,164,31,2.350365762426827e-05,0
104,164,32,-5.964799617142168e-05,0
104,164,33,-4.092661541506559e-06,0
104,164,34,-1.4419159505167e-05,0
104,164,35,0.0001382981220502748,0
104,164,36,-1.168647412369677e-05,0
104,164,37,3.794688961524707e-05,0
104,164,38,-0.0004965698986626153,0
104,164,39,-9.796124786135444e-05,0
104,164,40,-0.0002493944432639756,0
104,164,41,0.000886903946119319,0
104,164,42,-2.060645110381725e-05,0
104,164,43,0.0003637542291927808,0
104,164,44,-0.003081980389145293,0
104,164,45,-0.0004662591821896676,0
104,164,46,-0.001465309491484422,0
104,164,47,0.007798610248310212,0
104,164,48,0.0006144621157904867,0
104,164,49,0.003395553072641721,0
104,164,50,0.01522914856988756,0
104,164,51,0.00741262683014706,0
104,164,52,0.002991640239991044,0
104,164,53,0.01237896280497834,0
104,164,54,0.009443274562836097,0
104,164,55,-0.001069716385464137,0
104,164,56,0.00469754147028896,0
104,164,57,-0.005012382688022308,0
104,164,58,2.875776883269141e-05,0
104,164,59,3.389525872947981e-05,0
104,164,60,3.684873702924278e-05,0
104,164,61,1.119053987306535e-06,0
104,164,62,-3.954395944013966e-06,0
104,164,63,-3.11150632994458e-05,0
104,164,64,2.708565770425591e-05,0
104,164,65,5.274585133256602e-05,0
104,164,66,8.69436934404166e-05,0
104,164,67,-9.780942079945094e-06,0
104,164,68,-0.0001749270450910766,0
104,164,69,-0.0002478287974125415,0
104,164,70,3.294781863521723e-05,0
104,164,71,0.0002847478170734196,0
104,164,72,0.0004327484701064992,0
104,164,73,0.0001199197695882253,0
104,164,74,-0.0009597539927359116,0
104,164,75,-0.001319309530392427,0
104,164,76,0.0007314257055839009,0
104,164,77,0.002982406727409148,0
104,164,78,0.004002386631415495,0
104,164,79,7.110588755661961e-05,0
104,164,80,0.002285996023467798,0
104,164,81,0.00248430853476406,0
104,164,82,-0.0006313149177850694,0
104,164,83,-0.001182994566994534,0
104,164,84,-0.001603919447151679,0
104,164,85,-0.003676997282508756,0
104,164,86,-0.004348607655071731,0
104,164,87,4.803314144141103e-06,0
104,164,88,2.040995978517032e-05,0
104,164,89,5.50959990566801e-06,0
104,164,90,0.0001203494371842023,0
104,164,91,5.786437451098952e-05,0
104,164,92,6.677133237129986e-05,0
104,164,93,-0.0001732035688719346,0
104,164,94,-3.046090222084334e-05,0
104,164,95,-0.0001310251768945116,0
104,164,96,0.000469477579127291,0
104,164,97,0.000140678588342559,0
104,164,98,0.00036531333853785,0
104,164,99,-0.000871021765204644,0
104,164,100,-0.0001902681330105729,0
104,164,101,-0.0006324283367731466,0
104,164,102,0.002796162243622952,0
104,164,103,0.0009518318580247767,0
104,164,104,0.002101299553397604,0
104,164,105,-0.007923267883629551,0
104,164,106,-0.002334676401768619,0
104,164,107,-0.005534456102143836,0
104,164,108,-0.01526587371729986,0
104,164,109,-0.008408274007259482,0
104,164,110,-0.004250612969324043,0
104,164,111,-0.01221892139316063,0
104,164,112,-0.00930368034678314,0
104,164,113,0.001271805386331298,0
104,164,114,-0.00308575587076944,0
104,164,115,0.007036723576679063,0
104,164,116,5.496795613251449e-05,0
104,164,117,2.253297431263579e-05,0
104,164,118,-3.423136721678775e-06,0
104,164,119,4.496538748448109e-05,0
104,164,120,0.0001145778896056225,0
104,164,121,-8.247887289278373e-06,0
104,164,122,-0.0003309600231920805,0
104,164,123,5.893157890770073e-05,0
104,164,124,0.0004354312334496768,0
104,164,125,-0.000197353548880309,0
104,164,126,-0.001730340619288995,0
104,164,127,0.0003141411935627887,0
104,164,128,0.00457892420064513,0
104,164,129,-0.001014515768516499,0
104,164,130,0.009215248285781567,0
104,164,131,0.003066564413216821,0
104,164,132,0.007766132604759949,0
104,164,133,0.006154055330175959,0
104,164,134,0.005189039817959994,0
104,164,135,0.004039900274760764,0
104,164,136,-0.01424469196707249,0
104,164,137,0.04058447924270368,0
104,164,138,-0.1048159865615921,0
104,164,139,0.2514447485178276,0
104,164,140,-0.472490368475228,0
104,164,141,0.505904852811599,0
104,164,142,0.9938841589269772,0
104,164,143,0.7949546174830878,0
104,164,144,-0.0007987477144818592,0
104,164,145,0.005149887683748233,0
104,164,146,-0.01942491228572358,0
104,164,147,0.05732628079540909,0
104,164,148,-0.1492263855671915,0
104,164,149,0.2991986554101125,0
104,164,150,-0.2735886371341642,0
104,164,151,-0.6596764471394657,0
104,164,152,-0.5548188077942012,0
104,164,153,-0.005212464429701684,0
104,164,154,0.01406306780797572,0
104,164,155,-0.03151807339516569,0
104,164,156,0.06936261997728935,0
104,164,157,-0.1522221609272676,0
104,164,158,0.2865999270498202,0
104,164,159,-0.3265902524553538,0
104,164,160,-0.657385112613739,0
104,164,161,-0.5022882426198405,0
104,164,162,0.005889459600105749,0
104,164,163,-0.0173932772959946,0
104,164,164,0.04263934682678583,0
104,164,165,-0.1003252709597037,0
104,164,166,0.2291983605530228,0
104,164,167,-0.4291777972337774,0
104,164,168,0.4479484012623338,0
104,164,169,1,0
104,164,170,0.8512870771342874,0
105,165,0,-0.0009541826439790698,0
105,165,1,-0.0005680564719328251,0
105,165,2,-0.0007175164021227022,0
105,165,3,0.00126333385591432,0
105,165,4,0.0007880219669875612,0
105,165,5,0.001991246553426387,0
105,165,6,-0.001479427298976265,0
105,165,7,-0.001015453631650518,0
105,165,8,-0.002659103797219997,0
105,165,9,0.00128691386985132,0
105,165,10,0.0008037036746459861,0
105,165,11,0.002413090800317744,0
105,165,12,-0.0003027280945957657,0
105,165,13,-0.0001767776876920271,0
105,165,14,-0.001412073067889106,0
105,165,15,-0.0009429428285985305,0
105,165,16,-0.0006156175025444908,0
105,165,17,-0.000501763423788921,0
105,165,18,-0.0008677664757075288,0
105,165,19,-0.0005591962844102629,0
105,165,20,0.0001491274445198804,0
105,165,21,-0.0005664796671576861,0
105,165,22,-0.0003787651569466061,0
105,165,23,0.0002971298967974315,0
105,165,24,-4.331028703744097e-05,0
105,165,25,-6.781920354407361e-05,0
105,165,26,0.0003875543344400433,0
105,165,27,-5.58460037323202e-05,0
105,165,28,-0.0001038218042400875,0
105,165,29,0.001983596158963187,0
105,165,30,0.0008136074000217723,0
105,165,31,0.001243487064381651,0
105,165,32,-0.003921779691305183,0
105,165,33,-0.001131591861780839,0
105,165,34,-0.003382721951702437,0
105,165,35,0.004132278135216936,0
105,165,36,0.0007153625451219367,0
105,165,37,0.004499871457173218,0
105,165,38,-0.002793410829383941,0
105,165,39,-0.0001159548757056571,0
105,165,40,-0.003995457058924478,0
105,165,41,0.001219023274525806,0
105,165,42,-0.0001549738155087962,0
105,165,43,0.002321473430978002,0
105,165,44,0.002568623515907845,0
105,165,45,0.001541271381342596,0
105,165,46,0.001163875300141794,0
105,165,47,0.0009896777101947316,0
105,165,48,0.0008510988165336068,0
105,165,49,-0.001001436309806025,0
105,165,50,0.0003378868389330071,0
105,165,51,0.000444302174150448,0
105,165,52,-0.000286744547684671,0
105,165,53,-2.474531940749785e-06,0
105,165,54,0.0002473190409328057,0
105,165,55,-1.087608797406056e-05,0
105,165,56,-0.000135321312707578,0
105,165,57,-0.0002547163360236054,0
105,165,58,-0.002900234240922184,0
105,165,59,-0.0009327764976399221,0
105,165,60,-0.001219325241834028,0
105,165,61,0.004599886571144853,0
105,165,62,0.000535744627649015,0
105,165,63,0.00339062967204758,0
105,165,64,-0.0051279112729963,0
105,165,65,-0.0001711025584817271,0
105,165,66,-0.004486814450403423,0
105,165,67,0.003870760676159324,0
105,165,68,-0.0003932227314278744,0
105,165,69,0.004011196288205226,0
105,165,70,-0.001248529135014623,0
105,165,71,0.0008260304892732063,0
105,165,72,-0.002363847189196973,0
105,165,73,-0.00354435105165732,0
105,165,74,-0.001617442664449807,0
105,165,75,-0.001130354166736286,0
105,165,76,-0.001123982895556479,0
105,165,77,-0.001506586381499816,0
105,165,78,0.001047853568734704,0
105,165,79,-0.0004772608414529319,0
105,165,80,-0.0005242350681212819,0
105,165,81,0.0003410866156639854,0
105,165,82,-0.0005173052489193251,0
105,165,83,-0.0003804604857722845,0
105,165,84,-9.743099119758361e-05,0
105,165,85,-0.0002398786534906558,0
105,165,86,8.078405166428622e-05,0
105,165,87,0.002003182048109234,0
105,165,88,0.0004640852993030474,0
105,165,89,0.0007286072084073336,0
105,165,90,-0.003913874334603377,0
105,165,91,-0.0001371638511149784,0
105,165,92,-0.002000513940134587,0
105,165,93,0.004133955856882145,0
105,165,94,-0.0005827064593674908,0
105,165,95,0.002657391265451536,0
105,165,96,-0.002787510814123125,0
105,165,97,0.001016133657030105,0
105,165,98,-0.002398171042280837,0
105,165,99,0.001239566766317776,0
105,165,100,-0.0008195834455387114,0
105,165,101,0.001390575728942182,0
105,165,102,0.002483389560520643,0
105,165,103,0.0009993219795956917,0
105,165,104,0.0004354174150258313,0
105,165,105,0.0007422186930078322,0
105,165,106,0.001319648079132028,0
105,165,107,-0.0002706696322499722,0
105,165,108,-0.0001572986346073984,0
105,165,109,0.0001459247886734679,0
105,165,110,-0.000461526736189401,0
105,165,111,-0.0003504937116132209,0
105,165,112,-0.0003358781177013292,0
105,165,113,-0.0003423639617024222,0
105,165,114,1.08640477967222e-05,0
105,165,115,0.0002707781122137391,0
105,165,116,-0.0009620490539752676,0
105,165,117,-6.06200878495338e-05,0
105,165,118,0.001246127376759147,0
105,165,119,-0.0006327146078097241,0
105,165,120,-0.001476846332191343,0
105,165,121,0.0008618125327329269,0
105,165,122,0.001303817197072339,0
105,165,123,-0.0008926264266320465,0
105,165,124,-0.0002945283805556664,0
105,165,125,0.0008290846078015192,0
105,165,126,-0.0008759210583720347,0
105,165,127,-0.000226626243738409,0
105,165,128,-0.0007114869028785005,0
105,165,129,-0.0006157905111583439,0
105,165,130,-0.0002641781845302102,0
105,165,131,-0.0005041480259892379,0
105,165,132,0.0001738460549932128,0
105,165,133,-0.0001631540873482582,0
105,165,134,0.0001547830025242123,0
105,165,135,0.3238889158870044,0
105,165,136,-0.5524951431322435,0
105,165,137,0.5923244421853644,0
105,165,138,-0.4286958820275087,0
105,165,139,0.1264541349945725,0
105,165,140,0.1883869082027237,0
105,165,141,0.068390972652316,0
105,165,142,0.03169386812633938,0
105,165,143,-0.01336121510998094,0
105,165,144,-0.5359522289012271,0
105,165,145,0.923625130102015,0
105,165,146,-0.9968140432809133,0
105,165,147,0.7237026836219114,0
105,165,148,-0.203337153114425,0
105,165,149,-0.372972930489218,0
105,165,150,-0.0563462983610185,0
105,165,151,-0.01818050815831852,0
105,165,152,-0.02506415797674877,0
105,165,153,0.5246976096151047,0
105,165,154,-0.9174892995477498,0
105,165,155,1,0
105,165,156,-0.7357648032993495,0
105,165,157,0.2183781449051133,0
105,165,158,0.3654667528357544,0
105,165,159,0.04336663526871622,0
105,165,160,-0.002216319900816885,0
105,165,161,0.0111986616344186,0
105,165,162,-0.3018810954970056,0
105,165,163,0.5386869329133858,0
105,165,164,-0.5955612470991432,0
105,165,165,0.4481640483908904,0
105,165,166,-0.1514191774361525,0
105,165,167,-0.1759869144734134,0
105,165,168,-0.04896811403892969,0
105,165,169,-0.0004446509813095038,0
105,165,170,0.03609117682638528,0
106,168,0,1.382971508393353e-05,0
106,168,1,7.667888883633512e-06,0
106,168,2,1.495705995206105e-06,0
106,168,3,-1.95672806250175e-05,0
106,168,4,-5.146557529063755e-06,0
106,168,5,-4.394739363356097e-06,0
106,168,6,-3.363692507077415e-05,0
106,168,7,-3.790867025295635e-05,0
106,168,8,-3.206063410531824e-05,0
106,168,9,-0.0005123010260917748,0
106,168,10,-0.0003930233042910265,0
106,168,11,-0.0005236810313870443,0
106,168,12,0.0006369966923705187,0
106,168,13,0.0002353381728611879,0
106,168,14,0.0006112851023709212,0
106,168,15,-0.002036833303248618,0
106,168,16,-0.001517235081761238,0
106,168,17,-0.002781137856244218,0
106,168,18,0.009565668861214075,0
106,168,19,0.006093687990087652,0
106,168,20,0.009670748918356778,0
106,168,21,0.002777163926498955,0
106,168,22,0.00180105143455971,0
106,168,23,-0.006289314327378189,0
106,168,24,-0.009356860453314532,0
106,168,25,-0.006153152789954108,0
106,168,26,-0.01077136618251493,0
106,168,27,-6.712985815221276e-06,0
106,168,28,0.008400108325923134,0
106,168,29,0.0001474948056599506,0
106,168,30,9.385378763580159e-05,0
106,168,31,0.0001088715907380599,0
106,168,32,-6.273900011483152e-05,0
106,168,33,-2.489022902752839e-05,0
106,168,34,-0.0001527462674708684,0
106,168,35,2.264411372675611e-05,0
106,168,36,1.707421979597565e-05,0
106,168,37,0.000135567741355636,0
106,168,38,5.560867273311159e-06,0
106,168,39,-0.0003801260356510517,0
106,168,40,-0.0004950683002262022,0
106,168,41,-0.0002434397202101708,0
106,168,42,0.000261699887534157,0
106,168,43,0.0003862227576207185,0
106,168,44,0.0007763541854988757,0
106,168,45,-0.001555610991214573,0
106,168,46,-0.001907664374488337,0
106,168,47,-0.003889987008220947,0
106,168,48,0.004568575545909014,0
106,168,49,0.00565655441237966,0
106,168,50,-0.001021302464564323,0
106,168,51,-0.005333116340777595,0
106,168,52,-0.003687824504290119,0
106,168,53,0.004377294908785575,0
106,168,54,-0.005034968031284027,0
106,168,55,-0.00587925372837866,0
106,168,56,0.006230726188640089,0
106,168,57,0.004544623169894057,0
106,168,58,3.90250541902111e-06,0
106,168,59,6.480843816766637e-05,0
106,168,60,3.486383248258713e-05,0
106,168,61,0.0003272087768165072,0
106,168,62,0.0001305862239470636,0
106,168,63,0.0001790488458964437,0
106,168,64,-0.0002389668628724561,0
106,168,65,9.412910516757452e-06,0
106,168,66,-0.0001943093529409516,0
106,168,67,0.0004653670758340976,0
106,168,68,1.311284110634626e-06,0
106,168,69,0.0002985538854358302,0
106,168,70,-0.0007987627517172161,0
106,168,71,-0.000126975583990472,0
106,168,72,-0.0004347222309417327,0
106,168,73,0.002984506697618875,0
106,168,74,0.0006594768579772167,0
106,168,75,0.001643220563191442,0
106,168,76,-0.01085229049779456,0
106,168,77,-0.002820958349315653,0
106,168,78,-0.006050448635168038,0
106,168,79,-0.002950653344329754,0
106,168,80,-0.004673673921586001,0
106,168,81,0.003512514653657919,0
106,168,82,0.01078254902496946,0
106,168,83,0.002803846223847102,0
106,168,84,0.006415231051021525,0
106,168,85,0.003440142274545605,0
106,168,86,-0.004914293823432972,0
106,168,87,0.0002199921039154052,0
106,168,88,0.000125270780106004,0
106,168,89,7.623291376028967e-05,0
106,168,90,9.006201278661357e-05,0
106,168,91,0.0002042504897553956,0
106,168,92,5.529322433590139e-05,0
106,168,93,1.084145159909729e-05,0
106,168,94,-6.026251945436209e-05,0
106,168,95,-8.986559058601436e-05,0
106,168,96,8.494544959889844e-05,0
106,168,97,0.0003332443194498644,0
106,168,98,0.0005308456870311138,0
106,168,99,-0.0006039295699774272,0
106,168,100,-0.0006585435439209195,0
106,168,101,-0.0009201819246583337,0
106,168,102,0.0009962313093134318,0
106,168,103,0.001863204260804437,0
106,168,104,0.003031285646907586,0
106,168,105,-0.003845422757232333,0
106,168,106,-0.006941677472929094,0
106,168,107,-0.01024559700536505,0
106,168,108,-0.0008682639221778083,0
106,168,109,0.002044053011700401,0
106,168,110,0.006235324879574515,0
106,168,111,0.003552211033131091,0
106,168,112,0.007110230559544032,0
106,168,113,0.0104067282686254,0
106,168,114,-0.00356724645569735,0
106,168,115,-0.007940595507745058,0
106,168,116,0.0001632654146256342,0
106,168,117,9.126015994140316e-05,0
106,168,118,0.0001519491871770132,0
106,168,119,0.0001407413516245022,0
106,168,120,0.0001264063618001753,0
106,168,121,6.689152437632756e-05,0
106,168,122,-0.0006209749842947638,0
106,168,123,2.442732000368156e-05,0
106,168,124,0.0006037443227049,0
106,168,125,-0.0003562017364965819,0
106,168,126,-0.002460546190724795,0
106,168,127,0.0004679242567092787,0
106,168,128,0.009684397657956386,0
106,168,129,-0.00129335376723658,0
106,168,130,0.002783794810059531,0
106,168,131,0.006474094228632046,0
106,168,132,-0.008877866532440812,0
106,168,133,0.001817629084434996,0
106,168,134,-0.005873055850586108,0
106,168,135,0.007987579930281666,0
106,168,136,-0.004753687045381003,0
106,168,137,-0.02132727527973059,0
106,168,138,0.08712972890855211,0
106,168,139,-0.231631925137028,0
106,168,140,0.416138767289406,0
106,168,141,-0.9211188567912193,0
106,168,142,-0.2434653505376618,0
106,168,143,1,0
106,168,144,-0.02175263944124927,0
106,168,145,0.03761540849660489,0
106,168,146,-0.04856186976231214,0
106,168,147,0.07561433346131295,0
106,168,148,-0.1531352569460951,0
106,168,149,0.3025869588448395,0
106,168,150,-0.5249952899357219,0
106,168,151,-0.161057058665292,0
106,168,152,0.5419912885296614,0
106,168,153,0.01925858582141004,0
106,168,154,-0.03187308655265206,0
106,168,155,0.03739847737897443,0
106,168,156,-0.05601656958310614,0
106,168,157,0.1229538457184365,0
106,168,158,-0.2651720989379331,0
106,168,159,0.5434421122041508,0
106,168,160,0.134251655765456,0
106,168,161,-0.5912546966770563,0
106,168,162,-0.004079046568717903,0
106,168,163,-0.004096245821226805,0
106,168,164,0.03841863882684467,0
106,168,165,-0.1175922069268575,0
106,168,166,0.2808948355667003,0
106,168,167,-0.4807164158780554,0
106,168,168,0.9298606976020298,0
106,168,169,0.2609828216085218,0
106,168,170,-0.952089956880092,0
107,166,0,0.00135818792591011,0
107,166,1,0.0009565223804613757,0
107,166,2,0.001463389700015155,0
107,166,3,-0.001634228812381238,0
107,166,4,-0.001095800073506041,0
107,166,5,-0.002771569766627787,0
107,166,6,-0.0002920493309818444,0
107,166,7,-0.000241580644981839,0
107,166,8,0.001088510746645032,0
107,166,9,0.001836109975719075,0
107,166,10,0.001155619095262718,0
107,166,11,0.001813067526639656,0
107,166,12,-0.0009973166416044803,0
107,166,13,-0.000660796214731173,0
107,166,14,-0.002624863375988796,0
107,166,15,-0.001645749600393654,0
107,166,16,-0.001120830133691977,0
107,166,17,-0.000559105903562649,0
107,166,18,-0.0005128668939153371,0
107,166,19,-0.0003465971074965827,0
107,166,20,0.001046652218998829,0
107,166,21,-0.000491637636192042,0
107,166,22,-0.0003311156088898924,0
107,166,23,4.258489061963222e-05,0
107,166,24,-0.0006039037275677352,0
107,166,25,-0.0004383957682528149,0
107,166,26,-0.0001779346767936355,0
107,166,27,-5.937909023300339e-05,0
107,166,28,0.0003915293693115557,0
107,166,29,-0.004436662859353235,0
107,166,30,-0.001810191482924271,0
107,166,31,-0.002494782958276702,0
107,166,32,0.003782925045907676,0
107,166,33,0.0005131417649799968,0
107,166,34,0.00483217656357396,0
107,166,35,0.0009399458858478197,0
107,166,36,0.001300714960542195,0
107,166,37,-0.001718644415645299,0
107,166,38,-0.004371614780164835,0
107,166,39,-0.001623835564295635,0
107,166,40,-0.003277548127551995,0
107,166,41,0.003392069885498277,0
107,166,42,0.0004660923861845389,0
107,166,43,0.00469717711562712,0
107,166,44,0.00422151416869621,0
107,166,45,0.002688113424446702,0
107,166,46,0.0008116021954794326,0
107,166,47,0.001208496979581433,0
107,166,48,0.00168535592531116,0
107,166,49,-0.001298544218856439,0
107,166,50,0.0003798503246439387,0
107,166,51,0.0002827977887466286,0
107,166,52,-0.0007077490910034527,0
107,166,53,0.0002447279648073222,0
107,166,54,-8.337392501144676e-06,0
107,166,55,-0.0003997025205282253,0
107,166,56,0.0002282822902514029,0
107,166,57,1.250062540400399e-05,0
107,166,58,0.005260525794790257,0
107,166,59,0.001700504247584597,0
107,166,60,0.002495950142994296,0
107,166,61,-0.005124488167786236,0
107,166,62,4.842628436399862e-05,0
107,166,63,-0.004778308135675064,0
107,166,64,-0.001244326884503282,0
107,166,65,-0.002091691725440323,0
107,166,66,0.001673578357860989,0
107,166,67,0.006105714468365281,0
107,166,68,0.001602018111873305,0
107,166,69,0.003331409387914429,0
107,166,70,-0.004128937003860768,0
107,166,71,0.0005797285200825862,0
107,166,72,-0.004837667271205202,0
107,166,73,-0.005285890710990811,0
107,166,74,-0.003112977986822499,0
107,166,75,-0.0006199944409527824,0
107,166,76,-0.002217266197255326,0
107,166,77,-0.00245372368261837,0
107,166,78,0.001310222915231294,0
107,166,79,-0.0007249284126815778,0
107,166,80,-0.0009965557257016579,0
107,166,81,0.0007015172911064972,0
107,166,82,9.673906140927159e-05,0
107,166,83,-0.0002617830917426371,0
107,166,84,0.0002865760065007886,0
107,166,85,-4.090543290370061e-05,0
107,166,86,-0.000198123145153289,0
107,166,87,-0.004422307912784985,0
107,166,88,-0.001054154143471345,0
107,166,89,-0.001412184581644801,0
107,166,90,0.003669916987928373,0
107,166,91,-0.00100237933852342,0
107,166,92,0.002708364257638499,0
107,166,93,0.00111802914342512,0
107,166,94,0.00182739627206467,0
107,166,95,-0.0008927129234038681,0
107,166,96,-0.00453231677450634,0
107,166,97,-0.0006281868633479539,0
107,166,98,-0.002029253150699377,0
107,166,99,0.003508547980838098,0
107,166,100,-0.001054987998360003,0
107,166,101,0.00274525573603982,0
107,166,102,0.00385280123579442,0
107,166,103,0.002332743696600013,0
107,166,104,0.0002548319227731706,0
107,166,105,0.0007538588042771818,0
107,166,106,0.001524775013893096,0
107,166,107,-0.001199351290499538,0
107,166,108,-0.000175354895653636,0
107,166,109,0.0003981950097906359,0
107,166,110,-0.0001405800645482489,0
107,166,111,-0.0001263145895358478,0
107,166,112,9.471533209191762e-05,0
107,166,113,0.000252031594080132,0
107,166,114,-0.0001950252751206493,0
107,166,115,-0.0002093966423105642,0
107,166,116,0.001369423036782539,0
107,166,117,-6.367597695994385e-05,0
107,166,118,-0.00153501321750434,0
107,166,119,0.0008975780669363556,0
107,166,120,-0.000374209446048306,0
107,166,121,-0.0009430682401409445,0
107,166,122,0.001941738912781387,0
107,166,123,-0.0002074074732397203,0
107,166,124,-0.001076211673709114,0
107,166,125,0.001273575833138264,0
107,166,126,-0.001438018598566831,0
107,166,127,-0.0007351867994363986,0
107,166,128,-0.0002253875426986567,0
107,166,129,-0.0009768716908211481,0
107,166,130,-0.0001472518006249361,0
107,166,131,-0.0001862092722931425,0
107,166,132,-0.0003717193734016463,0
107,166,133,-8.698050868467881e-05,0
107,166,134,-0.0002035048706384322,0
107,166,135,-0.5301779353227001,0
107,166,136,0.471161033620369,0
107,166,137,0.123157106455887,0
107,166,138,-0.5599227869979859,0
107,166,139,0.3283800184293738,0
107,166,140,0.2965917987153835,0
107,166,141,0.02836551031341552,0
107,166,142,0.02039974029112103,0
107,166,143,0.04225082420075278,0
107,166,144,0.9068061708185352,0
107,166,145,-0.8176742128349861,0
107,166,146,-0.2097910704264117,0
107,166,147,0.9860399017149462,0
107,166,148,-0.6121398565320176,0
107,166,149,-0.4937502442717672,0
107,166,150,-0.1030370791719155,0
107,166,151,-0.02691359946898762,0
107,166,152,0.008018386122740202,0
107,166,153,-0.8940440022676568,0
107,166,154,0.8191195087221792,0
107,166,155,0.205609289588373,0
107,166,156,-1,0
107,166,157,0.6477812454972364,0
107,166,158,0.4608314007959212,0
107,166,159,0.08117523817106138,0
107,166,160,0.004551249055920037,0
107,166,161,-0.0217029180284363,0
107,166,162,0.5035771964361401,0
107,166,163,-0.4705997917577099,0
107,166,164,-0.1166640883576573,0
107,166,165,0.5816356509676114,0
107,166,166,-0.385257334258345,0
107,166,167,-0.2460486736363348,0
107,166,168,0.006594140201038203,0
107,166,169,0.01236258999435894,0
107,166,170,-0.02102655025099105,0
108,167,0,0.001043075544687096,0
108,167,1,0.0006761281443009868,0
108,167,2,0.0009160555278571032,0
108,167,3,-0.001976682153956028,0
108,167,4,-0.001196095790144069,0
108,167,5,-0.002513731656635017,0
108,167,6,0.002586897032624614,0
108,167,7,0.001645416678872981,0
108,167,8,0.00409168440522281,0
108,167,9,-0.003592316222893108,0
108,167,10,-0.002353373664678988,0
108,167,11,-0.005564772706567774,0
108,167,12,0.002788367859827305,0
108,167,13,0.001514505311008797,0
108,167,14,0.005132602062620445,0
108,167,15,-0.003953270201599153,0
108,167,16,-0.00300919313951809,0
108,167,17,-0.006921257383101724,0
108,167,18,-0.005574347613831973,0
108,167,19,-0.004009553048169899,0
108,167,20,-0.002239441742066959,0
108,167,21,-0.004945598104503502,0
108,167,22,-0.003373927258237906,0
108,167,23,0.0004042235943485524,0
108,167,24,-0.00331906476889417,0
108,167,25,-0.002191898854626682,0
108,167,26,0.001557136191281477,0
108,167,27,6.701630657311499e-05,0
108,167,28,0.003188634726175211,0
108,167,29,-0.001354632417158348,0
108,167,30,-0.0002134337790534042,0
108,167,31,-0.0003390196726998547,0
108,167,32,0.003303251578767176,0
108,167,33,0.0003416915704527391,0
108,167,34,0.001646357718344289,0
108,167,35,-0.004761176664812248,0
108,167,36,-2.026239440505238e-05,0
108,167,37,-0.002792278170820325,0
108,167,38,0.005311598242668116,0
108,167,39,-0.0006296693475165899,0
108,167,40,0.00337061044895772,0
108,167,41,-0.004635089937636465,0
108,167,42,0.0007845600795228266,0
108,167,43,-0.003557375266357445,0
108,167,44,0.007025196479383478,0
108,167,45,-0.0001811688649913194,0
108,167,46,0.003937699751857154,0
108,167,47,0.01062851448331999,0
108,167,48,0.005602372823324746,0
108,167,49,0.001760886819436885,0
108,167,50,0.009414635322049935,0
108,167,51,0.006588754165159617,0
108,167,52,-0.0006889355932093785,0
108,167,53,0.005658086578369657,0
108,167,54,0.00492583564600064,0
108,167,55,-0.001892528735962744,0
108,167,56,0.00235620893127897,0
108,167,57,-0.001933447048296579,0
108,167,58,0.000201710535921919,0
108,167,59,-0.0001724075408668132,0
108,167,60,-0.00041154466213554,0
108,167,61,0.0003042255977950928,0
108,167,62,0.001415371540027294,0
108,167,63,0.001769489498374396,0
108,167,64,9.315199265647068e-05,0
108,167,65,-0.001835308552066327,0
108,167,66,-0.00269970714533159,0
108,167,67,-0.0004706867231187274,0
108,167,68,0.002149754962408266,0
108,167,69,0.003057459891093876,0
108,167,70,-0.0002883548925462539,0
108,167,71,-0.002768319068433912,0
108,167,72,-0.003452627403834539,0
108,167,73,0.00091729601510398,0
108,167,74,0.003449351705156673,0
108,167,75,0.004838960294452489,0
108,167,76,-4.499835641159418e-05,0
108,167,77,0.001322626443274846,0
108,167,78,0.0008160857637985507,0
108,167,79,0.0002757546974385476,0
108,167,80,-0.0002932879590459977,0
108,167,81,-0.0003748109396507901,0
108,167,82,0.0006051699322262686,0
108,167,83,-0.0009273005357354572,0
108,167,84,-0.001419422687576878,0
108,167,85,-0.001327540958606676,0
108,167,86,-0.002188202780444739,0
108,167,87,0.002042408686789204,0
108,167,88,0.000897888030770437,0
108,167,89,0.0009861495880165107,0
108,167,90,-0.002907219774851088,0
108,167,91,-0.000539548822860845,0
108,167,92,-0.002594158214332815,0
108,167,93,0.00437576558752851,0
108,167,94,0.0009593699037407303,0
108,167,95,0.004019208046090674,0
108,167,96,-0.005509692428652859,0
108,167,97,-0.001198080679916993,0
108,167,98,-0.00526698659311545,0
108,167,99,0.004238854335230439,0
108,167,100,1.700967139736462e-05,0
108,167,101,0.004898499605531196,0
108,167,102,-0.007320528084366397,0
108,167,103,-0.001790234387719694,0
108,167,104,-0.006535338738746342,0
108,167,105,-0.01043417303441564,0
108,167,106,-0.006733975508198233,0
108,167,107,-0.003218890120456693,0
108,167,108,-0.008598018364827107,0
108,167,109,-0.006063767396695306,0
108,167,110,0.001128749266509737,0
108,167,111,-0.004608816402461756,0
108,167,112,-0.004030065368425696,0
108,167,113,0.002454624780412953,0
108,167,114,-0.001443566030728995,0
108,167,115,0.002453246441521908,0
108,167,116,-0.0005369365463921609,0
108,167,117,0.0002052328114170693,0
108,167,118,0.002458000384116826,0
108,167,119,-0.0002585604393647307,0
108,167,120,-0.002552763889011063,0
108,167,121,0.001430542042794037,0
108,167,122,0.002813694798263885,0
108,167,123,-0.00181378501418116,0
108,167,124,-0.003102829465455665,0
108,167,125,0.001619874456054085,0
108,167,126,0.003996972757825529,0
108,167,127,-0.002043478188404965,0
108,167,128,0.007238240894811811,0
108,167,129,0.002468996678189903,0
108,167,130,0.005919781089635969,0
108,167,131,0.004815733927633733,0
108,167,132,0.003016395885064698,0
108,167,133,0.003910235399501038,0
108,167,134,0.00192062802689492,0
108,167,135,-0.2935358186848249,0
108,167,136,0.6073149939915602,0
108,167,137,-0.8679781213917195,0
108,167,138,1,0
108,167,139,-0.9769406845371293,0
108,167,140,0.7501257832561563,0
108,167,141,0.5800332303274678,0
108,167,142,0.4691551865788544,0
108,167,143,0.3113529567249874,0
108,167,144,0.1657899380260839,0
108,167,145,-0.3666500055902239,0
108,167,146,0.5560516476019661,0
108,167,147,-0.6493518099292486,0
108,167,148,0.6153176809506251,0
108,167,149,-0.4656528106400201,0
108,167,150,-0.4177608104144868,0
108,167,151,-0.3167919622811894,0
108,167,152,-0.1498945170529368,0
108,167,153,0.2133106874266656,0
108,167,154,-0.4040551190451383,0
108,167,155,0.5211871968545925,0
108,167,156,-0.5947396662301904,0
108,167,157,0.6378447807937941,0
108,167,158,-0.5464280873861971,0
108,167,159,-0.3843445209455556,0
108,167,160,-0.3137423071239899,0
108,167,161,-0.1920037615606536,0
108,167,162,-0.3015585124313896,0
108,167,163,0.6049055800370089,0
108,167,164,-0.8234956042901592,0
108,167,165,0.9414061015465836,0
108,167,166,-0.9512655867302424,0
108,167,167,0.7489930100988016,0
108,167,168,0.6660120973280473,0
108,167,169,0.4819010676584609,0
108,167,170,0.2320251432793501,0
109,169,0,0.00318233892400768,0
109,169,1,0.00198306344152979,0
109,169,2,0.002576525677461164,0
109,169,3,-0.001534418757285119,0
109,169,4,-0.0009647479740617759,0
109,169,5,-0.004283562163047914,0
109,169,6,1.716193640509145e-05,0
109,169,7,8.424730337199294e-05,0
109,169,8,0.001589700846548373,0
109,169,9,-0.0006812619877807564,0
109,169,10,-0.0003000638698376719,0
109,169,11,-0.0002307063685780237,0
109,169,12,0.0003994726713993475,0
109,169,13,0.0004055175196773905,0
109,169,14,0.001310237974860612,0
109,169,15,0.003952734375792562,0
109,169,16,0.002829094182001297,0
109,169,17,0.003521352766120602,0
109,169,18,0.003307563119353801,0
109,169,19,0.002331771134348367,0
109,169,20,-0.0002932414399455314,0
109,169,21,0.002409684175234733,0
109,169,22,0.001645157463805907,0
109,169,23,-0.0007711617390667609,0
109,169,24,0.001337263697934304,0
109,169,25,0.0009471265954087446,0
109,169,26,-0.000860756408630323,0
109,169,27,6.913956294982273e-05,0
109,169,28,-0.001035571838064141,0
109,169,29,-0.006243154554327206,0
109,169,30,-0.002394902867521983,0
109,169,31,-0.003562804184140896,0
109,169,32,0.003153974740317022,0
109,169,33,-0.0009993560581639464,0
109,169,34,0.004259607044532486,0
109,169,35,0.001749893211157821,0
109,169,36,0.002527392191819397,0
109,169,37,0.000911159248924655,0
109,169,38,0.0008844313989575939,0
109,169,39,0.0004050098061087065,0
109,169,40,-0.001021608852797966,0
109,169,41,-0.003032523278503483,0
109,169,42,-0.001264927618807776,0
109,169,43,-0.002711568606202601,0
109,169,44,-0.008087014317311058,0
109,169,45,-0.003251778482571756,0
109,169,46,-0.00194827754559117,0
109,169,47,-0.005488495720754903,0
109,169,48,-0.004089970194662105,0
109,169,49,0.001211738518361515,0
109,169,50,-0.003430918153198769,0
109,169,51,-0.002857770615182168,0
109,169,52,0.001074758822376311,0
109,169,53,-0.001759176875925964,0
109,169,54,-0.001746867597900362,0
109,169,55,0.0008239209715758868,0
109,169,56,-0.0006738308444428411,0
109,169,57,0.0007943631808888145,0
109,169,58,0.005888641548651452,0
109,169,59,0.001295914600335625,0
109,169,60,0.001795064712772873,0
109,169,61,0.0006720454554559661,0
109,169,62,0.00345454448022809,0
109,169,63,-0.000667660185011333,0
109,169,64,-0.00554487322760128,0
109,169,65,-0.002986778096509546,0
109,169,66,-0.004803533918914397,0
109,169,67,-0.001290591986912401,0
109,169,68,-0.001466644622775293,0
109,169,69,0.003181712293708467,0
109,169,70,0.005533761745973026,0
109,169,71,0.001796590548768527,0
109,169,72,0.003814046369004811,0
109,169,73,0.004186198596014517,0
109,169,74,0.001456433315702607,0
109,169,75,-0.002996689207193551,0
109,169,76,0.001594006258340355,0
109,169,77,0.001896965834437265,0
109,169,78,-0.001092515073705993,0
109,169,79,0.0005222741849953943,0
109,169,80,0.001116248741158288,0
109,169,81,2.10859629517895e-05,0
109,169,82,5.038792541204803e-05,0
109,169,83,0.0006658953900164495,0
109,169,84,0.0004294792556230799,0
109,169,85,0.0006330138194684636,0
109,169,86,0.0008499432759271469,0
109,169,87,-0.002183379286135152,0
109,169,88,-0.000238588334228891,0
109,169,89,-0.0004354300501957279,0
109,169,90,-0.003658014412731099,0
109,169,91,-0.002731562174956376,0
109,169,92,-0.001601053726125659,0
109,169,93,0.006749976835321452,0
109,169,94,0.001028221962936975,0
109,169,95,0.004849747172445381,0
109,169,96,0.0004764752137508233,0
109,169,97,0.002587901809593317,0
109,169,98,-0.002589024299122043,0
109,169,99,-0.005930086926444973,0
109,169,100,-0.001209515271152033,0
109,169,101,-0.002276096036741209,0
109,169,102,0.001566706926353174,0
109,169,103,-0.001075213918062725,0
109,169,104,0.003870908550493727,0
109,169,105,0.004081229251274096,0
109,169,106,0.002055513293962555,0
109,169,107,0.001586532977794909,0
109,169,108,0.003330967549418134,0
109,169,109,0.002257067463211261,0
109,169,110,-0.0006105445358035664,0
109,169,111,0.001731165193151905,0
109,169,112,0.001481171546006599,0
109,169,113,-0.001021030876416409,0
109,169,114,0.000641045036496152,0
109,169,115,-0.0006954351366296558,0
109,169,116,0.0003731117552266828,0
109,169,117,-2.806078379959993e-05,0
109,169,118,0.002139084375279649,0
109,169,119,0.0002563045191381223,0
109,169,120,-0.003303739266651334,0
109,169,121,0.001349654815241209,0
109,169,122,-0.0003108864429704643,0
109,169,123,-0.002125364507531659,0
109,169,124,0.002439818355228357,0
109,169,125,-0.0001263426376471676,0
109,169,126,-0.001330230540689508,0
109,169,127,0.001763042276845993,0
109,169,128,-0.002607876795235347,0
109,169,129,-0.0006705270836444059,0
109,169,130,-0.001798834669639395,0
109,169,131,-0.001681455211450655,0
109,169,132,-0.0006831622905459551,0
109,169,133,-0.001203597778558828,0
109,169,134,-0.0004840159240994243,0
109,169,135,-0.7843961701830711,0
109,169,136,0.4981413982055069,0
109,169,137,-0.007340278031042657,0
109,169,138,0.1569210627820887,0
109,169,139,-0.06126287182497148,0
109,169,140,-0.6455408278377804,0
109,169,141,-0.2787460422011969,0
109,169,142,-0.16999764046492,0
109,169,143,-0.09204034125798026,0
109,169,144,0.9752716354480316,0
109,169,145,-0.275606971167997,0
109,169,146,-0.4554330769656164,0
109,169,147,-0.212738889239625,0
109,169,148,0.4865895299985553,0
109,169,149,0.6389691216491982,0
109,169,150,0.2207465030765704,0
109,169,151,0.1083085560612811,0
109,169,152,0.04978364728347133,0
109,169,153,-0.5222718639829367,0
109,169,154,-0.4124354561276816,0
109,169,155,1,0
109,169,156,0.1302852773196434,0
109,169,157,-0.9239782842468091,0
109,169,158,0.007388215978429678,0
109,169,159,0.1186515746326015,0
109,169,160,0.09709597207168781,0
109,169,161,0.06361437834880107,0
109,169,162,0.07251973252658959,0
109,169,163,0.5799941826943155,0
109,169,164,-0.8532084962418629,0
109,169,165,-0.006989531617048125,0
109,169,166,0.7068103125115798,0
109,169,167,-0.2897645914171673,0
109,169,168,-0.2620228218549672,0
109,169,169,-0.1600986778362057,0
109,169,170,-0.06128578980107879,0
110,170,0,6.503504343160079e-05,0
110,170,1,4.397757356251742e-05,0
110,170,2,0.0001499139801594855,0
110,170,3,-0.003054509693512382,0
110,170,4,-0.002008947663194359,0
110,170,5,-0.002814657403691989,0
110,170,6,0.003776134089217354,0
110,170,7,0.002340288987291338,0
110,170,8,0.005828930349767105,0
110,170,9,0.0006290149434685894,0
110,170,10,0.0004334701398155959,0
110,170,11,-0.002942274231973755,0
110,170,12,-0.00260195396445668,0
110,170,13,-0.001438242757588517,0
110,170,14,-0.002385284243617289,0
110,170,15,0.002653425900893936,0
110,170,16,0.002160165951651003,0
110,170,17,0.005730123198847295,0
110,170,18,0.003337611774355821,0
110,170,19,0.002503974027252689,0
110,170,20,0.001395922298014464,0
110,170,21,0.002145112910010345,0
110,170,22,0.001472331844031391,0
110,170,23,-0.0009514324618138083,0
110,170,24,0.0008962804792178744,0
110,170,25,0.0005037428346180406,0
110,170,26,-0.001364782020182651,0
110,170,27,-0.0001683064466264068,0
110,170,28,-0.001255915139877199,0
110,170,29,0.0003645477449496773,0
110,170,30,0.0005361616444449052,0
110,170,31,0.00106891365907068,0
110,170,32,0.004475336863410678,0
110,170,33,0.000709521834982031,0
110,170,34,0.0004872028667105051,0
110,170,35,-0.007008713148108554,0
110,170,36,-0.0005576803325898271,0
110,170,37,-0.005057739873456938,0
110,170,38,-0.000112872782585586,0
110,170,39,-0.002238162174743972,0
110,170,40,0.003077021474677064,0
110,170,41,0.006391503665386362,0
110,170,42,0.002622811450123704,0
110,170,43,0.00384900649222351,0
110,170,44,-0.004157133664626845,0
110,170,45,0.001433239271353181,0
110,170,46,-0.003731787908289558,0
110,170,47,-0.006803092767245637,0
110,170,48,-0.003562671368197615,0
110,170,49,-0.001376546058702909,0
110,170,50,-0.005374258602917926,0
110,170,51,-0.004299653407520412,0
110,170,52,0.0003427277615794955,0
110,170,53,-0.002930276063646144,0
110,170,54,-0.003043443913965504,0
110,170,55,0.0006977031978546443,0
110,170,56,-0.001057183266031635,0
110,170,57,0.001066494197699004,0
110,170,58,-0.005242642361725819,0
110,170,59,-0.002599618884259784,0
110,170,60,-0.003414768568791318,0
110,170,61,-0.000885374951346465,0
110,170,62,-0.000253470626898594,0
110,170,63,0.00454332644538498,0
110,170,64,0.004726294313848791,0
110,170,65,-0.0006636912445490055,0
110,170,66,-0.0002893174840355547,0
110,170,67,0.001886697455303237,0
110,170,68,0.003289722324297613,0
110,170,69,-6.847856655550476e-05,0
110,170,70,-0.004681604368677755,0
110,170,71,-0.000345067148350739,0
110,170,72,-0.002296928901042593,0
110,170,73,-0.004550834471113473,0
110,170,74,-0.005785589119780874,0
110,170,75,-0.003435650446194252,0
110,170,76,-0.001662667197005491,0
110,170,77,-0.002139647975200977,0
110,170,78,0.001353258177004792,0
110,170,79,-0.0008981551900154535,0
110,170,80,-0.0003596698607361413,0
110,170,81,0.001095878549411191,0
110,170,82,-0.0004245010208953981,0
110,170,83,0.0001229559968167951,0
110,170,84,0.0008796255743543733,0
110,170,85,0.0006185173067472557,0
110,170,86,0.0009996837299495048,0
110,170,87,0.00591615676463242,0
110,170,88,0.001620106144353228,0
110,170,89,0.002680203026574947,0
110,170,90,-0.004729614288550649,0
110,170,91,0.0001318547981287962,0
110,170,92,-0.005120539612160267,0
110,170,93,-2.88561347860282e-06,0
110,170,94,-0.0005799129905816792,0
110,170,95,0.003021089611526694,0
110,170,96,-0.000788617926374539,0
110,170,97,-0.0006246681534459978,0
110,170,98,-0.001074249464204831,0
110,170,99,0.002234687367887354,0
110,170,100,0.0001228219273996654,0
110,170,101,0.001014488666905388,0
110,170,102,0.00988678850639964,0
110,170,103,0.004721553683968652,0
110,170,104,0.004903238613295599,0
110,170,105,0.007171771343747115,0
110,170,106,0.006185105656299097,0
110,170,107,0.0002806515923698454,0
110,170,108,0.004274984183166077,0
110,170,109,0.003702657095689047,0
110,170,110,-0.001363789401190433,0
110,170,111,0.001998598432054987,0
110,170,112,0.001861923735635523,0
110,170,113,-0.001485362464312653,0
110,170,114,0.0005367857544338455,0
110,170,115,-0.001343661373213372,0
110,170,116,-0.003791430420548701,0
110,170,117,-0.0003162224738563662,0
110,170,118,0.001843191955525017,0
110,170,119,-0.002543260370453141,0
110,170,120,-0.0008897191531885036,0
110,170,121,0.001361365763248537,0
110,170,122,0.001263534967372229,0
110,170,123,-0.0002196311433088721,0
110,170,124,0.0004473593290206398,0
110,170,125,0.0009757705428588984,0
110,170,126,-0.004985114642179752,0
110,170,127,0.0002600092297117239,0
110,170,128,-0.005240805500946818,0
110,170,129,-0.003208827425971231,0
110,170,130,-0.003817315185112488,0
110,170,131,-0.003542827025441463,0
110,170,132,-0.001944607007057447,0
110,170,133,-0.002497676612793276,0
110,170,134,-0.001155410952975128,0
110,170,135,-0.1292677067597323,0
110,170,136,0.7959586539957015,0
110,170,137,-0.9426068887132513,0
110,170,138,-0.02630074349919924,0
110,170,139,0.8214023669052383,0
110,170,140,-0.508011245204033,0
110,170,141,-0.3656593204167098,0
110,170,142,-0.2271048397666618,0
110,170,143,-0.1043828646055155,0
110,170,144,-0.3310217796673028,0
110,170,145,-0.5395456633608098,0
110,170,146,1,0
110,170,147,0.1218471404772888,0
110,170,148,-0.9220010506660038,0
110,170,149,0.1537995225749694,0
110,170,150,0.2014454551017063,0
110,170,151,0.1389541448359192,0
110,170,152,0.0803408944190003,0
110,170,153,0.9497637411905679,0
110,170,154,-0.4307249788747549,0
110,170,155,-0.2467615688105445,0
110,170,156,-0.2116158742064108,0
110,170,157,0.3014781951436533,0
110,170,158,0.7574203937629298,0
110,170,159,0.2836865543845006,0
110,170,160,0.1507136783945826,0
110,170,161,0.07833539438939038,0
110,170,162,-0.8297588530606296,0
110,170,163,0.7219271499219846,0
110,170,164,-0.2450046785744945,0
110,170,165,0.1914695712730151,0
110,170,166,0.09404410542657274,0
110,170,167,-0.8080842898155772,0
110,170,168,-0.4066199525748385,0
110,170,169,-0.2387365473399771,0
110,170,170,-0.1104383147480845,0
111,163,0,0.003583733482339503,0
111,163,1,0.002155684949947916,0
111,163,2,0.002508108724163436,0
111,163,3,0.003437241756526408,0
111,163,4,0.002448599961456968,0
111,163,5,6.717167993421899e-05,0
111,163,6,-0.0003061965886708998,0
111,163,7,0.0001895110622417484,0
111,163,8,-0.002410829859476145,0
111,163,9,-0.003269447435023873,0
111,163,10,-0.002031146764014186,0
111,163,11,-0.00212497288764634,0
111,163,12,-0.003523926779200272,0
111,163,13,-0.00263338227737447,0
111,163,14,-0.0007737195992900524,0
111,163,15,-0.0006922508055649358,0
111,163,16,-0.0009805939948703062,0
111,163,17,0.001324426386272932,0
111,163,18,0.001481230059170219,0
111,163,19,0.0007126618116123991,0
111,163,20,0.001143435262274866,0
111,163,21,0.00160939780877865,0
111,163,22,0.001094888515288037,0
111,163,23,3.598020432307646e-05,0
111,163,24,0.000881846511263751,0
111,163,25,0.0008968328809494833,0
111,163,26,4.986708460095722e-05,0
111,163,27,0.0004709745580670527,0
111,163,28,0.0004242421621844762,0
111,163,29,-0.005905273126766079,0
111,163,30,-0.002601035368403681,0
111,163,31,-0.004368620979303548,0
111,163,32,-0.006078800377192015,0
111,163,33,-0.003895373470225052,0
111,163,34,-3.105148447709075e-05,0
111,163,35,-0.0008734693513923535,0
111,163,36,-0.001767800249153485,0
111,163,37,0.003822744341005519,0
111,163,38,0.004904669112629731,0
111,163,39,0.002136097978828046,0
111,163,40,0.004433085478280897,0
111,163,41,0.007244457085009188,0
111,163,42,0.004120990954361469,0
111,163,43,0.001113010487442891,0
111,163,44,0.00509859733566108,0
111,163,45,0.004089832141496151,0
111,163,46,-0.00168247470905638,0
111,163,47,0.002619264460543864,0
111,163,48,0.002359759014246357,0
111,163,49,-0.00179759112254915,0
111,163,50,0.002194264359071323,0
111,163,51,0.001487295283215514,0
111,163,52,-0.0005288547763707483,0
111,163,53,0.001444169148528143,0
111,163,54,0.001288372604058339,0
111,163,55,8.705520514660827e-06,0
111,163,56,0.0007672018962053571,0
111,163,57,0.0002863321440179572,0
111,163,58,0.009904689562347309,0
111,163,59,0.003285856571091214,0
111,163,60,0.004224691572070584,0
111,163,61,0.009856555215839865,0
111,163,62,0.006677815493486965,0
111,163,63,0.0001061220718176592,0
111,163,64,0.0008175790980167048,0
111,163,65,0.003547831844348765,0
111,163,66,-0.003881367125517175,0
111,163,67,-0.00935247398453079,0
111,163,68,-0.003003115393114596,0
111,163,69,-0.004693525310067944,0
111,163,70,-0.0108542455769637,0
111,163,71,-0.006802613784762166,0
111,163,72,-0.001041107062038597,0
111,163,73,-0.005379012855842204,0
111,163,74,-0.005473076407275538,0
111,163,75,0.001853530012952744,0
111,163,76,-3.301343783263594e-05,0
111,163,77,-0.001686870840425262,0
111,163,78,0.001939846519152629,0
111,163,79,0.001722262035041529,0
111,163,80,0.0007421354927553695,0
111,163,81,0.0008792322747771925,0
111,163,82,0.00153965662321852,0
111,163,83,0.001299979417325003,0
111,163,84,0.0004353625304085631,0
111,163,85,0.0006415361940272781,0
111,163,86,-7.749324183054954e-07,0
111,163,87,-0.005444925804276392,0
111,163,88,-0.001009698273567363,0
111,163,89,-0.00216244855375294,0
111,163,90,-0.006200845672578948,0
111,163,91,-0.003893684113475691,0
111,163,92,-0.0003806650626928716,0
111,163,93,-0.001317972979796281,0
111,163,94,-0.003092746511411801,0
111,163,95,0.002218387748863062,0
111,163,96,0.005010290057804683,0
111,163,97,0.0003305267300198377,0
111,163,98,0.002432009753662348,0
111,163,99,0.007195024478746277,0
111,163,100,0.003843404488226612,0
111,163,101,0.0006436138005962962,0
111,163,102,0.005057668362117092,0
111,163,103,0.004337010632378816,0
111,163,104,-0.001335885322658567,0
111,163,105,0.002675766211313898,0
111,163,106,0.002893805709480806,0
111,163,107,-0.00111621945659301,0
111,163,108,0.002149005380763343,0
111,163,109,0.002025054918331869,0
111,163,110,7.685926906425462e-05,0
111,163,111,0.001365005089549442,0
111,163,112,0.001466496512657832,0
111,163,113,0.0002193139971484622,0
111,163,114,0.0003988935165203177,0
111,163,115,-0.0002136855393024883,0
111,163,116,0.003423169041783998,0
111,163,117,0.0004063949940035898,0
111,163,118,0.003708685415879969,0
111,163,119,0.002330408153902386,0
111,163,120,7.164406878150608e-05,0
111,163,121,0.002100446549045558,0
111,163,122,-0.003477803109412149,0
111,163,123,-0.0003132790707316618,0
111,163,124,-0.003754067214060628,0
111,163,125,-0.002267621323985388,0
111,163,126,-0.0008995292463694457,0
111,163,127,-0.00206584825173712,0
111,163,128,0.001380952755132037,0
111,163,129,-0.0002113759109541595,0
111,163,130,0.001605327578586578,0
111,163,131,0.001070257396175932,0
111,163,132,0.0008421446013073332,0
111,163,133,0.000942796282741137,0
111,163,134,0.0002218516730444688,0
111,163,135,-0.5297436203224436,0
111,163,136,-0.547164882081404,0
111,163,137,-0.02596987889468838,0
111,163,138,0.422129276436348,0
111,163,139,0.5860783473591554,0
111,163,140,0.1782866668143715,0
111,163,141,0.006357901334438152,0
111,163,142,0.01603610440776979,0
111,163,143,0.02410307883023309,0
111,163,144,0.9386224591746838,0
111,163,145,0.9324234033078378,0
111,163,146,0.1134033653939825,0
111,163,147,-0.8235562216238447,0
111,163,148,-0.9982127706302333,0
111,163,149,-0.3605692421999886,0
111,163,150,-0.05067515548136416,0
111,163,151,0.0005811140667660502,0
111,163,152,0.01009470524706889,0
111,163,153,-0.9119087387140056,0
111,163,154,-0.9393811750793636,0
111,163,155,-0.1325932532883241,0
111,163,156,0.8512692645769677,0
111,163,157,1,0
111,163,158,0.3407657068408443,0
111,163,159,0.05252277541550237,0
111,163,160,-0.000310947253585809,0
111,163,161,-0.01649253242468257,0
111,163,162,0.4811668777178758,0
111,163,163,0.5563022264023699,0
111,163,164,0.05884607714218794,0
111,163,165,-0.472256173614262,0
111,163,166,-0.5807115008722399,0
111,163,167,-0.1562976013974909,0
111,163,168,0.0002128867718416801,0
111,163,169,-0.01177226406257405,0
111,163,170,-0.02568266617934798,0
112,162,0,0.002041894792502296,0
112,162,1,0.001305979350757341,0
112,162,2,0.001744002465404198,0
112,162,3,-0.003752620738158193,0
112,162,4,-0.002348950440329792,0
112,162,5,-0.004884815131997215,0
112,162,6,0.004420006213951303,0
112,162,7,0.00265721435750708,0
112,162,8,0.006732371163422913,0
112,162,9,-0.004686240844528503,0
112,162,10,-0.002990600570139833,0
112,162,11,-0.007905340997582212,0
112,162,12,0.003185055955260312,0
112,162,13,0.001703644157671559,0
112,162,14,0.006179767629634977,0
112,162,15,-0.003205168286687586,0
112,162,16,-0.002406699265229551,0
112,162,17,-0.006312199291923086,0
112,162,18,-0.004186080739729579,0
112,162,19,-0.003033478626342709,0
112,162,20,-0.001572193695096883,0
112,162,21,0.003270428951648766,0
112,162,22,0.002090762592372497,0
112,162,23,0.006485305841302273,0
112,162,24,0.006960174823394874,0
112,162,25,0.004600221061596223,0
112,162,26,0.00322429782101833,0
112,162,27,7.176768721748028e-06,0
112,162,28,-0.006254500829191387,0
112,162,29,-0.001278177334883295,0
112,162,30,0.0004519978016680788,0
112,162,31,0.0006469981811655821,0
112,162,32,0.00150122842408004,0
112,162,33,-0.002600370318332269,0
112,162,34,-0.002447659876995309,0
112,162,35,-0.001683009620470175,0
112,162,36,0.003855970593514938,0
112,162,37,0.004051594431875264,0
112,162,38,0.001803254634998187,0
112,162,39,-0.004645065264077973,0
112,162,40,-0.00492867022633254,0
112,162,41,-0.0009000089835272609,0
112,162,42,0.004025006994804458,0
112,162,43,0.004118104855546796,0
112,162,44,0.001635001677814594,0
112,162,45,-0.003506080946075,0
112,162,46,-0.003844174438231885,0
112,162,47,0.002066768691346092,0
112,162,48,0.0002517457713797611,0
112,162,49,-0.0008233350705309796,0
112,162,50,-0.001193888203645512,0
112,162,51,0.004013473529393057,0
112,162,52,0.00367004252562439,0
112,162,53,-0.002947420211270797,0
112,162,54,0.0004332929153499283,0
112,162,55,0.001698926088149926,0
112,162,56,-0.004596320777853025,0
112,162,57,-0.003527706260893329,0
112,162,58,-0.00193177770745174,0
112,162,59,-0.0007338247337359292,0
112,162,60,-0.0009233893768646081,0
112,162,61,0.004512575218239828,0
112,162,62,0.001060564769995724,0
112,162,63,0.002999035978101325,0
112,162,64,-0.005449431407708989,0
112,162,65,-0.0003750630908524918,0
112,162,66,-0.0042384108231736,0
112,162,67,0.005696250737942873,0
112,162,68,-2.407616955876399e-05,0
112,162,69,0.004597629294120748,0
112,162,70,-0.004249114714914039,0
112,162,71,0.0006491213014786702,0
112,162,72,-0.003731731025199773,0
112,162,73,0.003478532589604443,0
112,162,74,-0.0002743626447494151,0
112,162,75,0.003654624432517808,0
112,162,76,0.004500665230997086,0
112,162,77,0.002660369735748141,0
112,162,78,0.0009985936992405039,0
112,162,79,-0.004012822735435962,0
112,162,80,0.0001450689276490934,0
112,162,81,-0.003653624381906902,0
112,162,82,-0.007933044879279857,0
112,162,83,-0.003985580524707578,0
112,162,84,-0.001699398893794596,0
112,162,85,-0.00259314752027332,0
112,162,86,0.00364262348093168,0
112,162,87,-0.0005348217734688686,0
112,162,88,-0.001006941249718034,0
112,162,89,-0.001357040383913537,0
112,162,90,0.0009827359749509258,0
112,162,91,0.002779630277155928,0
112,162,92,0.004217869131051345,0
112,162,93,-0.001886359122578199,0
112,162,94,-0.004227901912357826,0
112,162,95,-0.0065784722061905,0
112,162,96,0.002405376580045119,0
112,162,97,0.00489170440443869,0
112,162,98,0.008310931349872165,0
112,162,99,-0.00138160300940415,0
112,162,100,-0.003454540555943585,0
112,162,101,-0.006811893197489603,0
112,162,102,0.001245410944545628,0
112,162,103,0.003655688707188926,0
112,162,104,0.006243896697790324,0
112,162,105,0.001459590087064773,0
112,162,106,0.001844534701495639,0
112,162,107,0.00144280396976019,0
112,162,108,-0.001607785396048766,0
112,162,109,-0.003734181086002411,0
112,162,110,-0.006360595403314848,0
112,162,111,-0.002765843272842797,0
112,162,112,-0.00308727276660633,0
112,162,113,-0.00273259743791268,0
112,162,114,0.002682415718639434,0
112,162,115,0.006091909329654156,0
112,162,116,0.001588014658649058,0
112,162,117,2.32591051977534e-05,0
112,162,118,-0.003351723665531102,0
112,162,119,0.0009531626153648775,0
112,162,120,0.004542388607327836,0
112,162,121,-0.00200221499968197,0
112,162,122,-0.005077550381563259,0
112,162,123,0.002845653631756443,0
112,162,124,0.003460225488593472,0
112,162,125,-0.003010766156975351,0
112,162,126,-0.003141573356989938,0
112,162,127,0.002370532420697875,0
112,162,128,-0.003888821762217849,0
112,162,129,-0.001719843065347307,0
112,162,130,0.003549188706819702,0
112,162,131,-0.002420941871990664,0
112,162,132,0.006703455151018277,0
112,162,133,0.002422215223951137,0
112,162,134,0.004480928349690108,0
112,162,135,-0.4251336880280168,0
112,162,136,0.7397357431604838,0
112,162,137,-0.9158253229577848,0
112,162,138,0.9111843966905278,0
112,162,139,-0.7289150519802472,0
112,162,140,0.439388930312584,0
112,162,141,0.3827044845078599,0
112,162,142,-0.2149414268315475,0
112,162,143,-0.4958819057047684,0
112,162,144,-0.1697299535163557,0
112,162,145,0.433856685705558,0
112,162,146,-0.5727507114296239,0
112,162,147,0.5765987033401643,0
112,162,148,-0.4894047659459515,0
112,162,149,0.2076770285502314,0
112,162,150,0.2064565928633403,0
112,162,151,-0.1258287555061352,0
112,162,152,-0.2855648409919358,0
112,162,153,0.2204980117799754,0
112,162,154,-0.4701303997280707,0
112,162,155,0.5491723601023825,0
112,162,156,-0.5203711467063649,0
112,162,157,0.469186035079414,0
112,162,158,-0.2522430676392347,0
112,162,159,-0.2175340417798352,0
112,162,160,0.1358094294801263,0
112,162,161,0.2840712012876499,0
112,162,162,0.3307669101647905,0
112,162,163,-0.6707940194933979,0
112,162,164,0.9450372969754226,0
112,162,165,-1,0
112,162,166,0.7747248033955078,0
112,162,167,-0.3968217885306163,0
112,162,168,-0.360607927603414,0
112,162,169,0.2288468121200869,0
112,162,170,0.4826378940159114,0
113,161,0,-0.002235560343495317,0
113,161,1,0.0002331966175745422,0
113,161,2,0.002807221053490351,0
113,161,3,-0.004370271703021493,0
113,161,4,-0.002531337834706209,0
113,161,5,-0.0002634655351772913,0
113,161,6,-0.004638558099597534,0
113,161,7,-0.00424759273263794,0
113,161,8,-0.002532661376551318,0
113,161,9,0.003669532351873895,0
113,161,10,0.00014601012366674,0
113,161,11,0.001769142976413202,0
113,161,12,0.0008190642349158371,0
113,161,13,-0.001002575501699588,0
113,161,14,-0.007018479121790593,0
113,161,15,0.006449895758448638,0
113,161,16,0.003932351563623046,0
113,161,17,0.003326584680514441,0
113,161,18,-0.009510577003325664,0
113,161,19,-0.005555805420369584,0
113,161,20,-0.01230192577459654,0
113,161,21,-0.005119295297272362,0
113,161,22,-0.002830738721272007,0
113,161,23,0.00548561610605442,0
113,161,24,0.009949618305194681,0
113,161,25,0.007082483934977494,0
113,161,26,0.01469407888183944,0
113,161,27,0.0007612913931895352,0
113,161,28,-0.006932141635912853,0
113,161,29,-0.003716073326129806,0
113,161,30,0.0008306204630638747,0
113,161,31,0.002418183885121048,0
113,161,32,-0.0007361811796532084,0
113,161,33,-0.0003314229300764956,0
113,161,34,0.003615978710405094,0
113,161,35,-0.001648510034924224,0
113,161,36,-0.003701438689204486,0
113,161,37,-0.004531048394668708,0
113,161,38,-0.0008108691589869105,0
113,161,39,-0.0007635453456123303,0
113,161,40,-0.0009116885985457849,0
113,161,41,0.001428352809158007,0
113,161,42,-0.005335922201836566,0
113,161,43,-0.007790259004154636,0
113,161,44,0.007853924895185075,0
113,161,45,0.007572683012573176,0
113,161,46,0.008234633216946693,0
113,161,47,-0.002729632148239303,0
113,161,48,-0.01037409054674364,0
113,161,49,-0.02033895497328999,0
113,161,50,-0.001111020780318318,0
113,161,51,0.00373196475309459,0
113,161,52,0.007860340175144857,0
113,161,53,0.006369265137148247,0
113,161,54,0.01547043773532261,0
113,161,55,0.02208796840967865,0
113,161,56,-0.004615187118399978,0
113,161,57,-0.01135315336328043,0
113,161,58,0.0003943373307264068,0
113,161,59,0.002228288006216261,0
113,161,60,0.002523294278178605,0
113,161,61,0.0002522619044720449,0
113,161,62,0.003013144966749758,0
113,161,63,0.003701290334332242,0
113,161,64,-0.0001335982099206704,0
113,161,65,-0.003385858154263714,0
113,161,66,-0.004385090358111097,0
113,161,67,-0.0003836882834502472,0
113,161,68,-0.001121790604789317,0
113,161,69,-0.0009656602765851446,0
113,161,70,8.026411558625762e-05,0
113,161,71,-0.006087081055994812,0
113,161,72,-0.007688042922795246,0
113,161,73,0.000305938207927138,0
113,161,74,0.006117256182136622,0
113,161,75,0.007984462865429903,0
113,161,76,0.0005000685035291048,0
113,161,77,-0.01473954158909441,0
113,161,78,-0.02040796311505,0
113,161,79,0.0007726084190880226,0
113,161,80,0.006444122734603114,0
113,161,81,0.008131415539254803,0
113,161,82,0.0003948020236280844,0
113,161,83,0.0167461757842091,0
113,161,84,0.02179370645954583,0
113,161,85,-0.008287347566373735,0
113,161,86,-0.01149833653926477,0
113,161,87,0.004550913151456546,0
113,161,88,0.003871188782642226,0
113,161,89,0.003099233752264698,0
113,161,90,0.001190966902347827,0
113,161,91,0.003469538012442289,0
113,161,92,-0.0002715160070063914,0
113,161,93,0.00139740021764976,0
113,161,94,-0.001481040176901845,0
113,161,95,-0.002177696365516148,0
113,161,96,-0.0001142686021840299,0
113,161,97,0.0004016677694347305,0
113,161,98,0.001422889117842204,0
113,161,99,-0.001905195949619064,0
113,161,100,-0.006438999183494861,0
113,161,101,-0.00697871413972143,0
113,161,102,-0.007512224725416222,0
113,161,103,0.00069862248014616,0
113,161,104,0.003097094686564944,0
113,161,105,0.003539474986904497,0
113,161,106,-0.01338641415510417,0
113,161,107,-0.01234464003186754,0
113,161,108,0.00216671908657434,0
113,161,109,0.007231962231320843,0
113,161,110,0.006043043383364422,0
113,161,111,-0.005830268447773009,0
113,161,112,0.01213252956439265,0
113,161,113,0.01404787981014437,0
113,161,114,-0.008810531296069183,0
113,161,115,-0.007147509637287941,0
113,161,116,0.002855071608495601,0
113,161,117,0.002313775524986271,0
113,161,118,0.005139852767480666,0
113,161,119,0.002940801978290265,0
113,161,120,0.00433607432358171,0
113,161,121,0.00258859214977932,0
113,161,122,-0.003885692340491823,0
113,161,123,0.0006479806236067413,0
113,161,124,-0.0009045444741967901,0
113,161,125,-0.004415964227252648,0
113,161,126,-0.006022232403658685,0
113,161,127,-0.001480820832736661,0
113,161,128,0.0100331374805756,0
113,161,129,-0.003247501344349128,0
113,161,130,0.004783942958373659,0
113,161,131,0.007210961224318833,0
113,161,132,-0.009760428433337265,0
113,161,133,0.003573767250680055,0
113,161,134,-0.005876363143726703,0
113,161,135,-0.19962303973977,0
113,161,136,0.07260379891844687,0
113,161,137,0.3205999865224003,0
113,161,138,-0.5745237229147617,0
113,161,139,0.4737965917658604,0
113,161,140,-0.2383626145284677,0
113,161,141,0.6170894763974037,0
113,161,142,0.3191519178832322,0
113,161,143,-0.6101157938622871,0
113,161,144,0.2359449489119711,0
113,161,145,-0.307666586738939,0
113,161,146,0.2327947474895997,0
113,161,147,-0.270722557472878,0
113,161,148,0.6139394014482101,0
113,161,149,-0.8915090531452526,0
113,161,150,0.7820078952975649,0
113,161,151,0.4067680588808354,0
113,161,152,-0.9881792685167641,0
113,161,153,0.2429298827912597,0
113,161,154,-0.2941786910993104,0
113,161,155,0.2075936846655879,0
113,161,156,-0.2765895002408112,0
113,161,157,0.5775684750225341,0
113,161,158,-0.8888792051321511,0
113,161,159,0.7805616458282075,0
113,161,160,0.3877078291642252,0
113,161,161,-1,0
113,161,162,-0.2138617521175027,0
113,161,163,0.09972409100174459,0
113,161,164,0.289954618728316,0
113,161,165,-0.5352377376894959,0
113,161,166,0.4703936428375623,0
113,161,167,-0.2190056162902913,0
113,161,168,0.6191843391672376,0
113,161,169,0.2851265689514619,0
113,161,170,-0.6254627718058167,0
114,160,0,-0.005373909992534716,0
114,160,1,-0.002905726068121781,0
114,160,2,-0.003113468480212586,0
114,160,3,0.001492072348596118,0
114,160,4,0.001024638242784581,0
114,160,5,0.006698326268807413,0
114,160,6,0.001214224540458729,0
114,160,7,0.0002721419849499259,0
114,160,8,-0.001359493841308466,0
114,160,9,-0.003349617587404114,0
114,160,10,-0.002879855766190665,0
114,160,11,-0.006017997516000156,0
114,160,12,0.001437421939630579,0
114,160,13,0.0006711363551138296,0
114,160,14,0.003360949140013262,0
114,160,15,0.008587345912937902,0
114,160,16,0.006158929563949348,0
114,160,17,0.007051777759956546,0
114,160,18,0.0003107057323729727,0
114,160,19,0.0008577434295283907,0
114,160,20,-0.00574388724984868,0
114,160,21,0.0002657693941431659,0
114,160,22,0.0004570139174250372,0
114,160,23,0.0006645410082913959,0
114,160,24,0.004708099279761148,0
114,160,25,0.003267008913070646,0
114,160,26,0.004306412830447114,0
114,160,27,0.0001973107349252049,0
114,160,28,-0.003717934099321636,0
114,160,29,0.005860622810362942,0
114,160,30,0.002019483140939695,0
114,160,31,0.003332589280850626,0
114,160,32,-0.005569414115352761,0
114,160,33,0.001277521698201744,0
114,160,34,-0.003297376697217015,0
114,160,35,-0.004480640872222298,0
114,160,36,-0.004274935344602869,0
114,160,37,-0.001028883828061971,0
114,160,38,0.008106457280474176,0
114,160,39,0.0003893729110395425,0
114,160,40,0.004002375535369651,0
114,160,41,-0.0009724823494277463,0
114,160,42,0.00133964585595749,0
114,160,43,-0.005894887186031799,0
114,160,44,-0.008574209060088654,0
114,160,45,-0.001034316523621457,0
114,160,46,-0.001125811542357,0
114,160,47,-0.008898224490056597,0
114,160,48,-0.01018559564390385,0
114,160,49,-0.00647307051300727,0
114,160,50,-0.004949953337390207,0
114,160,51,-0.002647846398619071,0
114,160,52,0.004603686907619827,0
114,160,53,0.0002294941614170809,0
114,160,54,0.003443436874728776,0
114,160,55,0.009205747627906456,0
114,160,56,-0.002619846501161011,0
114,160,57,-0.003580591325115831,0
114,160,58,-0.0002914625137148719,0
114,160,59,0.002411093362843915,0
114,160,60,0.003399625297668246,0
114,160,61,-0.0003834938358184682,0
114,160,62,-0.002606666236067334,0
114,160,63,-0.003359108432344396,0
114,160,64,-0.0002241564256045853,0
114,160,65,-0.001019696651178294,0
114,160,66,-0.001026161672799063,0
114,160,67,0.0001673879960042324,0
114,160,68,0.002858337296038815,0
114,160,69,0.004148784540799981,0
114,160,70,-0.0006341103209526387,0
114,160,71,-0.004778997198625867,0
114,160,72,-0.006525085737234205,0
114,160,73,-0.0003704675538183925,0
114,160,74,-0.00108091135442296,0
114,160,75,-0.0007138356485095926,0
114,160,76,0.0001201324252313948,0
114,160,77,-0.004773185128048061,0
114,160,78,-0.005942099604051381,0
114,160,79,-0.0003209466304831776,0
114,160,80,0.003212592948357477,0
114,160,81,0.004232758078427888,0
114,160,82,-0.000472844569156784,0
114,160,83,0.006475831023552546,0
114,160,84,0.008912767161355042,0
114,160,85,-0.002717243673240273,0
114,160,86,-0.003378712429860418,0
114,160,87,-0.006403749142323152,0
114,160,88,-0.00190404067805762,0
114,160,89,-0.003176822456322372,0
114,160,90,0.00570420422461078,0
114,160,91,0.001267470136415313,0
114,160,92,0.007261836971517331,0
114,160,93,0.004531553449898784,0
114,160,94,0.002349121256239403,0
114,160,95,-0.001769963561236247,0
114,160,96,-0.006909624117603405,0
114,160,97,-0.001170599986637443,0
114,160,98,-0.005207675055641089,0
114,160,99,0.002113118625859796,0
114,160,100,-0.002974225840125452,0
114,160,101,0.002779260201056866,0
114,160,102,0.008830484171748169,0
114,160,103,0.006083992177779741,0
114,160,104,0.007092870126094334,0
114,160,105,0.008417043153440069,0
114,160,106,0.001438361041510961,0
114,160,107,-0.005473089174462438,0
114,160,108,0.004157423579242192,0
114,160,109,0.005853104100483183,0
114,160,110,0.000200328943339718,0
114,160,111,-0.0009861239604036533,0
114,160,112,0.005799692718752222,0
114,160,113,0.003806507445701318,0
114,160,114,-0.00276591941489191,0
114,160,115,-0.003246196702186324,0
114,160,116,0.005119483672516557,0
114,160,117,0.0005972569320601819,0
114,160,118,-0.002283158204762614,0
114,160,119,0.003636976461350265,0
114,160,120,-0.0007643142277950313,0
114,160,121,-0.001563369967637535,0
114,160,122,0.003250225439337291,0
114,160,123,-0.00104041629560974,0
114,160,124,-0.001070295095419283,0
114,160,125,0.001618502648053759,0
114,160,126,-0.008864045546684483,0
114,160,127,-0.0008383933534145234,0
114,160,128,-0.001399129283610281,0
114,160,129,-0.005303097027517703,0
114,160,130,-0.001042951441462531,0
114,160,131,-0.0007261071628820651,0
114,160,132,-0.004661586995395432,0
114,160,133,-0.0004984704220911111,0
114,160,134,-0.002754184739812227,0
114,160,135,0.918120623459281,0
114,160,136,-0.6549633296088246,0
114,160,137,-0.4634597771087438,0
114,160,138,0.9177731673515696,0
114,160,139,0.04310690873391565,0
114,160,140,-0.9805852920887866,0
114,160,141,-0.1026432064840553,0
114,160,142,-0.04996455692180687,0
114,160,143,-0.3052462153967402,0
114,160,144,-0.5558229955622219,0
114,160,145,0.3679748601916524,0
114,160,146,0.3813660955718542,0
114,160,147,-0.7994077008614777,0
114,160,148,0.2468931535820429,0
114,160,149,0.2858465577100439,0
114,160,150,0.5247674065398946,0
114,160,151,0.2349116810605356,0
114,160,152,-0.3366039099555391,0
114,160,153,-0.5733955735095171,0
114,160,154,0.3566146484162731,0
114,160,155,0.4755504077731867,0
114,160,156,-0.7779338721497987,0
114,160,157,0.3544835207289481,0
114,160,158,0.3034710204557396,0
114,160,159,0.5087945176303331,0
114,160,160,0.2425145166437186,0
114,160,161,-0.316780881106855,0
114,160,162,0.9433180995506339,0
114,160,163,-0.7473196574402089,0
114,160,164,-0.3814881983284202,0
114,160,165,0.8002746978162512,0
114,160,166,0.03061922161018844,0
114,160,167,-1,0
114,160,168,-0.1349913018082929,0
114,160,169,-0.04197868162648098,0
114,160,170,-0.269051410367623,0
115,159,0,-0.001332065077109032,0
115,159,1,-0.0009986200619555737,0
115,159,2,-0.001496981003082238,0
115,159,3,-0.002703010250840259,0
115,159,4,-0.001863536376350171,0
115,159,5,-0.001379831662869958,0
115,159,6,-0.003131006594938176,0
115,159,7,-0.002106964488464088,0
115,159,8,-0.0003751634308303051,0
115,159,9,-0.002769984358450352,0
115,159,10,-0.001853991331073431,0
115,159,11,0.0004051843475196761,0
115,159,12,-0.001957947604696622,0
115,159,13,-0.001326531282151448,0
115,159,14,0.0007733945743209348,0
115,159,15,-0.0007631838448865893,0
115,159,16,-0.000584329415097444,0
115,159,17,0.001001433830881075,0
115,159,18,-1.751992779197696e-05,0
115,159,19,-4.732146886835516e-05,0
115,159,20,0.0005851804630807721,0
115,159,21,-8.060385123408498e-05,0
115,159,22,-6.04211011565591e-05,0
115,159,23,-7.81629947140026e-05,0
115,159,24,-0.000175457870761033,0
115,159,25,-0.0001042540684038207,0
115,159,26,-5.755211742395226e-05,0
115,159,27,2.260400820381267e-05,0
115,159,28,0.0002167493356993783,0
115,159,29,0.004503497077504179,0
115,159,30,0.002037170830620698,0
115,159,31,0.002884840797648201,0
115,159,32,0.008056644773566003,0
115,159,33,0.004533278856137941,0
115,159,34,0.002172235143731722,0
115,159,35,0.009148172761780623,0
115,159,36,0.005989652182441806,0
115,159,37,0.0009050385896024714,0
115,159,38,0.007875631573804161,0
115,159,39,0.005639009996244622,0
115,159,40,-0.0006495041305600987,0
115,159,41,0.005414427582445129,0
115,159,42,0.0041752129570508,0
115,159,43,-0.00159923416761778,0
115,159,44,0.002672751963309928,0
115,159,45,0.002562947047658394,0
115,159,46,-0.001583658387393808,0
115,159,47,0.0007277333366188431,0
115,159,48,0.0009122447527178701,0
115,159,49,-0.001179902839242348,0
115,159,50,0.0003655802381674382,0
115,159,51,0.0001758431168776881,0
115,159,52,-0.0004523006996901263,0
115,159,53,0.0002179308853195184,0
115,159,54,0.000114493729916298,0
115,159,55,-0.0001697942910867676,0
115,159,56,0.0001832957299260287,0
115,159,57,8.034916787749264e-05,0
115,159,58,-0.005639907320150829,0
115,159,59,-0.001925522507549138,0
115,159,60,-0.002974372308782402,0
115,159,61,-0.009647773215361378,0
115,159,62,-0.005055806695304425,0
115,159,63,-0.001952372489313454,0
115,159,64,-0.01154124645740937,0
115,159,65,-0.007129318839341302,0
115,159,66,-0.0009200932792181439,0
115,159,67,-0.01050159798584375,0
115,159,68,-0.007484461453728702,0
115,159,69,0.0004725265707746089,0
115,159,70,-0.007025639442086467,0
115,159,71,-0.005832190115993272,0
115,159,72,0.001832433521753,0
115,159,73,-0.003497029009382218,0
115,159,74,-0.00358347038695799,0
115,159,75,0.001665260407213663,0
115,159,76,-0.0007527378835793567,0
115,159,77,-0.001409278763550735,0
115,159,78,0.001170058671851862,0
115,159,79,0.000136113910292478,0
115,159,80,-0.0002417283555563046,0
115,159,81,0.0003599848524754572,0
115,159,82,0.0003087176225202212,0
115,159,83,9.876913780766647e-05,0
115,159,84,3.460261935149294e-05,0
115,159,85,8.853971841212421e-05,0
115,159,86,-0.0001188496352362367,0
115,159,87,0.004698567725335314,0
115,159,88,0.001038759068398143,0
115,159,89,0.001516988698103903,0
115,159,90,0.007680359737318967,0
115,159,91,0.003803238382469962,0
115,159,92,0.0009676085501948174,0
115,159,93,0.009002075820656,0
115,159,94,0.005426656236375996,0
115,159,95,0.0004040360396168147,0
115,159,96,0.008337683060132873,0
115,159,97,0.005931344499768601,0
115,159,98,-0.0002037728931588838,0
115,159,99,0.005438561708476245,0
115,159,100,0.004918598245338813,0
115,159,101,-0.001077502379780875,0
115,159,102,0.002503984674808435,0
115,159,103,0.00288370913933823,0
115,159,104,-0.001210043105261502,0
115,159,105,0.0006137690647277343,0
115,159,106,0.001244414601110142,0
115,159,107,-0.0006050968581756301,0
115,159,108,0.0002699334485150743,0
115,159,109,0.0004410451453036758,0
115,159,110,1.502705606104201e-05,0
115,159,111,0.0001857639361981243,0
115,159,112,0.0001696221802994759,0
115,159,113,2.942125730951931e-06,0
115,159,114,-5.442167052305737e-05,0
115,159,115,-0.0001979833564580976,0
115,159,116,-0.001469326751493493,0
115,159,117,5.946315360266951e-05,0
115,159,118,-0.002495354234104246,0
115,159,119,-0.0009804063295540796,0
115,159,120,-0.003067090918579968,0
115,159,121,-0.001734065399575967,0
115,159,122,-0.003030082353172957,0
115,159,123,-0.002142776888926044,0
115,159,124,-0.001972377719134029,0
115,159,125,-0.002092575661980514,0
115,159,126,-0.0006572073641388102,0
115,159,127,-0.001338086387160404,0
115,159,128,7.498226606404385e-06,0
115,159,129,-0.0004402106685155032,0
115,159,130,-3.895356603623227e-05,0
115,159,131,-5.971809467274999e-06,0
115,159,132,-0.0001119085049557039,0
115,159,133,-4.725989849158746e-05,0
115,159,134,-0.000109397662566029,0
115,159,135,0.251532765202835,0
115,159,136,0.5015983055424471,0
115,159,137,0.5594351438817686,0
115,159,138,0.4753523214367651,0
115,159,139,0.3304828062597209,0
115,159,140,0.0903521432212059,0
115,159,141,0.005116191592758191,0
115,159,142,0.01200670260660288,0
115,159,143,0.0164050870877723,0
115,159,144,-0.4845842987526219,0
115,159,145,-0.8528597353704781,0
115,159,146,-1,0
115,159,147,-0.8734876142249297,0
115,159,148,-0.5712653288881379,0
115,159,149,-0.1783388654070053,0
115,159,150,-0.02646302097331892,0
115,159,151,0.00102943530134146,0
115,159,152,0.008895806014389112,0
115,159,153,0.5113538215613428,0
115,159,154,0.8290214733785223,0
115,159,155,0.9868179338117843,0
115,159,156,0.9076526947822001,0
115,159,157,0.5626995016146842,0
115,159,158,0.1589485502273097,0
115,159,159,0.01822923999788531,0
115,159,160,-0.004903148422559349,0
115,159,161,-0.007139621682392685,0
115,159,162,-0.2888658741140361,0
115,159,163,-0.4624947190255954,0
115,159,164,-0.5443849010040328,0
115,159,165,-0.5228070294508412,0
115,159,166,-0.321853064428366,0
115,159,167,-0.05678618989304512,0
115,159,168,0.001991902175335805,0
115,159,169,-0.008700251666470253,0
115,159,170,-0.01270460013300219,0
116,151,0,-0.00440541658240801,0
116,151,1,-0.002826708664418709,0
116,151,2,-0.003753078491071098,0
116,151,3,0.005667663375651113,0
116,151,4,0.003442774850120598,0
116,151,5,0.008379789987994145,0
116,151,6,-0.003773749562377763,0
116,151,7,-0.002427309967167615,0
116,151,8,-0.008315330410511391,0
116,151,9,-0.001561910881992771,0
116,151,10,-0.001295465673841706,0
116,151,11,0.001440202450515272,0
116,151,12,0.003961604059805062,0
116,151,13,0.001966324999213232,0
116,151,14,0.003553529519036117,0
116,151,15,-0.007669477883489735,0
116,151,16,-0.005780230711148783,0
116,151,17,-0.01191157763034715,0
116,151,18,-0.001744481696461607,0
116,151,19,-0.001798489679598578,0
116,151,20,0.003538203578258185,0
116,151,21,0.01107844982133896,0
116,151,22,0.007183484989227729,0
116,151,23,0.01099115926617142,0
116,151,24,0.01356194688465191,0
116,151,25,0.008984740006497693,0
116,151,26,0.002055490037087237,0
116,151,27,5.248238208438778e-06,0
116,151,28,-0.01222207224861472,0
116,151,29,0.002051693804973042,0
116,151,30,-0.001392566128376831,0
116,151,31,-0.001886429596174306,0
116,151,32,-0.002135584071892672,0
116,151,33,0.004777821899925111,0
116,151,34,0.004840407679738266,0
116,151,35,0.00129490795623992,0
116,151,36,-0.005291401227498434,0
116,151,37,-0.005397673831192897,0
116,151,38,0.0009081313309960338,0
116,151,39,0.001723353619965676,0
116,151,40,0.00137427564517273,0
116,151,41,-0.001292534976619705,0
116,151,42,0.001826334943083771,0
116,151,43,0.001984170202404129,0
116,151,44,0.003361227137634643,0
116,151,45,-0.006425430755387521,0
116,151,46,-0.007268574926581609,0
116,151,47,0.001331102061158475,0
116,151,48,0.003556450442507049,0
116,151,49,0.002445361825384707,0
116,151,50,-0.004308384534463942,0
116,151,51,0.005273414850444199,0
116,151,52,0.00614477101445402,0
116,151,53,-0.005814082732478211,0
116,151,54,-0.002310292459328066,0
116,151,55,0.0008651920844140444,0
116,151,56,-0.008951457161540237,0
116,151,57,-0.006745133110114452,0
116,151,58,0.00475695730687232,0
116,151,59,0.001704758995903016,0
116,151,60,0.00226027835913033,0
116,151,61,-0.006995966894840605,0
116,151,62,-0.0007554382214624269,0
116,151,63,-0.004897206350073536,0
116,151,64,0.00456770632992282,0
116,151,65,-0.001079496060196378,0
116,151,66,0.004627146216988731,0
116,151,67,0.001538776681726804,0
116,151,68,0.002334214239501753,0
116,151,69,-0.0006154266728371911,0
116,151,70,-0.005043508855950992,0
116,151,71,-0.001266699242761146,0
116,151,72,-0.002420530621157298,0
116,151,73,0.008935284201939571,0
116,151,74,0.001226516546021986,0
116,151,75,0.006768181854930492,0
116,151,76,0.001870462344938887,0
116,151,77,0.003690234943375541,0
116,151,78,-0.001759975668467056,0
116,151,79,-0.01282360328463005,0
116,151,80,-0.003801482656979935,0
116,151,81,-0.006399258847661608,0
116,151,82,-0.01540684184127877,0
116,151,83,-0.009532702837702035,0
116,151,84,-0.001164061134380221,0
116,151,85,-0.004899320514677349,0
116,151,86,0.007349144382913287,0
116,151,87,0.001428867111233556,0
116,151,88,0.002564920587295991,0
116,151,89,0.003446526340579451,0
116,151,90,-0.002352773562659554,0
116,151,91,-0.004988596514744488,0
116,151,92,-0.008017104416729566,0
116,151,93,0.002134474022664938,0
116,151,94,0.004775821020613795,0
116,151,95,0.008615278776811732,0
116,151,96,0.0004944311246344556,0
116,151,97,5.627549035732034e-06,0
116,151,98,-0.001894239101042698,0
116,151,99,-0.001773506723468229,0
116,151,100,-0.00263158472213,0
116,151,101,-0.003909187087023471,0
116,151,102,0.003378843092756651,0
116,151,103,0.007546511701863179,0
116,151,104,0.0119196189294745,0
116,151,105,0.0005117468504868256,0
116,151,106,-0.0006399157473315711,0
116,151,107,-0.003726012915662754,0
116,151,108,-0.004685457273662136,0
116,151,109,-0.007777585342276541,0
116,151,110,-0.01097885496993168,0
116,151,111,-0.00520567321387627,0
116,151,112,-0.004300692837121163,0
116,151,113,-0.001601622858858432,0
116,151,114,0.005449433149088966,0
116,151,115,0.01204491403388499,0
116,151,116,-0.003777513129530094,0
116,151,117,2.979708545654615e-05,0
116,151,118,0.005843047878434228,0
116,151,119,-0.00222244723510027,0
116,151,120,-0.004138111700914435,0
116,151,121,0.003696683199663413,0
116,151,122,-0.001370789051952677,0
116,151,123,-0.002505485696664411,0
116,151,124,0.004067392253320346,0
116,151,125,-0.0005361602956032488,0
116,151,126,-0.007973728929470259,0
116,151,127,0.003008821194631091,0
116,151,128,-0.001722614284711915,0
116,151,129,-0.004373037276365165,0
116,151,130,0.01122082032377866,0
116,151,131,-0.0007911289782472228,0
116,151,132,0.01322545327151523,0
116,151,133,0.00759362439180384,0
116,151,134,0.008858082919584355,0
116,151,135,0.7304449592092515,0
116,151,136,-0.9886401716490713,0
116,151,137,0.612157969928506,0
116,151,138,0.1750918760374676,0
116,151,139,-0.8238804663783824,0
116,151,140,0.8926036123711217,0
116,151,141,0.2679970251844245,0
116,151,142,-0.6113047895230058,0
116,151,143,-0.7935095910424919,0
116,151,144,0.388586038839523,0
116,151,145,-0.6180777326790858,0
116,151,146,0.3961020774458707,0
116,151,147,0.07950517633996662,0
116,151,148,-0.5298721933477989,0
116,151,149,0.49957104297144,0
116,151,150,0.1416921221995155,0
116,151,151,-0.3538589239431936,0
116,151,152,-0.4508778447622613,0
116,151,153,-0.4092379873997105,0
116,151,154,0.5838912753678943,0
116,151,155,-0.3372220466815051,0
116,151,156,-0.09084258794915603,0
116,151,157,0.5089948518138985,0
116,151,158,-0.5130960853136349,0
116,151,159,-0.1599179386233424,0
116,151,160,0.367328609762888,0
116,151,161,0.4680569051910156,0
116,151,162,-0.6550050144017164,0
116,151,163,1,0
116,151,164,-0.6717621569579293,0
116,151,165,-0.173362098729125,0
116,151,166,0.8658718449094353,0
116,151,167,-0.8818365488723967,0
116,151,168,-0.2650718237647832,0
116,151,169,0.6174198294538759,0
116,151,170,0.783737448410472,0
117,149,0,-0.001400121531323236,0
117,149,1,-0.00114035944127338,0
117,149,2,-0.001865133288513408,0
117,149,3,0.005294694246718742,0
117,149,4,0.003311395658722822,0
117,149,5,0.005259291099670246,0
117,149,6,-0.005121828198069663,0
117,149,7,-0.002747187287757922,0
117,149,8,-0.007687817670528627,0
117,149,9,0.00317621618032632,0
117,149,10,0.002128943829604884,0
117,149,11,0.007539034185268322,0
117,149,12,-0.002028582225048317,0
117,149,13,-0.001117135174650551,0
117,149,14,-0.003930862400500642,0
117,149,15,-0.00102977139623697,0
117,149,16,-0.0008906633173024824,0
117,149,17,0.0004426936508768585,0
117,149,18,0.01023247829206932,0
117,149,19,0.006441766950215791,0
117,149,20,0.009031705673154552,0
117,149,21,0.002303611138142025,0
117,149,22,0.001526056547906396,0
117,149,23,-0.007248039907519876,0
117,149,24,-0.008663199609550956,0
117,149,25,-0.005586240761940984,0
117,149,26,-0.00940022122679501,0
117,149,27,3.973226020114925e-05,0
117,149,28,0.007865355058366207,0
117,149,29,-0.001242601341118248,0
117,149,30,-0.002408075179478765,0
117,149,31,-0.003522289016427704,0
117,149,32,0.003228733900511394,0
117,149,33,0.005916874663351187,0
117,149,34,0.008776814187131738,0
117,149,35,-0.002521984310972281,0
117,149,36,-0.006882168711716559,0
117,149,37,-0.01161933273363324,0
117,149,38,0.001920442762974729,0
117,149,39,0.006927656769545602,0
117,149,40,0.01171560913883454,0
117,149,41,-0.002048882933452865,0
117,149,42,-0.004169772166152678,0
117,149,43,-0.007140894772223482,0
117,149,44,-0.001370349781248574,0
117,149,45,-0.0007883376424190639,0
117,149,46,0.0005955077588429118,0
117,149,47,0.005496566424770169,0
117,149,48,0.01007431820221133,0
117,149,49,0.01434497643149538,0
117,149,50,0.001222346486631681,0
117,149,51,-0.004582202640497223,0
117,149,52,-0.01120083693238528,0
117,149,53,-0.004681652663270668,0
117,149,54,-0.0099330726361802,0
117,149,55,-0.01429195240445747,0
117,149,56,0.005926469601628851,0
117,149,57,0.01228499017376355,0
117,149,58,0.0004137916689617971,0
117,149,59,-0.002479853120676417,0
117,149,60,-0.003511588210118474,0
117,149,61,0.0004877242431675466,0
117,149,62,0.006826117772781626,0
117,149,63,0.008769702224680527,0
117,149,64,-0.0001329739287798875,0
117,149,65,-0.008501985737987926,0
117,149,66,-0.01171492109451423,0
117,149,67,-0.0004731085272048922,0
117,149,68,0.00852623058908121,0
117,149,69,0.01182428783781419,0
117,149,70,-0.0002613288374695492,0
117,149,71,-0.005538891338654066,0
117,149,72,-0.007126765948082951,0
117,149,73,0.0001657517944698288,0
117,149,74,0.0004340845775488749,0
117,149,75,0.000654052012796211,0
117,149,76,0.0004327369529231389,0
117,149,77,0.01078674552257258,0
117,149,78,0.01418657345749109,0
117,149,79,0.0005845957325704219,0
117,149,80,-0.007970986414556644,0
117,149,81,-0.0112313875398487,0
117,149,82,0.000578288899505203,0
117,149,83,-0.01009627390769518,0
117,149,84,-0.01400283239201218,0
117,149,85,0.0092886291818296,0
117,149,86,0.01221168280373355,0
117,149,87,0.002056148018376215,0
117,149,88,-0.001310826810985207,0
117,149,89,-0.001821435442284689,0
117,149,90,-0.002365562773588904,0
117,149,91,0.005075665813725747,0
117,149,92,0.005204010160935414,0
117,149,93,0.002325887951466617,0
117,149,94,-0.007237765496798008,0
117,149,95,-0.007822748316560364,0
117,149,96,-0.002857451749472356,0
117,149,97,0.007091277153137205,0
117,149,98,0.007779747930603062,0
117,149,99,0.001445401986569963,0
117,149,100,-0.004593464129470829,0
117,149,101,-0.003992270471102805,0
117,149,102,0.001699566189669197,0
117,149,103,0.001561131074269081,0
117,149,104,0.0006017017065923343,0
117,149,105,-0.004386723740017816,0
117,149,106,0.007608201138705407,0
117,149,107,0.008756801818405574,0
117,149,108,0.0001637870484176526,0
117,149,109,-0.008297312921309873,0
117,149,110,-0.00736131471419051,0
117,149,111,0.005801693206969241,0
117,149,112,-0.006444855515534786,0
117,149,113,-0.008778576541248475,0
117,149,114,0.00932124036772209,0
117,149,115,0.007685891547679909,0
117,149,116,0.002103229516214529,0
117,149,117,1.450375414878996e-05,0
117,149,118,-0.004507152432402983,0
117,149,119,0.001122987758964827,0
117,149,120,0.005053314057618567,0
117,149,121,-0.002718248496938437,0
117,149,122,-0.004365848228856145,0
117,149,123,0.003091047021762014,0
117,149,124,0.00139984961525327,0
117,149,125,-0.002480387093499719,0
117,149,126,0.001273507708646661,0
117,149,127,0.001157761279314443,0
117,149,128,-0.008635856289670481,0
117,149,129,0.0007911680031139896,0
117,149,130,-0.0001531468867163568,0
117,149,131,-0.005645669733160654,0
117,149,132,0.0095124613783644,0
117,149,133,-0.0001110671037010101,0
117,149,134,0.006023331667194867,0
117,149,135,0.2609779267622541,0
117,149,136,-0.5680477072097255,0
117,149,137,0.6837449154417332,0
117,149,138,-0.490990593210163,0
117,149,139,0.1677659028693309,0
117,149,140,0.05804862908828757,0
117,149,141,-0.4773549903943216,0
117,149,142,-0.06097815987882517,0
117,149,143,0.4657050189479364,0
117,149,144,0.519013398318025,0
117,149,145,-0.887598590646794,0
117,149,146,0.9890223469706481,0
117,149,147,-0.8157137401271823,0
117,149,148,0.3681214919356257,0
117,149,149,0.1841998454478575,0
117,149,150,-0.7133585088076378,0
117,149,151,-0.0811314729641925,0
117,149,152,0.7264694562410808,0
117,149,153,0.51810000183906,0
117,149,154,-0.8951216703346305,0
117,149,155,1,0
117,149,156,-0.8181392562725109,0
117,149,157,0.3611664370835106,0
117,149,158,0.1901436536590188,0
117,149,159,-0.70505637312511,0
117,149,160,-0.07658302378521895,0
117,149,161,0.7233213580118547,0
117,149,162,0.260421946021804,0
117,149,163,-0.583655630576886,0
117,149,164,0.7008994808110031,0
117,149,165,-0.4990787087944671,0
117,149,166,0.1599333788524646,0
117,149,167,0.06707887042216554,0
117,149,168,-0.4637416758217183,0
117,149,169,-0.05171623745173742,0
117,149,170,0.4570314274713885,0
118,148,0,0.006418088392238782,0
118,148,1,0.004132679051419307,0
118,148,2,0.005540005751548569,0
118,148,3,0.001626309248790993,0
118,148,4,0.00105598027131885,0
118,148,5,-0.004509235477814348,0
118,148,6,-0.005324428334196258,0
118,148,7,-0.003400001796336441,0
118,148,8,-0.006103463904757809,0
118,148,9,-0.003309565819476651,0
118,148,10,-0.001973169235510646,0
118,148,11,0.002409564184923101,0
118,148,12,0.005146114699818021,0
118,148,13,0.003567377360666868,0
118,148,14,0.008101485597301068,0
118,148,15,0.006835217712017928,0
118,148,16,0.004981357244020446,0
118,148,17,0.002219795741159542,0
118,148,18,0.00279614109601315,0
118,148,19,0.002131168243702424,0
118,148,20,-0.002996671703680713,0
118,148,21,0.002242865334810147,0
118,148,22,0.001580403594862215,0
118,148,23,-0.0003577003075309714,0
118,148,24,0.002145958207692613,0
118,148,25,0.001533719184800316,0
118,148,26,0.000134574117658705,0
118,148,27,0.0001474058628038387,0
118,148,28,-0.001554020849298397,0
118,148,29,-0.009437049957209395,0
118,148,30,-0.002365005191794593,0
118,148,31,-0.00355550185213688,0
118,148,32,-0.002209403547025646,0
118,148,33,-0.004643628781787154,0
118,148,34,0.002242312729984796,0
118,148,35,0.009086687330704162,0
118,148,36,0.001762951880581578,0
118,148,37,0.004681654855015937,0
118,148,38,0.004560179682177905,0
118,148,39,0.004766796984850986,0
118,148,40,-0.0016062470217637,0
118,148,41,-0.008934166955595129,0
118,148,42,-0.0003034603022826565,0
118,148,43,-0.004826782903914219,0
118,148,44,-0.01190267601827592,0
118,148,45,-0.006985014529005349,0
118,148,46,-0.002004649683935237,0
118,148,47,-0.00583782753879476,0
118,148,48,-0.006364921964382892,0
118,148,49,0.001349061488053768,0
118,148,50,-0.00233783043024063,0
118,148,51,-0.001786227823451686,0
118,148,52,0.002851263599456242,0
118,148,53,-0.0004170568038554342,0
118,148,54,-7.541406171288798e-05,0
118,148,55,0.002125939308164841,0
118,148,56,-0.001007494189254004,0
118,148,57,-0.000805792961310088,0
118,148,58,1.967901169752183e-05,0
118,148,59,-0.002711860426512337,0
118,148,60,-0.003906150798720203,0
118,148,61,0.0004468641789762124,0
118,148,62,0.001916385157717568,0
118,148,63,0.002568662229631031,0
118,148,64,0.0002771990221695559,0
118,148,65,0.003696870589067674,0
118,148,66,0.004737078573194635,0
118,148,67,-0.0005515862924978952,0
118,148,68,-0.001456330828745536,0
118,148,69,-0.002109918947592942,0
118,148,70,-0.0003756916683712851,0
118,148,71,-0.003803419935488338,0
118,148,72,-0.004680850946782261,0
118,148,73,0.0006546184489124636,0
118,148,74,-0.001222654678204435,0
118,148,75,-0.001308640470280964,0
118,148,76,0.0004755345018313238,0
118,148,77,0.001152589959045698,0
118,148,78,0.001009460534726764,0
118,148,79,-0.0003197554185288049,0
118,148,80,0.00187998334522534,0
118,148,81,0.002075125085083699,0
118,148,82,-0.0004737300635786881,0
118,148,83,0.001303635010132457,0
118,148,84,0.0020603256074904,0
118,148,85,-0.0005216358671867141,0
118,148,86,-0.0002088814777345112,0
118,148,87,0.01008522519755484,0
118,148,88,0.003887374875444492,0
118,148,89,0.00554616657358559,0
118,148,90,0.002205071358090761,0
118,148,91,0.003262055891262133,0
118,148,92,-0.004699977617305021,0
118,148,93,-0.009218248800489022,0
118,148,94,-0.002690834035066104,0
118,148,95,-0.005812526386402258,0
118,148,96,-0.004725591617615587,0
118,148,97,-0.004561886266901817,0
118,148,98,0.002140656037555635,0
118,148,99,0.008700118736782881,0
118,148,100,0.002613122403000718,0
118,148,101,0.008051437291635034,0
118,148,102,0.01204639300238715,0
118,148,103,0.007673738165061517,0
118,148,104,0.002887614989092619,0
118,148,105,0.006045311871279008,0
118,148,106,0.00503638000883719,0
118,148,107,-0.003482859419947597,0
118,148,108,0.0023431544192054,0
118,148,109,0.003092206570101375,0
118,148,110,-0.001322652222489877,0
118,148,111,0.0002486133826988579,0
118,148,112,0.001688255598098732,0
118,148,113,0.0001009518898942511,0
118,148,114,-0.0001506367389965401,0
118,148,115,-0.0004522015867892249,0
118,148,116,-0.006171296767729493,0
118,148,117,-3.600580802658121e-05,0
118,148,118,-0.001155541397587098,0
118,148,119,-0.004125128617340205,0
118,148,120,0.004934667965435696,0
118,148,121,-0.0008562423060034744,0
118,148,122,0.00281047209555356,0
118,148,123,0.003313928278788899,0
118,148,124,-0.005256100218437024,0
118,148,125,0.002089075194498939,0
118,148,126,-0.007094375756003048,0
118,148,127,-0.003066672466001946,0
118,148,128,-0.002197668222325836,0
118,148,129,-0.004231399490723551,0
118,148,130,-0.0005101857425519333,0
118,148,131,-0.001367636576615008,0
118,148,132,-0.0005583109321332621,0
118,148,133,-0.0003134854984929179,0
118,148,134,-0.0003508046496126839,0
118,148,135,-0.9908261351756015,0
118,148,136,-0.2181637166200266,0
118,148,137,0.8866768802125599,0
118,148,138,0.5204372483073562,0
118,148,139,-0.782853968346272,0
118,148,140,-0.70923815171725,0
118,148,141,-0.1594173916529995,0
118,148,142,-0.09472516112841517,0
118,148,143,-0.09390315062659457,0
118,148,144,0.6042715380846586,0
118,148,145,0.1670319884919858,0
118,148,146,-0.609174452272198,0
118,148,147,-0.2979800046949406,0
118,148,148,0.4811998651672824,0
118,148,149,0.4968117596119285,0
118,148,150,0.1936031342917101,0
118,148,151,0.02795138137085227,0
118,148,152,-0.06883944909813694,0
118,148,153,0.6368930194463343,0
118,148,154,0.18721714359645,0
118,148,155,-0.6327582131221706,0
118,148,156,-0.2939619982156604,0
118,148,157,0.4949919435318559,0
118,148,158,0.4573917618025534,0
118,148,159,0.1913941062766887,0
118,148,160,0.0648292154827441,0
118,148,161,-0.03210902163253653,0
118,148,162,-1,0
118,148,163,-0.1757568820553007,0
118,148,164,0.8565629979937172,0
118,148,165,0.5109679460346417,0
118,148,166,-0.7508536090988579,0
118,148,167,-0.7468449604145735,0
118,148,168,-0.1592543772948587,0
118,148,169,-0.03404778260177027,0
118,148,170,-0.03073911505554075,0
119,147,0,-0.006327084292470735,0
119,147,1,-0.003787564870646451,0
119,147,2,-0.004548809436795955,0
119,147,3,0.003239772153730913,0
119,147,4,0.001815893568492611,0
119,147,5,0.008026588958309405,0
119,147,6,0.002738737340081135,0
119,147,7,0.001441383334324294,0
119,147,8,-0.001474714405012993,0
119,147,9,-0.004142661595866313,0
119,147,10,-0.002577124722298439,0
119,147,11,-0.006132041656903836,0
119,147,12,0.003190513240785921,0
119,147,13,0.002574834466678733,0
119,147,14,0.00755034242225347,0
119,147,15,0.004890793255374841,0
119,147,16,0.004182070792471286,0
119,147,17,0.003805817505896458,0
119,147,18,-0.01315761221281088,0
119,147,19,-0.008068438697853971,0
119,147,20,-0.01417126713261692,0
119,147,21,-0.02433625499259977,0
119,147,22,-0.01614212646752834,0
119,147,23,-0.009619355220910404,0
119,147,24,-0.01976406759282411,0
119,147,25,-0.01349107434257564,0
119,147,26,0.003516026867981236,0
119,147,27,-0.0004908574768900543,0
119,147,28,0.01657909335397772,0
119,147,29,0.000970786847574538,0
119,147,30,-0.00241986163740712,0
119,147,31,-0.002779878709716468,0
119,147,32,-0.00241229799697645,0
119,147,33,0.004165386268766413,0
119,147,34,0.004938953301189537,0
119,147,35,-0.0005173444866686995,0
119,147,36,-0.001911199109100429,0
119,147,37,-0.001094844633909907,0
119,147,38,0.003519230026866587,0
119,147,39,-0.00240031817739317,0
119,147,40,-0.003455792584554079,0
119,147,41,-0.0003996590608629674,0
119,147,42,0.005562295318796646,0
119,147,43,0.004543419625404328,0
119,147,44,-0.003649575726464058,0
119,147,45,0.0007564136069641418,0
119,147,46,0.001821491298373875,0
119,147,47,0.00236330229394344,0
119,147,48,-0.008635723355167279,0
119,147,49,-0.008305252178317485,0
119,147,50,0.00706197545995761,0
119,147,51,-0.00242013377569365,0
119,147,52,-0.005373268245236463,0
119,147,53,0.006528063482154485,0
119,147,54,0.006563161957473044,0
119,147,55,0.002095685210116963,0
119,147,56,0.01163550667781042,0
119,147,57,0.009050567879046869,0
119,147,58,0.004717576420986965,0
119,147,59,0.001324603989788036,0
119,147,60,0.002367415141461766,0
119,147,61,-0.00622636911165696,0
119,147,62,-0.0004580285611310703,0
119,147,63,-0.004545019334804314,0
119,147,64,-0.002326864133538422,0
119,147,65,-0.002952859094385225,0
119,147,66,0.0008652677251460023,0
119,147,67,0.007900359072402812,0
119,147,68,0.002122863845672698,0
119,147,69,0.004011672979781434,0
119,147,70,-0.001760506606779068,0
119,147,71,0.002350910547967017,0
119,147,72,-0.003876119888774985,0
119,147,73,-0.006900400485511432,0
119,147,74,-0.00315455302801291,0
119,147,75,-0.002417515248569878,0
119,147,76,0.01163815344109833,0
119,147,77,0.001597819504381213,0
119,147,78,0.008125605433811937,0
119,147,79,0.02371172530549256,0
119,147,80,0.01179607015684649,0
119,147,81,0.005447572190786401,0
119,147,82,0.01957122478086925,0
119,147,83,0.01422862674112447,0
119,147,84,-0.002528434399824322,0
119,147,85,0.006071731670589048,0
119,147,86,-0.01017354366539628,0
119,147,87,0.0007018470733868315,0
119,147,88,0.002591546343118284,0
119,147,89,0.004321266804407093,0
119,147,90,-0.003463997350242218,0
119,147,91,-0.005693126023270244,0
119,147,92,-0.008235145718526449,0
119,147,93,-0.0007865792482973934,0
119,147,94,-0.0004783811259861635,0
119,147,95,0.001817228158786057,0
119,147,96,0.003740267167664253,0
119,147,97,0.00488256116823565,0
119,147,98,0.006543691228719391,0
119,147,99,0.000198322547653568,0
119,147,100,-0.002555781273646329,0
119,147,101,-0.00691282004781463,0
119,147,102,-0.002231340799045303,0
119,147,103,-0.002859613899701806,0
119,147,104,-0.003425693917727922,0
119,147,105,0.00360182853973085,0
119,147,106,0.008640041063660335,0
119,147,107,0.01424078339055375,0
119,147,108,0.007323941496554353,0
119,147,109,0.008986689425222811,0
119,147,110,0.00922218162983751,0
119,147,111,0.005819323944604163,0
119,147,112,0.001760127610992928,0
119,147,113,-0.004375060866328761,0
119,147,114,-0.007978758492721946,0
119,147,115,-0.01653174053206167,0
119,147,116,-0.006680988519917433,0
119,147,117,-0.0006875115448230951,0
119,147,118,0.002917953581066668,0
119,147,119,-0.004354788227159312,0
119,147,120,0.00225441076839265,0
119,147,121,0.002312820815907415,0
119,147,122,-0.003872248068396075,0
119,147,123,0.00191170824386539,0
119,147,124,0.003745611657224016,0
119,147,125,-0.002420160057689524,0
119,147,126,0.005102287987265183,0
119,147,127,0.001761553744592712,0
119,147,128,-0.01324790944309941,0
119,147,129,0.002331399010140964,0
119,147,130,-0.02430603924882959,0
119,147,131,-0.009251125402002942,0
119,147,132,-0.01915874450396798,0
119,147,133,-0.01620044604371191,0
119,147,134,-0.01252248960352209,0
119,147,135,0.6904168845188157,0
119,147,136,-0.5440484856042043,0
119,147,137,-0.27007389913604,0
119,147,138,0.7579977078337763,0
119,147,139,-0.2757086298376652,0
119,147,140,-0.529208603281169,0
119,147,141,0.4344077457606328,0
119,147,142,0.9916471241476823,0
119,147,143,0.8301713120683331,0
119,147,144,0.4122205519904015,0
119,147,145,-0.3436712015096722,0
119,147,146,-0.1741322696806163,0
119,147,147,0.4534817423067707,0
119,147,148,-0.1418288355200472,0
119,147,149,-0.2773529625527683,0
119,147,150,0.2654684095756393,0
119,147,151,0.5784825849826123,0
119,147,152,0.4782469732546698,0
119,147,153,-0.3885952017700836,0
119,147,154,0.3141011682283092,0
119,147,155,0.1521768876673004,0
119,147,156,-0.4405604489341152,0
119,147,157,0.1412918429407295,0
119,147,158,0.3097885540088371,0
119,147,159,-0.2527095036360017,0
119,147,160,-0.5878030731952641,0
119,147,161,-0.4827565682057613,0
119,147,162,-0.6882626380483936,0
119,147,163,0.5742155775781811,0
119,147,164,0.2907476836456496,0
119,147,165,-0.746907307323385,0
119,147,166,0.2470004563761147,0
119,147,167,0.4990203356359446,0
119,147,168,-0.4504814415172598,0
119,147,169,-1,0
119,147,170,-0.8177793137305033,0
120,146,0,0.00682755646301083,0
120,146,1,0.004879920309821122,0
120,146,2,0.007156294605716929,0
120,146,3,0.006639334715665394,0
120,146,4,0.004532965959362634,0
120,146,5,0.0001860618240718705,0
120,146,6,0.001351075610901388,0
120,146,7,0.0006794645827957259,0
120,146,8,-0.005352294189622791,0
120,146,9,-0.005282870710257686,0
120,146,10,-0.003918754015005375,0
120,146,11,-0.0070503933236243,0
120,146,12,-0.008574603728527882,0
120,146,13,-0.006123785658240908,0
120,146,14,-0.003948416465667817,0
120,146,15,-0.005940461686920876,0
120,146,16,-0.004623549437382845,0
120,146,17,0.001177865504882978,0
120,146,18,-0.002135696288245807,0
120,146,19,-0.001806556152581545,0
120,146,20,0.002468039891327769,0
120,146,21,-0.002447574889754413,0
120,146,22,-0.001818601429150153,0
120,146,23,-0.0007109023322943065,0
120,146,24,-0.002471611542883049,0
120,146,25,-0.001827338641600614,0
120,146,26,-0.0004569723716203832,0
120,146,27,-0.0002080832057105825,0
120,146,28,0.001686588811431921,0
120,146,29,-0.0113111692237359,0
120,146,30,-0.00233461343899508,0
120,146,31,-0.003360320859231048,0
120,146,32,-0.01292280259743384,0
120,146,33,-0.008395248827123367,0
120,146,34,-0.001105738884535674,0
120,146,35,-0.00330381777890867,0
120,146,36,-0.005950240881652445,0
120,146,37,0.003881228265876032,0
120,146,38,0.008953171747020171,0
120,146,39,0.0009443246369986173,0
120,146,40,0.004580897152299394,0
120,146,41,0.01445393281567883,0
120,146,42,0.006822698591300658,0
120,146,43,0.001319089917034357,0
120,146,44,0.01225685683478962,0
120,146,45,0.009433380583809187,0
120,146,46,-0.0001853082301348627,0
120,146,47,0.005139630719528132,0
120,146,48,0.005342103569034116,0
120,146,49,-0.003336014962323609,0
120,146,50,0.001670335607509558,0
120,146,51,0.000470858617431717,0
120,146,52,-0.004094672451893167,0
120,146,53,1.816786505904856e-05,0
120,146,54,-0.0004684513431419302,0
120,146,55,-0.002291929836204235,0
120,146,56,0.001084080931745482,0
120,146,57,0.001260323986582436,0
120,146,58,-0.0006359059232922076,0
120,146,59,-0.002925720268495185,0
120,146,60,-0.004083138179065994,0
120,146,61,1.934561794260953e-05,0
120,146,62,-0.0008903105558338511,0
120,146,63,-0.0007590522497243084,0
120,146,64,0.0007280405823465033,0
120,146,65,0.003250976273723549,0
120,146,66,0.004254813970600755,0
120,146,67,0.000379144817196272,0
120,146,68,0.003606446131455461,0
120,146,69,0.004208751316895454,0
120,146,70,-0.0002979989545315781,0
120,146,71,0.0008500729316846632,0
120,146,72,0.0009105471059017532,0
120,146,73,-0.0004619186552994315,0
120,146,74,-0.0002683946867495774,0
120,146,75,-5.519155316256732e-05,0
120,146,76,0.0005187364255149558,0
120,146,77,-0.001987988399468418,0
120,146,78,-0.002233920919556075,0
120,146,79,0.001164027720206746,0
120,146,80,-0.002245808215798584,0
120,146,81,-0.003434796091488059,0
120,146,82,0.0008823609632339307,0
120,146,83,-0.001133543008409932,0
120,146,84,-0.00254289549122115,0
120,146,85,0.0008926631846530325,0
120,146,86,0.0004128324956843111,0
120,146,87,0.01122796836437378,0
120,146,88,0.004705121038954675,0
120,146,89,0.00673172752597835,0
120,146,90,0.01258774944369394,0
120,146,91,0.007789593759696203,0
120,146,92,0.0004183147943803781,0
120,146,93,0.003177695549161516,0
120,146,94,0.004980303134260578,0
120,146,95,-0.004948359574425697,0
120,146,96,-0.008970960750350258,0
120,146,97,-0.003175689230183706,0
120,146,98,-0.007554448292862948,0
120,146,99,-0.01426629110022759,0
120,146,100,-0.009013853694803729,0
120,146,101,-0.00421811736602533,0
120,146,102,-0.01174623082061117,0
120,146,103,-0.008302981664522511,0
120,146,104,0.001689098035689936,0
120,146,105,-0.004330317416370053,0
120,146,106,-0.004680720414365513,0
120,146,107,0.003923877363456786,0
120,146,108,-0.0007969873176117175,0
120,146,109,-0.003000154948242976,0
120,146,110,6.211020456802999e-06,0
120,146,111,0.000611374421887045,0
120,146,112,-0.001385157107056384,0
120,146,113,-0.0009622108168637146,0
120,146,114,0.000402534337886031,0
120,146,115,0.0001716221109436722,0
120,146,116,-0.006794982184248888,0
120,146,117,0.0001986385254975051,0
120,146,118,-0.006903938518075272,0
120,146,119,-0.004410282799405794,0
120,146,120,-0.001829320475003391,0
120,146,121,-0.004693861466247651,0
120,146,122,0.005596832082367376,0
120,146,123,-0.001476314580603533,0
120,146,124,0.009077260288830151,0
120,146,125,0.003359085934570467,0
120,146,126,0.005786027193503665,0
120,146,127,0.00557765932535052,0
120,146,128,0.0005265432724060776,0
120,146,129,0.003446513680192992,0
120,146,130,0.0001087318194319626,0
120,146,131,0.0002010238822966327,0
120,146,132,0.0007255740010483113,0
120,146,133,-8.117740631768608e-05,0
120,146,134,0.000300581954706376,0
120,146,135,-0.8421691442643134,0
120,146,136,-0.8513056886165306,0
120,146,137,-0.2126124010549578,0
120,146,138,0.593550378724343,0
120,146,139,0.9605718692728781,0
120,146,140,0.494581303989677,0
120,146,141,0.1018211266485299,0
120,146,142,0.09039591796900059,0
120,146,143,0.09082688420755589,0
120,146,144,0.4635448981571748,0
120,146,145,0.6112517635089957,0
120,146,146,0.1423360706928317,0
120,146,147,-0.4290568088066458,0
120,146,148,-0.5844192524485818,0
120,146,149,-0.379617060630162,0
120,146,150,-0.1212285030903029,0
120,146,151,0.03032353610100658,0
120,146,152,0.09143130007471909,0
120,146,153,0.5077374492642632,0
120,146,154,0.6169059290945519,0
120,146,155,0.1091023102856077,0
120,146,156,-0.4210592296241654,0
120,146,157,-0.5466021983874571,0
120,146,158,-0.3795525796246683,0
120,146,159,-0.1593666802999726,0
120,146,160,-0.02447265813506463,0
120,146,161,0.05283470958250086,0
120,146,162,-0.802534366739925,0
120,146,163,-0.8424138917007031,0
120,146,164,-0.2566708603829119,0
120,146,165,0.6092581695127717,0
120,146,166,1,0
120,146,167,0.4663085574190614,0
120,146,168,0.03281660139274087,0
120,146,169,-0.001781123476917301,0
120,146,170,0.02452771309564459,0
121,145,0,-0.001376638382726885,0
121,145,1,-0.002887125162892864,0
121,145,2,-0.006595562363345982,0
121,145,3,0.01183555750024815,0
121,145,4,0.006784618257273244,0
121,145,5,0.008142508660003408,0
121,145,6,0.003091278539441512,0
121,145,7,0.00374378655732346,0
121,145,8,-0.004554821149011428,0
121,145,9,-0.004057077866288722,0
121,145,10,0.0004015589560962792,0
121,145,11,0.001145976051554328,0
121,145,12,0.0008362930402117735,0
121,145,13,0.002908346628805074,0
121,145,14,0.01095856461556153,0
121,145,15,-0.0113008868005864,0
121,145,16,-0.006637966342372134,0
121,145,17,-0.007308094824845342,0
121,145,18,-0.01604650893044163,0
121,145,19,-0.01125329023183229,0
121,145,20,-0.005377280407958257,0
121,145,21,0.0007879681683984075,0
121,145,22,-0.0007304956878412986,0
121,145,23,0.0121513084426584,0
121,145,24,0.01255810537777217,0
121,145,25,0.006672063467878143,0
121,145,26,0.006302482019335172,0
121,145,27,-0.001706103272233088,0
121,145,28,-0.01569121893251851,0
121,145,29,-0.002483198497043214,0
121,145,30,-0.007841421104593708,0
121,145,31,-0.01169055787621976,0
121,145,32,0.005252903362875923,0
121,145,33,0.008601913823142968,0
121,145,34,0.01242961978475796,0
121,145,35,0.001563895263510143,0
121,145,36,-0.001503284745304406,0
121,145,37,-0.006731252883880764,0
121,145,38,-0.000791274382483184,0
121,145,39,0.002375670630186997,0
121,145,40,0.003328106159191768,0
121,145,41,0.00231494224600899,0
121,145,42,0.0115077589837965,0
121,145,43,0.01818346750362802,0
121,145,44,-0.005891129970638415,0
121,145,45,-0.008384550758970417,0
121,145,46,-0.01152448378386257,0
121,145,47,-0.00948960440247909,0
121,145,48,-0.01049754705875542,0
121,145,49,-0.008530303821890095,0
121,145,50,-0.0004164301368839322,0
121,145,51,0.007920541404800569,0
121,145,52,0.01864551975834942,0
121,145,53,0.006161648515660549,0
121,145,54,0.007489272103989831,0
121,145,55,0.009187970000086308,0
121,145,56,-0.01303420326255487,0
121,145,57,-0.02459395341643358,0
121,145,58,-0.002006744296481741,0
121,145,59,-0.009836882673366285,0
121,145,60,-0.01186854544374387,0
121,145,61,-0.001534466668097157,0
121,145,62,0.007713615907280015,0
121,145,63,0.01228325608101205,0
121,145,64,0.0005889511128813035,0
121,145,65,-0.005271310933368059,0
121,145,66,-0.00711146056876967,0
121,145,67,0.001978321023730752,0
121,145,68,0.003831735276405433,0
121,145,69,0.00338247475363938,0
121,145,70,0.001249765666064557,0
121,145,71,0.0149951789137896,0
121,145,72,0.01821720941327765,0
121,145,73,-0.001090945300543519,0
121,145,74,-0.008511136795332221,0
121,145,75,-0.01174535247574132,0
121,145,76,-0.002566854063909801,0
121,145,77,-0.007615931058602381,0
121,145,78,-0.008235164021378284,0
121,145,79,-0.003031042406701657,0
121,145,80,0.0117819109565628,0
121,145,81,0.0187176443592106,0
121,145,82,-0.002211803934095444,0
121,145,83,0.004774425558730607,0
121,145,84,0.008943147330001589,0
121,145,85,-0.01905181005548153,0
121,145,86,-0.02433623203137208,0
121,145,87,-0.001547617935707415,0
121,145,88,-0.007962926402905133,0
121,145,89,-0.006869642616557633,0
121,145,90,-0.008533987598412143,0
121,145,91,0.003577868929206429,0
121,145,92,0.007883548837779418,0
121,145,93,-0.0005256003584760892,0
121,145,94,-0.007771454501416937,0
121,145,95,-0.005314972316333694,0
121,145,96,0.00466152322885615,0
121,145,97,0.003506416802009207,0
121,145,98,0.001386382119028878,0
121,145,99,0.0001347291176076481,0
121,145,100,0.01296189262828709,0
121,145,101,0.01101100111594899,0
121,145,102,0.003998883330009055,0
121,145,103,-0.005547322878755909,0
121,145,104,-0.007762763741002763,0
121,145,105,0.00447631618362146,0
121,145,106,-0.002103966023695668,0
121,145,107,-0.004740084945634233,0
121,145,108,-0.00555703995397201,0
121,145,109,0.01096315489107097,0
121,145,110,0.01227914760356446,0
121,145,111,-0.01034896057352037,0
121,145,112,-5.458877686146289e-05,0
121,145,113,0.00570003176513898,0
121,145,114,-0.01823593751857722,0
121,145,115,-0.01516101616520807,0
121,145,116,-0.002780395391515098,0
121,145,117,-0.003867912911179473,0
121,145,118,-0.01552455140708221,0
121,145,119,-0.003832846502257766,0
121,145,120,-0.001794941652326901,0
121,145,121,-0.008147981318754546,0
121,145,122,0.007599656498607897,0
121,145,123,0.00257169167230875,0
121,145,124,0.001401319316067659,0
121,145,125,0.007562339023069885,0
121,145,126,0.0102434660520837,0
121,145,127,0.001516410661518501,0
121,145,128,0.01087826716691861,0
121,145,129,0.005231885147667666,0
121,145,130,-0.007071388424282806,0
121,145,131,0.0057087238483662,0
121,145,132,-0.0159552541641661,0
121,145,133,-0.005687394917073887,0
121,145,134,-0.01100361011376834,0
121,145,135,0.4176035539268921,0
121,145,136,-0.6367648964407632,0
121,145,137,0.145726495940509,0
121,145,138,0.4118659534983196,0
121,145,139,-0.5321911734714693,0
121,145,140,0.3556970187179824,0
121,145,141,0.492977240498393,0
121,145,142,-0.1581118737166648,0
121,145,143,-0.5440133356973987,0
121,145,144,0.7762986828843423,0
121,145,145,-0.8592895785755631,0
121,145,146,0.2964022589335447,0
121,145,147,0.5718750401711806,0
121,145,148,-0.9955038790018436,0
121,145,149,0.4443496190150841,0
121,145,150,0.7347843134837918,0
121,145,151,-0.2588059490651437,0
121,145,152,-0.8480575634213641,0
121,145,153,0.771681371005286,0
121,145,154,-0.8698072648252693,0
121,145,155,0.3011046481968544,0
121,145,156,0.5799186779602674,0
121,145,157,-1,0
121,145,158,0.4389473973708334,0
121,145,159,0.7338950741474665,0
121,145,160,-0.2537491076323155,0
121,145,161,-0.8401207884648592,0
121,145,162,0.4126328092163937,0
121,145,163,-0.6567210815508421,0
121,145,164,0.1578545937747624,0
121,145,165,0.4227552440102506,0
121,145,166,-0.5421264099376329,0
121,145,167,0.3479771005410467,0
121,145,168,0.4902022241624241,0
121,145,169,-0.1505894199450006,0
121,145,170,-0.527044239764265,0
122,144,0,0.004721515921737511,0
122,144,1,0.0035004432061953,0
122,144,2,0.005653486932100956,0
122,144,3,-0.004179513874010366,0
122,144,4,-0.003019354694689015,0
122,144,5,-0.008333484979149066,0
122,144,6,-0.00615008469354734,0
122,144,7,-0.004877464740987069,0
122,144,8,-0.003870032983087007,0
122,144,9,0.005775947785968205,0
122,144,10,0.003067813055282351,0
122,144,11,0.008574718746665603,0
122,144,12,0.006604015563388618,0
122,144,13,0.004334054389317267,0
122,144,14,0.0005903792249211553,0
122,144,15,-0.009047973686766006,0
122,144,16,-0.005963908139488858,0
122,144,17,-0.01344978994068866,0
122,144,18,-0.02728431520676136,0
122,144,19,-0.01837124068152035,0
122,144,20,-0.01669824795308179,0
122,144,21,-0.03073070548259831,0
122,144,22,-0.02080434384967633,0
122,144,23,-0.003536915209793655,0
122,144,24,-0.02039937674807623,0
122,144,25,-0.01435186977894347,0
122,144,26,0.00770665337186595,0
122,144,27,-0.001000501215409655,0
122,144,28,0.0158458345445721,0
122,144,29,-0.004974372434233093,0
122,144,30,0.00153774501370627,0
122,144,31,0.003382634641518389,0
122,144,32,-0.0008613280359881349,0
122,144,33,-0.007009666232427354,0
122,144,34,-0.005076202593770744,0
122,144,35,0.003655130364431544,0
122,144,36,-0.001280173498414482,0
122,144,37,-0.002032025123780076,0
122,144,38,0.001281640762667203,0
122,144,39,0.006756236048723464,0
122,144,40,0.005124998025029403,0
122,144,41,-0.00104408909984982,0
122,144,42,0.0003686617547837571,0
122,144,43,-9.26031808172368e-05,0
122,144,44,0.000867714156521861,0
122,144,45,-0.008220044623366196,0
122,144,46,-0.008408138212414838,0
122,144,47,0.006248650297101026,0
122,144,48,-0.007542632502665426,0
122,144,49,-0.009297179002292584,0
122,144,50,0.007234469028929325,0
122,144,51,0.002183634604286606,0
122,144,52,-0.002197409671101661,0
122,144,53,0.005054215013668585,0
122,144,54,0.008356584046351164,0
122,144,55,0.004139978147118985,0
122,144,56,0.01060709129275615,0
122,144,57,0.008404479583685108,0
122,144,58,-0.01104772134302269,0
122,144,59,-0.003914524856455536,0
122,144,60,-0.003793400615469891,0
122,144,61,0.0004533386103893829,0
122,144,62,-0.003828366197166218,0
122,144,63,0.004734329990957139,0
122,144,64,0.008529231743165309,0
122,144,65,0.003209867916582408,0
122,144,66,0.002753958688312203,0
122,144,67,-0.0007836822201732046,0
122,144,68,0.003105582041472889,0
122,144,69,-0.004217873245642605,0
122,144,70,-0.00338777077062557,0
122,144,71,-0.00119266740646659,0
122,144,72,-0.0001962220046364359,0
122,144,73,0.008409165004292462,0
122,144,74,0.001430899060413403,0
122,144,75,0.007276971620109929,0
122,144,76,0.02418788833226693,0
122,144,77,0.01076390013917895,0
122,144,78,0.009592219994966981,0
122,144,79,0.02688595837204571,0
122,144,80,0.01666094586264577,0
122,144,81,0.001627964384147106,0
122,144,82,0.01764285172483338,0
122,144,83,0.01427572377401842,0
122,144,84,-0.005384550160553548,0
122,144,85,0.005159246702563954,0
122,144,86,-0.01018748201670005,0
122,144,87,-0.006408631028809044,0
122,144,88,-0.006110300299400215,0
122,144,89,-0.0067889914997586,0
122,144,90,-0.001933432367134498,0
122,144,91,0.001875085434500448,0
122,144,92,0.008558104128549895,0
122,144,93,0.003047392749375798,0
122,144,94,0.00291423900194554,0
122,144,95,0.004359113547657359,0
122,144,96,0.001807579516873037,0
122,144,97,-0.002452256313156369,0
122,144,98,-0.007529604268520468,0
122,144,99,0.00120018070635835,0
122,144,100,0.001393681934606654,0
122,144,101,0.0002640923544372725,0
122,144,102,0.003965026365342327,0
122,144,103,0.00966618595541336,0
122,144,104,0.0135083308473043,0
122,144,105,0.007361014048601228,0
122,144,106,0.01327435647416089,0
122,144,107,0.01597697142772223,0
122,144,108,0.007298059142497542,0
122,144,109,0.006440731606534003,0
122,144,110,0.002771661852983129,0
122,144,111,0.004391202927922337,0
122,144,112,-0.001457488019052297,0
122,144,113,-0.008819179085244292,0
122,144,114,-0.008363738412267358,0
122,144,115,-0.01621160626815241,0
122,144,116,0.004416319492758456,0
122,144,117,-0.001161560874789918,0
122,144,118,-0.005350634268599058,0
122,144,119,0.002549477532635314,0
122,144,120,-0.006511417298030633,0
122,144,121,-0.002444860764201387,0
122,144,122,0.006049476833096694,0
122,144,123,-0.002739132322671835,0
122,144,124,0.006698713163345292,0
122,144,125,0.004537946995313739,0
122,144,126,-0.009311448215136226,0
122,144,127,0.004101673918350648,0
122,144,128,-0.02717908746879063,0
122,144,129,-0.006145081567764468,0
122,144,130,-0.03043774541609868,0
122,144,131,-0.01825504050901745,0
122,144,132,-0.0197498510800407,0
122,144,133,-0.02010754646908638,0
122,144,134,-0.01262245655224191,0
122,144,135,-0.7418649639256062,0
122,144,136,0.2569666680034971,0
122,144,137,0.7083014549378057,0
122,144,138,-0.4092497212695449,0
122,144,139,-0.6686773028124611,0
122,144,140,0.5316353778954512,0
122,144,141,0.9556664746639871,0
122,144,142,0.9934555598859761,0
122,144,143,0.6458882105250948,0
122,144,144,-0.4709372696276865,0
122,144,145,0.1205676777141581,0
122,144,146,0.4138842437184266,0
122,144,147,-0.2171316681900219,0
122,144,148,-0.3443895197421554,0
122,144,149,0.3476624954757255,0
122,144,150,0.5670068523885193,0
122,144,151,0.5829584221455232,0
122,144,152,0.3744920343587433,0
122,144,153,0.4253833744608321,0
122,144,154,-0.1625764171505131,0
122,144,155,-0.4033827950526505,0
122,144,156,0.2421422793873378,0
122,144,157,0.3851322512683688,0
122,144,158,-0.2980036319001794,0
122,144,159,-0.5553754495726032,0
122,144,160,-0.5835802294574522,0
122,144,161,-0.3740822171131342,0
122,144,162,0.8029987948361568,0
122,144,163,-0.2247371779125094,0
122,144,164,-0.6895911505493642,0
122,144,165,0.3722128225346082,0
122,144,166,0.5781551467389853,0
122,144,167,-0.5858621808455529,0
122,144,168,-0.9726261342545881,0
122,144,169,-1,0
122,144,170,-0.637037942037624,0
123,143,0,-0.005284556638197745,0
123,143,1,-0.003899525698407967,0
123,143,2,-0.005768807959813091,0
123,143,3,-0.009082127292588943,0
123,143,4,-0.006354680602023047,0
123,143,5,-0.004140913000415905,0
123,143,6,-0.01106056837341275,0
123,143,7,-0.007543796421922909,0
123,143,8,-0.002080156213723262,0
123,143,9,-0.01054529783711318,0
123,143,10,-0.007109152563204068,0
123,143,11,0.0004748436890149379,0
123,143,12,-0.007709493220407413,0
123,143,13,-0.005197313571835147,0
123,143,14,0.002663818603004163,0
123,143,15,-0.004272042234786579,0
123,143,16,-0.003095994263754032,0
123,143,17,0.002938530673946298,0
123,143,18,-0.0009770953493716706,0
123,143,19,-0.0007180861687285653,0
123,143,20,0.002802887313153533,0
123,143,21,-0.0003930743829272092,0
123,143,22,-0.0001634977323510345,0
123,143,23,0.0007851510381307471,0
123,143,24,-0.0003187041427196714,0
123,143,25,-4.987978556811134e-05,0
123,143,26,0.000482872541351719,0
123,143,27,0.0001886785294910969,0
123,143,28,0.0007775069103294689,0
123,143,29,0.009074470629650042,0
123,143,30,0.002005081148510016,0
123,143,31,0.003012993023539295,0
123,143,32,0.01598929690497354,0
123,143,33,0.007829969259936478,0
123,143,34,0.002601893542394997,0
123,143,35,0.01898585412338312,0
123,143,36,0.01128829778261404,0
123,143,37,0.0009078419059153431,0
123,143,38,0.01778526855803816,0
123,143,39,0.01224549397833859,0
123,143,40,-0.0007075580104593004,0
123,143,41,0.0135738793078485,0
123,143,42,0.0109685338810213,0
123,143,43,-0.001541217430426624,0
123,143,44,0.008715613868054481,0
123,143,45,0.008236282656792366,0
123,143,46,-0.00132062745370472,0
123,143,47,0.00304981360775227,0
123,143,48,0.004233967278400895,0
123,143,49,-0.001836917085433587,0
123,143,50,0.001086125205535246,0
123,143,51,0.001372841343716427,0
123,143,52,-0.0008629516239943792,0
123,143,53,0.0002728754392539187,0
123,143,54,0.000658370343067639,0
123,143,55,7.611121408689243e-06,0
123,143,56,0.0007244035753948584,0
123,143,57,0.0008900444156233354,0
123,143,58,0.000451765671894735,0
123,143,59,0.002574573467310788,0
123,143,60,0.003528925327874095,0
123,143,61,0.000452866453361158,0
123,143,62,0.002365957712985615,0
123,143,63,0.002931891621751977,0
123,143,64,-3.870724999823381e-05,0
123,143,65,0.0008585324533247453,0
123,143,66,0.001035804490089608,0
123,143,67,-0.000517844414546858,0
123,143,68,-0.0006803228022342814,0
123,143,69,-0.0005956086973109528,0
123,143,70,-0.0004564483471789526,0
123,143,71,-0.001354906856641324,0
123,143,72,-0.001232859466919101,0
123,143,73,-0.000372816014416162,0
123,143,74,-0.001172519598197177,0
123,143,75,-0.001261159856160273,0
123,143,76,8.746499825360376e-05,0
123,143,77,-0.001255160085269977,0
123,143,78,-0.00144660830795246,0
123,143,79,0.0003776210630603779,0
123,143,80,-0.0003614305037765635,0
123,143,81,-0.0005929650152643604,0
123,143,82,0.0002692097991944997,0
123,143,83,0.000250137930096755,0
123,143,84,3.237554057827815e-05,0
123,143,85,0.0007519829611779441,0
123,143,86,0.0008545694582109743,0
123,143,87,-0.009024483983129843,0
123,143,88,-0.003798313889678588,0
123,143,89,-0.005626394704568552,0
123,143,90,-0.0157650271630671,0
123,143,91,-0.008633819231964929,0
123,143,92,-0.003788545605172865,0
123,143,93,-0.01909393048070541,0
123,143,94,-0.0121057553298568,0
123,143,95,-0.002131739480372647,0
123,143,96,-0.01814351588840103,0
123,143,97,-0.01258724711788304,0
123,143,98,0.0003955337022078352,0
123,143,99,-0.01353722982432788,0
123,143,100,-0.01002717650875518,0
123,143,101,0.002992641506848002,0
123,143,102,-0.008065791486016671,0
123,143,103,-0.006756665241124145,0
123,143,104,0.003004410076386935,0
123,143,105,-0.002249918839619522,0
123,143,106,-0.002812757920049492,0
123,143,107,0.002999767403576651,0
123,143,108,-0.00030292758976677,0
123,143,109,-0.0007027945730346629,0
123,143,110,0.0009471107285968453,0
123,143,111,0.0002341326186042883,0
123,143,112,0.0001784963318682369,0
123,143,113,0.0004710896053123682,0
123,143,114,0.0006630785968904559,0
123,143,115,0.0006884450134174288,0
123,143,116,0.00570508648011067,0
123,143,117,-0.0001487503452806833,0
123,143,118,0.009248820636136815,0
123,143,119,0.003653201603213778,0
123,143,120,0.01105266894636817,0
123,143,121,0.006052418954774473,0
123,143,122,0.01042431199795145,0
123,143,123,0.007357771352474919,0
123,143,124,0.007415994489007214,0
123,143,125,0.007086267380988697,0
123,143,126,0.004512236063568716,0
123,143,127,0.005133278068816262,0
123,143,128,0.001555998627483666,0
123,143,129,0.003095129316760668,0
123,143,130,0.0009466479570171712,0
123,143,131,0.001200415703384011,0
123,143,132,0.000663502110958972,0
123,143,133,0.0007279835447772289,0
123,143,134,0.0004850184443194125,0
123,143,135,0.4893779929948321,0
123,143,136,0.8325493679034064,0
123,143,137,0.9977543520334108,0
123,143,138,0.9357738300357583,0
123,143,139,0.6635530231641569,0
123,143,140,0.2711810825289514,0
123,143,141,0.04821966383674237,0
123,143,142,0.02160657226167538,0
123,143,143,0.01608336653429699,0
123,143,144,-0.2962736654024675,0
123,143,145,-0.5497935888422705,0
123,143,146,-0.6522465570203597,0
123,143,147,-0.6003301484923326,0
123,143,148,-0.4425092718727568,0
123,143,149,-0.1955326130693044,0
123,143,150,-0.0437980392633403,0
123,143,151,0.003374343220536295,0
123,143,152,0.01661676237199777,0
123,143,153,-0.3029565513817885,0
123,143,154,-0.5613424932431913,0
123,143,155,-0.6503350834277412,0
123,143,156,-0.5838849022209341,0
123,143,157,-0.4379624048456482,0
123,143,158,-0.1972742529854271,0
123,143,159,-0.04671261480137346,0
123,143,160,-0.0007339119058373479,0
123,143,161,0.01434696106262831,0
123,143,162,0.4937187493111923,0
123,143,163,0.8155833392713873,0
123,143,164,1,0
123,143,165,0.9564920105036451,0
123,143,166,0.6540263090797342,0
123,143,167,0.2525101904631776,0
123,143,168,0.04131218240168921,0
123,143,169,0.0152851287919468,0
123,143,170,0.01222693159716742,0
124,142,0,-0.01978410630953218,0
124,142,1,-0.00719173871007745,0
124,142,2,-0.001427779639452648,0
124,142,3,-0.009204519267149481,0
124,142,4,-0.005064026691463306,0
124,142,5,0.01458664100489082,0
124,142,6,-0.001869340116141507,0
124,142,7,-0.005118561366854135,0
124,142,8,-0.001063656913433346,0
124,142,9,-0.006858873312948589,0
124,142,10,-0.01114122008848621,0
124,142,11,-0.02047509239312883,0
124,142,12,0.007772342177216373,0
124,142,13,-0.001260426327675419,0
124,142,14,-0.004720179555592638,0
124,142,15,0.02657483328090315,0
124,142,16,0.01596814988750288,0
124,142,17,0.009482233116516733,0
124,142,18,0.0107458642153602,0
124,142,19,0.008961274136177033,0
124,142,20,-0.01008200415481908,0
124,142,21,-0.01309925264653381,0
124,142,22,-0.00610163111567944,0
124,142,23,-0.01498446205522091,0
124,142,24,-0.01960079411597024,0
124,142,25,-0.009860970070726002,0
124,142,26,0.002308682254229816,0
124,142,27,0.003383616880309953,0
124,142,28,0.02639423394193046,0
124,142,29,-0.009503664689445648,0
124,142,30,-0.003418942861141712,0
124,142,31,-0.0006155402337747061,0
124,142,32,-0.004281976730139635,0
124,142,33,0.009080727024813762,0
124,142,34,0.02305441324277423,0
124,142,35,-0.00301689431784444,0
124,142,36,-0.004932468239230682,0
124,142,37,-0.003256180783259204,0
124,142,38,-0.006898884761284209,0
124,142,39,-0.02404942033126899,0
124,142,40,-0.0328076083786874,0
124,142,41,0.003833375719179315,0
124,142,42,-0.005628181006289076,0
124,142,43,-0.006503874054459909,0
124,142,44,0.01720346527966815,0
124,142,45,0.01680852372982771,0
124,142,46,0.01561671175044523,0
124,142,47,0.008657439629835671,0
124,142,48,-0.0007354280497012887,0
124,142,49,-0.01608091972083957,0
124,142,50,-0.004882686942905471,0
124,142,51,-0.01261572857801754,0
124,142,52,-0.02339949333692483,0
124,142,53,-0.009187872793180432,0
124,142,54,-0.002013357480044811,0
124,142,55,0.004022383575192641,0
124,142,56,0.02223600119182771,0
124,142,57,0.04104897488795379,0
124,142,58,0.00435763104520115,0
124,142,59,0.002544901341103076,0
124,142,60,0.0009949676851608354,0
124,142,61,0.003182323051301283,0
124,142,62,0.02006128764159134,0
124,142,63,0.02306080202355449,0
124,142,64,-0.001618594239064346,0
124,142,65,-0.002738814357634842,0
124,142,66,-0.004511060432122399,0
124,142,67,-0.004147951907854325,0
124,142,68,-0.02718228673593186,0
124,142,69,-0.03270184654053748,0
124,142,70,-0.001317632274918977,0
124,142,71,-0.006946359109426337,0
124,142,72,-0.004751586599440957,0
124,142,73,0.003613188124899913,0
124,142,74,0.01271532623122356,0
124,142,75,0.01711473012341446,0
124,142,76,0.005687205946929304,0
124,142,77,-0.00859435527549751,0
124,142,78,-0.01634274468963403,0
124,142,79,0.005863047777106184,0
124,142,80,-0.01325663200631937,0
124,142,81,-0.02382959893358862,0
124,142,82,0.003875059415160402,0
124,142,83,0.006514479415662158,0
124,142,84,0.00372353645186914,0
124,142,85,0.03176564808652597,0
124,142,86,0.04022292073290273,0
124,142,87,0.01642272327500209,0
124,142,88,0.007408560194512243,0
124,142,89,0.001308392551839256,0
124,142,90,0.009768221755924395,0
124,142,91,0.02383614212938482,0
124,142,92,0.0147244957447704,0
124,142,93,0.001153072945285659,0
124,142,94,0.001046999137616068,0
124,142,95,-0.003339273368081391,0
124,142,96,0.0001691453003311401,0
124,142,97,-0.01982678261489839,0
124,142,98,-0.02026952235023631,0
124,142,99,-0.007231644110692286,0
124,142,100,-0.005865720954580011,0
124,142,101,-0.001576907566781441,0
124,142,102,-0.01272871923655166,0
124,142,103,0.003313382097178962,0
124,142,104,0.01199688060348325,0
124,142,105,0.0004164178036662246,0
124,142,106,-0.01391161549845081,0
124,142,107,-0.01082540075495937,0
124,142,108,0.01503594273043834,0
124,142,109,-0.009141248822424935,0
124,142,110,-0.01566605257581968,0
124,142,111,0.01600476367222676,0
124,142,112,0.01282066512390159,0
124,142,113,0.00198874953477713,0
124,142,114,0.0297343160707378,0
124,142,115,0.02482556844954802,0
124,142,116,0.02337912940291898,0
124,142,117,0.009108266199610107,0
124,142,118,0.01266642805498484,0
124,142,119,0.01882736433602018,0
124,142,120,0.003026233719314395,0
124,142,121,0.004904708262161358,0
124,142,122,0.003450403932905898,0
124,142,123,-0.00544930857087913,0
124,142,124,-0.01305949162751475,0
124,142,125,-0.004823840763955656,0
124,142,126,-0.0278538690816191,0
124,142,127,-0.01047214888082143,0
124,142,128,-0.005408527081443468,0
124,142,129,-0.01495245705356232,0
124,142,130,0.02060360376692057,0
124,142,131,-0.0005150342134173892,0
124,142,132,0.02404535680606643,0
124,142,133,0.01584573726459663,0
124,142,134,0.01734534283598567,0
124,142,135,0.6892485864817688,0
124,142,136,-0.276771791182885,0
124,142,137,-0.5234458994140254,0
124,142,138,0.4208236475757603,0
124,142,139,0.237756008371601,0
124,142,140,-0.5445788771572386,0
124,142,141,-0.1446659399495135,0
124,142,142,0.454325045403811,0
124,142,143,0.5627292137181363,0
124,142,144,1,0
124,142,145,-0.4718800685807509,0
124,142,146,-0.7391323949260411,0
124,142,147,0.7760116863267159,0
124,142,148,0.4058772258827086,0
124,142,149,-0.8732081135793444,0
124,142,150,-0.2488324803388237,0
124,142,151,0.6953610630846672,0
124,142,152,0.8687035291727389,0
124,142,153,0.9000214114061823,0
124,142,154,-0.5235308131509375,0
124,142,155,-0.6692809760407692,0
124,142,156,0.8592555294996034,0
124,142,157,0.3710047419772237,0
124,142,158,-0.9654514686091029,0
124,142,159,-0.3032164851744124,0
124,142,160,0.6595708350508377,0
124,142,161,0.84913087915097,0
124,142,162,0.5223251749018512,0
124,142,163,-0.3676337157332355,0
124,142,164,-0.401322728749846,0
124,142,165,0.5652370348344571,0
124,142,166,0.172307894153489,0
124,142,167,-0.7051299582851475,0
124,142,168,-0.2350332933117972,0
124,142,169,0.3936906061640475,0
124,142,170,0.5261409342115612,0
125,141,0,0.0140827498376665,0
125,141,1,0.008902698550529812,0
125,141,2,0.01136999580427619,0
125,141,3,0.007396230241545998,0
125,141,4,0.005408743598728631,0
125,141,5,-0.005183547621131325,0
125,141,6,-0.01033863916486272,0
125,141,7,-0.005664966480530699,0
125,141,8,-0.01303699638875927,0
125,141,9,-0.01286711685048753,0
125,141,10,-0.007837396173035732,0
125,141,11,-0.0001807222432550723,0
125,141,12,0.006119269987198614,0
125,141,13,0.003901232463209465,0
125,141,14,0.01668512908231928,0
125,141,15,0.0222649703019072,0
125,141,16,0.01565019963416628,0
125,141,17,0.0153572799314914,0
125,141,18,0.02211072756598534,0
125,141,19,0.01580541948392634,0
125,141,20,0.002509285751832522,0
125,141,21,0.01637259705672487,0
125,141,22,0.01164063141242712,0
125,141,23,-0.003671329648615242,0
125,141,24,0.00831959190677314,0
125,141,25,0.006646254597004467,0
125,141,26,-0.004710172507018238,0
125,141,27,0.001377019422334616,0
125,141,28,-0.003962777489048135,0
125,141,29,-0.002942892424604877,0
125,141,30,0.005913103855033896,0
125,141,31,0.006957811345167183,0
125,141,32,-0.000333111487890491,0
125,141,33,-0.003626248617729502,0
125,141,34,-0.002365058848004029,0
125,141,35,0.002733960370591535,0
125,141,36,-0.006828568203210369,0
125,141,37,-0.007863194035945813,0
125,141,38,0.0002811128389566253,0
125,141,39,0.0002556545131543156,0
125,141,40,-0.001310095083933313,0
125,141,41,-0.004615993168811746,0
125,141,42,0.00803125633610715,0
125,141,43,0.009502003528280574,0
125,141,44,-0.00531924018978628,0
125,141,45,0.006146930973083228,0
125,141,46,0.009581837571032778,0
125,141,47,-0.003463879852006843,0
125,141,48,-0.001133046905182874,0
125,141,49,0.0007695112910273294,0
125,141,50,-0.001646371884127577,0
125,141,51,-0.003653705380896142,0
125,141,52,-0.002401174630395453,0
125,141,53,-0.0007936252975799675,0
125,141,54,-0.003104992575915444,0
125,141,55,-0.001958050720948038,0
125,141,56,-0.001608743555257994,0
125,141,57,9.718224248163866e-05,0
125,141,58,-0.01167618853607772,0
125,141,59,-0.003451199031540453,0
125,141,60,-0.006455091826181107,0
125,141,61,-0.003467701667026257,0
125,141,62,-0.003808127054270687,0
125,141,63,0.004956391447680064,0
125,141,64,0.0102266405832794,0
125,141,65,0.001864159648121378,0
125,141,66,0.006837509463059452,0
125,141,67,0.006960038945694449,0
125,141,68,0.003760477583889785,0
125,141,69,-0.00302548452176432,0
125,141,70,-0.01109300369309265,0
125,141,71,-0.002060929630135635,0
125,141,72,-0.01012100215332973,0
125,141,73,-0.02040104631798066,0
125,141,74,-0.009992356025123354,0
125,141,75,-0.007314865155593467,0
125,141,76,-0.01588405567944258,0
125,141,77,-0.01238243061653802,0
125,141,78,-0.002711258927841059,0
125,141,79,-0.01014724280343191,0
125,141,80,-0.009058286317586714,0
125,141,81,0.0006811874074673206,0
125,141,82,-0.004694326144673779,0
125,141,83,-0.003993204515280083,0
125,141,84,0.004088513189534257,0
125,141,85,0.00119329655845061,0
125,141,86,0.0071038212570998,0
125,141,87,-0.00140164676188741,0
125,141,88,-0.006940259133393207,0
125,141,89,-0.01181011145306712,0
125,141,90,0.001451858031215488,0
125,141,91,0.004898503628046664,0
125,141,92,0.00754076198216212,0
125,141,93,0.003735634921138457,0
125,141,94,0.008815592516178071,0
125,141,95,0.01244110976258243,0
125,141,96,0.000287278615682176,0
125,141,97,-0.001235673984326398,0
125,141,98,-0.003036599145559989,0
125,141,99,-0.006543642851307082,0
125,141,100,-0.01257949221242168,0
125,141,101,-0.01704849452650694,0
125,141,102,-0.008203353474203088,0
125,141,103,-0.01320475891414467,0
125,141,104,-0.01370789698102242,0
125,141,105,-0.003739037642170396,0
125,141,106,-0.006355828351078137,0
125,141,107,-0.003383702655072758,0
125,141,108,-0.0001054693102814309,0
125,141,109,-0.0001349047745499509,0
125,141,110,0.002226379181592616,0
125,141,111,0.001177177535533379,0
125,141,112,0.004181451749855857,0
125,141,113,0.005917361951368571,0
125,141,114,0.006114896873509214,0
125,141,115,0.008148675198680169,0
125,141,116,0.01803108803020888,0
125,141,117,0.001830475906453358,0
125,141,118,0.009210761793296567,0
125,141,119,0.01211259844541514,0
125,141,120,-0.009700356161392856,0
125,141,121,0.004515134653967036,0
125,141,122,-0.0117750454619398,0
125,141,123,-0.008372154541217177,0
125,141,124,0.004315510454016611,0
125,141,125,-0.008955861473533461,0
125,141,126,0.01796937263330635,0
125,141,127,0.002324628958231663,0
125,141,128,0.02045449331421864,0
125,141,129,0.0111874613793025,0
125,141,130,0.01826527173758204,0
125,141,131,0.01372662921695503,0
125,141,132,0.01092633875559919,0
125,141,133,0.01202260700548143,0
125,141,134,0.006709534483960595,0
125,141,135,-0.8905019687398829,0
125,141,136,-0.4115481743418842,0
125,141,137,0.7054507384839838,0
125,141,138,0.7868972339236053,0
125,141,139,-0.3712788085747286,0
125,141,140,-0.9951412844890349,0
125,141,141,-0.5926071724639965,0
125,141,142,-0.33200765455575,0
125,141,143,-0.1412191639889865,0
125,141,144,-0.4911627766248707,0
125,141,145,-0.2705969266466616,0
125,141,146,0.3831950281068348,0
125,141,147,0.4987805253916907,0
125,141,148,-0.2014331306008299,0
125,141,149,-0.6137272594770098,0
125,141,150,-0.3556256495060392,0
125,141,151,-0.1668807356603262,0
125,141,152,-0.04654129997940348,0
125,141,153,0.6074874035754999,0
125,141,154,0.181057055233688,0
125,141,155,-0.4780196484022592,0
125,141,156,-0.3761905145459722,0
125,141,157,0.2403876958681023,0
125,141,158,0.4826303637272503,0
125,141,159,0.3207506195345182,0
125,141,160,0.2555776412119782,0
125,141,161,0.1592354584812524,0
125,141,162,1,0
125,141,163,0.3631012820904337,0
125,141,164,-0.7659337927825571,0
125,141,165,-0.7022075688948238,0
125,141,166,0.4082538274690293,0
125,141,167,0.9100012387348118,0
125,141,168,0.5680472788890675,0
125,141,169,0.3896787059876641,0
125,141,170,0.2110226193579328,0
126,140,0,-0.01654562659393452,0
126,140,1,-0.01119124205003551,0
126,140,2,-0.01570951916634827,0
126,140,3,-0.0197952495163535,0
126,140,4,-0.01289790684947079,0
126,140,5,-0.00244933116737032,0
126,140,6,-0.007695101716686826,0
126,140,7,-0.004387851339964903,0
126,140,8,0.01270349583186259,0
126,140,9,0.01093969217062089,0
126,140,10,0.008322411477135392,0
126,140,11,0.01942153760742098,0
126,140,12,0.02329500402618512,0
126,140,13,0.01691960799257588,0
126,140,14,0.01436506140525339,0
126,140,15,0.02366525881024703,0
126,140,16,0.01846215162297508,0
126,140,17,0.005693612160952675,0
126,140,18,0.01390736366813271,0
126,140,19,0.01115071625709186,0
126,140,20,-0.003674187673143815,0
126,140,21,0.008499218626559887,0
126,140,22,0.006310179217026869,0
126,140,23,-0.003196487445821778,0
126,140,24,0.004199574663160795,0
126,140,25,0.003064942863711486,0
126,140,26,-0.003220491607950103,0
126,140,27,0.0001530635531497178,0
126,140,28,-0.003400474887584328,0
126,140,29,0.007121018058174312,0
126,140,30,-0.00699956646523861,0
126,140,31,-0.009786225792037232,0
126,140,32,0.009020920029843362,0
126,140,33,0.004137286182007366,0
126,140,34,-0.00103001589697999,0
126,140,35,0.004047522679979548,0
126,140,36,0.0120038748624604,0
126,140,37,0.007911134150358587,0
126,140,38,-0.004547559457283981,0
126,140,39,0.0112009426475658,0
126,140,40,0.01119464220293412,0
126,140,41,-0.01076464042147488,0
126,140,42,0.003207862518370517,0
126,140,43,0.007758732125091697,0
126,140,44,-0.01146861040237222,0
126,140,45,-0.003870746778145183,0
126,140,46,0.003070934338463768,0
126,140,47,-0.006188830320282652,0
126,140,48,-0.006858281386837141,0
126,140,49,-0.0004015152832593579,0
126,140,50,-0.002706840841399311,0
126,140,51,-0.004050549712651333,0
126,140,52,-0.000175138403538889,0
126,140,53,-0.0009284029497549311,0
126,140,54,-0.002892321046048995,0
126,140,55,-0.001444064315949577,0
126,140,56,-0.002417147418252923,0
126,140,57,-0.002347160467126989,0
126,140,58,0.02022412281604799,0
126,140,59,0.00624156106144756,0
126,140,60,0.008593427080977847,0
126,140,61,0.02385641549614853,0
126,140,62,0.01498030872594966,0
126,140,63,0.00197260195999807,0
126,140,64,0.009225481624199811,0
126,140,65,0.01150247849016313,0
126,140,66,-0.006409087908804198,0
126,140,67,-0.01341958311627009,0
126,140,68,-0.001571964603705027,0
126,140,69,-0.01141943364086443,0
126,140,70,-0.02819569893215558,0
126,140,71,-0.0145915340068765,0
126,140,72,-0.009282933804340797,0
126,140,73,-0.02801159186366506,0
126,140,74,-0.01927938461122275,0
126,140,75,-0.003432076519446274,0
126,140,76,-0.01528492805203926,0
126,140,77,-0.01227927623873496,0
126,140,78,0.005176716574823595,0
126,140,79,-0.008559039731516194,0
126,140,80,-0.006310758263689687,0
126,140,81,0.004267200698381327,0
126,140,82,-0.00377146953297545,0
126,140,83,-0.003707226688986091,0
126,140,84,0.002443386073799075,0
126,140,85,-0.001772419933939002,0
126,140,86,0.0009000644759609494,0
126,140,87,0.008088255953471341,0
126,140,88,0.01173656057662846,0
126,140,89,0.01602540582082083,0
126,140,90,0.008879329814241435,0
126,140,91,0.00736759861190456,0
126,140,92,0.002764889603861752,0
126,140,93,0.00280726874881619,0
126,140,94,-0.002952165088920147,0
126,140,95,-0.01198265129433108,0
126,140,96,-0.00548530041109381,0
126,140,97,-0.01240854175105626,0
126,140,98,-0.01943066542263451,0
126,140,99,-0.01036357751951871,0
126,140,100,-0.01450199072563588,0
126,140,101,-0.01493938097058455,0
126,140,102,-0.009726156532497339,0
126,140,103,-0.0105514610250615,0
126,140,104,-0.00541836683049182,0
126,140,105,-0.005937208036871137,0
126,140,106,-0.001227880135817574,0
126,140,107,0.006244444210552693,0
126,140,108,-0.004027815953204562,0
126,140,109,5.905501297113738e-05,0
126,140,110,0.00508409767064852,0
126,140,111,-0.00206161037089731,0
126,140,112,0.0002119287911941945,0
126,140,113,0.003656507922744055,0
126,140,114,0.0004880707610843904,0
126,140,115,0.002254820944710076,0
126,140,116,-0.01673975082173267,0
126,140,117,0.0003367719621788245,0
126,140,118,-0.01969576079164346,0
126,140,119,-0.01108179025891174,0
126,140,120,-0.007781537036485703,0
126,140,121,-0.01348776728930304,0
126,140,122,0.01104903481523864,0
126,140,123,-0.00601647373305713,0
126,140,124,0.0237623011913087,0
126,140,125,0.006095479472949463,0
126,140,126,0.02387948044914933,0
126,140,127,0.01395116553601525,0
126,140,128,0.01200243502388746,0
126,140,129,0.01373788887813667,0
126,140,130,0.005442631559105167,0
126,140,131,0.007526983295039902,0
126,140,132,0.001751459563998589,0
126,140,133,0.003715481686126395,0
126,140,134,0.001414493737495146,0
126,140,135,0.8119930461113386,0
126,140,136,0.9676472899851065,0
126,140,137,0.391391332873948,0
126,140,138,-0.4731309134092067,0
126,140,139,-0.9814517847298448,0
126,140,140,-0.7839761747652692,0
126,140,141,-0.3304240172922208,0
126,140,142,-0.1667807325967706,0
126,140,143,-0.07536454731590723,0
126,140,144,0.4906985623023465,0
126,140,145,0.5713885627273038,0
126,140,146,0.2166705776473445,0
126,140,147,-0.2824741877190863,0
126,140,148,-0.5567652615020634,0
126,140,149,-0.438071287165601,0
126,140,150,-0.202074290286735,0
126,140,151,-0.1210334346960595,0
126,140,152,-0.06234897879431793,0
126,140,153,-0.4505317394017003,0
126,140,154,-0.5566048747456805,0
126,140,155,-0.2523680330929767,0
126,140,156,0.2618751602685885,0
126,140,157,0.5919096306531219,0
126,140,158,0.4719942116715404,0
126,140,159,0.1713190348479085,0
126,140,160,0.04839436833749779,0
126,140,161,0.003830351220459685,0
126,140,162,-0.8025278062400797,0
126,140,163,-0.9601288974725133,0
126,140,164,-0.4086570299127351,0
126,140,165,0.4616492199145077,0
126,140,166,1,0
126,140,167,0.7958038444798676,0
126,140,168,0.3074415190896925,0
126,140,169,0.122145150184885,0
126,140,170,0.03804184727870116,0
127,139,0,0.01186310288483301,0
127,139,1,0.008931099285474073,0
127,139,2,0.01309546580833183,0
127,139,3,-0.0009726251921827247,0
127,139,4,0.001105622152825194,0
127,139,5,-0.006784295952426695,0
127,139,6,-0.01836679953297049,0
127,139,7,-0.01176311960707927,0
127,139,8,-0.0131437618329038,0
127,139,9,-0.01018803991713062,0
127,139,10,-0.00990192693359346,0
127,139,11,0.0007672895800765767,0
127,139,12,0.0146847633392347,0
127,139,13,0.004695804295414914,0
127,139,14,0.009173774842081567,0
127,139,15,0.02167169574711229,0
127,139,16,0.01235246993722581,0
127,139,17,-0.00126056481922763,0
127,139,18,-0.0106362622651533,0
127,139,19,-0.006213687280303391,0
127,139,20,-0.02751437984475682,0
127,139,21,-0.03014206568566648,0
127,139,22,-0.01788654461772701,0
127,139,23,-0.01250990251426448,0
127,139,24,-0.02609777872951564,0
127,139,25,-0.0138567125053369,0
127,139,26,0.012449717208982,0
127,139,27,0.004296741625472756,0
127,139,28,0.0346091107133921,0
127,139,29,0.009947509251821354,0
127,139,30,0.01655085924889712,0
127,139,31,0.02144843477815192,0
127,139,32,0.001870842888073823,0
127,139,33,-0.00223662879752855,0
127,139,34,-0.01062272482558285,0
127,139,35,-0.01160589796104648,0
127,139,36,-0.01621438772075747,0
127,139,37,-0.02086262490887504,0
127,139,38,-0.009438235094543185,0
127,139,39,-0.007362940745390571,0
127,139,40,0.0006753050341463334,0
127,139,41,0.005724305214208704,0
127,139,42,0.006545202993904489,0
127,139,43,0.0134208101908744,0
127,139,44,0.0127636376140602,0
127,139,45,0.004967156017689708,0
127,139,46,-0.002919669734164209,0
127,139,47,-0.003207488438740048,0
127,139,48,-0.02265070248207758,0
127,139,49,-0.04326866814961342,0
127,139,50,-0.01348141146467246,0
127,139,51,-0.01686326545878006,0
127,139,52,-0.01926083617778983,0
127,139,53,-0.01197714715847501,0
127,139,54,0.004117050880160116,0
127,139,55,0.02037967031896957,0
127,139,56,0.02935104935503639,0
127,139,57,0.05445910012163103,0
127,139,58,0.007408855638134174,0
127,139,59,0.01935230394351102,0
127,139,60,0.02227669033247329,0
127,139,61,0.006517109966504904,0
127,139,62,-0.002542742909398003,0
127,139,63,-0.01054336782910995,0
127,139,64,-0.001590648349161516,0
127,139,65,-0.01391430735800989,0
127,139,66,-0.02097473381071701,0
127,139,67,-0.007936371048428807,0
127,139,68,-0.003684856066535749,0
127,139,69,0.0003398905768921823,0
127,139,70,-0.00552189581838187,0
127,139,71,0.004280513063164243,0
127,139,72,0.01279954138958784,0
127,139,73,0.002471846929446004,0
127,139,74,-0.00356065130476892,0
127,139,75,-0.003560766858867751,0
127,139,76,0.008450662302889735,0
127,139,77,-0.02803107874792569,0
127,139,78,-0.04326662550800592,0
127,139,79,0.009975672263734265,0
127,139,80,-0.007579482711807476,0
127,139,81,-0.01919875055832416,0
127,139,82,0.00674175170971556,0
127,139,83,0.02127772497291127,0
127,139,84,0.02063097172252693,0
127,139,85,0.042922335499942,0
127,139,86,0.05427819219896254,0
127,139,87,0.004230387239111373,0
127,139,88,0.01585504996257574,0
127,139,89,0.01461949993793915,0
127,139,90,0.01065341465787134,0
127,139,91,-0.0004728165284860458,0
127,139,92,-0.006762523197779876,0
127,139,93,0.008440370588828374,0
127,139,94,-0.005976263764392758,0
127,139,95,-0.01328961804819286,0
127,139,96,-0.005795508175944564,0
127,139,97,0.0004573385565433166,0
127,139,98,0.0003118221392511353,0
127,139,99,-0.01576017270030437,0
127,139,100,-0.0005687847927431977,0
127,139,101,0.008041968632125022,0
127,139,102,-0.006767956195750061,0
127,139,103,-0.01034424263209241,0
127,139,104,-0.002503426493651741,0
127,139,105,0.02045192993555527,0
127,139,106,-0.02141555158254104,0
127,139,107,-0.02772091108936929,0
127,139,108,0.03372324431274179,0
127,139,109,0.006916071617325724,0
127,139,110,-0.01218425753774529,0
127,139,111,0.02555781576072239,0
127,139,112,0.03273989455815588,0
127,139,113,0.01309422084517111,0
127,139,114,0.04158466085219706,0
127,139,115,0.03407364534840974,0
127,139,116,0.0007667365535308197,0
127,139,117,0.00631002042142348,0
127,139,118,0.01286164849436061,0
127,139,119,0.00316125392724228,0
127,139,120,0.01535485841558788,0
127,139,121,0.005186845278830106,0
127,139,122,-0.004321618275122876,0
127,139,123,0.003457774955005538,0
127,139,124,-0.02299060334611385,0
127,139,125,-0.007147794840875838,0
127,139,126,-0.01323028831765146,0
127,139,127,-0.01381918313161427,0
127,139,128,0.0298187524610513,0
127,139,129,-0.004493721036372688,0
127,139,130,0.05112201351440979,0
127,139,131,0.02286242805373311,0
127,139,132,0.03894850682715031,0
127,139,133,0.03524989108805997,0
127,139,134,0.02578539155393876,0
127,139,135,-0.4440173638148908,0
127,139,136,-0.06283976502264492,0
127,139,137,0.4383012172668768,0
127,139,138,0.1750360554572072,0
127,139,139,-0.4243572398859675,0
127,139,140,-0.2890057134493207,0
127,139,141,0.3063778281264368,0
127,139,142,0.6242633085696755,0
127,139,143,0.5025950697356546,0
127,139,144,-0.7176163666898345,0
127,139,145,-0.1167098202922121,0
127,139,146,0.6871163009306469,0
127,139,147,0.2947232594978441,0
127,139,148,-0.6268445794059274,0
127,139,149,-0.4132792714936051,0
127,139,150,0.5017960842045487,0
127,139,151,0.9940121319377744,0
127,139,152,0.7924614841084034,0
127,139,153,-0.7413705594900077,0
127,139,154,-0.1410167486538815,0
127,139,155,0.6798448513930913,0
127,139,156,0.308932448128625,0
127,139,157,-0.600102131565282,0
127,139,158,-0.3894123032726407,0
127,139,159,0.5147928127886077,0
127,139,160,1,0
127,139,161,0.7940581790069359,0
127,139,162,-0.487763342009882,0
127,139,163,-0.1027306637224074,0
127,139,164,0.4263830684887492,0
127,139,165,0.1979662671111205,0
127,139,166,-0.3794807197034136,0
127,139,167,-0.2457117685990565,0
127,139,168,0.3314714443998687,0
127,139,169,0.6345664361004369,0
127,139,170,0.5027006571931997,0
128,138,0,0.01484726971644405,0
128,138,1,0.01069444482690159,0
128,138,2,0.01541451614505593,0
128,138,3,0.02603394362653614,0
128,138,4,0.01817303172979191,0
128,138,5,0.01202496570486597,0
128,138,6,0.03180448022942282,0
128,138,7,0.02186708592937359,0
128,138,8,0.006712085707010112,0
128,138,9,0.03184187387052222,0
128,138,10,0.02162647581401775,0
128,138,11,0.0007239304165832288,0
128,138,12,0.02736351765346281,0
128,138,13,0.01868484246833438,0
128,138,14,-0.003629797392522249,0
128,138,15,0.02079278961524833,0
128,138,16,0.01556889422832955,0
128,138,17,-0.00333778080034873,0
128,138,18,0.00984101673245498,0
128,138,19,0.007866001798635452,0
128,138,20,-0.006413743360859766,0
128,138,21,0.005224910501633124,0
128,138,22,0.00406429769389057,0
128,138,23,-0.002727538173516366,0
128,138,24,0.002360545820571834,0
128,138,25,0.002038384908613584,0
128,138,26,-0.001440578591615922,0
128,138,27,0.0004714674689188605,0
128,138,28,-0.0009121762677507315,0
128,138,29,-0.005434472185145762,0
128,138,30,0.007585359009876664,0
128,138,31,0.009680607724609984,0
128,138,32,-0.01056546410604848,0
128,138,33,0.001873238526763573,0
128,138,34,0.007206369198314305,0
128,138,35,-0.01424217790522959,0
128,138,36,-0.004356582376414897,0
128,138,37,0.003803248898079258,0
128,138,38,-0.0150111413139708,0
128,138,39,-0.009430879350463059,0
128,138,40,0.0002267751898685134,0
128,138,41,-0.01251480341903368,0
128,138,42,-0.01128929742647164,0
128,138,43,-0.002115212839671898,0
128,138,44,-0.008955801519750207,0
128,138,45,-0.008926656959563488,0
128,138,46,-0.001948640939195164,0
128,138,47,-0.003282444132452213,0
128,138,48,-0.006967737667279209,0
128,138,49,-0.002439900208801927,0
128,138,50,-0.0007407694958403254,0
128,138,51,-0.002321604997283766,0
128,138,52,-0.0003154638042830055,0
128,138,53,-4.854138391598281e-06,0
128,138,54,-0.0007559257468315682,0
128,138,55,-0.0001106781042156991,0
128,138,56,-0.0002937899306921174,0
128,138,57,1.893838378924954e-05,0
128,138,58,-0.01659751751522658,0
128,138,59,-0.005029199017789306,0
128,138,60,-0.008456937977864187,0
128,138,61,-0.0300095483403705,0
128,138,62,-0.01545730888034822,0
128,138,63,-0.007015094448283637,0
128,138,64,-0.0384311273556748,0
128,138,65,-0.02323574706962347,0
128,138,66,-0.004722906477277625,0
128,138,67,-0.03934950435081136,0
128,138,68,-0.02654115995690295,0
128,138,69,-0.001352666168586697,0
128,138,70,-0.03277711857318937,0
128,138,71,-0.0244536827214415,0
128,138,72,0.001784591641666128,0
128,138,73,-0.02277721205236184,0
128,138,74,-0.01889790991260986,0
128,138,75,0.002156911447044371,0
128,138,76,-0.009003463612496357,0
128,138,77,-0.009156725121096491,0
128,138,78,0.005538548957026094,0
128,138,79,-0.003715527784298421,0
128,138,80,-0.003006268177321212,0
128,138,81,0.003313542802044051,0
128,138,82,-0.001232555070173569,0
128,138,83,-0.0008361303083000695,0
128,138,84,0.002138250449102211,0
128,138,85,0.0002113608309590208,0
128,138,86,0.001546599456146386,0
128,138,87,-0.005734562486356016,0
128,138,88,-0.01084758607126057,0
128,138,89,-0.01558107353510013,0
128,138,90,-0.01046877194246283,0
128,138,91,-0.01256975328693555,0
128,138,92,-0.01226213494041118,0
128,138,93,-0.01385751272620316,0
128,138,94,-0.0128076609013457,0
128,138,95,-0.007716765643604757,0
128,138,96,-0.01458864767782596,0
128,138,97,-0.01087360957350755,0
128,138,98,-0.001855731219713566,0
128,138,99,-0.01221644489927705,0
128,138,100,-0.007469103989966665,0
128,138,101,0.003050327853305277,0
128,138,102,-0.007711859755085058,0
128,138,103,-0.004970954958890013,0
128,138,104,0.003708806430502624,0
128,138,105,-0.002923577199857471,0
128,138,106,0.001162203703139122,0
128,138,107,0.007523166815579116,0
128,138,108,-0.001151637985925453,0
128,138,109,0.001313385945755847,0
128,138,110,0.003939706255372723,0
128,138,111,-0.0003109934867287942,0
128,138,112,0.001272809848593702,0
128,138,113,0.002540738098623194,0
128,138,114,0.001148537952706947,0
128,138,115,0.001753123746449461,0
128,138,116,0.01591465286839459,0
128,138,117,-0.000432454132485662,0
128,138,118,0.02721848033090917,0
128,138,119,0.009978402758955836,0
128,138,120,0.03261303139106062,0
128,138,121,0.0172026234938523,0
128,138,122,0.03167280990523902,0
128,138,123,0.02077874788592193,0
128,138,124,0.02607795830586519,0
128,138,125,0.02037713119696473,0
128,138,126,0.01902347834771257,0
128,138,127,0.01651046903600155,0
128,138,128,0.008282892781851599,0
128,138,129,0.01154601192110988,0
128,138,130,0.003946827246254033,0
128,138,131,0.005453182722384114,0
128,138,132,0.00156050805492324,0
128,138,133,0.002781894209265972,0
128,138,134,0.001182098634791321,0
128,138,135,-0.4554734684307877,0
128,138,136,-0.8074111649993384,0
128,138,137,-0.9966854110487905,0
128,138,138,-0.9818473831778167,0
128,138,139,-0.777833099333476,0
128,138,140,-0.437902730821618,0
128,138,141,-0.1505257271305531,0
128,138,142,-0.0614713698767664,0
128,138,143,-0.02324432926958473,0
128,138,144,-0.2706728932372816,0
128,138,145,-0.4759435964375443,0
128,138,146,-0.5820062536221016,0
128,138,147,-0.5694530957856777,0
128,138,148,-0.4493667309488153,0
128,138,149,-0.2521269266264949,0
128,138,150,-0.09264225555202003,0
128,138,151,-0.04251881969950151,0
128,138,152,-0.01757534664782183,0
128,138,153,0.2622257785470062,0
128,138,154,0.4690499750035095,0
128,138,155,0.5883569485119602,0
128,138,156,0.5842164311870482,0
128,138,157,0.4554155477409655,0
128,138,158,0.2462465413991196,0
128,138,159,0.07684123792583848,0
128,138,160,0.02268696885284546,0
128,138,161,0.004850534943321444,0
128,138,162,0.4564023393858567,0
128,138,163,0.8043270789338972,0
128,138,164,1,0
128,138,165,0.9872399694487939,0
128,138,166,0.7743308497130299,0
128,138,167,0.425976336968333,0
128,138,168,0.1380052942779217,0
128,138,169,0.04951872062470548,0
128,138,170,0.01516700288938155,0
129,137,0,0.006235779210955306,0
129,137,1,0.01133858725436155,0
129,137,2,0.02532974253220027,0
129,137,3,-0.00570997568419221,0
129,137,4,-0.001092844160931762,0
129,137,5,-0.0007700198057681628,0
129,137,6,-0.02414404500134208,0
129,137,7,-0.02022423481568725,0
129,137,8,-0.02371686733835354,0
129,137,9,-0.02156913740509393,0
129,137,10,-0.02451120872352925,0
129,137,11,-0.02199483947735889,0
129,137,12,0.009745064168268458,0
129,137,13,-0.004116650538747524,0
129,137,14,-0.0008209672859452728,0
129,137,15,0.04274771953996543,0
129,137,16,0.02514663769526655,0
129,137,17,0.01649143228591601,0
129,137,18,0.07149209418870343,0
129,137,19,0.04907374787571106,0
129,137,20,0.02854422313413656,0
129,137,21,0.07308738352747048,0
129,137,22,0.05166232698449599,0
129,137,23,0.008020652212870613,0
129,137,24,0.04658573856401498,0
129,137,25,0.03560651082787473,0
129,137,26,-0.01279259570529004,0
129,137,27,0.005390674212814783,0
129,137,28,-0.02795584062566798,0
129,137,29,0.005557496021297141,0
129,137,30,0.02726000989242619,0
129,137,31,0.04129660839199908,0
129,137,32,-0.002305295647797705,0
129,137,33,0.0003695791090635237,0
129,137,34,-0.0006176289653427183,0
129,137,35,-0.01551605654607623,0
129,137,36,-0.02973559296080003,0
129,137,37,-0.03710139987308716,0
129,137,38,-0.01507970936780997,0
129,137,39,-0.03285894327463819,0
129,137,40,-0.03473022561537516,0
129,137,41,0.005142904637080072,0
129,137,42,-0.005043414187707833,0
129,137,43,-0.001622999221574285,0
129,137,44,0.0275377176049212,0
129,137,45,0.02732371418582785,0
129,137,46,0.02578385534013785,0
129,137,47,0.04507606125550384,0
129,137,48,0.05175801869088328,0
129,137,49,0.04421532571277806,0
129,137,50,0.04642559271171318,0
129,137,51,0.03889921804197119,0
129,137,52,0.01298892999204982,0
129,137,53,0.02922608379250428,0
129,137,54,0.01354569321705974,0
129,137,55,-0.0201867897256872,0
129,137,56,-0.0163285379557949,0
129,137,57,-0.04330060223400534,0
129,137,58,0.005857820316777691,0
129,137,59,0.0343290623174639,0
129,137,60,0.04232584341254961,0
129,137,61,0.004881801175257089,0
129,137,62,0.004179168411423472,0
129,137,63,-5.185195920761946e-05,0
129,137,64,-0.001569796914276926,0
129,137,65,-0.02660503255247719,0
129,137,66,-0.03648903302010856,0
129,137,67,-0.006090664808655486,0
129,137,68,-0.02968737892128463,0
129,137,69,-0.03420230233857206,0
129,137,70,-0.003167176965985137,0
129,137,71,-0.005772046716785626,0
129,137,72,-0.001291576969034394,0
129,137,73,0.004506266134111336,0
129,137,74,0.01946576482216821,0
129,137,75,0.02636555133265317,0
129,137,76,0.008819937512982271,0
129,137,77,0.03747097348802381,0
129,137,78,0.04347051991955401,0
129,137,79,0.009860820708553363,0
129,137,80,0.01640870318075887,0
129,137,81,0.01281912921755569,0
129,137,82,0.006310909200041247,0
129,137,83,-0.009049554292402593,0
129,137,84,-0.02031801923318315,0
129,137,85,-0.02948931688245255,0
129,137,86,-0.04303401905075829,0
129,137,87,0.005960894536986119,0
129,137,88,0.02939023398750192,0
129,137,89,0.02725510065570665,0
129,137,90,0.0120900369686587,0
129,137,91,0.00775144933999958,0
129,137,92,8.359621569530318e-05,0
129,137,93,0.01251503897480336,0
129,137,94,-0.01312099898137781,0
129,137,95,-0.0226914010041854,0
129,137,96,0.002866036295362257,0
129,137,97,-0.01635190776465977,0
129,137,98,-0.02099257981154563,0
129,137,99,-0.01201889313320685,0
129,137,100,-0.005496650411066631,0
129,137,101,-0.0001733687572447828,0
129,137,102,-0.019959248547178,0
129,137,103,0.004285296820974525,0
129,137,104,0.01748298847047773,0
129,137,105,-0.02773015923014514,0
129,137,106,0.01065918741269634,0
129,137,107,0.02720453026060262,0
129,137,108,-0.0268259219776907,0
129,137,109,-0.01011590086613228,0
129,137,110,0.007612034070858802,0
129,137,111,-0.01668493694343531,0
129,137,112,-0.02645852784185318,0
129,137,113,-0.013188721272018,0
129,137,114,-0.03125092080278487,0
129,137,115,-0.02720503845488555,0
129,137,116,0.004346358079385422,0
129,137,117,0.01278500676974824,0
129,137,118,0.01588374579359945,0
129,137,119,0.008842242478838412,0
129,137,120,0.02209483281634502,0
129,137,121,0.005737522980774705,0
129,137,122,0.009365210875664314,0
129,137,123,0.002536985159648654,0
129,137,124,-0.01837693540251471,0
129,137,125,-0.004718174550651903,0
129,137,126,-0.03905157345069663,0
129,137,127,-0.01461686326635965,0
129,137,128,-0.05540188202920395,0
129,137,129,-0.02129053924573561,0
129,137,130,-0.05353282762156318,0
129,137,131,-0.0332169734968461,0
129,137,132,-0.03299965559800561,0
129,137,133,-0.03345908487289555,0
129,137,134,-0.02088492975282861,0
129,137,135,-0.4550904765225601,0
129,137,136,-0.3263959599375197,0
129,137,137,0.2011567033370275,0
129,137,138,0.4871381012562181,0
129,137,139,0.1827588688149803,0
129,137,140,-0.3770177502978863,0
129,137,141,-0.6282501393086487,0
129,137,142,-0.6297975550073335,0
129,137,143,-0.3982852544110838,0
129,137,144,-0.7207607222081327,0
129,137,145,-0.5170678582144831,0
129,137,146,0.3155647427331911,0
129,137,147,0.766372116611754,0
129,137,148,0.2855325838493621,0
129,137,149,-0.5877911108333581,0
129,137,150,-0.9915223613156752,0
129,137,151,-0.9973368606470945,0
129,137,152,-0.6274495657848301,0
129,137,153,-0.7245667850628575,0
129,137,154,-0.5211822458399061,0
129,137,155,0.3105653452320141,0
129,137,156,0.7594528328325801,0
129,137,157,0.275285375491102,0
129,137,158,-0.5953439141794754,0
129,137,159,-0.9958667960915792,0
129,137,160,-1,0
129,137,161,-0.6282331859094366,0
129,137,162,-0.4641645636241066,0
129,137,163,-0.3322767768724771,0
129,137,164,0.1943374813458689,0
129,137,165,0.475463655118595,0
129,137,166,0.1624776633931126,0
129,137,167,-0.3918046377881054,0
129,137,168,-0.6370701630434527,0
129,137,169,-0.6344237381536352,0
129,137,170,-0.3976682954925154,0
130,136,0,-0.06481900758504941,0
130,136,1,-0.02056868105308848,0
130,136,2,0.002722431748698106,0
130,136,3,-0.09806729912116427,0
130,136,4,-0.0573048757627722,0
130,136,5,-0.0005500918603533105,0
130,136,6,-0.07593818591921643,0
130,136,7,-0.06436650581267511,0
130,136,8,-0.005109738392956383,0
130,136,9,-0.0004852817935589531,0
130,136,10,-0.03110421894366387,0
130,136,11,-0.006106074182013878,0
130,136,12,0.08724801384384388,0
130,136,13,0.02852562661524432,0
130,136,14,-0.002490962552924404,0
130,136,15,0.1290071880970827,0
130,136,16,0.07942945523907917,0
130,136,17,0.006651963150354725,0
130,136,18,0.1175583068982643,0
130,136,19,0.0852085412940863,0
130,136,20,0.004660104951019852,0
130,136,21,0.09401470534287713,0
130,136,22,0.07371036289595924,0
130,136,23,0.004666035104674653,0
130,136,24,0.05315475705244487,0
130,136,25,0.05107102253461335,0
130,136,26,0.001960795582378,0
130,136,27,0.01820697942651319,0
130,136,28,-0.00061872035778949,0
130,136,29,-0.03023825514652134,0
130,136,30,-0.004021889792189347,0
130,136,31,0.006597771507008906,0
130,136,32,-0.05158156362643296,0
130,136,33,-0.02743855064257356,0
130,136,34,0.001230507921642484,0
130,136,35,-0.04795400964608134,0
130,136,36,-0.04177320888899275,0
130,136,37,-0.00754819643277805,0
130,136,38,-0.00958941142710565,0
130,136,39,-0.03048062357273752,0
130,136,40,-0.01083112130697239,0
130,136,41,0.0464590419974206,0
130,136,42,0.006816207034040284,0
130,136,43,-0.006070893900865785,0
130,136,44,0.08073003478777396,0
130,136,45,0.05073823836584813,0
130,136,46,0.008731067884342671,0
130,136,47,0.07935477396627359,0
130,136,48,0.05932183013815689,0
130,136,49,0.006448648977384951,0
130,136,50,0.06769734947231214,0
130,136,51,0.05601615273850409,0
130,136,52,0.008824985872111907,0
130,136,53,0.03916954646265244,0
130,136,54,0.03968149322472484,0
130,136,55,0.004060111997364313,0
130,136,56,0.01432637391373954,0
130,136,57,0.0005640886673701018,0
130,136,58,0.02250875450581579,0
130,136,59,0.0175270617810435,0
130,136,60,0.008035557727888035,0
130,136,61,0.01903271510443902,0
130,136,62,0.01828077535466204,0
130,136,63,0.003172762679165124,0
130,136,64,-0.005390443804247965,0
130,136,65,-0.002093425253438128,0
130,136,66,-0.006018362335806047,0
130,136,67,-0.02275065841167261,0
130,136,68,-0.02231575853481716,0
130,136,69,-0.01014931338793597,0
130,136,70,-0.01341985242716319,0
130,136,71,-0.02135281661968883,0
130,136,72,-0.006139563049529799,0
130,136,73,0.01176773023574163,0
130,136,74,0.005353161869481829,0
130,136,75,0.008717870023543184,0
130,136,76,0.02793314788704168,0
130,136,77,0.01947415885585239,0
130,136,78,0.005545946804755082,0
130,136,79,0.0318129026872748,0
130,136,80,0.02857950313342755,0
130,136,81,0.00873681221539376,0
130,136,82,0.02073600931943925,0
130,136,83,0.0225329845426939,0
130,136,84,0.004032281898851532,0
130,136,85,0.008941625073064041,0
130,136,86,0.0007989218912420533,0
130,136,87,0.07497502638437703,0
130,136,88,0.03496031204206746,0
130,136,89,0.004987924433864203,0
130,136,90,0.08982969723111646,0
130,136,91,0.06277836548154801,0
130,136,92,0.003028150310122807,0
130,136,93,0.03791553633871743,0
130,136,94,0.04103835500681445,0
130,136,95,-0.002293125450869101,0
130,136,96,-0.0352064703847136,0
130,136,97,-0.008346702574608246,0
130,136,98,-0.004943995168093902,0
130,136,99,-0.07340880965851468,0
130,136,100,-0.04538507805914913,0
130,136,101,-0.002744463879142731,0
130,136,102,-0.05826215831497175,0
130,136,103,-0.04184877997761977,0
130,136,104,0.006564771388893084,0
130,136,105,-0.0237361563412343,0
130,136,106,-0.02289004793318795,0
130,136,107,0.002767450264848468,0
130,136,108,-0.00408683867299968,0
130,136,109,-0.002466383901854685,0
130,136,110,0.004687359672240658,0
130,136,111,0.002226188383277471,0
130,136,112,0.003283038183261816,0
130,136,113,0.001823775166987632,0
130,136,114,0.002340670927923009,0
130,136,115,3.839061652521808e-05,0
130,136,116,0.1098582670557175,0
130,136,117,0.04250501750684284,0
130,136,118,0.1365798497359089,0
130,136,119,0.0900034163481838,0
130,136,120,0.06648385708581962,0
130,136,121,0.07108506402192272,0
130,136,122,-0.0438412302823137,0
130,136,123,0.004506399568907884,0
130,136,124,-0.1149873714280215,0
130,136,125,-0.0593148092928128,0
130,136,126,-0.1095157573733997,0
130,136,127,-0.07790473390653553,0
130,136,128,-0.06170944084341339,0
130,136,129,-0.05538632507410279,0
130,136,130,-0.0300328529375497,0
130,136,131,-0.02769052172876496,0
130,136,132,-0.01086179803140806,0
130,136,133,-0.01185829795651205,0
130,136,134,-0.002918119355651012,0
130,136,135,0.4732218797989433,0
130,136,136,0.6328958492478322,0
130,136,137,0.3943905820294236,0
130,136,138,-0.09526741880430262,0
130,136,139,-0.5247505779421637,0
130,136,140,-0.6424169518856817,0
130,136,141,-0.4829242664008536,0
130,136,142,-0.3338584544685187,0
130,136,143,-0.1732858246470369,0
130,136,144,0.748326310231061,0
130,136,145,1,0
130,136,146,0.6231643855981617,0
130,136,147,-0.1476080825958062,0
130,136,148,-0.8199300574429165,0
130,136,149,-0.9947076334037614,0
130,136,150,-0.7580097394159495,0
130,136,151,-0.5279454805372278,0
130,136,152,-0.272955799343841,0
130,136,153,0.7481429695865262,0
130,136,154,0.9984920950107694,0
130,136,155,0.622168550471637,0
130,136,156,-0.1482022182239236,0
130,136,157,-0.8212839157340941,0
130,136,158,-0.9953384743102744,0
130,136,159,-0.7582736729184917,0
130,136,160,-0.5290238527907332,0
130,136,161,-0.2734160414028101,0
130,136,162,0.4753063136057449,0
130,136,163,0.6304155057173318,0
130,136,164,0.3912278122723608,0
130,136,165,-0.09716471369437309,0
130,136,166,-0.5282335829860372,0
130,136,167,-0.643447779363519,0
130,136,168,-0.4831430873938848,0
130,136,169,-0.3358676949315638,0
130,136,170,-0.1732999009442335,0
131,135,0,0.01214531354065862,0
131,135,1,-0.02222235529422918,0
131,135,2,-0.07240141644180807,0
131,135,3,0.007094446018257567,0
131,135,4,-0.003919837018625847,0
131,135,5,-0.03906201900068281,0
131,135,6,-0.0295082075895909,0
131,135,7,0.0007674161569084252,0
131,135,8,0.007037161682896816,0
131,135,9,-0.09243284319143111,0
131,135,10,-0.0217291136057014,0
131,135,11,0.04140142141072113,0
131,135,12,-0.1502689513352898,0
131,135,13,-0.06465851907702889,0
131,135,14,0.04729492381820179,0
131,135,15,-0.1603914717132706,0
131,135,16,-0.1004752594570791,0
131,135,17,0.02492718905934281,0
131,135,18,-0.1101528221922087,0
131,135,19,-0.08076352282050125,0
131,135,20,0.02834036605893749,0
131,135,21,-0.07420408090113774,0
131,135,22,-0.05895015026015021,0
131,135,23,0.00967640292213395,0
131,135,24,-0.03842164707791199,0
131,135,25,-0.03781577482463455,0
131,135,26,0.001773647990807272,0
131,135,27,-0.01376624810987625,0
131,135,28,-0.001146059697822422,0
131,135,29,0.002066782963841414,0
131,135,30,-0.07278299986385257,0
131,135,31,-0.1187893041127856,0
131,135,32,0.001372223638253546,0
131,135,33,-0.03616987756517545,0
131,135,34,-0.06500520360001323,0
131,135,35,-0.0131633196308761,0
131,135,36,0.007215109592200942,0
131,135,37,0.009639832584272446,0
131,135,38,-0.04648479207840293,0
131,135,39,0.02557031607065853,0
131,135,40,0.06600865187275211,0
131,135,41,-0.08447458505814169,0
131,135,42,0.004632641618055336,0
131,135,43,0.07676283818226701,0
131,135,44,-0.09748105562457005,0
131,135,45,-0.03915885033332096,0
131,135,46,0.04161571050843036,0
131,135,47,-0.0713633177996178,0
131,135,48,-0.03031624203726874,0
131,135,49,0.04578340771283095,0
131,135,50,-0.05212873882044335,0
131,135,51,-0.03399506176033624,0
131,135,52,0.01380406844068399,0
131,135,53,-0.028001177315052,0
131,135,54,-0.02668311155978759,0
131,135,55,0.00201403994039227,0
131,135,56,-0.01187016821938999,0
131,135,57,-0.002998466442127885,0
131,135,58,-0.01673602962646772,0
131,135,59,-0.09985709755316052,0
131,135,60,-0.121801682699769,0
131,135,61,-0.0138035901490105,0
131,135,62,-0.06207089559098865,0
131,135,63,-0.06786948366160361,0
131,135,64,0.004250359240170335,0
131,135,65,0.005138624855265369,0
131,135,66,0.007120670370260402,0
131,135,67,0.01682762783115543,0
131,135,68,0.06106561689221593,0
131,135,69,0.06446303860149617,0
131,135,70,0.009887515926763232,0
131,135,71,0.07081671085573028,0
131,135,72,0.0762032247917277,0
131,135,73,-0.008033699755614396,0
131,135,74,0.03238803477196377,0
131,135,75,0.04176075032340579,0
131,135,76,-0.01925132178782455,0
131,135,77,0.02357202411663555,0
131,135,78,0.0461353972694873,0
131,135,79,-0.02192883300850103,0
131,135,80,-0.005229552013815928,0
131,135,81,0.01363931664095038,0
131,135,82,-0.01426158847946556,0
131,135,83,-0.01211832708341841,0
131,135,84,0.001992459814380832,0
131,135,85,-0.00821748696591602,0
131,135,86,-0.003133485741144304,0
131,135,87,-0.03538984441670524,0
131,135,88,-0.09173178421460276,0
131,135,89,-0.07793681620235748,0
131,135,90,-0.02939764758764377,0
131,135,91,-0.06909994418528784,0
131,135,92,-0.04415871824912389,0
131,135,93,0.0204998468703537,0
131,135,94,-0.001175843904758004,0
131,135,95,0.002406900349321124,0
131,135,96,0.07893913836732375,0
131,135,97,0.07510309260920943,0
131,135,98,0.03861038143870345,0
131,135,99,0.1039365615695266,0
131,135,100,0.112804764451937,0
131,135,101,0.0463075752339213,0
131,135,102,0.08147397664126765,0
131,135,103,0.09111383985589047,0
131,135,104,0.02497696914803172,0
131,135,105,0.03290562401888492,0
131,135,106,0.06509073509432732,0
131,135,107,0.02936819383643726,0
131,135,108,0.008257599733832286,0
131,135,109,0.02072064405577551,0
131,135,110,0.0090473595992122,0
131,135,111,-0.0004206156447305133,0
131,135,112,0.002702870424146958,0
131,135,113,0.001795334856047458,0
131,135,114,-0.00288246800188485,0
131,135,115,-0.001563618892358274,0
131,135,116,-0.04379703775409113,0
131,135,117,-0.04793797771570204,0
131,135,118,-0.0351851821324248,0
131,135,119,-0.04992339501602677,0
131,135,120,0.03480621996014156,0
131,135,121,-0.004148145438395393,0
131,135,122,0.1220162789353217,0
131,135,123,0.06735097938147151,0
131,135,124,0.1682199735320307,0
131,135,125,0.1195611600876629,0
131,135,126,0.1449889467185818,0
131,135,127,0.1202788079511185,0
131,135,128,0.07037810199143053,0
131,135,129,0.08222198849588559,0
131,135,130,0.03000494746269641,0
131,135,131,0.03596547384935845,0
131,135,132,0.009428992139106605,0
131,135,133,0.01301001173968454,0
131,135,134,0.002046297772490459,0
131,135,135,0.2519072523208305,0
131,135,136,0.4589225790335779,0
131,135,137,0.5939818888232808,0
131,135,138,0.6330872005945137,0
131,135,139,0.5735596612910159,0
131,135,140,0.4238823285779708,0
131,135,141,0.2457519907964986,0
131,135,142,0.1414991093253677,0
131,135,143,0.06531577570116387,0
131,135,144,0.398616045048454,0
131,135,145,0.726476425789952,0
131,135,146,0.9396787635512244,0
131,135,147,1,0
131,135,148,0.9007214335539429,0
131,135,149,0.6584092318605789,0
131,135,150,0.385597030815197,0
131,135,151,0.2237604681069296,0
131,135,152,0.1028738311574889,0
131,135,153,0.3982014342278068,0
131,135,154,0.7253865296038708,0
131,135,155,0.9391196719972892,0
131,135,156,0.9994708129419412,0
131,135,157,0.8995373386053206,0
131,135,158,0.6575901072470874,0
131,135,159,0.3850673563081831,0
131,135,160,0.2241670376401727,0
131,135,161,0.1030939795515806,0
131,135,162,0.2525465852257529,0
131,135,163,0.4581001430433997,0
131,135,164,0.5931980939632538,0
131,135,165,0.6312555693933918,0
131,135,166,0.5703907270721821,0
131,135,167,0.4217507677409192,0
131,135,168,0.2443855496603639,0
131,135,169,0.1423139280371438,0
131,135,170,0.06542481922392421,0
132,121,0,-0.5276370965414343,0
132,121,1,-0.01099439163066968,0
132,121,2,0.4555860226344295,0
132,121,3,-0.8047580712054465,0
132,121,4,-0.3966985724050419,0
132,121,5,0.2260191384059182,0
132,121,6,-0.6828360172654176,0
132,121,7,-0.5905461540775582,0
132,121,8,-0.116717202776512,0
132,121,9,-0.2021414176551696,0
132,121,10,-0.4842379698011594,0
132,121,11,-0.3999285664264151,0
132,121,12,0.4128004564691582,0
132,121,13,-0.118336180148413,0
132,121,14,-0.4823826297564113,0
132,121,15,0.8728017628019182,0
132,121,16,0.3395383643179891,0
132,121,17,-0.3122269324689286,0
132,121,18,0.5694416333864951,0
132,121,19,0.2629616503648316,0
132,121,20,-0.602820693399895,0
132,121,21,0.3330201203746421,0
132,121,22,0.1408889774896644,0
132,121,23,-0.4401980632490022,0
132,121,24,0.152019385799682,0
132,121,25,0.04131859470064658,0
132,121,26,-0.327856706307727,0
132,121,27,-0.05115129338308291,0
132,121,28,-0.272153976670059,0
132,121,29,-0.3202121666744643,0
132,121,30,0.3631593802081078,0
132,121,31,0.7477893886838788,0
132,121,32,-0.4974477125706517,0
132,121,33,-0.05713163590485107,0
132,121,34,0.3798341558963626,0
132,121,35,-0.4305747153349282,0
132,121,36,-0.4555172514310279,0
132,121,37,-0.173812534308892,0
132,121,38,-0.133270856781381,0
132,121,39,-0.6206226317949993,0
132,121,40,-0.635708040580851,0
132,121,41,0.2592804496172114,0
132,121,42,-0.4582685750414141,0
132,121,43,-0.7744001505939081,0
132,121,44,0.5619347949519405,0
132,121,45,-0.02969508841020953,0
132,121,46,-0.4997805514828028,0
132,121,47,0.3653732518135465,0
132,121,48,-0.2852691150097642,0
132,121,49,-0.986669872051974,0
132,121,50,0.2198950927231674,0
132,121,51,-0.2356199089896439,0
132,121,52,-0.7106157893620895,0
132,121,53,0.1035908305270602,0
132,121,54,-0.2141278471278469,0
132,121,55,-0.5299489223384301,0
132,121,56,-0.2351732151964238,0
132,121,57,-0.4426784454179166,0
132,121,58,0.01546717628244165,0
132,121,59,0.6074869270367371,0
132,121,60,0.7607009089369089,0
132,121,61,0.004815628968958495,0
132,121,62,0.3164184947092674,0
132,121,63,0.3953889997481545,0
132,121,64,-0.01297411680560945,0
132,121,65,-0.136086421445669,0
132,121,66,-0.1582389066721297,0
132,121,67,-0.01241350628750747,0
132,121,68,-0.5131224163353393,0
132,121,69,-0.6242461047692872,0
132,121,70,0.01298838935491767,0
132,121,71,-0.617110240124456,0
132,121,72,-0.7679263981208988,0
132,121,73,0.0425773104970098,0
132,121,74,-0.3802655664688223,0
132,121,75,-0.4947109996072099,0
132,121,76,0.03474275399714706,0
132,121,77,-0.7246081692574982,0
132,121,78,-1,0
132,121,79,0.03142504688116705,0
132,121,80,-0.5141698983411204,0
132,121,81,-0.7098871564166741,0
132,121,82,0.0190381966054851,0
132,121,83,-0.3829839196595029,0
132,121,84,-0.5285736615061305,0
132,121,85,-0.3284303806521662,0
132,121,86,-0.4425269510820826,0
132,121,87,0.3485887578937977,0
132,121,88,0.6215550713666106,0
132,121,89,0.4782367916736983,0
132,121,90,0.5070979212770569,0
132,121,91,0.5713323411600674,0
132,121,92,0.2539751616818686,0
132,121,93,0.4085574009747173,0
132,121,94,0.2356783981664994,0
132,121,95,-0.08838164941171042,0
132,121,96,0.1135885317190458,0
132,121,97,-0.2100129512842641,0
132,121,98,-0.3792346708209403,0
132,121,99,-0.2329321053101797,0
132,121,100,-0.5381857907884918,0
132,121,101,-0.471041946780752,0
132,121,102,-0.4853845202186101,0
132,121,103,-0.5807893868959703,0
132,121,104,-0.3021746764227231,0
132,121,105,-0.2908489885237156,0
132,121,106,-0.8798071689295969,0
132,121,107,-0.6292432714036776,0
132,121,108,-0.1532941055128145,0
132,121,109,-0.5849248570211729,0
132,121,110,-0.4381999822278695,0
132,121,111,-0.06388082809570696,0
132,121,112,-0.396713439553832,0
132,121,113,-0.3251357426564214,0
132,121,114,-0.2924384321697737,0
132,121,115,-0.27285085682842,0
132,121,116,0.5503268565034878,0
132,121,117,0.3917795129729525,0
132,121,118,0.8141479498301539,0
132,121,119,0.5996931850222299,0
132,121,120,0.6681107994920561,0
132,121,121,0.5063738603452834,0
132,121,122,0.1917510502205627,0
132,121,123,0.1635258592814581,0
132,121,124,-0.3884207750573184,0
132,121,125,-0.2580847690213814,0
132,121,126,-0.8264335268631984,0
132,121,127,-0.5611363091549095,0
132,121,128,-0.4846845355153198,0
132,121,129,-0.6837805931291059,0
132,121,130,-0.2617787424393923,0
132,121,131,-0.4195786997225451,0
132,121,132,-0.1132106763045614,0
132,121,133,-0.2505934366643189,0
132,121,134,-0.1417881177509616,0
132,121,135,-0.002195461716479679,0
132,121,136,-0.005127347100648929,0
132,121,137,-0.008540281355454777,0
132,121,138,-0.01392207542404515,0
132,121,139,-0.02325909050850928,0
132,121,140,-0.04781455485631219,0
132,121,141,-0.03004393956258622,0
132,121,142,-0.01523903650108878,0
132,121,143,-0.00605196241846704,0
132,121,144,-0.002506807339530695,0
132,121,145,-0.006719579377914647,0
132,121,146,-0.01237719894766772,0
132,121,147,-0.02172370562652461,0
132,121,148,-0.03770547920120122,0
132,121,149,-0.07782333460796406,0
132,121,150,-0.0478265135849392,0
132,121,151,-0.02467711730245099,0
132,121,152,-0.0101270721334186,0
132,121,153,-0.00245192571422471,0
132,121,154,-0.006680740831440496,0
132,121,155,-0.01243173245505164,0
132,121,156,-0.02189034157038778,0
132,121,157,-0.03827100547751117,0
132,121,158,-0.07818256280147341,0
132,121,159,-0.04609633604206793,0
132,121,160,-0.0238068840441127,0
132,121,161,-0.009811421426406503,0
132,121,162,-0.002105257509302209,0
132,121,163,-0.005038626945000084,0
132,121,164,-0.008665409422013272,0
132,121,165,-0.01434787683467877,0
132,121,166,-0.02449022965365531,0
132,121,167,-0.0487992969083328,0
132,121,168,-0.02689339322248169,0
132,121,169,-0.01382184999145003,0
132,121,170,-0.005733261010491193,0
133,122,0,0.01865038840296156,0
133,122,1,-0.001343304727867724,0
133,122,2,-0.02042945844146057,0
133,122,3,0.03054312551233477,0
133,122,4,0.01320758441106624,0
133,122,5,-0.01167819498136872,0
133,122,6,0.03037405658314141,0
133,122,7,0.0228927852743663,0
133,122,8,0.00200804927008616,0
133,122,9,0.01688999399666059,0
133,122,10,0.02294200811123201,0
133,122,11,0.01459795453381394,0
133,122,12,-0.005398486858031379,0
133,122,13,0.01234383552248124,0
133,122,14,0.0205685295269371,0
133,122,15,-0.02768018524765559,0
133,122,16,-0.005356545394230841,0
133,122,17,0.0166590949097515,0
133,122,18,0.5827256081145061,0
133,122,19,0.3926489683184903,0
133,122,20,0.5588144218503219,0
133,122,21,0.9378199220781928,0
133,122,22,0.6286260699020008,0
133,122,23,0.3247543656314135,0
133,122,24,0.7498443467688473,0
133,122,25,0.5035220222584672,0
133,122,26,-0.1632867192219555,0
133,122,27,0.003263937746213602,0
133,122,28,-0.6661231531818668,0
133,122,29,0.0108112826554258,0
133,122,30,-0.01738228381850662,0
133,122,31,-0.03324928043069463,0
133,122,32,0.01836075492781116,0
133,122,33,-0.001681844133115124,0
133,122,34,-0.01921687277420234,0
133,122,35,0.01917210328913182,0
133,122,36,0.01557638219351367,0
133,122,37,0.00295014547140384,0
133,122,38,0.01168492397467762,0
133,122,39,0.02635479324320293,0
133,122,40,0.02361319634244195,0
133,122,41,-0.002110106098978988,0
133,122,42,0.02504055330587809,0
133,122,43,0.03374982805335541,0
133,122,44,-0.01766365753132882,0
133,122,45,0.01038390082782523,0
133,122,46,0.02734311015378629,0
133,122,47,0.3425092510832198,0
133,122,48,0.6469775603650118,0
133,122,49,0.8904259884235043,0
133,122,50,0.5201233628271696,0
133,122,51,0.5904696706700033,0
133,122,52,0.4889067133976538,0
133,122,53,0.3781890856204729,0
133,122,54,0.1332715027727372,0
133,122,55,-0.2865927574978463,0
133,122,56,-0.4923385725598139,0
133,122,57,-1,0
133,122,58,-0.00203400166670325,0
133,122,59,-0.02724077343712642,0
133,122,60,-0.03353782960686567,0
133,122,61,-0.001773072334439705,0
133,122,62,-0.01676539024809597,0
133,122,63,-0.0195670120131937,0
133,122,64,0.0004002440040414499,0
133,122,65,0.001766751773197361,0
133,122,66,0.002747678056068023,0
133,122,67,0.002590530013031929,0
133,122,68,0.0199712304595044,0
133,122,69,0.02397930307094215,0
133,122,70,0.003281360155867673,0
133,122,71,0.0295301888639528,0
133,122,72,0.03530918060730129,0
133,122,73,0.003209375844867617,0
133,122,74,0.02562899602249957,0
133,122,75,0.03123916415499919,0
133,122,76,0.02486933701624132,0
133,122,77,0.6791679349715735,0
133,122,78,0.911922262604814,0
133,122,79,0.002246183084225526,0
133,122,80,0.3651594512512715,0
133,122,81,0.4693524273226534,0
133,122,82,-0.02957904931655171,0
133,122,83,-0.232332671771518,0
133,122,84,-0.3152274584074731,0
133,122,85,-0.7421251679795867,0
133,122,86,-0.9724633377732521,0
133,122,87,-0.01486348808566858,0
133,122,88,-0.02700854719877048,0
133,122,89,-0.02095220477933226,0
133,122,90,-0.02207168725183338,0
133,122,91,-0.02604213907720079,0
133,122,92,-0.01233812379059478,0
133,122,93,-0.01889472898988732,0
133,122,94,-0.01312858018988058,0
133,122,95,0.001582385298124699,0
133,122,96,-0.007624037917426864,0
133,122,97,0.005921990550565214,0
133,122,98,0.01518160450668462,0
133,122,99,0.006655883289915403,0
133,122,100,0.02293810921662929,0
133,122,101,0.02344577378490593,0
133,122,102,0.02090120036845309,0
133,122,103,0.03209088453992699,0
133,122,104,0.02467619551127885,0
133,122,105,-0.309274972453736,0
133,122,106,0.4692498120555035,0
133,122,107,0.6097269595893203,0
133,122,108,-0.5168734416850098,0
133,122,109,0.002158640944704053,0
133,122,110,0.2787393413832999,0
133,122,111,-0.4130674297784701,0
133,122,112,-0.5117101160632508,0
133,122,113,-0.226769878281728,0
133,122,114,-0.7238219744931736,0
133,122,115,-0.6057963463328784,0
133,122,116,-0.02262428784065361,0
133,122,117,-0.01651555513548391,0
133,122,118,-0.03450556043181163,0
133,122,119,-0.02560831093441934,0
133,122,120,-0.03101591697814458,0
133,122,121,-0.02313186617350413,0
133,122,122,-0.01499002903318934,0
133,122,123,-0.01066367694317673,0
133,122,124,0.00509172234186782,0
133,122,125,0.005707821655470083,0
133,122,126,0.01883360287253007,0
133,122,127,0.01847478213526887,0
133,122,128,-0.6452046130434417,0
133,122,129,0.01735718343306044,0
133,122,130,-0.9454102701966797,0
133,122,131,-0.4277890370103271,0
133,122,132,-0.6834246928399643,0
133,122,133,-0.6283437865464157,0
133,122,134,-0.4529990514562213,0
133,122,135,2.545844118245847e-05,0
133,122,136,7.584185461557711e-05,0
133,122,137,0.0001008989340701696,0
133,122,138,0.000111202052034611,0
133,122,139,8.659553052550339e-05,0
133,122,140,8.883521606648262e-05,0
133,122,141,-0.0531567587029923,0
133,122,142,-0.08505798559365715,0
133,122,143,-0.06831495092356257,0
133,122,144,1.859465439896402e-06,0
133,122,145,5.565490556498363e-05,0
133,122,146,9.322488241403246e-05,0
133,122,147,0.0001331223849159227,0
133,122,148,0.0001797063476245621,0
133,122,149,0.0008179196886882685,0
133,122,150,-0.08490345836881716,0
133,122,151,-0.1321166300920461,0
133,122,152,-0.1020711459501829,0
133,122,153,-1.495247722662078e-06,0
133,122,154,4.807281944111288e-05,0
133,122,155,7.919164203886251e-05,0
133,122,156,9.713132600804504e-05,0
133,122,157,8.881029434308891e-05,0
133,122,158,0.0004776087685456919,0
133,122,159,-0.08809232990176948,0
133,122,160,-0.1325831229556443,0
133,122,161,-0.09912002368829038,0
133,122,162,2.340961722449584e-05,0
133,122,163,6.518445122439086e-05,0
133,122,164,7.80289656747838e-05,0
133,122,165,4.597192694608063e-05,0
133,122,166,-0.0001056377965250277,0
133,122,167,-0.0006007029422140744,0
133,122,168,-0.0605788608923019,0
133,122,169,-0.08612770272381902,0
133,122,170,-0.06164273545695994,0
134,126,0,-0.01326350456380368,0
134,126,1,-0.0006370375302827008,0
134,126,2,0.01052111707846523,0
134,126,3,-0.02007141841255833,0
134,126,4,-0.009742668740659301,0
134,126,5,0.005897890218412529,0
134,126,6,-0.01764202624284152,0
134,126,7,-0.0143703651288471,0
134,126,8,-0.001758263213241752,0
134,126,9,-0.008518920256867499,0
134,126,10,-0.01346786329551302,0
134,126,11,-0.01001743967453286,0
134,126,12,0.0005259531356628049,0
134,126,13,-0.009790668143781621,0
134,126,14,-0.01737666002974348,0
134,126,15,0.001143436658136341,0
134,126,16,-0.009187598531139127,0
134,126,17,-0.024916405687377,0
134,126,18,-0.9162796597545546,0
134,126,19,-0.6143467560686322,0
134,126,20,-0.8309496071436471,0
134,126,21,-0.8894794618300396,0
134,126,22,-0.5983730031238923,0
134,126,23,0.01388875573869432,0
134,126,24,-0.1872594283331296,0
134,126,25,-0.1299310321980199,0
134,126,26,0.6205010276107078,0
134,126,27,0.000317515350460659,0
134,126,28,0.1710113376986764,0
134,126,29,-0.009104861794256859,0
134,126,30,0.007785643247857825,0
134,126,31,0.01745567992593245,0
134,126,32,-0.01327974229367524,0
134,126,33,-0.001692993156120701,0
134,126,34,0.01030961813087596,0
134,126,35,-0.01027455803109128,0
134,126,36,-0.009786381321343409,0
134,126,37,-0.001358168752376637,0
134,126,38,-0.001806183359658341,0
134,126,39,-0.0136178894163241,0
134,126,40,-0.01319646703384503,0
134,126,41,0.008144476272120602,0
134,126,42,-0.01323500434758017,0
134,126,43,-0.02162182978208643,0
134,126,44,0.01746615923385436,0
134,126,45,-0.01080632262010468,0
134,126,46,-0.02533006353989875,0
134,126,47,-0.01742002081073715,0
134,126,48,-0.6290164468959452,0
134,126,49,-0.862037649180617,0
134,126,50,0.3278097181834293,0
134,126,51,0.2272688322144057,0
134,126,52,0.3188420832668384,0
134,126,53,0.5375516638805113,0
134,126,54,0.8158259776702596,0
134,126,55,0.7981943996343343,0
134,126,56,0.1244433351719148,0
134,126,57,-0.3176426861418358,0
134,126,58,-0.002515080207254747,0
134,126,59,0.01314194121201195,0
134,126,60,0.0180212455643203,0
134,126,61,-0.002707360377065501,0
134,126,62,0.006637312541691324,0
134,126,63,0.01125002340685731,0
134,126,64,0.0003905455037656802,0
134,126,65,-0.001225943613479087,0
134,126,66,0.0004582398395188006,0
134,126,67,0.005720466518570474,0
134,126,68,-0.006799721849432477,0
134,126,69,-0.009385244007234898,0
134,126,70,0.01219393034549014,0
134,126,71,-0.007452716597303394,0
134,126,72,-0.01319287911235868,0
134,126,73,0.02195578364152622,0
134,126,74,-0.000625739963069997,0
134,126,75,-0.006519980697984237,0
134,126,76,0.5699365891781893,0
134,126,77,-0.2570045312569263,0
134,126,78,-0.3611938322904747,0
134,126,79,0.8632689164506971,0
134,126,80,0.814781328420037,0
134,126,81,0.5865478638468097,0
134,126,82,0.6112702438345122,0
134,126,83,1,0
134,126,84,0.568424585406957,0
134,126,85,-0.2383589973318615,0
134,126,86,-0.8730373865497153,0
134,126,87,0.003715209724361954,0
134,126,88,0.01301759885844966,0
134,126,89,0.01144889368601955,0
134,126,90,0.007000892961607321,0
134,126,91,0.01129200874055492,0
134,126,92,0.007481153972107565,0
134,126,93,0.009094342983177428,0
134,126,94,0.006513850116146028,0
134,126,95,0.001317803053463184,0
134,126,96,0.008753500833889727,0
134,126,97,0.001328492292212338,0
134,126,98,-0.003472146197642957,0
134,126,99,0.006407333904942265,0
134,126,100,-0.00071270974088164,0
134,126,101,-0.002193571532978269,0
134,126,102,0.007807653842264496,0
134,126,103,0.00724317604081976,0
134,126,104,0.0126292251065913,0
134,126,105,0.4952312677631163,0
134,126,106,0.06572117940406332,0
134,126,107,0.08726328107815456,0
134,126,108,0.3964810202154502,0
134,126,109,0.7044109267946144,0
134,126,110,0.5092719164045835,0
134,126,111,-0.03665494944713733,0
134,126,112,0.4000158782047987,0
134,126,113,0.1852254485678459,0
134,126,114,-0.6490534258951285,0
134,126,115,-0.8419881478542008,0
134,126,116,0.007321932245781839,0
134,126,117,0.007188209485082175,0
134,126,118,0.01238928830880162,0
134,126,119,0.01010858894771333,0
134,126,120,0.01302830337696748,0
134,126,121,0.009745512994928899,0
134,126,122,0.006827482794896488,0
134,126,123,0.005857499353446007,0
134,126,124,-0.008368516660829176,0
134,126,125,-0.001330077638588775,0
134,126,126,-0.03652603523370729,0
134,126,127,-0.01102095586297014,0
134,126,128,-0.1364763607643268,0
134,126,129,-0.02616294914928802,0
134,126,130,-0.7154222796188987,0
134,126,131,-0.0962748314538715,0
134,126,132,-0.9337960170184799,0
134,126,133,-0.4826180056059177,0
134,126,134,-0.6243148565877954,0
134,126,135,-4.104764404061669e-05,0
134,126,136,-9.372389041747124e-05,0
134,126,137,-0.0001381687819500673,0
134,126,138,-0.0001610383131265007,0
134,126,139,-2.117295136574945e-05,0
134,126,140,0.0008618318542464891,0
134,126,141,0.08040791699656394,0
134,126,142,0.07921121302786351,0
134,126,143,0.01771866026406842,0
134,126,144,-4.618848043707691e-05,0
134,126,145,-0.0001328392673916041,0
134,126,146,-0.0002466808210437027,0
134,126,147,-0.0004031826550179862,0
134,126,148,-0.0005523923842713548,0
134,126,149,-0.000918994497090973,0
134,126,150,0.08227408880465932,0
134,126,151,0.0496963557570856,0
134,126,152,-0.03018723959760254,0
134,126,153,-5.797296016968486e-05,0
134,126,154,-0.0001656462849870019,0
134,126,155,-0.000333830183357079,0
134,126,156,-0.0006402603998925133,0
134,126,157,-0.001240711890001248,0
134,126,158,-0.003035897198954736,0
134,126,159,0.03225446566645441,0
134,126,160,-0.02691285118060319,0
134,126,161,-0.08446099956494149,0
134,126,162,-5.258695738582496e-05,0
134,126,163,-0.000139722205855236,0
134,126,164,-0.0002832989745562916,0
134,126,165,-0.0005869332210089498,0
134,126,166,-0.001339777030978978,0
134,126,167,-0.003795069685211292,0
134,126,168,-0.0121428213858186,0
134,126,169,-0.06303916419097087,0
134,126,170,-0.08166885075197311,0
135,127,0,0.002697367161674945,0
135,127,1,-0.001678592463947467,0
135,127,2,-0.006716656250248786,0
135,127,3,0.005490511640632366,0
135,127,4,0.001229078658189834,0
135,127,5,-0.004425395833310005,0
135,127,6,0.006735779614790737,0
135,127,7,0.003990583813907541,0
135,127,8,-0.00120140179923237,0
135,127,9,0.003387883518535025,0
135,127,10,0.003990522982821114,0
135,127,11,0.0006034144846685896,0
135,127,12,-0.007325022798906155,0
135,127,13,-0.002033241035249914,0
135,127,14,-0.002026087524741717,0
135,127,15,-0.02773975944017484,0
135,127,16,-0.01760671507687957,0
135,127,17,-0.01355849846710795,0
135,127,18,-0.01165268440593536,0
135,127,19,-0.009212627892058891,0
135,127,20,0.01033787938330661,0
135,127,21,-0.5323071705807196,0
135,127,22,-0.3532879863361509,0
135,127,23,-0.4618017023282492,0
135,127,24,-1,0
135,127,25,-0.6633144861495011,0
135,127,26,-0.4067619591299489,0
135,127,27,0.0003219683421801791,0
135,127,28,0.9009393494377663,0
135,127,29,0.0006904569443361198,0
135,127,30,-0.006584982528541399,0
135,127,31,-0.01055101132863306,0
135,127,32,0.002690034640655121,0
135,127,33,-0.003132897913632273,0
135,127,34,-0.006609605393049261,0
135,127,35,0.005315560947106319,0
135,127,36,0.002195835606539628,0
135,127,37,-0.0006476023555312791,0
135,127,38,0.00626908710626896,0
135,127,39,0.006092916724538204,0
135,127,40,0.00403331038592033,0
135,127,41,0.00374502894598345,0
135,127,42,0.00436002339034924,0
135,127,43,0.003545335023424397,0
135,127,44,-0.001781991811695328,0
135,127,45,-0.007235022131163529,0
135,127,46,-0.007258967936046109,0
135,127,47,0.4255009915245563,0
135,127,48,0.2931062374818667,0
135,127,49,0.3965596457753592,0
135,127,50,0.337715917875386,0
135,127,51,-0.1150211442031529,0
135,127,52,-0.5352180748043753,0
135,127,53,0.01622132160286567,0
135,127,54,-0.2888832644254016,0
135,127,55,-0.6894407251972454,0
135,127,56,0.6675043587912008,0
135,127,57,0.8818151562843928,0
135,127,58,-0.00288278866699463,0
135,127,59,-0.009253548464131355,0
135,127,60,-0.01018153139874159,0
135,127,61,-0.00270479109242215,0
135,127,62,-0.006973090902223175,0
135,127,63,-0.005904722233630675,0
135,127,64,0.001102522150723991,0
135,127,65,-0.000396571841367473,0
135,127,66,0.00108790634132472,0
135,127,67,0.006967360753615379,0
135,127,68,0.007818189534292846,0
135,127,69,0.008311556892647032,0
135,127,70,0.01383274941157178,0
135,127,71,0.01429935691443714,0
135,127,72,0.01359309773217085,0
135,127,73,0.02512636895325051,0
135,127,74,0.01732575560542765,0
135,127,75,0.01565521095447924,0
135,127,76,0.5301166225025131,0
135,127,77,0.6517729124851943,0
135,127,78,0.8578290937593549,0
135,127,79,0.7157076696924694,0
135,127,80,0.08179114566436389,0
135,127,81,-0.3659143648312015,0
135,127,82,0.5748115678365031,0
135,127,83,-0.127962090288689,0
135,127,84,-0.8165207492727102,0
135,127,85,0.6538557136258988,0
135,127,86,0.3611317628466144,0
135,127,87,-0.006815214759722555,0
135,127,88,-0.00893239407769373,0
135,127,89,-0.006143723251297467,0
135,127,90,-0.009129117390772649,0
135,127,91,-0.009414246316778689,0
135,127,92,-0.003295328524795773,0
135,127,93,-0.005585343784794973,0
135,127,94,-0.004240428776317817,0
135,127,95,0.001667523113536506,0
135,127,96,0.002049866706444982,0
135,127,97,0.005123026829972038,0
135,127,98,0.007931818382060368,0
135,127,99,0.01207072027713879,0
135,127,100,0.0168099224884145,0
135,127,101,0.0162474960016272,0
135,127,102,0.03029175509489388,0
135,127,103,0.03412759622008892,0
135,127,104,0.03288648506389279,0
135,127,105,0.02255795564107006,0
135,127,106,0.6542523545637351,0
135,127,107,0.8558379494938332,0
135,127,108,0.2369221113841646,0
135,127,109,-0.1147408202773908,0
135,127,110,-0.1770182489708845,0
135,127,111,0.4502922100485565,0
135,127,112,-0.3073164565525556,0
135,127,113,-0.6299680512040062,0
135,127,114,0.2690421167712326,0
135,127,115,-0.04289204976315755,0
135,127,116,-0.009352657249859149,0
135,127,117,-0.005819754922029076,0
135,127,118,-0.01361247354943588,0
135,127,119,-0.009622118681727205,0
135,127,120,-0.01135778648871977,0
135,127,121,-0.008387826812487663,0
135,127,122,-0.005962316693440126,0
135,127,123,-0.003143474285324454,0
135,127,124,-0.00461512770480142,0
135,127,125,0.002595258265839721,0
135,127,126,-0.01898643809643649,0
135,127,127,0.004539530970908044,0
135,127,128,-0.9620226177568187,0
135,127,129,-0.01020825408995593,0
135,127,130,-0.7507235655013615,0
135,127,131,-0.6379863831489838,0
135,127,132,-0.04098486679267685,0
135,127,133,-0.4984220538884975,0
135,127,134,-0.02946067612716001,0
135,127,135,4.262518320827435e-05,0
135,127,136,0.0001206669752974314,0
135,127,137,0.0002543686814371046,0
135,127,138,0.000525084208728521,0
135,127,139,0.001145993040037589,0
135,127,140,0.003068025601124461,0
135,127,141,0.001987850702326903,0
135,127,142,0.04665446783936566,0
135,127,143,0.08801466720683652,0
135,127,144,5.25012025313389e-05,0
135,127,145,0.0001504802379319128,0
135,127,146,0.0003152178064103116,0
135,127,147,0.0006445661789899879,0
135,127,148,0.001367237735636674,0
135,127,149,0.003465869013758894,0
135,127,150,-0.03445317938422615,0
135,127,151,0.0171927817188281,0
135,127,152,0.08502912655307403,0
135,127,153,3.818810839043125e-05,0
135,127,154,0.00010990737174451,0
135,127,155,0.0002095484482695933,0
135,127,156,0.00035910650360791,0
135,127,157,0.0005622635518987144,0
135,127,158,0.0009207667079621031,0
135,127,159,-0.08155645255264661,0
135,127,160,-0.04570503821449996,0
135,127,161,0.03428630845716937,0
135,127,162,2.698696893483536e-05,0
135,127,163,6.072802184143181e-05,0
135,127,164,7.757968217428138e-05,0
135,127,165,1.053536747327767e-05,0
135,127,166,-0.0004253180992756711,0
135,127,167,-0.002661873892879743,0
135,127,168,-0.08566473112551637,0
135,127,169,-0.06665677755211305,0
135,127,170,-0.00455730437969844,0
136,132,0,0.004291561254945353,0
136,132,1,-0.0003018376306724054,0
136,132,2,-0.004693557619169433,0
136,132,3,0.006866188278941904,0
136,132,4,0.002915966001360493,0
136,132,5,-0.002856793957838787,0
136,132,6,0.006561403443482878,0
136,132,7,0.004910314153577672,0
136,132,8,7.672342925553019e-05,0
136,132,9,0.003315440670569678,0
136,132,10,0.004776831121451376,0
136,132,11,0.002931379950461249,0
136,132,12,-0.001602252068796983,0
136,132,13,0.00257708614103502,0
136,132,14,0.004746013386291916,0
136,132,15,-0.00595916839387711,0
136,132,16,-0.000500343237740922,0
136,132,17,0.005293745383900222,0
136,132,18,0.4443611817909493,0
136,132,19,0.2966577398409564,0
136,132,20,0.4041078344865345,0
136,132,21,-0.292246742093425,0
136,132,22,-0.1904961478159886,0
136,132,23,-0.6498679176671117,0
136,132,24,0.1406165653512171,0
136,132,25,0.0922174271666051,0
136,132,26,0.3841887238963829,0
136,132,27,0.0009069994008343039,0
136,132,28,-0.1237428714568369,0
136,132,29,0.002656966384778344,0
136,132,30,-0.003918413526258855,0
136,132,31,-0.00764392668843451,0
136,132,32,0.00428641097422659,0
136,132,33,-0.0004793389751322678,0
136,132,34,-0.004725813633658585,0
136,132,35,0.00407186376133037,0
136,132,36,0.003052242450480967,0
136,132,37,-6.068912246911264e-05,0
136,132,38,0.001789634574110042,0
136,132,39,0.005045555244813409,0
136,132,40,0.004343939401328057,0
136,132,41,-0.002304418612444469,0
136,132,42,0.004336031555982348,0
136,132,43,0.006450378232431659,0
136,132,44,-0.008884520959328632,0
136,132,45,-0.0001441651420970102,0
136,132,46,0.00404936164086044,0
136,132,47,0.0754893054890086,0
136,132,48,0.3503901384749292,0
136,132,49,0.4785789715938646,0
136,132,50,-0.322463367081609,0
136,132,51,-0.6953632840278064,0
136,132,52,-1,0
136,132,53,0.09163332919089867,0
136,132,54,0.3458063844706003,0
136,132,55,0.754035301064625,0
136,132,56,-0.09114038394338039,0
136,132,57,-0.2033321135958694,0
136,132,58,-1.90181405989708e-05,0
136,132,59,-0.006082921033966088,0
136,132,60,-0.007715780362362616,0
136,132,61,6.83801596529499e-05,0
136,132,62,-0.003754816915019448,0
136,132,63,-0.004827814164534872,0
136,132,64,0.0001277475692841018,0
136,132,65,-6.169535223387686e-06,0
136,132,66,-0.0001766286427450303,0
136,132,67,3.766150411226281e-05,0
136,132,68,0.003486233141257725,0
136,132,69,0.004233376308875859,0
136,132,70,-0.0002533597824244112,0
136,132,71,0.005017484110133564,0
136,132,72,0.006276738610391182,0
136,132,73,-0.0006932658610042602,0
136,132,74,0.002822042425240359,0
136,132,75,0.003622984267400531,0
136,132,76,-0.08692742848576378,0
136,132,77,0.2975897711739169,0
136,132,78,0.4002537456589267,0
136,132,79,0.009486596624805188,0
136,132,80,-0.7364700454084611,0
136,132,81,-0.9132532391192967,0
136,132,82,0.1154698037385323,0
136,132,83,0.6375677220825042,0
136,132,84,0.8496140754886387,0
136,132,85,-0.1512575748631696,0
136,132,86,-0.3072591843988481,0
136,132,87,-0.002676386834790995,0
136,132,88,-0.005926775017661951,0
136,132,89,-0.004818501707975538,0
136,132,90,-0.004139357694423065,0
136,132,91,-0.005575062783153895,0
136,132,92,-0.003039043306743144,0
136,132,93,-0.003815118866341588,0
136,132,94,-0.002991791244384381,0
136,132,95,-0.0001236800836820071,0
136,132,96,-0.001654804904177552,0
136,132,97,0.0008057979101359122,0
136,132,98,0.002795081273308683,0
136,132,99,0.002274233538947536,0
136,132,100,0.004582644188081832,0
136,132,101,0.004760131798900776,0
136,132,102,0.009671964269401524,0
136,132,103,0.008049554727149988,0
136,132,104,0.005971390547682911,0
136,132,105,-0.1483761424572434,0
136,132,106,0.1984743791382114,0
136,132,107,0.2577192565841024,0
136,132,108,0.3192579705932286,0
136,132,109,-0.4676216468168581,0
136,132,110,-0.4996026232201852,0
136,132,111,-0.01115679142223298,0
136,132,112,0.6254812325938126,0
136,132,113,0.5567227885368115,0
136,132,114,-0.2292022818933842,0
136,132,115,-0.2999385272540359,0
136,132,116,-0.004278945616939827,0
136,132,117,-0.003455477613679063,0
136,132,118,-0.006714463487112069,0
136,132,119,-0.005183886510968427,0
136,132,120,-0.006359362662680948,0
136,132,121,-0.004789932672131496,0
136,132,122,-0.00335619291474838,0
136,132,123,-0.002432558978747913,0
136,132,124,0.00104079922710691,0
136,132,125,0.001000756885856373,0
136,132,126,0.004252122179782293,0
136,132,127,0.00420602049281904,0
136,132,128,-0.2792523856986243,0
136,132,129,0.00405716350600643,0
136,132,130,0.2896868739367433,0
136,132,131,-0.1820996071714955,0
136,132,132,-0.3370945511957656,0
136,132,133,0.1909712674366558,0
136,132,134,-0.2238202647766313,0
136,132,135,3.036209855977521e-05,0
136,132,136,7.666825883331786e-05,0
136,132,137,0.0001434251639110299,0
136,132,138,0.0002529243661029431,0
136,132,139,0.0004231359306297637,0
136,132,140,0.0007517499220209929,0
136,132,141,-0.03872131307630629,0
136,132,142,0.02427808734576001,0
136,132,143,-0.01224791255255659,0
136,132,144,3.949907896772816e-05,0
136,132,145,0.0001082225435683594,0
136,132,146,0.0002170599552562783,0
136,132,147,0.0004100972298994575,0
136,132,148,0.0007650319038316835,0
136,132,149,0.001763012908790667,0
136,132,150,-0.04484466269651542,0
136,132,151,0.05191893983359616,0
136,132,152,-0.02049728269506698,0
136,132,153,3.943569478363797e-05,0
136,132,154,0.0001075610696258957,0
136,132,155,0.000215105431449518,0
136,132,156,0.0004046389494976513,0
136,132,157,0.0007565983291678858,0
136,132,158,0.001711026964499394,0
136,132,159,-0.03708071219826248,0
136,132,160,0.05116115977198585,0
136,132,161,-0.03093216074084672,0
136,132,162,2.997427797482602e-05,0
136,132,163,7.473308445801726e-05,0
136,132,164,0.0001381690226440845,0
136,132,165,0.0002344348322415743,0
136,132,166,0.0003575447164398521,0
136,132,167,0.0003235328733930305,0
136,132,168,-0.02425234815015281,0
136,132,169,0.0239368719974924,0
136,132,170,-0.03008905407773547,0
137,133,0,0.001338802521759208,0
137,133,1,-0.0002592398583319296,0
137,133,2,-0.001893355548319606,0
137,133,3,0.00192136635619326,0
137,133,4,0.0006205411640162409,0
137,133,5,-0.001451389472968621,0
137,133,6,0.001015850380701205,0
137,133,7,0.0006821729903071432,0
137,133,8,-0.001052521016481779,0
137,133,9,-0.002332202545124258,0
137,133,10,-0.001142595723609523,0
137,133,11,-0.001897193747960677,0
137,133,12,-0.01063946481127043,0
137,133,13,-0.007213162236412214,0
137,133,14,-0.006899220258333348,0
137,133,15,-0.03346506953597808,0
137,133,16,-0.0253577838634457,0
137,133,17,-0.02515254736424127,0
137,133,18,-0.4713459549585434,0
137,133,19,-0.3169137587909175,0
137,133,20,-0.3995879741656559,0
137,133,21,-0.6640733274198629,0
137,133,22,-0.4444635636073213,0
137,133,23,-0.174161464311094,0
137,133,24,-0.302018129859649,0
137,133,25,-0.202975827028705,0
137,133,26,0.3249009465884127,0
137,133,27,0.0006069885159941605,0
137,133,28,0.2750204060220716,0
137,133,29,0.0009727860344846838,0
137,133,30,-0.001527498011521767,0
137,133,31,-0.002873271494227831,0
137,133,32,0.001662745761161133,0
137,133,33,-0.0003731519911496097,0
137,133,34,-0.001933008351351637,0
137,133,35,0.00203285710007378,0
137,133,36,0.0007558288977771654,0
137,133,37,-0.0004766169876610637,0
137,133,38,0.002917023086130609,0
137,133,39,0.001408934731817613,0
137,133,40,0.0008225250217340764,0
137,133,41,0.007687787969115371,0
137,133,42,0.001796125773914826,0
137,133,43,0.001581973081942696,0
137,133,44,0.02893943013060614,0
137,133,45,0.004620179061647797,0
137,133,46,0.00329196773962658,0
137,133,47,0.7433528209691808,0
137,133,48,0.2029838021440462,0
137,133,49,0.2503950377119861,0
137,133,50,1,0
137,133,51,0.540773814355339,0
137,133,52,0.06107532463929929,0
137,133,53,0.747870645296292,0
137,133,54,0.7396578407225395,0
137,133,55,0.09339467546486292,0
137,133,56,0.2007718778530935,0
137,133,57,-0.4075939291183905,0
137,133,58,0.0001133260402232181,0
137,133,59,-0.002166148517643436,0
137,133,60,-0.002718711935871582,0
137,133,61,0.0003507740026768632,0
137,133,62,-0.001235917685575452,0
137,133,63,-0.001633528980171855,0
137,133,64,0.0008706862403973549,0
137,133,65,0.0003751298572167677,0
137,133,66,0.0002840905431580424,0
137,133,67,0.002220274025680635,0
137,133,68,0.002582475802946222,0
137,133,69,0.002865773553609895,0
137,133,70,0.006308335253719485,0
137,133,71,0.00658928341333492,0
137,133,72,0.007367632912919959,0
137,133,73,0.01968786939192713,0
137,133,74,0.01869527115484673,0
137,133,75,0.02079884453901366,0
137,133,76,0.2064017439433339,0
137,133,77,0.325053666488881,0
137,133,78,0.4221306288944501,0
137,133,79,0.004494456896947344,0
137,133,80,0.04922965059694247,0
137,133,81,-0.1176386979916459,0
137,133,82,-0.2193593025347219,0
137,133,83,-0.07612502208946299,0
137,133,84,-0.1053473712911306,0
137,133,85,-0.3017420394842688,0
137,133,86,-0.2083385704758486,0
137,133,87,-0.000894549073265833,0
137,133,88,-0.002050343897238253,0
137,133,89,-0.001654032369996317,0
137,133,90,-0.001420848452551585,0
137,133,91,-0.00187704616067904,0
137,133,92,-0.001001555720050415,0
137,133,93,-0.00158662466352313,0
137,133,94,-0.0009588877358007173,0
137,133,95,3.270218544258001e-05,0
137,133,96,-0.002289801645261918,0
137,133,97,3.837661544889404e-05,0
137,133,98,0.0007553995454980788,0
137,133,99,-0.007535192858474424,0
137,133,100,-0.0008777135937541277,0
137,133,101,-0.000699366507887237,0
137,133,102,-0.03454086158755753,0
137,133,103,-0.01144575738963925,0
137,133,104,-0.01189783642110422,0
137,133,105,-0.7361001613138564,0
137,133,106,-0.1819999592408263,0
137,133,107,-0.2181529545802469,0
137,133,108,-0.9889602035043575,0
137,133,109,-0.7503428628643301,0
137,133,110,-0.3499736591602193,0
137,133,111,-0.73785161757184,0
137,133,112,-0.5700464042040866,0
137,133,113,0.1247940060728124,0
137,133,114,-0.1522982290055303,0
137,133,115,0.4629729169054331,0
137,133,116,-0.001474341445453319,0
137,133,117,-0.001187993877082303,0
137,133,118,-0.002307691182587074,0
137,133,119,-0.001768824702455367,0
137,133,120,-0.002096822294094064,0
137,133,121,-0.001591646110908049,0
137,133,122,-0.0004948991648220109,0
137,133,123,-0.0006611701574535958,0
137,133,124,0.003897549178465836,0
137,133,125,0.0009118958746387261,0
137,133,126,0.01905831289293088,0
137,133,127,0.003495472535082352,0
137,133,128,0.2593093290960839,0
137,133,129,0.01277018343048074,0
137,133,130,0.6496441074804346,0
137,133,131,0.1746220838529284,0
137,133,132,0.5112614294185196,0
137,133,133,0.4347032519991232,0
137,133,134,0.3424363653416621,0
137,133,135,3.687389165239514e-05,0
137,133,136,9.647335244030812e-05,0
137,133,137,0.0002144796593278973,0
137,133,138,0.000487648638300781,0
137,133,139,0.001211491154854518,0
137,133,140,0.003776356000795407,0
137,133,141,0.04180078978144482,0
137,133,142,0.05830732329746739,0
137,133,143,0.02663104870710503,0
137,133,144,4.758070517221721e-05,0
137,133,145,0.000119815374413147,0
137,133,146,0.0002428260827873761,0
137,133,147,0.0004706352908838638,0
137,133,148,0.0008847399095213174,0
137,133,149,0.001453404642175345,0
137,133,150,-0.02167575694873603,0
137,133,151,-0.02859179448217133,0
137,133,152,-0.03885352820887874,0
137,133,153,4.122818243772999e-05,0
137,133,154,9.945373382727965e-05,0
137,133,155,0.0001809607230481083,0
137,133,156,0.0002751927295707633,0
137,133,157,0.000226801796678078,0
137,133,158,-0.0009298591531517515,0
137,133,159,-0.04109019637914338,0
137,133,160,-0.02918937054825298,0
137,133,161,-0.01871991942477681,0
137,133,162,2.754332569212904e-05,0
137,133,163,6.709223473750827e-05,0
137,133,164,0.0001327548382558149,0
137,133,165,0.0002581199465955956,0
137,133,166,0.0005791512704804658,0
137,133,167,0.002172781649414955,0
137,133,168,0.02263280705807043,0
137,133,169,0.05686005127608983,0
137,133,170,0.04497818466336512,0
138,131,0,0.005726684953634232,0
138,131,1,0.0005885622572390848,0
138,131,2,-0.003737325891607331,0
138,131,3,0.00868642402744012,0
138,131,4,0.004456468100344524,0
138,131,5,-0.001885824118888397,0
138,131,6,0.00797420866657737,0
138,131,7,0.006563793194216653,0
138,131,8,0.00140665146600765,0
138,131,9,0.005214342510026991,0
138,131,10,0.006928939096321494,0
138,131,11,0.005544613850926178,0
138,131,12,0.003696031605741628,0
138,131,13,0.007216810130602671,0
138,131,14,0.0102898611391581,0
138,131,15,0.006151518737142691,0
138,131,16,0.009607034947686216,0
138,131,17,0.01569746007911954,0
138,131,18,0.6415567771908179,0
138,131,19,0.4287351311077387,0
138,131,20,0.5731095963838156,0
138,131,21,0.0851748411765393,0
138,131,22,0.05726987420405751,0
138,131,23,-0.5000997861450346,0
138,131,24,-0.9800107056874382,0
138,131,25,-0.6515379260563898,0
138,131,26,-0.9516758080765545,0
138,131,27,-0.0005284305513122987,0
138,131,28,0.880913224635674,0
138,131,29,0.004044091391529446,0
138,131,30,-0.002557908891827501,0
138,131,31,-0.006413272279565574,0
138,131,32,0.005728743007394051,0
138,131,33,0.00132402123294414,0
138,131,34,-0.003680742570283321,0
138,131,35,0.004196926299675228,0
138,131,36,0.004555004485434808,0
138,131,37,0.001064759753688294,0
138,131,38,0.0007745079391920745,0
138,131,39,0.006640981948515985,0
138,131,40,0.00675530071012039,0
138,131,41,-0.001489717138920753,0
138,131,42,0.008978499779765933,0
138,131,43,0.01321426872684936,0
138,131,44,0.002682616855553536,0
138,131,45,0.0156478069341672,0
138,131,46,0.02319111789496014,0
138,131,47,-0.166662384626415,0
138,131,48,0.3159429894001997,0
138,131,49,0.425641575137832,0
138,131,50,0.1820315995210556,0
138,131,51,-0.2487125343073231,0
138,131,52,-0.1861679711630253,0
138,131,53,0.6145326885674274,0
138,131,54,-0.2955770076487059,0
138,131,55,-0.5630159241918455,0
138,131,56,0.6522906781710505,0
138,131,57,0.3252145336376318,0
138,131,58,0.001500743054692449,0
138,131,59,-0.004730099701427427,0
138,131,60,-0.00691022294342374,0
138,131,61,0.001395397599222224,0
138,131,62,-0.002208304845162396,0
138,131,63,-0.004552052622424321,0
138,131,64,-0.001011701776168779,0
138,131,65,0.0002605761742685434,0
138,131,66,-0.0007747745384958994,0
138,131,67,-0.005310084663148709,0
138,131,68,0.001471044413790911,0
138,131,69,0.002692966421794651,0
138,131,70,-0.01113174911740878,0
138,131,71,0.001076721832365953,0
138,131,72,0.00442012591580025,0
138,131,73,-0.01943376361923287,0
138,131,74,0.000301627728907068,0
138,131,75,0.005300048939228651,0
138,131,76,-0.8782815894747622,0
138,131,77,-0.2702934720797048,0
138,131,78,-0.346747490001728,0
138,131,79,-0.08472087887748267,0
138,131,80,-0.1956678843068755,0
138,131,81,0.5242107616923547,0
138,131,82,0.918669170314024,0
138,131,83,0.1936908020175724,0
138,131,84,0.3350764085796683,0
138,131,85,0.2423889293808277,0
138,131,86,-0.4978735486866277,0
138,131,87,-0.0006717223822662083,0
138,131,88,-0.004774476823187348,0
138,131,89,-0.004546742672216036,0
138,131,90,-0.001976663362636026,0
138,131,91,-0.004076270591192052,0
138,131,92,-0.00334631175470937,0
138,131,93,-0.004042936369959855,0
138,131,94,-0.003163822924689733,0
138,131,95,-0.001761417320196063,0
138,131,96,-0.006819612856065001,0
138,131,97,-0.00354285141322196,0
138,131,98,-0.0018392865146651,0
138,131,99,-0.01300120116658956,0
138,131,100,-0.008311879525691375,0
138,131,101,-0.007710316097875735,0
138,131,102,-0.03756512088639075,0
138,131,103,-0.02777221110467555,0
138,131,104,-0.03077759336541913,0
138,131,105,-0.6021664450485763,0
138,131,106,-0.6621655502213762,0
138,131,107,-0.8626898503980964,0
138,131,108,-0.2927147898931019,0
138,131,109,0.192357128476027,0
138,131,110,0.8004067320488352,0
138,131,111,0.1091119063505883,0
138,131,112,0.3199159872577673,0
138,131,113,0.6943452536394962,0
138,131,114,-0.368267813219,0
138,131,115,-0.5930656163557796,0
138,131,116,-0.001763101421415362,0
138,131,117,-0.002435920792603725,0
138,131,118,-0.003276250342274983,0
138,131,119,-0.003145843939361216,0
138,131,120,-0.003622691146709331,0
138,131,121,-0.00319382898076164,0
138,131,122,-0.0005230355698515531,0
138,131,123,-0.002236875537357235,0
138,131,124,0.01036540504205485,0
138,131,125,0.0004688481893127446,0
138,131,126,0.04091466227682172,0
138,131,127,0.006200492762404828,0
138,131,128,1,0
138,131,129,0.02779943181605428,0
138,131,130,0.1052092337628103,0
138,131,131,0.6656658576051727,0
138,131,132,-0.6644708256219016,0
138,131,133,0.07067010442656362,0
138,131,134,-0.4413618482912556,0
138,131,135,-5.524345157657127e-06,0
138,131,136,-1.824200006737012e-05,0
138,131,137,-6.084779103922393e-05,0
138,131,138,-0.0001613614463695246,0
138,131,139,-0.0004016842841978931,0
138,131,140,-0.0009546276391086791,0
138,131,141,-0.05527510073448433,0
138,131,142,-0.007587129609961489,0
138,131,143,0.08512598619540186,0
138,131,144,-1.352835968003078e-05,0
138,131,145,-2.712239283211458e-05,0
138,131,146,-7.166235926443166e-05,0
138,131,147,-0.0001987233031371053,0
138,131,148,-0.000567136031398982,0
138,131,149,-0.001693083444214301,0
138,131,150,-0.04169423509361772,0
138,131,151,-0.02187026526680933,0
138,131,152,0.03132955856477803,0
138,131,153,-9.487304161093861e-07,0
138,131,154,7.744821689164764e-06,0
138,131,155,1.551579571685263e-05,0
138,131,156,1.607470794497451e-05,0
138,131,157,-4.023285892774226e-05,0
138,131,158,-0.0004552102994714714,0
138,131,159,0.03304688574505851,0
138,131,160,-0.0147295734098835,0
138,131,161,-0.04735812727543806,0
138,131,162,1.037983341521825e-05,0
138,131,163,3.612082590869437e-05,0
138,131,164,9.528536051866605e-05,0
138,131,165,0.0002809480891090135,0
138,131,166,0.0009447290058686667,0
138,131,167,0.004062662100755517,0
138,131,168,0.08654506035375958,0
138,131,169,0.009271458021490146,0
138,131,170,-0.05689106393411079,0
139,130,0,-0.002216733312044892,0
139,130,1,-0.0008117112215444301,0
139,130,2,-3.030485236237808e-05,0
139,130,3,-0.002590639159039219,0
139,130,4,-0.001747098653862848,0
139,130,5,-3.598010276966961e-05,0
139,130,6,-0.0009890526557215513,0
139,130,7,-0.001351069723519397,0
139,130,8,-0.0001704977114166661,0
139,130,9,0.0006033657588751791,0
139,130,10,-0.0004266461981036806,0
139,130,11,-0.0007926846488075526,0
139,130,12,-0.001701305605836242,0
139,130,13,-0.001686338126884197,0
139,130,14,-0.003473221634111569,0
139,130,15,-0.0167998364097421,0
139,130,16,-0.01234856515616789,0
139,130,17,-0.01505930433982097,0
139,130,18,-0.2405102805720886,0
139,130,19,-0.1612087227131294,0
139,130,20,-0.2027723720944194,0
139,130,21,-0.2127568541939008,0
139,130,22,-0.1426996512644859,0
139,130,23,0.02457997320187285,0
139,130,24,-0.1177614550485766,0
139,130,25,-0.07893043528548238,0
139,130,26,0.08612653953870181,0
139,130,27,-0.0001239281391177048,0
139,130,28,0.1063067199973967,0
139,130,29,-0.002201048744615067,0
139,130,30,-0.0008118444649462225,0
139,130,31,-1.564321589538525e-05,0
139,130,32,-0.002472793914036673,0
139,130,33,-0.001676651705756301,0
139,130,34,5.803628146185529e-05,0
139,130,35,-0.0003523486874066993,0
139,130,36,-0.001002436540233827,0
139,130,37,0.0002093892111129463,0
139,130,38,0.003458086220289068,0
139,130,39,0.001116973542862794,0
139,130,40,0.0007911423737409944,0
139,130,41,0.01074072445983116,0
139,130,42,0.005110522889406116,0
139,130,43,0.003537455735220586,0
139,130,44,0.03881641541462965,0
139,130,45,0.01848990328539044,0
139,130,46,0.0172303938811772,0
139,130,47,0.6194420987652156,0
139,130,48,0.2667762471332756,0
139,130,49,0.3286138683380157,0
139,130,50,0.7091151846832733,0
139,130,51,0.4939507958922804,0
139,130,52,0.1092435380865436,0
139,130,53,0.3948370521494267,0
139,130,54,0.3274940766985676,0
139,130,55,-0.1990519295625093,0
139,130,56,0.07709733746825077,0
139,130,57,-0.2548843914326286,0
139,130,58,-0.002243023193110324,0
139,130,59,-0.0008245619675275699,0
139,130,60,-2.358015630887448e-05,0
139,130,61,-0.002634922033093299,0
139,130,62,-0.001730181950302156,0
139,130,63,1.704254043416681e-05,0
139,130,64,-0.001000461988652248,0
139,130,65,-0.001229838690700304,0
139,130,66,-5.36514051982515e-06,0
139,130,67,0.000490724998727898,0
139,130,68,9.096061679068024e-06,0
139,130,69,-0.0003127226148164555,0
139,130,70,-0.003418091248347475,0
139,130,71,-0.000433071003088968,0
139,130,72,-0.002001776928280979,0
139,130,73,-0.03034721165859311,0
139,130,74,-0.009619776284891366,0
139,130,75,-0.01104162867854549,0
139,130,76,-0.6612282123002073,0
139,130,77,-0.2005152632600139,0
139,130,78,-0.244994577604382,0
139,130,79,-1,0
139,130,80,-0.5885465959125342,0
139,130,81,-0.1975969514991975,0
139,130,82,-0.6543716597142722,0
139,130,83,-0.5847333314578809,0
139,130,84,0.1147549432908817,0
139,130,85,-0.1870323007933523,0
139,130,86,0.3411404703587073,0
139,130,87,-0.00226610888588366,0
139,130,88,-0.0008385410867408332,0
139,130,89,-2.968959816213309e-05,0
139,130,90,-0.002630868775139785,0
139,130,91,-0.001758157630311529,0
139,130,92,6.319559449224652e-06,0
139,130,93,-0.0007254265046936692,0
139,130,94,-0.001204443039670255,0
139,130,95,2.441627730026233e-05,0
139,130,96,0.002227280846118564,0
139,130,97,0.0004432922592783677,0
139,130,98,7.098157527721342e-05,0
139,130,99,0.005787167837691087,0
139,130,100,0.002284130319937817,0
139,130,101,0.0004959276800500654,0
139,130,102,0.01867115804300854,0
139,130,103,0.005891029674730565,0
139,130,104,0.003790670520396437,0
139,130,105,0.3854750467987689,0
139,130,106,0.07825719447191085,0
139,130,107,0.09095891269970485,0
139,130,108,0.7077719335876588,0
139,130,109,0.3279454409053831,0
139,130,110,0.09547376747555705,0
139,130,111,0.6318318311903568,0
139,130,112,0.5066054398979536,0
139,130,113,0.0432217807287503,0
139,130,114,0.2505238906341022,0
139,130,115,-0.2352708378007649,0
139,130,116,-0.00225868629607427,0
139,130,117,-0.0008273304838399599,0
139,130,118,-0.002643973291338986,0
139,130,119,-0.001768655466155158,0
139,130,120,-0.0007959630260751913,0
139,130,121,-0.001234553752817392,0
139,130,122,0.00171653787633378,0
139,130,123,0.0003568130148502526,0
139,130,124,0.002352558036683182,0
139,130,125,0.001660966199529077,0
139,130,126,-0.002710900754058785,0
139,130,127,0.001369549826267384,0
139,130,128,-0.104592790609448,0
139,130,129,-0.002350707763641802,0
139,130,130,-0.2108732058431066,0
139,130,131,-0.07045685432205999,0
139,130,132,-0.26004045286885,0
139,130,133,-0.1416923700923922,0
139,130,134,-0.1741383661645378,0
139,130,135,3.099927535181842e-06,0
139,130,136,1.619605015039142e-05,0
139,130,137,5.167393955492035e-05,0
139,130,138,0.0001556557442091719,0
139,130,139,0.0005277265573342663,0
139,130,140,0.002167429858495537,0
139,130,141,0.02154690950484133,0
139,130,142,0.01883024383500839,0
139,130,143,0.01010473657251598,0
139,130,144,5.872803297082307e-06,0
139,130,145,1.557536461080878e-05,0
139,130,146,2.515879020462519e-05,0
139,130,147,9.310813920203431e-06,0
139,130,148,-0.0001646204960626943,0
139,130,149,-0.00148990857871699,0
139,130,150,-0.03218528053325729,0
139,130,151,-0.04257785526683944,0
139,130,152,-0.02348988406593195,0
139,130,153,4.575090545071899e-06,0
139,130,154,1.466068596227503e-05,0
139,130,155,3.165887342244253e-05,0
139,130,156,6.678213062658312e-05,0
139,130,157,0.000181333279507715,0
139,130,158,0.0009265354716261592,0
139,130,159,0.02346107825117159,0
139,130,160,0.04265217310019771,0
139,130,161,0.03203793121144516,0
139,130,162,4.895793638278785e-06,0
139,130,163,1.0467289419086e-05,0
139,130,164,1.555171293856973e-05,0
139,130,165,8.294164645733049e-06,0
139,130,166,-4.111015270428866e-05,0
139,130,167,-0.0003963925689394288,0
139,130,168,-0.008921065970241046,0
139,130,169,-0.01862889750236985,0
139,130,170,-0.0231711205686697,0
140,129,0,0.002204946392701911,0
140,129,1,0.0001695597155123051,0
140,129,2,-0.001578254407978513,0
140,129,3,0.003539148832012687,0
140,129,4,0.001776683758302914,0
140,129,5,-0.0007349386271442059,0
140,129,6,0.003745091465932014,0
140,129,7,0.002949106965469061,0
140,129,8,0.0008449106652557415,0
140,129,9,0.00356612933255858,0
140,129,10,0.003849938769728935,0
140,129,11,0.00314604667766539,0
140,129,12,0.004951150410409802,0
140,129,13,0.005687306567438526,0
140,129,14,0.006806141554599267,0
140,129,15,0.01167661238059882,0
140,129,16,0.01149363244077098,0
140,129,17,0.01431792990381133,0
140,129,18,0.5946842140861081,0
140,129,19,0.3968491247076312,0
140,129,20,0.5243401999959656,0
140,129,21,-0.5251527138292221,0
140,129,22,-0.3473221913005662,0
140,129,23,-1,0
140,129,24,0.09466167987856568,0
140,129,25,0.06130000010028752,0
140,129,26,0.5530063256586657,0
140,129,27,0.0007308796840208717,0
140,129,28,-0.0824979373420317,0
140,129,29,0.00143218064424935,0
140,129,30,-0.001199660067046181,0
140,129,31,-0.002755731228169598,0
140,129,32,0.002091556519683632,0
140,129,33,0.0003554378980441343,0
140,129,34,-0.001570232048553228,0
140,129,35,0.00157656143344641,0
140,129,36,0.001847364235977662,0
140,129,37,0.0005033636851430286,0
140,129,38,-1.355303460044787e-05,0
140,129,39,0.002983891083957247,0
140,129,40,0.00302458871551579,0
140,129,41,-0.002451163885751603,0
140,129,42,0.004105928738506189,0
140,129,43,0.005940297226022817,0
140,129,44,-0.006068170113531705,0
140,129,45,0.006664049824617669,0
140,129,46,0.01057277538435782,0
140,129,47,-0.3858648028055826,0
140,129,48,0.1322208280101229,0
140,129,49,0.1842610897486172,0
140,129,50,0.2709291898398618,0
140,129,51,-0.5605211936863501,0
140,129,52,-0.4090292820902549,0
140,129,53,0.238229660768266,0
140,129,54,0.5706879794457272,0
140,129,55,0.5278535785683657,0
140,129,56,-0.06196276777716525,0
140,129,57,-0.2992441589881916,0
140,129,58,0.000328892567651237,0
140,129,59,-0.002158806954445531,0
140,129,60,-0.003000204023414792,0
140,129,61,0.0001922072921776868,0
140,129,62,-0.00122885317298581,0
140,129,63,-0.002012522213981276,0
140,129,64,-0.000746806024377536,0
140,129,65,-0.0001921068855476482,0
140,129,66,-0.0004863728268102247,0
140,129,67,-0.00280330722704855,0
140,129,68,0.0001649751024982252,0
140,129,69,0.0006130032667381965,0
140,129,70,-0.007268976833440468,0
140,129,71,-0.001379464920795927,0
140,129,72,-0.0003246818232225878,0
140,129,73,-0.01984932115327197,0
140,129,74,-0.008330547933140744,0
140,129,75,-0.007250080734300213,0
140,129,76,-0.593415992442613,0
140,129,77,-0.2593892053925911,0
140,129,78,-0.332409565731325,0
140,129,79,0.5116419262726027,0
140,129,80,0.03435765725096684,0
140,129,81,0.5757467354755944,0
140,129,82,-0.5006561515106943,0
140,129,83,0.06017865338230782,0
140,129,84,-0.374793649182991,0
140,129,85,-0.2221384810945334,0
140,129,86,0.1501212731632624,0
140,129,87,-0.0005780427749417658,0
140,129,88,-0.002173565099298689,0
140,129,89,-0.001968903287898663,0
140,129,90,-0.001157782534302054,0
140,129,91,-0.001989441943180534,0
140,129,92,-0.001439111578416715,0
140,129,93,-0.001639832710305903,0
140,129,94,-0.00146560367806085,0
140,129,95,-0.0006775742763963497,0
140,129,96,-0.001681114782763627,0
140,129,97,-0.001074643151426521,0
140,129,98,-0.0003286896659309861,0
140,129,99,-0.0004587968963658904,0
140,129,100,-0.001339888310446413,0
140,129,101,-0.001192825465267685,0
140,129,102,0.005610165498995683,0
140,129,103,-0.002390547117168248,0
140,129,104,-0.003708260757562567,0
140,129,105,0.1902674356540558,0
140,129,106,-0.1191955222854911,0
140,129,107,-0.1656818911115686,0
140,129,108,0.2852167983571615,0
140,129,109,0.6155299819679143,0
140,129,110,0.6563299029520137,0
140,129,111,-0.3473724513738201,0
140,129,112,-0.5095808321907644,0
140,129,113,-0.9442001564300642,0
140,129,114,0.1110105695158466,0
140,129,115,0.4612839299763908,0
140,129,116,-0.001059960860088255,0
140,129,117,-0.001160850862624278,0
140,129,118,-0.001804892515928261,0
140,129,119,-0.001602118926773454,0
140,129,120,-0.001873249884199687,0
140,129,121,-0.001594219866840301,0
140,129,122,-0.0007515774603979165,0
140,129,123,-0.00107607282159222,0
140,129,124,0.002035487515151686,0
140,129,125,-1.062913415107874e-05,0
140,129,126,0.00632284233547078,0
140,129,127,0.001529200820226424,0
140,129,128,0.1928973627476593,0
140,129,129,0.004723405789452574,0
140,129,130,-0.5424186004407749,0
140,129,131,0.1266023394140652,0
140,129,132,0.5145152637322035,0
140,129,133,-0.3591746064508956,0
140,129,134,0.3425910260590555,0
140,129,135,-1.10798400687172e-05,0
140,129,136,-2.932357696245466e-05,0
140,129,137,-7.355027493036405e-05,0
140,129,138,-0.000176325580415901,0
140,129,139,-0.0004225590808881704,0
140,129,140,-0.001028819029014958,0
140,129,141,-0.05103724167723516,0
140,129,142,0.04484900898352556,0
140,129,143,-0.008156679665839401,0
140,129,144,-1.703354828537509e-05,0
140,129,145,-3.797793146713096e-05,0
140,129,146,-8.336440958424228e-05,0
140,129,147,-0.0001886712646266091,0
140,129,148,-0.0004508921334739642,0
140,129,149,-0.001188665061525733,0
140,129,150,-0.01777351889481969,0
140,129,151,0.02178674285320039,0
140,129,152,-0.02940410017172193,0
140,129,153,-1.028178524707649e-05,0
140,129,154,-1.826761605703003e-05,0
140,129,155,-2.976453447149123e-05,0
140,129,156,-3.63106243683325e-05,0
140,129,157,1.515793952288761e-05,0
140,129,158,0.0004775213255455594,0
140,129,159,0.03281886625977721,0
140,129,160,-0.02247007387840731,0
140,129,161,0.01361975126792959,0
140,129,162,-2.149172163035977e-06,0
140,129,163,-1.250037251947614e-06,0
140,129,164,2.14088389323855e-06,0
140,129,165,2.463593076034692e-05,0
140,129,166,0.0001222802262223349,0
140,129,167,0.00050900926862181,0
140,129,168,0.01626359661734319,0
140,129,169,-0.0465300983797093,0
140,129,170,0.04430186250485133,0
141,128,0,-0.001532783857501763,0
141,128,1,-6.543736660817312e-05,0
141,128,2,0.001241502765931357,0
141,128,3,-0.002055907692761498,0
141,128,4,-0.0009246395184621428,0
141,128,5,0.0009574354716805642,0
141,128,6,-0.001013296705702244,0
141,128,7,-0.0008539001722230331,0
141,128,8,0.00069223457937454,0
141,128,9,0.001884420538100108,0
141,128,10,0.000770349836974076,0
141,128,11,0.001284086981602568,0
141,128,12,0.008090984517518504,0
141,128,13,0.005393309472316093,0
141,128,14,0.004898796570655657,0
141,128,15,0.02503642447526899,0
141,128,16,0.01889252692579914,0
141,128,17,0.01857048917263409,0
141,128,18,0.3064534428877945,0
141,128,19,0.205960463920829,0
141,128,20,0.2574341678858011,0
141,128,21,0.2559086147331641,0
141,128,22,0.1696032677070501,0
141,128,23,-0.0494602497655442,0
141,128,24,-0.6122985812966349,0
141,128,25,-0.4079127939748031,0
141,128,26,-0.7803067032821468,0
141,128,27,-5.656922321910609e-05,0
141,128,28,0.5517509286896213,0
141,128,29,-0.001298441108845682,0
141,128,30,0.0007672738968114527,0
141,128,31,0.001893465821222696,0
141,128,32,-0.001901879072851924,0
141,128,33,-0.0002770834407798707,0
141,128,34,0.001276255186986909,0
141,128,35,-0.001760045904156863,0
141,128,36,-0.0009558449517733666,0
141,128,37,0.0002556294981206063,0
141,128,38,-0.002006653217357796,0
141,128,39,-0.001186097128705089,0
141,128,40,-0.0008055043349218065,0
141,128,41,-0.005810127573290926,0
141,128,42,-0.001569433623008638,0
141,128,43,-0.001685960324004882,0
141,128,44,-0.02272066498451785,0
141,128,45,-0.004176834587881437,0
141,128,46,-0.003133799815610628,0
141,128,47,-0.6445190294412609,0
141,128,48,-0.2398980473520264,0
141,128,49,-0.303988103795455,0
141,128,50,-0.1028826764702607,0
141,128,51,-0.1036704335130894,0
141,128,52,0.4418976652265367,0
141,128,53,0.9903615319360276,0
141,128,54,0.0830281829287375,0
141,128,55,0.2049372489371074,0
141,128,56,0.4077396439187007,0
141,128,57,-0.3427275465095602,0
141,128,58,-0.0007222902927538587,0
141,128,59,0.001204964620171952,0
141,128,60,0.001821079706627142,0
141,128,61,-0.0009776219440987334,0
141,128,62,0.0003322097877426144,0
141,128,63,0.001121854233857253,0
141,128,64,-0.0008092330763487565,0
141,128,65,-0.0006210828530985534,0
141,128,66,-0.0001965540343492819,0
141,128,67,-0.001212225798465286,0
141,128,68,-0.001922164057203963,0
141,128,69,-0.002247969755620929,0
141,128,70,-0.005102003330420499,0
141,128,71,-0.005525075766591992,0
141,128,72,-0.006727230348307225,0
141,128,73,-0.02234006386294365,0
141,128,74,-0.01955221879139525,0
141,128,75,-0.0222403577265332,0
141,128,76,-0.01421501101448817,0
141,128,77,-0.2368526958300829,0
141,128,78,-0.3022472002223475,0
141,128,79,-0.3502560080655076,0
141,128,80,0.09430085143173246,0
141,128,81,0.1414866908049015,0
141,128,82,-0.07458560690359951,0
141,128,83,0.1008836763751295,0
141,128,84,0.4507111051655722,0
141,128,85,-0.2526340424932585,0
141,128,86,-0.2717612613845933,0
141,128,87,-6.278545202284852e-05,0
141,128,88,0.00114464268243692,0
141,128,89,0.001136803501736928,0
141,128,90,0.0002514592476862139,0
141,128,91,0.0008138044406879251,0
141,128,92,0.0007692303886065404,0
141,128,93,0.001195872087295961,0
141,128,94,0.0005389649908937659,0
141,128,95,0.0002465786884840421,0
141,128,96,0.003466812965864092,0
141,128,97,0.0008939776770868581,0
141,128,98,0.0002815918680979413,0
141,128,99,0.01127305820299258,0
141,128,100,0.003829831449089955,0
141,128,101,0.003107911455886787,0
141,128,102,0.045675727498746,0
141,128,103,0.01857006946788561,0
141,128,104,0.01813285308403509,0
141,128,105,1,0
141,128,106,0.4447886693808651,0
141,128,107,0.5610106019390674,0
141,128,108,-0.01312028448843788,0
141,128,109,0.09596698710405852,0
141,128,110,-0.7713951903662328,0
141,128,111,-0.6568215054001719,0
141,128,112,-0.1052996337156157,0
141,128,113,-0.1323151332795059,0
141,128,114,-0.2012306256993644,0
141,128,115,0.3200209414751425,0
141,128,116,0.0002725302748344478,0
141,128,117,0.0005476765726365243,0
141,128,118,0.0006751334856428376,0
141,128,119,0.0006479626949705394,0
141,128,120,0.0009942996117460773,0
141,128,121,0.0007046606089812715,0
141,128,122,0.0002639103155059972,0
141,128,123,0.0005738967930495551,0
141,128,124,-0.004224151625757577,0
141,128,125,-0.000184703037154186,0
141,128,126,-0.02312606118106524,0
141,128,127,-0.002640469285917847,0
141,128,128,-0.6468167137070211,0
141,128,129,-0.01596649560821137,0
141,128,130,0.2110851678368542,0
141,128,131,-0.4311657017989646,0
141,128,132,0.3530068449866806,0
141,128,133,0.1394528226616687,0
141,128,134,0.2362530029054802,0
141,128,135,-1.766619554518608e-05,0
141,128,136,-4.724497422167632e-05,0
141,128,137,-0.0001116978874915333,0
141,128,138,-0.0002809545027792507,0
141,128,139,-0.0007771906411822444,0
141,128,140,-0.002627722025065211,0
141,128,141,-0.02628947281290654,0
141,128,142,-0.02124193537878621,0
141,128,143,0.05296242893358382,0
141,128,144,-1.856460904665511e-05,0
141,128,145,-4.756945183856369e-05,0
141,128,146,-9.738320199175584e-05,0
141,128,147,-0.0001962837444405659,0
141,128,148,-0.0004042518298499306,0
141,128,149,-0.0008097365795994689,0
141,128,150,0.02791322616852751,0
141,128,151,-0.01184274631808642,0
141,128,152,-0.03183837745759917,0
141,128,153,-1.451521810894906e-05,0
141,128,154,-3.280819544491571e-05,0
141,128,155,-4.612256991900757e-05,0
141,128,156,-1.361292160367679e-05,0
141,128,157,0.0002901499116220052,0
141,128,158,0.002286064506310323,0
141,128,159,0.02981926379054535,0
141,128,160,0.01555642409721968,0
141,128,161,-0.02557421423394213,0
141,128,162,-1.073177045123678e-05,0
141,128,163,-2.775517948836995e-05,0
141,128,164,-5.9433055419486e-05,0
141,128,165,-0.0001389182902560155,0
141,128,166,-0.0004237535555831582,0
141,128,167,-0.002235782448035804,0
141,128,168,-0.05529009214775373,0
141,128,169,0.0173518212496045,0
141,128,170,0.03000793772980834,0
142,125,0,0.001079051473386315,0
142,125,1,0.0003439256270374777,0
142,125,2,-0.0001089327751870715,0
142,125,3,0.001479211419880966,0
142,125,4,0.0009350486702964367,0
142,125,5,4.801890173199048e-05,0
142,125,6,0.001264971508272665,0
142,125,7,0.001170083752971845,0
142,125,8,0.0004997308514061902,0
142,125,9,0.001730308593341204,0
142,125,10,0.001744975327717449,0
142,125,11,0.001803812021175241,0
142,125,12,0.006569326167887551,0
142,125,13,0.005349133686039988,0
142,125,14,0.006342093323399419,0
142,125,15,0.02813093717448235,0
142,125,16,0.0215375654220146,0
142,125,17,0.0240851923534421,0
142,125,18,0.4290893707811639,0
142,125,19,0.2874631016125615,0
142,125,20,0.3641649580446777,0
142,125,21,-0.1409862311973082,0
142,125,22,-0.09364406951459155,0
142,125,23,-0.5133905779120828,0
142,125,24,-0.1119024641099845,0
142,125,25,-0.07525680375673664,0
142,125,26,0.02465790324614708,0
142,125,27,0.0001309095899333972,0
142,125,28,0.1016400104291944,0
142,125,29,0.0009221276667480911,0
142,125,30,0.0001802291466068578,0
142,125,31,-0.0002706397969053678,0
142,125,32,0.001027035373451069,0
142,125,33,0.0006485866108203528,0
142,125,34,-0.0001757582806832075,0
142,125,35,-0.0001154415477654212,0
142,125,36,0.0004894624798750076,0
142,125,37,-8.167452837893734e-05,0
142,125,38,-0.003174391369766709,0
142,125,39,-0.0006658879745888143,0
142,125,40,-0.0004928610269790737,0
142,125,41,-0.01272015550502184,0
142,125,42,-0.004603825660184069,0
142,125,43,-0.0036247135234627,0
142,125,44,-0.05312217620138555,0
142,125,45,-0.02200285314677112,0
142,125,46,-0.02061260285368411,0
142,125,47,-1,0
142,125,48,-0.3992718911595836,0
142,125,49,-0.493834937539638,0
142,125,50,0.2325765506066122,0
142,125,51,-0.2244361362071539,0
142,125,52,0.5989687642739674,0
142,125,53,0.4681358324752707,0
142,125,54,0.3326611829457797,0
142,125,55,0.2426363195765227,0
142,125,56,0.07423164153940044,0
142,125,57,-0.3233313000799165,0
142,125,58,0.0008265127902792118,0
142,125,59,6.568798281483534e-05,0
142,125,60,-0.0003131074452583309,0
142,125,61,0.0009669162124487062,0
142,125,62,0.0004879002857946735,0
142,125,63,-0.0002212943529478566,0
142,125,64,0.0003929118350788607,0
142,125,65,0.000442157488326449,0
142,125,66,-3.589971214152785e-05,0
142,125,67,0.000314620160652561,0
142,125,68,0.0001936403629621361,0
142,125,69,0.0003393570606603219,0
142,125,70,0.005058505907460957,0
142,125,71,0.001226540041633169,0
142,125,72,0.001836733889039312,0
142,125,73,0.03451726985879577,0
142,125,74,0.0101687408929521,0
142,125,75,0.01046395100916436,0
142,125,76,0.9213723370376627,0
142,125,77,0.2502941440212528,0
142,125,78,0.3078327164248635,0
142,125,79,0.02311661387682714,0
142,125,80,0.457331167641248,0
142,125,81,-0.2151552144295785,0
142,125,82,-0.9189898932120609,0
142,125,83,-0.435286860670949,0
142,125,84,-0.61094958006241,0
142,125,85,-0.2383595495365295,0
142,125,86,0.5078953750256828,0
142,125,87,0.0007382455068474139,0
142,125,88,6.032285312475468e-05,0
142,125,89,-0.000205496953699601,0
142,125,90,0.0008071218970472256,0
142,125,91,0.0004049360111887673,0
142,125,92,-0.0001631251163153691,0
142,125,93,5.608087403883833e-05,0
142,125,94,0.000262126671361205,0
142,125,95,-9.130017239741962e-05,0
142,125,96,-0.001239515454256826,0
142,125,97,-0.0003259320095731667,0
142,125,98,-9.951361940524601e-05,0
142,125,99,-0.00387867425719637,0
142,125,100,-0.001326814999949465,0
142,125,101,-0.0005748152548833344,0
142,125,102,-0.01704222793830189,0
142,125,103,-0.004862298668348293,0
142,125,104,-0.003865175773442441,0
142,125,105,-0.4507440780674852,0
142,125,106,-0.07404510487698562,0
142,125,107,-0.08572382239177657,0
142,125,108,-0.2675125497369558,0
142,125,109,-0.3357300685515475,0
142,125,110,-0.04453694411364303,0
142,125,111,0.9916484941708649,0
142,125,112,0.2099013049760056,0
142,125,113,0.5250484080460033,0
142,125,114,0.3745166160339595,0
142,125,115,-0.389790617775403,0
142,125,116,0.0006829610398960339,0
142,125,117,0.0001650675256432286,0
142,125,118,0.000741121251180028,0
142,125,119,0.0004500961662661425,0
142,125,120,7.353061254904809e-05,0
142,125,121,0.0002602810234611377,0
142,125,122,-0.0007017449556391093,0
142,125,123,-0.0002612533310243538,0
142,125,124,-0.0004111695087367166,0
142,125,125,-0.0006236392758172997,0
142,125,126,0.00396766972238346,0
142,125,127,-0.0002462662022201271,0
142,125,128,0.0987630679042701,0
142,125,129,0.002709406645505729,0
142,125,130,0.1504285079404938,0
142,125,131,0.06667376196203555,0
142,125,132,-0.4316965389411304,0
142,125,133,0.1002570364731094,0
142,125,134,-0.2883736503129343,0
142,125,135,-9.862023105330649e-06,0
142,125,136,-3.116033566910847e-05,0
142,125,137,-8.847279830019024e-05,0
142,125,138,-0.000259753769187048,0
142,125,139,-0.000851458279934269,0
142,125,140,-0.003336572099733535,0
142,125,141,-0.03691831067296711,0
142,125,142,0.01276673091820447,0
142,125,143,0.009700071165076377,0
142,125,144,-1.168206933438862e-05,0
142,125,145,-2.726434219715978e-05,0
142,125,146,-4.765285701285673e-05,0
142,125,147,-5.04082450576729e-05,0
142,125,148,0.0001160939756844056,0
142,125,149,0.001681251594529286,0
142,125,150,0.04804946116083637,0
142,125,151,-0.00838373970017145,0
142,125,152,-0.03065284538309017,0
142,125,153,-9.129613700689454e-06,0
142,125,154,-2.167050398150234e-05,0
142,125,155,-4.027941377067037e-05,0
142,125,156,-7.547751501657836e-05,0
142,125,157,-0.0001652566873178543,0
142,125,158,-0.0007281290449073786,0
142,125,159,-0.02982353177109412,0
142,125,160,-0.01026318072882871,0
142,125,161,0.04789619091388141,0
142,125,162,-5.668385957642635e-06,0
142,125,163,-1.172979494650084e-05,0
142,125,164,-1.746059226958234e-05,0
142,125,165,-8.290734347121103e-06,0
142,125,166,5.017333015345845e-05,0
142,125,167,0.0003645598882336915,0
142,125,168,0.008604103609572155,0
142,125,169,0.01380294872474858,0
142,125,170,-0.03700410353409495,0
143,124,0,-0.0001186274032649877,0
143,124,1,-1.411915153672232e-05,0
143,124,2,6.653278683834828e-05,0
143,124,3,-0.0003856226868929979,0
143,124,4,-0.0002226896708830578,0
143,124,5,-0.0001194118555821336,0
143,124,6,-0.0009285701226070397,0
143,124,7,-0.0006811916461896619,0
143,124,8,-0.0005617407599828334,0
143,124,9,-0.001986379928795234,0
143,124,10,-0.001611016667183618,0
143,124,11,-0.001501657844482086,0
143,124,12,-0.004183971006991974,0
143,124,13,-0.003534779447457957,0
143,124,14,-0.003509164642215888,0
143,124,15,-0.008968084905021566,0
143,124,16,-0.007712764847851863,0
143,124,17,-0.007891902192909028,0
143,124,18,-0.324113598397582,0
143,124,19,-0.2157693584385036,0
143,124,20,-0.2828694154775468,0
143,124,21,0.5761923547407383,0
143,124,22,0.3829227549385813,0
143,124,23,0.8074932261680048,0
143,124,24,-0.4123439062174748,0
143,124,25,-0.2746139124783069,0
143,124,26,-0.8900010963871109,0
143,124,27,-0.000243910259565276,0
143,124,28,0.3710114941465544,0
143,124,29,6.286432479500488e-05,0
143,124,30,0.0001403424349321166,0
143,124,31,0.0002244452008701225,0
143,124,32,5.451536889244293e-05,0
143,124,33,1.284731084845228e-05,0
143,124,34,3.261499685701008e-05,0
143,124,35,1.431773453888518e-05,0
143,124,36,-0.0003366019767430604,0
143,124,37,-0.0003786633980378699,0
143,124,38,4.681275983748908e-05,0
143,124,39,-0.001025156136005117,0
143,124,40,-0.001209820216329179,0
143,124,41,-0.0003488463719053387,0
143,124,42,-0.002808294546141839,0
143,124,43,-0.0034909214895659,0
143,124,44,-0.00573231190345049,0
143,124,45,-0.009849281359686213,0
143,124,46,-0.01211850571100167,0
143,124,47,0.2909005804254651,0
143,124,48,-0.01747872481395689,0
143,124,49,-0.0203329154033272,0
143,124,50,-0.9583646839132334,0
143,124,51,-0.03937045641741676,0
143,124,52,-0.312415248441072,0
143,124,53,0.9226062982687578,0
143,124,54,-0.04413095476984076,0
143,124,55,0.8026569007844174,0
143,124,56,0.2743686939235561,0
143,124,57,-0.4602974223147625,0
143,124,58,0.0002441839611433258,0
143,124,59,0.0003195616867679422,0
143,124,60,0.0003575477472909233,0
143,124,61,0.000452057580521102,0
143,124,62,0.0003844429362895927,0
143,124,63,0.0003034134358360157,0
143,124,64,0.0008608191011453349,0
143,124,65,0.0004640267713308804,0
143,124,66,0.0003605753853972773,0
143,124,67,0.002509859021228222,0
143,124,68,0.001164691234307851,0
143,124,69,0.001122387741779573,0
143,124,70,0.009346586975602873,0
143,124,71,0.004710133387268399,0
143,124,72,0.004797454142989635,0
143,124,73,0.03884839927167387,0
143,124,74,0.0205422652165802,0
143,124,75,0.02117270262149358,0
143,124,76,0.5730151241981776,0
143,124,77,0.3687422880977875,0
143,124,78,0.4652469203200745,0
143,124,79,0.02717012166879153,0
143,124,80,-0.2135646485644822,0
143,124,81,-0.8056749594639749,0
143,124,82,-0.5831745070134839,0
143,124,83,0.2043863630258421,0
143,124,84,0.2510107645590086,0
143,124,85,-0.3400776828457116,0
143,124,86,0.06714919407425447,0
143,124,87,0.0002843875779333987,0
143,124,88,0.000345887659897234,0
143,124,89,0.0002568990710320326,0
143,124,90,0.0003608475752058517,0
143,124,91,0.0004370734745829188,0
143,124,92,0.0002148855627969674,0
143,124,93,1.494645932062567e-05,0
143,124,94,0.0003296892872616938,0
143,124,95,0.0001325851883172424,0
143,124,96,-0.001484210962287073,0
143,124,97,-0.0001467164035667949,0
143,124,98,-0.0001561323710050125,0
143,124,99,-0.007781753288964101,0
143,124,100,-0.002128004058909583,0
143,124,101,-0.001780900327222157,0
143,124,102,-0.03759543049124769,0
143,124,103,-0.01222276169372772,0
143,124,104,-0.01119194185635492,0
143,124,105,-1,0
143,124,106,-0.3221691601762974,0
143,124,107,-0.401233635448873,0
143,124,108,0.9338674567831532,0
143,124,109,0.02572141458468578,0
143,124,110,0.9352344942302487,0
143,124,111,-0.2076518642525473,0
143,124,112,0.04954982540569886,0
143,124,113,-0.771327315584565,0
143,124,114,0.04834799783781089,0
143,124,115,0.2496995406031975,0
143,124,116,0.0003216220449181216,0
143,124,117,0.0002171846608417596,0
143,124,118,0.0004435597033201732,0
143,124,119,0.0003592364136056562,0
143,124,120,0.0003348357751378424,0
143,124,121,0.0003301469767126993,0
143,124,122,0.0003492980673084405,0
143,124,123,0.0001808793502539736,0
143,124,124,0.002032305384113261,0
143,124,125,0.0001502522558795329,0
143,124,126,0.01294590000651473,0
143,124,127,0.0009600894364394458,0
143,124,128,0.4589881882072598,0
143,124,129,0.008968719398403085,0
143,124,130,-0.579956621573344,0
143,124,131,0.305714575082803,0
143,124,132,0.2798508786856735,0
143,124,133,-0.385581360483895,0
143,124,134,0.1856595735149554,0
143,124,135,1.195986770282467e-05,0
143,124,136,3.100507652986631e-05,0
143,124,137,7.140588493679196e-05,0
143,124,138,0.0001619459098362668,0
143,124,139,0.0003558517653181947,0
143,124,140,0.0007280542731896623,0
143,124,141,0.02706378722564671,0
143,124,142,-0.04849805836762111,0
143,124,143,0.03604170623777909,0
143,124,144,1.524714307067173e-05,0
143,124,145,3.771008655925686e-05,0
143,124,146,8.458986825888008e-05,0
143,124,147,0.0002034194498446892,0
143,124,148,0.0005665729880242435,0
143,124,149,0.002134068275077866,0
143,124,150,0.002281345436945369,0
143,124,151,0.03226657709587222,0
143,124,152,-0.04245753529004768,0
143,124,153,1.008654141867932e-05,0
143,124,154,1.996257031179595e-05,0
143,124,155,2.500818276557917e-05,0
143,124,156,-1.23108680632753e-05,0
143,124,157,-0.0002842254402193606,0
143,124,158,-0.002176505394295591,0
143,124,159,-0.04455456415693194,0
143,124,160,0.02993329482586875,0
143,124,161,0.005155308193711684,0
143,124,162,5.429684188728892e-06,0
143,124,163,1.249575180047242e-05,0
143,124,164,2.538312493493828e-05,0
143,124,165,5.76640963943872e-05,0
143,124,166,0.000173527718796108,0
143,124,167,0.001093367513974076,0
143,124,168,0.03957084614544022,0
143,124,169,-0.04878793268827648,0
143,124,170,0.02335874902080625,0
144,123,0,-0.0006994682621797511,0
144,123,1,-0.0002071027279922697,0
144,123,2,0.0001100487470895519,0
144,123,3,-0.0009784548266214442,0
144,123,4,-0.0006004781818426932,0
144,123,5,-8.898717014494662e-07,0
144,123,6,-0.0008697673140838216,0
144,123,7,-0.0007754814166340097,0
144,123,8,-0.0003062840704718332,0
144,123,9,-0.001178501088630692,0
144,123,10,-0.001162293614812548,0
144,123,11,-0.001156002825286419,0
144,123,12,-0.004286155018201142,0
144,123,13,-0.003477737160236936,0
144,123,14,-0.004080715166886309,0
144,123,15,-0.01826482062816838,0
144,123,16,-0.01389268547445127,0
144,123,17,-0.01548597101962008,0
144,123,18,-0.2641477088575235,0
144,123,19,-0.1766421505726459,0
144,123,20,-0.2229387008156348,0
144,123,21,0.2716086192307078,0
144,123,22,0.1810056579886536,0
144,123,23,0.4830503336836129,0
144,123,24,-0.1293582425462991,0
144,123,25,-0.08632813616419786,0
144,123,26,-0.3619399648506829,0
144,123,27,-4.928282651269613e-05,0
144,123,28,0.1165294032741123,0
144,123,29,-0.0005894835555131052,0
144,123,30,-7.405612770417842e-05,0
144,123,31,0.0002366029274393192,0
144,123,32,-0.0006709523075939043,0
144,123,33,-0.0003889614351200545,0
144,123,34,0.0001596801458798806,0
144,123,35,4.506148486568109e-05,0
144,123,36,-0.0003133085025394332,0
144,123,37,7.773583428245242e-05,0
144,123,38,0.002048132282813373,0
144,123,39,0.0004299131292644081,0
144,123,40,0.0003448158496914114,0
144,123,41,0.008446864736995024,0
144,123,42,0.00310278528167787,0
144,123,43,0.002477648626131443,0
144,123,44,0.03564624160226743,0
144,123,45,0.01504353167183252,0
144,123,46,0.01408887203507628,0
144,123,47,0.6566248171431215,0
144,123,48,0.273152855167458,0
144,123,49,0.3381596183629025,0
144,123,50,-0.7687939617105315,0
144,123,51,-0.1554000612646439,0
144,123,52,-0.8024029418802153,0
144,123,53,0.4270633386643133,0
144,123,54,0.01711179753868814,0
144,123,55,0.7161225768880846,0
144,123,56,0.08620620729315559,0
144,123,57,-0.2679644253105756,0
144,123,58,-0.0005139276504555934,0
144,123,59,1.199771403266606e-05,0
144,123,60,0.0002601281874147631,0
144,123,61,-0.0006156778916054787,0
144,123,62,-0.0002717504993794528,0
144,123,63,0.0001794902685430885,0
144,123,64,-0.0003002883806793206,0
144,123,65,-0.00029214296654495,0
144,123,66,1.482037423299711e-05,0
144,123,67,-0.0003872138992195339,0
144,123,68,-0.0002376010098566153,0
144,123,69,-0.0003230598932848436,0
144,123,70,-0.003923518610357314,0
144,123,71,-0.001187386936778298,0
144,123,72,-0.001572765959948453,0
144,123,73,-0.0251617084062407,0
144,123,74,-0.008101328369554758,0
144,123,75,-0.008300079939066497,0
144,123,76,-0.7161494170024123,0
144,123,77,-0.2269047470859905,0
144,123,78,-0.2837411287410449,0
144,123,79,1,0
144,123,80,0.07317702660398831,0
144,123,81,0.7447531029361579,0
144,123,82,-0.667580952107749,0
144,123,83,0.08463710909108579,0
144,123,84,-0.7866506949262354,0
144,123,85,-0.1982427673746567,0
144,123,86,0.3332534068430428,0
144,123,87,-0.0004370617346240202,0
144,123,88,1.250738734966684e-05,0
144,123,89,0.0001689174602303372,0
144,123,90,-0.0004691888686598239,0
144,123,91,-0.0002034738167405748,0
144,123,92,0.0001313604963181266,0
144,123,93,1.420187318046333e-05,0
144,123,94,-0.0001302276175507521,0
144,123,95,7.253741336260771e-05,0
144,123,96,0.0009335829767845769,0
144,123,97,0.0002466562716948568,0
144,123,98,9.414939257433319e-05,0
144,123,99,0.003133175469152284,0
144,123,100,0.001052417739818189,0
144,123,101,0.0005652040600531239,0
144,123,102,0.01393874503493963,0
144,123,103,0.004211808896591267,0
144,123,104,0.003532262172152882,0
144,123,105,0.4684418615131783,0
144,123,106,0.1021638417224957,0
144,123,107,0.1254285427471915,0
144,123,108,-0.7825549992043727,0
144,123,109,0.02916627262037404,0
144,123,110,-0.3829500452805604,0
144,123,111,0.6293644529666176,0
144,123,112,-0.1619127498085543,0
144,123,113,0.4866093326138524,0
144,123,114,0.246248114411531,0
144,123,115,-0.2342184053629122,0
144,123,116,-0.0003926185487354036,0
144,123,117,-7.471873780690457e-05,0
144,123,118,-0.0004171989961038052,0
144,123,119,-0.0002403966392021581,0
144,123,120,-1.868069960740494e-05,0
144,123,121,-0.0001298717565997127,0
144,123,122,0.0004018716507504558,0
144,123,123,0.0001724597360812345,0
144,123,124,-9.526303130159642e-06,0
144,123,125,0.0003618113382390606,0
144,123,126,-0.003781095512823771,0
144,123,127,3.088145287728143e-05,0
144,123,128,-0.1434040535429921,0
144,123,129,-0.002703145776820474,0
144,123,130,0.280461580562033,0
144,123,131,-0.09584850473097625,0
144,123,132,-0.2593732091320894,0
144,123,133,0.1868788406176334,0
144,123,134,-0.1730932030174487,0
144,123,135,5.905457687084625e-06,0
144,123,136,1.890438733707144e-05,0
144,123,137,5.480201186019069e-05,0
144,123,138,0.0001641393414028223,0
144,123,139,0.000551021974968586,0
144,123,140,0.002221327089888891,0
144,123,141,0.02198001016883836,0
144,123,142,-0.02327080299044182,0
144,123,143,0.01169332986588639,0
144,123,144,6.803791739099735e-06,0
144,123,145,1.54897007068479e-05,0
144,123,146,2.555296372040851e-05,0
144,123,147,1.83177649985625e-05,0
144,123,148,-0.0001219199199502132,0
144,123,149,-0.001316125549785354,0
144,123,150,-0.03255314912701785,0
144,123,151,0.04208388673621136,0
144,123,152,-0.02555041202329816,0
144,123,153,5.335746129071034e-06,0
144,123,154,1.266953020121491e-05,0
144,123,155,2.417798350577934e-05,0
144,123,156,4.945889476025836e-05,0
144,123,157,0.0001239694816529232,0
144,123,158,0.0005918166108392414,0
144,123,159,0.02754371740058294,0
144,123,160,-0.04239388239391227,0
144,123,161,0.03113692083891593,0
144,123,162,3.21426685257952e-06,0
144,123,163,6.414306358239278e-06,0
144,123,164,8.950054752110346e-06,0
144,123,165,5.859676678383735e-07,0
144,123,166,-4.152780381379513e-05,0
144,123,167,-0.0002514122628458722,0
144,123,168,-0.01280502461539088,0
144,123,169,0.02405286311674057,0
144,123,170,-0.02149171070002604,0
145,116,0,-0.5975147539605106,0
145,116,1,-0.1858954501460534,0
145,116,2,0.06742260187731204,0
145,116,3,-0.815402716009438,0
145,116,4,-0.4816532830379324,0
145,116,5,0.05035128158837229,0
145,116,6,-0.5337962762014642,0
145,116,7,-0.4716672797496627,0
145,116,8,0.01577239244452609,0
145,116,9,0.02914822306737,0
145,116,10,-0.1897894835044135,0
145,116,11,-0.03365242230752814,0
145,116,12,0.4453892607643533,0
145,116,13,0.1302207872077817,0
145,116,14,-0.1101644329833704,0
145,116,15,0.3129175377441398,0
145,116,16,0.175431470876965,0
145,116,17,-0.2638203684980761,0
145,116,18,0.4514362646676721,0
145,116,19,0.3335460648008668,0
145,116,20,0.2025378314440593,0
145,116,21,0.3385643289884316,0
145,116,22,0.2752914250538147,0
145,116,23,0.0277884408811356,0
145,116,24,0.1755068383444881,0
145,116,25,0.1716025472064623,0
145,116,26,-0.001386519409823912,0
145,116,27,0.05568299305978106,0
145,116,28,-0.008021333864876174,0
145,116,29,-0.594091369820177,0
145,116,30,-0.1434871499084991,0
145,116,31,0.1048477581995408,0
145,116,32,-0.800783880204912,0
145,116,33,-0.4411865271441389,0
145,116,34,0.08592286828316244,0
145,116,35,-0.4911899647549536,0
145,116,36,-0.4338032545763125,0
145,116,37,0.04439053672396721,0
145,116,38,0.1276229329014381,0
145,116,39,-0.1453699372762145,0
145,116,40,-0.01252240756938143,0
145,116,41,0.6566091644077043,0
145,116,42,0.2032571812527086,0
145,116,43,-0.08788298040635738,0
145,116,44,0.8131634569736527,0
145,116,45,0.3485614017982882,0
145,116,46,-0.1865947947050219,0
145,116,47,0.5162439868027924,0
145,116,48,0.5492349608526945,0
145,116,49,0.09492056199809693,0
145,116,50,0.3445167208356535,0
145,116,51,0.3063506850557355,0
145,116,52,0.02653137590896964,0
145,116,53,0.1720364587707259,0
145,116,54,0.1706170606317259,0
145,116,55,-0.002743395531616474,0
145,116,56,0.0510404383286143,0
145,116,57,-0.00856217517975061,0
145,116,58,-0.568485493044529,0
145,116,59,-0.1183292268179883,0
145,116,60,0.1088334120395758,0
145,116,61,-0.7547409286941956,0
145,116,62,-0.3995421550894685,0
145,116,63,0.09319921563791993,0
145,116,64,-0.427403312722776,0
145,116,65,-0.378760084608331,0
145,116,66,0.05936147272102536,0
145,116,67,0.2139495026310704,0
145,116,68,-0.07197293248307594,0
145,116,69,0.0220847276367971,0
145,116,70,0.7831468954011934,0
145,116,71,0.3157386118573985,0
145,116,72,-0.007705186586760579,0
145,116,73,1,0
145,116,74,0.5575160651789846,0
145,116,75,0.00243004153139893,0
145,116,76,0.5998932418218503,0
145,116,77,0.5470643039371937,0
145,116,78,-0.04620720858010793,0
145,116,79,0.3665309011775547,0
145,116,80,0.3283410923600271,0
145,116,81,-0.00633046602191918,0
145,116,82,0.1791039298307904,0
145,116,83,0.1778236589158512,0
145,116,84,-0.00727433454704295,0
145,116,85,0.0527525515565575,0
145,116,86,-0.009460301190186891,0
145,116,87,-0.5584083665349893,0
145,116,88,-0.1307983182202137,0
145,116,89,0.06343107594188245,0
145,116,90,-0.7345031327839361,0
145,116,91,-0.3988441418676799,0
145,116,92,0.0600558689885592,0
145,116,93,-0.3984178671578696,0
145,116,94,-0.3605403241681084,0
145,116,95,0.0471487744519327,0
145,116,96,0.2434133993049435,0
145,116,97,-0.03227324710162344,0
145,116,98,0.03836050042122448,0
145,116,99,0.7924297973864638,0
145,116,100,0.3814468294738094,0
145,116,101,0.04936316298404034,0
145,116,102,0.9340041600416591,0
145,116,103,0.6566783962907341,0
145,116,104,0.1243310638120503,0
145,116,105,0.5836835103746543,0
145,116,106,0.4354111319369043,0
145,116,107,-0.1428505540919868,0
145,116,108,0.362676467590538,0
145,116,109,0.3051320193419155,0
145,116,110,-0.02106092961960366,0
145,116,111,0.1768077333492964,0
145,116,112,0.1754167936483017,0
145,116,113,-0.004276752735918544,0
145,116,114,0.05394063732507227,0
145,116,115,-0.003534392336849064,0
145,116,116,-0.5400128245852499,0
145,116,117,-0.1669422896974811,0
145,116,118,-0.7133843448648494,0
145,116,119,-0.4217167538657592,0
145,116,120,-0.3905854494230291,0
145,116,121,-0.3739654287173974,0
145,116,122,0.2116507846289875,0
145,116,123,-0.04927350478624423,0
145,116,124,0.666853977203236,0
145,116,125,0.3305004996860371,0
145,116,126,0.5828376385988555,0
145,116,127,0.4924946266636265,0
145,116,128,0.5441056006313496,0
145,116,129,0.326528457828806,0
145,116,130,0.3682318651918579,0
145,116,131,0.2972322500059665,0
145,116,132,0.1820069830200212,0
145,116,133,0.1820253506506353,0
145,116,134,0.05935167223837886,0
145,116,135,-0.0006091599781567904,0
145,116,136,0.0005308043232194674,0
145,116,137,0.003648332098493625,0
145,116,138,0.008592014946298647,0
145,116,139,0.01670476969207957,0
145,116,140,0.03637273142859759,0
145,116,141,0.009989302092831935,0
145,116,142,0.003398257513886138,0
145,116,143,0.001152311292353077,0
145,116,144,0.0006639131075311518,0
145,116,145,0.002478960581258813,0
145,116,146,0.005647406589672587,0
145,116,147,0.009830331139621692,0
145,116,148,0.01627654467926775,0
145,116,149,0.02732080196829769,0
145,116,150,0.01074824516975374,0
145,116,151,0.004256251620921936,0
145,116,152,0.001577484519548223,0
145,116,153,0.0001920716203616893,0
145,116,154,0.001472303676760877,0
145,116,155,0.00384353895882482,0
145,116,156,0.006032425772705861,0
145,116,157,0.007210981413616384,0
145,116,158,0.003265526540686379,0
145,116,159,0.004335750137781271,0
145,116,160,0.002752774677815919,0
145,116,161,0.001223374455192954,0
145,116,162,0.0008853416172497693,0
145,116,163,0.001608273891416762,0
145,116,164,0.002132341654422619,0
145,116,165,0.001200197968420756,0
145,116,166,-0.002803979320333485,0
145,116,167,-0.01521859373082152,0
145,116,168,-0.000731458131438129,0
145,116,169,0.0009150924170857422,0
145,116,170,0.000559873556485426,0
146,119,0,-0.1181780115540624,0
146,119,1,-0.02832138933480739,0
146,119,2,0.03540375911436419,0
146,119,3,-0.1523272949738275,0
146,119,4,-0.08157057690712825,0
146,119,5,0.0380867506435392,0
146,119,6,-0.06476749361379475,0
146,119,7,-0.05856869081716292,0
146,119,8,0.04998706990594478,0
146,119,9,0.1310105581960511,0
146,119,10,0.05675975039957633,0
146,119,11,0.0919094297277506,0
146,119,12,0.4187575435650607,0
146,119,13,0.2705134071589648,0
146,119,14,0.210545571610331,0
146,119,15,0.9167684752536626,0
146,119,16,0.668791318722071,0
146,119,17,0.5426477764873328,0
146,119,18,0.242859778022739,0
146,119,19,0.2114795287600786,0
146,119,20,-0.4631898504017481,0
146,119,21,0.09348016624917688,0
146,119,22,0.08260080087837862,0
146,119,23,-0.07839028721277241,0
146,119,24,0.03944224449240485,0
146,119,25,0.03944781205968816,0
146,119,26,-0.01315113506281717,0
146,119,27,0.01165388437575564,0
146,119,28,-0.004139028897101328,0
146,119,29,-0.126910938862268,0
146,119,30,-0.01307561356325896,0
146,119,31,0.04674940769203004,0
146,119,32,-0.1778616940833955,0
146,119,33,-0.07572984138626607,0
146,119,34,0.04496750070545511,0
146,119,35,-0.1300415572773074,0
146,119,36,-0.0722216699103783,0
146,119,37,0.04504870174962616,0
146,119,38,-0.03343075195881626,0
146,119,39,0.001659725780785789,0
146,119,40,0.06228852136922517,0
146,119,41,0.0003382050597522804,0
146,119,42,0.1164886627133443,0
146,119,43,0.1218036417532443,0
146,119,44,-0.2228843432165953,0
146,119,45,0.2353344525320424,0
146,119,46,0.2676776132014309,0
146,119,47,0.0661729191923507,0
146,119,48,-0.2951833917043601,0
146,119,49,-0.228325489959126,0
146,119,50,0.06178561761593977,0
146,119,51,-0.006916060223011393,0
146,119,52,-0.06503519958096399,0
146,119,53,0.03285150762385964,0
146,119,54,0.02309851231099995,0
146,119,55,-0.01200772245702869,0
146,119,56,0.008053731633982496,0
146,119,57,-0.004153381740579536,0
146,119,58,-0.1257728364809126,0
146,119,59,-0.01240928004459932,0
146,119,60,0.03560135298713562,0
146,119,61,-0.182881806875605,0
146,119,62,-0.08183980018517957,0
146,119,63,0.02486321447391254,0
146,119,64,-0.1587514523513286,0
146,119,65,-0.1028590499658307,0
146,119,66,-0.0007056950741726569,0
146,119,67,-0.124282888305025,0
146,119,68,-0.0915172797339545,0
146,119,69,-0.04540782633192537,0
146,119,70,-0.2351482452671452,0
146,119,71,-0.127124983923683,0
146,119,72,-0.1355766849007586,0
146,119,73,-0.7708398873091834,0
146,119,74,-0.3833087551910159,0
146,119,75,-0.37629737892277,0
146,119,76,-0.08108529675850144,0
146,119,77,-0.2548216322702746,0
146,119,78,0.2761197901438617,0
146,119,79,0.04137809187303131,0
146,119,80,-0.01899957628814126,0
146,119,81,0.04146332011850105,0
146,119,82,0.03125334534295702,0
146,119,83,0.02134885876381401,0
146,119,84,0.00269412933363398,0
146,119,85,0.007896913508069489,0
146,119,86,-0.002714129927372941,0
146,119,87,-0.1147890844017294,0
146,119,88,-0.02093925407916335,0
146,119,89,0.01458343898231699,0
146,119,90,-0.1566541092252005,0
146,119,91,-0.08458093817116247,0
146,119,92,0.003939998848641564,0
146,119,93,-0.1050412664414928,0
146,119,94,-0.1020449350355185,0
146,119,95,-0.02551808418840249,0
146,119,96,-0.01609589769915208,0
146,119,97,-0.09322278577342247,0
146,119,98,-0.08935508509340753,0
146,119,99,-0.003123310201651795,0
146,119,100,-0.1451917340136614,0
146,119,101,-0.2343676504306685,0
146,119,102,-0.18219561527981,0
146,119,103,-0.4283493954666663,0
146,119,104,-0.5915415971694065,0
146,119,105,0.03878348032690297,0
146,119,106,0.2231025066609335,0
146,119,107,0.4679388422476995,0
146,119,108,0.06201509984254371,0
146,119,109,0.0800818822643224,0
146,119,110,0.08892781563601355,0
146,119,111,0.03475961876009947,0
146,119,112,0.03671628963595487,0
146,119,113,0.01097151675415962,0
146,119,114,0.01004841857141356,0
146,119,115,-0.0007084011431677453,0
146,119,116,-0.09690135639903834,0
146,119,117,-0.02867946948203054,0
146,119,118,-0.1147076391877291,0
146,119,119,-0.07371073806319917,0
146,119,120,-0.01465257036223178,0
146,119,121,-0.05635634893668565,0
146,119,122,0.1893591275777131,0
146,119,123,0.02589517801462679,0
146,119,124,0.4865427455359213,0
146,119,125,0.1454077857270193,0
146,119,126,1,0
146,119,127,0.2891965427501649,0
146,119,128,0.2834831721454862,0
146,119,129,0.5851051545721897,0
146,119,130,0.1034143446117649,0
146,119,131,0.1573026424339047,0
146,119,132,0.04107916915811784,0
146,119,133,0.0510474304606461,0
146,119,134,0.01311404137016459,0
146,119,135,-0.0007861146808942289,0
146,119,136,-0.001787807304939817,0
146,119,137,-0.003853703268269447,0
146,119,138,-0.009122162626939469,0
146,119,139,-0.02301587319443687,0
146,119,140,-0.06726290180532332,0
146,119,141,-0.01352944478594903,0
146,119,142,-0.002742795797781085,0
146,119,143,-0.0005058769814145865,0
146,119,144,-0.0003476450652204983,0
146,119,145,-0.0008572113695356188,0
146,119,146,-0.002088652003135747,0
146,119,147,-0.005800469288326224,0
146,119,148,-0.01515420177109423,0
146,119,149,-0.03491602328371284,0
146,119,150,-0.007198273222527308,0
146,119,151,-0.0009536482905510854,0
146,119,152,-2.714787051648473e-05,0
146,119,153,0.0002989979045731065,0
146,119,154,0.001039539124254233,0
146,119,155,0.002765159381008802,0
146,119,156,0.005914606948558997,0
146,119,157,0.01362198155955693,0
146,119,158,0.04480121658377182,0
146,119,159,0.01178539580018556,0
146,119,160,0.003447842514379888,0
146,119,161,0.0010070973120566,0
146,119,162,0.0007844724929474769,0
146,119,163,0.002017861466487146,0
146,119,164,0.004711385522501654,0
146,119,165,0.01098442152574085,0
146,119,166,0.02717103559383329,0
146,119,167,0.07371747046884727,0
146,119,168,0.01702544428012394,0
146,119,169,0.004351416581005276,0
146,119,170,0.001166785852051606,0
147,118,0,0.1122956414500385,0
147,118,1,-0.1078270397503135,0
147,118,2,-0.3759527725243572,0
147,118,3,0.2560085245286383,0
147,118,4,0.01035332795040357,0
147,118,5,-0.3024059718593983,0
147,118,6,0.4432718943155574,0
147,118,7,0.1845077116972549,0
147,118,8,-0.1515831899008079,0
147,118,9,0.6383217080506075,0
147,118,10,0.3945820511833839,0
147,118,11,0.04803825331308846,0
147,118,12,0.8098311096672248,0
147,118,13,0.6110343325849721,0
147,118,14,0.284714912452522,0
147,118,15,1,0
147,118,16,0.8418845225567453,0
147,118,17,0.5732763059009821,0
147,118,18,0.3365556906192518,0
147,118,19,0.3611392807282686,0
147,118,20,-0.2000944249242669,0
147,118,21,0.1133517807195382,0
147,118,22,0.1469586451708683,0
147,118,23,0.005050027023322023,0
147,118,24,0.03353231253095466,0
147,118,25,0.06421867457364562,0
147,118,26,0.04641935141054207,0
147,118,27,0.03098806202323842,0
147,118,28,0.05372416512677734,0
147,118,29,0.03524683179979225,0
147,118,30,-0.3721596485311103,0
147,118,31,-0.6071719371949797,0
147,118,32,0.1146818089423568,0
147,118,33,-0.2578225622203821,0
147,118,34,-0.4896272859313485,0
147,118,35,0.2491913700764801,0
147,118,36,-0.03168735264892319,0
147,118,37,-0.2497291500476431,0
147,118,38,0.3967476464363496,0
147,118,39,0.2647479703716951,0
147,118,40,0.06276842575067121,0
147,118,41,0.488512299689464,0
147,118,42,0.572253504168559,0
147,118,43,0.4103128205241883,0
147,118,44,0.4285365363216729,0
147,118,45,0.8184935714179516,0
147,118,46,0.7407677220706232,0
147,118,47,0.2268566426410228,0
147,118,48,0.09430915454706949,0
147,118,49,-0.1470738961554883,0
147,118,50,0.08802905177413989,0
147,118,51,0.1139600144498892,0
147,118,52,0.01448895855985374,0
147,118,53,0.03006327926001499,0
147,118,54,0.08603333207487052,0
147,118,55,0.07608949790113104,0
147,118,56,0.06382418369180357,0
147,118,57,0.08725269365526557,0
147,118,58,-0.0930585839684854,0
147,118,59,-0.5077743480996563,0
147,118,60,-0.6077782200062493,0
147,118,61,-0.1218056031180286,0
147,118,62,-0.4598924875087901,0
147,118,63,-0.4917545514314723,0
147,118,64,-0.06997181287202572,0
147,118,65,-0.2665664310195435,0
147,118,66,-0.2537059545562697,0
147,118,67,0.02736190535722426,0
147,118,68,0.02749701222934386,0
147,118,69,0.05756939408487146,0
147,118,70,0.1014815550498897,0
147,118,71,0.3544481701867803,0
147,118,72,0.4008200885824048,0
147,118,73,0.0786481371838899,0
147,118,74,0.6180333403489056,0
147,118,75,0.7076606159882189,0
147,118,76,0.0765424172980948,0
147,118,77,-0.03635603436208597,0
147,118,78,-0.1251147470754198,0
147,118,79,0.05084222454301298,0
147,118,80,0.06123714454833189,0
147,118,81,0.0166676551769681,0
147,118,82,0.02399857950031154,0
147,118,83,0.08533282696308471,0
147,118,84,0.07611662813402906,0
147,118,85,0.07599682059058731,0
147,118,86,0.0890779737083594,0
147,118,87,-0.222022660176591,0
147,118,88,-0.4634337092174293,0
147,118,89,-0.3781483366357131,0
147,118,90,-0.3591966207455109,0
147,118,91,-0.5167286431811411,0
147,118,92,-0.306453585087773,0
147,118,93,-0.3870527956576845,0
147,118,94,-0.4239863648574536,0
147,118,95,-0.1565727260579245,0
147,118,96,-0.3335231715872791,0
147,118,97,-0.215675619974696,0
147,118,98,0.04393187605034438,0
147,118,99,-0.2617779796614414,0
147,118,100,0.05287005702916039,0
147,118,101,0.2774012058554911,0
147,118,102,-0.2033897180733749,0
147,118,103,0.3135629738096249,0
147,118,104,0.5231101733211732,0
147,118,105,-0.05572932742818231,0
147,118,106,-0.1780139446421781,0
147,118,107,-0.1707222463803438,0
147,118,108,0.01543186496894985,0
147,118,109,0.00251659395785456,0
147,118,110,-0.0008557485219166311,0
147,118,111,0.02003343985798916,0
147,118,112,0.06276712396184798,0
147,118,113,0.04739053000592087,0
147,118,114,0.06368629439601409,0
147,118,115,0.057426304682103,0
147,118,116,-0.2959188491581943,0
147,118,117,-0.2519687494407631,0
147,118,118,-0.4970440791409862,0
147,118,119,-0.3990083349933545,0
147,118,120,-0.5805509611142525,0
147,118,121,-0.4402810959926696,0
147,118,122,-0.5825866038667035,0
147,118,123,-0.3904952319735404,0
147,118,124,-0.5974309560782768,0
147,118,125,-0.302043313187275,0
147,118,126,-0.7277559641636057,0
147,118,127,-0.2522376419260583,0
147,118,128,-0.16945695492691,0
147,118,129,-0.3424291427305532,0
147,118,130,-0.0006989511999468949,0
147,118,131,-0.04733997223108689,0
147,118,132,0.02297522891271172,0
147,118,133,0.02951589076313816,0
147,118,134,0.03073356747609413,0
147,118,135,-0.004007580036681165,0
147,118,136,-0.007340755145513593,0
147,118,137,-0.01305498929053999,0
147,118,138,-0.02268667377164474,0
147,118,139,-0.04031723577920966,0
147,118,140,-0.07663896782233556,0
147,118,141,-0.03291932295558302,0
147,118,142,-0.01517739825271973,0
147,118,143,-0.006007527425566789,0
147,118,144,-0.006542360186669576,0
147,118,145,-0.01238194841593583,0
147,118,146,-0.02187469038378639,0
147,118,147,-0.0371552207674929,0
147,118,148,-0.06284395950211233,0
147,118,149,-0.1037441832147031,0
147,118,150,-0.05127471512914854,0
147,118,151,-0.02429328940052567,0
147,118,152,-0.009714319154403649,0
147,118,153,-0.006406382250215479,0
147,118,154,-0.01227642287101476,0
147,118,155,-0.02176162820275527,0
147,118,156,-0.03712893916230733,0
147,118,157,-0.06273338532148873,0
147,118,158,-0.1005126189914265,0
147,118,159,-0.05054951848498618,0
147,118,160,-0.02417708183215149,0
147,118,161,-0.009676802213368202,0
147,118,162,-0.0034761117108901,0
147,118,163,-0.006820499650319859,0
147,118,164,-0.01282280843494012,0
147,118,165,-0.02340923513998766,0
147,118,166,-0.04235070351312636,0
147,118,167,-0.07295481144637898,0
147,118,168,-0.03218743405312938,0
147,118,169,-0.01499734543166539,0
147,118,170,-0.005986290440011254,0
148,117,0,0.01117779919741596,0
148,117,1,-0.01002359624047056,0
148,117,2,-0.03592347223127062,0
148,117,3,0.01850327707929234,0
148,117,4,-0.002306111026264674,0
148,117,5,-0.03312444538102248,0
148,117,6,0.01540661375360667,0
148,117,7,0.000450688373479178,0
148,117,8,-0.03057863218296781,0
148,117,9,-0.01833690080228787,0
148,117,10,-0.01674603831311965,0
148,117,11,-0.04343880193364404,0
148,117,12,-0.1405811086805874,0
148,117,13,-0.09702957398559399,0
148,117,14,-0.1142143487523553,0
148,117,15,-0.5298547408590205,0
148,117,16,-0.3735008193746265,0
148,117,17,-0.3759488707686471,0
148,117,18,-0.0456285345687163,0
148,117,19,-0.03916787788029916,0
148,117,20,0.4101734846248712,0
148,117,21,0.001239552717569579,0
148,117,22,0.002479597485481431,0
148,117,23,0.04777251698363371,0
148,117,24,0.001265519498029883,0
148,117,25,0.002773184864789391,0
148,117,26,0.005684760870800315,0
148,117,27,0.00150513748287228,0
148,117,28,0.002961304952275225,0
148,117,29,0.01028662394998311,0
148,117,30,-0.03138233933907902,0
148,117,31,-0.05383780603261478,0
148,117,32,0.02437796595486317,0
148,117,33,-0.01788803437869974,0
148,117,34,-0.04387077276066706,0
148,117,35,0.05090530374170964,0
148,117,36,0.00593187420781018,0
148,117,37,-0.02138401406234741,0
148,117,38,0.1163674786812095,0
148,117,39,0.04751429692531062,0
148,117,40,0.01665710703308501,0
148,117,41,0.3127341464414098,0
148,117,42,0.1402193015294002,0
148,117,43,0.09390034327269799,0
148,117,44,1,0
148,117,45,0.4392392744440047,0
148,117,46,0.3444033287564083,0
148,117,47,0.1072748956365981,0
148,117,48,0.3993617224448534,0
148,117,49,-0.2955539891244118,0
148,117,50,0.01233631795203343,0
148,117,51,0.04846550835749699,0
148,117,52,-0.02054614610343253,0
148,117,53,0.002327775513109783,0
148,117,54,0.007599363938494138,0
148,117,55,0.001833366499459692,0
148,117,56,0.003374701415265597,0
148,117,57,0.003861173498616372,0
148,117,58,-0.001064651182051291,0
148,117,59,-0.04194644255747545,0
148,117,60,-0.05267798061606021,0
148,117,61,0.0005704229718070094,0
148,117,62,-0.03375631304237381,0
148,117,63,-0.04195900333483189,0
148,117,64,0.006698617411724186,0
148,117,65,-0.01289565874753292,0
148,117,66,-0.01718933058051925,0
148,117,67,0.01873161822593888,0
148,117,68,0.02413421268303101,0
148,117,69,0.02523807172867041,0
148,117,70,0.03736839132746754,0
148,117,71,0.0956202356280814,0
148,117,72,0.1084680418012782,0
148,117,73,-0.004580919440041259,0
148,117,74,0.2581449048743952,0
148,117,75,0.3063374035499249,0
148,117,76,0.03306536811063251,0
148,117,77,-0.1899115062921655,0
148,117,78,-0.2610540134401627,0
148,117,79,0.005234694665763109,0
148,117,80,-0.01002403611376808,0
148,117,81,-0.04467555302160519,0
148,117,82,0.001590145574543221,0
148,117,83,0.003047276861058767,0
148,117,84,-0.0007751211346689126,0
148,117,85,0.003299966106388142,0
148,117,86,0.00315847472904483,0
148,117,87,-0.01464858299971413,0
148,117,88,-0.03920777874982817,0
148,117,89,-0.03470664990071325,0
148,117,90,-0.02962394287992488,0
148,117,91,-0.04408340708416651,0
148,117,92,-0.0313898328304662,0
148,117,93,-0.05372763042452421,0
148,117,94,-0.04646165064628353,0
148,117,95,-0.02741608515182431,0
148,117,96,-0.1162917688159045,0
148,117,97,-0.06379223017104821,0
148,117,98,-0.03771502719113825,0
148,117,99,-0.3134915103473781,0
148,117,100,-0.1468201158873224,0
148,117,101,-0.1054278330128287,0
148,117,102,-0.9890631583620162,0
148,117,103,-0.4844360130006157,0
148,117,104,-0.4044528554127965,0
148,117,105,-0.119835594043058,0
148,117,106,-0.2993823221105407,0
148,117,107,0.4238592670875566,0
148,117,108,-0.01027947885694109,0
148,117,109,-0.04428453194514378,0
148,117,110,0.03740199201806282,0
148,117,111,-0.001083163842364181,0
148,117,112,-0.002323836500518634,0
148,117,113,0.003678793704034476,0
148,117,114,0.001918449944337839,0
148,117,115,0.002557225424055326,0
148,117,116,-0.0168375347062111,0
148,117,117,-0.01945000873925243,0
148,117,118,-0.02715017819970433,0
148,117,119,-0.02771640282049973,0
148,117,120,-0.02500791027049062,0
148,117,121,-0.02903839022168511,0
148,117,122,0.00592511815411052,0
148,117,123,-0.02134329667671797,0
148,117,124,0.1192496898094707,0
148,117,125,0.003119287593349487,0
148,117,126,0.5392266320848043,0
148,117,127,0.07355531472155939,0
148,117,128,0.03730399760919838,0
148,117,129,0.3395815000245776,0
148,117,130,-4.638615564515007e-05,0
148,117,131,0.0251624975620091,0
148,117,132,8.703173360612815e-06,0
148,117,133,0.001377656929918528,0
148,117,134,0.001018106400595161,0
148,117,135,7.345415995352437e-06,0
148,117,136,0.0003670569755420185,0
148,117,137,0.001426873770560674,0
148,117,138,0.004663749471348941,0
148,117,139,0.01441687344970644,0
148,117,140,0.04578928169617457,0
148,117,141,0.003399474295467832,0
148,117,142,-0.0004103899423200507,0
148,117,143,-0.0002735421455902505,0
148,117,144,-0.0003715879423172317,0
148,117,145,-0.0006908300314585229,0
148,117,146,-0.001427237542868512,0
148,117,147,-0.003200369388729488,0
148,117,148,-0.008671562407851939,0
148,117,149,-0.03812885549140433,0
148,117,150,-0.006303206064341915,0
148,117,151,-0.00175111497593768,0
148,117,152,-0.0005886138827377997,0
148,117,153,-0.000486840014892419,0
148,117,154,-0.0010440449497391,0
148,117,155,-0.002371920697103187,0
148,117,156,-0.005628270813283328,0
148,117,157,-0.01438486612746992,0
148,117,158,-0.03728185081654199,0
148,117,159,-0.006593395100082402,0
148,117,160,-0.001656986149252911,0
148,117,161,-0.0005900653533108836,0
148,117,162,-0.0001077648531395936,0
148,117,163,-1.000599569923049e-05,0
148,117,164,0.0004900321093560286,0
148,117,165,0.002478500608195623,0
148,117,166,0.0100848865253553,0
148,117,167,0.04607530713956991,0
148,117,168,0.003765745932662234,0
148,117,169,-0.0001571536147112744,0
148,117,170,-0.0002320656018055729,0
149,115,0,-0.008135568449755892,0
149,115,1,-0.002704534247345386,0
149,115,2,0.0004996812379761065,0
149,115,3,-0.01010661252353529,0
149,115,4,-0.006053536018330348,0
149,115,5,0.001167469435615084,0
149,115,6,-0.001585572364309467,0
149,115,7,-0.002758477339138202,0
149,115,8,0.003992155831282588,0
149,115,9,0.02251158691518437,0
149,115,10,0.01234317406788563,0
149,115,11,0.01418572257895327,0
149,115,12,0.08399541681256195,0
149,115,13,0.05589849979765655,0
149,115,14,0.05136819980224872,0
149,115,15,0.2624063446906193,0
149,115,16,0.1858134684122292,0
149,115,17,0.1750044728913939,0
149,115,18,0.02591908437537915,0
149,115,19,0.02269281939016917,0
149,115,20,-0.1979091945771896,0
149,115,21,0.004969234401437133,0
149,115,22,0.004590724788842907,0
149,115,23,-0.0157792462067813,0
149,115,24,0.002495107333032156,0
149,115,25,0.002563101763622752,0
149,115,26,0.0001394116083382092,0
149,115,27,0.0008496529793909755,0
149,115,28,5.00698422556709e-05,0
149,115,29,-0.0101480553255616,0
149,115,30,-0.003686361089877032,0
149,115,31,-0.0007810061063404928,0
149,115,32,-0.01697962430747748,0
149,115,33,-0.009909990682779443,0
149,115,34,-0.002194649759218886,0
149,115,35,-0.02454655540321541,0
149,115,36,-0.01575160316722242,0
149,115,37,-0.007442907907066356,0
149,115,38,-0.05654221170598416,0
149,115,39,-0.03238787495619391,0
149,115,40,-0.02611483050733297,0
149,115,41,-0.1962908763056773,0
149,115,42,-0.1031238503527705,0
149,115,43,-0.09483382458016584,0
149,115,44,-0.7314435275795084,0
149,115,45,-0.3885407091794807,0
149,115,46,-0.3595391579316846,0
149,115,47,-0.05024697839628491,0
149,115,48,-0.1896995790909921,0
149,115,49,0.3739186475029684,0
149,115,50,0.002256218764727075,0
149,115,51,-0.009908986439049838,0
149,115,52,0.03151219721175769,0
149,115,53,0.001863794268653248,0
149,115,54,0.002192061867721556,0
149,115,55,0.002156412004771421,0
149,115,56,0.0008889770694623538,0
149,115,57,0.0006878737258993509,0
149,115,58,-0.007538367261660885,0
149,115,59,-0.002704668448519455,0
149,115,60,0.0007151614457974384,0
149,115,61,-0.007026322939236208,0
149,115,62,-0.005297920185853912,0
149,115,63,0.001939557972444514,0
149,115,64,0.01093622400554578,0
149,115,65,0.0009272499665693596,0
149,115,66,0.006785883826325093,0
149,115,67,0.07047747570544793,0
149,115,68,0.02767174068115396,0
149,115,69,0.0252777206712167,0
149,115,70,0.2645256013495328,0
149,115,71,0.114927452804437,0
149,115,72,0.09342963321945033,0
149,115,73,1,0
149,115,74,0.4408528794167503,0
149,115,75,0.3747516465171862,0
149,115,76,0.08155371782412973,0
149,115,77,0.3460813313513164,0
149,115,78,-0.3856191411386315,0
149,115,79,0.01009103069854564,0
149,115,80,0.03224950347925671,0
149,115,81,-0.02471247852471156,0
149,115,82,0.003298260185150084,0
149,115,83,0.004854629166639683,0
149,115,84,-0.0009442214191342791,0
149,115,85,0.001391273112224352,0
149,115,86,0.0001159821689062423,0
149,115,87,-0.009637418408190089,0
149,115,88,-0.003058041560504916,0
149,115,89,0.0001865795362021864,0
149,115,90,-0.0150429212575482,0
149,115,91,-0.007900177044630283,0
149,115,92,0.0001305908812692365,0
149,115,93,-0.0187764151750245,0
149,115,94,-0.009627322721314785,0
149,115,95,-0.000983530145942056,0
149,115,96,-0.04328507403339037,0
149,115,97,-0.01499022650316745,0
149,115,98,-0.008229635032423644,0
149,115,99,-0.1677995636613447,0
149,115,100,-0.05233566362368045,0
149,115,101,-0.03978860625841094,0
149,115,102,-0.7415563469018032,0
149,115,103,-0.2446601275521135,0
149,115,104,-0.1956371970274811,0
149,115,105,-0.02646977375022151,0
149,115,106,-0.3091702572430533,0
149,115,107,0.2158535242016624,0
149,115,108,0.004293425665670729,0
149,115,109,-0.0147143787874262,0
149,115,110,0.002772288970908905,0
149,115,111,0.002738383992859958,0
149,115,112,0.002024550611365574,0
149,115,113,-0.000111623170048794,0
149,115,114,0.0009326959885387284,0
149,115,115,-9.10697572729824e-05,0
149,115,116,-0.009274940975341232,0
149,115,117,-0.003202343277159778,0
149,115,118,-0.01287323651925673,0
149,115,119,-0.007764185580576513,0
149,115,120,-0.007394688254100692,0
149,115,121,-0.007523268434540042,0
149,115,122,0.01106272227134135,0
149,115,123,-0.001863852099771314,0
149,115,124,0.06125851626522498,0
149,115,125,0.01010118038064549,0
149,115,126,0.2646945738181527,0
149,115,127,0.03859092169126911,0
149,115,128,0.01001078735924339,0
149,115,129,0.1668777696943377,0
149,115,130,0.004591733657633597,0
149,115,131,0.005621897795995564,0
149,115,132,0.002285742651747272,0
149,115,133,0.002229314422734736,0
149,115,134,0.0007319323460107525,0
149,115,135,-9.183524435631255e-05,0
149,115,136,-0.0002440501116941799,0
149,115,137,-0.0007102585339134925,0
149,115,138,-0.002264859972731104,0
149,115,139,-0.00730827079148816,0
149,115,140,-0.02132450270531938,0
149,115,141,-0.00114250670207524,0
149,115,142,7.311785044381706e-06,0
149,115,143,2.171351301764979e-06,0
149,115,144,3.696160475758309e-05,0
149,115,145,0.0002141654672173794,0
149,115,146,0.000843137408398509,0
149,115,147,0.003023828706506605,0
149,115,148,0.01072583228161759,0
149,115,149,0.04073342197481226,0
149,115,150,0.002907522310562323,0
149,115,151,0.0001792246674975678,0
149,115,152,1.715686297908779e-05,0
149,115,153,-7.125384467263039e-05,0
149,115,154,-0.0002070937160671738,0
149,115,155,-0.0006750121311658993,0
149,115,156,-0.002538241014923039,0
149,115,157,-0.009411597661166705,0
149,115,158,-0.04156404547811723,0
149,115,159,-0.003068577542281869,0
149,115,160,-0.0002741390061639118,0
149,115,161,-4.146689044675419e-05,0
149,115,162,-1.006831434326953e-05,0
149,115,163,6.995259657312468e-06,0
149,115,164,0.0001410796073891152,0
149,115,165,0.0009042477834417187,0
149,115,166,0.003892023207321166,0
149,115,167,0.02152927305384772,0
149,115,168,0.0009035817370709619,0
149,115,169,2.402398253757834e-05,0
149,115,170,-2.156785978407834e-05,0
150,103,0,-0.4973600726506154,0
150,103,1,-0.3680466016542828,0
150,103,2,-0.5434109923249719,0
150,103,3,-0.8573038775775972,0
150,103,4,-0.6029426521812675,0
150,103,5,-0.4058267608902679,0
150,103,6,-0.9798626998700167,0
150,103,7,-0.6761855709242491,0
150,103,8,-0.1701979352122337,0
150,103,9,-0.8260134375567491,0
150,103,10,-0.5634797965870112,0
150,103,11,0.1045386609842788,0
150,103,12,-0.4264439156410682,0
150,103,13,-0.2865239981213838,0
150,103,14,0.3520330491895581,0
150,103,15,0.1203495378445121,0
150,103,16,0.08859929550644961,0
150,103,17,0.5105926850509043,0
150,103,18,0.03224875997574261,0
150,103,19,0.03491693340788041,0
150,103,20,-0.03934327678366006,0
150,103,21,0.007594259548121496,0
150,103,22,0.01066039803640204,0
150,103,23,-0.005557731540796807,0
150,103,24,0.001129907408895037,0
150,103,25,0.003249129049227311,0
150,103,26,0.001482623726622062,0
150,103,27,0.001448125525683276,0
150,103,28,0.002943876788373558,0
150,103,29,-0.304711203792346,0
150,103,30,-0.6328045973857234,0
150,103,31,-0.8809621490429458,0
150,103,32,-0.5010717255772936,0
150,103,33,-0.6576171475005412,0
150,103,34,-0.6361538076250196,0
150,103,35,-0.5528307926784223,0
150,103,36,-0.5111093137417247,0
150,103,37,-0.2557987570992357,0
150,103,38,-0.4452503624303844,0
150,103,39,-0.2286461592596938,0
150,103,40,0.1786359298832263,0
150,103,41,-0.2171805313573235,0
150,103,42,0.1134002919114936,0
150,103,43,0.5491030348339631,0
150,103,44,0.01996268332125501,0
150,103,45,0.3946394317620284,0
150,103,46,0.7284401261267249,0
150,103,47,0.01243493075501147,0
150,103,48,-0.01392154199557552,0
150,103,49,-0.02988353937794256,0
150,103,50,0.002836332001121693,0
150,103,51,0.001070089261716298,0
150,103,52,-0.005990321533517484,0
150,103,53,6.575502019643809e-05,0
150,103,54,0.002639760130883341,0
150,103,55,0.002703222655380788,0
150,103,56,0.003022859992594166,0
150,103,57,0.004811779241565483,0
150,103,58,-0.01860099835823277,0
150,103,59,-0.6727343658731185,0
150,103,60,-0.9058501517626929,0
150,103,61,-0.01098637642449996,0
150,103,62,-0.4838684268406576,0
150,103,63,-0.633326141864235,0
150,103,64,0.002689560768827701,0
150,103,65,-0.190315949450963,0
150,103,66,-0.243136557696296,0
150,103,67,0.01341048480043068,0
150,103,68,0.140697488837581,0
150,103,69,0.1911078159575308,0
150,103,70,0.007652401063754151,0
150,103,71,0.4118043518920879,0
150,103,72,0.5450616241480724,0
150,103,73,-0.02559767306570611,0
150,103,74,0.5221620034817639,0
150,103,75,0.6953240496617998,0
150,103,76,-0.008442808447309659,0
150,103,77,-0.02885370049187091,0
150,103,78,-0.02169407635570099,0
150,103,79,-0.003362568439504185,0
150,103,80,-0.00696631084308338,0
150,103,81,-0.004289536006570714,0
150,103,82,-0.00145459571981497,0
150,103,83,0.0008260660672634093,0
150,103,84,0.002853800501352053,0
150,103,85,0.003341331027796698,0
150,103,86,0.004919075407511342,0
150,103,87,0.2909063621959932,0
150,103,88,-0.4632025514426844,0
150,103,89,-0.5953852526009352,0
150,103,90,0.5009365036680525,0
150,103,91,-0.1210066894984377,0
150,103,92,-0.3977190009042801,0
150,103,93,0.5652562422032948,0
150,103,94,0.2096156196223786,0
150,103,95,-0.1442785362014832,0
150,103,96,0.4645910341266036,0
150,103,97,0.460985816533191,0
150,103,98,0.1309884080067533,0
150,103,99,0.2283786152258678,0
150,103,100,0.5602797225192296,0
150,103,101,0.3465938644588924,0
150,103,102,-0.05680479937605736,0
150,103,103,0.4748966373196208,0
150,103,104,0.4327462393771687,0
150,103,105,-0.02327823373443869,0
150,103,106,-0.03893329554325626,0
150,103,107,-0.01612201846498615,0
150,103,108,-0.008409647038880572,0
150,103,109,-0.01233063112521035,0
150,103,110,-0.003028035946153267,0
150,103,111,-0.002631696006843384,0
150,103,112,-0.001539345029374574,0
150,103,113,0.001673910259624712,0
150,103,114,0.002316009635876658,0
150,103,115,0.003091752468599669,0
150,103,116,0.5657539181897349,0
150,103,117,-0.03317831322130661,0
150,103,118,0.9175385967138752,0
150,103,119,0.3468805931409324,0
150,103,120,1,0
150,103,121,0.5854414054698499,0
150,103,122,0.7975166913316568,0
150,103,123,0.6470705764640294,0
150,103,124,0.3843162230675624,0
150,103,125,0.5212381638716421,0
150,103,126,-0.09074725485258843,0
150,103,127,0.256348434696317,0
150,103,128,-0.03429985604498489,0
150,103,129,-0.04599076452476519,0
150,103,130,-0.01160846525719096,0
150,103,131,-0.01556706447622008,0
150,103,132,-0.003234895430715982,0
150,103,133,-0.003922184400638551,0
150,103,134,0.000220736871748774,0
150,103,135,0.04735591961379223,0
150,103,136,0.0818994990422577,0
150,103,137,0.09404250621258199,0
150,103,138,0.08041542065481813,0
150,103,139,0.04413934871358185,0
150,103,140,-0.007640375288794523,0
150,103,141,-0.00291058144473307,0
150,103,142,-0.001245974269903056,0
150,103,143,-0.0004782643551842462,0
150,103,144,0.07681984979389832,0
150,103,145,0.1301615945536312,0
150,103,146,0.1472783747065787,0
150,103,147,0.1233874184758875,0
150,103,148,0.06529872617651949,0
150,103,149,-0.008321877491951592,0
150,103,150,-0.004046869353097103,0
150,103,151,-0.001889948156892442,0
150,103,152,-0.0007503506110113125,0
150,103,153,0.07943761858078606,0
150,103,154,0.1322014879131043,0
150,103,155,0.1476751004598127,0
150,103,156,0.1219179604641641,0
150,103,157,0.06341621364486165,0
150,103,158,-0.006620207797241644,0
150,103,159,-0.003550444908288802,0
150,103,160,-0.00176757431570463,0
150,103,161,-0.0007219732643877309,0
150,103,162,0.0528697247789791,0
150,103,163,0.08591757288972007,0
150,103,164,0.09459390559644965,0
150,103,165,0.07699306998865663,0
150,103,166,0.03944723281251609,0
150,103,167,-0.003776644172273365,0
150,103,168,-0.002039169751616273,0
150,103,169,-0.001041074354119143,0
150,103,170,-0.0004332798936727137,0
151,107,0,0.6319381179795979,0
151,107,1,0.3502781251906557,0
151,107,2,0.3822573374452785,0
151,107,3,0.6664500899603842,0
151,107,4,0.3846320844917863,0
151,107,5,-0.1295357334036983,0
151,107,6,0.1503005875348133,0
151,107,7,0.05561012072767256,0
151,107,8,-0.5864166186729115,0
151,107,9,-0.3930485935942991,0
151,107,10,-0.2952242330434834,0
151,107,11,-0.5808409590851011,0
151,107,12,-0.4271669246026213,0
151,107,13,-0.3117012938299655,0
151,107,14,-0.1059760883861739,0
151,107,15,0.0265533755537359,0
151,107,16,-0.002224059586093653,0
151,107,17,0.3514058969032907,0
151,107,18,0.0111651654422716,0
151,107,19,0.002479654910680944,0
151,107,20,-0.02847928416347953,0
151,107,21,0.006178959092719535,0
151,107,22,0.00138559429756574,0
151,107,23,-0.0125254931978375,0
151,107,24,0.002839822276987161,0
151,107,25,0.0002863459477778013,0
151,107,26,-0.007614871201808606,0
151,107,27,-0.001179500340195301,0
151,107,28,-0.005776504084696229,0
151,107,29,0.3325594245424563,0
151,107,30,0.456472210500088,0
151,107,31,0.5651459230090373,0
151,107,32,0.2614955558251724,0
151,107,33,0.03642295229536272,0
151,107,34,-0.2940368951686418,0
151,107,35,-0.07531193504573808,0
151,107,36,-0.5160939486752206,0
151,107,37,-0.9633597123043187,0
151,107,38,-0.3432351824779413,0
151,107,39,-0.6823292829818149,0
151,107,40,-0.8757195440363559,0
151,107,41,-0.2836455548615666,0
151,107,42,-0.2862274397362548,0
151,107,43,-0.09722282623930152,0
151,107,44,-0.013781915687241,0
151,107,45,0.2366074909953161,0
151,107,46,0.5567449581475429,0
151,107,47,0.0007563562690559635,0
151,107,48,-0.02528898845168398,0
151,107,49,-0.02900846860046306,0
151,107,50,0.001776537769023021,0
151,107,51,-0.01043806465473372,0
151,107,52,-0.01809203550538513,0
151,107,53,0.0008651914031615466,0
151,107,54,-0.00643356209098923,0
151,107,55,-0.01211065106172095,0
151,107,56,-0.005298401560078295,0
151,107,57,-0.009191822455323215,0
151,107,58,-0.04259546176673285,0
151,107,59,0.3821869420505096,0
151,107,60,0.523317886977065,0
151,107,61,-0.1299221833976746,0
151,107,62,-0.3136141956246304,0
151,107,63,-0.3781039202501862,0
151,107,64,-0.1707805500023311,0
151,107,65,-0.8340408957503276,0
151,107,66,-1,0
151,107,67,-0.1341471979208926,0
151,107,68,-0.7415877509957481,0
151,107,69,-0.8369734570843596,0
151,107,70,-0.06235677954241051,0
151,107,71,-0.1152761491735747,0
151,107,72,-0.02626934275056154,0
151,107,73,-0.01293472010539668,0
151,107,74,0.4019075894995134,0
151,107,75,0.6015638215267108,0
151,107,76,-0.007422678409816358,0
151,107,77,-0.02872886790771052,0
151,107,78,-0.02884011929468582,0
151,107,79,-0.003906378785882247,0
151,107,80,-0.01731776801215606,0
151,107,81,-0.01781606123942934,0
151,107,82,-0.001761845054745296,0
151,107,83,-0.01101517702908893,0
151,107,84,-0.01219430855976092,0
151,107,85,-0.007514305971123792,0
151,107,86,-0.009281122363002669,0
151,107,87,-0.3560036853189933,0
151,107,88,0.1860730061773912,0
151,107,89,0.3142708851816745,0
151,107,90,-0.3655132192025283,0
151,107,91,-0.4968049690879218,0
151,107,92,-0.2956964488971165,0
151,107,93,-0.06910423334304276,0
151,107,94,-0.7654950296260093,0
151,107,95,-0.6584742635005507,0
151,107,96,0.2287824327179634,0
151,107,97,-0.4485163381080925,0
151,107,98,-0.5027243304540915,0
151,107,99,0.2302941846023014,0
151,107,100,0.1513667811889921,0
151,107,101,0.03352448807393225,0
151,107,102,-0.01455617546620582,0
151,107,103,0.4477520984744492,0
151,107,104,0.4201644474660878,0
151,107,105,-0.01466996183729383,0
151,107,106,-0.03020955849725166,0
151,107,107,-0.0238100326457019,0
151,107,108,-0.009520207366611456,0
151,107,109,-0.01956067781030845,0
151,107,110,-0.01208736547434755,0
151,107,111,-0.004457392027682936,0
151,107,112,-0.01228745628698971,0
151,107,113,-0.007903953694493955,0
151,107,114,-0.007221595731900467,0
151,107,115,-0.005956742461991928,0
151,107,116,-0.5535007983053852,0
151,107,117,-0.07054294469322088,0
151,107,118,-0.3947866965206583,0
151,107,119,-0.4289553125082014,0
151,107,120,0.1987662464452271,0
151,107,121,-0.3120573185859299,0
151,107,122,0.6384880950226506,0
151,107,123,0.0902526974734621,0
151,107,124,0.4980220007011624,0
151,107,125,0.3884805784136603,0
151,107,126,-0.03981390133554327,0
151,107,127,0.3053234382150788,0
151,107,128,-0.0241932576564204,0
151,107,129,-0.03094506328917201,0
151,107,130,-0.01455926736801273,0
151,107,131,-0.01777696629821137,0
151,107,132,-0.006690816676553749,0
151,107,133,-0.01017417687970647,0
151,107,134,-0.004498473285063692,0
151,107,135,-0.05315854274280506,0
151,107,136,-0.05451575119533662,0
151,107,137,-0.00866758373566629,0
151,107,138,0.0394202948194406,0
151,107,139,0.04300548869457543,0
151,107,140,0.00202549237690669,0
151,107,141,0.001232933511580554,0
151,107,142,0.0006397965081453989,0
151,107,143,0.0002633214057904298,0
151,107,144,-0.08084001422838324,0
151,107,145,-0.07409058091248406,0
151,107,146,0.001671459190014336,0
151,107,147,0.07249799651325819,0
151,107,148,0.06980882934545599,0
151,107,149,0.005009026432310523,0
151,107,150,0.002258018459067695,0
151,107,151,0.001070822265116463,0
151,107,152,0.0004299755973157246,0
151,107,153,-0.07684623632427863,0
151,107,154,-0.06156676870262959,0
151,107,155,0.01792749125649051,0
151,107,156,0.08448062110372788,0
151,107,157,0.0741036416388539,0
151,107,158,0.005309518906766026,0
151,107,159,0.002370213332942238,0
151,107,160,0.001102172907109668,0
151,107,161,0.0004375651024216632,0
151,107,162,-0.04689569025125254,0
151,107,163,-0.03093591342355053,0
151,107,164,0.02230078699794088,0
151,107,165,0.06165337682530085,0
151,107,166,0.04979569071859739,0
151,107,167,0.003040427441656007,0
151,107,168,0.001465685757193407,0
151,107,169,0.0006965436329209857,0
151,107,170,0.0002770635027493174,0
152,108,0,-0.3339811725091003,0
152,108,1,-0.1943789281054636,0
152,108,2,-0.2271039307626675,0
152,108,3,-0.6896030071964431,0
152,108,4,-0.4305710341569294,0
152,108,5,-0.2405814413555659,0
152,108,6,-0.9508091676547834,0
152,108,7,-0.6038575805924229,0
152,108,8,-0.1505267805393596,0
152,108,9,-0.9037436832599437,0
152,108,10,-0.5742271557733971,0
152,108,11,0.1237280785427182,0
152,108,12,-0.480897434745883,0
152,108,13,-0.2957494231518933,0
152,108,14,0.4520747376926567,0
152,108,15,0.1356502225918998,0
152,108,16,0.1127462686457478,0
152,108,17,0.6171791926337915,0
152,108,18,0.02019103910224659,0
152,108,19,0.02933501694019803,0
152,108,20,-0.05614588968385995,0
152,108,21,-0.0001622467614149456,0
152,108,22,0.005427847794117411,0
152,108,23,-0.001885391968229319,0
152,108,24,-0.001774480998351526,0
152,108,25,0.001099648305490395,0
152,108,26,0.005180391510812215,0
152,108,27,0.001344959347882098,0
152,108,28,0.005270273794378056,0
152,108,29,0.2389601305994068,0
152,108,30,0.01521885518539816,0
152,108,31,0.04385574037691714,0
152,108,32,0.3667725214168491,0
152,108,33,0.09019191818699146,0
152,108,34,-0.07029693075692245,0
152,108,35,0.3602209398087512,0
152,108,36,0.1505041846312433,0
152,108,37,-0.1060751958104239,0
152,108,38,0.2915664537629373,0
152,108,39,0.3033371916346232,0
152,108,40,0.100935065771468,0
152,108,41,0.1749304460655962,0
152,108,42,0.4625415348515934,0
152,108,43,0.3709005840445669,0
152,108,44,-0.07413897879164581,0
152,108,45,0.4128286416740224,0
152,108,46,0.403350314974214,0
152,108,47,-0.007879553436469577,0
152,108,48,-0.04341295938882276,0
152,108,49,0.004197288007219548,0
152,108,50,-0.002356208461398739,0
152,108,51,-0.0005815536729459784,0
152,108,52,0.007535665780257249,0
152,108,53,-0.001119664037437696,0
152,108,54,0.004422356925786578,0
152,108,55,0.009355397728323171,0
152,108,56,0.004809013855705133,0
152,108,57,0.008428928381527,0
152,108,58,0.5484427050172765,0
152,108,59,0.4080414095476549,0
152,108,60,0.5517750136654059,0
152,108,61,0.8910260885812228,0
152,108,62,0.550805025926561,0
152,108,63,0.247832911597,0
152,108,64,1,0
152,108,65,0.5940787594002578,0
152,108,66,-0.006056290770070614,0
152,108,67,0.8378572869712613,0
152,108,68,0.6356920966907407,0
152,108,69,-0.05158545666113506,0
152,108,70,0.4360100145525049,0
152,108,71,0.5638580054427753,0
152,108,72,-0.00496123364514732,0
152,108,73,-0.08998723190248079,0
152,108,74,0.2339627623668991,0
152,108,75,-0.08878904039994777,0
152,108,76,-0.01823659099560188,0
152,108,77,-0.01520637505678953,0
152,108,78,0.0451742180946557,0
152,108,79,-0.001891735979679647,0
152,108,80,0.003303562009524083,0
152,108,81,0.01699134875410235,0
152,108,82,0.0002130401133634963,0
152,108,83,0.00713240220939732,0
152,108,84,0.01052804195150983,0
152,108,85,0.006480329814967494,0
152,108,86,0.008463724984600093,0
152,108,87,0.2097519175689275,0
152,108,88,0.5352762553722771,0
152,108,89,0.693743277244205,0
152,108,90,0.3580321486292693,0
152,108,91,0.40787575106274,0
152,108,92,0.3309191198365842,0
152,108,93,0.4457335820247281,0
152,108,94,0.2780625363872731,0
152,108,95,0.02206764251422087,0
152,108,96,0.3901832976070612,0
152,108,97,0.2092181196100019,0
152,108,98,-0.1462826584337797,0
152,108,99,0.190217695866444,0
152,108,100,0.1135631612746582,0
152,108,101,-0.2195355514982557,0
152,108,102,-0.01773921605005576,0
152,108,103,-0.08457868797126639,0
152,108,104,-0.2999572184590698,0
152,108,105,-0.0008226560010704537,0
152,108,106,0.02692210030794277,0
152,108,107,0.04325179948078536,0
152,108,108,0.00335425868765099,0
152,108,109,0.01276183501451431,0
152,108,110,0.01421920599542625,0
152,108,111,0.002283223782155226,0
152,108,112,0.008636561581441583,0
152,108,113,0.007120340620463736,0
152,108,114,0.005975716013582059,0
152,108,115,0.005305265681911086,0
152,108,116,-0.6502627149790136,0
152,108,117,0.04094564796030445,0
152,108,118,-0.8994921613629464,0
152,108,119,-0.3944694488489173,0
152,108,120,-0.8193470136434373,0
152,108,121,-0.5650983064842299,0
152,108,122,-0.5786881730521524,0
152,108,123,-0.5199540810687575,0
152,108,124,-0.2877077510357638,0
152,108,125,-0.369079713653039,0
152,108,126,0.06708788946645095,0
152,108,127,-0.1831232183209007,0
152,108,128,0.02059520190156131,0
152,108,129,0.04428062954680849,0
152,108,130,0.009119444872607747,0
152,108,131,0.01512591073157242,0
152,108,132,0.004075789853637941,0
152,108,133,0.00713531483730311,0
152,108,134,0.003381167327445413,0
152,108,135,0.029942076414072,0
152,108,136,0.06118856164105549,0
152,108,137,0.08363518945877874,0
152,108,138,0.07893172320194192,0
152,108,139,0.04146696093763753,0
152,108,140,-0.0133535526041056,0
152,108,141,-0.003773831034434546,0
152,108,142,-0.001298162913414388,0
152,108,143,-0.0004431420475884474,0
152,108,144,0.008923592584303506,0
152,108,145,0.02824180502830138,0
152,108,146,0.05045238651893676,0
152,108,147,0.05090222529748595,0
152,108,148,0.02283417723428857,0
152,108,149,-0.008781118481289062,0
152,108,150,-0.003739898768481686,0
152,108,151,-0.001602065100177928,0
152,108,152,-0.0006085319386300229,0
152,108,153,-0.03991645726544588,0
152,108,154,-0.05085072159556493,0
152,108,155,-0.03823368935959363,0
152,108,156,-0.02340922025071919,0
152,108,157,-0.01587111501536058,0
152,108,158,-0.001100893902861276,0
152,108,159,-0.001681685921394702,0
152,108,160,-0.001081147476374424,0
152,108,161,-0.0004820242588189038,0
152,108,162,-0.05912058676568025,0
152,108,163,-0.08215571806521572,0
152,108,164,-0.07631072920031201,0
152,108,165,-0.05564577497427042,0
152,108,166,-0.02971717993531231,0
152,108,167,0.002260540985001228,0
152,108,168,-0.0002335600252329361,0
152,108,169,-0.0004446241087660066,0
152,108,170,-0.0002391852644629261,0
153,110,0,-0.1296416150828001,0
153,110,1,-0.2939746769278689,0
153,110,2,-0.6585545123410029,0
153,110,3,-0.09603634905914907,0
153,110,4,-0.2644867233699109,0
153,110,5,-0.4967260308634818,0
153,110,6,0.0871450060581066,0
153,110,7,-0.1263491502632355,0
153,110,8,-0.3248970156817154,0
153,110,9,0.1485299008265074,0
153,110,10,-0.05684303301995961,0
153,110,11,-0.3639742702189168,0
153,110,12,0.02327931826743448,0
153,110,13,-0.1030237866050162,0
153,110,14,-0.4376722232256691,0
153,110,15,-0.03920338437426855,0
153,110,16,-0.1057156364234339,0
153,110,17,-0.2813927990335243,0
153,110,18,0.02501854551426892,0
153,110,19,-0.024769130341485,0
153,110,20,-0.06629209867737479,0
153,110,21,0.03303362788709282,0
153,110,22,0.00354160118589183,0
153,110,23,-0.04823328095621548,0
153,110,24,0.01953113493268219,0
153,110,25,0.004496011680987267,0
153,110,26,-0.03726623332881003,0
153,110,27,-0.005042136250064136,0
153,110,28,-0.03140052763732253,0
153,110,29,-0.01121244041625779,0
153,110,30,-0.6373828755432145,0
153,110,31,-1,0
153,110,32,0.08215167672112628,0
153,110,33,-0.4511490241179332,0
153,110,34,-0.7383087827161899,0
153,110,35,0.2047612711996186,0
153,110,36,-0.2321293403996008,0
153,110,37,-0.5209017872032212,0
153,110,38,0.1857667800734049,0
153,110,39,-0.2550492113634505,0
153,110,40,-0.6457280541548205,0
153,110,41,0.04133237525537538,0
153,110,42,-0.3806948121346478,0
153,110,43,-0.7736395283898424,0
153,110,44,-0.05830725651273608,0
153,110,45,-0.3048931142820877,0
153,110,46,-0.5152710747448938,0
153,110,47,0.01028641304671888,0
153,110,48,-0.07171771036813394,0
153,110,49,-0.08461702469332674,0
153,110,50,0.02078814429190374,0
153,110,51,-0.03463829810208741,0
153,110,52,-0.07269283284536839,0
153,110,53,0.01215573886334076,0
153,110,54,-0.02522188296869755,0
153,110,55,-0.05966715805092542,0
153,110,56,-0.02653611508673601,0
153,110,57,-0.05000584319763395,0
153,110,58,0.06300464559723001,0
153,110,59,-0.7210000826831949,0
153,110,60,-0.937334374582232,0
153,110,61,0.122789777293713,0
153,110,62,-0.4882136471772838,0
153,110,63,-0.6845904113342529,0
153,110,64,0.13074199994585,0
153,110,65,-0.3220681883111082,0
153,110,66,-0.5205736172672614,0
153,110,67,0.08004634360500772,0
153,110,68,-0.4463548854403304,0
153,110,69,-0.7007886746214831,0
153,110,70,0.02631976467416118,0
153,110,71,-0.5718868708222568,0
153,110,72,-0.8276002300503136,0
153,110,73,0.006477911367180354,0
153,110,74,-0.3874733653411385,0
153,110,75,-0.5332818179341385,0
153,110,76,0.007015755105906967,0
153,110,77,-0.06246804163738843,0
153,110,78,-0.08211373419182021,0
153,110,79,0.005899708722134382,0
153,110,80,-0.05158048565619465,0
153,110,81,-0.07111918915840487,0
153,110,82,0.00303779294999295,0
153,110,83,-0.04259792094559749,0
153,110,84,-0.05982406009775304,0
153,110,85,-0.03703969409676453,0
153,110,86,-0.0505519609811469,0
153,110,87,0.06027221719461295,0
153,110,88,-0.5484698778151725,0
153,110,89,-0.5429733682988449,0
153,110,90,0.02293467042293942,0
153,110,91,-0.3919247001932337,0
153,110,92,-0.3939347864200927,0
153,110,93,-0.08514817041529164,0
153,110,94,-0.3532112844277273,0
153,110,95,-0.3248644960261105,0
153,110,96,-0.1017606612522788,0
153,110,97,-0.5131992850250253,0
153,110,98,-0.4687338146334551,0
153,110,99,0.001093752275878179,0
153,110,100,-0.5546376651278643,0
153,110,101,-0.5380652429645217,0
153,110,102,0.0722130244560376,0
153,110,103,-0.3040061078093607,0
153,110,104,-0.3218170263186145,0
153,110,105,0.005300094264625032,0
153,110,106,-0.03366237527257676,0
153,110,107,-0.05550376524209263,0
153,110,108,-0.00970922386098624,0
153,110,109,-0.04848739154592637,0
153,110,110,-0.04493786519494132,0
153,110,111,-0.007021985637197908,0
153,110,112,-0.04360556413397475,0
153,110,113,-0.03788381596434846,0
153,110,114,-0.03384868123468295,0
153,110,115,-0.03217459956533023,0
153,110,116,-0.0009652281767665496,0
153,110,117,-0.209919416687822,0
153,110,118,-0.1446738735305318,0
153,110,119,-0.2043348974241675,0
153,110,120,-0.3146535819953686,0
153,110,121,-0.2841214909000731,0
153,110,122,-0.2449588713112406,0
153,110,123,-0.3708970436325008,0
153,110,124,-0.006043482569701672,0
153,110,125,-0.2932228068205929,0
153,110,126,0.0867448395870213,0
153,110,127,-0.1013414533812956,0
153,110,128,-0.004388739639800565,0
153,110,129,-0.001382284562256719,0
153,110,130,-0.02404566168003057,0
153,110,131,-0.03001124469591312,0
153,110,132,-0.01549911645454903,0
153,110,133,-0.02889991860134521,0
153,110,134,-0.01769702123324557,0
153,110,135,0.01466476648817178,0
153,110,136,0.0164240138358925,0
153,110,137,0.004940884048338505,0
153,110,138,0.002894352367224765,0
153,110,139,0.01567442805732832,0
153,110,140,0.02090482438771277,0
153,110,141,0.01040272531366285,0
153,110,142,0.005051533412798741,0
153,110,143,0.002039445754590153,0
153,110,144,0.01782586351885689,0
153,110,145,0.01391892754290735,0
153,110,146,-0.00536595657240447,0
153,110,147,-0.00312092129466546,0
153,110,148,0.02365271186120041,0
153,110,149,0.03647664452350452,0
153,110,150,0.01722973964188552,0
153,110,151,0.008200816813124467,0
153,110,152,0.003291163394595007,0
153,110,153,0.01224262659251928,0
153,110,154,0.00311723279837601,0
153,110,155,-0.01628568812469414,0
153,110,156,-0.008589986950022355,0
153,110,157,0.02340402638295464,0
153,110,158,0.03716589985996013,0
153,110,159,0.01743128046639649,0
153,110,160,0.008268236807887654,0
153,110,161,0.003311052037160141,0
153,110,162,0.004296104665369262,0
153,110,163,-0.00411793634888801,0
153,110,164,-0.01577788252916848,0
153,110,165,-0.00737234437186346,0
153,110,166,0.01506659180501305,0
153,110,167,0.02259592431663396,0
153,110,168,0.01079826869631866,0
153,110,169,0.005158154456173964,0
153,110,170,0.002070618180976836,0
154,109,0,0.5347157921654321,0
154,109,1,0.3028168041774431,0
154,109,2,0.340898061016517,0
154,109,3,0.03447458497491072,0
154,109,4,-0.01704984465609465,0
154,109,5,-0.5552187749063958,0
154,109,6,-0.3952357652255623,0
154,109,7,-0.3019429676042723,0
154,109,8,-0.4876911833155071,0
154,109,9,0.06349045757464461,0
154,109,10,-0.005094743976007761,0
154,109,11,0.2867930886017442,0
154,109,12,0.4233218496350091,0
154,109,13,0.2401235400823708,0
154,109,14,0.2110361906280678,0
154,109,15,-0.05166194555863703,0
154,109,16,-0.05877156852133104,0
154,109,17,-0.4940075568585985,0
154,109,18,-0.001014408273688074,0
154,109,19,-0.01801971448180969,0
154,109,20,-0.006437709796776148,0
154,109,21,0.008668116878925916,0
154,109,22,-0.001667683380426276,0
154,109,23,-0.01362413255668735,0
154,109,24,0.00598557532892055,0
154,109,25,0.0006281046453674554,0
154,109,26,-0.01232144919964587,0
154,109,27,-0.001966025316096699,0
154,109,28,-0.01078095635647565,0
154,109,29,0.2229593876629094,0
154,109,30,0.3649273059840639,0
154,109,31,0.4538386823179758,0
154,109,32,-0.1477712331601074,0
154,109,33,-0.5386457606283093,0
154,109,34,-0.9538094710944576,0
154,109,35,-0.2702594197193043,0
154,109,36,-0.5680399104859978,0
154,109,37,-0.6579828294561414,0
154,109,38,0.1030997232461276,0
154,109,39,0.2499834480724499,0
154,109,40,0.5466703750595644,0
154,109,41,0.2631040287820463,0
154,109,42,0.3038228815505108,0
154,109,43,0.2863849730206663,0
154,109,44,-0.01137121856345343,0
154,109,45,-0.3904398422325261,0
154,109,46,-0.7800076430442395,0
154,109,47,0.001712152006010847,0
154,109,48,-0.01464961744063083,0
154,109,49,-0.02327527163359328,0
154,109,50,0.006076866770408646,0
154,109,51,-0.0109484774150191,0
154,109,52,-0.02248708467687357,0
154,109,53,0.003851768929868846,0
154,109,54,-0.008769640896570402,0
154,109,55,-0.01994372251022298,0
154,109,56,-0.009251416387673739,0
154,109,57,-0.017210911818749,0
154,109,58,-0.08040744587599856,0
154,109,59,0.2773351235602174,0
154,109,60,0.3791580154396491,0
154,109,61,-0.1287323679841711,0
154,109,62,-0.7995328978055908,0
154,109,63,-1,0
154,109,64,0.002159256739799052,0
154,109,65,-0.4899042300912718,0
154,109,66,-0.5360528885993837,0
154,109,67,0.09843635484895219,0
154,109,68,0.467838512188812,0
154,109,69,0.6367117989457206,0
154,109,70,0.04929908870271004,0
154,109,71,0.2407218307980585,0
154,109,72,0.240835327025808,0
154,109,73,0.009995684173428785,0
154,109,74,-0.575723443263237,0
154,109,75,-0.8159707588685435,0
154,109,76,0.00461430715922868,0
154,109,77,-0.01503622766706704,0
154,109,78,-0.02479855978680524,0
154,109,79,0.002500767130163424,0
154,109,80,-0.01542577379389245,0
154,109,81,-0.02274633702840829,0
154,109,82,0.001169999913105085,0
154,109,83,-0.01411119904768558,0
154,109,84,-0.02007485740115252,0
154,109,85,-0.01273740068066167,0
154,109,86,-0.01740281778969867,0
154,109,87,-0.2811864057598972,0
154,109,88,0.1210265954109173,0
154,109,89,0.2096598640735282,0
154,109,90,0.04185647184459099,0
154,109,91,-0.6962397820038276,0
154,109,92,-0.6502785162977835,0
154,109,93,0.2847330977281737,0
154,109,94,-0.1860013527455159,0
154,109,95,-0.2481791145059314,0
154,109,96,-0.004979552274327915,0
154,109,97,0.4955020060692825,0
154,109,98,0.4586479862824474,0
154,109,99,-0.2207165639583001,0
154,109,100,0.05096834053535891,0
154,109,101,0.1098742026703755,0
154,109,102,0.02936301076914171,0
154,109,103,-0.576092302129466,0
154,109,104,-0.554848889833271,0
154,109,105,0.005534032566345519,0
154,109,106,-0.005369760369163655,0
154,109,107,-0.01271102916901178,0
154,109,108,-0.001782640016602612,0
154,109,109,-0.01382332677645559,0
154,109,110,-0.01387378038435791,0
154,109,111,-0.001913914950747774,0
154,109,112,-0.01404272637244678,0
154,109,113,-0.01263363222923836,0
154,109,114,-0.01150345089653369,0
154,109,115,-0.01105090363504824,0
154,109,116,-0.3845771780272915,0
154,109,117,-0.05179366259400198,0
154,109,118,0.2304003094724219,0
154,109,119,-0.2942674410946956,0
154,109,120,0.384594526173502,0
154,109,121,0.1111524317325773,0
154,109,122,-0.2689998560399031,0
154,109,123,0.2061366683900916,0
154,109,124,-0.5030091042553553,0
154,109,125,-0.219286153783721,0
154,109,126,0.04968036327079471,0
154,109,127,-0.3594260389216939,0
154,109,128,0.005478231531136803,0
154,109,129,0.01055745986184638,0
154,109,130,-0.005737895276732769,0
154,109,131,-0.006686336706201627,0
154,109,132,-0.00454430184162155,0
154,109,133,-0.008743256628340842,0
154,109,134,-0.005838924138416403,0
154,109,135,-0.04538201321787079,0
154,109,136,-0.002613967179346458,0
154,109,137,0.0348289392268596,0
154,109,138,-0.002976957777520775,0
154,109,139,-0.03304690025074542,0
154,109,140,0.009085704304376987,0
154,109,141,0.004108276057595926,0
154,109,142,0.001921478330129743,0
154,109,143,0.0007657446755870127,0
154,109,144,-0.06363139577415018,0
154,109,145,0.01161548584057897,0
154,109,146,0.05856509628728803,0
154,109,147,-0.01065706677886562,0
154,109,148,-0.05239465007161692,0
154,109,149,0.01344947849424477,0
154,109,150,0.006425561190911564,0
154,109,151,0.003054949742720014,0
154,109,152,0.001224159069998323,0
154,109,153,-0.05614839744810291,0
154,109,154,0.02383980895854729,0
154,109,155,0.05848663249611621,0
154,109,156,-0.01951936393863974,0
154,109,157,-0.05598352943102592,0
154,109,158,0.01303030954157878,0
154,109,159,0.00629751720338212,0
154,109,160,0.00302682706929977,0
154,109,161,0.001218657217118173,0
154,109,162,-0.03232256024567633,0
154,109,163,0.02080973066321447,0
154,109,164,0.03352910297587185,0
154,109,165,-0.02123022205795779,0
154,109,166,-0.03927160716627444,0
154,109,167,0.008017047632659077,0
154,109,168,0.003874982845461214,0
154,109,169,0.001871756562895112,0
154,109,170,0.0007567373207736629,0
155,112,0,0.6322929349242392,0
155,112,1,0.4091290684697013,0
155,112,2,0.5384643621796329,0
155,112,3,1,0
155,112,4,0.651340743264925,0
155,112,5,0.2863061711550625,0
155,112,6,0.5112544242349304,0
155,112,7,0.3306861010888063,0
155,112,8,-0.4740256494746399,0
155,112,9,-0.2877067559374084,0
155,112,10,-0.1963843108985902,0
155,112,11,-0.7384573077443727,0
155,112,12,-0.3294177719543698,0
155,112,13,-0.2257215815715864,0
155,112,14,-0.05842253198630484,0
155,112,15,0.03856412362991957,0
155,112,16,0.02256577797014604,0
155,112,17,0.3227436382315427,0
155,112,18,0.007699532203549102,0
155,112,19,0.006130201688944456,0
155,112,20,-0.02439380670987804,0
155,112,21,0.00183675887643368,0
155,112,22,0.0006505963833943659,0
155,112,23,-0.006906661877584321,0
155,112,24,0.0006568778670897449,0
155,112,25,-0.0002035488641968541,0
155,112,26,-0.002914360866495679,0
155,112,27,-0.0005330740404160494,0
155,112,28,-0.002059395915931175,0
155,112,29,-0.5948618030637325,0
155,112,30,-0.01374458445281353,0
155,112,31,-0.03363064146887964,0
155,112,32,-0.7638579663619498,0
155,112,33,-0.3129774573440349,0
155,112,34,0.09685659720716001,0
155,112,35,-0.7014213066658432,0
155,112,36,-0.8274581375534102,0
155,112,37,-0.4355411066842521,0
155,112,38,-0.4266041838759564,0
155,112,39,-0.8341042654472633,0
155,112,40,-0.4917125149351621,0
155,112,41,-0.03285286254217545,0
155,112,42,-0.06826764261397532,0
155,112,43,0.2928376833817249,0
155,112,44,0.0008390817449058653,0
155,112,45,0.2371601435136326,0
155,112,46,0.3503765474195255,0
155,112,47,-0.00259431249757266,0
155,112,48,-0.02232774406349781,0
155,112,49,-0.03744869023820013,0
155,112,50,-0.0007016919806012522,0
155,112,51,-0.006995680579922558,0
155,112,52,-0.01014277327231894,0
155,112,53,4.964567785218471e-06,0
155,112,54,-0.002903521023177053,0
155,112,55,-0.004578395839855605,0
155,112,56,-0.002021733055010523,0
155,112,57,-0.003403269727521782,0
155,112,58,-0.6859520803294675,0
155,112,59,-0.4878764595251348,0
155,112,60,-0.6616833194871041,0
155,112,61,-0.5858403924412118,0
155,112,62,-0.3219564680239798,0
155,112,63,0.1811715627161926,0
155,112,64,0.0536327376648245,0
155,112,65,-0.2879396719897,0
155,112,66,0.1406254087241136,0
155,112,67,0.6775836888073355,0
155,112,68,0.08708540310673224,0
155,112,69,0.07285881573420737,0
155,112,70,0.6164284623818109,0
155,112,71,0.6257322283817387,0
155,112,72,0.2345380239051278,0
155,112,73,-0.1058165208541616,0
155,112,74,0.182893459633411,0
155,112,75,-0.3129118842680728,0
155,112,76,-0.01988075944700365,0
155,112,77,-0.04839298856405531,0
155,112,78,0.01395786928702327,0
155,112,79,-0.003627417518832747,0
155,112,80,-0.01196748416749117,0
155,112,81,-0.00210263532590807,0
155,112,82,-0.0006831410752690462,0
155,112,83,-0.004506240205906631,0
155,112,84,-0.003785001185817892,0
155,112,85,-0.002848500528775376,0
155,112,86,-0.00356278839254702,0
155,112,87,0.1684277966101599,0
155,112,88,-0.3681105472268584,0
155,112,89,-0.4824919366759555,0
155,112,90,0.392006392149471,0
155,112,91,0.4100295802737022,0
155,112,92,0.4194149535649567,0
155,112,93,0.7428922585805615,0
155,112,94,0.6096074120807805,0
155,112,95,0.4832750653781887,0
155,112,96,0.8822201340279667,0
155,112,97,0.6482654353529363,0
155,112,98,0.2147689893560925,0
155,112,99,0.4418466913363828,0
155,112,100,0.4728981913061768,0
155,112,101,-0.1506577050683838,0
155,112,102,-0.05939563370687124,0
155,112,103,-0.2727393351430081,0
155,112,104,-0.7659545270668876,0
155,112,105,-0.01143891643348046,0
155,112,106,-0.0006269830594534562,0
155,112,107,0.0502084767941235,0
155,112,108,-0.002806941836822271,0
155,112,109,-0.003935423997521116,0
155,112,110,0.005487430728973194,0
155,112,111,-0.001023463235372822,0
155,112,112,-0.003516558434497968,0
155,112,113,-0.00174170483413526,0
155,112,114,-0.002614971480308271,0
155,112,115,-0.002335950716771551,0
155,112,116,0.5031551593971499,0
155,112,117,-0.01187876853772394,0
155,112,118,-0.01008070413694613,0
155,112,119,0.3177893471233521,0
155,112,120,-0.576760686154109,0
155,112,121,-0.01991087144300624,0
155,112,122,-0.840902877597849,0
155,112,123,-0.39597220547237,0
155,112,124,-0.7112691808127688,0
155,112,125,-0.5746168352765979,0
155,112,126,0.1089899405789404,0
155,112,127,-0.4850159765965914,0
155,112,128,0.01690893023739833,0
155,112,129,0.05668517508729264,0
155,112,130,0.0003006208874666579,0
155,112,131,0.006673248748428741,0
155,112,132,-0.001156022755021993,0
155,112,133,-0.001238612429834389,0
155,112,134,-0.001338057244472845,0
155,112,135,-0.05544827179123715,0
155,112,136,-0.08650726594180452,0
155,112,137,-0.04382145231783181,0
155,112,138,0.02572559997890874,0
155,112,139,0.03028284749115142,0
155,112,140,-0.002358076158331964,0
155,112,141,-0.0003904232032171835,0
155,112,142,6.717340352064767e-05,0
155,112,143,8.02159740660036e-05,0
155,112,144,-0.003558980756397185,0
155,112,145,-0.01814394130374876,0
155,112,146,0.01936382808760017,0
155,112,147,0.06312628398832823,0
155,112,148,0.0318390024420154,0
155,112,149,-0.002490536099676575,0
155,112,150,0.000265267971870543,0
155,112,151,0.0004043987355217412,0
155,112,152,0.0002033578269587966,0
155,112,153,0.05752675612655538,0
155,112,154,0.03390603967987818,0
155,112,155,0.0151921821141511,0
155,112,156,0.003376743857677108,0
155,112,157,-0.02349230033338382,0
155,112,158,0.005628312641419017,0
155,112,159,0.002164342274634791,0
155,112,160,0.0008698722869162843,0
155,112,161,0.0003139701069178834,0
155,112,162,0.04392205960946628,0
155,112,163,-0.0007799950249634261,0
155,112,164,-0.05049019237435274,0
155,112,165,-0.07411103646422545,0
155,112,166,-0.06184545056569559,0
155,112,167,0.009721200992668905,0
155,112,168,0.002562015135038742,0
155,112,169,0.0008112367732063992,0
155,112,170,0.0002606790868200462,0
156,114,0,-0.5525861840062073,0
156,114,1,-0.3959443415526823,0
156,114,2,-0.5691717508649088,0
156,114,3,0.2152481819892303,0
156,114,4,0.1022957859620535,0
156,114,5,0.5822792183813731,0
156,114,6,-0.1280972631883449,0
156,114,7,-0.1095102383266182,0
156,114,8,-0.3696059616146978,0
156,114,9,-0.3698853716805207,0
156,114,10,-0.2693671759030635,0
156,114,11,-0.2751682659858174,0
156,114,12,0.4640029475601402,0
156,114,13,0.2729896811927936,0
156,114,14,0.6534741107698206,0
156,114,15,-0.03722573722935101,0
156,114,16,-0.04141556502702879,0
156,114,17,-0.4951289852887482,0
156,114,18,0.0004472141536431711,0
156,114,19,-0.01260195911517213,0
156,114,20,-0.004973768243779954,0
156,114,21,0.007270386376825892,0
156,114,22,-0.0004825854251685987,0
156,114,23,-0.009928280502110101,0
156,114,24,0.004806429007634363,0
156,114,25,0.0009095569097336158,0
156,114,26,-0.009013076280713891,0
156,114,27,-0.001284829098989335,0
156,114,28,-0.007855343299233672,0
156,114,29,-0.001864817579122433,0
156,114,30,-0.4409110466051643,0
156,114,31,-0.6103463190138163,0
156,114,32,0.517054737224078,0
156,114,33,0.750975036981295,0
156,114,34,0.9843121291959563,0
156,114,35,0.1004956405563192,0
156,114,36,-0.2237306109711871,0
156,114,37,-0.78253226109671,0
156,114,38,-0.03251319842586876,0
156,114,39,-0.2416347710953025,0
156,114,40,-0.4325511270175789,0
156,114,41,0.3637938396701798,0
156,114,42,0.703165236120858,0
156,114,43,0.9472028043419214,0
156,114,44,-0.0154750709033977,0
156,114,45,-0.3898438826613922,0
156,114,46,-0.8649510552479885,0
156,114,47,0.002424210460377095,0
156,114,48,-0.01009161136393049,0
156,114,49,-0.009674440674445946,0
156,114,50,0.005380670156361756,0
156,114,51,-0.007120237682300858,0
156,114,52,-0.01584033070469211,0
156,114,53,0.003177999985074807,0
156,114,54,-0.005999866665912388,0
156,114,55,-0.01458735898051261,0
156,114,56,-0.006608636895848323,0
156,114,57,-0.01251904186415283,0
156,114,58,0.1894021031805826,0
156,114,59,-0.3300141206996958,0
156,114,60,-0.4379896454713035,0
156,114,61,0.09758008287420096,0
156,114,62,0.7925096811453746,0
156,114,63,0.9021632134540344,0
156,114,64,-0.1418857686743072,0
156,114,65,-0.679446356730515,0
156,114,66,-1,0
156,114,67,-0.07518969228485269,0
156,114,68,-0.3725726189223665,0
156,114,69,-0.3686214338425572,0
156,114,70,-0.03320067398987242,0
156,114,71,0.6789803159612557,0
156,114,72,0.986701508144098,0
156,114,73,0.03353057688486383,0
156,114,74,-0.6214395013864088,0
156,114,75,-0.8025926977503107,0
156,114,76,0.008070821483789046,0
156,114,77,-0.000939396054086986,0
156,114,78,-0.02445611291461562,0
156,114,79,0.002803678427798293,0
156,114,80,-0.009757533328405215,0
156,114,81,-0.01791204715482592,0
156,114,82,0.001078782711350055,0
156,114,83,-0.01001743927554758,0
156,114,84,-0.01490284914747964,0
156,114,85,-0.009178131556543673,0
156,114,86,-0.01264458773709978,0
156,114,87,0.1251275930017096,0
156,114,88,-0.2302415069857995,0
156,114,89,-0.2844713879167641,0
156,114,90,-0.4525867312418429,0
156,114,91,0.3874044449590877,0
156,114,92,0.4438725997801453,0
156,114,93,-0.2067176587360402,0
156,114,94,-0.8722191352974104,0
156,114,95,-0.7497340230395771,0
156,114,96,0.03074971596055712,0
156,114,97,-0.2391824879470585,0
156,114,98,-0.1096755241295611,0
156,114,99,-0.3426612736132053,0
156,114,100,0.5233084839149732,0
156,114,101,0.7115148887439375,0
156,114,102,0.03593058070741659,0
156,114,103,-0.5659521102094249,0
156,114,104,-0.4380631948323402,0
156,114,105,0.006109074753106829,0
156,114,106,-0.006111431082455783,0
156,114,107,-0.02371176975764806,0
156,114,108,-0.001180840445631032,0
156,114,109,-0.01076488697054678,0
156,114,110,-0.01270523717739928,0
156,114,111,-0.001412082369384556,0
156,114,112,-0.01040970738914088,0
156,114,113,-0.009563876690220335,0
156,114,114,-0.008349582906007935,0
156,114,115,-0.008024461109176243,0
156,114,116,0.2333479852549029,0
156,114,117,-0.02914203901583986,0
156,114,118,-0.3773584972277407,0
156,114,119,0.1161080097560286,0
156,114,120,0.3996406438651486,0
156,114,121,-0.2712123917905201,0
156,114,122,0.4440782933208948,0
156,114,123,0.2397009473071347,0
156,114,124,-0.4464440485515747,0
156,114,125,0.2616958483877234,0
156,114,126,0.008492002250389302,0
156,114,127,-0.3107334803261652,0
156,114,128,-0.001690035385075771,0
156,114,129,-0.008052247524584203,0
156,114,130,-0.005365041076831172,0
156,114,131,-0.007935126672708178,0
156,114,132,-0.003550668587105395,0
156,114,133,-0.006929415192182918,0
156,114,134,-0.004309903562776165,0
156,114,135,0.04820884580861925,0
156,114,136,-0.01608450589211213,0
156,114,137,0.0113897969339091,0
156,114,138,0.0323117225550224,0
156,114,139,-0.03713816640618048,0
156,114,140,0.006698645975022737,0
156,114,141,0.003090352435771743,0
156,114,142,0.001421821750910961,0
156,114,143,0.0005586719499786696,0
156,114,144,0.04781930443181564,0
156,114,145,-0.05998035742133093,0
156,114,146,0.003607570294535112,0
156,114,147,0.03505354089893582,0
156,114,148,-0.06577372026658691,0
156,114,149,0.01098686092669469,0
156,114,150,0.00480752786243154,0
156,114,151,0.002218079043080643,0
156,114,152,0.000879881811455001,0
156,114,153,0.03075000351475479,0
156,114,154,-0.06853273303542365,0
156,114,155,0.01686681880921854,0
156,114,156,0.04175491080117932,0
156,114,157,-0.06209884118898125,0
156,114,158,0.008821802009300671,0
156,114,159,0.004328519392620007,0
156,114,160,0.002107115879120693,0
156,114,161,0.0008548869017254291,0
156,114,162,0.01985837207506919,0
156,114,163,-0.03047511438470863,0
156,114,164,0.03564836490380013,0
156,114,165,0.03867903918374598,0
156,114,166,-0.03496877369882294,0
156,114,167,0.003891107911546133,0
156,114,168,0.002380250883943156,0
156,114,169,0.001245454003214891,0
156,114,170,0.0005177929400315206,0
157,113,0,0.1895174211332175,0
157,113,1,0.1285445758922024,0
157,113,2,0.1781333556511518,0
157,113,3,-0.05012952436830537,0
157,113,4,-0.03178997205136178,0
157,113,5,-0.2088187269594549,0
157,113,6,-0.5201053787878507,0
157,113,7,-0.3460467047039511,0
157,113,8,-0.4181397950470264,0
157,113,9,-0.9032405072825532,0
157,113,10,-0.5995047798026292,0
157,113,11,-0.3334077413433261,0
157,113,12,-0.7287233338709619,0
157,113,13,-0.4813418484326131,0
157,113,14,0.1744546822594163,0
157,113,15,0.1132987369618665,0
157,113,16,0.078795586193487,0
157,113,17,0.7709103974978447,0
157,113,18,0.01230948639563981,0
157,113,19,0.01285547257900697,0
157,113,20,-0.07650676190204332,0
157,113,21,0.0001588209279917347,0
157,113,22,0.0002707600493173094,0
157,113,23,-0.01050641816604674,0
157,113,24,-0.000396021001691462,0
157,113,25,-0.000660403006262313,0
157,113,26,-0.001658463516624372,0
157,113,27,-0.0003952455436368141,0
157,113,28,-0.0007356088739358181,0
157,113,29,0.2752751413571279,0
157,113,30,0.3247410767651485,0
157,113,31,0.448342673182211,0
157,113,32,0.5741258504788948,0
157,113,33,0.2378189042190915,0
157,113,34,0.0799939973750361,0
157,113,35,0.9283723930516234,0
157,113,36,0.31706526500719,0
157,113,37,-0.08717967237869956,0
157,113,38,0.997458750349082,0
157,113,39,0.4218086850172326,0
157,113,40,-0.2684024221830443,0
157,113,41,0.5985204902398927,0
157,113,42,0.5250894841797066,0
157,113,43,-0.1961078437976537,0
157,113,44,-0.1774570395097646,0
157,113,45,0.4412530795610145,0
157,113,46,0.04228434517416186,0
157,113,47,-0.02247654339672576,0
157,113,48,-0.07818619676328967,0
157,113,49,0.0340940735428513,0
157,113,50,-0.003554368888201474,0
157,113,51,-0.01167775297625178,0
157,113,52,0.0004960877010385206,0
157,113,53,-0.0008477566836758232,0
157,113,54,-0.002417615962851632,0
157,113,55,-0.001220857916998156,0
157,113,56,-0.0009557907327727229,0
157,113,57,-0.001114024834776043,0
157,113,58,-0.4611395379074128,0
157,113,59,0.0255055655554924,0
157,113,60,0.0317295766225333,0
157,113,61,-0.397864436559957,0
157,113,62,-0.2036719741800528,0
157,113,63,0.1395517407135472,0
157,113,64,0.08844429607565955,0
157,113,65,-0.001088305960424069,0
157,113,66,0.3599093628298093,0
157,113,67,0.4745461681714975,0
157,113,68,0.1216957095592056,0
157,113,69,0.09020314090797338,0
157,113,70,0.3820656837258993,0
157,113,71,0.1119594850531258,0
157,113,72,-0.271156763104181,0
157,113,73,-0.01487194452944576,0
157,113,74,0.02211386297062308,0
157,113,75,-0.3129361159373483,0
157,113,76,-0.01172532656346925,0
157,113,77,0.01250949135848866,0
157,113,78,0.02563177708928204,0
157,113,79,-0.003165269005510439,0
157,113,80,-0.003258096311848987,0
157,113,81,0.004160159945438448,0
157,113,82,-0.0009141838402052294,0
157,113,83,-0.002079414481918105,0
157,113,84,-0.0007107686451025027,0
157,113,85,-0.001161040064945558,0
157,113,86,-0.001149183132612081,0
157,113,87,-0.803820020662304,0
157,113,88,-0.5266611429939304,0
157,113,89,-0.7327027797363446,0
157,113,90,-1,0
157,113,91,-0.5740789468238212,0
157,113,92,-0.0632926523153329,0
157,113,93,-0.8453556729369779,0
157,113,94,-0.3010020525748521,0
157,113,95,0.4937753932621564,0
157,113,96,-0.5034998366963301,0
157,113,97,-0.2687564356857843,0
157,113,98,0.4042544586041334,0
157,113,99,-0.1662983979236167,0
157,113,100,-0.3077721368348805,0
157,113,101,0.0466785852029893,0
157,113,102,0.06477950258082282,0
157,113,103,-0.1818372604948943,0
157,113,104,-0.08600003823522816,0
157,113,105,0.006746107450641644,0
157,113,106,0.02554486400855961,0
157,113,107,-0.01605883549055348,0
157,113,108,-0.0007039608924384993,0
157,113,109,0.002647215646650612,0
157,113,110,-0.001247650308580563,0
157,113,111,-0.0006515814063418656,0
157,113,112,-0.001104168274425455,0
157,113,113,-0.0007530562606594733,0
157,113,114,-0.0009989684492396069,0
157,113,115,-0.0008481545344113129,0
157,113,116,0.8291052055139387,0
157,113,117,0.006785568693686544,0
157,113,118,0.9123371654403365,0
157,113,119,0.5595148356117049,0
157,113,120,0.3731443769141899,0
157,113,121,0.6134221408619168,0
157,113,122,-0.06360858348363611,0
157,113,123,0.2545231685832602,0
157,113,124,-0.1062382947733555,0
157,113,125,-0.03812977435864581,0
157,113,126,-0.01031045990427622,0
157,113,127,-0.07036215212419858,0
157,113,128,0.0007747105859253709,0
157,113,129,-0.009045154495684894,0
157,113,130,-0.0008036558952894202,0
157,113,131,-0.0006690685449610949,0
157,113,132,-0.0007970706540004064,0
157,113,133,-0.0009084383710654157,0
157,113,134,-0.0006127580881175617,0
157,113,135,-0.01591809947957028,0
157,113,136,0.005086896623221943,0
157,113,137,0.04608657784396209,0
157,113,138,0.07890859250465856,0
157,113,139,0.06328381886835424,0
157,113,140,-0.009331482475822432,0
157,113,141,-0.001259474862715576,0
157,113,142,-0.0001207190280201341,0
157,113,143,6.967013643295238e-06,0
157,113,144,-0.03958923736990942,0
157,113,145,-0.04421394374913852,0
157,113,146,-0.03424066858012077,0
157,113,147,-0.008692906418470122,0
157,113,148,0.008577403269880386,0
157,113,149,0.004264545893391152,0
157,113,150,0.0006971352487296853,0
157,113,151,0.0002209732897888348,0
157,113,152,8.601263289031039e-05,0
157,113,153,0.0002732300935428959,0
157,113,154,-0.009308334025495454,0
157,113,155,-0.04150716974942496,0
157,113,156,-0.04934843131428233,0
157,113,157,-0.02377040072596616,0
157,113,158,0.005246837626087894,0
157,113,159,0.001387520573805098,0
157,113,160,0.000436476178810505,0
157,113,161,0.0001444289108530082,0
157,113,162,0.0723145073212741,0
157,113,163,0.07879395967069616,0
157,113,164,0.03223149029594765,0
157,113,165,-0.005426447362281861,0
157,113,166,-0.008988194353495094,0
157,113,167,-0.0005844962994742801,0
157,113,168,0.0004873822319368156,0
157,113,169,0.0002733198298061314,0
157,113,170,0.0001030186948099395,0
158,111,0,-0.1414418035252495,0
158,111,1,-0.08958345025670532,0
158,111,2,-0.1146999033624004,0
158,111,3,0.3625763793350259,0
158,111,4,0.2386390497613478,0
158,111,5,0.4437123431902613,0
158,111,6,-0.3554911207752032,0
158,111,7,-0.2245240940424559,0
158,111,8,-0.6119672433290797,0
158,111,9,0.2767078458935106,0
158,111,10,0.1806685237942849,0
158,111,11,0.5561083203764664,0
158,111,12,-0.19710692171261,0
158,111,13,-0.1201938042456103,0
158,111,14,-0.3957309263675433,0
158,111,15,0.01494619066523153,0
158,111,16,0.01363708812758575,0
158,111,17,0.1997378940169337,0
158,111,18,0.0009151900258410388,0
158,111,19,0.004181737200289255,0
158,111,20,-0.001842617541986352,0
158,111,21,-0.001633744872999867,0
158,111,22,0.0003475540868793876,0
158,111,23,0.002040556038205855,0
158,111,24,-0.001179468510559784,0
158,111,25,-0.0001778724935321654,0
158,111,26,0.002213295327758324,0
158,111,27,0.0003360601086675785,0
158,111,28,0.001985689412944126,0
158,111,29,-0.08026479797362213,0
158,111,30,-0.1360094002089517,0
158,111,31,-0.1797516702458542,0
158,111,32,0.1268730866538269,0
158,111,33,0.4121896902984867,0
158,111,34,0.6238702754874,0
158,111,35,-0.2366210754259864,0
158,111,36,-0.6040630863357731,0
158,111,37,-0.9175358256514573,0
158,111,38,0.2203589301653474,0
158,111,39,0.5577505943296041,0
158,111,40,0.9592620450068359,0
158,111,41,-0.1445288073081729,0
158,111,42,-0.3831245612130049,0
158,111,43,-0.7048829287348541,0
158,111,44,-0.00160605926365983,0
158,111,45,0.1494832850541367,0
158,111,46,0.3327147512973037,0
158,111,47,-0.001086633044710759,0
158,111,48,-9.205147757882293e-05,0
158,111,49,0.003530542340912549,0
158,111,50,-0.001392892914171375,0
158,111,51,0.001458221270970426,0
158,111,52,0.003974778492501932,0
158,111,53,-0.0008178945240477295,0
158,111,54,0.001471082450850577,0
158,111,55,0.003667988604342158,0
158,111,56,0.001674328701371656,0
158,111,57,0.003184418539417932,0
158,111,58,0.005389063230642442,0
158,111,59,-0.1296756610944647,0
158,111,60,-0.1744920590214609,0
158,111,61,-0.06133907281272214,0
158,111,62,0.4226264793119949,0
158,111,63,0.5634783335714265,0
158,111,64,0.02461177155345828,0
158,111,65,-0.6643450721909306,0
158,111,66,-0.8397029245933939,0
158,111,67,0.07002882628807168,0
158,111,68,0.7594898469971948,0
158,111,69,1,0
158,111,70,-0.02674650307021429,0
158,111,71,-0.5412112476921046,0
158,111,72,-0.7928675172793695,0
158,111,73,-0.007577992158867787,0
158,111,74,0.2428610562758269,0
158,111,75,0.3499805442683564,0
158,111,76,-0.002229732108147024,0
158,111,77,0.0009402743193219433,0
158,111,78,0.006504699890131683,0
158,111,79,-0.0008295944806999207,0
158,111,80,0.002362826472549723,0
158,111,81,0.004561296208786585,0
158,111,82,-0.000324514544152188,0
158,111,83,0.002475976665409305,0
158,111,84,0.003780910355033422,0
158,111,85,0.002326334562473561,0
158,111,86,0.003232937107039667,0
158,111,87,0.09021451481397064,0
158,111,88,-0.07144942455232534,0
158,111,89,-0.09891852111673752,0
158,111,90,-0.184790334852128,0
158,111,91,0.2968097144933769,0
158,111,92,0.3197554252890904,0
158,111,93,0.2430329019788731,0
158,111,94,-0.4682749422804973,0
158,111,95,-0.4739285543264851,0
158,111,96,-0.1801572247287538,0
158,111,97,0.6256571881775704,0
158,111,98,0.6279044650068953,0
158,111,99,0.1049956197093028,0
158,111,100,-0.5263246396468556,0
158,111,101,-0.5584998722483084,0
158,111,102,-0.005508181311051463,0
158,111,103,0.256340020860798,0
158,111,104,0.2487876114004618,0
158,111,105,-0.001454611970351553,0
158,111,106,0.001909290380300622,0
158,111,107,0.003411630549645805,0
158,111,108,0.0001437391246737637,0
158,111,109,0.002605997524371947,0
158,111,110,0.002891260509356161,0
158,111,111,0.0002904136073452352,0
158,111,112,0.00256702509455161,0
158,111,113,0.002406329720591162,0
158,111,114,0.002115404061330674,0
158,111,115,0.002054751931990942,0
158,111,116,0.1205219541332079,0
158,111,117,0.003341420069823846,0
158,111,118,-0.2403337359775884,0
158,111,119,0.07880312573726843,0
158,111,120,0.3203323791650172,0
158,111,121,-0.1494911677570771,0
158,111,122,-0.3934230636508064,0
158,111,123,0.2087852270016576,0
158,111,124,0.2663631339425431,0
158,111,125,-0.2494618153097121,0
158,111,126,-0.007914147434659064,0
158,111,127,0.1790557155983091,0
158,111,128,-0.0007778147861524403,0
158,111,129,-0.001067384069491694,0
158,111,130,0.001046233878720916,0
158,111,131,0.001427973833962089,0
158,111,132,0.0008126650591058224,0
158,111,133,0.001628829885368941,0
158,111,134,0.001074490088141302,0
158,111,135,0.01246639667550598,0
158,111,136,-0.03034886955906938,0
158,111,137,0.02991139378216565,0
158,111,138,-0.02246199565152967,0
158,111,139,0.0163482694611737,0
158,111,140,-0.001919878806645307,0
158,111,141,-0.0008250743924749251,0
158,111,142,-0.0003733810887835753,0
158,111,143,-0.000146713375721358,0
158,111,144,0.01902588672089951,0
158,111,145,-0.04034645166465908,0
158,111,146,0.04983770379829908,0
158,111,147,-0.04106979589574605,0
158,111,148,0.0283259611807828,0
158,111,149,-0.002636672197981691,0
158,111,150,-0.001226733758664796,0
158,111,151,-0.0005787593816021033,0
158,111,152,-0.0002312105603114089,0
158,111,153,0.01826023606715991,0
158,111,154,-0.0348389932741987,0
158,111,155,0.04759672901167097,0
158,111,156,-0.04743153270371243,0
158,111,157,0.03069236014617118,0
158,111,158,-0.002248675607788389,0
158,111,159,-0.001139604689194446,0
158,111,160,-0.0005582227832677104,0
158,111,161,-0.0002264923085266428,0
158,111,162,0.01028094779600047,0
158,111,163,-0.01941105882266169,0
158,111,164,0.02690956913521753,0
158,111,165,-0.03282034817817444,0
158,111,166,0.02249719017550805,0
158,111,167,-0.001393115371839394,0
158,111,168,-0.0006886531534190194,0
158,111,169,-0.0003401833780121805,0
158,111,170,-0.0001391034902851748,0
159,106,0,-0.4797992685932765,0
159,106,1,-0.3216547947465666,0
159,106,2,-0.4380128460372616,0
159,106,3,-0.34749315507924,0
159,106,4,-0.2348689136915917,0
159,106,5,0.1138202140693797,0
159,106,6,0.02305631932589257,0
159,106,7,0.01178978969662205,0
159,106,8,0.3287181950159567,0
159,106,9,0.05518997232828737,0
159,106,10,0.03598071832654583,0
159,106,11,0.02888832394703722,0
159,106,12,-0.1416703605355228,0
159,106,13,-0.09201287577243004,0
159,106,14,-0.1714412015055408,0
159,106,15,0.0186053697109545,0
159,106,16,0.01339383103317577,0
159,106,17,0.1460832044601667,0
159,106,18,0.005419559229062784,0
159,106,19,0.005518930499472913,0
159,106,20,-0.006175393789673093,0
159,106,21,0.00208737303717919,0
159,106,22,0.002177973987684318,0
159,106,23,-0.0006931971206399343,0
159,106,24,0.0008329599722235338,0
159,106,25,0.0009686568074617479,0
159,106,26,4.749714011125101e-05,0
159,106,27,0.0003018069261068429,0
159,106,28,7.75000287206528e-05,0
159,106,29,0.6677063520455929,0
159,106,30,0.126487355266683,0
159,106,31,0.1764448848666373,0
159,106,32,0.7960911547004377,0
159,106,33,0.6189470812244832,0
159,106,34,0.2368127998020267,0
159,106,35,0.4845727894644464,0
159,106,36,0.5659819847616699,0
159,106,37,0.04190136000199749,0
159,106,38,0.1673798635699326,0
159,106,39,0.1308063276643111,0
159,106,40,-0.2689940745776506,0
159,106,41,0.0351457904890216,0
159,106,42,-0.1041654785520399,0
159,106,43,-0.2965303267883326,0
159,106,44,-0.00764563758996992,0
159,106,45,0.1034131636034783,0
159,106,46,0.1073711960920971,0
159,106,47,0.002290835427679464,0
159,106,48,-0.002373864301473998,0
159,106,49,0.003815024790263494,0
159,106,50,0.001686666959017458,0
159,106,51,0.001092425441448562,0
159,106,52,-9.377069781203864e-05,0
159,106,53,0.0007724148419691348,0
159,106,54,0.0008829903731246752,0
159,106,55,9.001487479913398e-05,0
159,106,56,0.0003359607602379998,0
159,106,57,0.0001274795371329758,0
159,106,58,-0.1071418995573933,0
159,106,59,0.05223897352336569,0
159,106,60,0.06450543113022782,0
159,106,61,-0.7064096047895581,0
159,106,62,-0.3004242694320249,0
159,106,63,-0.3097889046278108,0
159,106,64,-1,0
159,106,65,-0.6391826244143968,0
159,106,66,-0.2255791860948924,0
159,106,67,-0.5909266464953326,0
159,106,68,-0.5957637933135742,0
159,106,69,0.09842502053020899,0
159,106,70,-0.03222187093266213,0
159,106,71,-0.2411614424503697,0
159,106,72,0.211810995896027,0
159,106,73,0.03408595021090774,0
159,106,74,0.1063378540839079,0
159,106,75,0.17998305178712,0
159,106,76,0.003658076235557855,0
159,106,77,0.005521888142712499,0
159,106,78,-0.02285278277135527,0
159,106,79,0.001654651766248427,0
159,106,80,0.001197239025828425,0
159,106,81,-0.001750741645605398,0
159,106,82,0.0008899268755338135,0
159,106,83,0.0009178150471214793,0
159,106,84,4.009616697763876e-05,0
159,106,85,0.0003589127623535471,0
159,106,86,4.209410895080903e-05,0
159,106,87,0.05472977300263328,0
159,106,88,0.08469801285140356,0
159,106,89,0.1142105938296686,0
159,106,90,0.1969063691977592,0
159,106,91,-0.09480702274729992,0
159,106,92,-0.1771860947131357,0
159,106,93,0.5406897483318673,0
159,106,94,0.1984363760109346,0
159,106,95,0.09127173818967743,0
159,106,96,0.8080815983201942,0
159,106,97,0.6133888523294256,0
159,106,98,0.339146414942481,0
159,106,99,0.5958494697213933,0
159,106,100,0.55091233897748,0
159,106,101,0.009193901641773141,0
159,106,102,-0.09375096241843728,0
159,106,103,0.06648651969582396,0
159,106,104,-0.4544128780768364,0
159,106,105,-0.00647888916170583,0
159,106,106,-0.02401510569952679,0
159,106,107,0.04409877731389852,0
159,106,108,0.001305756911630384,0
159,106,109,-0.0004411427504463849,0
159,106,110,0.004956792475945244,0
159,106,111,0.0009340604936977945,0
159,106,112,0.000939269291434597,0
159,106,113,0.0005411489849604027,0
159,106,114,0.0003251679357194885,0
159,106,115,3.261975434813279e-05,0
159,106,116,-0.127905039492324,0
159,106,117,-0.000258594406452852,0
159,106,118,0.07661250410063379,0
159,106,119,-0.08276772161636263,0
159,106,120,-0.02142019492699921,0
159,106,121,0.05109934380465723,0
159,106,122,-0.399873198500527,0
159,106,123,-0.01657410653109011,0
159,106,124,-0.4142765776004595,0
159,106,125,-0.2687511230019652,0
159,106,126,0.07892913004614956,0
159,106,127,-0.2794902450116435,0
159,106,128,0.01353073835301212,0
159,106,129,0.0448034222072423,0
159,106,130,0.003628474043223156,0
159,106,131,0.007094309906285173,0
159,106,132,0.001197035737949686,0
159,106,133,0.001705979932437974,0
159,106,134,0.0003877912186162659,0
159,106,135,0.04228649681927876,0
159,106,136,0.0309978245800048,0
159,106,137,-0.0009441079582877892,0
159,106,138,-0.003873695780262399,0
159,106,139,0.01291453174039253,0
159,106,140,-0.001068178312213857,0
159,106,141,-0.0002714707897881524,0
159,106,142,-7.860316445453145e-05,0
159,106,143,-1.827022523897379e-05,0
159,106,144,-0.01579021539072963,0
159,106,145,-0.03862441790248875,0
159,106,146,-0.04261490643313554,0
159,106,147,-0.01703867878280512,0
159,106,148,0.01089302605353968,0
159,106,149,-2.695005288339541e-05,0
159,106,150,-0.0002221989244880872,0
159,106,151,-5.958061453648356e-05,0
159,106,152,-1.174369994201213e-05,0
159,106,153,-0.007087347730067881,0
159,106,154,0.02227320976295298,0
159,106,155,0.0438067926475527,0
159,106,156,0.03415282930928448,0
159,106,157,0.01330227161983347,0
159,106,158,-0.002692049453173762,0
159,106,159,-8.140345940717546e-05,0
159,106,160,4.911340928272065e-05,0
159,106,161,1.924085139338848e-05,0
159,106,162,-0.01111724840123614,0
159,106,163,0.006142915001960812,0
159,106,164,-0.002943853612548156,0
159,106,165,-0.03602052334790547,0
159,106,166,-0.03746893668934102,0
159,106,167,0.005529898202400803,0
159,106,168,0.0008916607389502353,0
159,106,169,0.0001792230838641461,0
159,106,170,3.991391780576042e-05,0
160,105,0,0.5290059017312008,0
160,105,1,0.3518844952299209,0
160,105,2,0.4774710850274499,0
160,105,3,-0.007203895181773518,0
160,105,4,-0.002603961306922061,0
160,105,5,-0.4775026341754873,0
160,105,6,-0.670661776866988,0
160,105,7,-0.4428754791854024,0
160,105,8,-0.5872660379807613,0
160,105,9,-0.2782599077523796,0
160,105,10,-0.1862470618838665,0
160,105,11,0.3546757456626023,0
160,105,12,0.4046263318566198,0
160,105,13,0.265188842498329,0
160,105,14,0.6082327441951976,0
160,105,15,-0.02350193040009763,0
160,105,16,-0.01369320981240686,0
160,105,17,-0.3789938466967872,0
160,105,18,-0.002109648775449938,0
160,105,19,-0.002926170969593241,0
160,105,20,0.01428310342820613,0
160,105,21,0.001015831963070413,0
160,105,22,0.0008868248538432384,0
160,105,23,0.003332919544691898,0
160,105,24,0.0006691163242299767,0
160,105,25,0.0008918659435292921,0
160,105,26,0.000954490394312432,0
160,105,27,0.0004171592909116949,0
160,105,28,0.0005489506981934992,0
160,105,29,-0.1044696056347282,0
160,105,30,0.289557531304155,0
160,105,31,0.3976035667041265,0
160,105,32,0.2518511458421188,0
160,105,33,-0.1801523530063233,0
160,105,34,-0.148638376681497,0
160,105,35,0.7189241237000694,0
160,105,36,0.05123217223384201,0
160,105,37,-0.154693577678793,0
160,105,38,0.6313603229914647,0
160,105,39,0.6877013519306344,0
160,105,40,0.2845028043226226,0
160,105,41,0.1662176390319318,0
160,105,42,0.5609798374014935,0
160,105,43,0.1855594383212792,0
160,105,44,-0.007713343112709185,0
160,105,45,-0.2861574285573705,0
160,105,46,-0.5402180096470847,0
160,105,47,0.004216955284951225,0
160,105,48,0.01487565146722171,0
160,105,49,0.03147169289941432,0
160,105,50,0.002300578333402886,0
160,105,51,0.005022116742692843,0
160,105,52,0.005346046207373889,0
160,105,53,0.0008155757023411779,0
160,105,54,0.001846989955759251,0
160,105,55,0.001494693184924967,0
160,105,56,0.0008389976004989458,0
160,105,57,0.001021232407123329,0
160,105,58,-1,0
160,105,59,-0.3745291929870398,0
160,105,60,-0.5100163364414223,0
160,105,61,-0.5172661470308536,0
160,105,62,-0.4630906002941051,0
160,105,63,0.2666031059379245,0
160,105,64,-0.1045436573830753,0
160,105,65,-0.1905924713149355,0
160,105,66,0.207091511688346,0
160,105,67,-0.6525940142860053,0
160,105,68,-0.223056207320766,0
160,105,69,-0.1988957150677717,0
160,105,70,-0.8990817319397738,0
160,105,71,-0.4560574159146918,0
160,105,72,-0.01938446809398347,0
160,105,73,0.1266467417934982,0
160,105,74,-0.3104270949409418,0
160,105,75,0.3967091742891247,0
160,105,76,0.02009679635636659,0
160,105,77,0.04374929546924323,0
160,105,78,-0.03878168802878515,0
160,105,79,0.003936919387834936,0
160,105,80,0.008407081333539868,0
160,105,81,-0.003168612428267824,0
160,105,82,0.001034300338157352,0
160,105,83,0.002459938161835146,0
160,105,84,0.0008353670837537015,0
160,105,85,0.00114631584765691,0
160,105,86,0.001125197100503628,0
160,105,87,0.2248806839739433,0
160,105,88,-0.2226850814088119,0
160,105,89,-0.2982503515907809,0
160,105,90,0.7279049798630848,0
160,105,91,0.6835266986948683,0
160,105,92,0.7191306249319965,0
160,105,93,0.6827404681720221,0
160,105,94,0.6043508747580857,0
160,105,95,0.1521276868514332,0
160,105,96,0.15599932858675,0
160,105,97,-0.04634415096517477,0
160,105,98,-0.6886132334084671,0
160,105,99,-0.1456960978770957,0
160,105,100,-0.1129158261079384,0
160,105,101,-0.3015048346999971,0
160,105,102,-0.03423747490742782,0
160,105,103,0.266550687452145,0
160,105,104,0.4845201927597827,0
160,105,105,0.001861048385819567,0
160,105,106,-0.02609484507357551,0
160,105,107,-0.007468745873943418,0
160,105,108,0.001920992721667605,0
160,105,109,-0.0004039954854192235,0
160,105,110,-0.002304568183325192,0
160,105,111,0.0008923032542713914,0
160,105,112,0.001529041785095058,0
160,105,113,0.0004988009492258444,0
160,105,114,0.001056399245313534,0
160,105,115,0.0008173612544390495,0
160,105,116,0.3468495142255459,0
160,105,117,0.004493611800914224,0
160,105,118,-0.4543678415299142,0
160,105,119,0.2283100723497244,0
160,105,120,-0.6137964171110789,0
160,105,121,-0.3006067776175564,0
160,105,122,0.1661362439578607,0
160,105,123,-0.4033835806838128,0
160,105,124,0.5063474697900823,0
160,105,125,0.1127684568856632,0
160,105,126,-0.030477167005818,0
160,105,127,0.3377824180081392,0
160,105,128,-0.006287387045710465,0
160,105,129,-0.01361367653561646,0
160,105,130,0.000566389690212176,0
160,105,131,-0.002246011218501044,0
160,105,132,0.0008887541279547103,0
160,105,133,0.0008152739018214576,0
160,105,134,0.0006395155798137329,0
160,105,135,-0.04507408646040696,0
160,105,136,0.00123761418357469,0
160,105,137,0.05810845371626053,0
160,105,138,0.02441732355317508,0
160,105,139,-0.03468611624468587,0
160,105,140,0.002177834127294314,0
160,105,141,0.0005801351572870593,0
160,105,142,8.552279935232763e-05,0
160,105,143,-3.904248662764548e-06,0
160,105,144,-0.03656598156480199,0
160,105,145,-0.01953869195148019,0
160,105,146,-0.00383913826788548,0
160,105,147,-0.03052085694811276,0
160,105,148,-0.04704563721067871,0
160,105,149,0.003879938127658524,0
160,105,150,0.0002842921172912884,0
160,105,151,-8.261760368029004e-05,0
160,105,152,-6.084943808676061e-05,0
160,105,153,0.04917744004963625,0
160,105,154,0.0244374650077416,0
160,105,155,0.004940331106980995,0
160,105,156,0.02552298925778163,0
160,105,157,0.03056558548956799,0
160,105,158,-0.006160662597905728,0
160,105,159,-0.001375337900153637,0
160,105,160,-0.0004232209600026009,0
160,105,161,-0.0001371618360324824,0
160,105,162,0.02996754301083313,0
160,105,163,-0.0395613534219535,0
160,105,164,-0.05342121527237847,0
160,105,165,0.01320164511115285,0
160,105,166,0.04247695437684017,0
160,105,167,-0.00314602765512461,0
160,105,168,-0.001140422514655585,0
160,105,169,-0.0003817305045939669,0
160,105,170,-0.000121054499259235,0
161,104,0,-0.1035701823544175,0
161,104,1,-0.07149648371911829,0
161,104,2,-0.09967415522530237,0
161,104,3,-0.3493866064046137,0
161,104,4,-0.231612214014328,0
161,104,5,-0.2173936994871279,0
161,104,6,-0.221125718878782,0
161,104,7,-0.1430910988841102,0
161,104,8,0.1277168701434739,0
161,104,9,0.4613614634096424,0
161,104,10,0.3089812785430455,0
161,104,11,0.6194695778759258,0
161,104,12,0.6706881315563046,0
161,104,13,0.4456579687133005,0
161,104,14,0.1838022089379817,0
161,104,15,-0.07960236942923868,0
161,104,16,-0.05346114228724305,0
161,104,17,-0.6805365916418006,0
161,104,18,-0.008990250989977177,0
161,104,19,-0.008369397741027724,0
161,104,20,0.05622096878564389,0
161,104,21,-0.001234497906817302,0
161,104,22,-0.0007285915319548669,0
161,104,23,0.00740398685277891,0
161,104,24,-0.0004361633483828068,0
161,104,25,-6.738199707710741e-05,0
161,104,26,0.001413964408931957,0
161,104,27,0.0001597333080318272,0
161,104,28,0.000837380006868939,0
161,104,29,0.4041551108005288,0
161,104,30,0.1990640640512451,0
161,104,31,0.2742496962587787,0
161,104,32,0.4407756186495791,0
161,104,33,0.131055956555536,0
161,104,34,-0.1893840299975514,0
161,104,35,-0.1089895677755335,0
161,104,36,0.01566239110451286,0
161,104,37,-0.3821615703438114,0
161,104,38,-0.8726274024950057,0
161,104,39,-0.1286762164860565,0
161,104,40,-0.07959796490239718,0
161,104,41,-0.8899824445544486,0
161,104,42,-0.4561512581022122,0
161,104,43,0.172303416448358,0
161,104,44,0.1590018977235072,0
161,104,45,-0.3889328803735067,0
161,104,46,0.2869049133446414,0
161,104,47,0.01690576099699754,0
161,104,48,0.05865218497606168,0
161,104,49,-0.04718430544699886,0
161,104,50,0.001209642177490387,0
161,104,51,0.007306466622771288,0
161,104,52,-0.002806849992172238,0
161,104,53,-8.081881723774625e-05,0
161,104,54,0.001268535674063081,0
161,104,55,0.001106951384592884,0
161,104,56,0.0007469167136304426,0
161,104,57,0.001234026214361922,0
161,104,58,-0.03808365953145777,0
161,104,59,0.1839106951251293,0
161,104,60,0.2562449247987706,0
161,104,61,0.3429297265232681,0
161,104,62,0.09042354140239253,0
161,104,63,0.1564103825261005,0
161,104,64,0.555066773552863,0
161,104,65,0.08766831418822962,0
161,104,66,-0.1920741048426852,0
161,104,67,0.1949018575505209,0
161,104,68,0.07229799230949495,0
161,104,69,-0.4030082604705132,0
161,104,70,-0.06479283445825751,0
161,104,71,0.08239933890357021,0
161,104,72,-0.06903672222336538,0
161,104,73,-0.05921337848644759,0
161,104,74,0.1665717596408342,0
161,104,75,0.2752789620026443,0
161,104,76,-0.002834450840538858,0
161,104,77,-0.0364970782735668,0
161,104,78,-0.001557592172999416,0
161,104,79,-0.0001828465897116512,0
161,104,80,-0.001975610451276042,0
161,104,81,-0.000726176808562472,0
161,104,82,-5.566802208036498e-05,0
161,104,83,0.0008410232147039338,0
161,104,84,0.001180552545283545,0
161,104,85,0.0009303786416103738,0
161,104,86,0.001248765533638103,0
161,104,87,-1,0
161,104,88,-0.4825806678732871,0
161,104,89,-0.6613070807464007,0
161,104,90,-0.7310157975227276,0
161,104,91,-0.3724275294914561,0
161,104,92,0.3985621636777309,0
161,104,93,0.04638744851786654,0
161,104,94,-0.1073878300195983,0
161,104,95,0.5221157516565466,0
161,104,96,0.4839931818212232,0
161,104,97,0.02911763935365705,0
161,104,98,0.005424876192380729,0
161,104,99,0.3671784295895376,0
161,104,100,0.1938621167332802,0
161,104,101,-0.1735274119719952,0
161,104,102,-0.05449013226104181,0
161,104,103,0.1630233960991058,0
161,104,104,-0.1167001927353988,0
161,104,105,-0.009619886038119476,0
161,104,106,-0.01144794250639391,0
161,104,107,0.0253877185391571,0
161,104,108,-0.0009733920138292355,0
161,104,109,-0.002005567113284695,0
161,104,110,0.003996071746255449,0
161,104,111,-2.35216321485203e-05,0
161,104,112,0.0006178931045140707,0
161,104,113,0.001154718538135052,0
161,104,114,0.0008027371357520395,0
161,104,115,0.0008539736247341854,0
161,104,116,0.7291652362396149,0
161,104,117,-0.0007170370242823697,0
161,104,118,0.2803126865364129,0
161,104,119,0.4840081763188861,0
161,104,120,-0.2915082467893065,0
161,104,121,0.1890910085396348,0
161,104,122,-0.2849548398840258,0
161,104,123,-0.1903765428616188,0
161,104,124,-0.09090854815412368,0
161,104,125,-0.1897757998593641,0
161,104,126,0.03257844859813044,0
161,104,127,-0.06254155605651959,0
161,104,128,0.003372317765213085,0
161,104,129,0.0203821469836922,0
161,104,130,0.0005519853036173319,0
161,104,131,0.002703178922796928,0
161,104,132,0.0003051478234101899,0
161,104,133,0.000742676562508913,0
161,104,134,0.0004349712642800642,0
161,104,135,0.009130487588861617,0
161,104,136,0.02963021528964372,0
161,104,137,0.01786935845753828,0
161,104,138,-0.04048554612154681,0
161,104,139,-0.05780805975189716,0
161,104,140,0.006111921318261055,0
161,104,141,0.0005174392389729615,0
161,104,142,-5.277011181996416e-05,0
161,104,143,-4.676597725771405e-05,0
161,104,144,-0.0255844006892885,0
161,104,145,-0.008304159845218524,0
161,104,146,0.0265114252963334,0
161,104,147,0.03394136181686712,0
161,104,148,0.01965550098814347,0
161,104,149,-0.006454734940663676,0
161,104,150,-0.001143949564487025,0
161,104,151,-0.0003185747689564905,0
161,104,152,-0.000107712617329757,0
161,104,153,-0.023333630113948,0
161,104,154,-0.03680367951083424,0
161,104,155,-0.01944507722622566,0
161,104,156,0.01745681726159037,0
161,104,157,0.0233210086997807,0
161,104,158,-0.002140783091060141,0
161,104,159,-0.0007696181618248684,0
161,104,160,-0.0002961732694212695,0
161,104,161,-0.0001109460278624705,0
161,104,162,0.06344403257075595,0
161,104,163,0.02513579720905273,0
161,104,164,-0.02394310950689106,0
161,104,165,-0.02425750281934006,0
161,104,166,-0.008219742393165374,0
161,104,167,0.00251070071860185,0
161,104,168,0.0001306350514208391,0
161,104,169,-9.714473282110359e-05,0
161,104,170,-5.628364359709804e-05,0
162,102,0,-0.7059144587913136,0
162,102,1,-0.4650722349796992,0
162,102,2,-0.6242497521406488,0
162,102,3,0.4167619263092527,0
162,102,4,0.2721068816572818,0
162,102,5,1,0
162,102,6,0.1927075802106402,0
162,102,7,0.1305854557223846,0
162,102,8,-0.1949073172958005,0
162,102,9,-0.4920677405945793,0
162,102,10,-0.3211980452426461,0
162,102,11,-0.6014911777077242,0
162,102,12,0.4567331807183561,0
162,102,13,0.2967492223005516,0
162,102,14,0.8357200113856995,0
162,102,15,-0.0297433422826861,0
162,102,16,-0.01825733680127271,0
162,102,17,-0.4327536934112222,0
162,102,18,-0.003251230062318717,0
162,102,19,-0.003599520227059944,0
162,102,20,0.01928582843935067,0
162,102,21,4.13742741694656e-05,0
162,102,22,0.0001112846956875052,0
162,102,23,0.003190975890933653,0
162,102,24,0.0001104528086356474,0
162,102,25,0.0003288750312319145,0
162,102,26,0.0008069970443083446,0
162,102,27,0.0002279997078299679,0
162,102,28,0.0005329978119290624,0
162,102,29,0.5900981664574173,0
162,102,30,-0.06628195494678735,0
162,102,31,-0.08595834560502552,0
162,102,32,-0.03373511209009271,0
162,102,33,0.7191304368676793,0
162,102,34,0.4456886586359327,0
162,102,35,-0.3030160922366333,0
162,102,36,-0.3493462272325717,0
162,102,37,-0.4494456467270442,0
162,102,38,0.07401206171069942,0
162,102,39,-0.3953734428659036,0
162,102,40,-0.261893355111021,0
162,102,41,-0.1023030823234648,0
162,102,42,0.5530155013308643,0
162,102,43,0.687880869628401,0
162,102,44,0.03420774576864006,0
162,102,45,-0.2959787763776112,0
162,102,46,-0.3069723096652203,0
162,102,47,0.00559140719242431,0
162,102,48,0.02001213325962528,0
162,102,49,0.002209458085100694,0
162,102,50,0.001155629458612857,0
162,102,51,0.003882681043481947,0
162,102,52,0.002033404142371369,0
162,102,53,0.0002450461379284882,0
162,102,54,0.001115485144939835,0
162,102,55,0.001129877801154751,0
162,102,56,0.0006195625162945249,0
162,102,57,0.0009356431755921845,0
162,102,58,0.3889968709765366,0
162,102,59,0.1911744947822466,0
162,102,60,0.255442147614118,0
162,102,61,-0.8343815484753335,0
162,102,62,-0.2171673590050324,0
162,102,63,-0.6315729305556166,0
162,102,64,0.1231783603587696,0
162,102,65,-0.2534540609764814,0
162,102,66,0.4027370054773641,0
162,102,67,0.763558924232132,0
162,102,68,0.3121847869378586,0
162,102,69,0.3087991985746092,0
162,102,70,-0.5218954687957155,0
162,102,71,0.1702476809249702,0
162,102,72,-0.4471841065468147,0
162,102,73,0.02450637153619377,0
162,102,74,-0.2135122084949675,0
162,102,75,0.174852088865156,0
162,102,76,0.007433244841432091,0
162,102,77,0.01019722777397375,0
162,102,78,-0.001454271528709316,0
162,102,79,0.001516285435842262,0
162,102,80,0.003584442365146552,0
162,102,81,0.000131879401224694,0
162,102,82,0.000270499366395008,0
162,102,83,0.001355261332398528,0
162,102,84,0.0009908972124651689,0
162,102,85,0.0008527379985210004,0
162,102,86,0.001085959094051893,0
162,102,87,0.01662823227941084,0
162,102,88,0.1993287631890425,0
162,102,89,0.2686042210076708,0
162,102,90,-0.1051183305851684,0
162,102,91,-0.5327667018138885,0
162,102,92,-0.7325445218547966,0
162,102,93,0.3517200511100059,0
162,102,94,0.5296237857741556,0
162,102,95,0.8083226643977969,0
162,102,96,-0.02034349433286035,0
162,102,97,0.2081535283820318,0
162,102,98,-0.04225681573469729,0
162,102,99,-0.5819443007326791,0
162,102,100,-0.7164888910953326,0
162,102,101,-0.9513472356351415,0
162,102,102,0.04140368190014899,0
162,102,103,0.1568940261872313,0
162,102,104,0.7351871361840361,0
162,102,105,0.004951093315855715,0
162,102,106,0.004424413499052572,0
162,102,107,-0.02821222727903284,0
162,102,108,0.0007430491798172639,0
162,102,109,0.0009387634360110253,0
162,102,110,-0.003200170326292006,0
162,102,111,0.0002320699118456046,0
162,102,112,0.0009305409335403609,0
162,102,113,0.000409410499866576,0
162,102,114,0.0008048269182263204,0
162,102,115,0.0007708866247477627,0
162,102,116,-0.3037476205650204,0
162,102,117,-0.001330992765897852,0
162,102,118,0.5318993293275354,0
162,102,119,-0.1947214150864632,0
162,102,120,-0.378005645513947,0
162,102,121,0.3490544271109138,0
162,102,122,-0.3231991617699851,0
162,102,123,-0.2486355301162803,0
162,102,124,0.7564697044404122,0
162,102,125,-0.2061766146339368,0
162,102,126,-0.06099150551260733,0
162,102,127,0.5033776951962747,0
162,102,128,-0.00988005868506445,0
162,102,129,-0.03175590250304224,0
162,102,130,-0.0009702452942778577,0
162,102,131,-0.004207518487158754,0
162,102,132,0.0002065827507535156,0
162,102,133,5.471422508914296e-05,0
162,102,134,0.0003966191230170263,0
162,102,135,0.06034542043284233,0
162,102,136,-0.03552095928879407,0
162,102,137,-0.01710502794213124,0
162,102,138,0.04148632314716066,0
162,102,139,-0.0387104579374318,0
162,102,140,0.002471810443161083,0
162,102,141,0.0004294596643965596,0
162,102,142,3.508358638525366e-05,0
162,102,143,-1.657813942822182e-05,0
162,102,144,0.008580588680913551,0
162,102,145,-0.03396923149366538,0
162,102,146,0.01081959934099825,0
162,102,147,0.03510394079992009,0
162,102,148,-0.02994337154829301,0
162,102,149,0.0003820796757886927,0
162,102,150,-7.437268129925968e-05,0
162,102,151,-0.0001296249294750789,0
162,102,152,-6.983499967505629e-05,0
162,102,153,-0.02480241220254993,0
162,102,154,0.03690712560236917,0
162,102,155,0.0002795371947025442,0
162,102,156,-0.0299799495673183,0
162,102,157,0.01453938034920277,0
162,102,158,-0.001531459391420034,0
162,102,159,-0.0008534832295667404,0
162,102,160,-0.0003554004590298044,0
162,102,161,-0.0001265681169255121,0
162,102,162,-0.02556463365133236,0
162,102,163,0.04541640957878225,0
162,102,164,-0.03206701227889749,0
162,102,165,-0.02700828153941758,0
162,102,166,0.06457339915254152,0
162,102,167,-0.005195723388596783,0
162,102,168,-0.001234783993620417,0
162,102,169,-0.000366694828782747,0
162,102,170,-0.0001128782000044731,0
163,101,0,0.2871700863639589,0
163,101,1,0.1934440103626516,0
163,101,2,0.2642914198976373,0
163,101,3,0.3910835449364006,0
163,101,4,0.2594645498795143,0
163,101,5,0.08765366455328098,0
163,101,6,-0.1286158837780416,0
163,101,7,-0.08469539949385588,0
163,101,8,-0.4689479740826483,0
163,101,9,-0.3350578776753223,0
163,101,10,-0.2216785335739118,0
163,101,11,-0.1819441869221928,0
163,101,12,0.1072005571226708,0
163,101,13,0.06960180273829683,0
163,101,14,0.3971634843836232,0
163,101,15,-0.005034567524968916,0
163,101,16,-0.002544817204622498,0
163,101,17,-0.09728223615875445,0
163,101,18,-0.002453410831444303,0
163,101,19,-0.002280944411768037,0
163,101,20,0.0002739958308906986,0
163,101,21,-0.001040488976372902,0
163,101,22,-0.0008463262897804646,0
163,101,23,0.0008215079844646853,0
163,101,24,-0.0004338766075185399,0
163,101,25,-0.000342731148181939,0
163,101,26,0.0004041060267797924,0
163,101,27,-4.498776733817258e-05,0
163,101,28,0.0002683447883806789,0
163,101,29,-0.905718274476446,0
163,101,30,-0.4172536607715471,0
163,101,31,-0.5762998532601117,0
163,101,32,-0.719263430891402,0
163,101,33,-0.4149937736230285,0
163,101,34,0.2559416779425616,0
163,101,35,0.2459062422438643,0
163,101,36,-0.1763754922743626,0
163,101,37,0.4190965251117005,0
163,101,38,0.6999108529997526,0
163,101,39,0.3390911688613036,0
163,101,40,0.2466398944142122,0
163,101,41,0.2192340256096647,0
163,101,42,0.4422910769711932,0
163,101,43,-0.03117328679596349,0
163,101,44,-0.03083224229936706,0
163,101,45,-0.09488786227307491,0
163,101,46,-0.3317674455869299,0
163,101,47,-0.002602737779762247,0
163,101,48,-0.001820866169937132,0
163,101,49,0.0250019584607955,0
163,101,50,-0.0007521199163556029,0
163,101,51,0.0001344067757742931,0
163,101,52,0.002814105006127527,0
163,101,53,-0.000412090405049159,0
163,101,54,-1.289049518509346e-05,0
163,101,55,0.0006487242098618606,0
163,101,56,0.0001454945409593835,0
163,101,57,0.0004884191812249487,0
163,101,58,1,0
163,101,59,0.2450201719922766,0
163,101,60,0.3358814271518316,0
163,101,61,0.6713873035506119,0
163,101,62,0.6389670174279197,0
163,101,63,-0.03681463670671158,0
163,101,64,-0.04068745749696943,0
163,101,65,0.2746944377895958,0
163,101,66,-0.246205153162401,0
163,101,67,-0.8036524378024908,0
163,101,68,-0.3601948410580796,0
163,101,69,-0.4583955094076862,0
163,101,70,-0.9288122039547241,0
163,101,71,-0.6394804455226969,0
163,101,72,-0.1346289646513448,0
163,101,73,0.1125681956463441,0
163,101,74,-0.1653820146851865,0
163,101,75,0.6224157111341031,0
163,101,76,0.009581826104793991,0
163,101,77,0.02827193413848534,0
163,101,78,-0.05393909987102195,0
163,101,79,9.953210604959445e-05,0
163,101,80,0.002411156148433118,0
163,101,81,-0.004755711744674822,0
163,101,82,-0.0002351868297251992,0
163,101,83,0.0002707766461309576,0
163,101,84,0.0001636472156457394,0
163,101,85,0.0002815718916308124,0
163,101,86,0.0004554453351958135,0
163,101,87,-0.2976852181379308,0
163,101,88,0.04305296194088516,0
163,101,89,0.05137208161813627,0
163,101,90,-0.6914244287982941,0
163,101,91,-0.4871303036579425,0
163,101,92,-0.3884777362349229,0
163,101,93,-0.06323777981985056,0
163,101,94,-0.2173938480372995,0
163,101,95,0.3376180831117482,0
163,101,96,0.8166880615863813,0
163,101,97,0.2122106833463298,0
163,101,98,0.3518311887150355,0
163,101,99,0.8206116344947618,0
163,101,100,0.4474041573354407,0
163,101,101,-0.1325758591831968,0
163,101,102,-0.1523804577410677,0
163,101,103,0.3498787155876305,0
163,101,104,-0.2785403742182152,0
163,101,105,-0.01519808437569325,0
163,101,106,-0.05443928902502732,0
163,101,107,0.04859794947627508,0
163,101,108,-0.001782881256178811,0
163,101,109,-0.005412911870559056,0
163,101,110,0.004250449152426232,0
163,101,111,-0.0003261107141597526,0
163,101,112,-0.0003149766444110838,0
163,101,113,0.0007056723742373314,0
163,101,114,0.000203295641868725,0
163,101,115,0.0003447817583075733,0
163,101,116,-0.05667283847785705,0
163,101,117,0.0008002214649594928,0
163,101,118,0.3818667693852297,0
163,101,119,-0.03401229608876227,0
163,101,120,0.004449121394479685,0
163,101,121,0.2533928121194768,0
163,101,122,-0.3826258008410409,0
163,101,123,0.003026439839109973,0
163,101,124,-0.2338820983816908,0
163,101,125,-0.2552244671148289,0
163,101,126,0.06341025564522518,0
163,101,127,-0.159519975810317,0
163,101,128,0.004101231443353685,0
163,101,129,0.03848481938668292,0
163,101,130,1.993101490964335e-05,0
163,101,131,0.002752205001657467,0
163,101,132,-0.0001068438406781632,0
163,101,133,0.0002264139733546056,0
163,101,134,9.757477293405245e-05,0
163,101,135,-0.02516120224352078,0
163,101,136,-0.03263668991060447,0
163,101,137,0.01213966780682129,0
163,101,138,0.02916749440915668,0
163,101,139,-0.009457766818041677,0
163,101,140,8.247503419156469e-05,0
163,101,141,9.723083889570429e-05,0
163,101,142,-1.082436378645114e-05,0
163,101,143,-1.348672410343747e-05,0
163,101,144,0.05355293305640157,0
163,101,145,0.02928992034149067,0
163,101,146,-0.009275575657249065,0
163,101,147,-0.0319083608033541,0
163,101,148,-0.02767169159319387,0
163,101,149,0.002944230777989874,0
163,101,150,4.565538918146704e-05,0
163,101,151,-7.339583403000039e-05,0
163,101,152,-3.365440485382418e-05,0
163,101,153,-0.03112824521969542,0
163,101,154,-0.02823068145642682,0
163,101,155,-0.005379817844837584,0
163,101,156,0.03717748915581748,0
163,101,157,0.05010768758040305,0
163,101,158,-0.007152019607249428,0
163,101,159,-0.0009077018065033265,0
163,101,160,-0.0001690966736728178,0
163,101,161,-4.638438986874575e-05,0
163,101,162,-0.005205671629030744,0
163,101,163,0.03276305318008614,0
163,101,164,0.0009489110922630809,0
163,101,165,-0.03273751627809536,0
163,101,166,-0.02116702219045473,0
163,101,167,0.004737834417102952,0
163,101,168,0.0004138250065020819,0
163,101,169,3.778804088158981e-06,0
163,101,170,-1.678065412699668e-05,0
164,100,0,0.3296363772233926,0
164,100,1,0.218055882183208,0
164,100,2,0.2938052066930283,0
164,100,3,-0.5540255268015972,0
164,100,4,-0.3608056531022247,0
164,100,5,-0.7756330010321485,0
164,100,6,0.5547174454784376,0
164,100,7,0.3619732010088596,0
164,100,8,0.9798901388560188,0
164,100,9,-0.4111945166797776,0
164,100,10,-0.2655475361027751,0
164,100,11,-0.8482004415434758,0
164,100,12,0.2244374061524429,0
164,100,13,0.145179675877862,0
164,100,14,0.5612401350853577,0
164,100,15,-0.01345698571114554,0
164,100,16,-0.007898440214327146,0
164,100,17,-0.2104448971198508,0
164,100,18,-0.00189840054062562,0
164,100,19,-0.001836718861416687,0
164,100,20,0.008573609529011447,0
164,100,21,-0.0003284062394784387,0
164,100,22,-0.0001686430052524425,0
164,100,23,0.001562784602990579,0
164,100,24,-0.0001289672693702667,0
164,100,25,1.801531378989062e-05,0
164,100,26,0.0004895382614902791,0
164,100,27,8.437532581566419e-05,0
164,100,28,0.0003509493228722566,0
164,100,29,-0.2187786455038058,0
164,100,30,0.07293709805454018,0
164,100,31,0.09933008948904939,0
164,100,32,0.2844519640668648,0
164,100,33,-0.3843086489606578,0
164,100,34,-0.3240433093313664,0
164,100,35,-0.1991221252907787,0
164,100,36,0.5948142511125565,0
164,100,37,0.5539177445378024,0
164,100,38,0.09294158773479409,0
164,100,39,-0.5672833794884385,0
164,100,40,-0.5930236843645145,0
164,100,41,-0.03715333713640392,0
164,100,42,0.3932263900250075,0
164,100,43,0.4534540285452215,0
164,100,44,0.01289998590326984,0
164,100,45,-0.146707953931478,0
164,100,46,-0.165152782342066,0
164,100,47,0.001988905876162672,0
164,100,48,0.008583490999281391,0
164,100,49,0.002647242877631526,0
164,100,50,0.0001976112535107689,0
164,100,51,0.001620051125668073,0
164,100,52,0.001211687017879027,0
164,100,53,-5.257121698559428e-05,0
164,100,54,0.0004647329525042865,0
164,100,55,0.0007117792110696668,0
164,100,56,0.000335828142963887,0
164,100,57,0.0006042665677272015,0
164,100,58,-0.216978678021522,0
164,100,59,-0.06805377596076299,0
164,100,60,-0.0897468166850799,0
164,100,61,0.5769130649659697,0
164,100,62,0.1376413364667675,0
164,100,63,0.3729745173865097,0
164,100,64,-0.7235167290666487,0
164,100,65,-0.06264947651495988,0
164,100,66,-0.5922972442598482,0
164,100,67,0.5865833822872105,0
164,100,68,-0.05779207290075843,0
164,100,69,0.5593695077989224,0
164,100,70,-0.3668890781004672,0
164,100,71,0.09854831306850266,0
164,100,72,-0.3839222698932259,0
164,100,73,0.01904104510600275,0
164,100,74,-0.1109149370735157,0
164,100,75,0.1769014204441316,0
164,100,76,0.003457919229483586,0
164,100,77,0.006043077131076019,0
164,100,78,-0.00541660273963785,0
164,100,79,0.0004024071338757341,0
164,100,80,0.001601055434120751,0
164,100,81,-0.0001503774648600406,0
164,100,82,-8.242503738738514e-06,0
164,100,83,0.0006291928551958682,0
164,100,84,0.0006392838836334392,0
164,100,85,0.0004815961077886886,0
164,100,86,0.0006757706779184008,0
164,100,87,-0.06081074758215416,0
164,100,88,-0.1067933463160309,0
164,100,89,-0.1447217287860766,0
164,100,90,0.03413905754386207,0
164,100,91,0.2952810571304117,0
164,100,92,0.4509822985713203,0
164,100,93,-0.1654077183487327,0
164,100,94,-0.5438923432792833,0
164,100,95,-0.7628855394971022,0
164,100,96,0.3347146211550847,0
164,100,97,0.6321920264775366,0
164,100,98,1,0
164,100,99,-0.2239892578780719,0
164,100,100,-0.4317593146177245,0
164,100,101,-0.8852714888831998,0
164,100,102,0.0009384753519839506,0
164,100,103,0.1302041193283281,0
164,100,104,0.3749834143741626,0
164,100,105,2.025718957017204e-05,0
164,100,106,-0.003652336215791749,0
164,100,107,-0.006219062412064183,0
164,100,108,-5.508776464050429e-05,0
164,100,109,-0.0001607196728194603,0
164,100,110,-0.000621160329929733,0
164,100,111,4.288427525609118e-06,0
164,100,112,0.000420767090229138,0
164,100,113,0.000401421508161524,0
164,100,114,0.0004497732923525815,0
164,100,115,0.0004753617020237913,0
164,100,116,0.1650520224720265,0
164,100,117,0.001254243670334115,0
164,100,118,-0.3451307369246005,0
164,100,119,0.1067822540901938,0
164,100,120,0.5243834719295227,0
164,100,121,-0.2222016485641611,0
164,100,122,-0.6063820184890407,0
164,100,123,0.3418110517647245,0
164,100,124,0.4020659387823565,0
164,100,125,-0.394577739310002,0
164,100,126,-0.01967910672733043,0
164,100,127,0.2659522459410237,0
164,100,128,-0.003928933428791569,0
164,100,129,-0.009322782842856189,0
164,100,130,-0.000473461926097841,0
164,100,131,-0.001442694173467311,0
164,100,132,5.917145301643764e-05,0
164,100,133,8.536735074935527e-05,0
164,100,134,0.0002170080781523377,0
164,100,135,-0.02829402048198467,0
164,100,136,0.04685192055605435,0
164,100,137,-0.04686964559648574,0
164,100,138,0.03444878421395133,0
164,100,139,-0.01897595237565277,0
164,100,140,0.0009697067994223996,0
164,100,141,0.0001519661582129689,0
164,100,142,-5.048531431356178e-06,0
164,100,143,-1.595423903818491e-05,0
164,100,144,-0.008615788507832303,0
164,100,145,0.02196803446670148,0
164,100,146,-0.03030162556994275,0
164,100,147,0.02746057669017251,0
164,100,148,-0.01635809816302653,0
164,100,149,0.000282803246811801,0
164,100,150,-9.519599044416401e-05,0
164,100,151,-9.285240269783864e-05,0
164,100,152,-4.50505092670454e-05,0
164,100,153,0.009691043449735497,0
164,100,154,-0.02676273367517595,0
164,100,155,0.03088721787927727,0
164,100,156,-0.02209206972235397,0
164,100,157,0.01441506752780335,0
164,100,158,-0.001410994925632366,0
164,100,159,-0.0005058770822157608,0
164,100,160,-0.0001962313031255051,0
164,100,161,-7.006620235566229e-05,0
164,100,162,0.01411322621742084,0
164,100,163,-0.02877099468257777,0
164,100,164,0.04440227593227537,0
164,100,165,-0.05120053475597732,0
164,100,166,0.0341119546345641,0
164,100,167,-0.001863361191731484,0
164,100,168,-0.0005212529600385306,0
164,100,169,-0.0001728329809501849,0
164,100,170,-5.674041465439692e-05,0
165,99,0,0.2604086244642947,0
165,99,1,0.1745735269343413,0
165,99,2,0.2395439782920955,0
165,99,3,0.02872767969792257,0
165,99,4,0.01757602703919749,0
165,99,5,-0.2134582977745486,0
165,99,6,-0.4198502363064636,0
165,99,7,-0.278519670126311,0
165,99,8,-0.4025295674769125,0
165,99,9,-0.06425857782526979,0
165,99,10,-0.04022310207792727,0
165,99,11,0.3286174047651765,0
165,99,12,0.5776681456463545,0
165,99,13,0.3834316663685576,0
165,99,14,0.576870631900412,0
165,99,15,-0.0486036904995886,0
165,99,16,-0.03151621918263119,0
165,99,17,-0.5646244547576247,0
165,99,18,-0.004093347701516014,0
165,99,19,-0.00382028232854158,0
165,99,20,0.03667195870167343,0
165,99,21,-0.0001372236979409357,0
165,99,22,0.0001475783116062579,0
165,99,23,0.004380919321289486,0
165,99,24,-3.522107233127378e-05,0
165,99,25,0.0001906506057215934,0
165,99,26,0.0007439061416291141,0
165,99,27,0.0001469529377553173,0
165,99,28,0.0004395938285505226,0
165,99,29,-0.3715091157772568,0
165,99,30,-0.06734303772039786,0
165,99,31,-0.08842648921769311,0
165,99,32,0.1910030992654917,0
165,99,33,-0.02719901303240246,0
165,99,34,0.3004050162153694,0
165,99,35,0.6784734606020969,0
165,99,36,0.1533715771542417,0
165,99,37,0.03423543542032116,0
165,99,38,-0.1741027882965804,0
165,99,39,0.122172505458998,0
165,99,40,-0.4504937371830306,0
165,99,41,-0.9895541741931181,0
165,99,42,-0.2338347360218757,0
165,99,43,-0.1614489719845699,0
165,99,44,0.1228921455462579,0
165,99,45,-0.3308258882338742,0
165,99,46,0.4486925618114616,0
165,99,47,0.01308748675602691,0
165,99,48,0.04031202293368445,0
165,99,49,-0.04371147512482629,0
165,99,50,0.001261400776160446,0
165,99,51,0.004837014018171329,0
165,99,52,-0.003529290724201156,0
165,99,53,0.0001615754267995438,0
165,99,54,0.0008813584566647782,0
165,99,55,0.0003995570687378182,0
165,99,56,0.0004485629017649395,0
165,99,57,0.0006131138291371757,0
165,99,58,-0.3479718823098874,0
165,99,59,-0.3005200583374972,0
165,99,60,-0.4121308067660589,0
165,99,61,-0.3673057107666352,0
165,99,62,-0.02147633880885336,0
165,99,63,0.2887117630058752,0
165,99,64,0.04735594986408055,0
165,99,65,0.05793968906634704,0
165,99,66,0.4123373305854857,0
165,99,67,0.4041806245062319,0
165,99,68,-0.06179362322437325,0
165,99,69,-0.1255013332546547,0
165,99,70,0.2670152347042906,0
165,99,71,0.0597575363897638,0
165,99,72,-0.2837946742876743,0
165,99,73,-0.08170897890468357,0
165,99,74,0.270860404913259,0
165,99,75,0.1183343342825501,0
165,99,76,-0.006481474718184537,0
165,99,77,-0.03811243773258817,0
165,99,78,0.01350290562917631,0
165,99,79,-0.0002531139425038898,0
165,99,80,-0.002849081121967367,0
165,99,81,0.0009338122488683357,0
165,99,82,0.0001249992187705,0
165,99,83,0.0004308535778296309,0
165,99,84,0.0007165206410815199,0
165,99,85,0.0005134973402553921,0
165,99,86,0.0006178859112407291,0
165,99,87,1,0
165,99,88,0.3638051029884654,0
165,99,89,0.4979287181480981,0
165,99,90,-0.04534447345056051,0
165,99,91,0.1814287069302988,0
165,99,92,-0.6581278131138927,0
165,99,93,-0.6963451404514623,0
165,99,94,-0.1624826198999551,0
165,99,95,-0.1857332296405267,0
165,99,96,-0.05386479551582984,0
165,99,97,-0.1298501789111741,0
165,99,98,0.4505289780596418,0
165,99,99,0.374368085637226,0
165,99,100,0.0404741024574809,0
165,99,101,0.1065930217412746,0
165,99,102,-0.01527435232294907,0
165,99,103,0.07793356543521938,0
165,99,104,-0.2309822977534987,0
165,99,105,-0.004230207247117043,0
165,99,106,0.004665361850610761,0
165,99,107,0.01646121831379968,0
165,99,108,-3.973652069411134e-05,0
165,99,109,0.0002042470405885245,0
165,99,110,0.003216251540751503,0
165,99,111,0.0002236681194781617,0
165,99,112,0.0006175545376203083,0
165,99,113,0.0007210067251892989,0
165,99,114,0.0004661778675653372,0
165,99,115,0.0004154325250538929,0
165,99,116,-0.5511894745065188,0
165,99,117,-0.0001454351597786073,0
165,99,118,0.1811287642484397,0
165,99,119,-0.3655134087584327,0
165,99,120,0.380772505154076,0
165,99,121,0.1187634926474708,0
165,99,122,-0.1152974669252614,0
165,99,123,0.2543171358285672,0
165,99,124,-0.2238162185859564,0
165,99,125,-0.07356583948224865,0
165,99,126,0.02999890332324092,0
165,99,127,-0.1493462142988503,0
165,99,128,0.00578967594334263,0
165,99,129,0.0170128862199912,0
165,99,130,0.00137897075957762,0
165,99,131,0.003379044123776331,0
165,99,132,0.0004841214070566594,0
165,99,133,0.0008626908227221325,0
165,99,134,0.000313868840475265,0
165,99,135,-0.02225343087376133,0
165,99,136,-0.002073988961655694,0
165,99,137,0.03540213091997196,0
165,99,138,0.004552218597946912,0
165,99,139,-0.04917433755154457,0
165,99,140,0.003913518426581226,0
165,99,141,0.0002515335243348945,0
165,99,142,-5.076801529482818e-05,0
165,99,143,-3.002243040148918e-05,0
165,99,144,0.00886747118323449,0
165,99,145,-0.0180421135819524,0
165,99,146,-0.02200577469471052,0
165,99,147,0.01892622010386216,0
165,99,148,0.03525600861322981,0
165,99,149,-0.005671843607414252,0
165,99,150,-0.000890133998478346,0
165,99,151,-0.0002021979307632685,0
165,99,152,-5.942900373406262e-05,0
165,99,153,0.03831438447753523,0
165,99,154,0.01071778487860967,0
165,99,155,-0.02589404843173609,0
165,99,156,-0.01352565278306055,0
165,99,157,0.01169075679826744,0
165,99,158,0.0003904065470822018,0
165,99,159,-0.0001527309640024922,0
165,99,160,-9.771111900558813e-05,0
165,99,161,-4.287064010859405e-05,0
165,99,162,-0.04750843077434015,0
165,99,163,0.0147478171686476,0
165,99,164,0.03261288207374876,0
165,99,165,-0.009304194789459595,0
165,99,166,-0.01934465320880415,0
165,99,167,0.002138751511595912,0
165,99,168,0.0003216577116464069,0
165,99,169,1.947126622589579e-05,0
165,99,170,-1.047209764176674e-05,0
166,98,0,-0.471953692907523,0
166,98,1,-0.3148787725524392,0
166,98,2,-0.4292854470307981,0
166,98,3,0.1755133875262803,0
166,98,4,0.1164293897369016,0
166,98,5,0.5857359157663736,0
166,98,6,0.2768168381520902,0
166,98,7,0.1834585579514565,0
166,98,8,0.0894496743459075,0
166,98,9,-0.3009094688004474,0
166,98,10,-0.1984037547729751,0
166,98,11,-0.5184318455393503,0
166,98,12,0.132473530026246,0
166,98,13,0.08633993278169953,0
166,98,14,0.3870997792484726,0
166,98,15,-0.00629151444077182,0
166,98,16,-0.003432793472028023,0
166,98,17,-0.1224978006253767,0
166,98,18,-0.0009389378711875458,0
166,98,19,-0.0008994329334068589,0
166,98,20,0.003930733447544309,0
166,98,21,-0.0002296306750981447,0
166,98,22,-0.0001466313999643026,0
166,98,23,0.000676989765252655,0
166,98,24,-9.52269846602647e-05,0
166,98,25,-4.773906982454363e-05,0
166,98,26,0.0001756290928790746,0
166,98,27,4.808143803195444e-06,0
166,98,28,9.964673505787745e-05,0
166,98,29,0.976862121842502,0
166,98,30,0.3346065728790658,0
166,98,31,0.4571889275455416,0
166,98,32,-0.3811574943944114,0
166,98,33,0.17657218959428,0
166,98,34,-0.6437901811024028,0
166,98,35,-0.5667401880195272,0
166,98,36,-0.3137600783499878,0
166,98,37,-0.08739561228057684,0
166,98,38,0.4628576087717663,0
166,98,39,-0.0733544153042542,0
166,98,40,0.414149156555161,0
166,98,41,-0.01634100239895355,0
166,98,42,0.2787751164181429,0
166,98,43,-0.03307861095485572,0
166,98,44,0.001140505884183091,0
166,98,45,-0.09071588271594901,0
166,98,46,-0.1116473755950369,0
166,98,47,0.0007494762346600811,0
166,98,48,0.003862456169648365,0
166,98,49,0.005603718328614062,0
166,98,50,-3.883373511649479e-05,0
166,98,51,0.0005823242333359998,0
166,98,52,0.0004294764164525831,0
166,98,53,-9.685358421271437e-05,0
166,98,54,7.645002892789795e-05,0
166,98,55,0.0001607452408512792,0
166,98,56,7.078093028234703e-05,0
166,98,57,0.0001722428817014895,0
166,98,58,-0.6389412539136003,0
166,98,59,-0.09007686489886499,0
166,98,60,-0.1247062382451428,0
166,98,61,0.08690491719806009,0
166,98,62,-0.4139461337773865,0
166,98,63,0.01769318294874263,0
166,98,64,0.631486813192403,0
166,98,65,0.3593488026661962,0
166,98,66,0.4146697256882851,0
166,98,67,-0.03580795951311089,0
166,98,68,0.2766934665633385,0
166,98,69,-0.2004872555856247,0
166,98,70,-0.6512153643479799,0
166,98,71,-0.4592407641474311,0
166,98,72,-0.5936678016692005,0
166,98,73,0.05153467590521306,0
166,98,74,-0.04694249391538671,0
166,98,75,0.5265671079688965,0
166,98,76,0.003843511660462572,0
166,98,77,0.008117007919455228,0
166,98,78,-0.0320790284411195,0
166,98,79,4.830284638194956e-05,0
166,98,80,0.0003854666567351829,0
166,98,81,-0.003009933445239021,0
166,98,82,-1.478851254390097e-05,0
166,98,83,8.350126925933111e-05,0
166,98,84,-2.989039377197775e-05,0
166,98,85,0.0001113354677349504,0
166,98,86,0.0001275651402270354,0
166,98,87,0.04913504974246583,0
166,98,88,-0.05672939631688681,0
166,98,89,-0.07498025197551299,0
166,98,90,0.4034218747706983,0
166,98,91,0.2763349243807091,0
166,98,92,0.3247316302532836,0
166,98,93,-0.6652263699887584,0
166,98,94,-0.1374949113710986,0
166,98,95,-0.5507257315570823,0
166,98,96,-0.216688210213975,0
166,98,97,-0.2875384703263694,0
166,98,98,0.2142468734402525,0
166,98,99,1,0
166,98,100,0.2282916245947841,0
166,98,101,0.5072504533321771,0
166,98,102,-0.1133075651094546,0
166,98,103,0.3095623810394679,0
166,98,104,-0.4856513660193088,0
166,98,105,-0.01158912182050873,0
166,98,106,-0.03541779992020337,0
166,98,107,0.04229946639853566,0
166,98,108,-0.001007919075514578,0
166,98,109,-0.003448598346477309,0
166,98,110,0.004289819185761446,0
166,98,111,-5.684834362509001e-05,0
166,98,112,-0.0001507535118857127,0
166,98,113,0.0005121741537552486,0
166,98,114,7.102265136857197e-05,0
166,98,115,0.0001118541300475212,0
166,98,116,0.08547101644370871,0
166,98,117,0.0005083238669799159,0
166,98,118,-0.2793693952025681,0
166,98,119,0.05497147330433343,0
166,98,120,0.3334231797288127,0
166,98,121,-0.1842913562103275,0
166,98,122,0.09310220821362367,0
166,98,123,0.2207054062396819,0
166,98,124,-0.4675046353758156,0
166,98,125,0.06158309505750861,0
166,98,126,0.06488744354468567,0
166,98,127,-0.3126370276424134,0
166,98,128,0.007236994254106892,0
166,98,129,0.03746581668224536,0
166,98,130,0.0009733742232843332,0
166,98,131,0.003985465368055471,0
166,98,132,0.0001608929913506362,0
166,98,133,0.0005136743400175305,0
166,98,134,8.651214100064317e-05,0
166,98,135,0.04034190529989419,0
166,98,136,-0.01575782577708371,0
166,98,137,-0.0232282842203742,0
166,98,138,0.02614898130896351,0
166,98,139,-0.01120306795242726,0
166,98,140,0.0004196522468028457,0
166,98,141,5.059794855129401e-05,0
166,98,142,-1.593690133734704e-05,0
166,98,143,-8.206780155738537e-06,0
166,98,144,-0.04315747057975842,0
166,98,145,0.01731954507408008,0
166,98,146,0.02582566151248634,0
166,98,147,-0.01411782086886608,0
166,98,148,-0.01002037814809718,0
166,98,149,0.0007590012841879012,0
166,98,150,-0.0001147029937564493,0
166,98,151,-5.127782372703954e-05,0
166,98,152,-1.496880617970182e-05,0
166,98,153,0.01191627618631688,0
166,98,154,0.01077198174644334,0
166,98,155,-0.02931017655511641,0
166,98,156,-0.01022632168156964,0
166,98,157,0.04490437778216421,0
166,98,158,-0.004329554344956323,0
166,98,159,-0.0004345510031945552,0
166,98,160,-4.552337791992552e-05,0
166,98,161,-7.757963801691141e-06,0
166,98,162,0.007257388168012211,0
166,98,163,-0.0243437259293358,0
166,98,164,0.02816800279925067,0
166,98,165,0.008641718891130449,0
166,98,166,-0.04022317760748038,0
166,98,167,0.004743104334980301,0
166,98,168,0.0006320635538792886,0
166,98,169,9.486663183654028e-05,0
166,98,170,1.432612027357778e-05,0
167,97,0,-0.08902896921977528,0
167,97,1,-0.05714797070376238,0
167,97,2,-0.07558827970012526,0
167,97,3,0.2859220549629277,0
167,97,4,0.1886961100890101,0
167,97,5,0.3348647384219123,0
167,97,6,-0.1008974090522277,0
167,97,7,-0.06891616906088956,0
167,97,8,-0.3545671644556511,0
167,97,9,-0.372892445109317,0
167,97,10,-0.2456422172661652,0
167,97,11,-0.2393656993651301,0
167,97,12,0.4483129054472455,0
167,97,13,0.2971159151557543,0
167,97,14,0.7399712371216735,0
167,97,15,-0.03135975348997945,0
167,97,16,-0.02034420970807283,0
167,97,17,-0.4326324887465927,0
167,97,18,-0.002472734444696879,0
167,97,19,-0.002517151105507237,0
167,97,20,0.02336529019016064,0
167,97,21,-6.984639007022845e-05,0
167,97,22,-1.946732776010273e-05,0
167,97,23,0.002326255230442351,0
167,97,24,-1.685324050113897e-05,0
167,97,25,3.808832463646507e-05,0
167,97,26,0.0002106762367787753,0
167,97,27,2.956819026846751e-05,0
167,97,28,9.804556092287248e-05,0
167,97,29,-0.1232934341574131,0
167,97,30,-0.1420163952080194,0
167,97,31,-0.1976645683532376,0
167,97,32,-0.4816378253070057,0
167,97,33,-0.06970642921794787,0
167,97,34,0.02227578964837556,0
167,97,35,0.4728890985629381,0
167,97,36,0.05549428571503793,0
167,97,37,0.5121102486126385,0
167,97,38,0.5345921242332485,0
167,97,39,0.1751867695446712,0
167,97,40,-0.1926070769450283,0
167,97,41,-1,0
167,97,42,-0.1207901290387553,0
167,97,43,-0.6479515046165613,0
167,97,44,0.09162927622619346,0
167,97,45,-0.2567982731814165,0
167,97,46,0.5540608823894976,0
167,97,47,0.00872907156647908,0
167,97,48,0.02600846028114796,0
167,97,49,-0.03895748945716949,0
167,97,50,0.0006721350933871351,0
167,97,51,0.002500113237217097,0
167,97,52,-0.003667716632264262,0
167,97,53,7.95601290551494e-05,0
167,97,54,0.000265962142220464,0
167,97,55,-0.0001659721576549879,0
167,97,56,9.403254787396422e-05,0
167,97,57,7.717773962526472e-05,0
167,97,58,0.739512701926806,0
167,97,59,0.348538211943728,0
167,97,60,0.4771738133210294,0
167,97,61,-0.08317659428425207,0
167,97,62,-0.04141535658686417,0
167,97,63,-0.7279257388692586,0
167,97,64,-0.6801326451594722,0
167,97,65,-0.07629595708949717,0
167,97,66,-0.02993263699985993,0
167,97,67,0.07608071528075698,0
167,97,68,-0.08991220455848284,0
167,97,69,0.4939725304339604,0
167,97,70,0.7256168613499225,0
167,97,71,0.007672509978526324,0
167,97,72,-0.05543155547858564,0
167,97,73,-0.1014353366683638,0
167,97,74,0.3363914099374128,0
167,97,75,-0.2035983783314519,0
167,97,76,-0.009322623600773138,0
167,97,77,-0.03772419987513093,0
167,97,78,0.03009220506132483,0
167,97,79,-0.0007612599262645449,0
167,97,80,-0.003536245206365506,0
167,97,81,0.002386973274858288,0
167,97,82,-4.40154082602616e-05,0
167,97,83,-0.0001928158071315803,0
167,97,84,0.0002677576031944225,0
167,97,85,5.525324300484995e-05,0
167,97,86,9.571014559517156e-05,0
167,97,87,-0.9240256689918371,0
167,97,88,-0.2624491781270327,0
167,97,89,-0.3577098410499771,0
167,97,90,0.7038843508710386,0
167,97,91,-0.06730473700399993,0
167,97,92,0.7440476980757996,0
167,97,93,0.2964131882348481,0
167,97,94,0.1774842645351371,0
167,97,95,-0.3894893886823779,0
167,97,96,-0.501365849212322,0
167,97,97,0.02808640737049919,0
167,97,98,-0.2338180788103544,0
167,97,99,-0.06125149034598453,0
167,97,100,-0.08494506824831469,0
167,97,101,0.3332765850096553,0
167,97,102,0.04800330059292007,0
167,97,103,-0.1138804411296712,0
167,97,104,-0.09310487858334797,0
167,97,105,0.002386425954327457,0
167,97,106,0.02375403265464945,0
167,97,107,-0.007612447947859272,0
167,97,108,0.0001801154766620535,0
167,97,109,0.001754089063298846,0
167,97,110,0.0003779154190149022,0
167,97,111,4.628013276529795e-05,0
167,97,112,0.0001997037850439338,0
167,97,113,0.0001032283519261721,0
167,97,114,6.779456557719805e-05,0
167,97,115,5.049176375743382e-05,0
167,97,116,0.3950137228091249,0
167,97,117,-0.000243218663941755,0
167,97,118,-0.4313084124940745,0
167,97,119,0.2613130153920299,0
167,97,120,0.005750233980783328,0
167,97,121,-0.2848558052541564,0
167,97,122,0.2573723380630479,0
167,97,123,0.001458010112651469,0
167,97,124,-0.1137770799287931,0
167,97,125,0.1703687024532251,0
167,97,126,-0.004976763998191878,0
167,97,127,-0.07366169345729515,0
167,97,128,0.001489770735644001,0
167,97,129,-0.003905919552600186,0
167,97,130,0.0003859506420589542,0
167,97,131,0.0006959107740495594,0
167,97,132,0.0001092973530155021,0
167,97,133,0.0001858601718889284,0
167,97,134,5.109611040346125e-05,0
167,97,135,0.00705737931445443,0
167,97,136,-0.02386154767866422,0
167,97,137,0.009221972588478363,0
167,97,138,0.03072256966915596,0
167,97,139,-0.03837635782947495,0
167,97,140,0.002660108860671123,0
167,97,141,0.0001666435352094089,0
167,97,142,-1.396421915695086e-05,0
167,97,143,-8.725224639602852e-06,0
167,97,144,0.0175040726093537,0
167,97,145,0.01556536531338876,0
167,97,146,-0.03058180930010847,0
167,97,147,-0.01398027094699169,0
167,97,148,0.0460642544839398,0
167,97,149,-0.004764812123948016,0
167,97,150,-0.0005647410815503114,0
167,97,151,-8.246721015415507e-05,0
167,97,152,-1.648142491470828e-05,0
167,97,153,-0.04435062137398665,0
167,97,154,0.02321219896416156,0
167,97,155,0.02487350753952541,0
167,97,156,-0.01953006970277093,0
167,97,157,-0.01475968009982736,0
167,97,158,0.002996793627200968,0
167,97,159,0.0003054645205152224,0
167,97,160,2.820246524602908e-05,0
167,97,161,2.068731475031688e-07,0
167,97,162,0.03445485665891349,0
167,97,163,-0.03582638924063072,0
167,97,164,-0.0003028886748702036,0
167,97,165,0.02159438098811625,0
167,97,166,-0.009090024656659576,0
167,97,167,-0.0001936648409596173,0
167,97,168,9.60762834551311e-05,0
167,97,169,2.957505475037982e-05,0
167,97,170,6.580803560015123e-06,0
168,96,0,-0.3828317194363239,0
168,96,1,-0.2529010520497782,0
168,96,2,-0.3421832832039094,0
168,96,3,0.5540970146065015,0
168,96,4,0.3649175485599092,0
168,96,5,0.8383986077529924,0
168,96,6,-0.5026389477534974,0
168,96,7,-0.3306866746437689,0
168,96,8,-0.9461965236003032,0
168,96,9,0.3361308971129216,0
168,96,10,0.2205690220740122,0
168,96,11,0.7505121835409383,0
168,96,12,-0.1689501320789244,0
168,96,13,-0.1109080742152141,0
168,96,14,-0.4525027582326424,0
168,96,15,0.009264189687011289,0
168,96,16,0.005534382267498881,0
168,96,17,0.1590605235165091,0
168,96,18,0.0008887986997677817,0
168,96,19,0.0008823560504044586,0
168,96,20,-0.006639054688049041,0
168,96,21,0.0001314426760019679,0
168,96,22,8.426219002224258e-05,0
168,96,23,-0.000723352226874046,0
168,96,24,5.647475981171088e-05,0
168,96,25,3.076296270206949e-05,0
168,96,26,-9.630189474578254e-05,0
168,96,27,1.447656586180243e-06,0
168,96,28,-4.715425996182309e-05,0
168,96,29,0.6329296429957412,0
168,96,30,0.1669402384658035,0
168,96,31,0.22657085975705,0
168,96,32,-0.9581215645626252,0
168,96,33,-0.01602915074091835,0
168,96,34,-0.5894031214531746,0
168,96,35,0.8288501294480531,0
168,96,36,-0.1504302845192571,0
168,96,37,0.6538465955613241,0
168,96,38,-0.5071215953676369,0
168,96,39,0.2208628405021101,0
168,96,40,-0.4396241619696647,0
168,96,41,0.2560856510655424,0
168,96,42,-0.1669050349618853,0
168,96,43,0.2241673998643964,0
168,96,44,-0.02117998267628096,0
168,96,45,0.1037387017954142,0
168,96,46,-0.0878929952440443,0
168,96,47,-0.002193102282271144,0
168,96,48,-0.007211798631269698,0
168,96,49,0.006839944282550849,0
168,96,50,-7.306747173969975e-05,0
168,96,51,-0.0006794273204648631,0
168,96,52,0.0007887969695615849,0
168,96,53,4.384394836306789e-05,0
168,96,54,-4.296796670554128e-05,0
168,96,55,1.268792476446034e-05,0
168,96,56,-2.804018176727858e-05,0
168,96,57,-6.208666613459239e-05,0
168,96,58,-0.20627606930957,0
168,96,59,0.02980898893589088,0
168,96,60,0.04045747684360178,0
168,96,61,0.2716990398406261,0
168,96,62,-0.2511136124162601,0
168,96,63,-0.1529711050383683,0
168,96,64,-0.01436076342804981,0
168,96,65,0.4701158372205772,0
168,96,66,0.3927861944161457,0
168,96,67,-0.2502104770090271,0
168,96,68,-0.490027418033036,0
168,96,69,-0.6547489159459184,0
168,96,70,0.2140725839392265,0
168,96,71,0.3087241765619761,0
168,96,72,0.6481439116542373,0
168,96,73,-0.001095170707546223,0
168,96,74,-0.06478518605211996,0
168,96,75,-0.2809428972213466,0
168,96,76,0.0007624132464827093,0
168,96,77,0.005652093271250713,0
168,96,78,0.009655976418066767,0
168,96,79,0.0002541663486412343,0
168,96,80,0.0008739172074374191,0
168,96,81,0.0009577991484783458,0
168,96,82,2.448234385346566e-05,0
168,96,83,6.60120547188393e-05,0
168,96,84,-1.992096768104707e-05,0
168,96,85,-3.175308579354046e-05,0
168,96,86,-3.712799911766463e-05,0
168,96,87,-0.156449648857758,0
168,96,88,-0.07262688360947699,0
168,96,89,-0.09761223214356834,0
168,96,90,0.407387420819037,0
168,96,91,0.153606568621276,0
168,96,92,0.3452701756687893,0
168,96,93,-0.7882928234881309,0
168,96,94,-0.2285964943987205,0
168,96,95,-0.671419001414823,0
168,96,96,1,0
168,96,97,0.1770956523208955,0
168,96,98,0.9454229535943993,0
168,96,99,-0.7385271296986441,0
168,96,100,-0.01069077705780144,0
168,96,101,-0.9125078649024793,0
168,96,102,0.05347980520383158,0
168,96,103,-0.1719968200304312,0
168,96,104,0.4299509780078545,0
168,96,105,0.006029946852188483,0
168,96,106,0.01359129254706182,0
168,96,107,-0.02361594599723708,0
168,96,108,0.0004967861607378078,0
168,96,109,0.001393955906609221,0
168,96,110,-0.002758928910094867,0
168,96,111,6.865231611531836e-06,0
168,96,112,4.113455173471118e-05,0
168,96,113,-0.0003105450950184859,0
168,96,114,-2.139686844916349e-05,0
168,96,115,-3.449526804581767e-05,0
168,96,116,0.1088716817223783,0
168,96,117,0.0001416441089353181,0
168,96,118,-0.2774408756671579,0
168,96,119,0.07097174042698061,0
168,96,120,0.4727958581729566,0
168,96,121,-0.181969909902466,0
168,96,122,-0.5819188404476876,0
168,96,123,0.3111871664265692,0
168,96,124,0.4389242569631407,0
168,96,125,-0.3827348206280049,0
168,96,126,-0.03985915145851807,0
168,96,127,0.2907118299525051,0
168,96,128,-0.005387851605860405,0
168,96,129,-0.02237226109263806,0
168,96,130,-0.0008287894735032439,0
168,96,131,-0.002834853286929541,0
168,96,132,-0.0001461418275255855,0
168,96,133,-0.0003919852867798235,0
168,96,134,-5.223668588106256e-05,0
168,96,135,0.03211764473046387,0
168,96,136,-0.04707721379252222,0
168,96,137,0.04287571033935757,0
168,96,138,-0.02886369526855658,0
168,96,139,0.01445789629028853,0
168,96,140,-0.0007478185666783124,0
168,96,141,-4.824397528414115e-05,0
168,96,142,1.28966895195298e-05,0
168,96,143,5.216712479848426e-06,0
168,96,144,-0.02213305997124489,0
168,96,145,0.03469233286003594,0
168,96,146,-0.02764580798098305,0
168,96,147,0.01390554740121835,0
168,96,148,-0.0066258008058771,0
168,96,149,0.0007224985025191927,0
168,96,150,0.0001928307448633819,0
168,96,151,3.920301716773689e-05,0
168,96,152,7.441608877598438e-06,0
168,96,153,-0.003212825556074609,0
168,96,154,0.01058911844110063,0
168,96,155,-0.02628938049912113,0
168,96,156,0.03608807171863879,0
168,96,157,-0.02568560923440192,0
168,96,158,0.001638944293407295,0
168,96,159,0.0001154176545650339,0
168,96,160,-4.820785561531913e-06,0
168,96,161,-4.213073405945451e-06,0
168,96,162,0.009546709915026163,0
168,96,163,-0.0237655717535628,0
168,96,164,0.04059489007885286,0
168,96,165,-0.04922593709076319,0
168,96,166,0.03696510320327741,0
168,96,167,-0.002940573386763688,0
168,96,168,-0.0004560215331021767,0
168,96,169,-8.417108582014551e-05,0
168,96,170,-1.708265533426039e-05,0
169,95,0,0.2459627070705195,0
169,95,1,0.1641129998702031,0
169,95,2,0.2244663745161498,0
169,95,3,-0.09264188843197127,0
169,95,4,-0.06330780445428595,0
169,95,5,-0.3119183720803976,0
169,95,6,-0.2350795492857541,0
169,95,7,-0.1540542244707892,0
169,95,8,-0.1228567976990266,0
169,95,9,0.4030553833975506,0
169,95,10,0.2667421422863902,0
169,95,11,0.5746200041822653,0
169,95,12,-0.2660872828469259,0
169,95,13,-0.1767045544555493,0
169,95,14,-0.6055077197229082,0
169,95,15,0.01615099919914221,0
169,95,16,0.01045187736784759,0
169,95,17,0.2546869661028053,0
169,95,18,0.001062222811419046,0
169,95,19,0.001159904595124591,0
169,95,20,-0.01223742083129653,0
169,95,21,-6.732506005889764e-05,0
169,95,22,-5.298968289036888e-05,0
169,95,23,-0.001083879080386455,0
169,95,24,-3.463896594361796e-05,0
169,95,25,-4.681076666994665e-05,0
169,95,26,-4.765220723299199e-05,0
169,95,27,-1.758580726074963e-05,0
169,95,28,-1.796672286760409e-05,0
169,95,29,-0.699730185689468,0
169,95,30,-0.3011424515602457,0
169,95,31,-0.4129815726989415,0
169,95,32,0.5067526066013158,0
169,95,33,0.1102106208096915,0
169,95,34,0.7861620411624735,0
169,95,35,0.3376713142588499,0
169,95,36,0.1305674989102637,0
169,95,37,-0.283080689164119,0
169,95,38,-0.9542410998105614,0
169,95,39,-0.2096777384447857,0
169,95,40,-0.589658012965755,0
169,95,41,0.7774774448100299,0
169,95,42,0.07196259890417832,0
169,95,43,0.9606907423919943,0
169,95,44,-0.05559026916674661,0
169,95,45,0.1506825481681151,0
169,95,46,-0.4957383906833067,0
169,95,47,-0.004923938842383431,0
169,95,48,-0.01397413751528932,0
169,95,49,0.02643367607680193,0
169,95,50,-0.0004228449541034501,0
169,95,51,-0.001244798100530661,0
169,95,52,0.002376656067632522,0
169,95,53,-9.574762661818535e-05,0
169,95,54,-0.0001327354873496167,0
169,95,55,0.000154842929985234,0
169,95,56,-3.039530504253239e-05,0
169,95,57,2.256599402162349e-05,0
169,95,58,0.897533881817395,0
169,95,59,0.2915758601340131,0
169,95,60,0.3970716087432097,0
169,95,61,-1,0
169,95,62,-0.08717180182934292,0
169,95,63,-0.9311922227736011,0
169,95,64,0.1162813677417241,0
169,95,65,-0.1296145070804411,0
169,95,66,0.7273681456272844,0
169,95,67,0.8844597992956826,0
169,95,68,0.1540128461045459,0
169,95,69,0.1061508705405043,0
169,95,70,-0.9988835187397003,0
169,95,71,0.04155341674979039,0
169,95,72,-0.743956696214391,0
169,95,73,0.08961228162898484,0
169,95,74,-0.3039671885506922,0
169,95,75,0.4891206433855351,0
169,95,76,0.007695146358697305,0
169,95,77,0.02712251979143391,0
169,95,78,-0.03567833883589477,0
169,95,79,0.0004807092558299193,0
169,95,80,0.002283084124152014,0
169,95,81,-0.003123434991320635,0
169,95,82,1.652069788594381e-05,0
169,95,83,0.0001327644842508622,0
169,95,84,-0.0002155406257654808,0
169,95,85,7.40085575824845e-06,0
169,95,86,-1.490733396973722e-05,0
169,95,87,-0.6569958513814164,0
169,95,88,-0.1435839934676493,0
169,95,89,-0.1958983965139741,0
169,95,90,0.9807107063395606,0
169,95,91,-0.03311091328217591,0
169,95,92,0.5489082422494319,0
169,95,93,-0.5065151033087516,0
169,95,94,0.1984342145230248,0
169,95,95,-0.6146730774939362,0
169,95,96,-0.3658924150380468,0
169,95,97,-0.1665831013390781,0
169,95,98,0.2269643431490092,0
169,95,99,0.7193475018153356,0
169,95,100,-0.06571193007817298,0
169,95,101,0.2462112857003177,0
169,95,102,-0.09194201588334192,0
169,95,103,0.2955444935798658,0
169,95,104,-0.2505756417929527,0
169,95,105,-0.007996984677913184,0
169,95,106,-0.03392545413795066,0
169,95,107,0.02794521120103577,0
169,95,108,-0.0007051325958336518,0
169,95,109,-0.003015863653294919,0
169,95,110,0.002173736970817463,0
169,95,111,-6.886947047578619e-05,0
169,95,112,-0.0002389111309329794,0
169,95,113,0.0002069617956709227,0
169,95,114,-2.186922989940154e-05,0
169,95,115,1.411269969388591e-05,0
169,95,116,0.2173243373145282,0
169,95,117,0.0002497309161836324,0
169,95,118,-0.3891543346263314,0
169,95,119,0.1442922052802262,0
169,95,120,0.2919020618909329,0
169,95,121,-0.2578893114968582,0
169,95,122,0.03408720234133603,0
169,95,123,0.1917071422324094,0
169,95,124,-0.2326501341923793,0
169,95,125,0.02417871762706726,0
169,95,126,0.03935165812380167,0
169,95,127,-0.1562095250983689,0
169,95,128,0.003228606530166604,0
169,95,129,0.02319416225462978,0
169,95,130,0.0003053952834232294,0
169,95,131,0.001824367695286298,0
169,95,132,1.365369776007574e-05,0
169,95,133,0.0001608282401988992,0
169,95,134,6.83803264268049e-06,0
169,95,135,-0.02056242173814838,0
169,95,136,0.008923008847077056,0
169,95,137,0.01887809810373302,0
169,95,138,-0.03394559074021314,0
169,95,139,0.02329086093402893,0
169,95,140,-0.001502200441918762,0
169,95,141,-8.739788273844142e-05,0
169,95,142,-8.693937113581424e-07,0
169,95,143,1.214550020976521e-06,0
169,95,144,0.03811078650665869,0
169,95,145,-0.03465643101886362,0
169,95,146,-0.008049373230313166,0
169,95,147,0.04618035563183111,0
169,95,148,-0.04289177201818924,0
169,95,149,0.003351020202235723,0
169,95,150,0.0002917604785493129,0
169,95,151,2.572453339322536e-05,0
169,95,152,3.156904229706356e-06,0
169,95,153,-0.0375433373777436,0
169,95,154,0.04933969421715532,0
169,95,155,-0.01773391500973052,0
169,95,156,-0.02807052268722404,0
169,95,157,0.04052098027900264,0
169,95,158,-0.004059240896131714,0
169,95,159,-0.0004069598605523142,0
169,95,160,-3.699403968768927e-05,0
169,95,161,-2.447552639249893e-06,0
169,95,162,0.0193106913242448,0
169,95,163,-0.03320062843300525,0
169,95,164,0.02363543528376262,0
169,95,165,0.003841292464011706,0
169,95,166,-0.01977065599295985,0
169,95,167,0.002637447618894328,0
169,95,168,0.0002967044220411126,0
169,95,169,3.864662797717574e-05,0
169,95,170,5.446813221552955e-06,0
170,94,0,0.1962373755397235,0
170,94,1,0.1301238750137297,0
170,94,2,0.1773125606821341,0
170,94,3,-0.2908745958311109,0
170,94,4,-0.1919304585128579,0
170,94,5,-0.4379925427539731,0
170,94,6,0.2891708638825026,0
170,94,7,0.191567519224171,0
170,94,8,0.5241277688310391,0
170,94,9,-0.2060014288344953,0
170,94,10,-0.1366382391832205,0
170,94,11,-0.4480345400629315,0
170,94,12,0.08960143009043274,0
170,94,13,0.05960347632021697,0
170,94,14,0.2680529716050185,0
170,94,15,-0.004945590613451348,0
170,94,16,-0.003234296720607756,0
170,94,17,-0.08545501447709092,0
170,94,18,-0.0004116495068496299,0
170,94,19,-0.0004382832459628396,0
170,94,20,0.003603576726788155,0
170,94,21,-3.341483577581543e-05,0
170,94,22,-3.83423028188429e-05,0
170,94,23,0.0003059114154130346,0
170,94,24,-1.342518442819306e-05,0
170,94,25,-1.267634189245952e-05,0
170,94,26,9.435753836093161e-06,0
170,94,27,-2.098593256574566e-06,0
170,94,28,6.410525041359454e-06,0
170,94,29,-0.4422733308921495,0
170,94,30,-0.1621608072170676,0
170,94,31,-0.2208047133054278,0
170,94,32,0.7298448267852019,0
170,94,33,0.1611785030817226,0
170,94,34,0.6185375674225405,0
170,94,35,-0.7953170458522556,0
170,94,36,-0.1414333739706169,0
170,94,37,-0.8508400562680716,0
170,94,38,0.6196121989623196,0
170,94,39,0.08141663119438108,0
170,94,40,0.8286435143513281,0
170,94,41,-0.3166022390887306,0
170,94,42,-0.01317655829013269,0
170,94,43,-0.5771366764639088,0
170,94,44,0.01791082335798623,0
170,94,45,-0.05138379286317776,0
170,94,46,0.2148712338662171,0
170,94,47,0.001383382789694778,0
170,94,48,0.004073213923146889,0
170,94,49,-0.009186886794118406,0
170,94,50,7.305058514345868e-05,0
170,94,51,0.0003040075355940306,0
170,94,52,-0.0007621564255647577,0
170,94,53,1.236115166377985e-05,0
170,94,54,1.657939520870499e-05,0
170,94,55,-4.208618331575974e-05,0
170,94,56,3.257505726684664e-06,0
170,94,57,-8.646466568658105e-06,0
170,94,58,0.4192818265006039,0
170,94,59,0.1150063616072627,0
170,94,60,0.1563023625914587,0
170,94,61,-0.8157938505832906,0
170,94,62,-0.08543720089343708,0
170,94,63,-0.4938872297726635,0
170,94,64,1,0
170,94,65,0.03708967986962299,0
170,94,66,0.7858186938451567,0
170,94,67,-0.8848964476749606,0
170,94,68,0.02279179640316998,0
170,94,69,-0.8703478522483427,0
170,94,70,0.5277282421828947,0
170,94,71,-0.07446274497076603,0
170,94,72,0.6959810204385195,0
170,94,73,-0.03700049955613675,0
170,94,74,0.1337089153824163,0
170,94,75,-0.2932498548420825,0
170,94,76,-0.003089144269794178,0
170,94,77,-0.009887949142206909,0
170,94,78,0.01660440475286781,0
170,94,79,-0.0002144640541677424,0
170,94,80,-0.0007858838187300498,0
170,94,81,0.001484286213828563,0
170,94,82,-3.439020318219228e-05,0
170,94,83,-6.206056461673085e-05,0
170,94,84,9.747810823506255e-05,0
170,94,85,-1.039551893192261e-05,0
170,94,86,1.098279745489067e-05,0
170,94,87,-0.2406573949732391,0
170,94,88,-0.04412165334720992,0
170,94,89,-0.05976202932609151,0
170,94,90,0.5494417999715595,0
170,94,91,0.001362254590463478,0
170,94,92,0.2190857195254698,0
170,94,93,-0.7729283067976661,0
170,94,94,0.06478398131695164,0
170,94,95,-0.407527835691987,0
170,94,96,0.7716493871817145,0
170,94,97,-0.1280107841420275,0
170,94,98,0.5223082681532683,0
170,94,99,-0.5260422679730334,0
170,94,100,0.1624384161707046,0
170,94,101,-0.4741971582032621,0
170,94,102,0.04917259420648187,0
170,94,103,-0.1824856015809875,0
170,94,104,0.2255624877415603,0
170,94,105,0.004473350179258177,0
170,94,106,0.01667776480570206,0
170,94,107,-0.01666758866137631,0
170,94,108,0.0003275222234728914,0
170,94,109,0.001467485986492258,0
170,94,110,-0.001514070080241391,0
170,94,111,-1.572665697506514e-06,0
170,94,112,8.036703833158358e-05,0
170,94,113,-0.0001501253873526967,0
170,94,114,1.809451381214886e-06,0
170,94,115,-6.38748926829828e-06,0
170,94,116,0.06594991904563648,0
170,94,117,-3.870486851257319e-05,0
170,94,118,-0.1758553117603145,0
170,94,119,0.04378615780088579,0
170,94,120,0.2742538420064121,0
170,94,121,-0.1167287305824272,0
170,94,122,-0.3033664714433538,0
170,94,123,0.1817835917575104,0
170,94,124,0.2237972829806118,0
170,94,125,-0.2001835239382686,0
170,94,126,-0.02546313950006225,0
170,94,127,0.1485762902291035,0
170,94,128,-0.002744612142993577,0
170,94,129,-0.01467335800912126,0
170,94,130,-0.0004006950053587554,0
170,94,131,-0.001479952726533076,0
170,94,132,-7.162673779755663e-05,0
170,94,133,-0.0001910872798699887,0
170,94,134,-2.237647665290934e-05,0
170,94,135,-0.01616827455083184,0
170,94,136,0.0244262069227268,0
170,94,137,-0.02473547334456955,0
170,94,138,0.01788196957843002,0
170,94,139,-0.008159583419913453,0
170,94,140,0.0004816075312430568,0
170,94,141,2.513557237879694e-05,0
170,94,142,1.806626603412108e-06,0
170,94,143,1.086186016875273e-08,0
170,94,144,0.02074748639390159,0
170,94,145,-0.03705686316787571,0
170,94,146,0.04251160182072099,0
170,94,147,-0.03518548502381804,0
170,94,148,0.01925077628116424,0
170,94,149,-0.001257434785419908,0
170,94,150,-8.568039078854466e-05,0
170,94,151,-4.731373081333619e-06,0
170,94,152,-6.820195529266173e-07,0
170,94,153,-0.0150979731366614,0
170,94,154,0.03183616623033131,0
170,94,155,-0.04188141800504445,0
170,94,156,0.03959065713866435,0
170,94,157,-0.02518180096431972,0
170,94,158,0.001993342372015373,0
170,94,159,0.0001856918845916376,0
170,94,160,1.157923940728526e-05,0
170,94,161,-9.523222016020593e-07,0
170,94,162,0.006124278803601782,0
170,94,163,-0.01540626138145466,0
170,94,164,0.02359773715820393,0
170,94,165,-0.02544829349947176,0
170,94,166,0.01856309004825433,0
170,94,167,-0.00169091599488913,0
170,94,168,-0.0002220955413771563,0
170,94,169,-3.567508718220488e-05,0
170,94,170,-6.597592937538743e-06,0
171,90,0,-0.4329792938945957,0
171,90,1,-0.1513285504564541,0
171,90,2,-0.01138607357302607,0
171,90,3,-0.7809310935095678,0
171,90,4,-0.4147314245075812,0
171,90,5,-0.006228823364751866,0
171,90,6,-0.9819636901020553,0
171,90,7,-0.600120205791308,0
171,90,8,-0.003156858876344568,0
171,90,9,-0.9993405265537314,0
171,90,10,-0.6733469297552674,0
171,90,11,-0.0004904225229677579,0
171,90,12,-0.8311066700048602,0
171,90,13,-0.6215657963643302,0
171,90,14,0.0009664871121471534,0
171,90,15,-0.5035402625494889,0
171,90,16,-0.4512703749084,0
171,90,17,0.00633389792912207,0
171,90,18,-0.2426360039486277,0
171,90,19,-0.2384666189714207,0
171,90,20,0.002161843677899674,0
171,90,21,-0.1137920411402189,0
171,90,22,-0.1144147853990761,0
171,90,23,-0.0003721207421092069,0
171,90,24,-0.045379106044878,0
171,90,25,-0.05114149546361388,0
171,90,26,-0.0002706289501758594,0
171,90,27,-0.01434238936320257,0
171,90,28,0.0005755459941263716,0
171,90,29,-0.4142627639874464,0
171,90,30,-0.147034072962403,0
171,90,31,-0.005257679648620496,0
171,90,32,-0.750971095256758,0
171,90,33,-0.39902292279742,0
171,90,34,-0.001569138174578122,0
171,90,35,-0.9447913489164969,0
171,90,36,-0.5772729582004681,0
171,90,37,0.00100212627740221,0
171,90,38,-0.9607298163911683,0
171,90,39,-0.6475463425663055,0
171,90,40,0.001146771523731646,0
171,90,41,-0.7950586681027549,0
171,90,42,-0.5963584375276408,0
171,90,43,0.0005160049198686124,0
171,90,44,-0.4872622869000867,0
171,90,45,-0.4346610182348291,0
171,90,46,-0.003026341268919914,0
171,90,47,-0.2360876257618461,0
171,90,48,-0.2318281203173931,0
171,90,49,-0.002315331115004146,0
171,90,50,-0.1104614606823074,0
171,90,51,-0.1121834265644077,0
171,90,52,-0.002774978649542689,0
171,90,53,-0.0434756930156744,0
171,90,54,-0.04993642000561171,0
171,90,55,-0.001420012658455918,0
171,90,56,-0.01384213772403452,0
171,90,57,-0.0003456201052960803,0
171,90,58,-0.4240359115707176,0
171,90,59,-0.1488591980131906,0
171,90,60,-0.007473176502492609,0
171,90,61,-0.7687171674364336,0
171,90,62,-0.4072323233392947,0
171,90,63,-0.003509174160372319,0
171,90,64,-0.9686108989864227,0
171,90,65,-0.5898813044493767,0
171,90,66,0.0003831750544112665,0
171,90,67,-0.9856991666333387,0
171,90,68,-0.6627699338548347,0
171,90,69,0.002514732991547199,0
171,90,70,-0.8162495717461739,0
171,90,71,-0.6105698109001843,0
171,90,72,0.004262778851720584,0
171,90,73,-0.4939427165106153,0
171,90,74,-0.4458875535393013,0
171,90,75,0.001236729595758507,0
171,90,76,-0.2386507171339311,0
171,90,77,-0.2366638342101622,0
171,90,78,-0.00282695199399949,0
171,90,79,-0.1117615171217915,0
171,90,80,-0.1147027224014964,0
171,90,81,-0.00373389723860185,0
171,90,82,-0.04415463118742715,0
171,90,83,-0.05116833311574857,0
171,90,84,-0.00181243255579931,0
171,90,85,-0.01448559217314449,0
171,90,86,-0.0005414547446835574,0
171,90,87,-0.4107306198357353,0
171,90,88,-0.1413032626751874,0
171,90,89,0.003075867691916717,0
171,90,90,-0.7479730608930314,0
171,90,91,-0.3944771655389089,0
171,90,92,0.002049359716411924,0
171,90,93,-0.9434028573966204,0
171,90,94,-0.573162072396473,0
171,90,95,0.004576064719088256,0
171,90,96,-0.9636079680226253,0
171,90,97,-0.6467242123866278,0
171,90,98,0.001703938651439864,0
171,90,99,-0.800818335022971,0
171,90,100,-0.5973766525700889,0
171,90,101,0.002225061570916008,0
171,90,102,-0.491145699517342,0
171,90,103,-0.4408792017304433,0
171,90,104,-0.006223893191939708,0
171,90,105,-0.2383912997750529,0
171,90,106,-0.2368665042761493,0
171,90,107,-0.00569303538394351,0
171,90,108,-0.1112854883068541,0
171,90,109,-0.1150271431104846,0
171,90,110,-0.004313658623380054,0
171,90,111,-0.04385716225278175,0
171,90,112,-0.05119994783871193,0
171,90,113,-0.002186364844999412,0
171,90,114,-0.01458329305049171,0
171,90,115,-0.0008709604820380379,0
171,90,116,-0.4261857228757651,0
171,90,117,-0.1436832945176464,0
171,90,118,-0.7723575761399015,0
171,90,119,-0.4065004397078629,0
171,90,120,-0.9781819354570664,0
171,90,121,-0.5931128402660661,0
171,90,122,-1,0
171,90,123,-0.6715010747995845,0
171,90,124,-0.8376624569551301,0
171,90,125,-0.6235355499198533,0
171,90,126,-0.51109262419505,0
171,90,127,-0.4605817093973015,0
171,90,128,-0.2476733082805052,0
171,90,129,-0.2454255631206991,0
171,90,130,-0.1152338475451603,0
171,90,131,-0.1180513433350105,0
171,90,132,-0.04511365394304008,0
171,90,133,-0.05226927693079903,0
171,90,134,-0.01480182183772383,0
171,90,135,0.0002249101512884692,0
171,90,136,0.0003393874831212716,0
171,90,137,0.0004028707609827088,0
171,90,138,0.0004015260649025584,0
171,90,139,0.0003468005854757735,0
171,90,140,-0.0001735633612594474,0
171,90,141,-3.228745606414778e-05,0
171,90,142,-3.166794758768733e-05,0
171,90,143,-3.624015379030734e-05,0
171,90,144,2.614129567922496e-05,0
171,90,145,7.964261364336173e-06,0
171,90,146,-4.36216433195575e-05,0
171,90,147,-7.483474761752963e-05,0
171,90,148,-8.799182089690646e-05,0
171,90,149,8.21057153719779e-05,0
171,90,150,0.0001673294118934024,0
171,90,151,7.678555330553984e-05,0
171,90,152,2.374979870990728e-05,0
171,90,153,0.0001176548021855809,0
171,90,154,0.0001672190368990451,0
171,90,155,0.0001586367005085022,0
171,90,156,0.0001120576492279727,0
171,90,157,6.149095973736451e-05,0
171,90,158,6.362930281523347e-05,0
171,90,159,0.0002054824204073376,0
171,90,160,8.564696165348591e-05,0
171,90,161,2.424477327847484e-05,0
171,90,162,-0.0001378831691086041,0
171,90,163,-0.0002012073598083813,0
171,90,164,-0.0003275710296003263,0
171,90,165,-0.0003363130394002816,0
171,90,166,-0.0003302978397938955,0
171,90,167,0.0002308641459390617,0
171,90,168,0.0003234397121739802,0
171,90,169,0.0001519590369764537,0
171,90,170,4.84579948254441e-05,0
