ordered_rank,solver_index,dof_index,component_real,component_imag
1,0,0,-0.05576751743745002,0
1,0,1,0.01732239837153595,0
1,0,2,-0.02529527589112702,0
1,0,3,-0.1309003991733906,0
1,0,4,0.05464915013535739,0
1,0,5,-0.1081022113197572,0
1,0,6,-0.2364664673463195,0
1,0,7,0.1124437603576399,0
1,0,8,-0.2427021198631783,0
1,0,9,-0.3090787541058027,0
1,0,10,0.1929347845535547,0
1,0,11,-0.4418555961391513,0
1,0,12,-0.2995507045083916,0
1,0,13,0.2156961235047809,0
1,0,14,-0.5323814634694054,0
1,0,15,-0.2295959300744202,0
1,0,16,0.1897062206292886,0
1,0,17,-0.496492865303484,0
1,0,18,-0.1312217065645926,0
1,0,19,0.1318867971169027,0
1,0,20,-0.3660262124141313,0
1,0,21,-0.04919039781274421,0
1,0,22,0.06693657011681452,0
1,0,23,-0.1954024560082449,0
1,0,24,-0.009161068418196866,0
1,0,25,0.0208334938518929,0
1,0,26,-0.06225012052824482,0
1,0,27,0.002637970116624482,0
1,0,28,-0.004391958120434239,0
1,0,29,-0.06092583419461813,0
1,0,30,0.02066259390792652,0
1,0,31,-0.0110346530324956,0
1,0,32,-0.1861281298780809,0
1,0,33,0.07872088490375483,0
1,0,34,-0.07957934881220409,0
1,0,35,-0.4263417280521705,0
1,0,36,0.1980777121656333,0
1,0,37,-0.2255937125305401,0
1,0,38,-0.698976866368839,0
1,0,39,0.4104006188268849,0
1,0,40,-0.5172719006310431,0
1,0,41,-0.8091773278795019,0
1,0,42,0.5482935224338026,0
1,0,43,-0.7737608321243202,0
1,0,44,-0.7444445467898292,0
1,0,45,0.5668083066085087,0
1,0,46,-0.8624492479756336,0
1,0,47,-0.5369085312787167,0
1,0,48,0.4691130392194183,0
1,0,49,-0.7712862288362844,0
1,0,50,-0.2735214272212976,0
1,0,51,0.297254826369554,0
1,0,52,-0.5297502794499851,0
1,0,53,-0.07613528896536409,0
1,0,54,0.1264721605089105,0
1,0,55,-0.2382041807035394,0
1,0,56,0.02562791418602411,0
1,0,57,-0.03764550974732266,0
1,0,58,-0.02927861229893382,0
1,0,59,0.01042520748604204,0
1,0,60,-0.001589799420638164,0
1,0,61,-0.1146419302986759,0
1,0,62,0.04634012386057109,0
1,0,63,-0.03096139691903108,0
1,0,64,-0.3254937243085785,0
1,0,65,0.1425096072652998,0
1,0,66,-0.1121990733375051,0
1,0,67,-0.6580761870499251,0
1,0,68,0.3582472612844557,0
1,0,69,-0.3262942000814999,0
1,0,70,-0.9188162222542301,0
1,0,71,0.5748778485941384,0
1,0,72,-0.6038603882236784,0
1,0,73,-1,0
1,0,74,0.7022141763696622,0
1,0,75,-0.8082180909953253,0
1,0,76,-0.8746316650390676,0
1,0,77,0.6865742230663526,0
1,0,78,-0.8593528414090205,0
1,0,79,-0.5737885380344323,0
1,0,80,0.5307753361642209,0
1,0,81,-0.7298292201117522,0
1,0,82,-0.2203851468350214,0
1,0,83,0.2900286012036053,0
1,0,84,-0.4394306978737099,0
1,0,85,0.07651006508338815,0
1,0,86,-0.1069380844217646,0
1,0,87,-0.008958268961458953,0
1,0,88,0.003304261791003476,0
1,0,89,0.0008979947974069928,0
1,0,90,-0.04131967752978653,0
1,0,91,0.01530338125811147,0
1,0,92,-0.005771174734530146,0
1,0,93,-0.1421611391043201,0
1,0,94,0.05754130970723684,0
1,0,95,-0.02797819135387813,0
1,0,96,-0.3547003250902039,0
1,0,97,0.1774297080650019,0
1,0,98,-0.1058601970255087,0
1,0,99,-0.6006285718845835,0
1,0,100,0.3460643713917401,0
1,0,101,-0.2493339573319293,0
1,0,102,-0.7756323837092083,0
1,0,103,0.5026808724944499,0
1,0,104,-0.4072609680339944,0
1,0,105,-0.8046778700199142,0
1,0,106,0.5763684031715761,0
1,0,107,-0.5157313945707106,0
1,0,108,-0.6621411648023143,0
1,0,109,0.533187241324062,0
1,0,110,-0.5256131112826297,0
1,0,111,-0.3514519657680574,0
1,0,112,0.3680149678929708,0
1,0,113,-0.4171452870548011,0
1,0,114,0.1249657081167079,0
1,0,115,-0.1619476460027845,0
1,0,116,-0.002252025680492312,0
1,0,117,0.0002154134256289661,0
1,0,118,-0.008179999452589012,0
1,0,119,0.001220518228160176,0
1,0,120,-0.02702352031906708,0
1,0,121,0.008064564753049858,0
1,0,122,-0.07815182411180989,0
1,0,123,0.03403097168968123,0
1,0,124,-0.1620944466381314,0
1,0,125,0.08518486860382266,0
1,0,126,-0.2525796700934209,0
1,0,127,0.1499485547289275,0
1,0,128,-0.3100956297637363,0
1,0,129,0.2008886712916665,0
1,0,130,-0.3077595628175979,0
1,0,131,0.2172269011339789,0
1,0,132,-0.2312394762727213,0
1,0,133,0.1858124597850524,0
1,0,134,0.07799626832501745,0
1,0,135,0.000245753866688705,0
1,0,136,-1.014064815923675e-05,0
1,0,137,0.0002152048091253779,0
1,0,138,-0.000149463372365879,0
1,0,139,-0.0007099075711079256,0
1,0,140,-0.0008136962614687927,0
1,0,141,-0.0006474724680169851,0
1,0,142,-0.0003535339907762728,0
1,0,143,-0.0001584174570314617,0
1,0,144,0.0003663089278710473,0
1,0,145,0.00036419309149667,0
1,0,146,0.0008365616098010866,0
1,0,147,0.0007182384245717878,0
1,0,148,-8.870115194904058e-05,0
1,0,149,-0.0005701319656899075,0
1,0,150,-0.00078159956988539,0
1,0,151,-0.0006446735056493198,0
1,0,152,-0.0003533575407516404,0
1,0,153,0.0003117833311040623,0
1,0,154,0.0004693622385249121,0
1,0,155,0.000991662301123825,0
1,0,156,0.001185794178867092,0
1,0,157,0.0007634881089534229,0
1,0,158,0.0004198119404511389,0
1,0,159,-8.323848096671206e-06,0
1,0,160,-0.000308422836832439,0
1,0,161,-0.0002922411571903387,0
1,0,162,0.000168456346026014,0
1,0,163,0.0002896827592993968,0
1,0,164,0.0005466315089067974,0
1,0,165,0.000739257132649217,0
1,0,166,0.0007201419260753188,0
1,0,167,0.0007836540661640089,0
1,0,168,0.0006414998696628047,0
1,0,169,0.0003265000662156925,0
1,0,170,5.505710602158463e-05,0
2,1,0,0.1377680379861825,0
2,1,1,-0.03996146131540455,0
2,1,2,0.07999451329209113,0
2,1,3,0.2291431381077616,0
2,1,4,-0.1073922651392398,0
2,1,5,0.2593045536682727,0
2,1,6,0.2272362044886193,0
2,1,7,-0.1454512592855396,0
2,1,8,0.4072182110782035,0
2,1,9,0.03702502677761588,0
2,1,10,-0.1147147410113828,0
2,1,11,0.3918036483690146,0
2,1,12,-0.2176838688507181,0
2,1,13,0.04781450288123566,0
2,1,14,0.02216424797613531,0
2,1,15,-0.3372896158652061,0
2,1,16,0.1986391935438916,0
2,1,17,-0.4042125698278496,0
2,1,18,-0.2676351586481653,0
2,1,19,0.2342885806251297,0
2,1,20,-0.5714516091458489,0
2,1,21,-0.1178036477649141,0
2,1,22,0.1595824277828549,0
2,1,23,-0.4216204336918663,0
2,1,24,-0.02135797135862239,0
2,1,25,0.0607201746807252,0
2,1,26,-0.1647095481807423,0
2,1,27,0.008350195486584586,0
2,1,28,-0.0184341770342018,0
2,1,29,0.1774369429321402,0
2,1,30,-0.05666469104871576,0
2,1,31,0.04583773666409829,0
2,1,32,0.4328417480722371,0
2,1,33,-0.1986904366655827,0
2,1,34,0.2372402886661605,0
2,1,35,0.6853895432967144,0
2,1,36,-0.3761545579888147,0
2,1,37,0.5267819038400317,0
2,1,38,0.5825277439725811,0
2,1,39,-0.5004967525509665,0
2,1,40,0.8175543423445136,0
2,1,41,-0.01351214806223294,0
2,1,42,-0.231981185959316,0
2,1,43,0.6025443957577742,0
2,1,44,-0.6349395966142237,0
2,1,45,0.2412077985371375,0
2,1,46,-0.07843242632090731,0
2,1,47,-0.8428730863049468,0
2,1,48,0.5718591757567084,0
2,1,49,-0.7160606193726419,0
2,1,50,-0.5793048717246405,0
2,1,51,0.5577063260746509,0
2,1,52,-0.8670343903119562,0
2,1,53,-0.1895343790312489,0
2,1,54,0.2996639130491401,0
2,1,55,-0.523022846360129,0
2,1,56,0.06595344715793512,0
2,1,57,-0.1069821862210643,0
2,1,58,0.09560804631741819,0
2,1,59,-0.03057299992974414,0
2,1,60,0.01378824574242505,0
2,1,61,0.3253981674787631,0
2,1,62,-0.1400226512822668,0
2,1,63,0.1105482182269448,0
2,1,64,0.7246730210679525,0
2,1,65,-0.3565195848008633,0
2,1,66,0.3313986488203633,0
2,1,67,1,0
2,1,68,-0.6733048412037479,0
2,1,69,0.7304824846542869,0
2,1,70,0.6536210123952191,0
2,1,71,-0.6438589560272434,0
2,1,72,0.9021180539584108,0
2,1,73,-0.1536415630298956,0
2,1,74,-0.1944920413810871,0
2,1,75,0.5310011227234468,0
2,1,76,-0.8480116893343908,0
2,1,77,0.3915250356439411,0
2,1,78,-0.1889697159758667,0
2,1,79,-0.9397633787039241,0
2,1,80,0.698759525984717,0
2,1,81,-0.7514952249836632,0
2,1,82,-0.4691409422509384,0
2,1,83,0.5472400196536011,0
2,1,84,-0.7403535245748392,0
2,1,85,0.1676507884890435,0
2,1,86,-0.2420556180457497,0
2,1,87,0.02867117698826448,0
2,1,88,-0.009183946581616797,0
2,1,89,0.001118288463747028,0
2,1,90,0.1300787678308682,0
2,1,91,-0.05337438934726842,0
2,1,92,0.02521860117875198,0
2,1,93,0.3904388996993327,0
2,1,94,-0.1776228273947442,0
2,1,95,0.09879867443599973,0
2,1,96,0.7614550071545253,0
2,1,97,-0.4477081056665656,0
2,1,98,0.3002828478608501,0
2,1,99,0.8496249341121206,0
2,1,100,-0.6230730213604713,0
2,1,101,0.5381340274887122,0
2,1,102,0.4475287648298553,0
2,1,103,-0.4964090303357862,0
2,1,104,0.5650594367484788,0
2,1,105,-0.2327316462541373,0
2,1,106,-0.07135529508036631,0
2,1,107,0.2719699206062337,0
2,1,108,-0.7075486556653616,0
2,1,109,0.3730746621814954,0
2,1,110,-0.182022663771455,0
2,1,111,-0.584575465368793,0
2,1,112,0.5014778504875473,0
2,1,113,-0.4660742600037301,0
2,1,114,0.2170275452020595,0
2,1,115,-0.2803208817489174,0
2,1,116,0.003342373743770255,0
2,1,117,-0.0007940801613448447,0
2,1,118,0.01995608088269563,0
2,1,119,-0.007711679895782643,0
2,1,120,0.0761310145605613,0
2,1,121,-0.03386174306026015,0
2,1,122,0.2029927250827016,0
2,1,123,-0.1116913351981447,0
2,1,124,0.3294461179269021,0
2,1,125,-0.2082497146110177,0
2,1,126,0.3243668794109112,0
2,1,127,-0.2457623339051279,0
2,1,128,0.1346170149065066,0
2,1,129,-0.1579015853932801,0
2,1,130,-0.1305514597294945,0
2,1,131,0.01666223288594095,0
2,1,132,-0.2652494313339698,0
2,1,133,0.1550150153141516,0
2,1,134,0.09777492178660302,0
2,1,135,0.0001405875026148741,0
2,1,136,0.001128788702646765,0
2,1,137,0.001262959727130726,0
2,1,138,0.001084383885254485,0
2,1,139,0.0005062769719818884,0
2,1,140,-0.0003161954849767631,0
2,1,141,-0.000481305619371225,0
2,1,142,-0.0001104287566176731,0
2,1,143,6.811079897554596e-05,0
2,1,144,-9.629003166738929e-05,0
2,1,145,0.000684835039507617,0
2,1,146,0.0008114242411020081,0
2,1,147,0.001134286195553954,0
2,1,148,0.001614062535392437,0
2,1,149,0.00117434765780997,0
2,1,150,0.0005591719425029404,0
2,1,151,0.0003292365310822268,0
2,1,152,0.0002253345372224662,0
2,1,153,-0.0001920784058823344,0
2,1,154,6.689704181763053e-05,0
2,1,155,-0.0002496399321006773,0
2,1,156,-0.0001890987712154086,0
2,1,157,0.0008089418573626952,0
2,1,158,0.001444984570510317,0
2,1,159,0.001667496628614239,0
2,1,160,0.00141508113994028,0
2,1,161,0.0008326661463352879,0
2,1,162,-0.0001114849364258932,0
2,1,163,-8.892566771804982e-05,0
2,1,164,-0.0003920567985394934,0
2,1,165,-0.000731159139264852,0
2,1,166,-0.0004569935083563495,0
2,1,167,3.127300466894666e-05,0
2,1,168,0.0008761865861519722,0
2,1,169,0.001416667686386406,0
2,1,170,0.001128290745453158,0
3,2,0,0.213256513370563,0
3,2,1,-0.06754531249224133,0
3,2,2,0.1810656985859795,0
3,2,3,0.1575062872177316,0
3,2,4,-0.1274761209838909,0
3,2,5,0.390391575359013,0
3,2,6,-0.1140000384934117,0
3,2,7,-0.03970692499167892,0
3,2,8,0.2504881916280869,0
3,2,9,-0.3141643408081103,0
3,2,10,0.1387779423050399,0
3,2,11,-0.2431327708914179,0
3,2,12,-0.1043721812542666,0
3,2,13,0.178278828011429,0
3,2,14,-0.5270477770656776,0
3,2,15,0.2860033305147311,0
3,2,16,-0.03335622738640936,0
3,2,17,-0.1175817480405054,0
3,2,18,0.4221224691592263,0
3,2,19,-0.2642981159688837,0
3,2,20,0.5216757202142512,0
3,2,21,0.2462548835854909,0
3,2,22,-0.2808750720110473,0
3,2,23,0.6764780830608397,0
3,2,24,0.05329281186160949,0
3,2,25,-0.1345650809257829,0
3,2,26,0.3416063567176933,0
3,2,27,-0.02145162359307303,0
3,2,28,0.04303392736732093,0
3,2,29,0.3865101676028971,0
3,2,30,-0.1307822002009948,0
3,2,31,0.1334151037712436,0
3,2,32,0.6337115305978135,0
3,2,33,-0.3618961093482299,0
3,2,34,0.5140840959148502,0
3,2,35,0.3947974204328702,0
3,2,36,-0.3853035184955148,0
3,2,37,0.7501457202495943,0
3,2,38,-0.397361524521812,0
3,2,39,-0.03567991489092159,0
3,2,40,0.4335901244712981,0
3,2,41,-0.7694431594185155,0
3,2,42,0.4783471079754537,0
3,2,43,-0.4885356041198427,0
3,2,44,-0.1117361177700357,0
3,2,45,0.3935535816933546,0
3,2,46,-0.8148853857765687,0
3,2,47,0.8001679795880147,0
3,2,48,-0.2564439819401548,0
3,2,49,-0.05085106598183495,0
3,2,50,0.9343150530066863,0
3,2,51,-0.7149116091686721,0
3,2,52,0.8505592646175815,0
3,2,53,0.3919943342761452,0
3,2,54,-0.5522191636962931,0
3,2,55,0.8450684215349812,0
3,2,56,-0.1470963102943701,0
3,2,57,0.2202205854056472,0
3,2,58,0.2632509418445771,0
3,2,59,-0.08787888040866032,0
3,2,60,0.05046877187770764,0
3,2,61,0.6944158577462662,0
3,2,62,-0.3421787326820089,0
3,2,63,0.3051614601817709,0
3,2,64,1,0
3,2,65,-0.616162295422382,0
3,2,66,0.7019533659439519,0
3,2,67,0.4984389943176151,0
3,2,68,-0.6399100353375629,0
3,2,69,0.9886076693670357,0
3,2,70,-0.6076730195070752,0
3,2,71,0.04997486703895993,0
3,2,72,0.4047631345202723,0
3,2,73,-0.8987299850091771,0
3,2,74,0.6454176023521715,0
3,2,75,-0.588929462675914,0
3,2,76,0.01620164012621665,0
3,2,77,0.3801020233299227,0
3,2,78,-0.7704252227327519,0
3,2,79,0.9379441179502768,0
3,2,80,-0.4014149884189854,0
3,2,81,0.05342319772741708,0
3,2,82,0.748697906862144,0
3,2,83,-0.7114579210728853,0
3,2,84,0.7389278420023705,0
3,2,85,-0.2927543247342876,0
3,2,86,0.3848375747134016,0
3,2,87,0.09220706741679614,0
3,2,88,-0.0306609561406582,0
3,2,89,0.007127977630645457,0
3,2,90,0.3525098876368762,0
3,2,91,-0.1610519534894849,0
3,2,92,0.08268595612400292,0
3,2,93,0.8010976853280882,0
3,2,94,-0.4191839481501577,0
3,2,95,0.269584029959759,0
3,2,96,0.9996899025197208,0
3,2,97,-0.7481937632116897,0
3,2,98,0.6100928271078671,0
3,2,99,0.3279455636904129,0
3,2,100,-0.5277971736896434,0
3,2,101,0.6881571446814091,0
3,2,102,-0.594109979711288,0
3,2,103,0.1443319080534782,0
3,2,104,0.1815638320213631,0
3,2,105,-0.6804488514106525,0
3,2,106,0.5398504835126864,0
3,2,107,-0.429541759807109,0
3,2,108,0.09576728592123943,0
3,2,109,0.219563379200981,0
3,2,110,-0.4445236392736126,0
3,2,111,0.5747749828372253,0
3,2,112,-0.3101236178436483,0
3,2,113,0.07590782736243137,0
3,2,114,-0.2494847305447398,0
3,2,115,0.2780779883384299,0
3,2,116,0.01009253981304262,0
3,2,117,-0.003392887046967556,0
3,2,118,0.06137164740340868,0
3,2,119,-0.02827114542917747,0
3,2,120,0.198919452521773,0
3,2,121,-0.09955461086552622,0
3,2,122,0.4025081214117057,0
3,2,123,-0.2523608405162344,0
3,2,124,0.4016011469560999,0
3,2,125,-0.3121390912693408,0
3,2,126,0.07084045641412544,0
3,2,127,-0.153056621158531,0
3,2,128,-0.2749736148811344,0
3,2,129,0.1093443420726002,0
3,2,130,-0.2495982972731033,0
3,2,131,0.1921602725775232,0
3,2,132,0.04572009567688157,0
3,2,133,0.03584303470568868,0
3,2,134,-0.05032351212649212,0
3,2,135,0.0009376470799350636,0
3,2,136,0.001738869832245821,0
3,2,137,0.0004832350953785918,0
3,2,138,-0.001590765211957426,0
3,2,139,-0.001936920011258478,0
3,2,140,-0.0004013104378982644,0
3,2,141,0.0008980344471072554,0
3,2,142,0.0006305569980867683,0
3,2,143,4.294204254216685e-05,0
3,2,144,0.0005054851898469302,0
3,2,145,0.001751461045141097,0
3,2,146,0.00137874708206088,0
3,2,147,-2.624127785328124e-05,0
3,2,148,-0.0009320458819775094,0
3,2,149,-0.0009801289008767576,0
3,2,150,-0.0003760493487157536,0
3,2,151,-0.0002184307309050894,0
3,2,152,-0.0003899899211595161,0
3,2,153,-3.258941259595157e-05,0
3,2,154,0.0005710307189429824,0
3,2,155,0.0002189945417563242,0
3,2,156,-0.0001187321736111737,0
3,2,157,0.0007998063658747381,0
3,2,158,0.001154585727414523,0
3,2,159,0.0004572594740120312,0
3,2,160,-0.0007353265759314139,0
3,2,161,-0.001239464317438875,0
3,2,162,-9.920950763323737e-05,0
3,2,163,-3.777404920903551e-05,0
3,2,164,-0.0006372372210812051,0
3,2,165,-0.001370831951322621,0
3,2,166,-0.0002073038724624036,0
3,2,167,0.001515478769552223,0
3,2,168,0.00207305886789683,0
3,2,169,0.0006972794501411243,0
3,2,170,-0.0008117566153770828,0
4,3,0,0.1283260670296325,0
4,3,1,-0.05476647429531084,0
4,3,2,0.2136142065847037,0
4,3,3,-0.09558210502878346,0
4,3,4,-0.03728023149808245,0
4,3,5,0.2278572934785623,0
4,3,6,-0.271449535656758,0
4,3,7,0.1149403575755835,0
4,3,8,-0.2004874775411512,0
4,3,9,-0.04240953107772127,0
4,3,10,0.1677472018254685,0
4,3,11,-0.4741103623684351,0
4,3,12,0.1669730609825121,0
4,3,13,-0.01958737331622978,0
4,3,14,-0.003898516020037711,0
4,3,15,-0.1122243770553588,0
4,3,16,-0.05232574577834601,0
4,3,17,0.3025114825900508,0
4,3,18,-0.4518390228018261,0
4,3,19,0.1951666238615153,0
4,3,20,-0.2224374037521748,0
4,3,21,-0.3591943913736899,0
4,3,22,0.3471143608247889,0
4,3,23,-0.7358148205170214,0
4,3,24,-0.0917838897119683,0
4,3,25,0.2110500848140553,0
4,3,26,-0.4994617087910106,0
4,3,27,0.03836046761394655,0
4,3,28,-0.07080197354263297,0
4,3,29,0.4480849492702314,0
4,3,30,-0.1681821303055731,0
4,3,31,0.2146403979805772,0
4,3,32,0.3564309208367274,0
4,3,33,-0.3202023257221152,0
4,3,34,0.5937148670316089,0
4,3,35,-0.3436089839673706,0
4,3,36,-0.03208212619673209,0
4,3,37,0.3974385808877624,0
4,3,38,-0.6749167878435601,0
4,3,39,0.4509302848065313,0
4,3,40,-0.4215981396332892,0
4,3,41,0.07658160891785915,0
4,3,42,0.2951645422559663,0
4,3,43,-0.6557453565379595,0
4,3,44,0.4664304811695329,0
4,3,45,-0.2438858441304821,0
4,3,46,0.223846963597515,0
4,3,47,-0.3391534730276832,0
4,3,48,-0.1011388077031184,0
4,3,49,0.5572563066604248,0
4,3,50,-1,0
4,3,51,0.5668867368099132,0
4,3,52,-0.338053267578436,0
4,3,53,-0.5649219814999293,0
4,3,54,0.6935296208385636,0
4,3,55,-0.8890991712349255,0
4,3,56,0.2286644393850362,0
4,3,57,-0.3127916648778075,0
4,3,58,0.4195492338193842,0
4,3,59,-0.1502330069551502,0
4,3,60,0.09979327644553973,0
4,3,61,0.7937177613365125,0
4,3,62,-0.4671943642404735,0
4,3,63,0.4849021381066804,0
4,3,64,0.5047771216075244,0
4,3,65,-0.5098942172747531,0
4,3,66,0.7921187252705892,0
4,3,67,-0.5037558125581235,0
4,3,68,-0.01085451228250193,0
4,3,69,0.4893798435782508,0
4,3,70,-0.6513300211453135,0
4,3,71,0.53209922746739,0
4,3,72,-0.4525968559627616,0
4,3,73,0.3982229250416058,0
4,3,74,0.116230594244687,0
4,3,75,-0.4767744282949405,0
4,3,76,0.6892164702273221,0
4,3,77,-0.504965372104029,0
4,3,78,0.4795217973387316,0
4,3,79,-0.3256731850344579,0
4,3,80,-0.1712232264205862,0
4,3,81,0.6601812858365462,0
4,3,82,-0.7524646964268569,0
4,3,83,0.4986651224845774,0
4,3,84,-0.2082129868459818,0
4,3,85,0.3296055440657242,0
4,3,86,-0.3751230532356775,0
4,3,87,0.1786180006129351,0
4,3,88,-0.06287280837985292,0
4,3,89,0.01675886483864522,0
4,3,90,0.5549352689100685,0
4,3,91,-0.2833107359305868,0
4,3,92,0.1591072923787928,0
4,3,93,0.8749216624643369,0
4,3,94,-0.5500773423949417,0
4,3,95,0.42275745863113,0
4,3,96,0.4716643828453082,0
4,3,97,-0.5897091206314676,0
4,3,98,0.6606814194119036,0
4,3,99,-0.4249119903990167,0
4,3,100,0.01642847157027508,0
4,3,101,0.3107732277355424,0
4,3,102,-0.331270882985319,0
4,3,103,0.3492669693916528,0
4,3,104,-0.2968585447918529,0
4,3,105,0.5719793009338991,0
4,3,106,-0.1342705470854748,0
4,3,107,-0.17411858735148,0
4,3,108,0.6537121307071032,0
4,3,109,-0.5520184985137154,0
4,3,110,0.4434244979391346,0
4,3,111,-0.1098100294912922,0
4,3,112,-0.199658594405562,0
4,3,113,0.4565363756622952,0
4,3,114,0.1001059871100237,0
4,3,115,-0.04314004420947214,0
4,3,116,0.02146778530486736,0
4,3,117,-0.008011668748482852,0
4,3,118,0.1164659831238394,0
4,3,119,-0.05836405169505247,0
4,3,120,0.2996324478066587,0
4,3,121,-0.1670473351668601,0
4,3,122,0.4186797770320565,0
4,3,123,-0.3119402202797842,0
4,3,124,0.1624890103730597,0
4,3,125,-0.2116714410228669,0
4,3,126,-0.1768781833583823,0
4,3,127,0.04469279759973279,0
4,3,128,-0.05549646014736778,0
4,3,129,0.08072835685880661,0
4,3,130,0.3030013102185197,0
4,3,131,-0.1417125729568793,0
4,3,132,0.2763664117403971,0
4,3,133,-0.2237005746702909,0
4,3,134,-0.06131269300578683,0
4,3,135,0.001119403127996817,0
4,3,136,0.0004902518150176837,0
4,3,137,-0.0009834417726314537,0
4,3,138,-0.000601090063223649,0
4,3,139,0.001546077036624695,0
4,3,140,0.001677841947798355,0
4,3,141,-0.0003712464203076018,0
4,3,142,-0.001094847355271764,0
4,3,143,-0.0003350893520392849,0
4,3,144,0.0009855565951822826,0
4,3,145,0.001588677269734013,0
4,3,146,0.0005686537969051983,0
4,3,147,-0.0002664452848432797,0
4,3,148,0.000576840860823406,0
4,3,149,0.001505871192611349,0
4,3,150,0.0009564358914219687,0
4,3,151,0.0001385222514331619,0
4,3,152,0.0002796220695506478,0
4,3,153,0.0001720825439687877,0
4,3,154,0.0007495849340301896,0
4,3,155,0.0005902325792701012,0
4,3,156,0.0006146731907732611,0
4,3,157,0.001316827438300756,0
4,3,158,0.0007101266790452318,0
4,3,159,-0.0005031426065651149,0
4,3,160,-0.0003990045160498008,0
4,3,161,0.0006866865025498478,0
4,3,162,-8.956584843265867e-05,0
4,3,163,-0.0001246199110225518,0
4,3,164,-0.0006261745101836942,0
4,3,165,-0.0007880201690147533,0
4,3,166,0.001159032612961082,0
4,3,167,0.001639983162143838,0
4,3,168,-0.0006042983613812076,0
4,3,169,-0.002105364501589923,0
4,3,170,-0.0008111826329954742,0
5,4,0,0.1026950143619418,0
5,4,1,-0.04874975996359662,0
5,4,2,0.120944873408858,0
5,4,3,0.1206065316973789,0
5,4,4,-0.09316819894074548,0
5,4,5,0.1713663189252269,0
5,4,6,0.3251627210451467,0
5,4,7,-0.1565066717437578,0
5,4,8,0.1748261359651861,0
5,4,9,0.5653169195480466,0
5,4,10,-0.3631566512287925,0
5,4,11,0.5263076263438894,0
5,4,12,0.5003387447889678,0
5,4,13,-0.4597076677858315,0
5,4,14,0.8440181683216347,0
5,4,15,0.2779047162293515,0
5,4,16,-0.3405513994507016,0
5,4,17,0.6746807522546603,0
5,4,18,0.1538049028036497,0
5,4,19,-0.1720927441502646,0
5,4,20,0.3211938141791464,0
5,4,21,0.09364644883127014,0
5,4,22,-0.08983034118044617,0
5,4,23,0.1708119073957846,0
5,4,24,0.0297087584615405,0
5,4,25,-0.04618300292086142,0
5,4,26,0.09973521064103723,0
5,4,27,-0.01057934520082713,0
5,4,28,0.01232980665478494,0
5,4,29,0.2580522731543671,0
5,4,30,-0.1062329639845122,0
5,4,31,0.1219619472332109,0
5,4,32,0.2412925178538483,0
5,4,33,-0.2065045940219948,0
5,4,34,0.3073712723483188,0
5,4,35,0.2209937784010378,0
5,4,36,-0.1790911945193443,0
5,4,37,0.1771475024468495,0
5,4,38,0.6446952875533258,0
5,4,39,-0.3588690679638806,0
5,4,40,0.04981156481203348,0
5,4,41,1,0
5,4,42,-0.7095727283359496,0
5,4,43,0.3847473850216421,0
5,4,44,0.7225020237173844,0
5,4,45,-0.7596020995542957,0
5,4,46,0.6515902341180195,0
5,4,47,0.2819411819691299,0
5,4,48,-0.4271196116437431,0
5,4,49,0.3458500962522953,0
5,4,50,0.164118519518146,0
5,4,51,-0.173307049888168,0
5,4,52,0.02480808029108229,0
5,4,53,0.1052933417387034,0
5,4,54,-0.1162447029889126,0
5,4,55,0.05965468520592337,0
5,4,56,-0.04951005612513527,0
5,4,57,0.04731340202725009,0
5,4,58,0.2443984975696512,0
5,4,59,-0.09204450594464086,0
5,4,60,0.06047691349241573,0
5,4,61,0.3753173040978185,0
5,4,62,-0.2492852800818667,0
5,4,63,0.2671292180723357,0
5,4,64,0.1129385802397792,0
5,4,65,-0.1962147756071501,0
5,4,66,0.3151772370109586,0
5,4,67,-0.1940551169309973,0
5,4,68,0.04464478339525465,0
5,4,69,-0.05090567367788322,0
5,4,70,0.03486035352174544,0
5,4,71,0.08275497337211295,0
5,4,72,-0.4597757012748873,0
5,4,73,0.2289578019179249,0
5,4,74,-0.1288361413797356,0
5,4,75,-0.3579825098400459,0
5,4,76,-0.08549025087366345,0
5,4,77,-0.06961326032983031,0
5,4,78,-0.2473236589065413,0
5,4,79,-0.2478427071560468,0
5,4,80,0.1668195574220415,0
5,4,81,-0.453799534693679,0
5,4,82,-0.02688002869166425,0
5,4,83,0.1292616151863416,0
5,4,84,-0.3800003479798778,0
5,4,85,-0.00133743561277238,0
5,4,86,-0.03221050646959481,0
5,4,87,0.1103584932834274,0
5,4,88,-0.03956053225248839,0
5,4,89,0.01055949349372949,0
5,4,90,0.2916209942587474,0
5,4,91,-0.160346375387376,0
5,4,92,0.09587717509098843,0
5,4,93,0.2767149720052988,0
5,4,94,-0.2263336135126272,0
5,4,95,0.2137393336006625,0
5,4,96,-0.2173380101606283,0
5,4,97,-0.02920251819777944,0
5,4,98,0.1688878113483808,0
5,4,99,-0.7103607942884956,0
5,4,100,0.4189408886496518,0
5,4,101,-0.2460701822970297,0
5,4,102,-0.6927112190437729,0
5,4,103,0.602060084609932,0
5,4,104,-0.6232408207675142,0
5,4,105,-0.6351692744250953,0
5,4,106,0.554536134987323,0
5,4,107,-0.6311535323730493,0
5,4,108,-0.7420041543567716,0
5,4,109,0.601507242275327,0
5,4,110,-0.5951245430790701,0
5,4,111,-0.4465230029129285,0
5,4,112,0.5345970540174645,0
5,4,113,-0.6056136349250031,0
5,4,114,0.1827509332436717,0
5,4,115,-0.2347159068232644,0
5,4,116,0.01260375183346462,0
5,4,117,-0.004901161684485262,0
5,4,118,0.06510477081761756,0
5,4,119,-0.03545849686043067,0
5,4,120,0.1295603568056018,0
5,4,121,-0.08547347659527654,0
5,4,122,0.06288137068710226,0
5,4,123,-0.09359084743553076,0
5,4,124,-0.2223265463773382,0
5,4,125,0.07811055572185474,0
5,4,126,-0.4510340318040111,0
5,4,127,0.2906688108211513,0
5,4,128,-0.4561937203273813,0
5,4,129,0.3675805190964039,0
5,4,130,-0.4331133837623178,0
5,4,131,0.3702795341301539,0
5,4,132,-0.3937391712604246,0
5,4,133,0.3594522430490326,0
5,4,134,0.1617969443871445,0
5,4,135,-0.0003126825182158561,0
5,4,136,-0.0009152325659270118,0
5,4,137,-0.00158350115810157,0
5,4,138,-0.0004464016484314757,0
5,4,139,0.001144928459227575,0
5,4,140,0.001340688466469642,0
5,4,141,0.001409569364519393,0
5,4,142,0.001437850831233653,0
5,4,143,0.0007973262412164684,0
5,4,144,-6.278036321363422e-05,0
5,4,145,-0.0004303125686787286,0
5,4,146,-0.001410176174752876,0
5,4,147,-0.001725176199208393,0
5,4,148,-0.0005711708786910738,0
5,4,149,3.232547247741834e-06,0
5,4,150,0.0002950628883640165,0
5,4,151,0.0007565000733562151,0
5,4,152,0.0006344338602773287,0
5,4,153,7.876609207992896e-06,0
5,4,154,0.0001681747403236385,0
5,4,155,0.000509925467070169,0
5,4,156,0.0006508411389292568,0
5,4,157,0.0006283192878141077,0
5,4,158,-0.000318741112911893,0
5,4,159,-0.001000137264214911,0
5,4,160,-0.0007685124745125813,0
5,4,161,-0.0003387780979414456,0
5,4,162,9.068184703027758e-06,0
5,4,163,0.0001042978108824765,0
5,4,164,0.0006505071220707771,0
5,4,165,0.001416634790681489,0
5,4,166,0.002370153918376954,0
5,4,167,0.001671645567589951,0
5,4,168,0.0001040134782313606,0
5,4,169,-0.0004715089647119858,0
5,4,170,-0.000300739723932273,0
6,5,0,0.09582795130134429,0
6,5,1,-0.0009106723017505208,0
6,5,2,-0.1750928144742823,0
6,5,3,0.3494725684091999,0
6,5,4,-0.1355381165229406,0
6,5,5,0.1645906451988356,0
6,5,6,0.2038215910793345,0
6,5,7,-0.2373966123655776,0
6,5,8,0.5881959118806507,0
6,5,9,-0.005774566163473602,0
6,5,10,-0.1227870179806112,0
6,5,11,0.2668563112090587,0
6,5,12,0.259329311407567,0
6,5,13,-0.05685114634621712,0
6,5,14,-0.07225399448701536,0
6,5,15,0.1863762685680687,0
6,5,16,-0.1857286908340759,0
6,5,17,0.4353943093228232,0
6,5,18,-0.4242896251392631,0
6,5,19,0.03959006539467278,0
6,5,20,0.2556348096860378,0
6,5,21,-0.5453990389821257,0
6,5,22,0.4258399777169621,0
6,5,23,-0.7355271775386792,0
6,5,24,-0.1656670454493032,0
6,5,25,0.3581847571285252,0
6,5,26,-0.7790642621391594,0
6,5,27,0.0745769737172846,0
6,5,28,-0.1305132388231854,0
6,5,29,-0.3684053310241052,0
6,5,30,0.1700455740539642,0
6,5,31,-0.3282098843829547,0
6,5,32,0.2504149896242408,0
6,5,33,0.08575614057626646,0
6,5,34,-0.5153023333261377,0
6,5,35,0.8881380652570255,0
6,5,36,-0.449258725895777,0
6,5,37,0.2739087212761948,0
6,5,38,0.2293746160151446,0
6,5,39,-0.5697393654077521,0
6,5,40,0.893125187040765,0
6,5,41,-0.2169324334918693,0
6,5,42,0.02524000814621322,0
6,5,43,-0.05305305696174009,0
6,5,44,0.5957101244916441,0
6,5,45,-0.1165180195638515,0
6,5,46,-0.394587698658607,0
6,5,47,0.3128741455937328,0
6,5,48,-0.4555469439659224,0
6,5,49,0.623581289507401,0
6,5,50,-1,0
6,5,51,0.2735431807298668,0
6,5,52,0.3187977637413332,0
6,5,53,-0.865493082363137,0
6,5,54,0.8849857864951802,0
6,5,55,-0.8817026984097226,0
6,5,56,0.3790809032975952,0
6,5,57,-0.4760044880618423,0
6,5,58,-0.6475959509099205,0
6,5,59,0.2550874495160383,0
6,5,60,-0.2022754494057843,0
6,5,61,-0.7063472687549914,0
6,5,62,0.5702492598268495,0
6,5,63,-0.7593386253725508,0
6,5,64,0.3139012042189847,0
6,5,65,0.1794736305848377,0
6,5,66,-0.719304515648661,0
6,5,67,0.8355496353771924,0
6,5,68,-0.570895332886956,0
6,5,69,0.2390850119253984,0
6,5,70,-0.4207074740328151,0
6,5,71,-0.215020014073613,0
6,5,72,0.5202285505914933,0
6,5,73,-0.6234078716299478,0
6,5,74,0.5270540188484378,0
6,5,75,-0.6877879469147232,0
6,5,76,0.6706483678550816,0
6,5,77,-0.02443740214776659,0
6,5,78,-0.6675458784518401,0
6,5,79,0.3658488870892617,0
6,5,80,-0.5248117026296583,0
6,5,81,0.6035867395237277,0
6,5,82,-0.7044186331569166,0
6,5,83,0.186399877572014,0
6,5,84,0.3593387563210162,0
6,5,85,0.3634976667357296,0
6,5,86,-0.3296211240441494,0
6,5,87,-0.3642200835488303,0
6,5,88,0.1378453614229871,0
6,5,89,-0.03944015826676515,0
6,5,90,-0.8691955162786066,0
6,5,91,0.5104866999335159,0
6,5,92,-0.3237054593086766,0
6,5,93,-0.7924346351265661,0
6,5,94,0.6765905953545868,0
6,5,95,-0.6601053196024271,0
6,5,96,0.1600095477184718,0
6,5,97,0.2624370317640631,0
6,5,98,-0.6005223882498227,0
6,5,99,0.2260185224906038,0
6,5,100,-0.2367033973006673,0
6,5,101,0.08802187974559406,0
6,5,102,-0.9248235415094682,0
6,5,103,0.3433446963134024,0
6,5,104,0.03409906110797541,0
6,5,105,-0.6806621563782719,0
6,5,106,0.7591050046184126,0
6,5,107,-0.7571380864997211,0
6,5,108,0.579788972428815,0
6,5,109,-0.0107148409267331,0
6,5,110,-0.4708705860774131,0
6,5,111,0.3488572066665508,0
6,5,112,-0.4384389053340231,0
6,5,113,0.4210834481416189,0
6,5,114,-0.06946699721482615,0
6,5,115,0.1997856097509008,0
6,5,116,-0.05186271176210125,0
6,5,117,0.02035479665498052,0
6,5,118,-0.2381950662661527,0
6,5,119,0.1279284252230056,0
6,5,120,-0.4586497538767703,0
6,5,121,0.2870162070486399,0
6,5,122,-0.3776489775011694,0
6,5,123,0.3564194153305408,0
6,5,124,0.03218532438679263,0
6,5,125,0.08633259492327654,0
6,5,126,-0.06270571393550835,0
6,5,127,0.01575906705350575,0
6,5,128,-0.4966595025160025,0
6,5,129,0.3116397281208674,0
6,5,130,-0.2445459154358611,0
6,5,131,0.3071648106235838,0
6,5,132,0.2613650117973633,0
6,5,133,-0.06260814684052743,0
6,5,134,-0.08542267647379909,0
6,5,135,-0.0005610718686847033,0
6,5,136,0.001271017192163298,0
6,5,137,0.0005878060229460988,0
6,5,138,-0.001395913280268547,0
6,5,139,0.000526563797867139,0
6,5,140,0.003415880239505317,0
6,5,141,0.001727891115331443,0
6,5,142,-0.0008451520588859595,0
6,5,143,-0.0005055066377109776,0
6,5,144,-0.001278517287511586,0
6,5,145,-0.0008267827233780816,0
6,5,146,7.145170856392412e-05,0
6,5,147,-0.0007188946301648068,0
6,5,148,-0.0008206573741457918,0
6,5,149,0.001033608723022574,0
6,5,150,0.001842187605207271,0
6,5,151,0.0006151038638927902,0
6,5,152,0.0003108641814588478,0
6,5,153,-0.0003055414901006521,0
6,5,154,-0.0006545928988066577,0
6,5,155,-0.0004439576515063111,0
6,5,156,-0.000970013967973589,0
6,5,157,-0.0007952802017005508,0
6,5,158,9.92836646366666e-05,0
6,5,159,-0.0008563234040200212,0
6,5,160,-0.002145554725949353,0
6,5,161,-0.0008743989814243567,0
6,5,162,0.0002578020490563042,0
6,5,163,0.0006418363870082446,0
6,5,164,0.001031377330948964,0
6,5,165,8.846169313171582e-05,0
6,5,166,-0.001491063115882508,0
6,5,167,0.0002605180731634904,0
6,5,168,0.0008770968742842094,0
6,5,169,-0.002380460513059934,0
6,5,170,-0.00326168733813745,0
7,6,0,0.2384296327222352,0
7,6,1,-0.1067999125722954,0
7,6,2,0.2051973131438686,0
7,6,3,0.3916672577163473,0
7,6,4,-0.2390328208861166,0
7,6,5,0.3807052129378855,0
7,6,6,0.5351326828714708,0
7,6,7,-0.3404657080474759,0
7,6,8,0.6035131369254179,0
7,6,9,0.07713965292074472,0
7,6,10,-0.3292757954316188,0
7,6,11,0.8259414478259728,0
7,6,12,-0.5155888717863479,0
7,6,13,0.1582798887118397,0
7,6,14,0.005458644516371682,0
7,6,15,-0.4895635380472375,0
7,6,16,0.4897420563070498,0
7,6,17,-0.8322619995150919,0
7,6,18,-0.1844534613143902,0
7,6,19,0.336710647052216,0
7,6,20,-0.6505186993618933,0
7,6,21,-0.0421437991441261,0
7,6,22,0.08869808427646762,0
7,6,23,-0.1707285560486774,0
7,6,24,-0.01456868084654444,0
7,6,25,0.00402871158997348,0
7,6,26,-0.006538257688431933,0
7,6,27,0.001496345943793791,0
7,6,28,0.009009433714762807,0
7,6,29,0.4198702531328933,0
7,6,30,-0.1856428235444292,0
7,6,31,0.2044891909184328,0
7,6,32,0.4763110083674145,0
7,6,33,-0.3825326323133038,0
7,6,34,0.4415563219005882,0
7,6,35,0.764357470863115,0
7,6,36,-0.4867091157353755,0
7,6,37,0.2738203821860974,0
7,6,38,0.9525395367199715,0
7,6,39,-0.8111864477752047,0
7,6,40,0.4729484971531062,0
7,6,41,-0.1260319636568215,0
7,6,42,-0.4041938600537843,0
7,6,43,0.6529138512528632,0
7,6,44,-1,0
7,6,45,0.5503838109782994,0
7,6,46,-0.1889116168291825,0
7,6,47,-0.6000386370264413,0
7,6,48,0.7635336168508994,0
7,6,49,-0.6644377901301006,0
7,6,50,-0.06597711237144449,0
7,6,51,0.2676883047008506,0
7,6,52,-0.1475500322118099,0
7,6,53,0.01328126994688931,0
7,6,54,-0.009262981155386332,0
7,6,55,0.1369910668992194,0
7,6,56,-0.001115134784661527,0
7,6,57,0.03653183344960428,0
7,6,58,0.3939441881177944,0
7,6,59,-0.1580462525050552,0
7,6,60,0.1170264585987549,0
7,6,61,0.4276651413846447,0
7,6,62,-0.3616646796292204,0
7,6,63,0.4080086271410468,0
7,6,64,-0.02985759001830204,0
7,6,65,-0.18030021256286,0
7,6,66,0.2238381257532033,0
7,6,67,0.02679115685932961,0
7,6,68,7.880425103580919e-05,0
7,6,69,-0.4761370619988762,0
7,6,70,0.3095915033974211,0
7,6,71,-0.1626729469894002,0
7,6,72,-0.4829171673657977,0
7,6,73,-0.1541098074311422,0
7,6,74,-0.04691352650106489,0
7,6,75,-0.01855134407896718,0
7,6,76,-0.1887449091484864,0
7,6,77,0.207202827240967,0
7,6,78,0.03456511879961161,0
7,6,79,0.3507931426694438,0
7,6,80,-0.1028144761415863,0
7,6,81,0.3562765019647258,0
7,6,82,0.2754476374857431,0
7,6,83,-0.3505708899910991,0
7,6,84,0.6493973322403311,0
7,6,85,-0.1186763994649108,0
7,6,86,0.1942498054617289,0
7,6,87,0.2020543081209014,0
7,6,88,-0.07590364291887797,0
7,6,89,0.02482091241148182,0
7,6,90,0.3980792251859555,0
7,6,91,-0.2612152736317077,0
7,6,92,0.1757840774591083,0
7,6,93,-0.002790978735553149,0
7,6,94,-0.1831609841542688,0
7,6,95,0.2676269617790667,0
7,6,96,-0.8889981758560952,0
7,6,97,0.4101128477577894,0
7,6,98,-0.1476581375866759,0
7,6,99,-0.8793499043600917,0
7,6,100,0.8239024023912405,0
7,6,101,-0.8549006841844525,0
7,6,102,-0.2078917414996866,0
7,6,103,0.4907408690840699,0
7,6,104,-0.7866289509959724,0
7,6,105,0.2544986030268741,0
7,6,106,0.003026309069728633,0
7,6,107,-0.1690226841221299,0
7,6,108,0.7854654448955156,0
7,6,109,-0.4684232975968038,0
7,6,110,0.3311787048902277,0
7,6,111,0.768283151517631,0
7,6,112,-0.7666549904689837,0
7,6,113,0.7323221176660705,0
7,6,114,-0.3598404150618618,0
7,6,115,0.4271637710800517,0
7,6,116,0.02335043069373065,0
7,6,117,-0.01083711128751461,0
7,6,118,0.109587103777893,0
7,6,119,-0.07018448141622086,0
7,6,120,0.1268506707972123,0
7,6,121,-0.1172980176456387,0
7,6,122,-0.19165615686526,0
7,6,123,0.03229746426613803,0
7,6,124,-0.6135198859429577,0
7,6,125,0.4058969033856168,0
7,6,126,-0.5129874401803621,0
7,6,127,0.5106389965189,0
7,6,128,-0.07930787428253055,0
7,6,129,0.2477679360302454,0
7,6,130,0.2831309542016264,0
7,6,131,-0.09816899252894232,0
7,6,132,0.4936302053827037,0
7,6,133,-0.373938382128131,0
7,6,134,-0.2335006028741075,0
7,6,135,-0.0008199551878316238,0
7,6,136,-0.0002899877455767769,0
7,6,137,0.001905911843187575,0
7,6,138,0.003151214514168303,0
7,6,139,0.002293964140349642,0
7,6,140,0.0005590209701535952,0
7,6,141,-0.0006613869860250845,0
7,6,142,-0.001652394365826397,0
7,6,143,-0.001358509443738146,0
7,6,144,-0.0001505166875011998,0
7,6,145,-0.000597551698806434,0
7,6,146,-0.0002631621041575701,0
7,6,147,0.0003292528288727713,0
7,6,148,0.001838526184166241,0
7,6,149,0.001801989386804275,0
7,6,150,0.0008054142583463969,0
7,6,151,-0.0008659469410901224,0
7,6,152,-0.001450774153557863,0
7,6,153,0.000498660765491137,0
7,6,154,0.0007046243677077377,0
7,6,155,0.001081013974809246,0
7,6,156,-0.0003183259729869363,0
7,6,157,-0.00201300104215608,0
7,6,158,-0.002411241160774477,0
7,6,159,-0.0009201805234784444,0
7,6,160,-9.881102227262482e-05,0
7,6,161,-0.0004050299154022532,0
7,6,162,0.0003822182568809021,0
7,6,163,0.0006871903122470163,0
7,6,164,0.001778333607989357,0
7,6,165,0.002063826179154321,0
7,6,166,0.0002717757784533363,0
7,6,167,-0.002905644872441404,0
7,6,168,-0.003324679571929933,0
7,6,169,-0.001580427431550705,0
7,6,170,-0.0006135498008446486,0
8,7,0,0.3304332679910782,0
8,7,1,-0.08625890888232748,0
8,7,2,0.02540599535263484,0
8,7,3,0.2469256895295869,0
8,7,4,-0.2407022446037891,0
8,7,5,0.5473787688611647,0
8,7,6,-0.104397260213667,0
8,7,7,-0.0997431803937862,0
8,7,8,0.3293618397918781,0
8,7,9,0.04260136313999368,0
8,7,10,0.07110655871928345,0
8,7,11,-0.2499635764041255,0
8,7,12,-0.009957025472614501,0
8,7,13,-0.02454487787118011,0
8,7,14,0.1207313719074241,0
8,7,15,-0.3047632774837112,0
8,7,16,0.09050695157845397,0
8,7,17,-0.01844921129404245,0
8,7,18,0.2216823268574235,0
8,7,19,0.1099556070809854,0
8,7,20,-0.5129940690882349,0
8,7,21,0.6186674660970454,0
8,7,22,-0.3571482124561839,0
8,7,23,0.4038121175085156,0
8,7,24,0.2308224631292708,0
8,7,25,-0.4595234282230329,0
8,7,26,0.8962894786498553,0
8,7,27,-0.1134787520600365,0
8,7,28,0.1863599059573699,0
8,7,29,0.02373835021223088,0
8,7,30,0.04741816371614707,0
8,7,31,-0.3470372799307809,0
8,7,32,0.7789062139493715,0
8,7,33,-0.3170283834498273,0
8,7,34,-0.06217604326648046,0
8,7,35,0.3843130460602986,0
8,7,36,-0.5414221113104989,0
8,7,37,0.7847485856474183,0
8,7,38,-0.4342904851821727,0
8,7,39,0.01365443692795407,0
8,7,40,0.2215211308707243,0
8,7,41,0.2388947060107416,0
8,7,42,0.1572271207880052,0
8,7,43,-0.5521614905841227,0
8,7,44,0.00140891268009308,0
8,7,45,-0.1671368396220638,0
8,7,46,0.3993774961981754,0
8,7,47,-0.6854558079295786,0
8,7,48,0.3214459738886056,0
8,7,49,0.04630892141936677,0
8,7,50,0.5526124393536412,0
8,7,51,0.1274357360911907,0
8,7,52,-0.7309404442198907,0
8,7,53,0.9722840525408101,0
8,7,54,-0.7802475213239378,0
8,7,55,0.4564910851053075,0
8,7,56,-0.4685291905002393,0
8,7,57,0.5360195778998386,0
8,7,58,-0.7089538899962018,0
8,7,59,0.3151251228039513,0
8,7,60,-0.3169613390575264,0
8,7,61,-0.1734410079312407,0
8,7,62,0.4116667409250972,0
8,7,63,-0.8651558940926672,0
8,7,64,0.8341605939711028,0
8,7,65,-0.2942530085748567,0
8,7,66,-0.2409714369809476,0
8,7,67,-0.01996540859508098,0
8,7,68,-0.4627354612237847,0
8,7,69,0.649232464784321,0
8,7,70,-0.6655719438752382,0
8,7,71,0.39785675528756,0
8,7,72,-0.2788122381716084,0
8,7,73,0.6193549772089055,0
8,7,74,0.04878640000424112,0
8,7,75,-0.5894097367082374,0
8,7,76,0.1177127833703362,0
8,7,77,-0.4093841039626524,0
8,7,78,0.7349847155977131,0
8,7,79,-0.7986443584591291,0
8,7,80,0.365250847615696,0
8,7,81,0.1592507132461863,0
8,7,82,0.2894063817492399,0
8,7,83,0.2387602449004529,0
8,7,84,-0.6893208646762086,0
8,7,85,-0.2257677446592413,0
8,7,86,0.1102702354628744,0
8,7,87,-0.5771306304172793,0
8,7,88,0.235197048408293,0
8,7,89,-0.07276760339190236,0
8,7,90,-1,0
8,7,91,0.6976203891340101,0
8,7,92,-0.5173237844803025,0
8,7,93,-0.3086631459866693,0
8,7,94,0.5516531777352583,0
8,7,95,-0.7646368399477106,0
8,7,96,0.4456383590130735,0
8,7,97,-0.1365275158315739,0
8,7,98,-0.2490823296762635,0
8,7,99,-0.4928978891768876,0
8,7,100,0.02799509130057692,0
8,7,101,0.2297993337031813,0
8,7,102,-0.4795155370871803,0
8,7,103,0.5430242206395453,0
8,7,104,-0.4463826945723083,0
8,7,105,0.8327924023983708,0
8,7,106,-0.2195375579846332,0
8,7,107,-0.2672624902568864,0
8,7,108,0.1625336360524172,0
8,7,109,-0.4977801926264084,0
8,7,110,0.6721996513515429,0
8,7,111,-0.5876890197183164,0
8,7,112,0.267862399594832,0
8,7,113,0.1200892175013437,0
8,7,114,0.2179790060393008,0
8,7,115,-0.3169696411078357,0
8,7,116,-0.09628982470837945,0
8,7,117,0.04001714181054577,0
8,7,118,-0.3753740637167662,0
8,7,119,0.2202493974059423,0
8,7,120,-0.5142572538945549,0
8,7,121,0.3778672208681725,0
8,7,122,-0.1601747778904962,0
8,7,123,0.2676129731004013,0
8,7,124,0.08096743278363734,0
8,7,125,-0.005126339082621349,0
8,7,126,-0.3032735476005282,0
8,7,127,0.180966701800048,0
8,7,128,-0.1016635954881347,0
8,7,129,0.184711244287114,0
8,7,130,0.4215486536513656,0
8,7,131,-0.2343636456482985,0
8,7,132,0.06832503388850612,0
8,7,133,-0.1783812058938526,0
8,7,134,0.0220535149460663,0
8,7,135,0.001220976034994689,0
8,7,136,0.002307500647538003,0
8,7,137,-0.0001635858250067184,0
8,7,138,-0.0002596405056809685,0
8,7,139,0.001487446752086499,0
8,7,140,-0.001540162140285405,0
8,7,141,-0.002778420134358881,0
8,7,142,8.111697311607095e-05,0
8,7,143,0.0004969628432350067,0
8,7,144,-0.0005779105134910212,0
8,7,145,0.0005765873111229763,0
8,7,146,0.0001103832089532941,0
8,7,147,-0.00105754827502681,0
8,7,148,0.0002922863338946505,0
8,7,149,0.0005921856064368851,0
8,7,150,-0.001206552843027657,0
8,7,151,-0.001160750585792651,0
8,7,152,-0.0005673256751792114,0
8,7,153,-0.0002489404956348562,0
8,7,154,-0.0005397552315557017,0
8,7,155,-0.0009823259597486582,0
8,7,156,-0.001658572799205011,0
8,7,157,-0.0007162646144904888,0
8,7,158,-0.0004209420755847053,0
8,7,159,-0.0003571711763611833,0
8,7,160,0.001499274937141231,0
8,7,161,0.001602003537738706,0
8,7,162,0.000521378986572998,0
8,7,163,0.00102521663792656,0
8,7,164,0.0003138924284262809,0
8,7,165,-0.001824235647067954,0
8,7,166,-0.001415875736347104,0
8,7,167,0.0004722642427577599,0
8,7,168,-0.001345672182064896,0
8,7,169,-0.0007418568073093631,0
8,7,170,0.002569130458158254,0
9,8,0,0.470393265653356,0
9,8,1,-0.1999785279279881,0
9,8,2,0.3487805424196651,0
9,8,3,0.3900072483847263,0
9,8,4,-0.3725798924625899,0
9,8,5,0.7402003021922687,0
9,8,6,-0.1714691942372999,0
9,8,7,-0.1428077050787993,0
9,8,8,0.5594802862138483,0
9,8,9,-0.5792781320469053,0
9,8,10,0.3327126382869637,0
9,8,11,-0.3503290472397095,0
9,8,12,0.04176719984736425,0
9,8,13,0.3596854261651424,0
9,8,14,-0.8609035522198183,0
9,8,15,0.5663099942800447,0
9,8,16,-0.2531358031961196,0
9,8,17,0.1734603918152817,0
9,8,18,0.2497708857646571,0
9,8,19,-0.4634584746528013,0
9,8,20,0.8303771055722294,0
9,8,21,-0.08993208640877151,0
9,8,22,-0.09896125206920184,0
9,8,23,0.235734325915404,0
9,8,24,-0.04918684227976388,0
9,8,25,0.1048014158097373,0
9,8,26,-0.1989754964113187,0
9,8,27,0.0317156819435065,0
9,8,28,-0.06198064799022962,0
9,8,29,0.6565392048665682,0
9,8,30,-0.2958536449877548,0
9,8,31,0.2125856200829346,0
9,8,32,0.8897241772655213,0
9,8,33,-0.7039474366900866,0
9,8,34,0.597814571511741,0
9,8,35,0.6421993779084902,0
9,8,36,-0.6638280878021031,0
9,8,37,0.5768060983235508,0
9,8,38,-0.4596496236432605,0
9,8,39,-0.1013222369974396,0
9,8,40,0.4512792152012945,0
9,8,41,-0.9078943922762597,0
9,8,42,0.7317860379736895,0
9,8,43,-0.3136682445159913,0
9,8,44,0.3470103102386812,0
9,8,45,0.286628795561379,0
9,8,46,-0.5612835860792126,0
9,8,47,0.8591325033068883,0
9,8,48,-0.6715888974985745,0
9,8,49,0.3302630371029473,0
9,8,50,0.05413220590659645,0
9,8,51,-0.4529696694833287,0
9,8,52,0.4052418851825743,0
9,8,53,-0.2627756244665664,0
9,8,54,0.1710006486129568,0
9,8,55,-0.231530714799202,0
9,8,56,0.1331238174283643,0
9,8,57,-0.1872640158183133,0
9,8,58,0.3569173332573932,0
9,8,59,-0.1540576535262277,0
9,8,60,0.09758831396047211,0
9,8,61,0.3999907159774322,0
9,8,62,-0.3826220370125475,0
9,8,63,0.2802937221855083,0
9,8,64,0.1274883799590346,0
9,8,65,-0.2564009012000765,0
9,8,66,-0.05019634881742884,0
9,8,67,0.2580537215696281,0
9,8,68,-0.1506942957851305,0
9,8,69,-0.5068843327837943,0
9,8,70,0.0007929599850948445,0
9,8,71,-0.05349482648082541,0
9,8,72,0.06035981526446912,0
9,8,73,-0.1687306496537677,0
9,8,74,0.09672444769938419,0
9,8,75,0.3890814300729525,0
9,8,76,0.1506441356959203,0
9,8,77,-0.09207550737280649,0
9,8,78,0.1734358876420232,0
9,8,79,-0.1558352530741141,0
9,8,80,-0.0413108579645713,0
9,8,81,-0.151092722901387,0
9,8,82,-0.4156279262606353,0
9,8,83,0.3750452149493026,0
9,8,84,-0.5572676135752956,0
9,8,85,0.2354844155592403,0
9,8,86,-0.2898181234419848,0
9,8,87,0.1450511457867492,0
9,8,88,-0.05734109872583054,0
9,8,89,0.02401336385816507,0
9,8,90,0.1467569610608946,0
9,8,91,-0.1573052557487659,0
9,8,92,0.1138124844279633,0
9,8,93,-0.5411396169976815,0
9,8,94,0.130863400525531,0
9,8,95,0.003467111438306033,0
9,8,96,-1,0
9,8,97,0.7926018349579618,0
9,8,98,-0.7054837917372679,0
9,8,99,0.005282789190001639,0
9,8,100,0.5287556698417135,0
9,8,101,-0.9334745164780017,0
9,8,102,0.7135147328312809,0
9,8,103,-0.3560278661266393,0
9,8,104,0.07649238451459112,0
9,8,105,0.3329994164897095,0
9,8,106,-0.5547273021829587,0
9,8,107,0.7028645014794008,0
9,8,108,-0.4572657029997401,0
9,8,109,0.02268841749454012,0
9,8,110,0.256207526471808,0
9,8,111,-0.7300625799872718,0
9,8,112,0.6448629568327743,0
9,8,113,-0.4905939256419675,0
9,8,114,0.4058788531109553,0
9,8,115,-0.4317029439614791,0
9,8,116,0.01321129286612425,0
9,8,117,-0.008990809989784023,0
9,8,118,0.05104027324297066,0
9,8,119,-0.04870858921906168,0
9,8,120,-0.09699936689725178,0
9,8,121,0.003169373868565885,0
9,8,122,-0.5795724530731513,0
9,8,123,0.3750715947313514,0
9,8,124,-0.6224480353599424,0
9,8,125,0.6185125286711961,0
9,8,126,0.09110448486915623,0
9,8,127,0.1845619253560893,0
9,8,128,0.477541143151636,0
9,8,129,-0.3313697191219422,0
9,8,130,0.132628831551094,0
9,8,131,-0.2694913449628543,0
9,8,132,-0.3363605737231442,0
9,8,133,0.164113262989072,0
9,8,134,0.2014501388518181,0
9,8,135,0.0001516404182898565,0
9,8,136,0.001918449179109384,0
9,8,137,0.003070634619923605,0
9,8,138,0.0001244344676882704,0
9,8,139,-0.001804373449331949,0
9,8,140,-0.001063634405197013,0
9,8,141,-5.486071502974454e-05,0
9,8,142,0.000917416553837231,0
9,8,143,0.001262787752866915,0
9,8,144,-0.0001041650105779705,0
9,8,145,-0.0004141060674420079,0
9,8,146,0.001129151005215274,0
9,8,147,0.00155270769905026,0
9,8,148,0.001329907796836021,0
9,8,149,-0.0005288740195358675,0
9,8,150,-0.001794394350011908,0
9,8,151,-0.0004355210824756335,0
9,8,152,0.001282459806946602,0
9,8,153,0.0009492840490138163,0
9,8,154,0.0001515921485337869,0
9,8,155,-0.0007759978721102817,0
9,8,156,-0.002514928054563901,0
9,8,157,-0.0009972711140542744,0
9,8,158,0.001596813275757598,0
9,8,159,0.001241088226928034,0
9,8,160,-0.0003042491568535632,0
9,8,161,8.535290318420705e-05,0
9,8,162,0.0009448313984217383,0
9,8,163,0.001098287578388346,0
9,8,164,0.001248059158405178,0
9,8,165,-0.0001911880098833355,0
9,8,166,-0.002535471338135968,0
9,8,167,-0.002096452197296261,0
9,8,168,0.0007611643154429496,0
9,8,169,0.001611557678346488,0
9,8,170,0.0008738740617353579,0
10,9,0,0.3022115632449365,0
10,9,1,-0.1148998114488,0
10,9,2,0.2457822909839492,0
10,9,3,-0.1198769370442585,0
10,9,4,-0.1347527866415416,0
10,9,5,0.4749930739346938,0
10,9,6,-0.06426038507116325,0
10,9,7,0.1108705154528633,0
10,9,8,-0.3041348964526142,0
10,9,9,0.1628468827012338,0
10,9,10,-0.005305533428032318,0
10,9,11,-0.0785606648021519,0
10,9,12,-0.1973331276726326,0
10,9,13,-0.0561449004236706,0
10,9,14,0.2785765666249885,0
10,9,15,0.09762284181612818,0
10,9,16,0.1208991653174239,0
10,9,17,-0.3671450495488452,0
10,9,18,-0.07842955360781344,0
10,9,19,-0.04036759870696639,0
10,9,20,0.2468898748172959,0
10,9,21,-0.6739253411954982,0
10,9,22,0.2851380998582688,0
10,9,23,-0.08813440126968272,0
10,9,24,-0.3140208407115362,0
10,9,25,0.559399732715921,0
10,9,26,-0.9571526704516016,0
10,9,27,0.166782233206456,0
10,9,28,-0.2502607195478068,0
10,9,29,0.4459170302366027,0
10,9,30,-0.1197212252991447,0
10,9,31,-0.2821735634600368,0
10,9,32,0.6226175979988449,0
10,9,33,-0.5085673966189163,0
10,9,34,0.4460426458265613,0
10,9,35,-0.5464084898502267,0
10,9,36,-0.08820816170990116,0
10,9,37,0.5601248805680205,0
10,9,38,-0.009449331870395011,0
10,9,39,0.3774307286350683,0
10,9,40,-0.7112875482714199,0
10,9,41,0.3707298957944618,0
10,9,42,-0.2367039456019782,0
10,9,43,0.1671469947343726,0
10,9,44,-0.5491083186199536,0
10,9,45,0.05700103277318179,0
10,9,46,0.3710532655307479,0
10,9,47,0.4229050726101684,0
10,9,48,0.1356833827135932,0
10,9,49,-0.6362728996970606,0
10,9,50,-0.06302505036953715,0
10,9,51,-0.2647906139958803,0
10,9,52,0.6080130227156216,0
10,9,53,-1,0
10,9,54,0.5665769162762238,0
10,9,55,0.1016186375039961,0
10,9,56,0.5381265386302975,0
10,9,57,-0.5387153882744217,0
10,9,58,-0.6127783806262664,0
10,9,59,0.3234207218946572,0
10,9,60,-0.4505326593669819,0
10,9,61,0.437760245222071,0
10,9,62,0.1079867007876724,0
10,9,63,-0.8008397121722653,0
10,9,64,0.5217587805343078,0
10,9,65,-0.4895734808000068,0
10,9,66,0.3451574479870273,0
10,9,67,-0.8328788953781558,0
10,9,68,0.1794418297947731,0
10,9,69,0.3950286040393564,0
10,9,70,0.3764082546376208,0
10,9,71,0.2953183256918622,0
10,9,72,-0.7284837052360424,0
10,9,73,0.3218076873181827,0
10,9,74,-0.4618710713465473,0
10,9,75,0.5214799828137813,0
10,9,76,-0.7373440836054251,0
10,9,77,0.2523642085179276,0
10,9,78,0.1769159772618056,0
10,9,79,0.7924010020423327,0
10,9,80,-0.003638164949376141,0
10,9,81,-0.7263720116414217,0
10,9,82,0.2824369385024405,0
10,9,83,-0.597336517912207,0
10,9,84,0.7405724963744268,0
10,9,85,-0.02049800504099916,0
10,9,86,0.2049333185186965,0
10,9,87,-0.8225944473332908,0
10,9,88,0.3621645096560376,0
10,9,89,-0.1249723218330636,0
10,9,90,-0.9358143136956903,0
10,9,91,0.8326197816477712,0
10,9,92,-0.7469658889486617,0
10,9,93,0.3084424679053051,0
10,9,94,0.2525693481392542,0
10,9,95,-0.7139640716620324,0
10,9,96,0.2544947273567152,0
10,9,97,-0.3483863006591009,0
10,9,98,0.2406710637824895,0
10,9,99,-0.593766555291893,0
10,9,100,0.2697089140055809,0
10,9,101,0.12770435398856,0
10,9,102,0.6084850980529782,0
10,9,103,-0.04359280088102701,0
10,9,104,-0.3657261026130268,0
10,9,105,0.0169041607443546,0
10,9,106,-0.3769015971943775,0
10,9,107,0.4873985773012507,0
10,9,108,-0.6949235335552765,0
10,9,109,0.4428285353809775,0
10,9,110,-0.0972512520183406,0
10,9,111,0.6312404090563128,0
10,9,112,-0.02495027908141198,0
10,9,113,-0.5260359513188486,0
10,9,114,-0.3276132514219794,0
10,9,115,0.3394706676842019,0
10,9,116,-0.1608254714889677,0
10,9,117,0.07214453282501482,0
10,9,118,-0.5280793720872696,0
10,9,119,0.3454799811888419,0
10,9,120,-0.4530930886887841,0
10,9,121,0.4263439823049135,0
10,9,122,0.1419460052921597,0
10,9,123,0.06630537718562829,0
10,9,124,0.04237068983721051,0
10,9,125,-0.07060459582636236,0
10,9,126,-0.169490119130684,0
10,9,127,0.1270381944373924,0
10,9,128,0.2952818523315552,0
10,9,129,-0.1578321614961992,0
10,9,130,-0.1195875369821116,0
10,9,131,-0.02716254810179135,0
10,9,132,-0.3267116967018939,0
10,9,133,0.2701191721773434,0
10,9,134,0.04021540732681848,0
10,9,135,0.002713667107122491,0
10,9,136,0.001246994485227865,0
10,9,137,-0.000380398146893616,0
10,9,138,0.001191433350793839,0
10,9,139,-0.00027928702239966,0
10,9,140,-0.0001654591020770654,0
10,9,141,0.002729056152418147,0
10,9,142,0.0003619496914743393,0
10,9,143,-0.0008856199504162042,0
10,9,144,0.0006601481913557752,0
10,9,145,0.001477291971861603,0
10,9,146,-0.0004220629920963329,0
10,9,147,-0.0004161558130899125,0
10,9,148,0.0005111685303891915,0
10,9,149,-0.0006879486694657578,0
10,9,150,6.545905330892377e-06,0
10,9,151,0.0009332359519365919,0
10,9,152,0.0003453875914590967,0
10,9,153,-0.0002687844199836272,0
10,9,154,-0.0007907125543922496,0
10,9,155,-0.001753400091077718,0
10,9,156,-0.0005887152608501918,0
10,9,157,0.0002857915121210856,0
10,9,158,-0.0006246031707069643,0
10,9,159,-0.0004046903971139326,0
10,9,160,-0.001164740924879815,0
10,9,161,-0.002089701145358332,0
10,9,162,0.0006821927784175603,0
10,9,163,0.0008173540977861501,0
10,9,164,-0.001385082953162498,0
10,9,165,-0.002396884919209368,0
10,9,166,0.0005524827693590863,0
10,9,167,1.588327160407839e-05,0
10,9,168,-0.001089150517013448,0
10,9,169,0.001269829993126833,0
10,9,170,-0.0008181532619791182,0
11,10,0,0.4222951485466769,0
11,10,1,-0.2230529122992509,0
11,10,2,0.4953151343468452,0
11,10,3,-0.1169104176407372,0
11,10,4,-0.2157069687524251,0
11,10,5,0.648198361629331,0
11,10,6,-0.5451000290417721,0
11,10,7,0.2659886750841505,0
11,10,8,-0.2588476787974835,0
11,10,9,0.253870794748678,0
11,10,10,0.328874805928202,0
11,10,11,-0.8626530186360991,0
11,10,12,0.4419428630579433,0
11,10,13,-0.3661020848062564,0
11,10,14,0.4877778292571785,0
11,10,15,-0.586343553517949,0
11,10,16,-0.09800801729525822,0
11,10,17,0.6173799768550193,0
11,10,18,-0.5511850221672149,0
11,10,19,0.6435221568669922,0
11,10,20,-0.9065380118435922,0
11,10,21,0.1885178958013642,0
11,10,22,0.2817147050018733,0
11,10,23,-0.6150325696708441,0
11,10,24,0.1517968210233981,0
11,10,25,-0.2441790748310351,0
11,10,26,0.4120914837673701,0
11,10,27,-0.0967108498208905,0
11,10,28,0.157600597330612,0
11,10,29,0.8832774688147359,0
11,10,30,-0.4383474800469291,0
11,10,31,0.2966921131365912,0
11,10,32,0.7071486297514125,0
11,10,33,-0.8058549375520355,0
11,10,34,0.7733213488688252,0
11,10,35,-0.4052710608320292,0
11,10,36,-0.1268687927685651,0
11,10,37,0.4178213998933892,0
11,10,38,-0.8755132090064445,0
11,10,39,0.777007089311147,0
11,10,40,-0.2704133107481843,0
11,10,41,0.6740934553852383,0
11,10,42,0.07432560506013743,0
11,10,43,-0.5038238121234742,0
11,10,44,0.5623699977060757,0
11,10,45,-0.7740565514699876,0
11,10,46,0.5149111365596665,0
11,10,47,-1,0
11,10,48,0.3040947915275582,0
11,10,49,0.3232230375615791,0
11,10,50,-0.3537594019106844,0
11,10,51,0.8023926356789456,0
11,10,52,-0.5232431722782802,0
11,10,53,0.5455449986947811,0
11,10,54,-0.2145394422077241,0
11,10,55,0.1597349785590375,0
11,10,56,-0.3219636879256342,0
11,10,57,0.3786322543816054,0
11,10,58,0.4483148827442085,0
11,10,59,-0.2172386801658295,0
11,10,60,0.1135595119176236,0
11,10,61,0.4425787624764214,0
11,10,62,-0.5072489042214789,0
11,10,63,0.2719903974181904,0
11,10,64,0.07832267705048422,0
11,10,65,-0.2257108597834467,0
11,10,66,-0.1884448379188413,0
11,10,67,0.1084816513459817,0
11,10,68,0.05421955067620598,0
11,10,69,-0.2867652917100195,0
11,10,70,-0.1292083682045822,0
11,10,71,-0.02361748393380252,0
11,10,72,0.5651358873963306,0
11,10,73,0.1165091565287522,0
11,10,74,-0.1654569640373933,0
11,10,75,0.09716581023167713,0
11,10,76,0.1490573893575266,0
11,10,77,-0.07858638690588415,0
11,10,78,-0.4261019029933118,0
11,10,79,0.1497045475973851,0
11,10,80,0.01266205100441684,0
11,10,81,0.02625700823732568,0
11,10,82,0.5067966462772118,0
11,10,83,-0.4499897444715246,0
11,10,84,0.6310626777588118,0
11,10,85,-0.372969747108959,0
11,10,86,0.3875920594910674,0
11,10,87,0.1451524705216119,0
11,10,88,-0.06520999172147886,0
11,10,89,0.02918142223025052,0
11,10,90,0.002147718223568207,0
11,10,91,-0.1242686041059993,0
11,10,92,0.09112278894451127,0
11,10,93,-0.8219813930355379,0
11,10,94,0.3418054627955069,0
11,10,95,-0.2029142891472432,0
11,10,96,-0.435989264954875,0
11,10,97,0.7870813437060802,0
11,10,98,-0.983159981230202,0
11,10,99,0.9550102000449876,0
11,10,100,-0.2817672426865947,0
11,10,101,-0.2864242861253553,0
11,10,102,0.09229903841009147,0
11,10,103,-0.6600344437571601,0
11,10,104,0.9166266837001508,0
11,10,105,-0.8769796808135449,0
11,10,106,0.4319935559895052,0
11,10,107,-0.05960283386984244,0
11,10,108,0.04830066566705477,0
11,10,109,0.5443527240650879,0
11,10,110,-0.8793838778684112,0
11,10,111,0.8336448450979798,0
11,10,112,-0.5196743621029705,0
11,10,113,0.09921650786653095,0
11,10,114,-0.5418579483406643,0
11,10,115,0.5150272346668067,0
11,10,116,0.01312840486332921,0
11,10,117,-0.01119345193916733,0
11,10,118,0.01972562451322979,0
11,10,119,-0.04047657307502799,0
11,10,120,-0.2817654532194179,0
11,10,121,0.1186430093842928,0
11,10,122,-0.7479073604265888,0
11,10,123,0.6306836305010157,0
11,10,124,-0.1271764571477344,0
11,10,125,0.4051541401367655,0
11,10,126,0.605259976357886,0
11,10,127,-0.3887566011735333,0
11,10,128,-0.1216589385246758,0
11,10,129,-0.1527549304447687,0
11,10,130,-0.6098512271566883,0
11,10,131,0.4892907331597285,0
11,10,132,0.04850284044547284,0
11,10,133,0.1835753703140769,0
11,10,134,-0.1395992421177819,0
11,10,135,0.001366399989277508,0
11,10,136,0.001718670371272419,0
11,10,137,0.0005330542785655305,0
11,10,138,-0.0002251846747586346,0
11,10,139,0.001122127474331234,0
11,10,140,0.0009340909371834192,0
11,10,141,-0.0002177901632864235,0
11,10,142,-0.0008642627749411841,0
11,10,143,-0.001508943813662739,0
11,10,144,0.0002244909036100326,0
11,10,145,-0.0002858705275654731,0
11,10,146,0.001954251162586354,0
11,10,147,0.00289917664043031,0
11,10,148,-0.0005137549403391153,0
11,10,149,-0.002313124475950547,0
11,10,150,0.0008035904643600003,0
11,10,151,0.001836956169077137,0
11,10,152,-0.0008504347195842026,0
11,10,153,0.00106503184226274,0
11,10,154,-0.001128126529379909,0
11,10,155,-0.001935471633408787,0
11,10,156,-4.342004578833768e-06,0
11,10,157,0.001637733249258924,0
11,10,158,-0.00161934128133754,0
11,10,159,-0.003083402288038386,0
11,10,160,0.0001587092533775368,0
11,10,161,0.0007913574202656633,0
11,10,162,0.001300417726472875,0
11,10,163,0.00076179080420904,0
11,10,164,-0.000308032148590712,0
11,10,165,-0.001290716020490698,0
11,10,166,-0.002001804523558394,0
11,10,167,-0.0004546728886752078,0
11,10,168,0.0005508257761862517,0
11,10,169,-0.0004654653766505385,0
11,10,170,-0.00108860347811269,0
12,11,0,0.01046839337913929,0
12,11,1,-0.05882238457966511,0
12,11,2,0.3473695948836247,0
12,11,3,-0.1933704301111383,0
12,11,4,0.06099575207610032,0
12,11,5,-0.02069135138023899,0
12,11,6,0.3043659538440345,0
12,11,7,0.04436558621536326,0
12,11,8,-0.3484151193341343,0
12,11,9,-0.06652833859648734,0
12,11,10,-0.2305379198711883,0
12,11,11,0.5324323684598284,0
12,11,12,0.1680891801266626,0
12,11,13,0.01324561082232849,0
12,11,14,-0.2529851348657632,0
12,11,15,0.2263768131803763,0
12,11,16,-0.2156178604269809,0
12,11,17,0.2572617410954373,0
12,11,18,-0.008359458472178075,0
12,11,19,-0.1663083157234692,0
12,11,20,0.2422009434213356,0
12,11,21,0.6885996087424092,0
12,11,22,-0.2192021531486717,0
12,11,23,-0.1807189332879859,0
12,11,24,0.412025811216289,0
12,11,25,-0.6511917957485106,0
12,11,26,0.9326646132128505,0
12,11,27,-0.2404341499737133,0
12,11,28,0.3274609130606137,0
12,11,29,0.645135440150519,0
12,11,30,-0.2443410352869712,0
12,11,31,-0.1048642417198072,0
12,11,32,-0.09310196962252151,0
12,11,33,-0.3331456231698305,0
12,11,34,0.7227647192255977,0
12,11,35,-0.4918059277157714,0
12,11,36,0.310698400347601,0
12,11,37,-0.228895477499308,0
12,11,38,0.7148714447863058,0
12,11,39,-0.09326922911184973,0
12,11,40,-0.530623478424555,0
12,11,41,-0.5157045362912174,0
12,11,42,-0.2080169669333386,0
12,11,43,0.7251884342599705,0
12,11,44,0.3387530474880093,0
12,11,45,0.2123949132087112,0
12,11,46,-0.7823486433395868,0
12,11,47,0.1404267338972919,0
12,11,48,-0.3407331401823709,0
12,11,49,0.3654834543488143,0
12,11,50,-0.4057195936601933,0
12,11,51,0.1868194969302059,0
12,11,52,-0.0925501817109621,0
12,11,53,0.912719941848065,0
12,11,54,-0.2532021382655982,0
12,11,55,-0.6641546537933637,0
12,11,56,-0.5626583078938926,0
12,11,57,0.4723443081502654,0
12,11,58,-0.2820887047708061,0
12,11,59,0.2276580277461231,0
12,11,60,-0.5453682271472767,0
12,11,61,0.7948283199187244,0
12,11,62,-0.243302604743065,0
12,11,63,-0.4541501696021997,0
12,11,64,-0.3824660375609517,0
12,11,65,-0.2648004097743489,0
12,11,66,0.7247416483159673,0
12,11,67,-0.4708355979364508,0
12,11,68,0.5671626236992802,0
12,11,69,-0.3812799073576738,0
12,11,70,0.6862614142944188,0
12,11,71,-0.2128719861771469,0
12,11,72,-0.2206405774712399,0
12,11,73,-1,0
12,11,74,0.1765504689486951,0
12,11,75,0.599685490054362,0
12,11,76,0.441596206457766,0
12,11,77,0.3744329113690765,0
12,11,78,-0.9245594471236392,0
12,11,79,-0.3052921631259075,0
12,11,80,-0.1768955885838707,0
12,11,81,0.600234040621672,0
12,11,82,-0.8395875113041423,0
12,11,83,0.7013795803716214,0
12,11,84,-0.2663249864887873,0
12,11,85,0.3257128294275543,0
12,11,86,-0.5017461695252086,0
12,11,87,-0.9930728295208109,0
12,11,88,0.4800204906931188,0
12,11,89,-0.1896724245121213,0
12,11,90,-0.554174066734055,0
12,11,91,0.7899022569179845,0
12,11,92,-0.9140772323549941,0
12,11,93,0.7172790122332415,0
12,11,94,-0.139408032730829,0
12,11,95,-0.4042230280497422,0
12,11,96,-0.336575380073977,0
12,11,97,-0.1919653989188805,0
12,11,98,0.5886429949707356,0
12,11,99,0.02289013129739683,0
12,11,100,0.2422963979365276,0
12,11,101,-0.2190623636574456,0
12,11,102,0.5036686740670758,0
12,11,103,-0.4053786313846385,0
12,11,104,0.157622151016744,0
12,11,105,-0.7434940139817943,0
12,11,106,0.2514880423084985,0
12,11,107,0.3415041630004237,0
12,11,108,0.7542646202353267,0
12,11,109,-0.05382713838926007,0
12,11,110,-0.440919981522566,0
12,11,111,-0.1512972111071182,0
12,11,112,-0.3574790078584137,0
12,11,113,0.6936866258534091,0
12,11,114,0.188572027442461,0
12,11,115,-0.06701459206474888,0
12,11,116,-0.2371092052537961,0
12,11,117,0.1161847820509655,0
12,11,118,-0.6307824621714825,0
12,11,119,0.4683221731042753,0
12,11,120,-0.2235716485968436,0
12,11,121,0.3601337455133896,0
12,11,122,0.3606234302376351,0
12,11,123,-0.1776398638860371,0
12,11,124,-0.09080283967801112,0
12,11,125,-0.03281750683380278,0
12,11,126,0.1692825645891829,0
12,11,127,-0.08091532593189833,0
12,11,128,0.1948361105055853,0
12,11,129,-0.2185545281795898,0
12,11,130,-0.165384751886568,0
12,11,131,0.09603669906630374,0
12,11,132,0.4824249413831351,0
12,11,133,-0.3040954711245565,0
12,11,134,-0.1544567072916078,0
12,11,135,0.002235718635885844,0
12,11,136,-0.0006662176189713481,0
12,11,137,0.0006141439067101866,0
12,11,138,0.0001493539470633845,0
12,11,139,-0.001589414595405806,0
12,11,140,0.0004186294248070322,0
12,11,141,-0.002064717086926611,0
12,11,142,-0.001150636951880268,0
12,11,143,0.001024971048296,0
12,11,144,0.001731785722544892,0
12,11,145,0.001512208096898754,0
12,11,146,-0.0003455999244429962,0
12,11,147,-0.0001691394965285476,0
12,11,148,-0.000729806274634297,0
12,11,149,-0.0008094082464324092,0
12,11,150,0.0002588532878995839,0
12,11,151,-0.0007096357741894285,0
12,11,152,-0.0004796347343181455,0
12,11,153,-0.0003133106702883506,0
12,11,154,-0.0007902700917416945,0
12,11,155,-0.001429462207256745,0
12,11,156,0.0004652406804161432,0
12,11,157,-0.0001235646000502619,0
12,11,158,0.0002443431589411226,0
12,11,159,0.0008182846426939745,0
12,11,160,0.0008576561045434859,0
12,11,161,0.002010268766451941,0
12,11,162,0.0007003321000345783,0
12,11,163,0.0001413052109372257,0
12,11,164,-0.002777298357535909,0
12,11,165,-0.0009753658300653643,0
12,11,166,0.001167589668578833,0
12,11,167,-0.001109180856010431,0
12,11,168,0.0009761469748871571,0
12,11,169,-7.388461874907678e-05,0
12,11,170,-0.001009730023029612,0
13,12,0,-0.206197612739624,0
13,12,1,0.09983436731928073,0
13,12,2,-0.1040797610233161,0
13,12,3,-0.1579019612094253,0
13,12,4,0.1965506245341937,0
13,12,5,-0.2902912410241564,0
13,12,6,-0.4079221821754514,0
13,12,7,0.2342186110301704,0
13,12,8,-0.1262701727579612,0
13,12,9,-0.9152331709484981,0
13,12,10,0.6496822864066921,0
13,12,11,-0.4171513754634084,0
13,12,12,-0.6076885303377173,0
13,12,13,0.8798056995960298,0
13,12,14,-1,0
13,12,15,-0.5068091906090593,0
13,12,16,0.5529717590364043,0
13,12,17,-0.4260774636175499,0
13,12,18,-0.4187689982504781,0
13,12,19,0.4714745499226037,0
13,12,20,-0.4351103523062967,0
13,12,21,0.08883714145501306,0
13,12,22,0.2395778712186411,0
13,12,23,-0.4074979023086472,0
13,12,24,0.1110488757979646,0
13,12,25,-0.1429093577313157,0
13,12,26,0.2386309163863294,0
13,12,27,-0.0708681789056273,0
13,12,28,0.1021280373859129,0
13,12,29,-0.1739480628949292,0
13,12,30,0.1086985794800876,0
13,12,31,-0.09866758947228201,0
13,12,32,-0.2905596886608263,0
13,12,33,0.2351106939185675,0
13,12,34,-0.07148181210826854,0
13,12,35,-0.01455533508068284,0
13,12,36,0.1402010757127011,0
13,12,37,-0.1117207673205114,0
13,12,38,-0.1720944705435155,0
13,12,39,0.08270597757175573,0
13,12,40,0.2830605171601187,0
13,12,41,-0.633355693034135,0
13,12,42,0.4716555207860093,0
13,12,43,0.4199045408309935,0
13,12,44,0.06417196809318711,0
13,12,45,0.3068437806859039,0
13,12,46,0.1683077395635321,0
13,12,47,-0.1920040967224029,0
13,12,48,0.003488593621374315,0
13,12,49,0.6776913127873307,0
13,12,50,-0.2379222802223376,0
13,12,51,0.2815420728784961,0
13,12,52,0.1490214030572766,0
13,12,53,0.3289987687626673,0
13,12,54,-0.07550189929686001,0
13,12,55,-0.01029625150010763,0
13,12,56,-0.2142380996376985,0
13,12,57,0.2048706527129377,0
13,12,58,-0.1597616567758196,0
13,12,59,0.1079739557658474,0
13,12,60,-0.167874993662519,0
13,12,61,0.1044149862717305,0
13,12,62,0.05343751718068567,0
13,12,63,-0.1245566310988607,0
13,12,64,0.06390745212166773,0
13,12,65,-0.1141656026188904,0
13,12,66,0.2756773475986491,0
13,12,67,0.4879891834981887,0
13,12,68,-0.3276694750762837,0
13,12,69,0.03083443350973663,0
13,12,70,0.9070907383681041,0
13,12,71,-0.7291090805888054,0
13,12,72,0.1582959343482971,0
13,12,73,0.7503398442882229,0
13,12,74,-0.8746511548822549,0
13,12,75,0.5673149785007666,0
13,12,76,0.9707895031418434,0
13,12,77,-0.9853905719744058,0
13,12,78,0.3514360720084082,0
13,12,79,0.3365888373020769,0
13,12,80,-0.6763751822594339,0
13,12,81,0.3824912724711366,0
13,12,82,0.1246119496574816,0
13,12,83,-0.2134488046633541,0
13,12,84,0.0821835438065834,0
13,12,85,-0.1423329654081462,0
13,12,86,0.06405062686645376,0
13,12,87,-0.2803840899020535,0
13,12,88,0.1412748397021776,0
13,12,89,-0.06212800043007451,0
13,12,90,-0.04397327231934983,0
13,12,91,0.1914428750656443,0
13,12,92,-0.2468692880326121,0
13,12,93,0.4241285191552143,0
13,12,94,-0.1970611394548021,0
13,12,95,0.03010852372635286,0
13,12,96,-0.1751555554038726,0
13,12,97,-0.1843391038129436,0
13,12,98,0.3548910463654156,0
13,12,99,-0.3325524190257638,0
13,12,100,0.3026495990846178,0
13,12,101,-0.3767501181622783,0
13,12,102,-0.01892952542644189,0
13,12,103,0.1789273003724836,0
13,12,104,-0.6186837536250297,0
13,12,105,-0.3377138893762513,0
13,12,106,0.1694391151239418,0
13,12,107,-0.4428963664262184,0
13,12,108,-0.3305696196952069,0
13,12,109,0.3547103947663537,0
13,12,110,-0.7363947706000002,0
13,12,111,-0.1599812865049989,0
13,12,112,0.325917539025074,0
13,12,113,-0.623939197876839,0
13,12,114,0.06403259962239762,0
13,12,115,-0.1256644432442957,0
13,12,116,-0.06749571292819034,0
13,12,117,0.03671233139563286,0
13,12,118,-0.1543754321449841,0
13,12,119,0.1330269592098205,0
13,12,120,0.05930120610197159,0
13,12,121,0.02892413011555342,0
13,12,122,0.1707086350526426,0
13,12,123,-0.1815063599120599,0
13,12,124,-0.4209391134833823,0
13,12,125,0.2015710288044756,0
13,12,126,-0.6453992643682774,0
13,12,127,0.5795169625930611,0
13,12,128,-0.5921888030944875,0
13,12,129,0.6054905766773159,0
13,12,130,-0.7645187092043579,0
13,12,131,0.7419238287413492,0
13,12,132,-0.5808367977978393,0
13,12,133,0.7142901305903414,0
13,12,134,0.2751871369408486,0
13,12,135,0.0008411575307951791,0
13,12,136,0.0009778698238230802,0
13,12,137,0.002199308882838312,0
13,12,138,0.001503912270822017,0
13,12,139,0.0001949667084315476,0
13,12,140,-0.0003678253477650952,0
13,12,141,-0.001497570015664988,0
13,12,142,-0.0006340092889273098,0
13,12,143,-5.841362089424099e-05,0
13,12,144,0.0006324454669782416,0
13,12,145,0.0008547295428461457,0
13,12,146,-0.0006332520321821002,0
13,12,147,-0.0003281612606718928,0
13,12,148,0.001195702270362443,0
13,12,149,0.001561418528137939,0
13,12,150,0.001803317910759871,0
13,12,151,0.002631914818787364,0
13,12,152,0.00169207354118599,0
13,12,153,-0.0005902616021723392,0
13,12,154,-0.0002324725356702499,0
13,12,155,-0.001532415184120605,0
13,12,156,-0.00293422990362423,0
13,12,157,-0.002425763321747591,0
13,12,158,-0.0008949799993685835,0
13,12,159,-0.0009308516468374448,0
13,12,160,0.0002214556693085204,0
13,12,161,0.001474714715054109,0
13,12,162,-0.0003748722439985401,0
13,12,163,-0.0004004140235090098,0
13,12,164,-0.0004249366316273306,0
13,12,165,0.0005496741187440599,0
13,12,166,0.001365932228962056,0
13,12,167,0.0003702642699058144,0
13,12,168,-0.0003334988919181276,0
13,12,169,-0.001287843822237329,0
13,12,170,-0.001326471011416603,0
14,13,0,-0.1218731337530534,0
14,13,1,-0.04241560155698634,0
14,13,2,0.417530577586124,0
14,13,3,-0.4989454313632208,0
14,13,4,0.2567279132845578,0
14,13,5,-0.1688310238276142,0
14,13,6,-0.2034417567063888,0
14,13,7,0.4099110391054694,0
14,13,8,-0.688644641156779,0
14,13,9,0.05106790914087539,0
14,13,10,0.1148036787147632,0
14,13,11,-0.1477577507863488,0
14,13,12,-0.486153850884445,0
14,13,13,0.1085367787318297,0
14,13,14,0.1972968940720368,0
14,13,15,0.02525267153901295,0
14,13,16,0.3680038889341732,0
14,13,17,-0.6610574177309059,0
14,13,18,0.6631914118882081,0
14,13,19,-0.3061690356746622,0
14,13,20,0.1121177278058316,0
14,13,21,-0.2324258119346938,0
14,13,22,-0.4199174170762541,0
14,13,23,0.8758750185552532,0
14,13,24,-0.2925769551261341,0
14,13,25,0.3707869346149162,0
14,13,26,-0.4968714168679128,0
14,13,27,0.2006375375334488,0
14,13,28,-0.2765616197214633,0
14,13,29,0.7306804449002293,0
14,13,30,-0.4142711338668179,0
14,13,31,0.3135898285760017,0
14,13,32,-0.2425391788979835,0
14,13,33,-0.3044791142493918,0
14,13,34,0.7219830447077762,0
14,13,35,-0.6846213050020477,0
14,13,36,0.5400801716746462,0
14,13,37,-0.2102484785492283,0
14,13,38,0.09180559059288072,0
14,13,39,0.3477566743198116,0
14,13,40,-0.2045751095258162,0
14,13,41,0.304874513873638,0
14,13,42,-0.3316850088199645,0
14,13,43,0.3114719369902268,0
14,13,44,-0.6268794629356533,0
14,13,45,0.2521338940642894,0
14,13,46,0.3443123453623956,0
14,13,47,0.1717086209565589,0
14,13,48,0.2813353796985775,0
14,13,49,-0.309217836198179,0
14,13,50,0.7225440140189172,0
14,13,51,-0.6343589585654834,0
14,13,52,-0.00944784216472217,0
14,13,53,-0.6369478637148984,0
14,13,54,0.02921275922371315,0
14,13,55,0.226230592292516,0
14,13,56,0.4579904032747003,0
14,13,57,-0.4373278469660607,0
14,13,58,0.4483094783371503,0
14,13,59,-0.2076408682221202,0
14,13,60,-0.07898221444363658,0
14,13,61,0.5420552182005878,0
14,13,62,-0.5831103054549827,0
14,13,63,0.2100814119394508,0
14,13,64,-0.1122839019266554,0
14,13,65,-0.1354472013031266,0
14,13,66,0.06990641905586741,0
14,13,67,0.3833949169242109,0
14,13,68,-0.05624301318636352,0
14,13,69,-0.03291009250460852,0
14,13,70,0.2518342002551468,0
14,13,71,-0.5548791327015998,0
14,13,72,0.6200799016033212,0
14,13,73,0.346570775909801,0
14,13,74,-0.2600736430608399,0
14,13,75,-0.2754108865508815,0
14,13,76,0.04767074098060051,0
14,13,77,-0.1161943541964193,0
14,13,78,0.1832146886146279,0
14,13,79,-0.3658775666423531,0
14,13,80,0.0169990637807581,0
14,13,81,0.3390743858411684,0
14,13,82,-0.1499902531527749,0
14,13,83,0.3024652551741681,0
14,13,84,-0.5704522899997508,0
14,13,85,0.2453395904467335,0
14,13,86,-0.1854757693965294,0
14,13,87,-0.2127091394578484,0
14,13,88,0.1125635078540053,0
14,13,89,-0.05560872120767469,0
14,13,90,-0.1137036391124394,0
14,13,91,0.1194798138539159,0
14,13,92,-0.260133931842887,0
14,13,93,-0.3736841702864789,0
14,13,94,0.2221720352573445,0
14,13,95,-0.3081375999131264,0
14,13,96,0.08021910126859759,0
14,13,97,0.3004803294600705,0
14,13,98,-0.5498537493976919,0
14,13,99,0.5194560876238332,0
14,13,100,-0.4756082104961419,0
14,13,101,0.1211517475829629,0
14,13,102,-0.8618877836640804,0
14,13,103,0.1684106634888094,0
14,13,104,0.2063342939774558,0
14,13,105,0.1251137323723656,0
14,13,106,0.545576579943914,0
14,13,107,-1,0
14,13,108,0.5107679791321244,0
14,13,109,-0.4514733545249029,0
14,13,110,0.1627653945475896,0
14,13,111,-0.622992668780384,0
14,13,112,0.06120101235517632,0
14,13,113,0.4725616748399555,0
14,13,114,0.438545751861605,0
14,13,115,-0.3784279688235848,0
14,13,116,-0.08767423003804792,0
14,13,117,0.0422294665743476,0
14,13,118,-0.2301961270725767,0
14,13,119,0.1609291167770065,0
14,13,120,-0.3518013198244807,0
14,13,121,0.2745888884772285,0
14,13,122,-0.4667884359289861,0
14,13,123,0.5138918379993148,0
14,13,124,0.04282421161310693,0
14,13,125,0.1424000034916661,0
14,13,126,-0.05371060898980832,0
14,13,127,-0.04944866117428322,0
14,13,128,-0.7491145852118775,0
14,13,129,0.6207275531948393,0
14,13,130,0.1357861546401392,0
14,13,131,0.201716847178524,0
14,13,132,0.3458243517315839,0
14,13,133,-0.3164547548528535,0
14,13,134,-0.02154492200947156,0
14,13,135,0.001616946407514958,0
14,13,136,0.0003035741826416225,0
14,13,137,0.00077001463994694,0
14,13,138,0.0008055962551491547,0
14,13,139,-0.0009904511029753206,0
14,13,140,-0.001444117781484007,0
14,13,141,0.0004327244875210523,0
14,13,142,0.001155488454999164,0
14,13,143,0.001057980161360361,0
14,13,144,0.0009078962711926404,0
14,13,145,0.0007045547609016934,0
14,13,146,0.002016476956795721,0
14,13,147,0.001341737318920514,0
14,13,148,-0.00129628910204276,0
14,13,149,0.001894038313925923,0
14,13,150,0.002222673782025839,0
14,13,151,-0.001354971489466336,0
14,13,152,-0.0001711584757488187,0
14,13,153,0.0001402908640549749,0
14,13,154,-0.002102269611176581,0
14,13,155,-0.001622110381412955,0
14,13,156,0.0008393666850998833,0
14,13,157,-0.0008864827318735243,0
14,13,158,-0.001000590585781289,0
14,13,159,0.002623555211622987,0
14,13,160,0.0008353129922212859,0
14,13,161,-0.001871481473628138,0
14,13,162,0.001154134807484353,0
14,13,163,-0.0002063084514072259,0
14,13,164,-0.001740937827347411,0
14,13,165,-0.0004047633116254577,0
14,13,166,-0.0005735899354396724,0
14,13,167,-3.242529097788912e-05,0
14,13,168,-0.0001308971774364558,0
14,13,169,-0.001791880036504454,0
14,13,170,-0.0004541018898755687,0
15,14,0,-0.1698259715423945,0
15,14,1,0.02977373127737284,0
15,14,2,0.1232775452058076,0
15,14,3,0.2189190450450112,0
15,14,4,0.05083727656716444,0
15,14,5,-0.3064530257733901,0
15,14,6,0.1928958328593633,0
15,14,7,-0.2273076093741958,0
15,14,8,0.3695190256949701,0
15,14,9,0.009283321827942439,0
15,14,10,-0.1440705758508125,0
15,14,11,0.1855424970424153,0
15,14,12,0.2672704913146952,0
15,14,13,-0.0733003212493161,0
15,14,14,-0.08871440479159647,0
15,14,15,-0.3268015305186681,0
15,14,16,-0.08506199229670162,0
15,14,17,0.4007134930477473,0
15,14,18,-0.07590403278504664,0
15,14,19,0.3289508452367697,0
15,14,20,-0.5135633784034761,0
15,14,21,-0.5048655358104907,0
15,14,22,0.2119273160469343,0
15,14,23,0.1303627580190017,0
15,14,24,-0.3835025989890557,0
15,14,25,0.5325127038253175,0
15,14,26,-0.5885061119011166,0
15,14,27,0.2451907440397203,0
15,14,28,-0.2941285752797314,0
15,14,29,0.2450543434100711,0
15,14,30,-0.1083965100016245,0
15,14,31,0.03343218164974458,0
15,14,32,-0.4389340927977236,0
15,14,33,0.07003269310158393,0
15,14,34,0.3262456483340149,0
15,14,35,0.5052375148333748,0
15,14,36,0.03208349242835259,0
15,14,37,-0.5689657661301166,0
15,14,38,-0.009438747583251528,0
15,14,39,-0.3962043401402119,0
15,14,40,0.4435856002787166,0
15,14,41,-0.1786014991289309,0
15,14,42,0.2002764493068487,0
15,14,43,-0.3177479732821889,0
15,14,44,0.4519485966775239,0
15,14,45,-0.1899038336731672,0
15,14,46,-0.2096900048719819,0
15,14,47,-0.5769551896392672,0
15,14,48,0.05810879149742047,0
15,14,49,0.4229719145018948,0
15,14,50,0.4672845250349162,0
15,14,51,0.126834235127056,0
15,14,52,-0.450542803523143,0
15,14,53,-0.4817455585209301,0
15,14,54,-0.07507275646846717,0
15,14,55,0.8221786048629495,0
15,14,56,0.3570782437836759,0
15,14,57,-0.2027251768753193,0
15,14,58,0.03668517033596362,0
15,14,59,0.08562508318148504,0
15,14,60,-0.4481096942016827,0
15,14,61,0.4244530555241057,0
15,14,62,-0.2462671125956039,0
15,14,63,-0.007966806802946468,0
15,14,64,-0.7423413098301809,0
15,14,65,0.123139042114311,0
15,14,66,0.4845337562699359,0
15,14,67,0.3468697448514131,0
15,14,68,0.241430797560497,0
15,14,69,-0.7143232524358977,0
15,14,70,-0.5377694282349239,0
15,14,71,0.05864840657290157,0
15,14,72,0.3849016195135268,0
15,14,73,-0.1422107656792828,0
15,14,74,0.4743115943415211,0
15,14,75,-0.4297252674895886,0
15,14,76,0.3469808314655154,0
15,14,77,-0.2357440826585563,0
15,14,78,0.05491792376998394,0
15,14,79,-0.2924897517444896,0
15,14,80,0.06813928545823497,0
15,14,81,0.1563266268316157,0
15,14,82,1,0
15,14,83,-0.4526262720609703,0
15,14,84,-0.3091320592269717,0
15,14,85,-0.5270496828722465,0
15,14,86,0.5850727414929874,0
15,14,87,-0.8004715916511981,0
15,14,88,0.4328866191808031,0
15,14,89,-0.1990426947862315,0
15,14,90,0.00685434309034982,0
15,14,91,0.4477099371313428,0
15,14,92,-0.7352075590304551,0
15,14,93,0.5547475997120597,0
15,14,94,-0.3505528502517792,0
15,14,95,0.08288824338255635,0
15,14,96,-0.5984140875575953,0
15,14,97,0.08065741166317392,0
15,14,98,0.512145921885934,0
15,14,99,0.4830182289614395,0
15,14,100,0.04328219074466847,0
15,14,101,-0.3669411511127942,0
15,14,102,-0.2065651183394091,0
15,14,103,-0.1326556971922846,0
15,14,104,0.4914913357068502,0
15,14,105,0.1943124784508167,0
15,14,106,0.010995772176527,0
15,14,107,-0.03482343575104242,0
15,14,108,-0.06174594788340733,0
15,14,109,-0.1417784512462872,0
15,14,110,0.1983010963353071,0
15,14,111,-0.3685285701822598,0
15,14,112,0.3513559055604168,0
15,14,113,-0.1839924058281841,0
15,14,114,0.05834074487450152,0
15,14,115,-0.232172712778143,0
15,14,116,-0.2406218733477825,0
15,14,117,0.130218188218683,0
15,14,118,-0.489244512299005,0
15,14,119,0.4244428902544284,0
15,14,120,0.1194337765388893,0
15,14,121,0.1110931629643106,0
15,14,122,0.3511342366484572,0
15,14,123,-0.3253881025491118,0
15,14,124,-0.1236572069945628,0
15,14,125,0.01333517056295555,0
15,14,126,0.3744841464906897,0
15,14,127,-0.2496487058208245,0
15,14,128,0.05814214089062106,0
15,14,129,-0.1669494712997624,0
15,14,130,0.1170378463141744,0
15,14,131,-0.1410559062485365,0
15,14,132,-0.1694564031528593,0
15,14,133,0.07178171829539476,0
15,14,134,0.1202822682054882,0
15,14,135,-1.233002459071358e-05,0
15,14,136,-0.0008698639383604134,0
15,14,137,0.0003232533660813385,0
15,14,138,-0.0006152273140992876,0
15,14,139,0.001425933258490273,0
15,14,140,0.0009417220634203549,0
15,14,141,0.0008920575725817239,0
15,14,142,0.00127076278075242,0
15,14,143,-0.00103997733615601,0
15,14,144,0.001647976565496755,0
15,14,145,0.000835565323110948,0
15,14,146,7.755214198091495e-05,0
15,14,147,-4.052906535758438e-05,0
15,14,148,-0.0004293682259924018,0
15,14,149,-0.0005399407415541413,0
15,14,150,-0.0009574825969914714,0
15,14,151,-0.000296014883297269,0
15,14,152,0.0002247796290460267,0
15,14,153,-0.0001766564088945542,0
15,14,154,0.0002919790761118129,0
15,14,155,0.0002108739538739866,0
15,14,156,-0.0001152031829652198,0
15,14,157,1.985210122572855e-05,0
15,14,158,7.879285785831298e-06,0
15,14,159,-0.001330933904058839,0
15,14,160,-0.000629124396273928,0
15,14,161,-0.001199968738313621,0
15,14,162,0.0003331232975935726,0
15,14,163,-0.0003978701727022467,0
15,14,164,-0.002100175323178858,0
15,14,165,0.0004426271189211482,0
15,14,166,-8.423677134956747e-05,0
15,14,167,-5.367134886450954e-05,0
15,14,168,0.00109185052975421,0
15,14,169,0.0004154285324881754,0
15,14,170,0.001928291564242786,0
16,15,0,-0.3873043368946615,0
16,15,1,0.2005407859561658,0
16,15,2,-0.2253599804443412,0
16,15,3,-0.2714795613661679,0
16,15,4,0.3642780748892055,0
16,15,5,-0.5031463568967055,0
16,15,6,-0.7079845048128031,0
16,15,7,0.3763771017562812,0
16,15,8,-0.1806356732726474,0
16,15,9,-0.1492790926135833,0
16,15,10,0.6046172779628832,0
16,15,11,-0.8688768648043129,0
16,15,12,0.6197159230622143,0
16,15,13,-0.2169025381802788,0
16,15,14,-0.01102082018735946,0
16,15,15,0.47430919848822,0
16,15,16,-0.6922198739854354,0
16,15,17,0.7201630447674716,0
16,15,18,0.2473131288459371,0
16,15,19,-0.3881183539106609,0
16,15,20,0.3222224650113972,0
16,15,21,-0.005357124802676934,0
16,15,22,-0.1380546843029707,0
16,15,23,0.1496380885955543,0
16,15,24,-0.03962585618346896,0
16,15,25,0.04100147364164401,0
16,15,26,-0.08806326708760902,0
16,15,27,0.02531673240882503,0
16,15,28,-0.03340921607756613,0
16,15,29,-0.3564227935771737,0
16,15,30,0.2054209774074998,0
16,15,31,-0.0786839671326507,0
16,15,32,-0.4140130879566474,0
16,15,33,0.4305197732716843,0
16,15,34,-0.1556556121240591,0
16,15,35,0.1075762210821146,0
16,15,36,0.1432369138135001,0
16,15,37,-0.03649027131172758,0
16,15,38,-0.6614948933420957,0
16,15,39,0.3280683650870322,0
16,15,40,0.6608338443565838,0
16,15,41,0.1592084870160159,0
16,15,42,0.3129464066749392,0
16,15,43,-0.1008677418262727,0
16,15,44,0.3685130587808195,0
16,15,45,-0.4508738985795664,0
16,15,46,0.1373348047844331,0
16,15,47,-0.05552302055371516,0
16,15,48,-0.1110428759566554,0
16,15,49,-0.3732742657542501,0
16,15,50,0.03630527014685177,0
16,15,51,0.06414939441727718,0
16,15,52,-0.4246150856162699,0
16,15,53,-0.1266320319996547,0
16,15,54,0.02989975404154817,0
16,15,55,0.006239160274711409,0
16,15,56,0.08320571636183473,0
16,15,57,-0.05356089570979227,0
16,15,58,-0.07771307729646014,0
16,15,59,0.09146226274906342,0
16,15,60,-0.2245691103736311,0
16,15,61,0.1663887311482937,0
16,15,62,-0.005852762691146842,0
16,15,63,-0.001188911679753758,0
16,15,64,0.3182193675761711,0
16,15,65,-0.2727096754251023,0
16,15,66,0.3646790234269368,0
16,15,67,1,0
16,15,68,-0.7995073345162872,0
16,15,69,0.1063914773678858,0
16,15,70,0.2877603353071957,0
16,15,71,-0.6573988825111178,0
16,15,72,0.5052683396395191,0
16,15,73,-0.0932684846094832,0
16,15,74,-0.1938555620276126,0
16,15,75,0.2038326119683362,0
16,15,76,-0.9105139242597277,0
16,15,77,0.5702603827295245,0
16,15,78,-0.1376173556776357,0
16,15,79,-0.4183660162977269,0
16,15,80,0.866936422113989,0
16,15,81,-0.5780001968059567,0
16,15,82,0.0444334610730294,0
16,15,83,0.1047788788917401,0
16,15,84,0.1499046267467314,0
16,15,85,-0.01722797169798181,0
16,15,86,0.1185684438959837,0
16,15,87,-0.3630869617725717,0
16,15,88,0.2039249100615581,0
16,15,89,-0.1049732642239146,0
16,15,90,0.1219491202311084,0
16,15,91,0.1700839430278423,0
16,15,92,-0.3265125179169933,0
16,15,93,0.4356971074876548,0
16,15,94,-0.3196135196546856,0
16,15,95,0.1649891564532246,0
16,15,96,-0.4516450480275758,0
16,15,97,-0.06470949508752324,0
16,15,98,0.2379943780414227,0
16,15,99,-0.1672803200079855,0
16,15,100,0.3862398723300379,0
16,15,101,-0.8349553904015556,0
16,15,102,0.06744900818975916,0
16,15,103,0.08945298851485269,0
16,15,104,-0.5173658119584814,0
16,15,105,0.04116672148543075,0
16,15,106,-0.0750618391524672,0
16,15,107,0.01937540782262022,0
16,15,108,0.1005149532546419,0
16,15,109,0.0207033492578713,0
16,15,110,0.2579658680721852,0
16,15,111,0.5865474679213765,0
16,15,112,-0.4949956071802517,0
16,15,113,0.5276817916025276,0
16,15,114,-0.4053701766373021,0
16,15,115,0.4401424393392602,0
16,15,116,-0.11380471244646,0
16,15,117,0.06691771087369723,0
16,15,118,-0.2075983622748103,0
16,15,119,0.2013027584539943,0
16,15,120,0.1131348639654532,0
16,15,121,-0.0006759442885556008,0
16,15,122,-0.03383960445296966,0
16,15,123,-0.108261459357605,0
16,15,124,-0.8293952006848202,0
16,15,125,0.611860066631241,0
16,15,126,-0.5196046625462357,0
16,15,127,0.7281185832169924,0
16,15,128,0.04684620376638306,0
16,15,129,0.2184986083167997,0
16,15,130,0.3660579242581806,0
16,15,131,-0.2173701192351282,0
16,15,132,0.5376360148702961,0
16,15,133,-0.5313862931171834,0
16,15,134,-0.364114586931738,0
16,15,135,0.0008342707557020222,0
16,15,136,0.0008112176005214648,0
16,15,137,-0.001491252241666264,0
16,15,138,-0.00285191667197845,0
16,15,139,-0.002088536899828616,0
16,15,140,-0.0006226648348026558,0
16,15,141,0.001665150737334147,0
16,15,142,0.001066721692924505,0
16,15,143,-0.0003487795718876754,0
16,15,144,0.0005980485676074519,0
16,15,145,0.0005404728376570191,0
16,15,146,-0.001192439129628875,0
16,15,147,0.001154839885948743,0
16,15,148,0.003203189425267379,0
16,15,149,0.001364975072480802,0
16,15,150,-8.028685906103747e-05,0
16,15,151,-0.001057058252217868,0
16,15,152,-0.002101229868029654,0
16,15,153,-0.001209684890899212,0
16,15,154,-0.0006853370387254,0
16,15,155,-0.001865033532840403,0
16,15,156,-0.001948063756181284,0
16,15,157,0.002296812448930032,0
16,15,158,0.002626016959466938,0
16,15,159,0.0003467517086626098,0
16,15,160,-0.0004515940383312709,0
16,15,161,-0.001499564358090114,0
16,15,162,-0.0006319690258235756,0
16,15,163,-0.0006076572782021985,0
16,15,164,0.0002705737211798722,0
16,15,165,0.001344667878407626,0
16,15,166,0.0002962684801061576,0
16,15,167,-0.002300924156373057,0
16,15,168,-0.003503421916530147,0
16,15,169,-0.001297380562004818,0
16,15,170,0.0001003759297535765,0
17,16,0,0.3207969698110581,0
17,16,1,-0.07429705253828432,0
17,16,2,-0.153888621485999,0
17,16,3,-0.122808219360467,0
17,16,4,-0.1942889732623322,0
17,16,5,0.4955242348962826,0
17,16,6,0.002936048466469702,0
17,16,7,0.1210126431782494,0
17,16,8,-0.2949008998635667,0
17,16,9,-0.3143149282279966,0
17,16,10,0.09760581401772092,0
17,16,11,0.1204219624296991,0
17,16,12,0.3654941230657045,0
17,16,13,0.1224098930303402,0
17,16,14,-0.4693866167680913,0
17,16,15,-0.2719581300273629,0
17,16,16,-0.2430233919690254,0
17,16,17,0.6313474584887109,0
17,16,18,0.3619414812274847,0
17,16,19,0.1553506299843135,0
17,16,20,-0.5589107931178932,0
17,16,21,-0.5270431968846847,0
17,16,22,-0.1201396726782956,0
17,16,23,0.6771890185655427,0
17,16,24,-0.6043001609832472,0
17,16,25,0.7212354230449518,0
17,16,26,-0.7055773895368572,0
17,16,27,0.424125225561865,0
17,16,28,-0.4952762167985402,0
17,16,29,-0.2918697464222683,0
17,16,30,0.2073356235899356,0
17,16,31,-0.3012614728597434,0
17,16,32,0.6054451401842789,0
17,16,33,-0.1587689711795169,0
17,16,34,-0.3667119403355847,0
17,16,35,-0.5155052288400624,0
17,16,36,-0.1260643505310523,0
17,16,37,0.5977553131393663,0
17,16,38,0.3698412692700072,0
17,16,39,0.2228223636539368,0
17,16,40,-0.634342874179201,0
17,16,41,-0.5561943018141083,0
17,16,42,0.01268825284480815,0
17,16,43,0.7141710656939562,0
17,16,44,0.7536071310095502,0
17,16,45,-0.07836726346408389,0
17,16,46,-0.6393612629891989,0
17,16,47,-0.8092555371583106,0
17,16,48,-0.02371075474447337,0
17,16,49,0.7361142660495937,0
17,16,50,0.9274318829605753,0
17,16,51,0.01250318431472193,0
17,16,52,-0.9577861620413073,0
17,16,53,-0.6487531806172905,0
17,16,54,-0.2539767773608402,0
17,16,55,0.9920468819030031,0
17,16,56,0.5544913754995999,0
17,16,57,-0.3290699426367258,0
17,16,58,-0.4869718447321649,0
17,16,59,0.1528777693711873,0
17,16,60,0.3977120872715272,0
17,16,61,-0.3804976688742447,0
17,16,62,0.5172835257128412,0
17,16,63,-0.356187373106404,0
17,16,64,0.5829650335462162,0
17,16,65,-0.1609950442717431,0
17,16,66,-0.2342354935196574,0
17,16,67,-0.6460557944810233,0
17,16,68,0.09399983349705845,0
17,16,69,0.4741714998177862,0
17,16,70,0.9754848264816323,0
17,16,71,-0.1680688280021018,0
17,16,72,-0.6166897678254528,0
17,16,73,-0.8017757483488377,0
17,16,74,-0.1741685108420676,0
17,16,75,0.9354641242804412,0
17,16,76,0.7208076683896264,0
17,16,77,0.09536935467860792,0
17,16,78,-0.9239679184412193,0
17,16,79,-1,0
17,16,80,0.169356278106108,0
17,16,81,0.783387589882565,0
17,16,82,0.9363267688872891,0
17,16,83,-0.02426732959667141,0
17,16,84,-0.8731545272376702,0
17,16,85,-0.4624603242767297,0
17,16,86,0.5205047063896137,0
17,16,87,0.7522256646191386,0
17,16,88,-0.4398519763261713,0
17,16,89,0.2327572916776177,0
17,16,90,-0.1977687311015367,0
17,16,91,-0.2924763452039615,0
17,16,92,0.7410441207627929,0
17,16,93,-0.08251818204135761,0
17,16,94,0.2036289935222401,0
17,16,95,-0.09229999883882713,0
17,16,96,0.3072218781065509,0
17,16,97,-0.2496053116975191,0
17,16,98,0.006068138699629575,0
17,16,99,-0.5508338704945975,0
17,16,100,0.2822742822904484,0
17,16,101,0.1161645382827235,0
17,16,102,0.7194294240129874,0
17,16,103,-0.252958699392384,0
17,16,104,-0.4143786330577169,0
17,16,105,-0.9030202558908962,0
17,16,106,0.2331018043503286,0
17,16,107,0.4215130622937327,0
17,16,108,0.8888939687453984,0
17,16,109,-0.03883040691547875,0
17,16,110,-0.660188761164793,0
17,16,111,-0.7240301682191547,0
17,16,112,-0.05819222359834911,0
17,16,113,0.8424843343760368,0
17,16,114,0.3086901678033568,0
17,16,115,-0.4051553430890559,0
17,16,116,0.2911755167345934,0
17,16,117,-0.1644056712481702,0
17,16,118,0.5289136187911383,0
17,16,119,-0.4802345187817538,0
17,16,120,-0.01460411026673028,0
17,16,121,-0.1702268519124751,0
17,16,122,0.02848820431159877,0
17,16,123,-0.03225643285852765,0
17,16,124,-0.005524715325785766,0
17,16,125,-0.04812963097055142,0
17,16,126,-0.255801720890677,0
17,16,127,0.2356556979041362,0
17,16,128,0.173315174054967,0
17,16,129,-0.09474460496575128,0
17,16,130,-0.3132198375654572,0
17,16,131,0.2782757277918393,0
17,16,132,0.5993659868215415,0
17,16,133,-0.3908347997760265,0
17,16,134,-0.1372315066833868,0
17,16,135,0.0004336159428172652,0
17,16,136,0.000643630098105345,0
17,16,137,0.0004049591629399115,0
17,16,138,9.839032181038648e-05,0
17,16,139,-0.0007673424750200058,0
17,16,140,0.0002196289701751268,0
17,16,141,0.0010610119005707,0
17,16,142,0.002558846305526643,0
17,16,143,-0.0004289168028190359,0
17,16,144,-0.001763335907517056,0
17,16,145,-0.0009149423197846652,0
17,16,146,-0.001286165971479534,0
17,16,147,-0.000377367726150572,0
17,16,148,0.001038244964350511,0
17,16,149,-0.0004104444746618547,0
17,16,150,0.001192934608488176,0
17,16,151,-0.001409423546236396,0
17,16,152,-0.0009917600026027164,0
17,16,153,0.000181352286002032,0
17,16,154,0.000434046902563415,0
17,16,155,-0.0004735253281366623,0
17,16,156,-8.693325048140808e-05,0
17,16,157,0.0002870410516083084,0
17,16,158,0.0007293805164562603,0
17,16,159,-0.0003085970355718796,0
17,16,160,0.0005729431952682066,0
17,16,161,-0.002628222309686232,0
17,16,162,-0.0008181106775457546,0
17,16,163,0.0008370479131788195,0
17,16,164,0.002326260813146232,0
17,16,165,-0.0002403932769880044,0
17,16,166,0.001273116052308598,0
17,16,167,-0.0006687133207806364,0
17,16,168,-0.0001542090560289565,0
17,16,169,-0.000678974221571976,0
17,16,170,0.0007861816727649189,0
18,17,0,-0.6475643442468569,0
18,17,1,0.2029760379936557,0
18,17,2,0.1576220687784167,0
18,17,3,-0.7580361919647081,0
18,17,4,0.7250979373498009,0
18,17,5,-0.8059093613936301,0
18,17,6,0.347234119482654,0
18,17,7,0.3815233805619779,0
18,17,8,-0.9053730316161881,0
18,17,9,0.009035954768552987,0
18,17,10,-0.4074137293073415,0
18,17,11,0.7051747972186471,0
18,17,12,0.4018961951291404,0
18,17,13,-0.09538376273069263,0
18,17,14,-0.2381553227630991,0
18,17,15,0.05283606237833363,0
18,17,16,-0.3348814380415175,0
18,17,17,0.4968021964922431,0
18,17,18,-0.8016359591604786,0
18,17,19,0.3336475485173709,0
18,17,20,0.03302183579045193,0
18,17,21,-0.2101184010944188,0
18,17,22,0.7503810093961534,0
18,17,23,-0.900295096349957,0
18,17,24,0.05094200052850155,0
18,17,25,0.03594488181449563,0
18,17,26,0.05660595766068188,0
18,17,27,-0.06066072267576738,0
18,17,28,0.1116184445446174,0
18,17,29,0.2994650530652033,0
18,17,30,-0.273756445718444,0
18,17,31,0.4372165551846179,0
18,17,32,-0.6851363690475232,0
18,17,33,0.2431084887758901,0
18,17,34,0.4409702113072227,0
18,17,35,-0.7180732210246341,0
18,17,36,0.8044010556607151,0
18,17,37,-0.03533493908172568,0
18,17,38,0.8152721821114054,0
18,17,39,-0.1892191213469218,0
18,17,40,-0.1936421296273062,0
18,17,41,-0.6160265829472913,0
18,17,42,-0.1668229542296533,0
18,17,43,0.5613379132939204,0
18,17,44,0.485977462597732,0
18,17,45,0.1933651450248051,0
18,17,46,-0.9016458256826703,0
18,17,47,0.02362571796220801,0
18,17,48,-0.4182135040927156,0
18,17,49,0.3187149133637057,0
18,17,50,-0.4756496525532641,0
18,17,51,0.4572938395914145,0
18,17,52,0.09705023761062707,0
18,17,53,0.3413128469018405,0
18,17,54,-0.02991665413663856,0
18,17,55,0.2647815944784,0
18,17,56,-0.2915789665266355,0
18,17,57,0.350711729432436,0
18,17,58,0.6783141967076451,0
18,17,59,-0.4273080083090245,0
18,17,60,0.1926174188493512,0
18,17,61,0.4553942293105523,0
18,17,62,-0.6487338384062046,0
18,17,63,0.3496723779954989,0
18,17,64,0.7140176162875801,0
18,17,65,-0.4216272693909506,0
18,17,66,-0.01699402504501496,0
18,17,67,0.05964653847464489,0
18,17,68,-0.606879613828788,0
18,17,69,0.9358274853048636,0
18,17,70,0.1285518103144564,0
18,17,71,-0.2223153235641152,0
18,17,72,-0.1896900019323465,0
18,17,73,-0.8220056126125582,0
18,17,74,0.6298728220897221,0
18,17,75,-0.0661728271578699,0
18,17,76,0.1336732262008229,0
18,17,77,0.2302348745709509,0
18,17,78,-0.1678678940365988,0
18,17,79,0.2321922050054086,0
18,17,80,-0.1676971224036242,0
18,17,81,-0.06830923858819198,0
18,17,82,0.7460904026714839,0
18,17,83,-0.5104411199202168,0
18,17,84,0.002778054483342378,0
18,17,85,-0.6262524502066318,0
18,17,86,0.4879835460303299,0
18,17,87,0.2233114826227639,0
18,17,88,-0.1356798698524678,0
18,17,89,0.04137782194423342,0
18,17,90,-0.187055686652578,0
18,17,91,-0.1154417423007094,0
18,17,92,0.07128119811461128,0
18,17,93,-0.5566331902862293,0
18,17,94,0.4590887453605141,0
18,17,95,-0.5841494707295943,0
18,17,96,0.7921631113723854,0
18,17,97,-0.1488896151706567,0
18,17,98,-0.8899187204846897,0
18,17,99,-0.5887031741441853,0
18,17,100,-0.2195629702329405,0
18,17,101,0.3948964190709047,0
18,17,102,0.1397722049131495,0
18,17,103,0.4423447033304669,0
18,17,104,-0.7213545954573993,0
18,17,105,0.4867978359605636,0
18,17,106,-0.3894066212146364,0
18,17,107,0.4205897710990077,0
18,17,108,-0.4087061866874048,0
18,17,109,-0.2104433416653433,0
18,17,110,0.7088843578445838,0
18,17,111,-0.2689501484790777,0
18,17,112,0.55406634872692,0
18,17,113,-0.5631541214604152,0
18,17,114,0.01904425677129488,0
18,17,115,-0.2169387377418839,0
18,17,116,0.01770673949503528,0
18,17,117,-0.01747124440678613,0
18,17,118,-0.08153347694367352,0
18,17,119,-0.002020159781146629,0
18,17,120,-0.7252191551436208,0
18,17,121,0.4562435214567467,0
18,17,122,-0.8391071613254708,0
18,17,123,1,0
18,17,124,0.02516541496711628,0
18,17,125,0.2481886567888347,0
18,17,126,-0.4803215214478171,0
18,17,127,0.4786760898750829,0
18,17,128,0.4679697993185615,0
18,17,129,-0.1123928852105978,0
18,17,130,0.52484889318325,0
18,17,131,-0.6765971642302164,0
18,17,132,-0.4489318291018715,0
18,17,133,0.1382091099862245,0
18,17,134,0.240783768081739,0
18,17,135,0.0005908179735865734,0
18,17,136,-0.00104186834048786,0
18,17,137,-0.001296588270438841,0
18,17,138,-0.001226708334951574,0
18,17,139,0.0006198374731964383,0
18,17,140,0.003265766624640019,0
18,17,141,0.0005731409036741806,0
18,17,142,-0.0004729593443493399,0
18,17,143,-0.001548006212593775,0
18,17,144,-0.0006079905487367928,0
18,17,145,0.001179498041872892,0
18,17,146,0.003199878025535526,0
18,17,147,0.0008566159465678869,0
18,17,148,0.001657432655824445,0
18,17,149,0.0006625558138747587,0
18,17,150,-0.003310814188602905,0
18,17,151,-0.0004997145415549991,0
18,17,152,0.001122178168877366,0
18,17,153,-0.001137927521780569,0
18,17,154,-0.003129428026498562,0
18,17,155,0.0008129724803263334,0
18,17,156,0.002553300835723252,0
18,17,157,-7.13315429284675e-05,0
18,17,158,0.001647914449179091,0
18,17,159,-0.001904269822981431,0
18,17,160,-0.002599828442477781,0
18,17,161,0.00116211895944309,0
18,17,162,0.001106999330346904,0
18,17,163,-0.0002795061412565171,0
18,17,164,0.0001130762505694856,0
18,17,165,-0.001274074292822912,0
18,17,166,-0.002804234216560867,0
18,17,167,-0.001903966014689873,0
18,17,168,-0.0005861184475551613,0
18,17,169,0.001493414113061115,0
18,17,170,0.00304284978346232,0
19,18,0,-0.3039393130405568,0
19,18,1,0.236801949082088,0
19,18,2,-0.4117351714126539,0
19,18,3,-0.2802480705816385,0
19,18,4,0.3084209306453634,0
19,18,5,-0.3097914805141055,0
19,18,6,-0.1281732047594839,0
19,18,7,0.2007048238422973,0
19,18,8,-0.2707640301985429,0
19,18,9,0.8228789805112979,0
19,18,10,-0.2568375101517577,0
19,18,11,-0.2098082258823532,0
19,18,12,-0.1805689339222842,0
19,18,13,-0.6419608120684905,0
19,18,14,1,0
19,18,15,-0.5964908645700007,0
19,18,16,0.5396788412104617,0
19,18,17,-0.4249245801390756,0
19,18,18,0.05240492657625939,0
19,18,19,0.4494220551339424,0
19,18,20,-0.5510139471787533,0
19,18,21,0.0690054702642398,0
19,18,22,-0.1691685828370789,0
19,18,23,0.2647932429703043,0
19,18,24,-0.01685996553885392,0
19,18,25,-0.03055353330817906,0
19,18,26,0.03993757353987917,0
19,18,27,0.02604326433264523,0
19,18,28,-0.04474205024204274,0
19,18,29,-0.6234196689465301,0
19,18,30,0.408737637776614,0
19,18,31,-0.1996456923475881,0
19,18,32,-0.04502377997616318,0
19,18,33,0.4361605454862209,0
19,18,34,-0.3395078025301669,0
19,18,35,-0.1459847892929232,0
19,18,36,0.02431885668401787,0
19,18,37,0.4501509773068534,0
19,18,38,-0.3189674991259864,0
19,18,39,0.3178088015739591,0
19,18,40,0.1425593401125062,0
19,18,41,0.6588345408333238,0
19,18,42,-0.3602946988416411,0
19,18,43,-0.4318380719848456,0
19,18,44,-0.4048558582828503,0
19,18,45,-0.01915446059525551,0
19,18,46,0.006219685207871863,0
19,18,47,-0.0718343864026645,0
19,18,48,0.4232647780420847,0
19,18,49,-0.02475658363958905,0
19,18,50,0.2547144053992562,0
19,18,51,-0.3359873872363153,0
19,18,52,0.4524884384352716,0
19,18,53,-0.06510802215279364,0
19,18,54,-0.0593067214430881,0
19,18,55,-0.04712140771810652,0
19,18,56,0.09315148163479182,0
19,18,57,-0.1473091480900881,0
19,18,58,-0.2020002635865341,0
19,18,59,0.1462736807843887,0
19,18,60,-0.09224860238634261,0
19,18,61,0.1204531427179317,0
19,18,62,0.1334175901896504,0
19,18,63,-0.02577987294200747,0
19,18,64,0.7955003141007434,0
19,18,65,-0.5792902799084345,0
19,18,66,0.3420850895855079,0
19,18,67,0.2268212932410016,0
19,18,68,-0.6601831022329275,0
19,18,69,0.3713952710610188,0
19,18,70,-0.5223953664705754,0
19,18,71,0.2620340184066879,0
19,18,72,0.08227955551277816,0
19,18,73,-0.4108743167480252,0
19,18,74,0.4701412886767201,0
19,18,75,-0.1477912844834944,0
19,18,76,0.5370901626194355,0
19,18,77,0.1159133469860504,0
19,18,78,-0.4303341162777561,0
19,18,79,0.4521155694045292,0
19,18,80,-0.8484025059211661,0
19,18,81,0.6135448597814369,0
19,18,82,-0.3782244111381558,0
19,18,83,0.02853444889876292,0
19,18,84,-0.1070557016811331,0
19,18,85,0.3665667697350401,0
19,18,86,-0.4065599680840565,0
19,18,87,-0.08742995031579091,0
19,18,88,0.06347484584154761,0
19,18,89,-0.04224866052005002,0
19,18,90,0.1778913811080655,0
19,18,91,0.0009564011588390274,0
19,18,92,-0.05378165785272501,0
19,18,93,0.2639965375910756,0
19,18,94,-0.3065671348196907,0
19,18,95,0.2067073500168956,0
19,18,96,-0.3959944637626235,0
19,18,97,-0.03853379615390912,0
19,18,98,-0.08652958335894223,0
19,18,99,0.1635753519710007,0
19,18,100,0.3649951218821178,0
19,18,101,-0.8851056448467098,0
19,18,102,0.3576457058257204,0
19,18,103,-0.3532104221993058,0
19,18,104,0.2962100452926645,0
19,18,105,-0.3965355199388686,0
19,18,106,-0.00318182137618079,0
19,18,107,0.6031844931745594,0
19,18,108,0.2647798090060113,0
19,18,109,-0.004225916438696809,0
19,18,110,-0.3293570606566998,0
19,18,111,-0.561662825561335,0
19,18,112,0.1856921275538074,0
19,18,113,-0.0553228721686858,0
19,18,114,0.5750350086227958,0
19,18,115,-0.4657095470020626,0
19,18,116,-0.03216284463370619,0
19,18,117,0.02569407195042083,0
19,18,118,-0.02170866907742016,0
19,18,119,0.04610027607743199,0
19,18,120,0.0806859029258946,0
19,18,121,-0.08066786269560772,0
19,18,122,-0.3536055836622924,0
19,18,123,0.1419160490815134,0
19,18,124,-0.7735369121101111,0
19,18,125,0.8619089474879781,0
19,18,126,0.3234559220936739,0
19,18,127,0.13453005242611,0
19,18,128,0.4967874263483884,0
19,18,129,-0.5844875230536665,0
19,18,130,-0.2603891635748106,0
19,18,131,-0.01422390874239235,0
19,18,132,-0.163726124639151,0
19,18,133,0.1980008500620982,0
19,18,134,0.2513797201298475,0
19,18,135,0.0004714895176285655,0
19,18,136,-0.0004059248402382629,0
19,18,137,-0.003599962319992802,0
19,18,138,-9.960452614302267e-05,0
19,18,139,0.002138006360528226,0
19,18,140,0.00119449150878382,0
19,18,141,-0.0008070667446050412,0
19,18,142,-0.001357229987757955,0
19,18,143,0.0007964254095057044,0
19,18,144,-0.0003658696935278099,0
19,18,145,8.52433911642777e-05,0
19,18,146,-0.0003459101316237874,0
19,18,147,0.002678030579140283,0
19,18,148,0.0003666139000219368,0
19,18,149,-0.002253834313032164,0
19,18,150,0.0003078473839675765,0
19,18,151,-1.974567862666093e-05,0
19,18,152,0.001290259384412075,0
19,18,153,-0.001510397368647314,0
19,18,154,-0.0002913206076194472,0
19,18,155,-0.000484905439136617,0
19,18,156,0.0007715422332067771,0
19,18,157,0.002455468691832562,0
19,18,158,-0.001948962517731143,0
19,18,159,-0.0009189648180950098,0
19,18,160,0.0008577474982550675,0
19,18,161,0.000619867293689241,0
19,18,162,-0.0009741276572365025,0
19,18,163,8.319097185938063e-05,0
19,18,164,0.001636879701936363,0
19,18,165,-0.000317618771859184,0
19,18,166,-0.002123660890761425,0
19,18,167,-0.002248312737240017,0
19,18,168,0.001753844253837849,0
19,18,169,0.002168578597735003,0
19,18,170,-0.0006225246301625575,0
20,19,0,0.406925890673645,0
20,19,1,-0.21034384244221,0
20,19,2,0.2321801069291421,0
20,19,3,-0.1873196398033064,0
20,19,4,-0.2276400938047104,0
20,19,5,0.5127508844886056,0
20,19,6,-0.2832669143458391,0
20,19,7,0.2903273762523732,0
20,19,8,-0.3494117459046602,0
20,19,9,0.1979868113718604,0
20,19,10,0.1510541144726806,0
20,19,11,-0.3016038033347334,0
20,19,12,0.03075248163848878,0
20,19,13,-0.2386530458066178,0
20,19,14,0.3117783533139712,0
20,19,15,0.1425235073892944,0
20,19,16,-0.0324418031423688,0
20,19,17,-0.08369212298092386,0
20,19,18,-0.6229663039086372,0
20,19,19,0.1434151438230293,0
20,19,20,0.2852903693766831,0
20,19,21,-0.1989804625029301,0
20,19,22,0.6570122896733059,0
20,19,23,-0.682551649956754,0
20,19,24,0.1017689369628251,0
20,19,25,0.02229833227612759,0
20,19,26,0.04207091208598707,0
20,19,27,-0.1073449907840688,0
20,19,28,0.1511522442090474,0
20,19,29,0.3423986576967932,0
20,19,30,-0.0479937270420442,0
20,19,31,-0.5739977274799815,0
20,19,32,0.3794776110628295,0
20,19,33,-0.5207963242672329,0
20,19,34,0.1789968698023712,0
20,19,35,-0.3910938387136583,0
20,19,36,0.07531091102569616,0
20,19,37,0.01774477844581828,0
20,19,38,-0.05692109111132113,0
20,19,39,0.3752456778049907,0
20,19,40,-0.08306517760763114,0
20,19,41,0.1869438501274293,0
20,19,42,-0.2659727100178076,0
20,19,43,0.2388878541133731,0
20,19,44,-0.2100411940388617,0
20,19,45,0.09150757842388826,0
20,19,46,-0.08416709614464372,0
20,19,47,0.4227703221379409,0
20,19,48,-0.1386288125530767,0
20,19,49,-0.29912669493749,0
20,19,50,-0.3606505003885235,0
20,19,51,0.03167945355596891,0
20,19,52,0.4488064865756073,0
20,19,53,0.2928162399667182,0
20,19,54,0.01146097753431931,0
20,19,55,0.07148766540281248,0
20,19,56,-0.2998226779186033,0
20,19,57,0.2853860977492048,0
20,19,58,-1,0
20,19,59,0.5066893288198058,0
20,19,60,0.222544777643817,0
20,19,61,0.0485012022632579,0
20,19,62,0.5715425212119931,0
20,19,63,-0.8079757295263987,0
20,19,64,-0.2991038503192878,0
20,19,65,0.02443014791452769,0
20,19,66,0.2067885151765327,0
20,19,67,0.4116664927474732,0
20,19,68,0.1720599542559319,0
20,19,69,-0.4688874137462146,0
20,19,70,0.1614551618637134,0
20,19,71,-0.6027082981664568,0
20,19,72,0.6052792885700077,0
20,19,73,-0.2561203044830181,0
20,19,74,0.1629970976043334,0
20,19,75,-0.2169311122095603,0
20,19,76,-0.2249579878966922,0
20,19,77,0.3693639962309696,0
20,19,78,-0.06394712646115869,0
20,19,79,0.3509665302483687,0
20,19,80,-0.2145123897384315,0
20,19,81,-0.05609803667548365,0
20,19,82,0.3274881772920197,0
20,19,83,-0.3051646770137959,0
20,19,84,-0.1009138195877109,0
20,19,85,-0.3417365909616699,0
20,19,86,0.1605329521888814,0
20,19,87,0.5099063242347234,0
20,19,88,-0.3574663026675716,0
20,19,89,0.2751900074675044,0
20,19,90,-0.4276666185891212,0
20,19,91,0.02895727341318303,0
20,19,92,0.6157135159566779,0
20,19,93,0.4337912403529218,0
20,19,94,-0.0333115290607359,0
20,19,95,-0.04879557846032147,0
20,19,96,-0.5327325943341893,0
20,19,97,0.06454379626678322,0
20,19,98,0.559697625567642,0
20,19,99,0.4739768793381335,0
20,19,100,-0.0003927264324689947,0
20,19,101,-0.4819177360057653,0
20,19,102,-0.4989040658003121,0
20,19,103,-0.01228910781606983,0
20,19,104,0.2217984357741892,0
20,19,105,0.402974081205632,0
20,19,106,0.2614196967244247,0
20,19,107,-0.514029728745767,0
20,19,108,-0.09953615519078879,0
20,19,109,-0.3948254371323585,0
20,19,110,0.7162322753142452,0
20,19,111,-0.5247155169212991,0
20,19,112,0.4450250335862845,0
20,19,113,-0.1361059948325543,0
20,19,114,0.349460454129612,0
20,19,115,-0.4118734026105105,0
20,19,116,0.3597678016235574,0
20,19,117,-0.2231039750982669,0
20,19,118,0.5328761116149427,0
20,19,119,-0.5269300245028103,0
20,19,120,0.2050890806151799,0
20,19,121,-0.2921438391104859,0
20,19,122,0.4295280238198844,0
20,19,123,-0.5426246568182173,0
20,19,124,-0.3360267441345242,0
20,19,125,0.1124659913782667,0
20,19,126,0.01429458594826877,0
20,19,127,0.05994612452574669,0
20,19,128,-0.2505665677017016,0
20,19,129,0.3244206638319576,0
20,19,130,0.5983239065658216,0
20,19,131,-0.4414022201013901,0
20,19,132,-0.08566089817956649,0
20,19,133,-0.2116713242243865,0
20,19,134,0.1726328825548788,0
20,19,135,0.002243004576732181,0
20,19,136,0.0009776735362681075,0
20,19,137,0.000388508642467411,0
20,19,138,-0.0004520605981691306,0
20,19,139,-0.0007615552633479126,0
20,19,140,0.001940046801174139,0
20,19,141,0.0009828291941063163,0
20,19,142,-0.000714112131809771,0
20,19,143,-0.0008239502509984716,0
20,19,144,-0.001114820205822299,0
20,19,145,-0.001260172801773717,0
20,19,146,-0.001629081224402572,0
20,19,147,0.00112866835719109,0
20,19,148,-0.0001390715673559687,0
20,19,149,0.0008731165448172032,0
20,19,150,-0.001515443244367537,0
20,19,151,-0.001179673238952045,0
20,19,152,0.001238563532438676,0
20,19,153,0.0007097158731181255,0
20,19,154,8.626626762689236e-05,0
20,19,155,-0.002463809504875999,0
20,19,156,-0.0001242939582687915,0
20,19,157,0.0008463448515371708,0
20,19,158,0.0001810712495616867,0
20,19,159,0.000479564329888336,0
20,19,160,-0.001941543578293468,0
20,19,161,0.0006502394835230871,0
20,19,162,-0.001113498818626471,0
20,19,163,0.00138024429490662,0
20,19,164,0.001524317338918885,0
20,19,165,0.001787777942223856,0
20,19,166,0.001396959609166249,0
20,19,167,-0.001230593406662015,0
20,19,168,-4.245992378665079e-05,0
20,19,169,0.0006138402861893433,0
20,19,170,0.002147622100565355,0
21,20,0,0.4092877284062738,0
21,20,1,-0.08194711717946736,0
21,20,2,-0.3132983606040844,0
21,20,3,0.1396256105266615,0
21,20,4,-0.3829573708720654,0
21,20,5,0.54478494276628,0
21,20,6,-0.250396608307337,0
21,20,7,0.03082895356504094,0
21,20,8,0.06065981431619111,0
21,20,9,0.04367711459400727,0
21,20,10,0.2419892271323542,0
21,20,11,-0.3288942283281914,0
21,20,12,-0.05553831917103653,0
21,20,13,-0.06811238168258396,0
21,20,14,0.169345088063435,0
21,20,15,0.07876197433796164,0
21,20,16,0.04206900388283807,0
21,20,17,-0.1007293847718484,0
21,20,18,-0.5009131706665554,0
21,20,19,0.1422991351900502,0
21,20,20,0.2250711876012208,0
21,20,21,-0.2516346828142457,0
21,20,22,0.5826282775179803,0
21,20,23,-0.4871006605220406,0
21,20,24,-0.0250218068483728,0
21,20,25,0.145926836540991,0
21,20,26,-0.02328958849148256,0
21,20,27,-0.005900991606558714,0
21,20,28,0.04767165257741137,0
21,20,29,-0.5574273739259151,0
21,20,30,0.2406785870326381,0
21,20,31,0.3729242853952384,0
21,20,32,0.5496529362025397,0
21,20,33,0.0447530921632262,0
21,20,34,-0.6614553417327593,0
21,20,35,-0.1256480146717579,0
21,20,36,-0.3242946947445356,0
21,20,37,0.3687138148033137,0
21,20,38,-0.1100671451604135,0
21,20,39,0.3533421565049111,0
21,20,40,-0.2653840839524659,0
21,20,41,0.1744695517734164,0
21,20,42,-0.1980248766586395,0
21,20,43,0.2345586959251855,0
21,20,44,-0.1404103309905971,0
21,20,45,0.01838966004137826,0
21,20,46,0.02721036698010297,0
21,20,47,0.3475837848217453,0
21,20,48,-0.1429130836545136,0
21,20,49,-0.1944489329459195,0
21,20,50,-0.1642518853388378,0
21,20,51,-0.0497662330978423,0
21,20,52,0.3054788007557631,0
21,20,53,0.2408248863144026,0
21,20,54,-0.07869684207286763,0
21,20,55,0.1431795219076153,0
21,20,56,-0.2356704906813937,0
21,20,57,0.2477532408023965,0
21,20,58,0.7195793838622059,0
21,20,59,-0.2395238148407798,0
21,20,60,-0.5369974522444814,0
21,20,61,-0.7455174426480087,0
21,20,62,-0.06389397274741686,0
21,20,63,0.8689996772226811,0
21,20,64,0.210906684415743,0
21,20,65,0.3096094142844826,0
21,20,66,-0.673120911260467,0
21,20,67,-0.2228039756244322,0
21,20,68,0.041660696331546,0
21,20,69,0.2004273810333495,0
21,20,70,0.4098895638588649,0
21,20,71,-0.121816631684701,0
21,20,72,-0.1680051464658037,0
21,20,73,-0.218264828387522,0
21,20,74,-0.2251013957215429,0
21,20,75,0.2889270830730798,0
21,20,76,-0.1118561638961923,0
21,20,77,0.3803198398473686,0
21,20,78,-0.324090919953535,0
21,20,79,0.1363773850097883,0
21,20,80,-0.1745885319550234,0
21,20,81,0.09257396184214191,0
21,20,82,0.2923213507234665,0
21,20,83,-0.161885937102402,0
21,20,84,-0.2611963167569694,0
21,20,85,-0.3047648398227333,0
21,20,86,0.1203371691644896,0
21,20,87,-0.9413058235161259,0
21,20,88,0.701022503483606,0
21,20,89,-0.4898240628246056,0
21,20,90,1,0
21,20,91,-0.04832033221007839,0
21,20,92,-0.8883793196351933,0
21,20,93,-0.587606914940924,0
21,20,94,-0.2793251457666452,0
21,20,95,0.9206569351565871,0
21,20,96,0.2830504262134468,0
21,20,97,0.2497411014220156,0
21,20,98,-0.3901833742521451,0
21,20,99,-0.1974291949943331,0
21,20,100,-0.1126240784109403,0
21,20,101,0.3687837625831754,0
21,20,102,0.05793148780692348,0
21,20,103,0.04939710752864761,0
21,20,104,-0.2314396394067855,0
21,20,105,-0.1437327717588383,0
21,20,106,0.1903658297148026,0
21,20,107,-0.04885449472792021,0
21,20,108,0.1915595473491656,0
21,20,109,-0.1069436652987095,0
21,20,110,0.1257415802505703,0
21,20,111,-0.6097986098113709,0
21,20,112,0.23482523755757,0
21,20,113,0.2895860876766868,0
21,20,114,0.4483354190492208,0
21,20,115,-0.4465914540015171,0
21,20,116,-0.5785504597370487,0
21,20,117,0.3864627470328662,0
21,20,118,-0.5708121869675586,0
21,20,119,0.742121447918156,0
21,20,120,0.6562687120069864,0
21,20,121,-0.2955373269212821,0
21,20,122,-0.1253339675272329,0
21,20,123,-0.09744422036870119,0
21,20,124,0.2613608042922366,0
21,20,125,-0.2255853951440688,0
21,20,126,-0.1834474235430381,0
21,20,127,0.04283424231004287,0
21,20,128,-0.01033839375256711,0
21,20,129,0.1209926864215519,0
21,20,130,0.2472382974475337,0
21,20,131,-0.1706170925417017,0
21,20,132,0.2723525903984548,0
21,20,133,-0.3930094179292274,0
21,20,134,0.01961519041198286,0
21,20,135,-0.001081480241777019,0
21,20,136,0.0009433725281180605,0
21,20,137,0.0003774114023751222,0
21,20,138,0.0003945361665000018,0
21,20,139,-0.0006821291043634412,0
21,20,140,0.001251483742089182,0
21,20,141,0.00100753226222833,0
21,20,142,-0.0001601587428440827,0
21,20,143,-0.0005663123822500416,0
21,20,144,0.003001796307188661,0
21,20,145,-0.0005452786762475177,0
21,20,146,-0.001069245732360327,0
21,20,147,-5.714683232659381e-05,0
21,20,148,-2.978502941995794e-05,0
21,20,149,1.54489745788376e-05,0
21,20,150,-0.0007292833923791838,0
21,20,151,-0.001270904643267067,0
21,20,152,0.0007432443272339901,0
21,20,153,0.0009695561749524313,0
21,20,154,0.001767685727062598,0
21,20,155,-0.0005008874531702469,0
21,20,156,-0.000194703975993919,0
21,20,157,-1.190974511837109e-05,0
21,20,158,8.695416274838337e-06,0
21,20,159,0.0003824742980576747,0
21,20,160,-0.001100749989890032,0
21,20,161,-6.261111811817494e-05,0
21,20,162,0.0002387249524112378,0
21,20,163,-0.002116908813363679,0
21,20,164,-0.001878158898383131,0
21,20,165,0.0007580956639479448,0
21,20,166,0.0007273738689710803,0
21,20,167,-7.492132531294021e-05,0
21,20,168,-0.0002116547458137934,0
21,20,169,0.0006096749184290502,0
21,20,170,0.001365454123026066,0
22,21,0,-0.3136185889631735,0
22,21,1,0.2912266913980531,0
22,21,2,-0.4939677811289088,0
22,21,3,-0.04630929465405838,0
22,21,4,0.2352838375405175,0
22,21,5,-0.2966198421468174,0
22,21,6,0.4604941282501286,0
22,21,7,-0.1773188836655463,0
22,21,8,-0.02716156456966824,0
22,21,9,-0.1838272877118035,0
22,21,10,-0.3704380624310108,0
22,21,11,0.5598240226319371,0
22,21,12,-0.6981351981397312,0
22,21,13,0.5848298702839123,0
22,21,14,-0.2245856282789988,0
22,21,15,0.661311793218573,0
22,21,16,0.3098075777720207,0
22,21,17,-0.688877117033922,0
22,21,18,-0.3930309727904298,0
22,21,19,-0.5670843858448493,0
22,21,20,1,0
22,21,21,-0.4136103075090856,0
22,21,22,0.7213261522784955,0
22,21,23,-0.5995895030878721,0
22,21,24,-0.1168118903062354,0
22,21,25,0.3371888220294249,0
22,21,26,-0.1279851430794083,0
22,21,27,0.04766137451884027,0
22,21,28,0.03567488340132565,0
22,21,29,-0.6591450640755511,0
22,21,30,0.5288400315251074,0
22,21,31,-0.2975208485311999,0
22,21,32,0.01337466113876769,0
22,21,33,0.4430330308838903,0
22,21,34,-0.1966330150512056,0
22,21,35,-0.1253532694207978,0
22,21,36,-0.07832092229104844,0
22,21,37,0.4908398791616221,0
22,21,38,0.2867111382692779,0
22,21,39,-0.164215398310924,0
22,21,40,-0.3675986664612729,0
22,21,41,0.03899761245715962,0
22,21,42,-0.05608704356368617,0
22,21,43,-0.1633547157560005,0
22,21,44,-0.3090892993125686,0
22,21,45,0.2619823435287469,0
22,21,46,0.4419485081017008,0
22,21,47,0.6397797311847553,0
22,21,48,-0.588488862112634,0
22,21,49,-0.05115820500844608,0
22,21,50,-0.34478307649768,0
22,21,51,0.1296678204362051,0
22,21,52,-0.1410522695834897,0
22,21,53,0.3565438402935652,0
22,21,54,-0.02744480944129678,0
22,21,55,0.1110327290425301,0
22,21,56,-0.4104332355218833,0
22,21,57,0.4861149507976645,0
22,21,58,-0.2858440626307916,0
22,21,59,0.2041329365703237,0
22,21,60,-0.007493292617031615,0
22,21,61,0.4349746772224597,0
22,21,62,0.03600151857595782,0
22,21,63,-0.09070910188136283,0
22,21,64,0.6173747074298337,0
22,21,65,-0.8013939775249284,0
22,21,66,0.6064627558269153,0
22,21,67,-0.5859093209172801,0
22,21,68,0.06212850968290484,0
22,21,69,0.1859723191927929,0
22,21,70,-0.2869970938141591,0
22,21,71,0.6556496108285076,0
22,21,72,-0.250397217242668,0
22,21,73,0.6955050151551023,0
22,21,74,-0.3356869441128973,0
22,21,75,-0.1749030140657301,0
22,21,76,-0.2155863365471637,0
22,21,77,-0.3999707519395472,0
22,21,78,0.3695116232176516,0
22,21,79,-0.5665555397647141,0
22,21,80,0.5872185949183729,0
22,21,81,-0.2372554069510584,0
22,21,82,0.5831742167346958,0
22,21,83,0.1296099767745581,0
22,21,84,-0.4277080027803686,0
22,21,85,-0.7513012906198845,0
22,21,86,0.5388951565906355,0
22,21,87,0.08117041390644411,0
22,21,88,-0.04955000273324014,0
22,21,89,0.0302559646236711,0
22,21,90,0.0699363072511581,0
22,21,91,-0.04152575419182902,0
22,21,92,0.09342909001825495,0
22,21,93,0.3044601349839074,0
22,21,94,-0.3458269686921293,0
22,21,95,0.001922041666187229,0
22,21,96,-0.2560980024792963,0
22,21,97,-0.01404535056016877,0
22,21,98,-0.3018046068658906,0
22,21,99,0.5059978263379472,0
22,21,100,0.1514694811940606,0
22,21,101,-0.4971975210857332,0
22,21,102,-0.3617001404905396,0
22,21,103,-0.4211288142664763,0
22,21,104,0.992232397904988,0
22,21,105,-0.08352609210046959,0
22,21,106,0.3313208314286946,0
22,21,107,-0.527441157593572,0
22,21,108,0.1419644605948688,0
22,21,109,0.1392086219597409,0
22,21,110,-0.230645477805706,0
22,21,111,-0.1726325151224595,0
22,21,112,-0.01918432481018069,0
22,21,113,0.5619286341533607,0
22,21,114,-0.1305596030730184,0
22,21,115,0.01600499930913252,0
22,21,116,0.05006161694934873,0
22,21,117,-0.02961459716867757,0
22,21,118,0.04098662170868726,0
22,21,119,-0.06004964611462271,0
22,21,120,-0.1918090808486219,0
22,21,121,0.05785034366731655,0
22,21,122,-0.5709175682474477,0
22,21,123,0.5372204955529772,0
22,21,124,-0.2824177085875639,0
22,21,125,0.7112874326673845,0
22,21,126,0.7906142119821209,0
22,21,127,-0.6868303696026057,0
22,21,128,-0.4444235853442713,0
22,21,129,0.0285256921805942,0
22,21,130,-0.07065005623369071,0
22,21,131,0.3814788989841206,0
22,21,132,0.6102526941720358,0
22,21,133,-0.5192802770663961,0
22,21,134,-0.3541245257760126,0
22,21,135,-0.0001266972086080354,0
22,21,136,-0.0016427139627343,0
22,21,137,-0.0006777471225668612,0
22,21,138,0.001892503249892626,0
22,21,139,2.776386771312442e-05,0
22,21,140,-0.0003619900132057011,0
22,21,141,0.0006844371361987864,0
22,21,142,0.001682919937109806,0
22,21,143,-0.0009113656589332593,0
22,21,144,-0.0009741453331963095,0
22,21,145,0.0004680704869212666,0
22,21,146,0.0006057854905153,0
22,21,147,4.425463806269857e-07,0
22,21,148,-0.001767626231331595,0
22,21,149,0.0008742686416355333,0
22,21,150,-0.0004008629830065719,0
22,21,151,-0.001170523907358747,0
22,21,152,-0.0006385223913702748,0
22,21,153,-0.001926501574103508,0
22,21,154,-6.083149644370189e-05,0
22,21,155,0.0007597685327106137,0
22,21,156,0.001069116334401043,0
22,21,157,-7.451350027912232e-05,0
22,21,158,-0.001280048455157446,0
22,21,159,0.001047223581840964,0
22,21,160,-0.0008762633584987338,0
22,21,161,-0.0007502785009052837,0
22,21,162,-0.000897756351952965,0
22,21,163,0.0007971774428198806,0
22,21,164,0.0009946283622008412,0
22,21,165,-0.002228608533568961,0
22,21,166,-0.001391809966908467,0
22,21,167,0.0005069829661473535,0
22,21,168,0.0003300594767083804,0
22,21,169,-0.001613100176306346,0
22,21,170,0.000965207736082199,0
23,22,0,-0.4224446218050196,0
23,22,1,0.1140005504485768,0
23,22,2,0.1926622658688628,0
23,22,3,0.2211613939418617,0
23,22,4,0.2761794317386134,0
23,22,5,-0.560437863184832,0
23,22,6,-0.5820418145220378,0
23,22,7,-0.007538247405374865,0
23,22,8,0.5524237289401802,0
23,22,9,-0.5034003017819442,0
23,22,10,0.8818421600856711,0
23,22,11,-0.6012210885508309,0
23,22,12,-0.5960504451566699,0
23,22,13,0.6333358810242801,0
23,22,14,-0.008093169296740125,0
23,22,15,-0.554290141364608,0
23,22,16,0.7571861229870784,0
23,22,17,-0.2410098997481447,0
23,22,18,-0.5474756642122077,0
23,22,19,0.6862169592752501,0
23,22,20,-0.1298756740322438,0
23,22,21,-0.249409503893677,0
23,22,22,0.5532978933559948,0
23,22,23,-0.2447421960131561,0
23,22,24,-0.130349721514348,0
23,22,25,0.2108468175033565,0
23,22,26,0.009918089043656191,0
23,22,27,0.09536375018768371,0
23,22,28,-0.05236232715005477,0
23,22,29,0.325296115535802,0
23,22,30,-0.2925163438385719,0
23,22,31,0.2405944175448612,0
23,22,32,-0.5471262670739582,0
23,22,33,0.1773859870689163,0
23,22,34,0.3640073079931106,0
23,22,35,0.8164211842000079,0
23,22,36,-0.1569652982321788,0
23,22,37,-0.4521738533376315,0
23,22,38,-0.2866866248027842,0
23,22,39,-0.3534284351205016,0
23,22,40,0.6568008627094334,0
23,22,41,0.6880739526208816,0
23,22,42,-0.1804713560358496,0
23,22,43,-0.1489645378635279,0
23,22,44,0.1757364094828369,0
23,22,45,-0.7161862862743937,0
23,22,46,0.7062172960047522,0
23,22,47,0.4725973095019418,0
23,22,48,-0.3146663077727506,0
23,22,49,-0.01388415622580179,0
23,22,50,0.1475781288285472,0
23,22,51,-0.4824339604330452,0
23,22,52,0.5068882604878344,0
23,22,53,0.2419229924696476,0
23,22,54,-0.2590368315258877,0
23,22,55,0.08003746102597195,0
23,22,56,-0.1829309632591803,0
23,22,57,0.1533793720178646,0
23,22,58,0.2645510054640856,0
23,22,59,-0.2964360999469713,0
23,22,60,0.3119885514421217,0
23,22,61,0.3029117500791313,0
23,22,62,-0.3265368580835716,0
23,22,63,-0.1003155863958833,0
23,22,64,-0.3543964539025278,0
23,22,65,0.1321570002233533,0
23,22,66,0.130013438337593,0
23,22,67,0.1973714432817889,0
23,22,68,-0.11988096708851,0
23,22,69,-0.2040812001435722,0
23,22,70,-0.03863171924561534,0
23,22,71,0.1326488772638076,0
23,22,72,-0.3227230430888913,0
23,22,73,0.1396807086084039,0
23,22,74,-0.3415164174996412,0
23,22,75,-0.0483422550118256,0
23,22,76,-0.2433192509129394,0
23,22,77,0.2892736679205689,0
23,22,78,-0.5106412086420042,0
23,22,79,0.2015139320206864,0
23,22,80,-0.0869071080538886,0
23,22,81,-0.272380418239951,0
23,22,82,-0.1337233777062742,0
23,22,83,0.004494579970818401,0
23,22,84,-0.200576491613504,0
23,22,85,0.1007458330114629,0
23,22,86,-0.2177370898846981,0
23,22,87,0.3856632167334075,0
23,22,88,-0.3240939431189149,0
23,22,89,0.2034796264802242,0
23,22,90,-0.5747819228078913,0
23,22,91,0.05001673638944183,0
23,22,92,0.2332975074746456,0
23,22,93,0.1354988400741644,0
23,22,94,0.3973844786700768,0
23,22,95,-0.7457948284387016,0
23,22,96,-0.0680755092862554,0
23,22,97,-0.1064098470295705,0
23,22,98,0.3121776468381564,0
23,22,99,-0.5612871996297628,0
23,22,100,0.4099902097648026,0
23,22,101,0.246254717756463,0
23,22,102,0.006961123076503018,0
23,22,103,0.4213778790337475,0
23,22,104,-0.1743621884636734,0
23,22,105,-0.7416180869808325,0
23,22,106,0.4238556500307097,0
23,22,107,0.5171949551687749,0
23,22,108,0.001786261339759053,0
23,22,109,0.6413135917165104,0
23,22,110,-0.1758103771668332,0
23,22,111,-0.502432220766825,0
23,22,112,0.1054862450241356,0
23,22,113,0.6559696531057858,0
23,22,114,0.5361567536479884,0
23,22,115,-0.3354343360692317,0
23,22,116,0.1985032996150145,0
23,22,117,-0.1524311463683279,0
23,22,118,0.03692041931147088,0
23,22,119,-0.1876780736862582,0
23,22,120,-0.5696704096399842,0
23,22,121,0.4671631099581619,0
23,22,122,0.3828296513036104,0
23,22,123,-0.03263113675368064,0
23,22,124,0.4332430071481692,0
23,22,125,-0.5580880945113235,0
23,22,126,0.2790627623320887,0
23,22,127,-0.3344531092604183,0
23,22,128,0.7750333862534942,0
23,22,129,-0.825637149016361,0
23,22,130,0.4195992844779428,0
23,22,131,-0.5990449546833515,0
23,22,132,0.8234904151027098,0
23,22,133,-1,0
23,22,134,-0.3245900723581858,0
23,22,135,-0.0008437974580516284,0
23,22,136,0.0008276093596014575,0
23,22,137,0.001204515005261532,0
23,22,138,0.001433261117634891,0
23,22,139,0.001401943080047149,0
23,22,140,0.0009510367802041075,0
23,22,141,0.001361703275940711,0
23,22,142,0.0002208810697893918,0
23,22,143,0.0003270475112832403,0
23,22,144,-0.001263182906259186,0
23,22,145,0.001185868517307009,0
23,22,146,-0.0002190290604159985,0
23,22,147,-0.001671532843406669,0
23,22,148,-0.0003862233221330468,0
23,22,149,-0.001429511473426219,0
23,22,150,-5.138770266407497e-05,0
23,22,151,-0.0005554644618626594,0
23,22,152,0.0001880197198320927,0
23,22,153,-0.0004599801574806308,0
23,22,154,-0.0006749832901095647,0
23,22,155,0.001708826217489258,0
23,22,156,-0.001180824675759962,0
23,22,157,0.0001276700551835952,0
23,22,158,-0.0006073093133803056,0
23,22,159,-0.0009001948601707361,0
23,22,160,-0.0009139283918305268,0
23,22,161,-0.001490549059779724,0
23,22,162,0.001075601064669776,0
23,22,163,0.0005281865580196246,0
23,22,164,0.0001680653707708892,0
23,22,165,-0.0002713419897133393,0
23,22,166,0.001019578063045103,0
23,22,167,0.001271664752581116,0
23,22,168,0.0006221598002112297,0
23,22,169,0.002055990007643516,0
23,22,170,0.0008345472521862398,0
24,23,0,0.2083910973832245,0
24,23,1,-0.03301716107532436,0
24,23,2,-0.1043122866184445,0
24,23,3,-0.6398584879481298,0
24,23,4,0.08413292400261473,0
24,23,5,0.3736457960804246,0
24,23,6,-0.1256988270928155,0
24,23,7,0.633158950768459,0
24,23,8,-0.8162549366685993,0
24,23,9,-0.7928837473995101,0
24,23,10,0.3933081380958591,0
24,23,11,0.3408492208762974,0
24,23,12,-0.4738481173501012,0
24,23,13,0.9929559604993384,0
24,23,14,-0.5609050290363272,0
24,23,15,-0.5429371243130244,0
24,23,16,0.5470843923792292,0
24,23,17,0.0851946803612673,0
24,23,18,0.3218481673480867,0
24,23,19,0.3089184519865412,0
24,23,20,-0.4191854056739014,0
24,23,21,0.3209601170895585,0
24,23,22,-0.5543348216265503,0
24,23,23,0.4155155171621713,0
24,23,24,0.1999621612795895,0
24,23,25,-0.3082071679854942,0
24,23,26,0.03452126296463618,0
24,23,27,-0.1433769633733592,0
24,23,28,0.06187176327627696,0
24,23,29,-0.1699582772415584,0
24,23,30,0.2198655880905369,0
24,23,31,-0.302955724307265,0
24,23,32,0.4891800992345106,0
24,23,33,-0.2396178700139211,0
24,23,34,-0.1929045427436068,0
24,23,35,-0.6749220515541327,0
24,23,36,0.152396969278032,0
24,23,37,0.5321286540940909,0
24,23,38,0.8620667978107429,0
24,23,39,-0.1564586492863577,0
24,23,40,-0.3104071291535019,0
24,23,41,-0.02920585750643624,0
24,23,42,-0.5847323065111317,0
24,23,43,0.7271422128579282,0
24,23,44,0.7031576218743835,0
24,23,45,-0.4115640220283546,0
24,23,46,-0.04538306403427829,0
24,23,47,-0.2310306076430154,0
24,23,48,-0.3633698331550674,0
24,23,49,0.6452471884830963,0
24,23,50,0.1569672777269692,0
24,23,51,-0.01658828784321129,0
24,23,52,-0.2216803767437522,0
24,23,53,-0.3416063206174573,0
24,23,54,0.1313407551200587,0
24,23,55,-0.1063283947945483,0
24,23,56,0.3142851094987005,0
24,23,57,-0.3400652044246042,0
24,23,58,-0.3813263616728272,0
24,23,59,0.3681374875960073,0
24,23,60,-0.2858518932596392,0
24,23,61,-0.1578850092413308,0
24,23,62,0.3031051381741904,0
24,23,63,-0.02340456773559661,0
24,23,64,0.4971027995237063,0
24,23,65,-0.2943585495561203,0
24,23,66,-0.1226062149425543,0
24,23,67,-0.04173488946312188,0
24,23,68,-0.1390846748622756,0
24,23,69,0.100989155861256,0
24,23,70,0.05463530674193264,0
24,23,71,-0.3016378863608218,0
24,23,72,-0.05551975421064354,0
24,23,73,-0.1109050814093924,0
24,23,74,0.3435402459317102,0
24,23,75,-0.6276938832096273,0
24,23,76,0.1573658696226821,0
24,23,77,-0.2952841689327943,0
24,23,78,-0.1000082097945127,0
24,23,79,-0.1020038410998366,0
24,23,80,0.215094340895465,0
24,23,81,-0.3803898836373232,0
24,23,82,-0.221569628559016,0
24,23,83,0.08204600375434806,0
24,23,84,0.2767135100430958,0
24,23,85,0.3024195742931176,0
24,23,86,-0.03850394300172075,0
24,23,87,-0.3120995445246705,0
24,23,88,0.2761361614389472,0
24,23,89,-0.1547085950666565,0
24,23,90,0.4572595971508746,0
24,23,91,-0.01815358112232815,0
24,23,92,-0.1268985623817308,0
24,23,93,-0.2825820373484016,0
24,23,94,-0.2643291763979215,0
24,23,95,0.7110104349469614,0
24,23,96,-0.2261414485091761,0
24,23,97,0.4383626502301158,0
24,23,98,-0.3360941849688026,0
24,23,99,-0.06045466940170509,0
24,23,100,0.2200393643086417,0
24,23,101,-0.09821355750613485,0
24,23,102,-0.7633828541658597,0
24,23,103,0.5787252998652085,0
24,23,104,0.4146162385012938,0
24,23,105,0.04716070951842087,0
24,23,106,0.5032101466432505,0
24,23,107,-0.05012327106664937,0
24,23,108,-0.6291932319181961,0
24,23,109,0.273184751938701,0
24,23,110,0.5827580801213013,0
24,23,111,0.6776884135541877,0
24,23,112,0.09783351013266955,0
24,23,113,-0.5092263598021622,0
24,23,114,-0.6140884440652516,0
24,23,115,0.5505850121259157,0
24,23,116,-0.1312335482702336,0
24,23,117,0.1108857215747039,0
24,23,118,0.06770683666916569,0
24,23,119,0.08105736840830564,0
24,23,120,0.6138997295803095,0
24,23,121,-0.5425763322901825,0
24,23,122,-0.1828935086968937,0
24,23,123,-0.1099193583983055,0
24,23,124,0.1832126837202034,0
24,23,125,0.02536442691758305,0
24,23,126,0.7411683716859172,0
24,23,127,-0.7222681041809537,0
24,23,128,0.5551528930458433,0
24,23,129,-0.7319875009258411,0
24,23,130,0.6922642898979992,0
24,23,131,-1,0
24,23,132,-0.2566104648745733,0
24,23,133,-0.03125529251889805,0
24,23,134,-0.1064498062613366,0
24,23,135,0.002556085789238384,0
24,23,136,0.001344989976652761,0
24,23,137,0.002056953201994964,0
24,23,138,0.001255239147706234,0
24,23,139,0.0007182199738703681,0
24,23,140,-0.0001872553091949599,0
24,23,141,-0.0006972083565968899,0
24,23,142,0.0002209505762396054,0
24,23,143,0.0005987484968969082,0
24,23,144,0.0009066747256757815,0
24,23,145,-0.001431347610426875,0
24,23,146,-0.001106388200514856,0
24,23,147,-0.0007060034248959463,0
24,23,148,-0.001094980011779154,0
24,23,149,0.0005015545463060913,0
24,23,150,0.0007654301471769612,0
24,23,151,0.001801147185000536,0
24,23,152,-0.0004047652751411375,0
24,23,153,0.000345021823058848,0
24,23,154,8.581117846816374e-06,0
24,23,155,-0.001726433587477586,0
24,23,156,0.001532875441712261,0
24,23,157,-0.0001590696577816189,0
24,23,158,-0.000314084802985553,0
24,23,159,-0.001631056376564484,0
24,23,160,-0.001230744851676538,0
24,23,161,-0.0006410729230632571,0
24,23,162,-0.001096608799049749,0
24,23,163,9.080431138474891e-05,0
24,23,164,0.0009745124723196363,0
24,23,165,0.001409213518383081,0
24,23,166,2.462336724800024e-05,0
24,23,167,0.0003982673207666917,0
24,23,168,0.001459604004557354,0
24,23,169,0.0007101606275869768,0
24,23,170,0.0006036635241355118,0
25,24,0,0.06969892618907872,0
25,24,1,-0.07164141879251361,0
25,24,2,0.1262992670079821,0
25,24,3,-0.08997898300320624,0
25,24,4,-0.01316827378361853,0
25,24,5,0.07120168021730296,0
25,24,6,0.08195066722031825,0
25,24,7,0.05541006511598537,0
25,24,8,-0.1454689120919401,0
25,24,9,0.09800341328974579,0
25,24,10,-0.1524237607753103,0
25,24,11,0.09031358603980358,0
25,24,12,-0.09528624315449093,0
25,24,13,-0.02303405559719758,0
25,24,14,0.05812737337333151,0
25,24,15,-0.08184693914267889,0
25,24,16,0.157972343306875,0
25,24,17,-0.08714071323337508,0
25,24,18,-0.1923708107879969,0
25,24,19,0.156336516214882,0
25,24,20,0.0407521795974564,0
25,24,21,-0.09032935345508429,0
25,24,22,0.2427793657696547,0
25,24,23,-0.09234432527048748,0
25,24,24,-1,0
25,24,25,0.5417370608710499,0
25,24,26,0.2818091540591521,0
25,24,27,0.9851830165124488,0
25,24,28,-0.7774546035858272,0
25,24,29,0.1647778215442856,0
25,24,30,-0.1052256655675511,0
25,24,31,-0.03803272140449118,0
25,24,32,0.01403098335550372,0
25,24,33,-0.1317733210698833,0
25,24,34,0.04525686348636745,0
25,24,35,-0.1201934482265226,0
25,24,36,0.1170810961549517,0
25,24,37,-0.04697536950272475,0
25,24,38,0.0152169941278049,0
25,24,39,0.01501793006332656,0
25,24,40,0.0161338917569252,0
25,24,41,-0.01356103156249118,0
25,24,42,-0.002370768318997274,0
25,24,43,-0.05981211284186343,0
25,24,44,0.0339322061482943,0
25,24,45,0.04360392277810816,0
25,24,46,-0.04475554761970905,0
25,24,47,0.1436963755679384,0
25,24,48,-0.1767330345306708,0
25,24,49,0.07679826421801586,0
25,24,50,0.06252293013687213,0
25,24,51,-0.1157337985535235,0
25,24,52,0.04521030374441754,0
25,24,53,0.6115001483004771,0
25,24,54,-0.5312397447940385,0
25,24,55,-0.1503912660190803,0
25,24,56,-0.1876411524141285,0
25,24,57,0.3653293560943567,0
25,24,58,-0.09057538720306167,0
25,24,59,0.08075922230750542,0
25,24,60,-0.06012599664398959,0
25,24,61,-0.08976676147563416,0
25,24,62,0.07876939327319725,0
25,24,63,-0.04082244565744003,0
25,24,64,-0.02127205864680973,0
25,24,65,0.1051001302754764,0
25,24,66,-0.1093880414488235,0
25,24,67,0.1154094951735904,0
25,24,68,-0.08437688417765184,0
25,24,69,0.03766945926697627,0
25,24,70,-0.1268233353343482,0
25,24,71,-0.0203912884864482,0
25,24,72,0.1160159771803131,0
25,24,73,0.01774789885553403,0
25,24,74,0.1378090777340507,0
25,24,75,-0.08758697893563729,0
25,24,76,-0.01540519326286936,0
25,24,77,-0.0820111150962254,0
25,24,78,0.09635416170272504,0
25,24,79,-0.08111197524281447,0
25,24,80,0.09503655996005372,0
25,24,81,-0.1051032847673894,0
25,24,82,-0.388838525878231,0
25,24,83,0.3355126336065276,0
25,24,84,0.06055147984736052,0
25,24,85,0.1998600262451339,0
25,24,86,-0.2247152987211179,0
25,24,87,-0.06754170029833846,0
25,24,88,0.05826206987880468,0
25,24,89,-0.02060212421891186,0
25,24,90,0.05979098003894506,0
25,24,91,0.01681777111182736,0
25,24,92,-0.01164950840230818,0
25,24,93,-0.07794592244099979,0
25,24,94,-0.005675732814138922,0
25,24,95,0.1547920052619317,0
25,24,96,0.04864668917955074,0
25,24,97,0.02154333649750666,0
25,24,98,-0.02191690285327835,0
25,24,99,0.03329678927742317,0
25,24,100,-0.1037003292707562,0
25,24,101,-0.01097585914073087,0
25,24,102,0.04766377101684911,0
25,24,103,0.03653999350129818,0
25,24,104,-0.09584774281178204,0
25,24,105,0.04574560843091501,0
25,24,106,-0.1613181869619614,0
25,24,107,0.1007277390325022,0
25,24,108,-0.08655497913339583,0
25,24,109,0.09392057097471937,0
25,24,110,-0.05383041442613792,0
25,24,111,0.2882778582524372,0
25,24,112,-0.1400223079593899,0
25,24,113,-0.05409524057865571,0
25,24,114,-0.1859117739581533,0
25,24,115,0.2428471539233169,0
25,24,116,-0.01002662162842871,0
25,24,117,0.0117299247389079,0
25,24,118,0.04580812359334912,0
25,24,119,-0.01145264389179216,0
25,24,120,0.1734046392078682,0
25,24,121,-0.1560885433973384,0
25,24,122,-0.002861699549857964,0
25,24,123,-0.09536962406163921,0
25,24,124,-0.08321166901051964,0
25,24,125,0.05112349864947906,0
25,24,126,-0.112414813902332,0
25,24,127,0.1663456852538023,0
25,24,128,0.05304745361706461,0
25,24,129,-0.01315924031049704,0
25,24,130,-0.07527901844060368,0
25,24,131,0.04232177409219797,0
25,24,132,-0.02513905069787465,0
25,24,133,0.09342784157201027,0
25,24,134,-0.09113790689970142,0
25,24,135,0.00051357509353659,0
25,24,136,0.0001921148996340489,0
25,24,137,7.140355982397852e-05,0
25,24,138,4.013726341912932e-05,0
25,24,139,0.0004832778343031116,0
25,24,140,0.0005333488979669937,0
25,24,141,0.0005105420500577583,0
25,24,142,0.00198627662788281,0
25,24,143,0.0007536279426016249,0
25,24,144,0.0002990840912869675,0
25,24,145,-0.0002878400603930897,0
25,24,146,0.0002418642351361308,0
25,24,147,0.000218020970357473,0
25,24,148,-0.0001538838591043382,0
25,24,149,-0.0001246592197164544,0
25,24,150,-0.0004219000438207138,0
25,24,151,-0.0002650899970411596,0
25,24,152,-0.002470223499983586,0
25,24,153,0.0004686547912905619,0
25,24,154,-0.0001187776241598189,0
25,24,155,-0.0003994303983243406,0
25,24,156,0.0001617161041348311,0
25,24,157,0.0001654413344986987,0
25,24,158,0.000518394156796242,0
25,24,159,0.0001508224423508929,0
25,24,160,0.0004096942296474622,0
25,24,161,0.0002090904310917169,0
25,24,162,-0.0001480047751639803,0
25,24,163,-7.867039740648431e-05,0
25,24,164,9.682473919816745e-05,0
25,24,165,0.0005302164836024505,0
25,24,166,-0.0001134764744652939,0
25,24,167,5.090754220395934e-05,0
25,24,168,-0.0002406385755122315,0
25,24,169,-0.0004049556746537415,0
25,24,170,-0.0007721897810343812,0
26,25,0,-0.1744762104879719,0
26,25,1,-0.008171257239155582,0
26,25,2,0.2979638700769486,0
26,25,3,-0.4686911937407499,0
26,25,4,0.3700669156978865,0
26,25,5,-0.1366302469369451,0
26,25,6,-0.5100897728412481,0
26,25,7,0.5795677687435573,0
26,25,8,-0.3505105265557586,0
26,25,9,0.2596217796683962,0
26,25,10,0.3256584975352932,0
26,25,11,-0.3672126617672907,0
26,25,12,-0.2506299835673939,0
26,25,13,-0.2550666571313239,0
26,25,14,0.4897003395742037,0
26,25,15,0.7710807486009223,0
26,25,16,-0.03946966826851395,0
26,25,17,-0.5769061770156672,0
26,25,18,0.3122449438232505,0
26,25,19,-1,0
26,25,20,0.6599782925181651,0
26,25,21,-0.08418005060109648,0
26,25,22,-0.07692263413620247,0
26,25,23,-0.1206259548331086,0
26,25,24,-0.03535897808232997,0
26,25,25,0.12336130233023,0
26,25,26,-0.1220049996246419,0
26,25,27,0.00529510067924547,0
26,25,28,0.03231205506767947,0
26,25,29,0.4105138135254511,0
26,25,30,-0.3363298006963745,0
26,25,31,0.09720470156731871,0
26,25,32,-0.03042994624029215,0
26,25,33,-0.2141300225365705,0
26,25,34,0.1682041773912068,0
26,25,35,0.09484994417411645,0
26,25,36,0.06028293028073402,0
26,25,37,0.03124286059807696,0
26,25,38,-0.03178206730367715,0
26,25,39,-0.09478674137336515,0
26,25,40,0.5263634325531814,0
26,25,41,0.3071935953413272,0
26,25,42,-0.3856364912006964,0
26,25,43,-0.0006944782628463277,0
26,25,44,-0.5751800149960234,0
26,25,45,0.4653123107065759,0
26,25,46,0.03550298485472708,0
26,25,47,-0.02332334698720415,0
26,25,48,0.09242404395634322,0
26,25,49,-0.07929793453136762,0
26,25,50,-0.3543730021203898,0
26,25,51,0.4706134012367968,0
26,25,52,-0.3775647756106351,0
26,25,53,0.06194191870367829,0
26,25,54,0.2421607279877721,0
26,25,55,-0.01915106793328059,0
26,25,56,-0.170054106125773,0
26,25,57,0.2589729219703517,0
26,25,58,0.03268535765920581,0
26,25,59,-0.02855645647684807,0
26,25,60,-0.04616349235590403,0
26,25,61,-0.1619083225406298,0
26,25,62,0.0154837773488041,0
26,25,63,-0.05920797346581141,0
26,25,64,0.1668122949592954,0
26,25,65,0.1259470168404374,0
26,25,66,-0.3876761212270958,0
26,25,67,0.466961192892616,0
26,25,68,-0.6325085404741885,0
26,25,69,-0.0307689986128023,0
26,25,70,-0.2014035859737011,0
26,25,71,-0.1026737124062321,0
26,25,72,-0.1643262380324,0
26,25,73,0.04246415854239638,0
26,25,74,0.1749573622274945,0
26,25,75,-0.2570894570324237,0
26,25,76,0.3705606950404781,0
26,25,77,-0.2727564281635407,0
26,25,78,0.03387957582039797,0
26,25,79,-0.423456888441254,0
26,25,80,-0.04399695026773223,0
26,25,81,0.5323684823138956,0
26,25,82,0.4914405263702874,0
26,25,83,0.1351560400327018,0
26,25,84,-0.2896484750531308,0
26,25,85,-0.6696147519355214,0
26,25,86,0.4925821634787188,0
26,25,87,-0.08567162186091563,0
26,25,88,0.06182556837593259,0
26,25,89,-0.007746333350026217,0
26,25,90,-0.07489301618624238,0
26,25,91,0.09905094152985354,0
26,25,92,-0.01494581798514568,0
26,25,93,-0.3978805115567943,0
26,25,94,0.3279486807797313,0
26,25,95,0.1462170959734297,0
26,25,96,-0.3164231036562468,0
26,25,97,0.4267350776896169,0
26,25,98,0.1233367074612602,0
26,25,99,-0.5254976818965766,0
26,25,100,0.5810079403669802,0
26,25,101,0.069822846931437,0
26,25,102,0.0658841732971245,0
26,25,103,0.4803744690587969,0
26,25,104,-0.09855266117713904,0
26,25,105,-0.1890536351412102,0
26,25,106,-0.1578948978819629,0
26,25,107,0.5155293089406354,0
26,25,108,0.4672245642720054,0
26,25,109,-0.1344976631399953,0
26,25,110,-0.5665408739950454,0
26,25,111,-0.09413132591678099,0
26,25,112,-0.1275948603625719,0
26,25,113,0.08462889795791152,0
26,25,114,-0.1763321705496086,0
26,25,115,-0.04088384630357612,0
26,25,116,0.005204927709552722,0
26,25,117,-0.0001012891644769002,0
26,25,118,0.0846903715010333,0
26,25,119,-0.03955354005016118,0
26,25,120,0.3723720020992473,0
26,25,121,-0.2702043935534031,0
26,25,122,0.5156551573787451,0
26,25,123,-0.6276686891854517,0
26,25,124,0.4317239385264247,0
26,25,125,-0.6442674315157018,0
26,25,126,0.3611621070030107,0
26,25,127,-0.4505198705119074,0
26,25,128,0.4164504018553976,0
26,25,129,-0.7485254860343415,0
26,25,130,-0.6629587297822354,0
26,25,131,0.4148281567556272,0
26,25,132,-0.1633923822931007,0
26,25,133,0.4654918797095478,0
26,25,134,0.1133514420539535,0
26,25,135,0.001476077907725599,0
26,25,136,0.001739847396790644,0
26,25,137,-0.0008059612054337183,0
26,25,138,-0.00077527832188069,0
26,25,139,-0.0008710662828872467,0
26,25,140,1.732892101028974e-05,0
26,25,141,-0.0003394163975658751,0
26,25,142,0.0005974992847676445,0
26,25,143,-0.0008371390638979232,0
26,25,144,-0.0001476684519293757,0
26,25,145,-0.0008246203659745433,0
26,25,146,-0.0005627191642698499,0
26,25,147,0.0009451004776929947,0
26,25,148,0.001131540426965681,0
26,25,149,0.001901488512615455,0
26,25,150,0.0004071024328472931,0
26,25,151,-0.0009253614039898746,0
26,25,152,-0.0002339262336698642,0
26,25,153,0.0006526314285903501,0
26,25,154,-0.0007769873827919711,0
26,25,155,-0.0005746627294027987,0
26,25,156,-0.0004499986910696642,0
26,25,157,-0.0007282525377840255,0
26,25,158,-0.001519899753202225,0
26,25,159,-0.001227564302856379,0
26,25,160,0.0002314292509965271,0
26,25,161,0.001111104140323222,0
26,25,162,0.0002525918502608762,0
26,25,163,0.0001747738260351125,0
26,25,164,0.001092705413541872,0
26,25,165,0.001577384924301913,0
26,25,166,0.0003872519745110249,0
26,25,167,0.0009815173968382989,0
26,25,168,0.00129172178921201,0
26,25,169,0.0004170549156937591,0
26,25,170,0.0005169614330150878,0
27,26,0,0.2548164484815335,0
27,26,1,-0.3086252391783216,0
27,26,2,0.5421431832688164,0
27,26,3,-0.05371371576311371,0
27,26,4,-0.1580984933778398,0
27,26,5,0.1814231657812742,0
27,26,6,0.4586703667454927,0
27,26,7,-0.100856750140805,0
27,26,8,-0.2520513808410201,0
27,26,9,0.4577987887706273,0
27,26,10,-0.7345211629776662,0
27,26,11,0.3197379244230709,0
27,26,12,-0.6123750036126513,0
27,26,13,-0.02953056631499561,0
27,26,14,0.2872914396492657,0
27,26,15,-0.3601859033293176,0
27,26,16,0.8774277520582189,0
27,26,17,-0.5266709061639622,0
27,26,18,-0.07755607313927354,0
27,26,19,0.2291951555896132,0
27,26,20,0.07182850831477784,0
27,26,21,-0.2040472688886946,0
27,26,22,0.1235652153769415,0
27,26,23,0.1003057193017536,0
27,26,24,0.8419215975168649,0
27,26,25,-0.213707749716724,0
27,26,26,-0.3822792440196419,0
27,26,27,-0.8975642321490698,0
27,26,28,0.7250226927315236,0
27,26,29,0.6892010401974695,0
27,26,30,-0.5067349759969716,0
27,26,31,-0.025981824973419,0
27,26,32,-0.1330662481940915,0
27,26,33,-0.4111026979984867,0
27,26,34,0.1837604497638925,0
27,26,35,-0.2863113942914822,0
27,26,36,0.4434709156030889,0
27,26,37,-0.3954198932254449,0
27,26,38,-0.1973464146885332,0
27,26,39,0.1064127936598687,0
27,26,40,0.07624260332424788,0
27,26,41,0.08522315605475719,0
27,26,42,0.1448490200621989,0
27,26,43,-0.4896617166519637,0
27,26,44,0.1587284579918533,0
27,26,45,0.06518211341654731,0
27,26,46,0.02770668125267825,0
27,26,47,0.3257925822925865,0
27,26,48,-0.5839118329484364,0
27,26,49,0.490938194517574,0
27,26,50,0.1636872432845912,0
27,26,51,-0.2984442520429077,0
27,26,52,-0.0791905517737288,0
27,26,53,-0.423352263621469,0
27,26,54,0.3033649270979608,0
27,26,55,0.1530882218191384,0
27,26,56,-0.008605868645005845,0
27,26,57,-0.1692181846870283,0
27,26,58,-0.2079583097714465,0
27,26,59,0.1818452602116271,0
27,26,60,-0.154644360049845,0
27,26,61,-0.3784236325683992,0
27,26,62,0.244626945942393,0
27,26,63,-0.1205915751799559,0
27,26,64,-0.2265788112138323,0
27,26,65,0.5740283285239025,0
27,26,66,-0.4086033841924563,0
27,26,67,0.3598970458595819,0
27,26,68,-0.263452446334526,0
27,26,69,0.2519273228212621,0
27,26,70,-0.5023305630998901,0
27,26,71,0.1311937987880902,0
27,26,72,0.4379188059825496,0
27,26,73,0.1449309992924973,0
27,26,74,0.3223394091132259,0
27,26,75,-0.1175666655912547,0
27,26,76,0.1908571277156138,0
27,26,77,-0.4706955766811837,0
27,26,78,0.06191698684204873,0
27,26,79,-0.4570643458492633,0
27,26,80,0.3357524957831403,0
27,26,81,-0.2641367987537916,0
27,26,82,0.3103600545559013,0
27,26,83,0.1593566898484086,0
27,26,84,-0.3577434756200638,0
27,26,85,-0.3001741844207916,0
27,26,86,0.3345051014942054,0
27,26,87,-0.186674157916148,0
27,26,88,0.1595404688467407,0
27,26,89,-0.04872682585911223,0
27,26,90,0.1341098906909411,0
27,26,91,0.05560880856026328,0
27,26,92,-0.02915220576812683,0
27,26,93,-0.1554484493188958,0
27,26,94,0.01355427069686833,0
27,26,95,0.4036699896281261,0
27,26,96,0.4016183934098387,0
27,26,97,-0.2536726428175068,0
27,26,98,0.003281424328150075,0
27,26,99,0.1955442520810905,0
27,26,100,-0.5549315605914467,0
27,26,101,-0.09376111483975215,0
27,26,102,0.3930297431279974,0
27,26,103,-0.09092984139053067,0
27,26,104,-0.4762956241271243,0
27,26,105,-0.3918326948607473,0
27,26,106,-0.3475799068398594,0
27,26,107,0.5397177495132816,0
27,26,108,-0.1595046726273027,0
27,26,109,0.6995631126671307,0
27,26,110,-0.4739138520656748,0
27,26,111,-0.04216840836014148,0
27,26,112,0.06948203275733464,0
27,26,113,0.4764229954005508,0
27,26,114,-0.2063381279883587,0
27,26,115,0.1781540116502774,0
27,26,116,-0.0174747613116588,0
27,26,117,0.02499219973651266,0
27,26,118,0.1385179086272332,0
27,26,119,-0.04571796957915748,0
27,26,120,0.4645249946770262,0
27,26,121,-0.4299820709844508,0
27,26,122,-0.09548460608797937,0
27,26,123,-0.2358558978593764,0
27,26,124,-0.5858696734009898,0
27,26,125,0.4606629429010781,0
27,26,126,-0.6124230249728777,0
27,26,127,1,0
27,26,128,0.3539490061526078,0
27,26,129,-0.109076099901644,0
27,26,130,-0.07273920442695134,0
27,26,131,0.07571200421452093,0
27,26,132,0.7160389828299883,0
27,26,133,-0.6314037516924091,0
27,26,134,-0.5406367035982196,0
27,26,135,0.0009324950383522819,0
27,26,136,0.0002870464756129758,0
27,26,137,0.0002132409694915344,0
27,26,138,0.0005055547527485085,0
27,26,139,0.001365441348786072,0
27,26,140,-0.0002563040492854617,0
27,26,141,-0.000891766872948887,0
27,26,142,-0.0004069728010678447,0
27,26,143,-0.0001428650480538435,0
27,26,144,0.001139591339771474,0
27,26,145,-0.0004214499183817877,0
27,26,146,0.001210585821071021,0
27,26,147,9.589207623725568e-05,0
27,26,148,-0.001688274786312003,0
27,26,149,-0.001150049369651456,0
27,26,150,9.740480962646501e-05,0
27,26,151,0.0008794886324999639,0
27,26,152,0.001540222167020385,0
27,26,153,0.001849393292808789,0
27,26,154,-0.0003763343282476817,0
27,26,155,-0.001039465030814578,0
27,26,156,8.484226401041828e-05,0
27,26,157,0.001208264244987696,0
27,26,158,0.002350201329806568,0
27,26,159,0.000357429123426362,0
27,26,160,-0.0002170139922171315,0
27,26,161,-0.001955543387896771,0
27,26,162,-0.0002778228072060863,0
27,26,163,-0.0006266431426104394,0
27,26,164,-2.866128252023682e-05,0
27,26,165,0.001457027662001978,0
27,26,166,-0.0003211710427061041,0
27,26,167,9.560134886171752e-05,0
27,26,168,-0.001259818139460014,0
27,26,169,-0.001064587214808662,0
27,26,170,-5.740257533281334e-05,0
28,27,0,-0.6220397056587262,0
28,27,1,0.190804876187902,0
28,27,2,0.3905526294413477,0
28,27,3,-0.480268788670688,0
28,27,4,0.7806150376555029,0
28,27,5,-0.6017844716905658,0
28,27,6,0.3321648790728627,0
28,27,7,0.1835831697562686,0
28,27,8,-0.3126400583486012,0
28,27,9,-0.07528797772390078,0
28,27,10,-0.4244316504488164,0
28,27,11,0.4610318580162321,0
28,27,12,0.6850541148420851,0
28,27,13,-0.1467013386608784,0
28,27,14,-0.4561654122097967,0
28,27,15,-0.1115661521657588,0
28,27,16,-0.6918366688300496,0
28,27,17,0.5801867308547498,0
28,27,18,-0.365645788060226,0
28,27,19,0.4905567047502215,0
28,27,20,-0.3091543241000138,0
28,27,21,-0.1892797572899436,0
28,27,22,0.3911353836330712,0
28,27,23,-0.06760656159136701,0
28,27,24,0.2430551025972313,0
28,27,25,-0.00760493518464482,0
28,27,26,-0.05123239093001173,0
28,27,27,-0.2800217860655249,0
28,27,28,0.2207380860852305,0
28,27,29,0.6555062141804363,0
28,27,30,-0.2948926292461966,0
28,27,31,-0.5021251513339137,0
28,27,32,-0.244130912072866,0
28,27,33,-0.2238475904450353,0
28,27,34,0.539768309807125,0
28,27,35,0.05120488808209122,0
28,27,36,0.1744898032395922,0
28,27,37,0.1573035478376315,0
28,27,38,0.05594436178477216,0
28,27,39,-0.4171402093155778,0
28,27,40,0.2381102756807603,0
28,27,41,-0.4733850812716261,0
28,27,42,0.6836781257188472,0
28,27,43,-0.2386726395664212,0
28,27,44,-0.02047963377977123,0
28,27,45,-0.04165783804151448,0
28,27,46,0.06421783712100328,0
28,27,47,-0.008601969024655936,0
28,27,48,0.3795710342619622,0
28,27,49,-0.3954606990771662,0
28,27,50,0.2997555179048114,0
28,27,51,-0.3455499974356306,0
28,27,52,0.3400988882652467,0
28,27,53,-0.03061348632203976,0
28,27,54,-0.2202818904291872,0
28,27,55,0.1898508539045614,0
28,27,56,-0.01299801153547564,0
28,27,57,-0.159095783396491,0
28,27,58,-0.7628601988109447,0
28,27,59,0.736147673860667,0
28,27,60,-0.4335630933404009,0
28,27,61,0.3420790208839672,0
28,27,62,0.1385483351565853,0
28,27,63,-0.3772844389115799,0
28,27,64,0.3961443729544628,0
28,27,65,-0.3929191615221512,0
28,27,66,-0.06160739504333802,0
28,27,67,-0.0338221468136922,0
28,27,68,-0.4322480256276203,0
28,27,69,0.06962285342944845,0
28,27,70,-0.005469130073278243,0
28,27,71,0.3040370124379952,0
28,27,72,-0.3520171610001734,0
28,27,73,0.3921255646371046,0
28,27,74,-0.4377673797067971,0
28,27,75,0.2048382260456031,0
28,27,76,-0.4362612358444234,0
28,27,77,0.08020557378117567,0
28,27,78,0.3497999233737685,0
28,27,79,0.4255907428678245,0
28,27,80,0.01562599322614202,0
28,27,81,-0.2848336947785541,0
28,27,82,-0.2428998350698839,0
28,27,83,-0.3060600003637963,0
28,27,84,0.1445627652705588,0
28,27,85,0.4746762994482292,0
28,27,86,-0.4570420477107912,0
28,27,87,-0.3626465900965811,0
28,27,88,0.3351345827996453,0
28,27,89,-0.00155636098945724,0
28,27,90,0.2180173424727699,0
28,27,91,0.1925288378343465,0
28,27,92,0.1049790314864146,0
28,27,93,-0.6651142801607477,0
28,27,94,-0.02481604130145589,0
28,27,95,0.8127869068895672,0
28,27,96,-0.08502218032333918,0
28,27,97,0.8300875480222449,0
28,27,98,-0.6616159667357336,0
28,27,99,-0.2931195933998613,0
28,27,100,0.2222849716833927,0
28,27,101,0.4113620411331214,0
28,27,102,0.1475884397507963,0
28,27,103,0.03213118282251212,0
28,27,104,-6.394124949754317e-05,0
28,27,105,0.1029715857795777,0
28,27,106,-0.2636593039466091,0
28,27,107,-0.1433771338192464,0
28,27,108,0.03049816047674212,0
28,27,109,0.1755838001308667,0
28,27,110,-0.2241603318520274,0
28,27,111,-0.3465802750793111,0
28,27,112,-0.1114719594529281,0
28,27,113,0.3905595410911178,0
28,27,114,0.6712948775688613,0
28,27,115,-0.3572222101667619,0
28,27,116,0.1342609812162872,0
28,27,117,-0.06541099630320334,0
28,27,118,0.4656236961642579,0
28,27,119,-0.3276314382796783,0
28,27,120,0.8840076163691239,0
28,27,121,-1,0
28,27,122,-0.1366334865506035,0
28,27,123,-0.1753995406789979,0
28,27,124,0.6398841841023387,0
28,27,125,-0.5684000484829678,0
28,27,126,0.05777706692549087,0
28,27,127,-0.4705500645831699,0
28,27,128,-0.37162964182098,0
28,27,129,0.2638957869497652,0
28,27,130,-0.1794152954232077,0
28,27,131,0.4824348068061431,0
28,27,132,0.4267534751387997,0
28,27,133,-0.3825895003200025,0
28,27,134,-0.08053911012255337,0
28,27,135,0.002850525485099803,0
28,27,136,-0.0001194908839223193,0
28,27,137,-0.0008906805434324465,0
28,27,138,-0.0006627721071739935,0
28,27,139,0.001265219325410885,0
28,27,140,0.0001176855429580227,0
28,27,141,0.0005492083186796943,0
28,27,142,-0.001370566858829109,0
28,27,143,0.0001097289294850182,0
28,27,144,-0.0007574291205778928,0
28,27,145,-0.001437506658434807,0
28,27,146,0.001963534059880415,0
28,27,147,0.001128416033385446,0
28,27,148,0.001967611964945556,0
28,27,149,-0.0009487917027066895,0
28,27,150,-0.001029250148439202,0
28,27,151,-3.585854309470677e-05,0
28,27,152,0.001272587153478357,0
28,27,153,0.0001040209442656733,0
28,27,154,-0.001879553114306511,0
28,27,155,-0.0001895029932220321,0
28,27,156,1.253782223162536e-05,0
28,27,157,-0.001679344169747724,0
28,27,158,-0.0006513243954107075,0
28,27,159,0.0009696506790326418,0
28,27,160,0.001745192118739224,0
28,27,161,-0.0004544446566727304,0
28,27,162,-0.001276097702882872,0
28,27,163,0.001646020924233325,0
28,27,164,0.001817001063988866,0
28,27,165,0.0007644471130553301,0
28,27,166,7.29607660842779e-05,0
28,27,167,0.001775185422030255,0
28,27,168,0.0002565494524270684,0
28,27,169,0.0004993338176163621,0
28,27,170,-0.001152339673085486,0
29,28,0,-0.1383036343455198,0
29,28,1,0.08402097379220695,0
29,28,2,-0.01274654629682576,0
29,28,3,-0.1869090312739807,0
29,28,4,0.2124841028274962,0
29,28,5,-0.08471128347751519,0
29,28,6,-0.522836538705294,0
29,28,7,0.3778837621649289,0
29,28,8,-0.01008580976209182,0
29,28,9,-0.5095359223985737,0
29,28,10,0.8379196160110822,0
29,28,11,-0.1890303407426896,0
29,28,12,-0.3772385200540049,0
29,28,13,0.6054390197741003,0
29,28,14,0.05162609756693911,0
29,28,15,-0.437091841998268,0
29,28,16,0.5454053797108821,0
29,28,17,0.08139592209018524,0
29,28,18,-0.340439321375953,0
29,28,19,0.5813548270721143,0
29,28,20,-0.03999832218321899,0
29,28,21,-0.5432042688600733,0
29,28,22,0.5453049805189871,0
29,28,23,0.1185853031252261,0
29,28,24,0.4745158279025848,0
29,28,25,0.2592961788258398,0
29,28,26,-0.3753866590169541,0
29,28,27,-0.6277377643959271,0
29,28,28,0.5325225873695612,0
29,28,29,0.00630047902377116,0
29,28,30,0.01217273803382403,0
29,28,31,-0.03323647550072945,0
29,28,32,0.05358627119116589,0
29,28,33,-0.02351874068854261,0
29,28,34,0.03537680356572912,0
29,28,35,0.245158047308371,0
29,28,36,-0.202595661763745,0
29,28,37,0.07537973727519334,0
29,28,38,0.4025330719475054,0
29,28,39,-0.4226742897843918,0
29,28,40,0.09467765809133644,0
29,28,41,0.5121144142792888,0
29,28,42,-0.7650061560240007,0
29,28,43,0.1392821994431749,0
29,28,44,0.4326633636340264,0
29,28,45,-0.6881229115583742,0
29,28,46,-0.08866346189079716,0
29,28,47,0.387286691321439,0
29,28,48,-0.5446150882732793,0
29,28,49,-0.09257827765456367,0
29,28,50,0.4894958449001904,0
29,28,51,-0.6902758463950395,0
29,28,52,-0.04592411416156183,0
29,28,53,-0.05808623549579074,0
29,28,54,-0.1665406804235093,0
29,28,55,0.167621268429501,0
29,28,56,-0.2620361994792476,0
29,28,57,0.009055259368536168,0
29,28,58,-0.03801458323657574,0
29,28,59,0.04095949412325331,0
29,28,60,-0.02598129271794642,0
29,28,61,0.04409520364831161,0
29,28,62,-0.009159776724281282,0
29,28,63,-0.01796613437119966,0
29,28,64,-0.009879334187869767,0
29,28,65,-0.04258115389885864,0
29,28,66,0.006079247259550301,0
29,28,67,-0.2219600582971485,0
29,28,68,0.1623879466920105,0
29,28,69,-0.05282715786316373,0
29,28,70,-0.3482365835494421,0
29,28,71,0.4056947367443638,0
29,28,72,-0.12697036861835,0
29,28,73,-0.6278374331677571,0
29,28,74,0.7475628450495574,0
29,28,75,-0.00987854996243469,0
29,28,76,-0.4474480449453903,0
29,28,77,0.8264728713661288,0
29,28,78,0.01697031118249037,0
29,28,79,-0.4957643820780781,0
29,28,80,0.619398976015082,0
29,28,81,0.2088282289830474,0
29,28,82,-0.1002542557348487,0
29,28,83,0.4541761145244592,0
29,28,84,-0.1508402701956771,0
29,28,85,0.06668511955449009,0
29,28,86,-0.02740674842406636,0
29,28,87,-0.02005025217963472,0
29,28,88,0.01914223621249529,0
29,28,89,0.002138963172453101,0
29,28,90,0.00625134571781511,0
29,28,91,0.01421148817003585,0
29,28,92,0.008185317485557493,0
29,28,93,-0.05187916581351459,0
29,28,94,0.006896925890852787,0
29,28,95,0.03812520105785086,0
29,28,96,0.02791852996828497,0
29,28,97,0.06137324193265477,0
29,28,98,-0.0484507535292108,0
29,28,99,0.1499028460887845,0
29,28,100,-0.120179344513464,0
29,28,101,0.08100086662192156,0
29,28,102,0.470052482564833,0
29,28,103,-0.4640075315597288,0
29,28,104,0.03284480358671674,0
29,28,105,0.6512600564775489,0
29,28,106,-0.809687589688148,0
29,28,107,0.01051789265431138,0
29,28,108,0.6068785781460556,0
29,28,109,-1,0
29,28,110,-0.04403699870624237,0
29,28,111,0.222541305290557,0
29,28,112,-0.4854120167413749,0
29,28,113,-0.09116232185436088,0
29,28,114,-0.2327677555016549,0
29,28,115,0.1164506594064442,0
29,28,116,0.0112788249500421,0
29,28,117,-0.006464610649109119,0
29,28,118,0.02877561544352793,0
29,28,119,-0.0230870918784668,0
29,28,120,0.04714130484707494,0
29,28,121,-0.05570935418258391,0
29,28,122,0.002340603205836681,0
29,28,123,-0.007458181655063399,0
29,28,124,0.02713325284029529,0
29,28,125,-0.05873939132915017,0
29,28,126,-0.2487843450941677,0
29,28,127,0.1499977022459587,0
29,28,128,-0.5750235809701224,0
29,28,129,0.582441842283159,0
29,28,130,-0.7489347137198363,0
29,28,131,0.9549865493680195,0
29,28,132,-0.5379575289109341,0
29,28,133,0.9602428645496992,0
29,28,134,0.3221948434405587,0
29,28,135,0.0007269796532214797,0
29,28,136,0.001135232102819554,0
29,28,137,0.0009113749244747882,0
29,28,138,0.0008180001889250998,0
29,28,139,0.001029620264450298,0
29,28,140,0.001606519809987014,0
29,28,141,0.00127322493799618,0
29,28,142,-0.0003136248021146652,0
29,28,143,0.0001834978250105075,0
29,28,144,-0.0002642829497002768,0
29,28,145,-0.0004313921711843497,0
29,28,146,-0.001203733973059928,0
29,28,147,-0.0007962235168938872,0
29,28,148,-0.0005831465881103741,0
29,28,149,-0.001261994429321278,0
29,28,150,-0.001736844593157371,0
29,28,151,-0.001703295965176243,0
29,28,152,0.0009955776906897661,0
29,28,153,-0.0001431033344705236,0
29,28,154,-7.267894145546835e-05,0
29,28,155,0.0004066961091906776,0
29,28,156,0.0006895934279761242,0
29,28,157,0.0004319723710563567,0
29,28,158,0.0003964114972112886,0
29,28,159,0.001360071599859043,0
29,28,160,0.002064593341395026,0
29,28,161,0.001894834151780432,0
29,28,162,-6.960263748071557e-05,0
29,28,163,0.0001654027756208319,0
29,28,164,-6.36883954083625e-05,0
29,28,165,-0.0005273046024554473,0
29,28,166,-0.0009354447848319073,0
29,28,167,-0.0009540397687039657,0
29,28,168,-0.0004890442541239855,0
29,28,169,-0.0009298930355959785,0
29,28,170,-0.0009512614102585326,0
30,29,0,-0.1007513556409325,0
30,29,1,-0.08001802788185541,0
30,29,2,0.3739454200908424,0
30,29,3,0.3383886939117175,0
30,29,4,-0.01579867658239471,0
30,29,5,-0.2571598327999532,0
30,29,6,-0.3008333206695863,0
30,29,7,-0.1937669630688847,0
30,29,8,0.4674328829055931,0
30,29,9,-0.5802929932346423,0
30,29,10,0.7459398641961027,0
30,29,11,-0.2142115768036867,0
30,29,12,-0.271562646151037,0
30,29,13,0.6351734288278472,0
30,29,14,-0.08616897844369334,0
30,29,15,0.4589149604589186,0
30,29,16,-0.09096885558498737,0
30,29,17,-0.08108418735918801,0
30,29,18,0.3573306261066186,0
30,29,19,-0.7096092778190263,0
30,29,20,0.250197105419763,0
30,29,21,0.383407569221503,0
30,29,22,-0.437681255016678,0
30,29,23,-0.1430047213989994,0
30,29,24,-0.3417039542580232,0
30,29,25,-0.1695621839093348,0
30,29,26,0.2307612646471872,0
30,29,27,0.4475966270596892,0
30,29,28,-0.3648932998594932,0
30,29,29,0.5558827900091681,0
30,29,30,-0.2052585009820206,0
30,29,31,-0.5694604990853963,0
30,29,32,-0.4375237360184024,0
30,29,33,-0.1464267504323426,0
30,29,34,0.4184361806070078,0
30,29,35,0.4485999549267689,0
30,29,36,0.02055693737454416,0
30,29,37,-0.5723471256284309,0
30,29,38,0.1307679840166613,0
30,29,39,-0.3850800336934825,0
30,29,40,0.09565528467575325,0
30,29,41,0.5566176162904108,0
30,29,42,-0.4200299692963553,0
30,29,43,-0.03790113874464195,0
30,29,44,-0.1426441530712351,0
30,29,45,-0.4531315049031301,0
30,29,46,0.4290165295538931,0
30,29,47,-0.2453809102403283,0
30,29,48,0.3032272645860484,0
30,29,49,-0.266147137374072,0
30,29,50,-0.4960430857621007,0
30,29,51,0.6350996082161379,0
30,29,52,-0.0777766234378995,0
30,29,53,0.0501691268946102,0
30,29,54,0.231343817008625,0
30,29,55,-0.1090188585944897,0
30,29,56,0.1358260010923651,0
30,29,57,0.07742200528404043,0
30,29,58,-0.8223049376663779,0
30,29,59,0.8037991176943752,0
30,29,60,-0.3725310523151144,0
30,29,61,0.278149949872976,0
30,29,62,0.2164632752284952,0
30,29,63,-0.2907977807093514,0
30,29,64,-0.5255288329870385,0
30,29,65,0.2338390574870957,0
30,29,66,0.3336647073761218,0
30,29,67,-0.2325165307846927,0
30,29,68,0.4654192306510588,0
30,29,69,0.102629981854947,0
30,29,70,-0.2225082570886884,0
30,29,71,0.3959658787518118,0
30,29,72,-0.00362576907378573,0
30,29,73,-0.06562852783770266,0
30,29,74,0.02260592527693987,0
30,29,75,-0.09286978366172893,0
30,29,76,0.00519280385039984,0
30,29,77,0.3233817948562757,0
30,29,78,-0.3062654394316655,0
30,29,79,0.2723713037298267,0
30,29,80,-0.3490926531185288,0
30,29,81,0.3003742105277478,0
30,29,82,0.2594627859546851,0
30,29,83,-0.3506157736754184,0
30,29,84,0.08993252440174193,0
30,29,85,-0.2805124110167121,0
30,29,86,0.11442898629319,0
30,29,87,-0.2464972750006722,0
30,29,88,0.2517970187651831,0
30,29,89,0.01937405745431955,0
30,29,90,0.384459925139246,0
30,29,91,-0.002531798213152242,0
30,29,92,0.1120522821972941,0
30,29,93,0.1530695679055486,0
30,29,94,-0.6378883179425606,0
30,29,95,0.5867527087670266,0
30,29,96,0.7522651128957727,0
30,29,97,-0.3230113950199663,0
30,29,98,-0.6736676130525092,0
30,29,99,0.01940778773854912,0
30,29,100,-0.830711845110634,0
30,29,101,0.423208185452551,0
30,29,102,0.1381646475538146,0
30,29,103,0.1025719442104731,0
30,29,104,-0.3606685259219802,0
30,29,105,-0.2630351595839009,0
30,29,106,0.01175403712774852,0
30,29,107,0.4102239432955347,0
30,29,108,0.2865598718057225,0
30,29,109,-0.05938871215221955,0
30,29,110,-0.1548903379365164,0
30,29,111,-0.3255054207498356,0
30,29,112,-0.03714787031989607,0
30,29,113,0.06728105615271671,0
30,29,114,0.3865463900748832,0
30,29,115,-0.4026601211824221,0
30,29,116,0.1368208179755238,0
30,29,117,-0.07805096313440522,0
30,29,118,0.3132239438492217,0
30,29,119,-0.2622755301822281,0
30,29,120,0.2189630249224707,0
30,29,121,-0.5118429029215573,0
30,29,122,-1,0
30,29,123,0.9342389331307818,0
30,29,124,-0.1479457033417927,0
30,29,125,0.5685767382088708,0
30,29,126,-0.3151128459885386,0
30,29,127,0.5511878717317308,0
30,29,128,0.4152140654481289,0
30,29,129,-0.284196847478383,0
30,29,130,-0.1135989248221531,0
30,29,131,-0.1144309252818922,0
30,29,132,-0.127929988678156,0
30,29,133,0.1139869599111805,0
30,29,134,0.3047699045651292,0
30,29,135,0.001505303843370694,0
30,29,136,0.0003845511300596192,0
30,29,137,0.001265032135143784,0
30,29,138,0.0002121815667734736,0
30,29,139,-0.001093478512743712,0
30,29,140,-0.0003628194239551328,0
30,29,141,0.0005593491045684864,0
30,29,142,0.0003808232189954703,0
30,29,143,-0.0006037944348428457,0
30,29,144,0.0006564819483025426,0
30,29,145,-0.0006188957512181957,0
30,29,146,-0.001038502284756297,0
30,29,147,-0.001947845306961059,0
30,29,148,-0.0002816197563376148,0
30,29,149,0.001505384531615428,0
30,29,150,0.001114440203039797,0
30,29,151,-0.0004149956321335503,0
30,29,152,-0.0007484098503908105,0
30,29,153,0.0004550631476834526,0
30,29,154,-0.0008406902830271095,0
30,29,155,0.0006236721443137217,0
30,29,156,0.00202283451414608,0
30,29,157,0.00173302755354409,0
30,29,158,0.0004833378959516285,0
30,29,159,-0.001610043149804799,0
30,29,160,-0.0007602946016866955,0
30,29,161,0.0006211615994698481,0
30,29,162,-0.001632337874424229,0
30,29,163,0.0003333887131093637,0
30,29,164,-0.0001516628694738258,0
30,29,165,0.0001699404543240491,0
30,29,166,-0.001476369020479229,0
30,29,167,-0.00118962817568664,0
30,29,168,-0.0007019845616116242,0
30,29,169,0.001389076410607798,0
30,29,170,0.0008751583247800863,0
31,30,0,0.2676051916136749,0
31,30,1,-0.3030151922998563,0
31,30,2,0.3933010340391817,0
31,30,3,-0.6150029282145415,0
31,30,4,0.07460630342196503,0
31,30,5,0.331945056889458,0
31,30,6,0.2190021518271537,0
31,30,7,0.5419028461544141,0
31,30,8,-0.7502558047751395,0
31,30,9,-0.7558590782910715,0
31,30,10,-0.01634614750087665,0
31,30,11,0.6775602099259899,0
31,30,12,-0.0676264672552741,0
31,30,13,0.9694985876766462,0
31,30,14,-0.5909776606957157,0
31,30,15,0.3020204506566157,0
31,30,16,-0.3430239916351631,0
31,30,17,0.2790296230973434,0
31,30,18,0.01157136898751461,0
31,30,19,-0.2790126270404239,0
31,30,20,0.0928436578427705,0
31,30,21,0.4838347604029916,0
31,30,22,-0.1959429544741716,0
31,30,23,-0.2878932009984034,0
31,30,24,-0.2325256897692441,0
31,30,25,-0.4189401772180497,0
31,30,26,0.3782136593133953,0
31,30,27,0.3969619956388055,0
31,30,28,-0.3735115969109867,0
31,30,29,0.318408001195975,0
31,30,30,-0.6134819178988749,0
31,30,31,0.6983195811121448,0
31,30,32,0.2287880623429448,0
31,30,33,-0.2819571837423146,0
31,30,34,-0.3628963225113377,0
31,30,35,-0.3861112501868432,0
31,30,36,0.3168392544462456,0
31,30,37,0.12129075552105,0
31,30,38,0.6183980619487754,0
31,30,39,-0.6246745001394702,0
31,30,40,-0.01030553531246088,0
31,30,41,0.1757276007011108,0
31,30,42,-0.1299108757620243,0
31,30,43,-0.146791338633276,0
31,30,44,0.07404626424030514,0
31,30,45,-0.5936100894024388,0
31,30,46,0.4161011478028684,0
31,30,47,-0.1718302911326535,0
31,30,48,0.2548880522868224,0
31,30,49,-0.3877938624678094,0
31,30,50,-0.3320235280997931,0
31,30,51,0.4840041336321329,0
31,30,52,0.1014466889199031,0
31,30,53,-0.0509494581768392,0
31,30,54,0.01714186408751829,0
31,30,55,0.06581790491309618,0
31,30,56,0.391491388807142,0
31,30,57,-0.2086028402992881,0
31,30,58,0.6779817918457645,0
31,30,59,-0.7464861208077701,0
31,30,60,0.2722624493617076,0
31,30,61,-1,0
31,30,62,0.2460645753092104,0
31,30,63,0.17543951867671,0
31,30,64,0.4188661494989304,0
31,30,65,0.6185609160950633,0
31,30,66,-0.8882576565296011,0
31,30,67,-0.1925459064499832,0
31,30,68,-0.5433727091395008,0
31,30,69,0.6465668426653837,0
31,30,70,-0.5654908328191278,0
31,30,71,0.8098183970493819,0
31,30,72,-0.1516176630881521,0
31,30,73,0.269486262626685,0
31,30,74,0.08727053208865507,0
31,30,75,-0.2137531924666453,0
31,30,76,-0.4661371760770006,0
31,30,77,0.2364159425950948,0
31,30,78,0.2182851958310415,0
31,30,79,0.5707511221816718,0
31,30,80,-0.01317445548315994,0
31,30,81,-0.20178676403073,0
31,30,82,0.09482582290339972,0
31,30,83,-0.738784699858686,0
31,30,84,0.3272401491859763,0
31,30,85,0.2069275399032298,0
31,30,86,-0.2494717120564385,0
31,30,87,0.09649327098105692,0
31,30,88,-0.09579151438429338,0
31,30,89,-0.1418462435620148,0
31,30,90,-0.2150752589382492,0
31,30,91,0.009164525471991456,0
31,30,92,-0.1411448228836759,0
31,30,93,-0.09012760028634308,0
31,30,94,0.6001906139699041,0
31,30,95,-0.1643941039630665,0
31,30,96,0.01388812308099249,0
31,30,97,-0.737264961404539,0
31,30,98,0.7104774213159907,0
31,30,99,0.450860707529485,0
31,30,100,0.2984813189504367,0
31,30,101,-0.9027335629801124,0
31,30,102,-0.02213484802246461,0
31,30,103,-0.6432026649015754,0
31,30,104,0.6771805821947358,0
31,30,105,0.1646468342193245,0
31,30,106,-0.07735380545248451,0
31,30,107,-0.2636936460693535,0
31,30,108,0.0949659498807197,0
31,30,109,-0.04032311550403387,0
31,30,110,-0.02879667394139971,0
31,30,111,-0.4338996794129056,0
31,30,112,-0.1039111403900108,0
31,30,113,0.2528032733046261,0
31,30,114,0.8172185215203214,0
31,30,115,-0.5711394979997841,0
31,30,116,-0.2462090774333623,0
31,30,117,0.1889905095779477,0
31,30,118,-0.1862299947656599,0
31,30,119,0.2793103454568712,0
31,30,120,0.181170522334753,0
31,30,121,0.08970956358316483,0
31,30,122,0.4537749059420526,0
31,30,123,-0.906849136683911,0
31,30,124,-0.9301516739154284,0
31,30,125,0.8871728783673812,0
31,30,126,0.3698423288994039,0
31,30,127,0.0001317590160687431,0
31,30,128,-0.377800762109013,0
31,30,129,0.1739617758524169,0
31,30,130,-0.07535530635374688,0
31,30,131,0.3542279939207487,0
31,30,132,0.1720773117528736,0
31,30,133,-0.2392960744674179,0
31,30,134,0.215830826491613,0
31,30,135,0.0001807833825341031,0
31,30,136,0.002268902192594335,0
31,30,137,0.001604446885503513,0
31,30,138,-0.0006379352279905494,0
31,30,139,0.0002339346873766592,0
31,30,140,-0.0002404322686644334,0
31,30,141,0.0006902082564491384,0
31,30,142,-6.025862747087478e-05,0
31,30,143,-0.000321073402841882,0
31,30,144,0.0007779713839610057,0
31,30,145,0.0001332765065047849,0
31,30,146,-0.0005409486114857482,0
31,30,147,-0.002125599741381247,0
31,30,148,0.0007142146709044762,0
31,30,149,0.0006706961395053343,0
31,30,150,0.0001451866450532218,0
31,30,151,0.0004243042842604962,0
31,30,152,-0.0002142501245863024,0
31,30,153,0.002050064780131362,0
31,30,154,0.0004253867109066659,0
31,30,155,-0.0007176501021433308,0
31,30,156,-0.0002544315342215067,0
31,30,157,0.002590572171028763,0
31,30,158,-0.000338285303147077,0
31,30,159,-6.78334130202228e-05,0
31,30,160,0.0005188167553109418,0
31,30,161,-0.0001514384464479549,0
31,30,162,0.001181379370352709,0
31,30,163,-0.002045886108006444,0
31,30,164,0.000604314698636212,0
31,30,165,0.0004413268636751862,0
31,30,166,0.0006185122440867686,0
31,30,167,-0.0007141833335910679,0
31,30,168,-3.658522565521079e-05,0
31,30,169,0.001065183333985212,0
31,30,170,-0.000142976384877644,0
32,31,0,-0.5938710859681012,0
32,31,1,0.3793030718186979,0
32,31,2,-0.1351658733870544,0
32,31,3,-0.09372525513999835,0
32,31,4,0.5701813260239752,0
32,31,5,-0.4697272846158074,0
32,31,6,-0.09318319531348143,0
32,31,7,0.01377160778976851,0
32,31,8,0.1873438483573241,0
32,31,9,0.2927344306175333,0
32,31,10,-0.03535842869727843,0
32,31,11,-0.1549519342991693,0
32,31,12,-0.5054174380286305,0
32,31,13,-0.06238784305034719,0
32,31,14,0.3728140371202189,0
32,31,15,-0.2794656093215579,0
32,31,16,0.7980864815218575,0
32,31,17,-0.3402271276339023,0
32,31,18,0.1089980619224297,0
32,31,19,0.04813202389351637,0
32,31,20,0.1026547735621355,0
32,31,21,0.9787239114708169,0
32,31,22,-0.6842950476859121,0
32,31,23,-0.1999968571119324,0
32,31,24,-0.3624758677708863,0
32,31,25,-0.8145317667123863,0
32,31,26,0.5674823204026003,0
32,31,27,0.6846575807535986,0
32,31,28,-0.6584209140356014,0
32,31,29,-0.05171533345345554,0
32,31,30,0.05501694965878584,0
32,31,31,0.03131760862277705,0
32,31,32,0.04228747594230904,0
32,31,33,0.1314136561394392,0
32,31,34,0.1744506882387311,0
32,31,35,0.2735413741017377,0
32,31,36,-0.3988135164818927,0
32,31,37,0.3829524252076656,0
32,31,38,-0.1905701413067507,0
32,31,39,0.04749638879650525,0
32,31,40,0.0148361034679498,0
32,31,41,0.2190414866360599,0
32,31,42,-0.1711861388369282,0
32,31,43,-0.2134110429129583,0
32,31,44,0.3037628332081824,0
32,31,45,-0.1087244299673151,0
32,31,46,-0.1733111383867083,0
32,31,47,0.1661752592171835,0
32,31,48,-0.6229897994079019,0
32,31,49,0.3714015655139996,0
32,31,50,-0.5836354413042737,0
32,31,51,0.4748634406385502,0
32,31,52,0.03258822836386482,0
32,31,53,-0.248889690004323,0
32,31,54,0.3666482148023218,0
32,31,55,-0.1980185160666656,0
32,31,56,0.7391266072425746,0
32,31,57,-0.2434655220435306,0
32,31,58,0.08986173912796351,0
32,31,59,-0.03808421035395732,0
32,31,60,-0.0826275134193626,0
32,31,61,0.2956405945825044,0
32,31,62,-0.2502978254688415,0
32,31,63,-0.05319293761226473,0
32,31,64,0.2686028986064591,0
32,31,65,-0.4449830527588803,0
32,31,66,-0.05703390094968214,0
32,31,67,-0.2109416198531454,0
32,31,68,0.03106491961332132,0
32,31,69,-0.1985576991355637,0
32,31,70,-0.03753940744115734,0
32,31,71,0.3392472529311437,0
32,31,72,-0.07883637716718331,0
32,31,73,-0.4518828427160705,0
32,31,74,0.2272879621405782,0
32,31,75,0.4972357267523483,0
32,31,76,0.09378907893701464,0
32,31,77,0.2592035101390429,0
32,31,78,-0.2695863180373961,0
32,31,79,0.05908664346379171,0
32,31,80,-0.09551892811720254,0
32,31,81,-0.1323330749415045,0
32,31,82,0.3777970947698218,0
32,31,83,-0.2234135420423559,0
32,31,84,-0.08466339461857839,0
32,31,85,-0.3830271084244539,0
32,31,86,0.4216139858741496,0
32,31,87,-0.1210668045683562,0
32,31,88,0.05852012372485867,0
32,31,89,0.1148568819516601,0
32,31,90,-0.205128934093623,0
32,31,91,0.222630033565167,0
32,31,92,0.01306477699694332,0
32,31,93,-0.4386309410716845,0
32,31,94,0.376265373236324,0
32,31,95,0.01988742831425938,0
32,31,96,-0.2288527105375229,0
32,31,97,0.6564625956103159,0
32,31,98,-0.05218450137029861,0
32,31,99,0.2303348939888297,0
32,31,100,-0.04288469479813309,0
32,31,101,0.2076677339301806,0
32,31,102,0.5358915205788676,0
32,31,103,-0.7903110409496419,0
32,31,104,-0.1128370247892799,0
32,31,105,0.05443458252736976,0
32,31,106,-0.165681326947248,0
32,31,107,-0.2449392138938415,0
32,31,108,-0.3014737121084078,0
32,31,109,0.03318476958259348,0
32,31,110,0.3028234875345304,0
32,31,111,-0.09625567692446488,0
32,31,112,0.4195184704747367,0
32,31,113,-0.05877876484943381,0
32,31,114,-0.1850229235330398,0
32,31,115,0.04557673289690102,0
32,31,116,0.1717011687660443,0
32,31,117,-0.1422306789404057,0
32,31,118,0.1502412930379356,0
32,31,119,-0.1865925864126633,0
32,31,120,0.3067754947869193,0
32,31,121,-0.2733287338663337,0
32,31,122,0.4307587361419231,0
32,31,123,-0.5330906034043793,0
32,31,124,0.2176587314035797,0
32,31,125,-0.6143888274574261,0
32,31,126,-0.6286636436681059,0
32,31,127,0.3686900386081633,0
32,31,128,-0.5006492285792985,0
32,31,129,1,0
32,31,130,0.4187890204535007,0
32,31,131,-0.1157782571924301,0
32,31,132,0.1882871694293389,0
32,31,133,-0.4033513332571115,0
32,31,134,-0.1758547949724684,0
32,31,135,-0.0002455103800040342,0
32,31,136,-0.0005037006456464427,0
32,31,137,-0.000953801187648222,0
32,31,138,0.001474873224677929,0
32,31,139,0.0004059029715016396,0
32,31,140,-0.0007320456827140367,0
32,31,141,-0.001366408460467695,0
32,31,142,0.001627787945437492,0
32,31,143,0.0004772345150616109,0
32,31,144,-0.001623061199152914,0
32,31,145,-5.225430206696877e-05,0
32,31,146,0.00104672922172426,0
32,31,147,0.00100602910113731,0
32,31,148,-0.001930905032764554,0
32,31,149,-0.001415514696974215,0
32,31,150,0.001120651414365861,0
32,31,151,0.002328473510176216,0
32,31,152,-0.001331396097499707,0
32,31,153,-0.001100048254567934,0
32,31,154,-0.0004543680130991346,0
32,31,155,2.177001237915412e-05,0
32,31,156,-0.001497368625513465,0
32,31,157,-0.001279508545145661,0
32,31,158,0.001619331442698991,0
32,31,159,0.001765616587557555,0
32,31,160,-0.001519527367098808,0
32,31,161,-0.001932946112869753,0
32,31,162,0.0004113022081403931,0
32,31,163,0.001384000403310983,0
32,31,164,0.0001131127525640749,0
32,31,165,-0.0006755706582659524,0
32,31,166,0.001097602392452274,0
32,31,167,0.0009777615430721595,0
32,31,168,-0.0006137659355132402,0
32,31,169,-0.001570023687338069,0
32,31,170,0.0005094895426021254,0
33,32,0,-0.4019697503025065,0
33,32,1,0.02478346342994016,0
33,32,2,0.4378331608367837,0
33,32,3,0.351202599940659,0
33,32,4,0.2508604240072284,0
33,32,5,-0.5108767277741018,0
33,32,6,0.5187753515459097,0
33,32,7,-0.659654288013707,0
33,32,8,0.3684895424575089,0
33,32,9,0.06673240180952944,0
33,32,10,-0.5434942782223442,0
33,32,11,0.1204099525906891,0
33,32,12,-0.209649509598384,0
33,32,13,0.191331929657343,0
33,32,14,-0.1310130475655077,0
33,32,15,-0.131025865969312,0
33,32,16,0.273014637317558,0
33,32,17,-0.02158378262682057,0
33,32,18,0.2788759031772496,0
33,32,19,-0.06920349163792637,0
33,32,20,-0.05187667449445291,0
33,32,21,-0.3476019387351785,0
33,32,22,-0.1294916734699845,0
33,32,23,0.2880144383089555,0
33,32,24,0.007573383649183785,0
33,32,25,0.4799510681801603,0
33,32,26,-0.31931707013372,0
33,32,27,-0.1522423521170934,0
33,32,28,0.2212277867524731,0
33,32,29,0.5441136830137571,0
33,32,30,-0.6089643861317001,0
33,32,31,0.2330360179276268,0
33,32,32,-0.3836776574334808,0
33,32,33,0.08040034533109108,0
33,32,34,0.1706173322882775,0
33,32,35,0.05285617365554088,0
33,32,36,0.07624359331626801,0
33,32,37,-0.07440031598553504,0
33,32,38,-0.4589971860026909,0
33,32,39,0.3013795478977275,0
33,32,40,-0.09692025531909217,0
33,32,41,0.1089593560401362,0
33,32,42,0.5329976260947474,0
33,32,43,-0.2794659298116505,0
33,32,44,0.1144833385393282,0
33,32,45,-0.4033740265205749,0
33,32,46,0.3799024219782648,0
33,32,47,-0.006916181931796116,0
33,32,48,0.02399856797921727,0
33,32,49,-0.05524028757634913,0
33,32,50,0.03300152281264634,0
33,32,51,-0.1990332604574043,0
33,32,52,-0.08037627068626114,0
33,32,53,0.1713332494764649,0
33,32,54,0.1803759106451851,0
33,32,55,-0.2217901275679159,0
33,32,56,-0.5235940981094597,0
33,32,57,0.371937067204572,0
33,32,58,0.1123133107094306,0
33,32,59,-0.08700222998213242,0
33,32,60,-0.1706174764458238,0
33,32,61,-0.2075059464007471,0
33,32,62,0.01388611595218828,0
33,32,63,-0.0917565885709021,0
33,32,64,0.3366154007696902,0
33,32,65,0.1268028664058573,0
33,32,66,-0.4116366403461372,0
33,32,67,-0.225043568322688,0
33,32,68,-0.3944567402354474,0
33,32,69,0.5112543164506533,0
33,32,70,0.418553003702485,0
33,32,71,0.2756448862591838,0
33,32,72,-0.3218362915650135,0
33,32,73,-0.1260854002575526,0
33,32,74,-0.8239243412203999,0
33,32,75,0.5433976149674774,0
33,32,76,0.06916996204004761,0
33,32,77,0.562886967506221,0
33,32,78,-0.7427948366247178,0
33,32,79,-0.2502945170589969,0
33,32,80,-0.1487694811774606,0
33,32,81,0.4476061261496755,0
33,32,82,-0.06509980276665342,0
33,32,83,0.505523133701835,0
33,32,84,-0.07585831392949968,0
33,32,85,-0.3185535805461557,0
33,32,86,0.206301230117511,0
33,32,87,-0.2713610825003968,0
33,32,88,0.1825532892156554,0
33,32,89,0.114333626335841,0
33,32,90,-0.1288731549161442,0
33,32,91,0.2783748565058974,0
33,32,92,-0.02199474090899797,0
33,32,93,-0.3259767585707332,0
33,32,94,0.3613852015497905,0
33,32,95,0.2301069842662223,0
33,32,96,0.2001938080907682,0
33,32,97,-0.1970171876199888,0
33,32,98,-0.02866556321277266,0
33,32,99,-0.05368844831555152,0
33,32,100,0.2593390263849633,0
33,32,101,-0.1920508174024029,0
33,32,102,-0.1255015041122853,0
33,32,103,-0.3613579120322181,0
33,32,104,0.1713781555486737,0
33,32,105,-0.2716253030675043,0
33,32,106,1,0
33,32,107,-0.3163757321076006,0
33,32,108,0.2735966119554448,0
33,32,109,-0.6494763812846731,0
33,32,110,0.5489487808966541,0
33,32,111,0.3079440434834692,0
33,32,112,-0.04160299208288562,0
33,32,113,-0.4892610354235726,0
33,32,114,-0.5359439574302715,0
33,32,115,0.1881828749207002,0
33,32,116,0.2086526467117751,0
33,32,117,-0.1699410004238583,0
33,32,118,0.2445437266708106,0
33,32,119,-0.251474792998743,0
33,32,120,0.4653163135090611,0
33,32,121,-0.5100171796998764,0
33,32,122,0.0005421817149088837,0
33,32,123,-0.3770180886903999,0
33,32,124,-0.2396232172122753,0
33,32,125,0.3065460063365939,0
33,32,126,0.1514170070942638,0
33,32,127,-0.06801646191677796,0
33,32,128,0.1194311969441905,0
33,32,129,0.004038934545734649,0
33,32,130,0.4194697914970603,0
33,32,131,-0.7863956696218011,0
33,32,132,-0.7964248860721261,0
33,32,133,0.6238581712121115,0
33,32,134,0.4896435644183093,0
33,32,135,-0.0009719848908796544,0
33,32,136,-0.000417914638711036,0
33,32,137,-0.0001824973520641435,0
33,32,138,0.0007316233352829556,0
33,32,139,-0.00060114260702646,0
33,32,140,-0.001121103620159015,0
33,32,141,0.001041476972069291,0
33,32,142,0.0002393106022860631,0
33,32,143,-0.0002406746819557415,0
33,32,144,-0.0002146751350391203,0
33,32,145,0.001116416372916874,0
33,32,146,0.001239107857102062,0
33,32,147,-0.0009129317958064852,0
33,32,148,-0.0007164952718376749,0
33,32,149,9.113320537429138e-05,0
33,32,150,0.001786034809334789,0
33,32,151,-0.001767671475747778,0
33,32,152,-0.0003633092406048091,0
33,32,153,0.0003954076538740331,0
33,32,154,-0.0008936155484268807,0
33,32,155,-0.0005050029910421446,0
33,32,156,-0.001057375381515505,0
33,32,157,0.001511805757418151,0
33,32,158,0.0004706546590188966,0
33,32,159,-0.0002482738624121421,0
33,32,160,-0.001995580460307349,0
33,32,161,0.001996399210631091,0
33,32,162,0.0002723289518797323,0
33,32,163,0.0002867248978116904,0
33,32,164,0.001293117084197898,0
33,32,165,0.0006508323750614383,0
33,32,166,0.001678128645936228,0
33,32,167,-0.001085132524446452,0
33,32,168,-0.0005442404290725385,0
33,32,169,0.0001531119283666563,0
33,32,170,0.001884004973471442,0
34,33,0,-0.3709568985100152,0
34,33,1,0.2087012431541099,0
34,33,2,0.03760569143747119,0
34,33,3,-0.4746282478325014,0
34,33,4,0.5869275193741874,0
34,33,5,-0.1703214745343561,0
34,33,6,-0.7109044299873869,0
34,33,7,0.7135057140311536,0
34,33,8,-0.06170435669755123,0
34,33,9,-0.2134966935681798,0
34,33,10,0.8842735557821291,0
34,33,11,-0.1714109037130605,0
34,33,12,0.4962251000684652,0
34,33,13,-0.2737059011325259,0
34,33,14,0.07437064579294836,0
34,33,15,0.07886796716353826,0
34,33,16,-0.6006978276393117,0
34,33,17,0.1882469640806837,0
34,33,18,0.498783369994808,0
34,33,19,-0.2078074658211732,0
34,33,20,-0.4032637789438603,0
34,33,21,-0.6481572437523171,0
34,33,22,-0.2199294611178001,0
34,33,23,0.4825197249434373,0
34,33,24,-0.02014451570243223,0
34,33,25,0.9150421021407187,0
34,33,26,-0.5297705401685515,0
34,33,27,-0.2546078049487769,0
34,33,28,0.3966505343604129,0
34,33,29,0.08882800718772205,0
34,33,30,-0.1327386004039104,0
34,33,31,0.1161309970578566,0
34,33,32,0.2565741892172986,0
34,33,33,-0.1381335945265379,0
34,33,34,-0.0166853543016305,0
34,33,35,0.4707677788381304,0
34,33,36,-0.5384425828439249,0
34,33,37,0.2437072596852929,0
34,33,38,0.5106083369871935,0
34,33,39,-0.7331063070858885,0
34,33,40,0.06324516959018385,0
34,33,41,-0.08494174189452883,0
34,33,42,-0.4958720283055218,0
34,33,43,0.1616530471357598,0
34,33,44,-0.309528619435222,0
34,33,45,0.3701298951629307,0
34,33,46,-0.283242065110551,0
34,33,47,-0.4104501317134016,0
34,33,48,0.8007220290665152,0
34,33,49,0.1026888878449586,0
34,33,50,0.08015715684271342,0
34,33,51,-0.1807144575926337,0
34,33,52,0.1705326619499639,0
34,33,53,0.380848715340419,0
34,33,54,0.2246231296496539,0
34,33,55,-0.3383503408035718,0
34,33,56,-1,0
34,33,57,0.6080488344862103,0
34,33,58,0.1053950894672529,0
34,33,59,-0.1204458024871381,0
34,33,60,0.01367913946754246,0
34,33,61,-0.1628682223160446,0
34,33,62,0.05052042579489836,0
34,33,63,0.00341870118285978,0
34,33,64,-0.01422575914023396,0
34,33,65,0.0958774160342685,0
34,33,66,-0.1935164665056141,0
34,33,67,-0.5477809171177573,0
34,33,68,0.4386249823960652,0
34,33,69,0.02070685099137909,0
34,33,70,-0.1906676544687721,0
34,33,71,0.6377961256533108,0
34,33,72,-0.2088003103843127,0
34,33,73,-0.01912757103977572,0
34,33,74,0.2583771536313043,0
34,33,75,0.1362966517996775,0
34,33,76,0.5850567968246918,0
34,33,77,-0.5555262691569166,0
34,33,78,0.0584337666863764,0
34,33,79,0.2156525754115674,0
34,33,80,-0.7575998603934027,0
34,33,81,-0.06336591642027281,0
34,33,82,-0.3246786091836649,0
34,33,83,0.3805165289939924,0
34,33,84,-0.08164366065991473,0
34,33,85,-0.1518991920867893,0
34,33,86,0.005626751871596303,0
34,33,87,-0.01954159743818271,0
34,33,88,0.02043567761950165,0
34,33,89,-0.02957587282634673,0
34,33,90,-0.0532319004028506,0
34,33,91,0.04379038480353801,0
34,33,92,-0.01069520835931023,0
34,33,93,-0.07508024385003682,0
34,33,94,0.147667643427161,0
34,33,95,0.02473782094913496,0
34,33,96,0.185972635400523,0
34,33,97,-0.1778686403391554,0
34,33,98,0.07997120889691782,0
34,33,99,0.3876422410434617,0
34,33,100,-0.3129731447689886,0
34,33,101,-0.03517509553320694,0
34,33,102,0.1934328308511729,0
34,33,103,-0.673118875068879,0
34,33,104,0.162993940426926,0
34,33,105,-0.1485245907902169,0
34,33,106,0.08685361292440076,0
34,33,107,-0.227520098708414,0
34,33,108,-0.726599086296384,0
34,33,109,0.6168493273916247,0
34,33,110,0.168906282255752,0
34,33,111,0.1811867191538418,0
34,33,112,0.6641242223005029,0
34,33,113,-0.2160187320125346,0
34,33,114,-0.4774316998501372,0
34,33,115,0.4805354536099789,0
34,33,116,-0.03109828749417684,0
34,33,117,0.03152908032564659,0
34,33,118,0.0284530690957439,0
34,33,119,0.005042340680038677,0
34,33,120,0.1223208415885529,0
34,33,121,-0.09713637905759767,0
34,33,122,0.02568510985868849,0
34,33,123,-0.1733416683638214,0
34,33,124,-0.287035241957261,0
34,33,125,0.2536592113813271,0
34,33,126,-0.2902709793641748,0
34,33,127,0.3684148725823259,0
34,33,128,-0.2156344011427854,0
34,33,129,0.5670128087505651,0
34,33,130,0.5608394157862201,0
34,33,131,-0.4095320894490866,0
34,33,132,0.3871739859343281,0
34,33,133,-0.6173558508704846,0
34,33,134,-0.6440779746001621,0
34,33,135,0.0008463273060999447,0
34,33,136,0.001557182384333709,0
34,33,137,-0.000534154877672689,0
34,33,138,-0.0005959805659051842,0
34,33,139,0.0008567773051198119,0
34,33,140,0.0006236735288698841,0
34,33,141,0.000114778228571224,0
34,33,142,-0.0008886642749517306,0
34,33,143,-0.0004574427890860852,0
34,33,144,-0.001026969241723005,0
34,33,145,-0.00107248378744107,0
34,33,146,-0.001364823373403688,0
34,33,147,0.0004261321824526537,0
34,33,148,0.0009658917359364995,0
34,33,149,-0.000909222984374421,0
34,33,150,9.262330537865969e-05,0
34,33,151,-0.0006353709178410731,0
34,33,152,0.0003550351306944361,0
34,33,153,7.582033177795743e-05,0
34,33,154,0.000165207626646481,0
34,33,155,0.0005005850949469533,0
34,33,156,0.0001747988560969662,0
34,33,157,-0.0005282898960091611,0
34,33,158,-0.0003110035671157484,0
34,33,159,0.001235433659194006,0
34,33,160,-0.0007515696326161845,0
34,33,161,-0.0004195802798555919,0
34,33,162,0.0001411901377781035,0
34,33,163,-0.0002296275175097108,0
34,33,164,-0.0003382674331170093,0
34,33,165,-0.0006487840932694357,0
34,33,166,0.0003146878916551098,0
34,33,167,0.0007458388674860246,0
34,33,168,0.0003503395696171008,0
34,33,169,-0.001872513705713361,0
34,33,170,-0.0004803046046945646,0
35,34,0,0.1529027978176164,0
35,34,1,0.2611072005827163,0
35,34,2,-0.7887750700567051,0
35,34,3,-0.02797005266715017,0
35,34,4,-0.2399673394858406,0
35,34,5,0.2927342720323858,0
35,34,6,0.6924630888253539,0
35,34,7,-0.2411629561403852,0
35,34,8,-0.29132211243443,0
35,34,9,-0.4310074372262285,0
35,34,10,-0.6279458941960785,0
35,34,11,0.5691171706658024,0
35,34,12,-0.3826208065562925,0
35,34,13,1,0
35,34,14,-0.4303849710732001,0
35,34,15,0.2057773154254838,0
35,34,16,0.05527248197411135,0
35,34,17,0.121967380861422,0
35,34,18,0.6438420049177748,0
35,34,19,-0.6662903541084072,0
35,34,20,-0.06256057333300596,0
35,34,21,-0.5552837337393335,0
35,34,22,-0.3062561456669651,0
35,34,23,0.309082141309569,0
35,34,24,-0.07142899629371845,0
35,34,25,0.8675262957047956,0
35,34,26,-0.4746194222194962,0
35,34,27,-0.1911769890307121,0
35,34,28,0.3499125836923215,0
35,34,29,-0.8805302099847075,0
35,34,30,0.8200842575803445,0
35,34,31,0.1600382442690404,0
35,34,32,0.3743280067757718,0
35,34,33,0.231243364494165,0
35,34,34,-0.08177449204008146,0
35,34,35,-0.6151140838911652,0
35,34,36,0.1016787049657345,0
35,34,37,0.4989579374006372,0
35,34,38,0.07321589129962307,0
35,34,39,0.333761581908494,0
35,34,40,-0.4388849160348047,0
35,34,41,0.3354130244243094,0
35,34,42,0.05192962487940198,0
35,34,43,-0.1984297563147142,0
35,34,44,0.166647757128768,0
35,34,45,-0.8083041233955368,0
35,34,46,0.4567792191949815,0
35,34,47,-0.4654504094219443,0
35,34,48,0.4345079236079269,0
35,34,49,-0.1386921318696156,0
35,34,50,-0.1129792106026584,0
35,34,51,0.3174270907673428,0
35,34,52,-0.1413143451413239,0
35,34,53,0.3796366476151296,0
35,34,54,0.2016184722310798,0
35,34,55,-0.1242389510709631,0
35,34,56,-0.9541432206389181,0
35,34,57,0.5449826385876577,0
35,34,58,0.5157785812551937,0
35,34,59,-0.3495895615322113,0
35,34,60,-0.1469824227228466,0
35,34,61,0.5206466834772291,0
35,34,62,-0.6484052085681559,0
35,34,63,0.1513917950460388,0
35,34,64,0.1777857815455511,0
35,34,65,-0.7484052159676394,0
35,34,66,0.1460571091462323,0
35,34,67,0.266812015792631,0
35,34,68,0.2278486716849853,0
35,34,69,-0.5207278278548767,0
35,34,70,-0.476245386907925,0
35,34,71,-0.2501317372494875,0
35,34,72,0.8359225342651211,0
35,34,73,0.111852850818729,0
35,34,74,0.3793795628116666,0
35,34,75,-0.4595981858332081,0
35,34,76,-0.1187549848565599,0
35,34,77,0.06010128710907606,0
35,34,78,-0.009470357910292274,0
35,34,79,0.3899074189580692,0
35,34,80,-0.1231032692269082,0
35,34,81,-0.04579337427306509,0
35,34,82,-0.1736050894157458,0
35,34,83,-0.3245997000245894,0
35,34,84,0.409617624667893,0
35,34,85,0.02527365190395155,0
35,34,86,-0.3605935668737733,0
35,34,87,-0.3735426264760308,0
35,34,88,-0.0001852445585479561,0
35,34,89,0.6608579119916459,0
35,34,90,-0.3407910180536587,0
35,34,91,0.5332700544033132,0
35,34,92,-0.2307785771051733,0
35,34,93,-0.380665119758047,0
35,34,94,0.4441667481952586,0
35,34,95,-0.1884084899410133,0
35,34,96,-0.3655808535812141,0
35,34,97,0.9887461014344797,0
35,34,98,0.108313631343952,0
35,34,99,0.5024927679605138,0
35,34,100,-0.7413299839348491,0
35,34,101,0.1009513884619185,0
35,34,102,0.03110670540349355,0
35,34,103,0.1825858419642025,0
35,34,104,-0.4519036258385467,0
35,34,105,-0.1806303192091661,0
35,34,106,-0.2533916180001852,0
35,34,107,0.4782584759726201,0
35,34,108,0.1223229304631333,0
35,34,109,0.3057139977540727,0
35,34,110,-0.2352639338996156,0
35,34,111,-0.1413180701133368,0
35,34,112,-0.3784361295800446,0
35,34,113,0.1614791793939382,0
35,34,114,0.6566804734351684,0
35,34,115,-0.4233195033561851,0
35,34,116,0.7977088948196495,0
35,34,117,-0.7921058136677839,0
35,34,118,0.009860970763965487,0
35,34,119,-0.393474154439219,0
35,34,120,0.2331340980787466,0
35,34,121,-0.08742717062240501,0
35,34,122,0.6233233674922772,0
35,34,123,-0.8110907074613554,0
35,34,124,-0.1403991382430327,0
35,34,125,-0.5055414586391838,0
35,34,126,-0.6031326750518863,0
35,34,127,0.9543510391908332,0
35,34,128,0.4851518939343138,0
35,34,129,-0.2427843210786336,0
35,34,130,-0.134167665462941,0
35,34,131,-0.1191459844037007,0
35,34,132,-0.04794594747364702,0
35,34,133,0.01629716508768512,0
35,34,134,0.3329419451331874,0
35,34,135,-0.001562100858595303,0
35,34,136,-0.002435193668334803,0
35,34,137,0.001765375122900726,0
35,34,138,0.0008607001173987239,0
35,34,139,-0.00154165368684601,0
35,34,140,-0.0007794615984223691,0
35,34,141,0.002237819844511603,0
35,34,142,-0.0003129788078058995,0
35,34,143,-0.001513662789583773,0
35,34,144,-0.000570708074516486,0
35,34,145,0.0007528277714689632,0
35,34,146,0.002665216305394858,0
35,34,147,-0.0009956442239772618,0
35,34,148,-0.001803075067881339,0
35,34,149,0.001684158935307234,0
35,34,150,0.0009833865029236903,0
35,34,151,-0.002329105918666424,0
35,34,152,-5.121683554336985e-05,0
35,34,153,-0.003298638324647614,0
35,34,154,8.84136129635818e-05,0
35,34,155,-0.001604652853761101,0
35,34,156,-0.001827791582982815,0
35,34,157,0.0005181330077201706,0
35,34,158,0.001689015391933931,0
35,34,159,-0.001725419679799717,0
35,34,160,-0.0002192348578189876,0
35,34,161,0.002197310296759598,0
35,34,162,0.001383255255931461,0
35,34,163,0.002907383987434434,0
35,34,164,-0.001040315770611733,0
35,34,165,0.0005183990453609016,0
35,34,166,0.0015319502096926,0
35,34,167,9.060013138132549e-05,0
35,34,168,-0.001280779291768519,0
35,34,169,0.001654014688879129,0
35,34,170,0.0006420040085915456,0
36,35,0,-0.005749964539422251,0
36,35,1,-0.008818857896278419,0
36,35,2,0.04391116557123581,0
36,35,3,-0.1342541145478549,0
36,35,4,0.07587147264718445,0
36,35,5,0.01790258485560188,0
36,35,6,0.1832185292281242,0
36,35,7,0.04496335933224661,0
36,35,8,-0.1510783529980841,0
36,35,9,-0.007811275015968606,0
36,35,10,-0.2698605183657098,0
36,35,11,0.1565654343982919,0
36,35,12,-0.1002902462386525,0
36,35,13,0.1610477110058463,0
36,35,14,-0.0868186044263017,0
36,35,15,-0.1150619180265339,0
36,35,16,0.14893105762361,0
36,35,17,0.04827236491220977,0
36,35,18,0.2306770978798043,0
36,35,19,-0.03314822781364928,0
36,35,20,-0.08671795636785488,0
36,35,21,-0.02750824748367117,0
36,35,22,-0.280446158396695,0
36,35,23,0.1369704578911282,0
36,35,24,-0.0874447813038389,0
36,35,25,0.1805451755532664,0
36,35,26,-0.1102097383279263,0
36,35,27,0.05842695762400475,0
36,35,28,0.02678300772930719,0
36,35,29,0.09260731381724538,0
36,35,30,0.0648755570292491,0
36,35,31,-0.3016913897741186,0
36,35,32,0.02424024955776434,0
36,35,33,-0.1334067669343782,0
36,35,34,0.08556880767183464,0
36,35,35,-0.06861075420093,0
36,35,36,0.1044792455554497,0
36,35,37,0.009650060016371073,0
36,35,38,-0.0980162705453035,0
36,35,39,-0.03553323161703317,0
36,35,40,0.08940169168970435,0
36,35,41,0.07344775322924152,0
36,35,42,0.2135737761964597,0
36,35,43,-0.1874492320743837,0
36,35,44,0.1023873886686617,0
36,35,45,-0.302163979045457,0
36,35,46,0.1439409465104205,0
36,35,47,-0.0236149796700061,0
36,35,48,0.05561329800059953,0
36,35,49,-0.05895007560721274,0
36,35,50,-0.1642850513592698,0
36,35,51,-0.006514422783065474,0
36,35,52,0.08092965969701621,0
36,35,53,0.1018212084946183,0
36,35,54,0.2758349224705574,0
36,35,55,-0.1995360035804521,0
36,35,56,-0.2942556853273934,0
36,35,57,0.2518427374523626,0
36,35,58,-0.3894623898901651,0
36,35,59,0.2346139172394646,0
36,35,60,0.3584824099373136,0
36,35,61,0.09911962879747556,0
36,35,62,0.2047073884486993,0
36,35,63,-0.124265417884618,0
36,35,64,-0.02378139216651972,0
36,35,65,-0.1050007371641447,0
36,35,66,0.1248676742983773,0
36,35,67,0.1552070231152028,0
36,35,68,-0.08405774372112598,0
36,35,69,-0.1655556260050943,0
36,35,70,-0.0794795770509088,0
36,35,71,-0.004458106650416654,0
36,35,72,0.09206028121875,0
36,35,73,-0.02850148078596939,0
36,35,74,-0.03220691130778881,0
36,35,75,0.04587273608856135,0
36,35,76,-0.07214280354401501,0
36,35,77,0.1980288056504973,0
36,35,78,-0.08365963474813769,0
36,35,79,0.1015147325467531,0
36,35,80,-0.1143119514570553,0
36,35,81,0.01344457477269254,0
36,35,82,0.01684754390545891,0
36,35,83,0.03970423643480615,0
36,35,84,0.02155298591805386,0
36,35,85,-0.2522942825250371,0
36,35,86,0.07703319748619199,0
36,35,87,0.6241660768991781,0
36,35,88,-0.1896361279564878,0
36,35,89,-0.7768911624849411,0
36,35,90,0.03854735709639864,0
36,35,91,-0.5316982228710215,0
36,35,92,0.2957587533626106,0
36,35,93,0.03990671876905029,0
36,35,94,-0.05986846471041688,0
36,35,95,-0.1321686244448356,0
36,35,96,-0.1666532043833746,0
36,35,97,0.1951226847670233,0
36,35,98,0.03582263565539893,0
36,35,99,0.001636964835305962,0
36,35,100,0.03848096897642189,0
36,35,101,0.0696877623229238,0
36,35,102,0.1018617526310773,0
36,35,103,-0.04637773586219431,0
36,35,104,-0.09758280904178125,0
36,35,105,-0.0217102526135046,0
36,35,106,-0.05058933808271355,0
36,35,107,0.04474991461520468,0
36,35,108,0.02971377117256376,0
36,35,109,-0.02123073886079283,0
36,35,110,0.006906775713495269,0
36,35,111,-0.05447613452442596,0
36,35,112,0.009680168735651242,0
36,35,113,0.01582613299917124,0
36,35,114,0.03862302775154503,0
36,35,115,-0.07105199501972521,0
36,35,116,-1,0
36,35,117,0.9867606683420962,0
36,35,118,-0.08793041336218667,0
36,35,119,0.5315965995537074,0
36,35,120,-0.1953853695528086,0
36,35,121,0.256010888653508,0
36,35,122,0.1365878202139437,0
36,35,123,0.04043230682054569,0
36,35,124,0.1364250832826935,0
36,35,125,-0.2868331015951305,0
36,35,126,-0.140782715304739,0
36,35,127,0.07620661853132295,0
36,35,128,-0.003709784880290551,0
36,35,129,0.09425297229414917,0
36,35,130,0.01344326181161408,0
36,35,131,-0.01046208548385753,0
36,35,132,-0.01295460701513298,0
36,35,133,-0.01319281416957947,0
36,35,134,0.05693055070394226,0
36,35,135,0.0008228476732558483,0
36,35,136,-0.0001885518229402659,0
36,35,137,0.0001780409898818086,0
36,35,138,0.0002859298400004352,0
36,35,139,-2.363788617436181e-05,0
36,35,140,-0.0005946862680527778,0
36,35,141,0.0004288028028292791,0
36,35,142,0.0002766390049684045,0
36,35,143,-0.0002782987362067154,0
36,35,144,-0.0003671774319021059,0
36,35,145,-0.0004681025355210845,0
36,35,146,0.0006812400477509813,0
36,35,147,5.292969017944151e-05,0
36,35,148,-0.0004060979069676341,0
36,35,149,-9.100982480361765e-05,0
36,35,150,0.0006200850808560349,0
36,35,151,-0.0004853780250216182,0
36,35,152,-0.0003727086805103331,0
36,35,153,0.002251667697823373,0
36,35,154,0.0004559737474947426,0
36,35,155,0.0003185553239856998,0
36,35,156,-0.0005444036479971934,0
36,35,157,-0.0003048244452721651,0
36,35,158,0.0002595088920370043,0
36,35,159,-1.191288817647535e-05,0
36,35,160,-0.0005098176167367869,0
36,35,161,0.0004567227954704131,0
36,35,162,-0.000652172246523638,0
36,35,163,-0.001742114738128981,0
36,35,164,-0.0007942480229542213,0
36,35,165,-0.0006105058542555308,0
36,35,166,4.820140040696347e-05,0
36,35,167,0.000191607631331384,0
36,35,168,-0.0001930860467452327,0
36,35,169,5.367072671446009e-05,0
36,35,170,0.0004210556074793794,0
37,36,0,-0.6458003782845171,0
37,36,1,0.4080178401291739,0
37,36,2,-0.007541255539550095,0
37,36,3,-0.1232158617137561,0
37,36,4,0.6846987296921121,0
37,36,5,-0.4087381211027117,0
37,36,6,-0.1183502271120865,0
37,36,7,0.03371885089968657,0
37,36,8,0.2334347444415099,0
37,36,9,0.1461543704148772,0
37,36,10,0.07759934279826131,0
37,36,11,-0.1160447769801435,0
37,36,12,-0.2121413822785697,0
37,36,13,-0.09467938486431846,0
37,36,14,0.1897405248822011,0
37,36,15,0.5272239987026963,0
37,36,16,-0.004461875538030216,0
37,36,17,-0.3671926432230277,0
37,36,18,-0.3083515757546523,0
37,36,19,-0.5313875063201859,0
37,36,20,0.4226349461607723,0
37,36,21,-0.3316704512834324,0
37,36,22,0.8082438084004364,0
37,36,23,-0.2808645082732668,0
37,36,24,0.2797050180885149,0
37,36,25,0.005775333458469594,0
37,36,26,0.05017784552971098,0
37,36,27,-0.3935288908303299,0
37,36,28,0.1671230612345797,0
37,36,29,0.1436055449377454,0
37,36,30,-0.07859736197884751,0
37,36,31,-0.05849309018721932,0
37,36,32,0.2028170248298387,0
37,36,33,-0.09834272332009783,0
37,36,34,0.1641209352449088,0
37,36,35,0.2740494242405201,0
37,36,36,-0.5779830398053611,0
37,36,37,0.3424393090978565,0
37,36,38,-0.02931654359169488,0
37,36,39,0.009422301584203516,0
37,36,40,-0.1894810186746987,0
37,36,41,0.0262199964688819,0
37,36,42,-0.1661965925215087,0
37,36,43,-0.01844817186729239,0
37,36,44,-0.1537436063856191,0
37,36,45,0.4128403904224378,0
37,36,46,0.02165314687991367,0
37,36,47,-0.2505960801909554,0
37,36,48,-0.18274190728474,0
37,36,49,0.2858947234563551,0
37,36,50,0.5455099202375893,0
37,36,51,0.4224687997464256,0
37,36,52,-0.6313146079880227,0
37,36,53,-0.113666193346899,0
37,36,54,-0.9738536897762767,0
37,36,55,0.7186629880427516,0
37,36,56,0.4368691655151072,0
37,36,57,-0.582072442321332,0
37,36,58,-0.1108261473656739,0
37,36,59,-0.004314203845025122,0
37,36,60,0.2412343339503322,0
37,36,61,0.09486170119641668,0
37,36,62,0.03320154337267057,0
37,36,63,-0.1594056529185637,0
37,36,64,0.0201147919967045,0
37,36,65,-0.1908744181522713,0
37,36,66,-0.1122578178345555,0
37,36,67,-0.300338045701277,0
37,36,68,0.4841470196446847,0
37,36,69,-0.1352407564743733,0
37,36,70,0.01127399001231126,0
37,36,71,0.1500182674215022,0
37,36,72,0.1784975642549225,0
37,36,73,0.1254888668521056,0
37,36,74,-0.1262622328372402,0
37,36,75,0.03358133541710463,0
37,36,76,0.2736088029142436,0
37,36,77,-0.4584146698345228,0
37,36,78,-0.2225952124554279,0
37,36,79,-0.2714204594082141,0
37,36,80,0.4231241772172866,0
37,36,81,0.1008146777702708,0
37,36,82,-0.1602571951049255,0
37,36,83,-0.3481300147302457,0
37,36,84,0.2742529170939238,0
37,36,85,1,0
37,36,86,-0.5283121196956855,0
37,36,87,0.37876201794592,0
37,36,88,-0.05608432306417351,0
37,36,89,-0.6101971586984297,0
37,36,90,-0.2203613992424247,0
37,36,91,-0.1796706515682466,0
37,36,92,0.26589250445727,0
37,36,93,-0.2072703190093216,0
37,36,94,0.351228623220633,0
37,36,95,-0.085044282424864,0
37,36,96,0.1046575527637862,0
37,36,97,0.1309999348130437,0
37,36,98,0.1057787331503368,0
37,36,99,0.3544704245640385,0
37,36,100,-0.5329350673957911,0
37,36,101,0.01371307542436221,0
37,36,102,-0.125442943421929,0
37,36,103,-0.1521210648771655,0
37,36,104,-0.1193333329650917,0
37,36,105,-0.3787153285660094,0
37,36,106,0.5561507580681081,0
37,36,107,0.06063291417600967,0
37,36,108,0.137310750982142,0
37,36,109,0.1058664070212269,0
37,36,110,0.09826181570197326,0
37,36,111,0.2535524165562456,0
37,36,112,-0.4753433960086768,0
37,36,113,-0.1405470079090446,0
37,36,114,0.2122882786183439,0
37,36,115,-0.066846628642362,0
37,36,116,-0.7359898276734516,0
37,36,117,0.7680353837695405,0
37,36,118,0.1327529091576908,0
37,36,119,0.2487699663738689,0
37,36,120,0.174488867819625,0
37,36,121,-0.1401405925773344,0
37,36,122,0.2034480246818628,0
37,36,123,-0.4172895517455368,0
37,36,124,-0.3308012695185601,0
37,36,125,0.1099262655757536,0
37,36,126,-0.2634570355246558,0
37,36,127,0.6263520614575956,0
37,36,128,0.4279046088053032,0
37,36,129,-0.1999658150972796,0
37,36,130,0.2037700653721683,0
37,36,131,-0.6505505923577629,0
37,36,132,-0.4327124275178509,0
37,36,133,0.3084116396033259,0
37,36,134,0.4553006532563562,0
37,36,135,-0.0001581327462011047,0
37,36,136,-0.0002883211402905388,0
37,36,137,-0.000255250263913871,0
37,36,138,0.0008526411347069308,0
37,36,139,-0.0005390126252842823,0
37,36,140,0.0004720828341610375,0
37,36,141,0.0002864195969391396,0
37,36,142,-0.0009157053932771555,0
37,36,143,-0.0002347050636011511,0
37,36,144,-0.002013192527184216,0
37,36,145,-0.0003113450874383225,0
37,36,146,0.0006329677479831457,0
37,36,147,0.0001031211616373351,0
37,36,148,-0.001388983609211768,0
37,36,149,0.0009102512885422001,0
37,36,150,-0.0003191295180306364,0
37,36,151,-0.0003790343365959407,0
37,36,152,0.001136514862814729,0
37,36,153,0.001527587718466388,0
37,36,154,0.0003920523377333108,0
37,36,155,-0.0005563584278504768,0
37,36,156,-0.001396088530290579,0
37,36,157,4.220791734906314e-05,0
37,36,158,0.001491033300956705,0
37,36,159,-0.001099758448870546,0
37,36,160,0.0004112901880132387,0
37,36,161,0.0006203365372718736,0
37,36,162,-6.526312873745506e-05,0
37,36,163,-0.001036095240677536,0
37,36,164,-0.001089448700584202,0
37,36,165,1.849568255085322e-05,0
37,36,166,0.00161605272798499,0
37,36,167,-0.0001578207695735076,0
37,36,168,-0.001431203770257073,0
37,36,169,0.001045906941502429,0
37,36,170,0.0002171167304191198,0
38,38,0,-0.3367823100597254,0
38,38,1,0.3923835774505958,0
38,38,2,-0.3258174108327357,0
38,38,3,-0.3040230621463337,0
38,38,4,0.4375252335904673,0
38,38,5,-0.03438964299731241,0
38,38,6,0.2166459720362645,0
38,38,7,0.1400988373455598,0
38,38,8,-0.1260663921588987,0
38,38,9,-0.4024613236230818,0
38,38,10,-0.1084367670164186,0
38,38,11,0.3521736280412531,0
38,38,12,0.4866314037244523,0
38,38,13,0.3041129128470007,0
38,38,14,-0.4533358015452948,0
38,38,15,0.1109182263739013,0
38,38,16,-0.8818808739231039,0
38,38,17,0.3199760654109129,0
38,38,18,-0.7462858957895814,0
38,38,19,0.6452627510912967,0
38,38,20,-0.01335186780886724,0
38,38,21,0.5204579684057113,0
38,38,22,0.4901267314138134,0
38,38,23,-0.3053291664164296,0
38,38,24,0.06697079591260574,0
38,38,25,-0.9610158363101021,0
38,38,26,0.4509244264063875,0
38,38,27,0.2696507844481302,0
38,38,28,-0.3888826615862085,0
38,38,29,-0.2302539791997824,0
38,38,30,0.2782541565608431,0
38,38,31,0.06092438764862896,0
38,38,32,0.424448253958601,0
38,38,33,-0.1360260098129958,0
38,38,34,0.05246640335297423,0
38,38,35,-0.05398933618897801,0
38,38,36,-0.3734199259768892,0
38,38,37,0.4121601908189606,0
38,38,38,0.1700452515135103,0
38,38,39,-0.1852698835034418,0
38,38,40,-0.3225562431144793,0
38,38,41,0.02000283633669355,0
38,38,42,0.2415719235169311,0
38,38,43,-0.06010837325206608,0
38,38,44,-0.5860807815410807,0
38,38,45,-0.1563210220844984,0
38,38,46,0.5425643881935361,0
38,38,47,0.6109002687484909,0
38,38,48,0.6568130671077973,0
38,38,49,-0.8220235548172545,0
38,38,50,0.02673512692814375,0
38,38,51,-0.9455419033056518,0
38,38,52,0.6960891650292329,0
38,38,53,-0.3367249339813226,0
38,38,54,0.1257824984161977,0
38,38,55,-0.2154601422252146,0
38,38,56,0.865599534702473,0
38,38,57,-0.2537056029447672,0
38,38,58,0.1627545745797475,0
38,38,59,-0.2091209849672774,0
38,38,60,0.131882810848733,0
38,38,61,0.1510007654354427,0
38,38,62,-0.1823709497786947,0
38,38,63,-0.06084660090569077,0
38,38,64,-0.05184820513935127,0
38,38,65,-0.2568496585775552,0
38,38,66,-0.08064686573889486,0
38,38,67,-0.1492252331380444,0
38,38,68,0.6413913833178932,0
38,38,69,-0.2408733391169655,0
38,38,70,-0.1616993984014849,0
38,38,71,-0.0321425495070826,0
38,38,72,0.5192931410003836,0
38,38,73,0.4859284884100076,0
38,38,74,-0.4010236380987757,0
38,38,75,-0.4730523220645212,0
38,38,76,-0.118050993694482,0
38,38,77,0.2644692819454226,0
38,38,78,0.0643418618032926,0
38,38,79,-0.3881419099991175,0
38,38,80,-0.4795425767477902,0
38,38,81,0.5016492360220184,0
38,38,82,0.2799186664406591,0
38,38,83,1,0
38,38,84,-0.8909878091491363,0
38,38,85,-0.7688482337317839,0
38,38,86,0.7997250640424198,0
38,38,87,0.1141645060199859,0
38,38,88,-0.02918231454799129,0
38,38,89,-0.2085980977952668,0
38,38,90,-0.3042535804906444,0
38,38,91,0.1067604813468507,0
38,38,92,0.09557340828868283,0
38,38,93,-0.1932268631660569,0
38,38,94,0.4149574936332003,0
38,38,95,-0.1135302529811039,0
38,38,96,0.1302892471420963,0
38,38,97,0.1732240527219105,0
38,38,98,0.1668197192387057,0
38,38,99,0.390670656821531,0
38,38,100,-0.8803048767819074,0
38,38,101,-0.0639706287015611,0
38,38,102,-0.4315009044435866,0
38,38,103,0.5561313852851979,0
38,38,104,-0.1768966495514285,0
38,38,105,-0.1303393101077384,0
38,38,106,0.213933778507608,0
38,38,107,0.3700925434149689,0
38,38,108,0.3840353579864677,0
38,38,109,-0.3844370201385791,0
38,38,110,-0.3650822408430175,0
38,38,111,-0.1357364951375054,0
38,38,112,0.4230937016580984,0
38,38,113,0.08183994666786598,0
38,38,114,-0.8520361903342292,0
38,38,115,0.3927764249835581,0
38,38,116,-0.2462116262040172,0
38,38,117,0.276342671574235,0
38,38,118,0.1219393686384824,0
38,38,119,0.0259877068754364,0
38,38,120,0.2447119850374062,0
38,38,121,-0.1842513085086296,0
38,38,122,0.1935216181245412,0
38,38,123,-0.5698173908429585,0
38,38,124,-0.5126849409066531,0
38,38,125,0.3686294992909884,0
38,38,126,0.03106633712279395,0
38,38,127,0.6265258136192915,0
38,38,128,0.5766368359541847,0
38,38,129,-0.926810117472605,0
38,38,130,-0.4919068375427578,0
38,38,131,0.2282327854767426,0
38,38,132,0.1403736645112265,0
38,38,133,0.3056861508804991,0
38,38,134,-0.471423899015001,0
38,38,135,-0.0004778387889772558,0
38,38,136,-0.0009215974877194595,0
38,38,137,0.00108745972513154,0
38,38,138,0.0001165437550279846,0
38,38,139,-2.982449680417124e-05,0
38,38,140,0.001074070539354173,0
38,38,141,-0.001535948819428717,0
38,38,142,-0.0005444635508623189,0
38,38,143,0.002211992813581321,0
38,38,144,-0.001591672836748242,0
38,38,145,-0.0002207863958339837,0
38,38,146,0.001598856597242325,0
38,38,147,-0.0009671999983226184,0
38,38,148,-0.0001196441375444477,0
38,38,149,0.0001791553610627764,0
38,38,150,-0.001427487956677181,0
38,38,151,0.001802857263357729,0
38,38,152,-6.851364439546544e-05,0
38,38,153,0.0001863902580967127,0
38,38,154,0.0005153751280079223,0
38,38,155,-0.001333901333544078,0
38,38,156,-0.001617346336855914,0
38,38,157,0.001468095923778382,0
38,38,158,-0.0003322672197939612,0
38,38,159,-0.0003590664235052441,0
38,38,160,0.0005121915010922045,0
38,38,161,-0.0023124069784165,0
38,38,162,0.0005058965450928253,0
38,38,163,-5.849235367085216e-05,0
38,38,164,-0.001425553208392994,0
38,38,165,0.001035580624450778,0
38,38,166,0.00158076520087107,0
38,38,167,-0.001545570747658904,0
38,38,168,0.0001086993131546949,0
38,38,169,-0.0004372532701411127,0
38,38,170,-0.0005950772914268466,0
39,39,0,0.2269757867576995,0
39,39,1,-0.04703059375119973,0
39,39,2,-0.1599603399866349,0
39,39,3,-0.8322278639158063,0
39,39,4,0.1883220455403052,0
39,39,5,0.4276178855664274,0
39,39,6,-0.1416770194671744,0
39,39,7,1,0
39,39,8,-0.6374958311988378,0
39,39,9,0.260757042417307,0
39,39,10,-0.3186708609134364,0
39,39,11,0.2380553093328545,0
39,39,12,-0.04849618902721609,0
39,39,13,-0.2121340984595206,0
39,39,14,0.01233485334993815,0
39,39,15,-0.01790343485558083,0
39,39,16,0.1660932944875515,0
39,39,17,-0.1217425030683385,0
39,39,18,-0.05807385694185981,0
39,39,19,-0.0004340169534330805,0
39,39,20,0.09037817750600442,0
39,39,21,0.02286591366314647,0
39,39,22,0.07196777780159844,0
39,39,23,-0.03406961424305171,0
39,39,24,0.02279246355333748,0
39,39,25,-0.07220979536414295,0
39,39,26,0.02925338069397967,0
39,39,27,-0.005876785864730681,0
39,39,28,-0.02083963858546691,0
39,39,29,-0.1907122020310281,0
39,39,30,0.271193162186504,0
39,39,31,-0.1079978969616609,0
39,39,32,0.4377728574752499,0
39,39,33,-0.3493776775122059,0
39,39,34,-0.1684365416080365,0
39,39,35,0.1915311688540704,0
39,39,36,-0.1046260065857861,0
39,39,37,0.04095771619286721,0
39,39,38,-0.07575792098697745,0
39,39,39,-0.7024161111535043,0
39,39,40,0.4582183556218356,0
39,39,41,-0.07115413795327052,0
39,39,42,0.5312151087464142,0
39,39,43,-0.4678068559768883,0
39,39,44,-0.02868520853315433,0
39,39,45,-0.02557527913481177,0
39,39,46,0.238752752002646,0
39,39,47,0.08516403980682875,0
39,39,48,-0.1054760994471655,0
39,39,49,-0.009019151884551622,0
39,39,50,0.02860468149380932,0
39,39,51,-0.03006453997554525,0
39,39,52,-0.0693378931269924,0
39,39,53,-0.0421501688840338,0
39,39,54,-0.04479684073632828,0
39,39,55,0.02893117294340307,0
39,39,56,0.1024488126091031,0
39,39,57,-0.04658838716121966,0
39,39,58,-0.02093170207026736,0
39,39,59,0.07614324889933531,0
39,39,60,-0.03699392313731877,0
39,39,61,-0.1860661837964821,0
39,39,62,0.1275182587179154,0
39,39,63,0.214473374889941,0
39,39,64,-0.3048765074797128,0
39,39,65,0.3012993362809512,0
39,39,66,0.09378837957987425,0
39,39,67,0.1224548235514579,0
39,39,68,0.04255716164749797,0
39,39,69,-0.3145963151938758,0
39,39,70,-0.1105143064556684,0
39,39,71,0.3573252432233431,0
39,39,72,0.0009946477316236796,0
39,39,73,0.1608350584869076,0
39,39,74,-0.455818574023806,0
39,39,75,0.2488520019081335,0
39,39,76,-0.007578911660441803,0
39,39,77,0.08942858544842103,0
39,39,78,-0.2680069278537061,0
39,39,79,-0.1453797372282013,0
39,39,80,0.08672384070538249,0
39,39,81,0.1227777707497852,0
39,39,82,0.04288017952013531,0
39,39,83,0.09729562570349959,0
39,39,84,-0.007365010052903478,0
39,39,85,-0.04897078649173205,0
39,39,86,0.05610300636089849,0
39,39,87,-0.09677513622653147,0
39,39,88,-0.1853200821768327,0
39,39,89,0.5038996519122704,0
39,39,90,0.3701998339875049,0
39,39,91,-0.106854689667384,0
39,39,92,-0.3159389723619929,0
39,39,93,0.2404669886384592,0
39,39,94,-0.4964717960964076,0
39,39,95,0.02452124971639055,0
39,39,96,-0.08733075907156071,0
39,39,97,0.04925437519679683,0
39,39,98,0.0186956633724456,0
39,39,99,0.02972710647796887,0
39,39,100,-0.08303547233796732,0
39,39,101,0.1769514573171566,0
39,39,102,0.09989360307452401,0
39,39,103,-0.199088202190169,0
39,39,104,-0.1554967020278597,0
39,39,105,-0.2885590714076207,0
39,39,106,0.3817713975454002,0
39,39,107,0.02157111979725264,0
39,39,108,0.2041479133847414,0
39,39,109,-0.07723174135599639,0
39,39,110,0.06932880206020652,0
39,39,111,0.05829587067488691,0
39,39,112,-0.2102220061635626,0
39,39,113,-0.03255055164825453,0
39,39,114,-0.04156157518433275,0
39,39,115,-0.08476797516649552,0
39,39,116,0.4842654268053641,0
39,39,117,-0.6006453457913263,0
39,39,118,-0.4381679382429922,0
39,39,119,0.1388773947494117,0
39,39,120,-0.3161228346384624,0
39,39,121,0.4902330552070995,0
39,39,122,-0.00354782794516862,0
39,39,123,0.3352541993308267,0
39,39,124,0.135405318688371,0
39,39,125,-0.2776035253838069,0
39,39,126,-0.2401491581409606,0
39,39,127,0.2407878711646669,0
39,39,128,0.1796886597643817,0
39,39,129,0.03716459409026752,0
39,39,130,0.1304619295410366,0
39,39,131,-0.3719801113622075,0
39,39,132,-0.2798086941225786,0
39,39,133,0.1824937175930027,0
39,39,134,0.3513820461086178,0
39,39,135,0.001768188106948792,0
39,39,136,0.0007641840057656636,0
39,39,137,-0.000520691155419458,0
39,39,138,0.0008322747625036712,0
39,39,139,0.001224896026515787,0
39,39,140,-0.0007029456124710508,0
39,39,141,-2.882835354780993e-05,0
39,39,142,0.0001976651281432216,0
39,39,143,0.0001161180289385358,0
39,39,144,-0.0001003105338763454,0
39,39,145,-0.001976188151822661,0
39,39,146,0.0006952002118170977,0
39,39,147,0.001525775042881244,0
39,39,148,-0.0006310204524082118,0
39,39,149,-0.0003777005955600186,0
39,39,150,0.0008219242933962095,0
39,39,151,-8.537145879334498e-05,0
39,39,152,-0.000210589905587829,0
39,39,153,-0.001398708344532086,0
39,39,154,0.0009616325127994274,0
39,39,155,0.001649218011583974,0
39,39,156,-0.0004493217297514563,0
39,39,157,-0.0007589750905659919,0
39,39,158,0.001100165905456721,0
39,39,159,1.96424765377261e-05,0
39,39,160,-0.0007914949358644351,0
39,39,161,0.0003518432733490265,0
39,39,162,4.932553638943499e-05,0
39,39,163,0.0007189884480850894,0
39,39,164,-0.0007661916832534335,0
39,39,165,-0.0009668992714205273,0
39,39,166,0.000429430917624563,0
39,39,167,0.0004344344853360174,0
39,39,168,-0.00100910633731002,0
39,39,169,0.0002625134158864025,0
39,39,170,0.001061435728178071,0
40,37,0,-0.8091252401297694,0
40,37,1,0.5391309351323873,0
40,37,2,0.03334015203476135,0
40,37,3,-0.3461947019408528,0
40,37,4,1,0
40,37,5,-0.3413299113704794,0
40,37,6,-0.1431046830692432,0
40,37,7,0.2303101826507764,0
40,37,8,0.2022053201746507,0
40,37,9,0.3259269073471325,0
40,37,10,-0.07050278016511281,0
40,37,11,-0.1164487207642948,0
40,37,12,0.2281021268511574,0
40,37,13,-0.6018549652107972,0
40,37,14,-0.005017273206772509,0
40,37,15,-0.6452381515921143,0
40,37,16,0.3219648584043762,0
40,37,17,0.1198721467754969,0
40,37,18,0.263250448127158,0
40,37,19,0.6454181924061267,0
40,37,20,-0.2457906370414696,0
40,37,21,0.2412520300470896,0
40,37,22,-0.795022087547725,0
40,37,23,0.2862416920657435,0
40,37,24,-0.2238147977363095,0
40,37,25,0.1049668865731192,0
40,37,26,-0.1444718385442962,0
40,37,27,0.2918579804323742,0
40,37,28,-0.04800163463738977,0
40,37,29,0.1812524105245976,0
40,37,30,-0.2976764593602785,0
40,37,31,0.222569032900702,0
40,37,32,0.5643525854041658,0
40,37,33,-0.2877618266087984,0
40,37,34,-0.07821464922125768,0
40,37,35,0.3130980694845482,0
40,37,36,-0.9922877955843877,0
40,37,37,0.4751122858885795,0
40,37,38,-0.0324278628212326,0
40,37,39,0.09664515629279301,0
40,37,40,-0.3270882057379549,0
40,37,41,-0.5129955819474185,0
40,37,42,0.2614010597472128,0
40,37,43,0.3276951762586954,0
40,37,44,0.3407577387935743,0
40,37,45,0.3357553210264527,0
40,37,46,-0.2982063483750988,0
40,37,47,0.3003652877520784,0
40,37,48,-0.5915584015796758,0
40,37,49,0.1761853935474852,0
40,37,50,-0.4343676129049734,0
40,37,51,-0.2149514477360705,0
40,37,52,0.1091355625926658,0
40,37,53,0.1069302750248587,0
40,37,54,0.850409072500386,0
40,37,55,-0.4496372900989059,0
40,37,56,-0.5460068052816134,0
40,37,57,0.514546498308884,0
40,37,58,0.1465366859232391,0
40,37,59,-0.2438212222774923,0
40,37,60,0.03283341577827866,0
40,37,61,-0.3577934673581952,0
40,37,62,0.2429988534521608,0
40,37,63,-0.02449950399363767,0
40,37,64,-0.1528604104260327,0
40,37,65,0.2166051411377647,0
40,37,66,-0.2331944101414872,0
40,37,67,-0.2869575427935273,0
40,37,68,0.8274397940007174,0
40,37,69,-0.0501522315339443,0
40,37,70,0.3797735893284035,0
40,37,71,-0.5239797783348913,0
40,37,72,0.1343991246722925,0
40,37,73,0.1982137572006584,0
40,37,74,-0.1114022302249234,0
40,37,75,-0.2384276577052193,0
40,37,76,-0.5233681947814901,0
40,37,77,-0.1561021287510469,0
40,37,78,0.3839408737504936,0
40,37,79,0.1593457726869475,0
40,37,80,0.7234994684404354,0
40,37,81,-0.5090665870975913,0
40,37,82,0.1237233692359207,0
40,37,83,-0.2633511201136575,0
40,37,84,0.4330640936668439,0
40,37,85,-0.5870439171207491,0
40,37,86,0.008871923673432985,0
40,37,87,-0.05447002944556997,0
40,37,88,0.008426639755023009,0
40,37,89,0.02448296009819349,0
40,37,90,-0.02840863749572347,0
40,37,91,0.09730116875316268,0
40,37,92,-0.05494502051246454,0
40,37,93,0.1071245667167649,0
40,37,94,0.02161602335587363,0
40,37,95,0.06770288496996943,0
40,37,96,0.2737944534871172,0
40,37,97,-0.4554471169454473,0
40,37,98,0.1290646248649278,0
40,37,99,0.00526671544155748,0
40,37,100,-0.3239803832560059,0
40,37,101,-0.1025462147742309,0
40,37,102,-0.4460200137874044,0
40,37,103,0.6208395271743554,0
40,37,104,0.07184244724641736,0
40,37,105,0.2252966102468073,0
40,37,106,-0.1099613506279331,0
40,37,107,-0.02989783241238779,0
40,37,108,0.2331846759468451,0
40,37,109,0.07559328407044369,0
40,37,110,-0.08468392586443994,0
40,37,111,-0.1306067413933057,0
40,37,112,-0.7691035857151344,0
40,37,113,0.3423761656569554,0
40,37,114,0.7232694373846311,0
40,37,115,-0.6558805526020214,0
40,37,116,0.02833936262644677,0
40,37,117,-0.03372131088023034,0
40,37,118,0.01512647547405339,0
40,37,119,-0.0009972524136804908,0
40,37,120,0.1013928769492673,0
40,37,121,-0.114156586491105,0
40,37,122,-0.1944833823152642,0
40,37,123,-0.005045342188699781,0
40,37,124,-0.2649091296274602,0
40,37,125,0.5870493908126591,0
40,37,126,0.3590976489916226,0
40,37,127,-0.1775634962791701,0
40,37,128,0.08911103728673006,0
40,37,129,-0.4541962365101058,0
40,37,130,-0.2097856783978545,0
40,37,131,0.2293783816401651,0
40,37,132,-0.1435046656757342,0
40,37,133,0.04675785536200892,0
40,37,134,0.7282804209132263,0
40,37,135,-0.000635112669037496,0
40,37,136,2.584391899228032e-05,0
40,37,137,2.451818076894094e-05,0
40,37,138,0.001322320200918217,0
40,37,139,0.0007782801200546011,0
40,37,140,-0.001635812306111549,0
40,37,141,-0.0006585490636062345,0
40,37,142,0.001990895213789722,0
40,37,143,-0.0005874759723779777,0
40,37,144,-0.002345513764591223,0
40,37,145,-0.000579632754045206,0
40,37,146,0.0002942432862430677,0
40,37,147,-6.292720035877876e-05,0
40,37,148,-0.001132333274537125,0
40,37,149,-0.0006291457803215312,0
40,37,150,0.001675349220137999,0
40,37,151,-0.0002339384969843164,0
40,37,152,-0.002037889294243499,0
40,37,153,0.0001286912219554996,0
40,37,154,0.0009650418891234286,0
40,37,155,-0.001135829488486635,0
40,37,156,-0.0006652089091726458,0
40,37,157,0.0006315294679709252,0
40,37,158,0.0006226077450490744,0
40,37,159,-0.0003399849409122733,0
40,37,160,-0.001622139179735977,0
40,37,161,0.001775121983240883,0
40,37,162,9.628489409737695e-05,0
40,37,163,-0.0004611802957612614,0
40,37,164,-0.0004874710060285332,0
40,37,165,0.001230117518365649,0
40,37,166,0.0002085823316763372,0
40,37,167,-0.0009659561276944823,0
40,37,168,-0.0007257878096121891,0
40,37,169,0.0013612387833628,0
40,37,170,0.002193703513790132,0
41,40,0,0.7572898374876503,0
41,40,1,-0.2756080713004181,0
41,40,2,-0.4677371487243881,0
41,40,3,0.04828799590027265,0
41,40,4,-0.8861807245372315,0
41,40,5,0.449359416921469,0
41,40,6,-0.4033665295907748,0
41,40,7,0.3920300537474549,0
41,40,8,-0.2330133552859197,0
41,40,9,0.06579122568674463,0
41,40,10,0.4470655334774533,0
41,40,11,-0.03122837150890242,0
41,40,12,0.2674362363374498,0
41,40,13,-0.4804703000119926,0
41,40,14,0.08776427985292691,0
41,40,15,-0.1972099170679608,0
41,40,16,-0.06564164728600484,0
41,40,17,-0.02797971074910675,0
41,40,18,-0.06755236572207085,0
41,40,19,0.3793338625968593,0
41,40,20,-0.05771257835928467,0
41,40,21,0.1345032024265133,0
41,40,22,-0.1507040522096321,0
41,40,23,0.07697675150365348,0
41,40,24,-0.0444444017327909,0
41,40,25,-0.108999176874854,0
41,40,26,-0.001254422632067115,0
41,40,27,0.118551663894148,0
41,40,28,-0.05854891107448726,0
41,40,29,-0.5337756253873787,0
41,40,30,0.7647282290720897,0
41,40,31,-0.06729924525937889,0
41,40,32,-0.3253693829974669,0
41,40,33,0.2297623839027693,0
41,40,34,0.2232480350471785,0
41,40,35,0.08433093908507833,0
41,40,36,0.6011144304789353,0
41,40,37,-0.4536989603968224,0
41,40,38,0.2296108002215074,0
41,40,39,-0.6623557819263746,0
41,40,40,0.3283329244223076,0
41,40,41,-0.2288565299282449,0
41,40,42,0.03795854275279473,0
41,40,43,-0.1000910946397224,0
41,40,44,-0.07139779115634798,0
41,40,45,0.4268412480002288,0
41,40,46,-0.06953424579160067,0
41,40,47,0.2233194388748116,0
41,40,48,-0.2014134619690657,0
41,40,49,0.09120667381430995,0
41,40,50,-0.0807234132732742,0
41,40,51,-0.263790955989511,0
41,40,52,0.02498784730860647,0
41,40,53,-0.02873687261583386,0
41,40,54,0.283830806924556,0
41,40,55,-0.1687346155873007,0
41,40,56,-0.05071392863774363,0
41,40,57,0.1354074451188606,0
41,40,58,0.2806486169284196,0
41,40,59,0.09372990979239759,0
41,40,60,-0.4234856670154179,0
41,40,61,0.6050349183677818,0
41,40,62,-0.8935101879203843,0
41,40,63,0.03511161131912514,0
41,40,64,-0.1808077010001492,0
41,40,65,-0.1205971075664299,0
41,40,66,0.12520261080838,0
41,40,67,-0.06622861205079612,0
41,40,68,-0.1054090293088677,0
41,40,69,0.06939403904077385,0
41,40,70,-0.086267185217607,0
41,40,71,0.4526677770149996,0
41,40,72,-0.1718006362956136,0
41,40,73,0.2491075914490414,0
41,40,74,-0.2569641650551512,0
41,40,75,0.1240930451715492,0
41,40,76,-0.09718890749880736,0
41,40,77,-0.277728312681668,0
41,40,78,0.02254979562770733,0
41,40,79,-0.1207279674783005,0
41,40,80,0.37075183235148,0
41,40,81,-0.1571029158447708,0
41,40,82,0.07245594645419122,0
41,40,83,0.0913941954668171,0
41,40,84,0.1441487563939611,0
41,40,85,-0.3151268214465143,0
41,40,86,0.0940930023374931,0
41,40,87,-0.2376807767510744,0
41,40,88,0.8600375055340518,0
41,40,89,-0.6948697287022398,0
41,40,90,-0.5554174346580314,0
41,40,91,0.1460386467311449,0
41,40,92,0.6840965842906308,0
41,40,93,-0.1292360957031479,0
41,40,94,0.728034138156472,0
41,40,95,-0.3885743432738167,0
41,40,96,0.1424966431729071,0
41,40,97,-0.1412574005324358,0
41,40,98,0.04761133460418517,0
41,40,99,0.05888205459339634,0
41,40,100,-0.05163020367416103,0
41,40,101,-0.00956486599141078,0
41,40,102,-0.02129543772140177,0
41,40,103,-0.2182398300594537,0
41,40,104,0.05408560368106007,0
41,40,105,-0.1975947429235481,0
41,40,106,0.310186106368497,0
41,40,107,-0.08809794622675671,0
41,40,108,0.1882919458307563,0
41,40,109,0.1379259869814543,0
41,40,110,0.03148275986129955,0
41,40,111,0.05254985156394518,0
41,40,112,-0.5293675600082229,0
41,40,113,0.1304430541998001,0
41,40,114,0.1787937969827418,0
41,40,115,-0.330060701146521,0
41,40,116,-0.3642755004539673,0
41,40,117,0.7008577849114266,0
41,40,118,1,0
41,40,119,-0.8971148356427551,0
41,40,120,-0.002490406463606704,0
41,40,121,-0.5109437058963611,0
41,40,122,0.05299473120927396,0
41,40,123,-0.1473027133624847,0
41,40,124,-0.1321154665012725,0
41,40,125,0.1050986823185973,0
41,40,126,-0.02977699095884193,0
41,40,127,0.1323324498205717,0
41,40,128,0.09424897853912621,0
41,40,129,0.001271838443512023,0
41,40,130,0.1329789082188774,0
41,40,131,-0.2995057925501216,0
41,40,132,-0.2957714722070963,0
41,40,133,0.06108371035153635,0
41,40,134,0.6857881895067509,0
41,40,135,0.0007715274462149007,0
41,40,136,-0.0001490921290804669,0
41,40,137,-0.00147905596219622,0
41,40,138,-0.0009825343121478167,0
41,40,139,0.001873365693707646,0
41,40,140,-0.0003792179021615875,0
41,40,141,-0.0009952191777335608,0
41,40,142,0.0008504331846965073,0
41,40,143,0.0001873088466427658,0
41,40,144,0.002707601913103521,0
41,40,145,-1.597514820883824e-05,0
41,40,146,-6.191251691094989e-05,0
41,40,147,0.001208303637761385,0
41,40,148,0.0003385844504834626,0
41,40,149,-0.001306501468729145,0
41,40,150,0.001044903813759389,0
41,40,151,0.0004611323882010196,0
41,40,152,-0.001115153526851466,0
41,40,153,0.0007342374699774638,0
41,40,154,-0.00267219399752032,0
41,40,155,8.208124993763817e-05,0
41,40,156,0.0001187552397791014,0
41,40,157,-0.0006058208132424302,0
41,40,158,0.0008328099919619878,0
41,40,159,0.0007052379441706977,0
41,40,160,-0.001511325499477246,0
41,40,161,0.0006012581978835463,0
41,40,162,-0.0001409608252517019,0
41,40,163,-0.0005514758907665953,0
41,40,164,0.001418511853684138,0
41,40,165,0.0001713816793991099,0
41,40,166,0.0006768810051176697,0
41,40,167,0.0005320696594534936,0
41,40,168,-0.001167848410963987,0
41,40,169,0.0002368052769737719,0
41,40,170,0.00218926704444815,0
42,41,0,0.2382952098498096,0
42,41,1,-0.4134956873643275,0
42,41,2,0.3341370000146097,0
42,41,3,0.4234580558055226,0
42,41,4,-0.4207125820792623,0
42,41,5,-0.1574249429941211,0
42,41,6,-0.104853107542368,0
42,41,7,-0.3621795370089901,0
42,41,8,0.1434022019678047,0
42,41,9,-0.2227418564104733,0
42,41,10,0.5080420908366615,0
42,41,11,-0.05431707639027009,0
42,41,12,0.2914122033107257,0
42,41,13,-0.09069142701305696,0
42,41,14,0.01134470980696203,0
42,41,15,-0.04359655410395005,0
42,41,16,-0.3980021660260446,0
42,41,17,0.0441190264000121,0
42,41,18,-0.1770930514918289,0
42,41,19,0.3836628059156076,0
42,41,20,-0.07850940155785761,0
42,41,21,0.1319231395255369,0
42,41,22,0.0116558196602321,0
42,41,23,0.05220352779183982,0
42,41,24,-0.009633150807198681,0
42,41,25,-0.2083845521665345,0
42,41,26,0.03732160245583226,0
42,41,27,0.1161399828582012,0
42,41,28,-0.08417443246952784,0
42,41,29,0.1552395683404091,0
42,41,30,-0.3389581796218708,0
42,41,31,-0.01200312467938252,0
42,41,32,-0.5015702288732899,0
42,41,33,0.424529235796219,0
42,41,34,-0.03882484837757381,0
42,41,35,-0.126988909127658,0
42,41,36,0.4412162388298057,0
42,41,37,-0.0737760124642495,0
42,41,38,0.2992771113922323,0
42,41,39,-0.04817984304510151,0
42,41,40,-0.07796807596219575,0
42,41,41,-0.08341988178766953,0
42,41,42,-0.4163860493099841,0
42,41,43,0.1101480889132057,0
42,41,44,-0.2040124406045114,0
42,41,45,0.4356162217806389,0
42,41,46,-0.1041199085799534,0
42,41,47,0.2069585222360773,0
42,41,48,0.0457070319382603,0
42,41,49,0.03562825207452965,0
42,41,50,-0.004261755525023026,0
42,41,51,-0.4101174912841675,0
42,41,52,0.08421941102973131,0
42,41,53,-0.06456234829855757,0
42,41,54,0.2376076769696746,0
42,41,55,-0.1798637149706777,0
42,41,56,0.0590247611752826,0
42,41,57,0.1007947988183921,0
42,41,58,-0.2810835308789514,0
42,41,59,-0.1765790699724578,0
42,41,60,0.6253408140304824,0
42,41,61,0.1579009884425506,0
42,41,62,0.3461234843931982,0
42,41,63,-0.308615520689865,0
42,41,64,0.3814266985634779,0
42,41,65,-0.5099050306375509,0
42,41,66,0.1737334999312952,0
42,41,67,-0.1849150437570392,0
42,41,68,-0.2716396041538363,0
42,41,69,0.0931094768024613,0
42,41,70,-0.1575944463417231,0
42,41,71,0.4007172594622371,0
42,41,72,-0.07176340075819172,0
42,41,73,0.2300496895698259,0
42,41,74,0.02595863184773948,0
42,41,75,-0.004949401828291664,0
42,41,76,0.002145367504429335,0
42,41,77,-0.4472862241599592,0
42,41,78,0.09932546166839235,0
42,41,79,-0.1709924436955905,0
42,41,80,0.2843302712503664,0
42,41,81,-0.1512876029152748,0
42,41,82,0.06478315906569601,0
42,41,83,0.2538047086819548,0
42,41,84,0.08442923962299191,0
42,41,85,-0.3842494823784373,0
42,41,86,0.1592989379167716,0
42,41,87,0.4110745554188315,0
42,41,88,-1,0
42,41,89,0.3991105528847456,0
42,41,90,0.0357304409296544,0
42,41,91,0.1879321111638926,0
42,41,92,-0.5122157705026477,0
42,41,93,-0.2384304354552272,0
42,41,94,-0.2187833558169152,0
42,41,95,0.3511087396452215,0
42,41,96,-0.06374176596569948,0
42,41,97,0.6062309844856866,0
42,41,98,-0.2579272167268941,0
42,41,99,0.2047840734586239,0
42,41,100,-0.2276673256174951,0
42,41,101,0.096543329942059,0
42,41,102,0.004237315355321879,0
42,41,103,-0.2451004354326598,0
42,41,104,-0.0005393679140912556,0
42,41,105,-0.2387971682672191,0
42,41,106,0.2050990938575087,0
42,41,107,-0.02221166763965228,0
42,41,108,0.163259040174641,0
42,41,109,0.31277528875622,0
42,41,110,-0.03613346807386246,0
42,41,111,0.08094186730371512,0
42,41,112,-0.5774835202133634,0
42,41,113,0.1721553495322474,0
42,41,114,0.09852854819080163,0
42,41,115,-0.3343105509640967,0
42,41,116,-0.006386974131555469,0
42,41,117,-0.2581337764313671,0
42,41,118,-0.690670535466602,0
42,41,119,0.892966796500533,0
42,41,120,0.4329782263752871,0
42,41,121,-0.03242748171807122,0
42,41,122,0.03524777105475942,0
42,41,123,-0.3184895255262,0
42,41,124,-0.02037687022397063,0
42,41,125,-0.1192274843999877,0
42,41,126,-0.1867960338378431,0
42,41,127,0.2863067417870109,0
42,41,128,0.1479350285639842,0
42,41,129,0.06262140747363042,0
42,41,130,0.1504522284916187,0
42,41,131,-0.3551302671385741,0
42,41,132,-0.2956688223288625,0
42,41,133,0.0002545298018754079,0
42,41,134,0.7761605514196579,0
42,41,135,-5.166868742072683e-05,0
42,41,136,0.0009260420207752759,0
42,41,137,-0.0007407121792208418,0
42,41,138,-0.001354450402988637,0
42,41,139,0.0009574020576226344,0
42,41,140,0.000574279964625839,0
42,41,141,-0.001347080489345972,0
42,41,142,0.000491648143630628,0
42,41,143,0.0005527000011490222,0
42,41,144,-0.0001556575530182824,0
42,41,145,0.001131335032415303,0
42,41,146,-0.001009246153967568,0
42,41,147,0.0008049091562088918,0
42,41,148,0.0006578772762015377,0
42,41,149,-0.00140273316771614,0
42,41,150,0.0003942013148795285,0
42,41,151,0.0009527462911770162,0
42,41,152,-0.001165446534020321,0
42,41,153,-0.000182233042993168,0
42,41,154,0.001297724067835561,0
42,41,155,0.000609360578178388,0
42,41,156,0.0003322130716149836,0
42,41,157,-0.001317918536896996,0
42,41,158,0.0004919424334217582,0
42,41,159,0.001039021740301657,0
42,41,160,-0.001517905138358705,0
42,41,161,0.0001677862777770738,0
42,41,162,0.0006017556864463813,0
42,41,163,0.000706250417110762,0
42,41,164,-0.001636788081587379,0
42,41,165,-0.0007945320095674078,0
42,41,166,0.0005529081179373844,0
42,41,167,0.000918411074922613,0
42,41,168,-0.00130337393070325,0
42,41,169,-0.0001480598761117966,0
42,41,170,0.002528264006339774,0
43,42,0,-0.358209045642417,0
43,42,1,0.3552886212885553,0
43,42,2,-0.05283144145936097,0
43,42,3,0.1664103306025039,0
43,42,4,0.2566302303803821,0
43,42,5,-0.1454813676496627,0
43,42,6,0.1763256493995421,0
43,42,7,-0.4151932741555401,0
43,42,8,0.1683025320351356,0
43,42,9,-0.1892846253270184,0
43,42,10,0.03286932392319745,0
43,42,11,-0.02381981306287123,0
43,42,12,0.06035732378897408,0
43,42,13,0.2546549270540542,0
43,42,14,-0.0331564276681508,0
43,42,15,0.0807999009378304,0
43,42,16,-0.3028809538471789,0
43,42,17,0.05404600555890997,0
43,42,18,-0.114268935188091,0
43,42,19,0.1052899903356137,0
43,42,20,-0.04329047189460324,0
43,42,21,0.03954752649118091,0
43,42,22,0.1105044425781384,0
43,42,23,0.01053807537270027,0
43,42,24,0.01524733156821603,0
43,42,25,-0.1352650805433233,0
43,42,26,0.03594020721601986,0
43,42,27,0.04543408485025308,0
43,42,28,-0.04853452371154304,0
43,42,29,0.2265856423324898,0
43,42,30,0.239628792347067,0
43,42,31,-0.5702188520266588,0
43,42,32,0.07138177719064646,0
43,42,33,-0.3956922618064452,0
43,42,34,0.2997379880003982,0
43,42,35,-0.1651164796672979,0
43,42,36,-0.01980515192915713,0
43,42,37,-0.007836834020681992,0
43,42,38,0.06353950348651038,0
43,42,39,0.3834747061441747,0
43,42,40,-0.1551305006447632,0
43,42,41,0.08138866838292752,0
43,42,42,-0.3513395675554428,0
43,42,43,0.1295361487248189,0
43,42,44,-0.1322603967310087,0
43,42,45,0.08980420940458503,0
43,42,46,-0.05643406629251546,0
43,42,47,0.05450233663255701,0
43,42,48,0.1902514754659425,0
43,42,49,-0.01299899103409394,0
43,42,50,0.0398020011344907,0
43,42,51,-0.2470415012502268,0
43,42,52,0.06954780118514146,0
43,42,53,-0.03829542757711355,0
43,42,54,0.06817320501091541,0
43,42,55,-0.091768923820169,0
43,42,56,0.08043875697052376,0
43,42,57,0.03025400642061852,0
43,42,58,-0.2359544823014254,0
43,42,59,1,0
43,42,60,-0.5369056234706243,0
43,42,61,-0.1345024458895638,0
43,42,62,-0.3421251861753104,0
43,42,63,0.6398723790401092,0
43,42,64,0.1043895811131105,0
43,42,65,0.408408749735485,0
43,42,66,-0.4753918008052451,0
43,42,67,0.02133003003674205,0
43,42,68,-0.3058650117698394,0
43,42,69,0.2196003817336862,0
43,42,70,-0.1106023353863743,0
43,42,71,0.02438768755058169,0
43,42,72,-0.02611747828580398,0
43,42,73,0.0593181114494432,0
43,42,74,0.2485570072391775,0
43,42,75,-0.07003220416967304,0
43,42,76,0.05342722358006545,0
43,42,77,-0.2902971627348587,0
43,42,78,0.1007135742410422,0
43,42,79,-0.08204804027838565,0
43,42,80,0.06566306348854167,0
43,42,81,-0.08648153313290735,0
43,42,82,0.01131047130621551,0
43,42,83,0.1990640531835342,0
43,42,84,0.02451813759552196,0
43,42,85,-0.1995261632955672,0
43,42,86,0.1013879968517872,0
43,42,87,-0.1118668117016256,0
43,42,88,0.3590392793781119,0
43,42,89,0.1859551168140937,0
43,42,90,0.5905282535034608,0
43,42,91,-0.8759117485265856,0
43,42,92,0.02151728823257841,0
43,42,93,-0.2911707273445336,0
43,42,94,0.2141830197498008,0
43,42,95,-0.1911634962636042,0
43,42,96,-0.03661351786983417,0
43,42,97,-0.09156618558872287,0
43,42,98,0.2005235698251079,0
43,42,99,0.0853914132555995,0
43,42,100,0.2158092638398443,0
43,42,101,-0.1723721508925155,0
43,42,102,0.02786527703152365,0
43,42,103,-0.2396900741611556,0
43,42,104,0.1141544483455906,0
43,42,105,-0.09225639883538747,0
43,42,106,0.0331243168246178,0
43,42,107,-0.04863283165580956,0
43,42,108,0.0278712287431542,0
43,42,109,0.2365656697512987,0
43,42,110,-0.01840889350174894,0
43,42,111,0.06318074840946174,0
43,42,112,-0.2766661292802255,0
43,42,113,0.09184814595131918,0
43,42,114,-0.01019946249647984,0
43,42,115,-0.1628501060423078,0
43,42,116,0.2801548162453888,0
43,42,117,-0.3834006857141986,0
43,42,118,-0.3142617132134057,0
43,42,119,0.01265793220212881,0
43,42,120,-0.3741563403323681,0
43,42,121,0.7380055936146938,0
43,42,122,0.3555901337779304,0
43,42,123,-0.2493095732276874,0
43,42,124,-0.1356499472687457,0
43,42,125,-0.1048196078220211,0
43,42,126,-0.02242523478551429,0
43,42,127,0.0991722237836845,0
43,42,128,-0.001529212407398966,0
43,42,129,0.0990559583818927,0
43,42,130,0.1153304944529603,0
43,42,131,-0.1565369818741568,0
43,42,132,-0.1417087028368346,0
43,42,133,-0.08064960298924707,0
43,42,134,0.4465738604328034,0
43,42,135,5.517445873655696e-05,0
43,42,136,-0.001365623360342007,0
43,42,137,0.00102401703189095,0
43,42,138,-0.0008816098986042009,0
43,42,139,-0.0005063757860597213,0
43,42,140,0.000805200638854395,0
43,42,141,-0.0006469674799627922,0
43,42,142,-6.632645409078284e-05,0
43,42,143,0.0004474171168136073,0
43,42,144,-0.0007981348597092708,0
43,42,145,-0.001372508798644268,0
43,42,146,-0.0003161447412049432,0
43,42,147,-0.001146023060851179,0
43,42,148,0.0007740594568029698,0
43,42,149,-0.0005662092544483096,0
43,42,150,-0.0002979787342694622,0
43,42,151,0.0007123788472538288,0
43,42,152,-0.0005337452877387106,0
43,42,153,-0.001299907106120584,0
43,42,154,0.0001172441312784256,0
43,42,155,0.0007385951248173815,0
43,42,156,-6.890204027664537e-05,0
43,42,157,-0.0001932314506306334,0
43,42,158,-0.0003985187776769043,0
43,42,159,0.0007886487398354359,0
43,42,160,-0.0006556851233366788,0
43,42,161,-0.0001963038750842826,0
43,42,162,0.0001616222310067388,0
43,42,163,0.001024599911386806,0
43,42,164,-0.0005283448933996643,0
43,42,165,-0.0006677088597318054,0
43,42,166,0.0001632957720321226,0
43,42,167,0.0005446234896449165,0
43,42,168,-0.0004257346886688499,0
43,42,169,-0.0004118278318983503,0
43,42,170,0.001420730470197907,0
44,43,0,-0.005169264764197576,0
44,43,1,0.3757531600593631,0
44,43,2,-0.4997876643738618,0
44,43,3,0.1544009452712025,0
44,43,4,-0.2330162225999776,0
44,43,5,0.08883231568924929,0
44,43,6,-0.1999688365429627,0
44,43,7,-0.03128502572792182,0
44,43,8,0.08469572288647881,0
44,43,9,0.1304069756668821,0
44,43,10,0.2836230149741344,0
44,43,11,-0.1004780901624962,0
44,43,12,0.06305150482984533,0
44,43,13,-0.4398239740775514,0
44,43,14,0.06201224627566906,0
44,43,15,-0.2107949354880606,0
44,43,16,0.2951202042662997,0
44,43,17,-0.03237119722379334,0
44,43,18,0.1639832109442989,0
44,43,19,0.08110389473318261,0
44,43,20,0.01219233319650025,0
44,43,21,0.0004761657980037702,0
44,43,22,-0.3331799817302561,0
44,43,23,0.02662986333387931,0
44,43,24,-0.06366680026807389,0
44,43,25,0.22592434618524,0
44,43,26,-0.08318916494032819,0
44,43,27,-0.01137659250931659,0
44,43,28,0.0803695887003478,0
44,43,29,-0.05215178026976022,0
44,43,30,0.9888655640091076,0
44,43,31,-0.7827000620889191,0
44,43,32,-0.1996346130247868,0
44,43,33,-0.4396587559354874,0
44,43,34,0.7996882325326603,0
44,43,35,0.1405742612784318,0
44,43,36,0.3682529723495417,0
44,43,37,-0.4456848485101839,0
44,43,38,0.03706044841316328,0
44,43,39,-0.3344122691311782,0
44,43,40,0.1145627796521364,0
44,43,41,-0.2213020048137644,0
44,43,42,0.1781748956288055,0
44,43,43,0.03374401600247118,0
44,43,44,0.2063452328745495,0
44,43,45,0.1836173074227491,0
44,43,46,-0.07060111871673409,0
44,43,47,-0.01759570413912371,0
44,43,48,-0.4540660695172029,0
44,43,49,0.08428591811025195,0
44,43,50,-0.1214601995586491,0
44,43,51,0.3474239555499049,0
44,43,52,-0.1109082388967379,0
44,43,53,0.07182360880256614,0
44,43,54,0.04478893526390389,0
44,43,55,0.1142061714498512,0
44,43,56,-0.2518128413679773,0
44,43,57,0.009691475669140092,0
44,43,58,-0.3383423542888582,0
44,43,59,0.6005250767635762,0
44,43,60,0.4069032513004,0
44,43,61,0.5905532397768911,0
44,43,62,-0.8448131158640545,0
44,43,63,0.09504312449247833,0
44,43,64,-0.1845483008489444,0
44,43,65,0.2308722561012242,0
44,43,66,-0.3533892531095669,0
44,43,67,-0.2169506565821442,0
44,43,68,-0.06346146005408006,0
44,43,69,0.3601927674017268,0
44,43,70,0.2725960762860379,0
44,43,71,0.2561987037736211,0
44,43,72,-0.2397374362007797,0
44,43,73,-0.05209259463653024,0
44,43,74,-0.4760910421141512,0
44,43,75,0.1334162826214802,0
44,43,76,-0.1634000690731983,0
44,43,77,0.3544464359950626,0
44,43,78,-0.08362925450813974,0
44,43,79,0.1635356121835999,0
44,43,80,0.09861983240177956,0
44,43,81,0.05140068209249739,0
44,43,82,-0.007193901633016844,0
44,43,83,-0.4732326944617621,0
44,43,84,0.03063730393605485,0
44,43,85,0.3336616259643863,0
44,43,86,-0.2204875334185079,0
44,43,87,0.4319096336964591,0
44,43,88,-0.9977168880908381,0
44,43,89,0.4248720844609465,0
44,43,90,-0.0197821858429057,0
44,43,91,-0.07118466031619995,0
44,43,92,-0.4838337868376953,0
44,43,93,-0.6527660861111626,0
44,43,94,0.6259755847699167,0
44,43,95,0.243300490240127,0
44,43,96,0.5464539703896097,0
44,43,97,-0.1000682255341577,0
44,43,98,-0.1378267619336287,0
44,43,99,-0.1493158886251553,0
44,43,100,-0.3181965443848384,0
44,43,101,0.01229891227373902,0
44,43,102,-0.1972975741810228,0
44,43,103,0.3004837374832501,0
44,43,104,0.03728673193310789,0
44,43,105,0.2525124291178888,0
44,43,106,0.1271829428313127,0
44,43,107,-0.05874181668744596,0
44,43,108,-0.05599253111523559,0
44,43,109,-0.534496056538042,0
44,43,110,0.09367947067610395,0
44,43,111,-0.1251267099810818,0
44,43,112,0.4672117528989204,0
44,43,113,-0.1707915638823239,0
44,43,114,0.1296810242991067,0
44,43,115,0.2700908493610399,0
44,43,116,-0.04673025119560097,0
44,43,117,-0.2817368084377592,0
44,43,118,-0.6753073336387267,0
44,43,119,1,0
44,43,120,0.6780839335239099,0
44,43,121,-0.1997059256648456,0
44,43,122,-0.1016506786114151,0
44,43,123,-0.7494984466556016,0
44,43,124,-0.3042015007714675,0
44,43,125,0.6908274248427233,0
44,43,126,0.3296622623020102,0
44,43,127,-0.1380715848104003,0
44,43,128,-0.05499018808638865,0
44,43,129,-0.3730350191470254,0
44,43,130,-0.2350285295240866,0
44,43,131,0.3680477578821705,0
44,43,132,0.2702999814128713,0
44,43,133,0.1818901001401828,0
44,43,134,-0.8620437745706674,0
44,43,135,-0.0003371401108263577,0
44,43,136,-0.001772035676441086,0
44,43,137,-0.0006494033460579846,0
44,43,138,-0.0002927882193366642,0
44,43,139,0.0008134964709710347,0
44,43,140,-0.001239417655467536,0
44,43,141,0.000523681524834266,0
44,43,142,0.0005741408783736979,0
44,43,143,-0.0009147496948656354,0
44,43,144,-0.002606269620794223,0
44,43,145,-0.0002187658501220508,0
44,43,146,0.0009776002225944768,0
44,43,147,4.873645803172845e-05,0
44,43,148,-0.0007081160205507172,0
44,43,149,0.0003147083298575397,0
44,43,150,0.0007976779757019219,0
44,43,151,-0.00126621334368124,0
44,43,152,0.0006360575067347531,0
44,43,153,-0.0002221519736333153,0
44,43,154,0.002410411893319884,0
44,43,155,-0.0004498488791331158,0
44,43,156,-0.0008594798118027053,0
44,43,157,0.00101035095196048,0
44,43,158,0.0006072823077210809,0
44,43,159,-0.001403813031715012,0
44,43,160,0.0008966498894349661,0
44,43,161,0.0006998721041311248,0
44,43,162,0.002323029881250328,0
44,43,163,0.0007670497060489705,0
44,43,164,-0.003390801044003495,0
44,43,165,0.001655755494875332,0
44,43,166,0.001082251766493663,0
44,43,167,-0.001656251313992385,0
44,43,168,0.0007388883403967722,0
44,43,169,0.001047735774177984,0
44,43,170,-0.002703004068223941,0
45,44,0,0.2547641163191873,0
45,44,1,-0.7299558545933089,0
45,44,2,0.5830964304967763,0
45,44,3,0.06514900085531558,0
45,44,4,-0.1199716258994497,0
45,44,5,-0.2186576883135212,0
45,44,6,-0.1160496015447926,0
45,44,7,0.02385358969988014,0
45,44,8,0.004612430926180179,0
45,44,9,-0.02834769421781318,0
45,44,10,0.2444107299633551,0
45,44,11,0.04692023412357039,0
45,44,12,0.1623126638226358,0
45,44,13,-0.2396325199233554,0
45,44,14,-0.02324090980026984,0
45,44,15,-0.1578202731826145,0
45,44,16,-0.02608091273798017,0
45,44,17,-0.006761879686089427,0
45,44,18,0.0258254855545331,0
45,44,19,0.2918604496601961,0
45,44,20,0.00773755253360551,0
45,44,21,0.09222431955124391,0
45,44,22,-0.3083155216941389,0
45,44,23,0.02565263495321039,0
45,44,24,-0.07460472424518465,0
45,44,25,0.07348497244870691,0
45,44,26,-0.06733652412522936,0
45,44,27,0.09621242986426126,0
45,44,28,0.03895795454498231,0
45,44,29,0.1054824244196395,0
45,44,30,-0.6367374773691631,0
45,44,31,0.05967577545669581,0
45,44,32,-0.2754342857320551,0
45,44,33,0.6626215883332185,0
45,44,34,-0.4110256844515821,0
45,44,35,-0.005791685302860705,0
45,44,36,0.006816242314918142,0
45,44,37,0.2899899084259714,0
45,44,38,0.1974080416674099,0
45,44,39,-0.1728458617724644,0
45,44,40,-0.1419450273124138,0
45,44,41,-0.1901502733345451,0
45,44,42,-0.04612118784820592,0
45,44,43,0.02134656921305626,0
45,44,44,0.03124185429349209,0
45,44,45,0.3198367292207681,0
45,44,46,0.01390961515081156,0
45,44,47,0.1215094455358836,0
45,44,48,-0.3542090215288826,0
45,44,49,0.0158298126374635,0
45,44,50,-0.1403757685271158,0
45,44,51,0.09419595488643742,0
45,44,52,-0.06143917391338058,0
45,44,53,0.03509802390325193,0
45,44,54,0.2362002737822532,0
45,44,55,0.06297860917680928,0
45,44,56,-0.28045338269792,0
45,44,57,0.06713245076221989,0
45,44,58,-0.07853426285657816,0
45,44,59,0.3902669246693883,0
45,44,60,-0.4510461894804489,0
45,44,61,-0.1706031865974003,0
45,44,62,0.2889498051458154,0
45,44,63,0.3166806974294938,0
45,44,64,0.4348111510349958,0
45,44,65,-0.4982087207603519,0
45,44,66,0.03085151089767298,0
45,44,67,-0.2663025304286989,0
45,44,68,0.03821436883111444,0
45,44,69,-0.08183811853308692,0
45,44,70,0.01199050793509149,0
45,44,71,0.3082396590658847,0
45,44,72,0.0923014659551307,0
45,44,73,0.1830745954375934,0
45,44,74,-0.3460134432598239,0
45,44,75,-0.03452262336039644,0
45,44,76,-0.2127864152722398,0
45,44,77,0.05438909999959628,0
45,44,78,-0.0217981601118774,0
45,44,79,0.08839644100957414,0
45,44,80,0.3327978173407206,0
45,44,81,0.0319882618026882,0
45,44,82,0.05083238864707217,0
45,44,83,-0.4876174437848982,0
45,44,84,0.04368813935330809,0
45,44,85,0.1962772206937736,0
45,44,86,-0.2206428419825908,0
45,44,87,-0.1505043270258351,0
45,44,88,0.5509404051392087,0
45,44,89,-0.02494127516614722,0
45,44,90,0.3687759160153351,0
45,44,91,-0.616921258982562,0
45,44,92,0.1835758590073976,0
45,44,93,-0.1214552989760757,0
45,44,94,-0.05201785956988761,0
45,44,95,-0.2492503124352573,0
45,44,96,-0.1738376973216467,0
45,44,97,0.4798629201239109,0
45,44,98,0.1291897127354501,0
45,44,99,0.3323021567006871,0
45,44,100,-0.3750515873263772,0
45,44,101,-0.0473868235136227,0
45,44,102,-0.2987603973265167,0
45,44,103,-0.01246156478751608,0
45,44,104,0.0008911651664074074,0
45,44,105,0.1167359727584803,0
45,44,106,0.4268836387480816,0
45,44,107,-0.003185700579931068,0
45,44,108,0.08760231916342678,0
45,44,109,-0.5699241985604017,0
45,44,110,0.05224118680906019,0
45,44,111,-0.164744697982457,0
45,44,112,0.2932746455152063,0
45,44,113,-0.1403059820739086,0
45,44,114,0.3154262640073933,0
45,44,115,0.2383775669861619,0
45,44,116,0.1863490086816146,0
45,44,117,-0.169266188233988,0
45,44,118,-0.07260965513849477,0
45,44,119,-0.2594365279655892,0
45,44,120,-0.3882301257749324,0
45,44,121,0.6767406261930562,0
45,44,122,0.4068154128236701,0
45,44,123,-0.3017294980004596,0
45,44,124,-0.2670607259195308,0
45,44,125,-0.177946519327716,0
45,44,126,0.02206187703251292,0
45,44,127,0.5297020031568408,0
45,44,128,0.2200771693750797,0
45,44,129,-0.5410662686695976,0
45,44,130,-0.3280950106063178,0
45,44,131,0.1675131444635395,0
45,44,132,0.2456583566204157,0
45,44,133,0.4393152742236893,0
45,44,134,-1,0
45,44,135,0.002261560937313536,0
45,44,136,0.001478394667387235,0
45,44,137,-0.001470198725908107,0
45,44,138,-0.0001612781635013927,0
45,44,139,0.001053590155627268,0
45,44,140,-0.0008515780524358377,0
45,44,141,-0.000285686968023688,0
45,44,142,0.0009438778700991777,0
45,44,143,-0.0007658620585230503,0
45,44,144,0.002133103497743469,0
45,44,145,-0.001561875446173431,0
45,44,146,-0.0005458243726747651,0
45,44,147,0.001127765963706397,0
45,44,148,-0.001066233470294207,0
45,44,149,-0.0004366603379665385,0
45,44,150,0.001126419303529402,0
45,44,151,-0.001087487392691794,0
45,44,152,9.446668724771006e-05,0
45,44,153,-0.001709634504450609,0
45,44,154,-0.00132577709202203,0
45,44,155,0.002182888631761488,0
45,44,156,-0.001277740113983021,0
45,44,157,-0.0008638219091794253,0
45,44,158,0.001442555525192553,0
45,44,159,-0.001388014865112871,0
45,44,160,0.0001996364947931614,0
45,44,161,0.001198571248173901,0
45,44,162,-0.001043719491795241,0
45,44,163,0.001241506655270356,0
45,44,164,-0.0003881183582331063,0
45,44,165,-0.00174827015500591,0
45,44,166,0.001897325867143289,0
45,44,167,-0.001077936921447089,0
45,44,168,-0.0005661514513689614,0
45,44,169,0.001763790896666437,0
45,44,170,-0.002805416030262836,0
46,45,0,0.2928850103798543,0
46,45,1,-0.7067092882112482,0
46,45,2,0.3677643182114403,0
46,45,3,-0.06984479841494418,0
46,45,4,-0.09396768825529807,0
46,45,5,-0.1644052859088377,0
46,45,6,-0.1690608082211076,0
46,45,7,0.2639202596055762,0
46,45,8,0.003041970802593207,0
46,45,9,0.1551557226410909,0
46,45,10,0.0372906787837805,0
46,45,11,0.02134565645073156,0
46,45,12,-0.05059042599032861,0
46,45,13,-0.3083593317195146,0
46,45,14,-0.03222159589322935,0
46,45,15,-0.07326473989302508,0
46,45,16,0.4077779551335945,0
46,45,17,0.01302146793713044,0
46,45,18,0.1448032563255023,0
46,45,19,-0.2879435753722839,0
46,45,20,0.01705314443702239,0
46,45,21,-0.1239568151742067,0
46,45,22,0.0253389927884806,0
46,45,23,-0.04250071627537436,0
46,45,24,0.03397209394872593,0
46,45,25,0.2144745295349609,0
46,45,26,0.04316426428221569,0
46,45,27,-0.2297988255280065,0
46,45,28,0.02673753938025729,0
46,45,29,-0.02542248898458031,0
46,45,30,-0.2171508810596889,0
46,45,31,-0.122795028276569,0
46,45,32,-0.2339715892316737,0
46,45,33,0.5757106862896606,0
46,45,34,-0.141536433422938,0
46,45,35,0.1842063850939035,0
46,45,36,-0.1171034098276817,0
46,45,37,0.1722416464227987,0
46,45,38,-0.01271055567383666,0
46,45,39,-0.3071929749882269,0
46,45,40,-0.1017516873792292,0
46,45,41,-0.1218203200524573,0
46,45,42,0.3973216886206101,0
46,45,43,0.03885494885070824,0
46,45,44,0.1741191397065266,0
46,45,45,-0.251203426778689,0
46,45,46,0.01627729622744869,0
46,45,47,-0.1373619967475939,0
46,45,48,-0.03416501633589542,0
46,45,49,-0.04807832829806707,0
46,45,50,0.04211753182015135,0
46,45,51,0.3052682065182062,0
46,45,52,0.04874832926662793,0
46,45,53,0.03851312106108919,0
46,45,54,-0.4083914068880112,0
46,45,55,0.003979627712438301,0
46,45,56,0.2307052532344958,0
46,45,57,-0.1366529352213917,0
46,45,58,-0.08967955824047728,0
46,45,59,0.3974590617138685,0
46,45,60,-0.1746443645802919,0
46,45,61,0.1065469915495065,0
46,45,62,-0.1111576573531281,0
46,45,63,0.2161851553234542,0
46,45,64,0.1595910522658881,0
46,45,65,-0.4026370065726326,0
46,45,66,-0.07107517267551668,0
46,45,67,-0.2256983745052493,0
46,45,68,0.4072054767232255,0
46,45,69,0.0232683416666236,0
46,45,70,0.2140046928682384,0
46,45,71,-0.1755668935053804,0
46,45,72,0.0375701689314436,0
46,45,73,-0.1366417982002747,0
46,45,74,-0.1398111770223542,0
46,45,75,-0.05593924918641127,0
46,45,76,0.02639114267406078,0
46,45,77,0.4003186972886981,0
46,45,78,0.04169291852531432,0
46,45,79,0.06673232261065332,0
46,45,80,-0.4879586058491223,0
46,45,81,0.006648904310253609,0
46,45,82,-0.09174556110309978,0
46,45,83,0.3364593143964774,0
46,45,84,-0.09312080778938317,0
46,45,85,0.06308000558154865,0
46,45,86,0.2108307300268737,0
46,45,87,0.03038457667208709,0
46,45,88,0.07157307924546039,0
46,45,89,0.07362963534908216,0
46,45,90,0.1133546255022686,0
46,45,91,-0.3673859604024158,0
46,45,92,-0.0004454868056414611,0
46,45,93,-0.2569198502276633,0
46,45,94,0.3273410251626441,0
46,45,95,-0.09768816671299223,0
46,45,96,0.1823920862663826,0
46,45,97,0.05390188468034152,0
46,45,98,0.04838579473010939,0
46,45,99,-0.0797007068197982,0
46,45,100,-0.3216088796354685,0
46,45,101,-0.03804583402579153,0
46,45,102,-0.02868610010400112,0
46,45,103,0.4956088095250957,0
46,45,104,0.0114849361244351,0
46,45,105,0.1172685240307828,0
46,45,106,-0.4939178190050058,0
46,45,107,0.0263399624332845,0
46,45,108,-0.1522459146333215,0
46,45,109,0.2958737591478257,0
46,45,110,-0.07176790125572895,0
46,45,111,0.1201345851809326,0
46,45,112,0.07916874773918219,0
46,45,113,0.1243818639140101,0
46,45,114,-0.5598420208161755,0
46,45,115,-0.1657611505376398,0
46,45,116,0.06080003893996402,0
46,45,117,-0.1516932581896892,0
46,45,118,-0.1693293228657003,0
46,45,119,0.1326306450912893,0
46,45,120,0.07665029529400491,0
46,45,121,0.2037769901995694,0
46,45,122,0.01985642522664583,0
46,45,123,-0.4647621995278728,0
46,45,124,-0.1150318125488061,0
46,45,125,0.4844392800373183,0
46,45,126,0.1922397369338872,0
46,45,127,-0.3581910553409061,0
46,45,128,-0.2274510204448061,0
46,45,129,0.08726772260211048,0
46,45,130,0.2046338872011118,0
46,45,131,0.2791679516590259,0
46,45,132,-0.1282103568173896,0
46,45,133,-0.6695601392160947,0
46,45,134,1,0
46,45,135,0.002527387611501961,0
46,45,136,0.0006245191384003094,0
46,45,137,-0.001673844092120019,0
46,45,138,0.001095865665711314,0
46,45,139,-2.476061378965484e-05,0
46,45,140,-0.0008988670874888794,0
46,45,141,0.001248899197157267,0
46,45,142,-0.0008717705414740089,0
46,45,143,0.000113019700432231,0
46,45,144,0.0007379496251951818,0
46,45,145,-0.001678707193228079,0
46,45,146,0.001031897118833528,0
46,45,147,0.000238726088652064,0
46,45,148,-0.001303108095550746,0
46,45,149,0.00126585147901909,0
46,45,150,-0.0008202383158629067,0
46,45,151,8.501292325308709e-05,0
46,45,152,0.0008364235379489973,0
46,45,153,-0.001492031147849573,0
46,45,154,0.0001057939561925095,0
46,45,155,0.0005904379334423232,0
46,45,156,-0.001635876239559546,0
46,45,157,0.001265859116156248,0
46,45,158,-0.0007158914559045997,0
46,45,159,-0.0001297988381880386,0
46,45,160,0.0009419301684980346,0
46,45,161,-0.001615908270436592,0
46,45,162,0.0001828378534639664,0
46,45,163,0.0009295392447020335,0
46,45,164,-0.001699519373255963,0
46,45,165,0.0007844036413268314,0
46,45,166,0.0001171917199427844,0
46,45,167,-0.0008286078333252831,0
46,45,168,0.001469304668654412,0
46,45,169,-0.001752641117917061,0
46,45,170,0.002159765392410536,0
47,46,0,0.2436254704039254,0
47,46,1,-0.6381401344913442,0
47,46,2,0.2437161545364989,0
47,46,3,-0.1350831847039428,0
47,46,4,0.01078682822019952,0
47,46,5,-0.1354552131599154,0
47,46,6,-0.1120328433494718,0
47,46,7,0.3083784362995486,0
47,46,8,0.03504502072006944,0
47,46,9,0.1637078580617322,0
47,46,10,-0.1699055214346794,0
47,46,11,-0.01955879686574874,0
47,46,12,-0.1466613601149093,0
47,46,13,-0.07240179735899993,0
47,46,14,-0.02426063757658565,0
47,46,15,0.08341818947852338,0
47,46,16,0.320855014282957,0
47,46,17,0.04044122764219159,0
47,46,18,0.0007894110201467862,0
47,46,19,-0.4841681416266347,0
47,46,20,-0.03672937452746017,0
47,46,21,-0.07414683660529037,0
47,46,22,0.508438563234617,0
47,46,23,0.01419227695810471,0
47,46,24,0.09512912421387232,0
47,46,25,-0.37374542611463,0
47,46,26,0.03297264300865929,0
47,46,27,0.09683728201497843,0
47,46,28,-0.1169843557950005,0
47,46,29,-0.06795763826737951,0
47,46,30,-0.00214368624473605,0
47,46,31,-0.1668166950995863,0
47,46,32,-0.1417958711670768,0
47,46,33,0.4376341575748169,0
47,46,34,-0.008632652217081035,0
47,46,35,0.2244829104831061,0
47,46,36,-0.2550411330310442,0
47,46,37,0.08605309685368197,0
47,46,38,-0.1294082047818094,0
47,46,39,-0.1243023003203347,0
47,46,40,-0.07012100869323797,0
47,46,41,0.02742473770247926,0
47,46,42,0.3581012899685601,0
47,46,43,0.07955224228236787,0
47,46,44,0.05729313141742712,0
47,46,45,-0.4946340219115733,0
47,46,46,-0.0593872556716316,0
47,46,47,-0.1098274299898065,0
47,46,48,0.4987139515565998,0
47,46,49,0.02165338521620435,0
47,46,50,0.1174918966748074,0
47,46,51,-0.3704266322349916,0
47,46,52,0.02957372996394216,0
47,46,53,-0.08005470151549483,0
47,46,54,0.1227316533727191,0
47,46,55,-0.09597313455386966,0
47,46,56,0.2189691074225719,0
47,46,57,0.1661054763478099,0
47,46,58,-0.04955068593477093,0
47,46,59,0.3140794405691132,0
47,46,60,-0.03223315056458234,0
47,46,61,0.1511430785337401,0
47,46,62,-0.2900956443775804,0
47,46,63,0.1265021054443272,0
47,46,64,-0.01030506264229449,0
47,46,65,-0.1601799679534812,0
47,46,66,-0.1189505933993027,0
47,46,67,-0.08312032160655235,0
47,46,68,0.4152572000582387,0
47,46,69,0.1029434078629344,0
47,46,70,0.1312555147027401,0
47,46,71,-0.4710667282935318,0
47,46,72,-0.06103693775742783,0
47,46,73,-0.1426838293260218,0
47,46,74,0.4232931321846345,0
47,46,75,0.01315409179928647,0
47,46,76,0.1266387914256774,0
47,46,77,-0.278257834280252,0
47,46,78,0.03381381558409545,0
47,46,79,-0.0905376991579909,0
47,46,80,0.05192537072993776,0
47,46,81,-0.07920468299173698,0
47,46,82,0.04768160831735301,0
47,46,83,0.2406680353635589,0
47,46,84,0.117425998290573,0
47,46,85,-0.582561469369235,0
47,46,86,-0.1361946170663778,0
47,46,87,0.06124356487642865,0
47,46,88,-0.1513708422638134,0
47,46,89,0.0886803679002892,0
47,46,90,-0.02193004519286436,0
47,46,91,-0.1027563112819407,0
47,46,92,-0.07821702817192168,0
47,46,93,-0.1728763646222745,0
47,46,94,0.3761923430331754,0
47,46,95,0.03551672978298198,0
47,46,96,0.1712445170543716,0
47,46,97,-0.3270041113514708,0
47,46,98,-0.04241936360122029,0
47,46,99,-0.1447337809297902,0
47,46,100,0.241410457506473,0
47,46,101,-0.00193580373693381,0
47,46,102,0.1146976971570423,0
47,46,103,-0.09976274678802852,0
47,46,104,0.03412952234991472,0
47,46,105,-0.08631007046918888,0
47,46,106,-0.0909693400054994,0
47,46,107,-0.05698917773368408,0
47,46,108,0.06091297196631833,0
47,46,109,0.322053055991647,0
47,46,110,0.07063818126302668,0
47,46,111,-0.03854599019253554,0
47,46,112,-0.5859820256534997,0
47,46,113,-0.07700241195462842,0
47,46,114,0.854928576104659,0
47,46,115,0.06876162534885807,0
47,46,116,-0.02134830477343621,0
47,46,117,-0.08205719272884225,0
47,46,118,-0.08031202827108437,0
47,46,119,0.2411511618555232,0
47,46,120,0.1811401423393675,0
47,46,121,-0.2008771678821548,0
47,46,122,-0.1310623464596815,0
47,46,123,-0.03879973047042935,0
47,46,124,0.1063734046779663,0
47,46,125,0.1510341524917804,0
47,46,126,-0.09801409800696975,0
47,46,127,-0.2902310700231063,0
47,46,128,0.09165489124072913,0
47,46,129,0.4595846718869331,0
47,46,130,-0.0782507365468427,0
47,46,131,-0.6501905655599423,0
47,46,132,0.05228823766377208,0
47,46,133,0.8426366864392315,0
47,46,134,-1,0
47,46,135,0.002331680817749235,0
47,46,136,-5.246118072674101e-05,0
47,46,137,-0.000974396809720057,0
47,46,138,0.001433746981527314,0
47,46,139,-0.001047925623433772,0
47,46,140,0.0004505529845248993,0
47,46,141,0.0002587731948984595,0
47,46,142,-0.0008650860959124393,0
47,46,143,0.001143460754823848,0
47,46,144,-0.0001436662543741877,0
47,46,145,-0.001252090280671803,0
47,46,146,0.00145669392420812,0
47,46,147,-0.0007189720467790725,0
47,46,148,-4.208796907081864e-06,0
47,46,149,0.0005518726040307204,0
47,46,150,-0.0009527384597560815,0
47,46,151,0.001127150799204,0
47,46,152,-0.001417838534561775,0
47,46,153,-0.0009097941037437348,0
47,46,154,0.0008076505668958018,0
47,46,155,-0.0006440755698434677,0
47,46,156,-0.0003804102855392104,0
47,46,157,0.000830396683468137,0
47,46,158,-0.0009662614127205804,0
47,46,159,0.001093895359759781,0
47,46,160,-0.001219554724242763,0
47,46,161,0.001161145244972218,0
47,46,162,0.0007151006947072054,0
47,46,163,0.0001136199801991366,0
47,46,164,-0.0006156765234265048,0
47,46,165,0.001007827053698926,0
47,46,166,-0.000938245661094625,0
47,46,167,0.001048433905110236,0
47,46,168,-0.001076444642241532,0
47,46,169,0.001008690245850579,0
47,46,170,-0.001194463138199,0
48,47,0,0.29875168862364,0
48,47,1,-0.8515512192785368,0
48,47,2,0.2627621005117294,0
48,47,3,-0.2298393474559415,0
48,47,4,0.1147965698721534,0
48,47,5,-0.1627555745299814,0
48,47,6,-0.08832574543893912,0
48,47,7,0.4254740748301047,0
48,47,8,0.07929194645019411,0
48,47,9,0.1834948167092059,0
48,47,10,-0.4068853442066079,0
48,47,11,-0.07888949207047155,0
48,47,12,-0.2056972336093401,0
48,47,13,0.1953952238140269,0
48,47,14,0.002308076726965805,0
48,47,15,0.1817671139134464,0
48,47,16,0.1144088958804857,0
48,47,17,0.04438023590674462,0
48,47,18,-0.1323405600328847,0
48,47,19,-0.4197734715711331,0
48,47,20,-0.06331239335567933,0
48,47,21,0.07969472958332018,0
48,47,22,0.6627496711113467,0
48,47,23,0.05960477927612744,0
48,47,24,-0.03489246264223223,0
48,47,25,-0.8224134762808819,0
48,47,26,-0.04542264791263535,0
48,47,27,0.9070638284548542,0
48,47,28,0.03046816670637412,0
48,47,29,-0.1132931352422673,0
48,47,30,0.1354382001830884,0
48,47,31,-0.2332681610624631,0
48,47,32,-0.1222613449055721,0
48,47,33,0.4823638958152449,0
48,47,34,0.05917441020071107,0
48,47,35,0.3152161867548882,0
48,47,36,-0.4561131783118007,0
48,47,37,0.03243339303443402,0
48,47,38,-0.2344963357065822,0
48,47,39,0.07786742385792669,0
48,47,40,-0.0234142822091719,0
48,47,41,0.1358993980937598,0
48,47,42,0.2168105561507579,0
48,47,43,0.09700754757428193,0
48,47,44,-0.05258487108222061,0
48,47,45,-0.5104750378815232,0
48,47,46,-0.1177232169733849,0
48,47,47,0.0008459583354143145,0
48,47,48,0.7412956161720499,0
48,47,49,0.09855320425051273,0
48,47,50,0.02019801519371804,0
48,47,51,-0.8904427231837506,0
48,47,52,-0.06269747210086989,0
48,47,53,-0.01737792249714233,0
48,47,54,0.9677640962470174,0
48,47,55,0.0258099290268158,0
48,47,56,-1,0
48,47,57,0.000987508448732011,0
48,47,58,-0.03453219426314912,0
48,47,59,0.3221463492984523,0
48,47,60,0.04990108368411177,0
48,47,61,0.2010736233648381,0
48,47,62,-0.4702537185683405,0
48,47,63,0.08656135822871854,0
48,47,64,-0.1235359941095566,0
48,47,65,0.02098533069138333,0
48,47,66,-0.1361010226310838,0
48,47,67,-0.003331245172309741,0
48,47,68,0.3711203955297585,0
48,47,69,0.1437002357497687,0
48,47,70,0.06896450186891792,0
48,47,71,-0.5706456719654333,0
48,47,72,-0.1494112894220683,0
48,47,73,-0.08039026600601552,0
48,47,74,0.7417156937399537,0
48,47,75,0.1122360074780137,0
48,47,76,0.05994286468837417,0
48,47,77,-0.8644625638222315,0
48,47,78,-0.06251217906223297,0
48,47,79,-0.02931451358982325,0
48,47,80,0.9359802727584572,0
48,47,81,0.01823142109002225,0
48,47,82,0.007529308470347937,0
48,47,83,-0.9656788818933681,0
48,47,84,0.009862975509743067,0
48,47,85,0.9721682928724161,0
48,47,86,-0.0168156582342724,0
48,47,87,0.06923169785086582,0
48,47,88,-0.329833532933691,0
48,47,89,0.1052693974608483,0
48,47,90,-0.08504918765354988,0
48,47,91,0.1040249286894444,0
48,47,92,-0.1353622666462382,0
48,47,93,-0.1309650213407628,0
48,47,94,0.35882689053391,0
48,47,95,0.1407434016306865,0
48,47,96,0.148183635499482,0
48,47,97,-0.5184110299779976,0
48,47,98,-0.1426748041575162,0
48,47,99,-0.1027625109411517,0
48,47,100,0.624350178648458,0
48,47,101,0.08943333051929266,0
48,47,102,0.0426231356904764,0
48,47,103,-0.739570817070007,0
48,47,104,-0.04310783544916549,0
48,47,105,0.001135927001081775,0
48,47,106,0.83659209548737,0
48,47,107,0.008118530574119648,0
48,47,108,-0.02047239261707033,0
48,47,109,-0.9028796370705438,0
48,47,110,0.01078574051871651,0
48,47,111,0.01798399300059764,0
48,47,112,0.9356447102007973,0
48,47,113,-0.01228380879304371,0
48,47,114,-0.9405477257426378,0
48,47,115,0.002767205111219358,0
48,47,116,-0.07946606586268939,0
48,47,117,-0.02006887814852108,0
48,47,118,0.009563777630704377,0
48,47,119,0.3024397438368264,0
48,47,120,0.1668197212798831,0
48,47,121,-0.5100843626957615,0
48,47,122,-0.05082487117518962,0
48,47,123,0.4468702232573383,0
48,47,124,-0.02698615879134747,0
48,47,125,-0.5720010534649252,0
48,47,126,0.05666094170959076,0
48,47,127,0.7245771062802218,0
48,47,128,-0.05375871950495691,0
48,47,129,-0.8537946919383707,0
48,47,130,0.03323409510718033,0
48,47,131,0.9314915848593791,0
48,47,132,-0.0141631334515533,0
48,47,133,-0.9609511913103087,0
48,47,134,0.9576285391735962,0
48,47,135,0.003033757864598887,0
48,47,136,-0.000557870473971184,0
48,47,137,-0.0004518652821040187,0
48,47,138,0.001781798790496162,0
48,47,139,-0.001728574157999056,0
48,47,140,0.001558700658951505,0
48,47,141,-0.001053764112198748,0
48,47,142,0.0006118033931979439,0
48,47,143,-0.0002630689138866523,0
48,47,144,-0.0007123776652686601,0
48,47,145,-0.00115389129537215,0
48,47,146,0.00186106336027129,0
48,47,147,-0.001311072505798476,0
48,47,148,0.001111369791072611,0
48,47,149,-0.0005398471280046518,0
48,47,150,0.0002842006361416585,0
48,47,151,-4.584257469809772e-05,0
48,47,152,-5.19756965724887e-05,0
48,47,153,-0.0006154101087467945,0
48,47,154,0.001308865304101758,0
48,47,155,-0.001151245821863885,0
48,47,156,0.0006065014141456896,0
48,47,157,-4.837013284772648e-05,0
48,47,158,0.0001582579064379075,0
48,47,159,-3.677154634872453e-05,0
48,47,160,6.523348882160768e-05,0
48,47,161,0.0001778143081532743,0
48,47,162,0.001093319224633404,0
48,47,163,-0.0005408528432278091,0
48,47,164,0.0007236240969996214,0
48,47,165,5.268536194531283e-05,0
48,47,166,0.000278532558160972,0
48,47,167,-0.0003278200211642918,0
48,47,168,0.0003027694575762122,0
48,47,169,-9.531905019938045e-05,0
48,47,170,0.0003109850717333725,0
49,48,0,-0.3158317093882296,0
49,48,1,1,0
49,48,2,-0.2546387863701179,0
49,48,3,0.3595834449653059,0
49,48,4,-0.299875746444409,0
49,48,5,0.1351760640823303,0
49,48,6,-0.05779844826069513,0
49,48,7,-0.4676872581346204,0
49,48,8,-0.09664789625926019,0
49,48,9,-0.05723456519685924,0
49,48,10,0.7868821213968283,0
49,48,11,0.1810479955769165,0
49,48,12,0.1355066671507492,0
49,48,13,-0.927953419019325,0
49,48,14,-0.1491297603243348,0
49,48,15,-0.1777735964314075,0
49,48,16,0.9054844555320819,0
49,48,17,0.102462677502106,0
49,48,18,0.1741167139126379,0
49,48,19,-0.7539784422728535,0
49,48,20,-0.04024900249444068,0
49,48,21,-0.1318162633798264,0
49,48,22,0.52853638467481,0
49,48,23,-0.01783394097965613,0
49,48,24,0.06725826856289642,0
49,48,25,-0.3033875182602971,0
49,48,26,0.05559308994851568,0
49,48,27,0.144769959273425,0
49,48,28,-0.06223992739018243,0
49,48,29,0.1717891848632906,0
49,48,30,-0.2376704285846205,0
49,48,31,0.207561824344248,0
49,48,32,0.004960878848171857,0
49,48,33,-0.4264005090202517,0
49,48,34,-0.04070313908280766,0
49,48,35,-0.3263659532949276,0
49,48,36,0.6809973639909109,0
49,48,37,0.04864176804910969,0
49,48,38,0.3383231978264336,0
49,48,39,-0.6104275690251433,0
49,48,40,-0.2138946957752088,0
49,48,41,-0.2984878951244008,0
49,48,42,0.6392128639492174,0
49,48,43,0.1503949601718999,0
49,48,44,0.2184350130318644,0
49,48,45,-0.564996897619115,0
49,48,46,-0.05899394725801491,0
49,48,47,-0.120294439356554,0
49,48,48,0.4171374375675164,0
49,48,49,-0.02829822915308837,0
49,48,50,0.03474278145470674,0
49,48,51,-0.2377904757782976,0
49,48,52,0.08325570649588687,0
49,48,53,0.008731742727315708,0
49,48,54,0.07658414813598073,0
49,48,55,-0.08814157968186788,0
49,48,56,0.02931236932963186,0
49,48,57,0.04567787307529934,0
49,48,58,-0.01574171933459555,0
49,48,59,-0.2228056816211441,0
49,48,60,-0.05572324939641706,0
49,48,61,-0.1831105323305255,0
49,48,62,0.490143045195417,0
49,48,63,-0.03519497838644545,0
49,48,64,0.3123980420145625,0
49,48,65,-0.29172798441094,0
49,48,66,-0.03009144119232247,0
49,48,67,-0.2337895961481161,0
49,48,68,0.1149943657570483,0
49,48,69,0.1491818350858206,0
49,48,70,0.1283843997629024,0
49,48,71,-0.1942713429351949,0
49,48,72,-0.0600129858900236,0
49,48,73,-0.02278927852716021,0
49,48,74,0.2059637118632889,0
49,48,75,-0.02988403103065766,0
49,48,76,-0.04969950886937993,0
49,48,77,-0.154175135537426,0
49,48,78,0.08697482620332495,0
49,48,79,0.07042590285903992,0
49,48,80,0.06707364481073035,0
49,48,81,-0.09358627800788956,0
49,48,82,-0.04470250559167492,0
49,48,83,0.01946684527106402,0
49,48,84,0.05557388085695032,0
49,48,85,-0.07328797151146416,0
49,48,86,0.001508884513109815,0
49,48,87,-0.06172299476294924,0
49,48,88,0.2472829485533775,0
49,48,89,-0.02504300765903001,0
49,48,90,0.1619988388766233,0
49,48,91,-0.1912529501722327,0
49,48,92,0.02984541358842506,0
49,48,93,-0.101350127257573,0
49,48,94,-0.09028699788286591,0
49,48,95,0.02590411500523263,0
49,48,96,0.003583133584131635,0
49,48,97,0.1235623820020143,0
49,48,98,-0.0521108360836668,0
49,48,99,0.07248100259137304,0
49,48,100,0.04203715864859899,0
49,48,101,-0.01306635296044733,0
49,48,102,-0.1061141179624124,0
49,48,103,-0.1317384218521274,0
49,48,104,0.05541759940547477,0
49,48,105,0.0950402153137563,0
49,48,106,0.140562959877099,0
49,48,107,-0.06372674429776531,0
49,48,108,-0.05435615653906202,0
49,48,109,-0.09080644200850149,0
49,48,110,0.04292031137490732,0
49,48,111,0.01486020260680828,0
49,48,112,0.02799518378838938,0
49,48,113,-0.008336558247519242,0
49,48,114,0.006112218111280928,0
49,48,115,-0.01672129540809872,0
49,48,116,0.06796976980649834,0
49,48,117,-0.09252855389199076,0
49,48,118,-0.05881029851122622,0
49,48,119,-0.05355649215651648,0
49,48,120,-0.06413820759562093,0
49,48,121,0.1928073956085714,0
49,48,122,0.1066806507368561,0
49,48,123,-0.05818286666056227,0
49,48,124,-0.09468780983695328,0
49,48,125,-0.1336729925962456,0
49,48,126,0.05524693738104172,0
49,48,127,0.2278112423318972,0
49,48,128,-0.01041935877303127,0
49,48,129,-0.219679087092303,0
49,48,130,-0.01692124908047074,0
49,48,131,0.1488958507674588,0
49,48,132,0.01781763752054656,0
49,48,133,-0.07254535367915967,0
49,48,134,0.03874162950014989,0
49,48,135,-0.003386443716654677,0
49,48,136,0.001238484350318475,0
49,48,137,-0.001257598011359998,0
49,48,138,-0.0005795146082294164,0
49,48,139,0.000893424099838602,0
49,48,140,-0.001319499476455053,0
49,48,141,0.001323089436264543,0
49,48,142,-0.001119047497114015,0
49,48,143,0.0007257731972163956,0
49,48,144,0.000968511296185463,0
49,48,145,0.0008264799273527848,0
49,48,146,-0.00105213841938841,0
49,48,147,0.00085561070804867,0
49,48,148,-0.001051165431594012,0
49,48,149,0.0008382229979858376,0
49,48,150,-0.0007224319675469047,0
49,48,151,0.0004596778724618152,0
49,48,152,-0.0003276167304647724,0
49,48,153,0.0003621582294823487,0
49,48,154,-0.001025635083659061,0
49,48,155,0.0008122097296510565,0
49,48,156,-0.0001352696983938932,0
49,48,157,-7.394225012214156e-05,0
49,48,158,-8.051952322415223e-05,0
49,48,159,3.776911439178847e-05,0
49,48,160,-8.712372596442452e-05,0
49,48,161,-4.509047157471984e-05,0
49,48,162,-0.000716738952531165,0
49,48,163,0.000468495516801706,0
49,48,164,3.451312055301396e-05,0
49,48,165,-0.0008483605673712838,0
49,48,166,0.0005392363324848352,0
49,48,167,-0.0002469861049678103,0
49,48,168,-6.532484254630495e-05,0
49,48,169,0.000132209843975037,0
49,48,170,7.610704546893627e-06,0
50,49,0,0.03949976071424804,0
50,49,1,-0.2608415424140478,0
50,49,2,0.08976704927914969,0
50,49,3,-0.003740182549607011,0
50,49,4,0.08405029326634687,0
50,49,5,-0.08568393618010467,0
50,49,6,0.004063714237852479,0
50,49,7,-0.05061415514602825,0
50,49,8,0.02144250304012152,0
50,49,9,-0.06749504452128668,0
50,49,10,0.1754485130297111,0
50,49,11,0.1013734853885248,0
50,49,12,0.1541117594459584,0
50,49,13,-0.2684069906870401,0
50,49,14,-0.133911550074134,0
50,49,15,-0.1766290530220434,0
50,49,16,0.137324577056909,0
50,49,17,0.03327496098999002,0
50,49,18,0.1019018604940597,0
50,49,19,0.2339274650495497,0
50,49,20,0.136670453901277,0
50,49,21,0.02149083294732653,0
50,49,22,-0.6709767435452052,0
50,49,23,-0.2543801568648976,0
50,49,24,-0.0879908779584565,0
50,49,25,0.939304913557614,0
50,49,26,0.2286102347059674,0
50,49,27,-0.911746605741694,0
50,49,28,-0.05641405328963571,0
50,49,29,-0.01228496933964197,0
50,49,30,0.07498195333571794,0
50,49,31,-0.1200425812956242,0
50,49,32,-0.0114993874465829,0
50,49,33,0.1165084761580494,0
50,49,34,0.04483213860989449,0
50,49,35,-0.0496652281374099,0
50,49,36,-0.07784577502559427,0
50,49,37,0.09781483316789401,0
50,49,38,0.1389516943802096,0
50,49,39,-0.09591707361141112,0
50,49,40,-0.2219856000694416,0
50,49,41,-0.09738055558669086,0
50,49,42,0.2123616288425027,0
50,49,43,0.1252857756491006,0
50,49,44,-0.07376935801971342,0
50,49,45,-0.0965131436852265,0
50,49,46,0.1347939912079209,0
50,49,47,0.2647526505175699,0
50,49,48,-0.2407415260366282,0
50,49,49,-0.3732273054719235,0
50,49,50,-0.3352587598255001,0
50,49,51,0.6329557959030336,0
50,49,52,0.4199945181572485,0
50,49,53,0.2265590198848634,0
50,49,54,-0.8726077392608963,0
50,49,55,-0.2385239787185641,0
50,49,56,0.8588324331831861,0
50,49,57,-0.04523673874997441,0
50,49,58,0.00852971326108665,0
50,49,59,0.1723487897570123,0
50,49,60,0.02724251669250753,0
50,49,61,-0.006421006404839107,0
50,49,62,-0.231237172265837,0
50,49,63,0.08299915044339624,0
50,49,64,0.08776621944744696,0
50,49,65,0.01816068575942728,0
50,49,66,-0.2139359784484796,0
50,49,67,-0.03236594740976838,0
50,49,68,0.2454326889087844,0
50,49,69,0.2137234590811505,0
50,49,70,-0.1790071389019472,0
50,49,71,-0.4163308646583627,0
50,49,72,0.03715779171187371,0
50,49,73,0.4043149378524635,0
50,49,74,0.3591955172876428,0
50,49,75,-0.3207399163320661,0
50,49,76,-0.483797131859735,0
50,49,77,-0.0805672219363974,0
50,49,78,0.4437902541821379,0
50,49,79,0.3682172204755292,0
50,49,80,-0.2689521820617398,0
50,49,81,-0.3344073895852471,0
50,49,82,-0.1565912008740931,0
50,49,83,0.4923540983031982,0
50,49,84,0.08024904527851522,0
50,49,85,-0.4866019773113196,0
50,49,86,0.1234620848648765,0
50,49,87,0.00373742093686252,0
50,49,88,-0.2252581900280739,0
50,49,89,0.08801778823998066,0
50,49,90,-0.005103030993189392,0
50,49,91,0.08431112094185178,0
50,49,92,-0.1311011427593436,0
50,49,93,-0.05585992086099762,0
50,49,94,0.2681119714521369,0
50,49,95,0.1754706855313313,0
50,49,96,-0.1409650809914992,0
50,49,97,-0.5572587832573394,0
50,49,98,-0.0874904935767981,0
50,49,99,0.3456246243387854,0
50,49,100,0.7845242840290858,0
50,49,101,-0.1421518070139585,0
50,49,102,-0.4094839613169932,0
50,49,103,-0.773214733972007,0
50,49,104,0.2737827079406614,0
50,49,105,0.3006004522420926,0
50,49,106,0.5116553820658315,0
50,49,107,-0.2532013881490272,0
50,49,108,-0.1155204469592211,0
50,49,109,-0.1522199636158221,0
50,49,110,0.1133592019392294,0
50,49,111,-0.006175545575436796,0
50,49,112,-0.09674093457802201,0
50,49,113,0.03603857573416847,0
50,49,114,0.1181972270634008,0
50,49,115,-0.08508686300138639,0
50,49,116,-0.06143357489530206,0
50,49,117,-0.03791356282767772,0
50,49,118,0.05961412068190818,0
50,49,119,0.2559045898273014,0
50,49,120,0.02108281920683064,0
50,49,121,-0.5374761280717245,0
50,49,122,0.1427216130100422,0
50,49,123,0.7335998585157045,0
50,49,124,-0.1554895158318119,0
50,49,125,-1,0
50,49,126,0.0524212260025444,0
50,49,127,0.990440310503942,0
50,49,128,0.06712869565476698,0
50,49,129,-0.6980125009370651,0
50,49,130,-0.1153224168821994,0
50,49,131,0.2980365913424865,0
50,49,132,0.07289059025469903,0
50,49,133,-0.02144490912203888,0
50,49,134,-0.02062421061469925,0
50,49,135,0.0008086629435301643,0
50,49,136,-0.0003422612080862691,0
50,49,137,-0.0001649740901340998,0
50,49,138,0.0001620468574927119,0
50,49,139,0.0005522316992903482,0
50,49,140,-0.001272653844775147,0
50,49,141,0.001335033218461421,0
50,49,142,-0.000582919203424792,0
50,49,143,-0.0001828501475661899,0
50,49,144,-0.0006272525763642344,0
50,49,145,-0.0001993776044361827,0
50,49,146,0.0006038664361400617,0
50,49,147,-0.000754627974655163,0
50,49,148,0.0003336270677322816,0
50,49,149,0.0001389356755321732,0
50,49,150,-6.189652710003259e-05,0
50,49,151,-0.000260685896645226,0
50,49,152,0.0009496674040095193,0
50,49,153,-8.084398797621631e-05,0
50,49,154,0.0009453343683254987,0
50,49,155,-0.001442828633384953,0
50,49,156,0.001507282606155939,0
50,49,157,-0.0007513394180024152,0
50,49,158,0.0004062090696487779,0
50,49,159,-0.0001287454172124923,0
50,49,160,0.0003289957257076577,0
50,49,161,-0.001019964538707134,0
50,49,162,0.0008620355461948715,0
50,49,163,-0.0009251730998335162,0
50,49,164,0.002412965343424942,0
50,49,165,-0.001170715479175367,0
50,49,166,0.0004890326894187352,0
50,49,167,0.0003961846244134087,0
50,49,168,-0.0008812090306072114,0
50,49,169,0.000604797979260599,0
50,49,170,0.0001632238096769584,0
51,50,0,0.1283422394354393,0
51,50,1,-0.5166656729913244,0
51,50,2,0.03932464143479827,0
51,50,3,-0.1575358085781162,0
51,50,4,0.2486708228181047,0
51,50,5,-0.0600409308509833,0
51,50,6,-0.08881178118948785,0
51,50,7,0.2745591302708527,0
51,50,8,0.2044516328467826,0
51,50,9,0.211266359394634,0
51,50,10,-0.5134666831097735,0
51,50,11,-0.2891928193430378,0
51,50,12,-0.1106015264623115,0
51,50,13,0.2298871892653498,0
51,50,14,-0.05204098308451193,0
51,50,15,-0.1583991956244805,0
51,50,16,0.4241684196514398,0
51,50,17,0.4305042446686587,0
51,50,18,0.3719415528941465,0
51,50,19,-0.8739856265239446,0
51,50,20,-0.4855667321071954,0
51,50,21,-0.3491378359635009,0
51,50,22,0.713131428709693,0
51,50,23,0.1631611107079453,0
51,50,24,0.1462133156672622,0
51,50,25,-0.1033213041333695,0
51,50,26,0.2189359869977054,0
51,50,27,-0.3665443116169287,0
51,50,28,-0.2718463105554059,0
51,50,29,-0.05808060018904757,0
51,50,30,0.3742368034444103,0
51,50,31,-0.1063017075352668,0
51,50,32,-0.03238484559681881,0
51,50,33,-0.02356366198033557,0
51,50,34,0.1668347930307137,0
51,50,35,0.261609274433368,0
51,50,36,-0.4453731918986909,0
51,50,37,-0.3324614299578685,0
51,50,38,-0.04009203019187099,0
51,50,39,0.6528914636927424,0
51,50,40,0.2447496033084858,0
51,50,41,-0.4073284000896288,0
51,50,42,-0.4755561713986842,0
51,50,43,0.3916868551577759,0
51,50,44,0.6864049858556774,0
51,50,45,-0.08216296142830863,0
51,50,46,-0.7459212468245349,0
51,50,47,-0.5426413279014858,0
51,50,48,0.4693574940320614,0
51,50,49,0.4553080463963581,0
51,50,50,0.1255279420826548,0
51,50,51,-0.2832763608713237,0
51,50,52,0.2072093942343305,0
51,50,53,0.1423879881676021,0
51,50,54,-0.3398997287651991,0
51,50,55,-0.602677988035675,0
51,50,56,0.8402447678612317,0
51,50,57,0.3462240343008992,0
51,50,58,0.009323206244237629,0
51,50,59,-0.1745667617439437,0
51,50,60,0.1668892464441981,0
51,50,61,0.0770224553922849,0
51,50,62,-0.2273637581981413,0
51,50,63,-0.1908959699807604,0
51,50,64,-0.1801377517043022,0
51,50,65,0.6668184910954936,0
51,50,66,0.2508887549931673,0
51,50,67,-0.2484621402601611,0
51,50,68,-0.8699125934612423,0
51,50,69,-0.02350989562917207,0
51,50,70,0.5720025175831788,0
51,50,71,0.769058211223919,0
51,50,72,-0.5307353973395487,0
51,50,73,-0.4275094214788422,0
51,50,74,-0.2433528095218854,0
51,50,75,0.5255953162907637,0
51,50,76,-0.08709475431810453,0
51,50,77,-0.1670015029589911,0
51,50,78,0.04596132382148846,0
51,50,79,0.4993708743053232,0
51,50,80,0.03756296416817561,0
51,50,81,-0.6358572863102768,0
51,50,82,-0.4407758232165478,0
51,50,83,0.5245410936072356,0
51,50,84,0.679063770723821,0
51,50,85,-1,0
51,50,86,-0.1596710929339052,0
51,50,87,-0.009062211177242752,0
51,50,88,-0.1283221638766566,0
51,50,89,-0.1250345257527924,0
51,50,90,-0.05427520629943921,0
51,50,91,0.4774959202490711,0
51,50,92,0.0934004531446246,0
51,50,93,0.1214197944839818,0
51,50,94,-0.7578625149675555,0
51,50,95,-0.07678823321499408,0
51,50,96,0.1553531366309409,0
51,50,97,0.8254666534943963,0
51,50,98,-0.07029758854922091,0
51,50,99,-0.09842314640467849,0
51,50,100,-0.6817302157329425,0
51,50,101,0.2897465249046589,0
51,50,102,-0.3010195604746619,0
51,50,103,0.07750369917331275,0
51,50,104,-0.08138979662190411,0
51,50,105,0.6780294251501463,0
51,50,106,0.4294388430200406,0
51,50,107,-0.3284883679366601,0
51,50,108,-0.6845477030393722,0
51,50,109,-0.3893073019570157,0
51,50,110,0.5340679806357105,0
51,50,111,0.346445855249109,0
51,50,112,-0.1124337872210729,0
51,50,113,-0.3406412750959716,0
51,50,114,0.564419823778846,0
51,50,115,-0.0389416655526713,0
51,50,116,0.006316290703195554,0
51,50,117,0.3586621626992622,0
51,50,118,0.07342378675679588,0
51,50,119,-0.5313155517543335,0
51,50,120,-0.1645180617638816,0
51,50,121,0.5435352739680993,0
51,50,122,0.1140395182010093,0
51,50,123,-0.4279977683112196,0
51,50,124,-0.2960229482255186,0
51,50,125,0.2345834412870707,0
51,50,126,0.4551359519285813,0
51,50,127,0.4095605186509256,0
51,50,128,-0.3956092035028523,0
51,50,129,-0.955863080650843,0
51,50,130,0.1608509297962136,0
51,50,131,0.9367937577022155,0
51,50,132,0.02495377194288593,0
51,50,133,-0.42854908092401,0
51,50,134,-0.03675753632280908,0
51,50,135,0.001344818865546738,0
51,50,136,-0.001117821245407664,0
51,50,137,0.001324555848250016,0
51,50,138,0.0004561629183970302,0
51,50,139,-0.001320453046306331,0
51,50,140,0.0004922144263117079,0
51,50,141,0.001814975950917908,0
51,50,142,-0.003293952491303055,0
51,50,143,0.002892919736947665,0
51,50,144,-0.0008974357029778458,0
51,50,145,0.001036892839243342,0
51,50,146,-0.00226998406133419,0
51,50,147,0.0006805516915513178,0
51,50,148,0.000606196204484375,0
51,50,149,-0.0001265986551126072,0
51,50,150,-0.0012900145000322,0
51,50,151,0.002284435619525569,0
51,50,152,-0.002000158994002183,0
51,50,153,0.001267232261631163,0
51,50,154,-0.0009255432370941166,0
51,50,155,0.002665259192020553,0
51,50,156,0.0003212356684500825,0
51,50,157,-0.001944137803157381,0
51,50,158,0.001877462662773467,0
51,50,159,-0.0006588766446850304,0
51,50,160,-0.0005184944477769501,0
51,50,161,-5.069189274542387e-06,0
51,50,162,-0.0008555016971031141,0
51,50,163,0.000146042269392603,0
51,50,164,-0.0007411854879863581,0
51,50,165,-0.001836667009403531,0
51,50,166,0.003498621091174881,0
51,50,167,-0.003288191195315072,0
51,50,168,0.001353278169696577,0
51,50,169,0.000371897632996532,0
51,50,170,2.775268127558424e-05,0
52,51,0,-0.07563019408175183,0
52,51,1,1,0
52,51,2,-0.1339986258224591,0
52,51,3,0.155478612953012,0
52,51,4,-0.7880345718937289,0
52,51,5,0.0897654144307502,0
52,51,6,-0.2694305422019044,0
52,51,7,0.5798438366940002,0
52,51,8,-0.001090185815640777,0
52,51,9,0.2421523519111747,0
52,51,10,-0.4756440208386229,0
52,51,11,-0.1629898624554072,0
52,51,12,-0.2047200440549866,0
52,51,13,0.426455502524876,0
52,51,14,0.1351013032207501,0
52,51,15,0.1341169142167255,0
52,51,16,-0.2862754786991923,0
52,51,17,-0.03697091473255144,0
52,51,18,-0.05816665727887015,0
52,51,19,0.1348468819525203,0
52,51,20,-0.02780086127944482,0
52,51,21,0.02427281848035361,0
52,51,22,-0.08371893708592575,0
52,51,23,-0.0005521414485328387,0
52,51,24,-0.02339638002147271,0
52,51,25,0.1341947413754758,0
52,51,26,0.06000409351724788,0
52,51,27,-0.1677810541606521,0
52,51,28,-0.04747781265250183,0
52,51,29,0.09828936371204199,0
52,51,30,-0.6457402576396063,0
52,51,31,0.1722446630595716,0
52,51,32,-0.1793649612824537,0
52,51,33,0.2903207393169253,0
52,51,34,-0.04847939984919502,0
52,51,35,0.2328162171291525,0
52,51,36,-0.02297830290684498,0
52,51,37,-0.06472111309263312,0
52,51,38,-0.2392743990058574,0
52,51,39,-0.01683294824100613,0
52,51,40,0.1767089290456362,0
52,51,41,0.1502553471508075,0
52,51,42,-0.06382453859971295,0
52,51,43,-0.07450859784727572,0
52,51,44,-0.03788838706386001,0
52,51,45,0.02410886756154824,0
52,51,46,-0.067254247710805,0
52,51,47,-0.002066747102667041,0
52,51,48,0.04984120608536476,0
52,51,49,0.08205491577321733,0
52,51,50,-0.03281330852681211,0
52,51,51,-0.03374673135565171,0
52,51,52,0.03225715169017462,0
52,51,53,0.0539784890482059,0
52,51,54,-0.08394932282909497,0
52,51,55,-0.1222315814727969,0
52,51,56,0.1807647642179961,0
52,51,57,0.06473466935426807,0
52,51,58,-0.1002010236551624,0
52,51,59,0.2176466682603127,0
52,51,60,-0.1134590911088967,0
52,51,61,0.1256918925416385,0
52,51,62,0.108285280809033,0
52,51,63,-0.01957368788128304,0
52,51,64,-0.08285887971297159,0
52,51,65,-0.2478135549320602,0
52,51,66,0.07731012299205567,0
52,51,67,0.02962097806848551,0
52,51,68,0.1838213078428151,0
52,51,69,-0.05579581924395385,0
52,51,70,0.06986746263356731,0
52,51,71,-0.08606581984407639,0
52,51,72,-0.06933931542804715,0
52,51,73,-0.1021774348799456,0
52,51,74,0.09710849623277454,0
52,51,75,0.1404567553500833,0
52,51,76,0.02372967112766687,0
52,51,77,-0.1452195360937583,0
52,51,78,-0.05576591490091923,0
52,51,79,0.07424621855373452,0
52,51,80,0.1026631995799311,0
52,51,81,-0.09727586973638733,0
52,51,82,-0.08173157786647511,0
52,51,83,0.0417936558082636,0
52,51,84,0.1461492589980879,0
52,51,85,-0.1672958550618479,0
52,51,86,-0.04564261609304907,0
52,51,87,0.05966227420335076,0
52,51,88,0.05830126494010947,0
52,51,89,0.03581897400447014,0
52,51,90,-0.01608210263885082,0
52,51,91,-0.2422054844820433,0
52,51,92,0.03439108971772987,0
52,51,93,-0.07233829317189275,0
52,51,94,0.2046097147147032,0
52,51,95,-0.02992804686633585,0
52,51,96,0.1309888947691478,0
52,51,97,-0.06961446442471263,0
52,51,98,-0.0346474426579441,0
52,51,99,-0.1479372000771705,0
52,51,100,0.006199555202643079,0
52,51,101,0.09691585217501583,0
52,51,102,0.06651788305210111,0
52,51,103,-0.05468842833693274,0
52,51,104,-0.0822775144306389,0
52,51,105,0.05707570738783983,0
52,51,106,0.1403693343043039,0
52,51,107,-0.01618249919585231,0
52,51,108,-0.1160800874741235,0
52,51,109,-0.1362953981506544,0
52,51,110,0.102370416125571,0
52,51,111,0.07423015640302881,0
52,51,112,0.01900623901299345,0
52,51,113,-0.09054805140318942,0
52,51,114,0.09959362361950869,0
52,51,115,0.007426568718903937,0
52,51,116,-0.007800887586862248,0
52,51,117,-0.1316718625513546,0
52,51,118,-0.05813841707410557,0
52,51,119,0.1902731064078715,0
52,51,120,0.09067556870193642,0
52,51,121,-0.0602078889208684,0
52,51,122,-0.08080900474534175,0
52,51,123,-0.08057090026132027,0
52,51,124,0.02839033034614113,0
52,51,125,0.1064981047289001,0
52,51,126,0.04197655453134948,0
52,51,127,-0.01231083011020988,0
52,51,128,-0.07559310456626332,0
52,51,129,-0.1283893684429323,0
52,51,130,0.05046762046528338,0
52,51,131,0.1785308376265209,0
52,51,132,-0.008224878533287521,0
52,51,133,-0.1004058897091362,0
52,51,134,-0.004855988956080222,0
52,51,135,-0.001696187937292931,0
52,51,136,0.001953971818946909,0
52,51,137,-0.00121165923478276,0
52,51,138,0.001282100946645371,0
52,51,139,-0.001057802257188291,0
52,51,140,0.001108823581415864,0
52,51,141,-0.000496607399649725,0
52,51,142,-4.741334654680093e-05,0
52,51,143,0.0002520116386481434,0
52,51,144,0.001657267300866996,0
52,51,145,-0.0008817362285093497,0
52,51,146,0.0009434497204460131,0
52,51,147,7.421806477516706e-05,0
52,51,148,0.0004859824578179229,0
52,51,149,-0.0003877853663275206,0
52,51,150,9.550986571634924e-05,0
52,51,151,0.000356926928671044,0
52,51,152,-0.0003470144249765179,0
52,51,153,-0.0009433827386042142,0
52,51,154,6.650872418579779e-06,0
52,51,155,0.0002274282020771896,0
52,51,156,-0.0005434383576633755,0
52,51,157,0.0002185535358170292,0
52,51,158,0.0001225061326457696,0
52,51,159,0.000108655004297598,0
52,51,160,-0.0003014987295691225,0
52,51,161,0.00015298279207151,0
52,51,162,0.0001349590185622286,0
52,51,163,0.0005077522057030477,0
52,51,164,-0.0009468147148386259,0
52,51,165,0.0005621873261842628,0
52,51,166,8.975103533523753e-05,0
52,51,167,-0.0003230450313317469,0
52,51,168,0.0001866208597153012,0
52,51,169,0.0001465674713135591,0
52,51,170,-7.235022815229181e-05,0
53,52,0,0.05670066465060412,0
53,52,1,-0.5803959742588497,0
53,52,2,-0.01717452855109497,0
53,52,3,-0.1128731840307057,0
53,52,4,0.5295770918142525,0
53,52,5,0.01663132911895408,0
53,52,6,0.1291382334066456,0
53,52,7,-0.3728987241948195,0
53,52,8,0.005708388086387301,0
53,52,9,0.02050473218056677,0
53,52,10,0.0992116049570604,0
53,52,11,-0.1023191208077414,0
53,52,12,-0.1407586618690884,0
53,52,13,0.08668081268653421,0
53,52,14,0.1608239044084008,0
53,52,15,0.2103078202777368,0
53,52,16,-0.1828972151207179,0
53,52,17,-0.1572515896688278,0
53,52,18,-0.289220641182178,0
53,52,19,0.3583554650650616,0
53,52,20,0.2686185626265716,0
53,52,21,0.3620219713840689,0
53,52,22,-0.6702563591708562,0
53,52,23,-0.4389699565813767,0
53,52,24,-0.3008311982384497,0
53,52,25,0.8899976536631322,0
53,52,26,0.4191790252676468,0
53,52,27,-0.7831980654970504,0
53,52,28,-0.114710364057361,0
53,52,29,-0.02327337005013095,0
53,52,30,0.5771347812974414,0
53,52,31,0.0003424415541531299,0
53,52,32,-0.007900076529010834,0
53,52,33,-0.4978140183720396,0
53,52,34,0.05492864457832576,0
53,52,35,0.1127816787010624,0
53,52,36,0.3667190930842844,0
53,52,37,-0.1322263827103805,0
53,52,38,-0.3226714782274387,0
53,52,39,-0.2586514173692366,0
53,52,40,0.1767752371998208,0
53,52,41,0.4137198919523801,0
53,52,42,0.3207418297111004,0
53,52,43,-0.06343992350759114,0
53,52,44,-0.4907528241935448,0
53,52,45,-0.4665943885668251,0
53,52,46,-0.02429763760560335,0
53,52,47,0.6130141511489361,0
53,52,48,0.4506828852333196,0
53,52,49,-0.1589557941951647,0
53,52,50,-0.6285157986218599,0
53,52,51,-0.1244148402593491,0
53,52,52,0.4008733791410841,0
53,52,53,0.3850685686645999,0
53,52,54,-0.299838038102246,0
53,52,55,-0.3318300965107161,0
53,52,56,0.4989945557907983,0
53,52,57,-0.007654805257861668,0
53,52,58,-0.0359723122376605,0
53,52,59,-0.6324555465220636,0
53,52,60,0.09171639551619264,0
53,52,61,0.0742766820986669,0
53,52,62,0.4937648709926962,0
53,52,63,-0.1462011432024022,0
53,52,64,-0.09057802958931893,0
53,52,65,-0.299812633636186,0
53,52,66,0.1828623162560296,0
53,52,67,0.02232293745430447,0
53,52,68,0.2539324341460624,0
53,52,69,0.01574781831030663,0
53,52,70,0.1212234806467569,0
53,52,71,-0.492701740278488,0
53,52,72,-0.3512431689252124,0
53,52,73,-0.1042908686988861,0
53,52,74,0.8445060412942789,0
53,52,75,0.4471661764096979,0
53,52,76,-0.05998850044563885,0
53,52,77,-1,0
53,52,78,-0.1840396153251091,0
53,52,79,0.1377153294702267,0
53,52,80,0.7532254145814761,0
53,52,81,-0.09102531878625268,0
53,52,82,-0.05263186083490393,0
53,52,83,-0.3005542201995043,0
53,52,84,0.07800234182741825,0
53,52,85,0.006918362779160324,0
53,52,86,0.06236585065027286,0
53,52,87,-0.0172595497631065,0
53,52,88,0.4738887796578531,0
53,52,89,-0.1229284673741553,0
53,52,90,0.08300360889022843,0
53,52,91,-0.2192782284787967,0
53,52,92,0.09864313923392359,0
53,52,93,-0.2089143362173902,0
53,52,94,-0.1437398098151984,0
53,52,95,-0.06416897534888653,0
53,52,96,0.5466963654955719,0
53,52,97,0.3070956960725699,0
53,52,98,-0.2057547300861207,0
53,52,99,-0.7422821587991545,0
53,52,100,-0.1300934216501106,0
53,52,101,0.487393560759076,0
53,52,102,0.6331470056105517,0
53,52,103,-0.2587254514945197,0
53,52,104,-0.4665514337811428,0
53,52,105,-0.37797993492374,0
53,52,106,0.5629675098515027,0
53,52,107,0.2201785646837076,0
53,52,108,0.201712803341268,0
53,52,109,-0.5353867181941463,0
53,52,110,-0.02408988746053221,0
53,52,111,-0.1147342315596095,0
53,52,112,0.2939032054489901,0
53,52,113,0.004719249567057163,0
53,52,114,-0.1354197379236392,0
53,52,115,-0.01985256892060764,0
53,52,116,0.1188287841092394,0
53,52,117,-0.1214015770491382,0
53,52,118,-0.1819531688937871,0
53,52,119,-0.1932228955545,0
53,52,120,0.1877295528554158,0
53,52,121,0.5671351368275179,0
53,52,122,-0.3826407383391361,0
53,52,123,-0.8245403175885528,0
53,52,124,0.3709575269490697,0
53,52,125,0.8789883665904065,0
53,52,126,-0.2248197509757099,0
53,52,127,-0.5809026414514561,0
53,52,128,0.1029524425434198,0
53,52,129,0.1826853995189254,0
53,52,130,-0.05573960362430973,0
53,52,131,0.02101447948892835,0
53,52,132,0.0293636772086948,0
53,52,133,-0.02045903283436184,0
53,52,134,0.01020111127163882,0
53,52,135,0.0003739460440300366,0
53,52,136,-0.0007280785685350434,0
53,52,137,-0.0003668723707876929,0
53,52,138,0.0003193057088719626,0
53,52,139,-0.001678458858477743,0
53,52,140,0.00203455972360984,0
53,52,141,-0.001626863381048757,0
53,52,142,0.001246378696793939,0
53,52,143,-0.001117003516640416,0
53,52,144,-6.403258498288863e-05,0
53,52,145,0.0003707990764091166,0
53,52,146,0.0008870341271513937,0
53,52,147,-0.000988732255616199,0
53,52,148,0.001972250384908346,0
53,52,149,-0.002095854622376066,0
53,52,150,0.0009480603436614251,0
53,52,151,-0.0001165969561147018,0
53,52,152,0.0006187406276251246,0
53,52,153,0.0006813721641719977,0
53,52,154,-0.001353358904908478,0
53,52,155,0.001548694552524696,0
53,52,156,-0.00118731784317349,0
53,52,157,0.0004797680839641301,0
53,52,158,-0.001125300052921052,0
53,52,159,0.001914501794068556,0
53,52,160,-0.001859650127878058,0
53,52,161,0.0004541014238844308,0
53,52,162,-0.001504206544259975,0
53,52,163,0.001806318451638684,0
53,52,164,-0.004177270717810261,0
53,52,165,0.001690942683490311,0
53,52,166,-0.001333320326104426,0
53,52,167,0.001291543257801444,0
53,52,168,-0.00160778117996225,0
53,52,169,0.00136148617228088,0
53,52,170,-0.0006265247810010624,0
54,53,0,-0.02922983250006413,0
54,53,1,0.7009061238765004,0
54,53,2,0.002095800363614985,0
54,53,3,0.14735729826938,0
54,53,4,-0.7879185795329652,0
54,53,5,-0.09193517344879147,0
54,53,6,-0.3559340883981486,0
54,53,7,0.866093422706814,0
54,53,8,0.2012359621103489,0
54,53,9,0.09365883698556583,0
54,53,10,-0.3876069355495183,0
54,53,11,0.07279787794292153,0
54,53,12,0.2407154357627873,0
54,53,13,-0.3926505518170567,0
54,53,14,-0.5939724554837159,0
54,53,15,-0.2515280253227272,0
54,53,16,0.6462542909132698,0
54,53,17,0.3756767546905618,0
54,53,18,-0.06340030706220014,0
54,53,19,-0.08431896913017098,0
54,53,20,0.3009321781670002,0
54,53,21,0.2987631523680524,0
54,53,22,-0.5028985747510993,0
54,53,23,-0.5333583913917146,0
54,53,24,-0.2053910652134673,0
54,53,25,0.4157736815588323,0
54,53,26,0.1164297763699578,0
54,53,27,-0.03314109118682289,0
54,53,28,0.1989619761861431,0
54,53,29,0.07765318139343083,0
54,53,30,-0.5888445049711962,0
54,53,31,-0.06701890102726916,0
54,53,32,-0.14506638702534,0
54,53,33,0.6777076226626511,0
54,53,34,0.1453693305289682,0
54,53,35,0.09669181121150126,0
54,53,36,-0.8055231668784804,0
54,53,37,-0.1493706893871335,0
54,53,38,0.4365860343411381,0
54,53,39,0.464392244319154,0
54,53,40,-0.3883260007531949,0
54,53,41,-0.5463416028021018,0
54,53,42,0.2538902023513067,0
54,53,43,0.8523449423275605,0
54,53,44,-0.01984105079581026,0
54,53,45,-0.6831590611801361,0
54,53,46,-0.1546545938698934,0
54,53,47,0.5847005689613357,0
54,53,48,0.3104983546138966,0
54,53,49,-0.7167041952631358,0
54,53,50,-0.5096559247508061,0
54,53,51,0.1960454128988028,0
54,53,52,0.5383946011680883,0
54,53,53,0.08617428057971162,0
54,53,54,-0.06513040933518179,0
54,53,55,0.3178893365930509,0
54,53,56,-0.3715776192816431,0
54,53,57,-0.4787810929801202,0
54,53,58,-0.03154970812284422,0
54,53,59,0.6377769704449718,0
54,53,60,0.08422786519069697,0
54,53,61,-0.003022508957858012,0
54,53,62,-0.7744004145903678,0
54,53,63,-0.07721223021079954,0
54,53,64,0.1242519091825497,0
54,53,65,0.9527379805287893,0
54,53,66,-0.009396721335577332,0
54,53,67,-0.5219230438200038,0
54,53,68,-0.6776438423759384,0
54,53,69,0.4641671427035062,0
54,53,70,0.2521935756455482,0
54,53,71,-0.02627548365293408,0
54,53,72,-0.5793831115569728,0
54,53,73,0.375037889425866,0
54,53,74,0.5791226478429831,0
54,53,75,-0.2039865022847678,0
54,53,76,-0.4658111830713458,0
54,53,77,-0.3705570205736913,0
54,53,78,0.6086600835479661,0
54,53,79,-0.08654256652172035,0
54,53,80,0.0005947729407055385,0
54,53,81,0.06284124877505753,0
54,53,82,0.4186697787075694,0
54,53,83,-0.2589538312889516,0
54,53,84,-0.8239816780579895,0
54,53,85,0.8394722311653505,0
54,53,86,0.492329677883286,0
54,53,87,-0.02164730335503883,0
54,53,88,-0.7877112105152833,0
54,53,89,-0.0316550102334125,0
54,53,90,0.05268471171602398,0
54,53,91,0.9069432448033216,0
54,53,92,-0.00670381958610919,0
54,53,93,-0.06080211079356815,0
54,53,94,-1,0
54,53,95,0.06271814764857861,0
54,53,96,0.2211584176142848,0
54,53,97,0.7384699006940255,0
54,53,98,-0.244270440391485,0
54,53,99,0.03319474947160374,0
54,53,100,-0.1718710116846973,0
54,53,101,0.1910358806660807,0
54,53,102,-0.1609348903947636,0
54,53,103,-0.2943950912974446,0
54,53,104,0.2052902261418457,0
54,53,105,-0.2590020988360116,0
54,53,106,0.06206141997568911,0
54,53,107,-0.1394181201864038,0
54,53,108,0.7582795005579109,0
54,53,109,0.3063573518443394,0
54,53,110,-0.4307030128196904,0
54,53,111,-0.6366811144360511,0
54,53,112,-0.02034115937129997,0
54,53,113,0.6836536481932096,0
54,53,114,-0.6791036101319524,0
54,53,115,-0.1987462389176719,0
54,53,116,-0.002758793404141672,0
54,53,117,0.8285304507815693,0
54,53,118,0.04435927538980283,0
54,53,119,-0.8617393217586603,0
54,53,120,-0.1276525686214365,0
54,53,121,0.7961857879138781,0
54,53,122,0.04212593570166741,0
54,53,123,-0.5761056217817507,0
54,53,124,-0.05625670805544288,0
54,53,125,0.2653222275987797,0
54,53,126,-0.1401482720002578,0
54,53,127,0.004251381071385608,0
54,53,128,0.4346675029615726,0
54,53,129,0.3384609620244494,0
54,53,130,-0.4612572116150664,0
54,53,131,-0.8343854004010243,0
54,53,132,0.1863980245590119,0
54,53,133,0.6792920218143628,0
54,53,134,0.003704211754802396,0
54,53,135,-0.0001501587626096055,0
54,53,136,0.000653984319845505,0
54,53,137,0.0005838241897205911,0
54,53,138,0.002244972988987527,0
54,53,139,-0.0008989363502857044,0
54,53,140,-0.00146197591039091,0
54,53,141,0.001534675217687523,0
54,53,142,0.00123860614909814,0
54,53,143,-0.002890262100431307,0
54,53,144,-0.0003741130976687272,0
54,53,145,0.0006105163540966739,0
54,53,146,-0.002818004085856467,0
54,53,147,-0.001478497752150013,0
54,53,148,0.001499470671812095,0
54,53,149,0.0009235464143262996,0
54,53,150,-0.001054312730517021,0
54,53,151,-0.001524276762045668,0
54,53,152,0.00342013132649021,0
54,53,153,0.0008518992614345949,0
54,53,154,-0.0005784932970981754,0
54,53,155,0.002168911478602479,0
54,53,156,0.002244931162478409,0
54,53,157,-0.001284017860927144,0
54,53,158,-0.001695656412713925,0
54,53,159,0.002283921695240653,0
54,53,160,0.0002296086010105683,0
54,53,161,-0.001530451591987068,0
54,53,162,-0.0003786341289628137,0
54,53,163,-0.0003293830373472153,0
54,53,164,-0.0003192868618176742,0
54,53,165,-0.002096861011788692,0
54,53,166,0.0005799998887888699,0
54,53,167,0.002594290707373594,0
54,53,168,-0.003208906152726215,0
54,53,169,0.0008373094158048216,0
54,53,170,0.0002843216339571397,0
55,54,0,0.04296608730589143,0
55,54,1,-0.293220130456518,0
55,54,2,-0.08604097601129443,0
55,54,3,0.08184749294810498,0
55,54,4,0.07334399269600479,0
55,54,5,-0.1244886722196217,0
55,54,6,-0.3911683676283916,0
55,54,7,0.311936034088361,0
55,54,8,0.3628981461172062,0
55,54,9,0.4928156415344437,0
55,54,10,-0.6124704717439226,0
55,54,11,-0.5433637375679375,0
55,54,12,-0.313703890840658,0
55,54,13,0.4282653888335468,0
55,54,14,0.1107204376973359,0
55,54,15,0.1437805533050362,0
55,54,16,-0.1699607409967419,0
55,54,17,0.05455426382707709,0
55,54,18,-0.09949371707725176,0
55,54,19,0.2328444947982237,0
55,54,20,0.1365085097125653,0
55,54,21,-0.004964664415906384,0
55,54,22,-0.1468059139897721,0
55,54,23,0.00314628473963765,0
55,54,24,0.1492403472890419,0
55,54,25,-0.3781101617148345,0
55,54,26,-0.4457301244565849,0
55,54,27,0.6711092083273473,0
55,54,28,0.3440253672432834,0
55,54,29,0.1903854605758681,0
55,54,30,0.6822441070415187,0
55,54,31,-0.02902227966510816,0
55,54,32,-0.4722022089296871,0
55,54,33,-0.5254561909958517,0
55,54,34,0.3742018045061351,0
55,54,35,0.657776101630577,0
55,54,36,0.2432302944643201,0
55,54,37,-0.5350202454438102,0
55,54,38,-0.4269878956277827,0
55,54,39,-0.00859673610517331,0
55,54,40,0.3065003401166052,0
55,54,41,0.006287190761389152,0
55,54,42,0.06719120546678525,0
55,54,43,0.3708560593446045,0
55,54,44,0.07347084677279034,0
55,54,45,-0.1386227852900326,0
55,54,46,-0.2019251789852014,0
55,54,47,-0.07305880031539147,0
55,54,48,-0.2266997171778905,0
55,54,49,-0.3337858870024949,0
55,54,50,0.3396356567931611,0
55,54,51,0.4466410204790046,0
55,54,52,0.04062868334295441,0
55,54,53,-0.454750778336565,0
55,54,54,0.06742023373215225,0
55,54,55,0.6285875527739538,0
55,54,56,-0.6959742020682689,0
55,54,57,-0.3733011342448476,0
55,54,58,-0.2508595307676748,0
55,54,59,-1,0
55,54,60,0.1876088839475734,0
55,54,61,0.3265718862102066,0
55,54,62,0.7719418624106428,0
55,54,63,-0.3823079497345851,0
55,54,64,-0.1000876499800466,0
55,54,65,-0.3628000491258435,0
55,54,66,0.2634500426498819,0
55,54,67,-0.3791144798263965,0
55,54,68,0.14186224337334,0
55,54,69,0.3018840392045803,0
55,54,70,0.4516131984027097,0
55,54,71,-0.2654059898966551,0
55,54,72,-0.6432259388610029,0
55,54,73,-0.006255855838893344,0
55,54,74,0.2857077082339306,0
55,54,75,-0.07630873388988191,0
55,54,76,-0.1532583550371317,0
55,54,77,0.2891975477687231,0
55,54,78,0.710903033649438,0
55,54,79,-0.2064347454622824,0
55,54,80,-0.7935549416357398,0
55,54,81,-0.2158251295926716,0
55,54,82,0.3556895802288544,0
55,54,83,0.4123106457036745,0
55,54,84,-0.4937592321629744,0
55,54,85,0.3491339561176723,0
55,54,86,0.2456176666020989,0
55,54,87,0.06898448795147401,0
55,54,88,0.868296026653086,0
55,54,89,-0.1720664344822439,0
55,54,90,0.08307497410438336,0
55,54,91,-0.5388296611727305,0
55,54,92,0.1557587797223735,0
55,54,93,-0.3593750702755427,0
55,54,94,0.02804789099003331,0
55,54,95,0.03914674873747002,0
55,54,96,0.5036902796250001,0
55,54,97,0.1385749426204453,0
55,54,98,-0.393636171404485,0
55,54,99,-0.01598818706353883,0
55,54,100,0.1871945327570876,0
55,54,101,0.2863436872366133,0
55,54,102,-0.6013532363739426,0
55,54,103,-0.441600530293208,0
55,54,104,0.3963632819275413,0
55,54,105,0.5619154274175717,0
55,54,106,-0.0222375528736252,0
55,54,107,-0.6749806664147813,0
55,54,108,-0.06751877044817164,0
55,54,109,0.6601193631962837,0
55,54,110,0.1666832404942858,0
55,54,111,-0.1354753504873003,0
55,54,112,-0.5582606143309448,0
55,54,113,0.2882398239787738,0
55,54,114,-0.03956785287403743,0
55,54,115,-0.1160123076764133,0
55,54,116,0.09686424819344305,0
55,54,117,-0.5193413421631138,0
55,54,118,-0.1999187901847909,0
55,54,119,0.1938470928577935,0
55,54,120,0.171958410570347,0
55,54,121,0.2325033237976958,0
55,54,122,-0.002741527450013784,0
55,54,123,-0.3189808292395529,0
55,54,124,-0.3547923801565802,0
55,54,125,-0.1389279528015034,0
55,54,126,0.4582361972245795,0
55,54,127,0.7028922332127613,0
55,54,128,-0.1987286259497144,0
55,54,129,-0.5417782208195306,0
55,54,130,-0.04674616257992984,0
55,54,131,-0.1256020285370698,0
55,54,132,0.0454304108534439,0
55,54,133,0.3709091213898361,0
55,54,134,-0.07509805199785589,0
55,54,135,-0.0002227430840869746,0
55,54,136,0.0004071676336006882,0
55,54,137,-0.001854665051130681,0
55,54,138,0.002505828672907812,0
55,54,139,-0.002540837228561145,0
55,54,140,0.0003317424324877796,0
55,54,141,0.0009765530753203933,0
55,54,142,0.000407702160950096,0
55,54,143,-0.001336388964013116,0
55,54,144,0.0006892819617716069,0
55,54,145,0.0005289397422263483,0
55,54,146,0.0003450574522434127,0
55,54,147,-0.0006129764089062392,0
55,54,148,0.000989208714668098,0
55,54,149,0.002120262597779766,0
55,54,150,-0.002871910531376691,0
55,54,151,1.796630935062193e-05,0
55,54,152,0.001605870730372135,0
55,54,153,0.001265658506638568,0
55,54,154,-0.002037328373939309,0
55,54,155,0.003093663871282839,0
55,54,156,0.000263087587065444,0
55,54,157,-0.000263616049964125,0
55,54,158,-0.001620914816880196,0
55,54,159,0.001354282291273209,0
55,54,160,0.001628139056195411,0
55,54,161,-0.001912617291926549,0
55,54,162,-0.002044465717003318,0
55,54,163,0.002426490388392754,0
55,54,164,-0.002443399393389626,0
55,54,165,-0.001587081606988142,0
55,54,166,0.002302472483613237,0
55,54,167,-0.000369324032615186,0
55,54,168,-0.0002313860421384457,0
55,54,169,-0.001196703574937054,0
55,54,170,0.00144840388907246,0
56,55,0,0.03196609852209335,0
56,55,1,-0.06703736181076357,0
56,55,2,-0.04645319575478779,0
56,55,3,-0.05200812315550257,0
56,55,4,0.06833889636406917,0
56,55,5,0.03020623686437505,0
56,55,6,0.00675249392553973,0
56,55,7,0.09937674059776455,0
56,55,8,0.08591590065019973,0
56,55,9,-0.06832467455924317,0
56,55,10,-0.307917113855754,0
56,55,11,-0.1899896095147535,0
56,55,12,0.3439317472143598,0
56,55,13,-0.0001007111083545163,0
56,55,14,-0.2847188259214833,0
56,55,15,-0.5608858732444489,0
56,55,16,0.6306701137838389,0
56,55,17,0.7151346377367174,0
56,55,18,0.3986841589898503,0
56,55,19,-0.734314072605006,0
56,55,20,-0.3875325233057766,0
56,55,21,-0.02066953194481613,0
56,55,22,0.1789781311777029,0
56,55,23,-0.2671619553156628,0
56,55,24,-0.1401308729090487,0
56,55,25,0.2771157168202227,0
56,55,26,0.3813452346138788,0
56,55,27,-0.2665382806256558,0
56,55,28,-0.06188898005341192,0
56,55,29,-0.04100877644800898,0
56,55,30,0.06741967477933475,0
56,55,31,0.1087238427166461,0
56,55,32,0.0004649405360300334,0
56,55,33,-0.0674367275285301,0
56,55,34,0.002109378879901224,0
56,55,35,0.06876131869895687,0
56,55,36,-0.1500268106026376,0
56,55,37,-0.1963657856344834,0
56,55,38,0.2026964800500777,0
56,55,39,0.6436612865016,0
56,55,40,0.4035625256634297,0
56,55,41,-0.6541757863471331,0
56,55,42,-0.7085277387160063,0
56,55,43,0.2233303246452013,0
56,55,44,0.6032044475610325,0
56,55,45,0.09381382852637957,0
56,55,46,-0.6052310768263788,0
56,55,47,0.03824484237867288,0
56,55,48,0.3647041004648808,0
56,55,49,0.01167394341586661,0
56,55,50,-0.5000435597593329,0
56,55,51,-0.1889954944359342,0
56,55,52,0.5789952311600417,0
56,55,53,0.3429037530373005,0
56,55,54,-0.09902881602271507,0
56,55,55,-0.2643116190638182,0
56,55,56,0.1318131549333792,0
56,55,57,-0.1884785833619109,0
56,55,58,-0.07219169030229111,0
56,55,59,-0.3028552512163195,0
56,55,60,-0.09215813462736849,0
56,55,61,0.2394937686566851,0
56,55,62,0.3413852581447632,0
56,55,63,-0.1275921419908282,0
56,55,64,-0.3997193347805169,0
56,55,65,-0.1815002453928713,0
56,55,66,0.3282536379371853,0
56,55,67,0.2855939357446449,0
56,55,68,-0.413448361219683,0
56,55,69,-0.5936862031548122,0
56,55,70,-0.01801084247987514,0
56,55,71,0.8036592441778295,0
56,55,72,0.09342471186898652,0
56,55,73,0.1625212355051831,0
56,55,74,-0.3701800022508267,0
56,55,75,0.1697039917245877,0
56,55,76,-0.4825337374040627,0
56,55,77,-0.1985962087543377,0
56,55,78,0.1849564773820017,0
56,55,79,0.3406960991054189,0
56,55,80,0.2976570398559031,0
56,55,81,-0.2020228206903471,0
56,55,82,0.0495080271396622,0
56,55,83,-0.2720801341256316,0
56,55,84,-0.3658581868844994,0
56,55,85,0.3901012439473041,0
56,55,86,0.4250969135891392,0
56,55,87,0.2105432367609719,0
56,55,88,0.7107921411118862,0
56,55,89,-0.009619170113479953,0
56,55,90,-0.383962218696875,0
56,55,91,-0.8098373965905246,0
56,55,92,0.1900299572898992,0
56,55,93,0.4567549225362668,0
56,55,94,0.7250676074159912,0
56,55,95,-0.2816190686701284,0
56,55,96,-0.4191380394018303,0
56,55,97,-0.2221590056875924,0
56,55,98,0.4007871155725964,0
56,55,99,0.1855823724740375,0
56,55,100,-0.3113120884524461,0
56,55,101,-0.09494602924075293,0
56,55,102,-0.06102254159486077,0
56,55,103,0.2251395045000212,0
56,55,104,-0.09163081295554786,0
56,55,105,-0.1559661694398356,0
56,55,106,0.07103208675302908,0
56,55,107,0.05758255598764263,0
56,55,108,0.5393259028554032,0
56,55,109,-0.1093519416448359,0
56,55,110,-0.2745265891459174,0
56,55,111,-0.568073312323116,0
56,55,112,0.2039176325498613,0
56,55,113,0.5590602905159181,0
56,55,114,-0.5728466325232872,0
56,55,115,-0.2708133153883122,0
56,55,116,-0.126330786976967,0
56,55,117,-0.8718229794456602,0
56,55,118,0.1013583324660598,0
56,55,119,1,0
56,55,120,0.02114258188257454,0
56,55,121,-0.8713078986745479,0
56,55,122,-0.05291402454345554,0
56,55,123,0.4779271143637988,0
56,55,124,0.1555673002333308,0
56,55,125,0.02570002077275573,0
56,55,126,-0.2546092923104281,0
56,55,127,-0.2452439468747616,0
56,55,128,0.4171722696610915,0
56,55,129,0.2988411501906875,0
56,55,130,-0.492477187355185,0
56,55,131,-0.4775956435595489,0
56,55,132,0.2842250268905437,0
56,55,133,0.4527566932926972,0
56,55,134,0.03099343502235617,0
56,55,135,-2.259591742848429e-05,0
56,55,136,-0.0004917803299628353,0
56,55,137,0.002118689152222124,0
56,55,138,-0.001500722347842506,0
56,55,139,0.0005903082939467236,0
56,55,140,-0.001142391174637456,0
56,55,141,0.002471181829228165,0
56,55,142,-0.001455618928802459,0
56,55,143,-0.0005606254310570779,0
56,55,144,0.0007179109053342494,0
56,55,145,-0.0001276107081101711,0
56,55,146,-0.001280119887130642,0
56,55,147,0.001285928550632577,0
56,55,148,0.001319406599385412,0
56,55,149,-0.001630919195571876,0
56,55,150,0.0002197440239795189,0
56,55,151,-0.0004541693120048898,0
56,55,152,0.002133312999171166,0
56,55,153,-0.001288519414442505,0
56,55,154,0.0008116282389261754,0
56,55,155,-0.001517159422446806,0
56,55,156,0.0005473248128805089,0
56,55,157,-0.002935438237539421,0
56,55,158,0.002214155670516523,0
56,55,159,0.0003981709874544536,0
56,55,160,-0.0004680878993668136,0
56,55,161,-0.001210826638617105,0
56,55,162,0.0008887421341125358,0
56,55,163,-0.0001738398934634652,0
56,55,164,0.001006916985976505,0
56,55,165,0.0008813725506108155,0
56,55,166,0.0001754841645445231,0
56,55,167,0.000903472535665472,0
56,55,168,-0.002713059659257673,0
56,55,169,0.001997577885301775,0
56,55,170,-0.0003345436473728561,0
57,56,0,0.09186717116660297,0
57,56,1,0.1067452970590879,0
57,56,2,-0.05880627258927903,0
57,56,3,-0.4075780316981676,0
57,56,4,0.4433080820696526,0
57,56,5,0.50597954902024,0
57,56,6,0.691683956687589,0
57,56,7,-0.8058249525059562,0
57,56,8,-0.6003945211553423,0
57,56,9,-0.3795041383541164,0
57,56,10,0.5009665219296806,0
57,56,11,0.1516645863029588,0
57,56,12,0.06897908304277243,0
57,56,13,-0.1035276607965612,0
57,56,14,0.2155577426684712,0
57,56,15,0.01323718367484805,0
57,56,16,0.1817043918100942,0
57,56,17,0.1029388755904864,0
57,56,18,-0.1477045172420534,0
57,56,19,0.06994747747376254,0
57,56,20,0.2178278544318263,0
57,56,21,0.1100303288984355,0
57,56,22,-0.4239252745866065,0
57,56,23,-0.3823816898209627,0
57,56,24,0.1649797314727345,0
57,56,25,-0.1920697774748664,0
57,56,26,-0.494251697504246,0
57,56,27,0.7591928114670443,0
57,56,28,0.5848275651943525,0
57,56,29,-0.4840678374767465,0
57,56,30,-0.7115663798244182,0
57,56,31,0.3090431541591441,0
57,56,32,0.7656845035792443,0
57,56,33,0.1923102831148648,0
57,56,34,-0.7426443402458784,0
57,56,35,-0.5151433285684656,0
57,56,36,0.2108287645748496,0
57,56,37,0.4270696208812819,0
57,56,38,-0.1598701918660086,0
57,56,39,0.006913617766327465,0
57,56,40,0.5430100094461593,0
57,56,41,0.2243213892926124,0
57,56,42,-0.1352025600827775,0
57,56,43,-0.3731567620793069,0
57,56,44,-0.1110690361017166,0
57,56,45,-0.2626443073730131,0
57,56,46,-0.4943162872154949,0
57,56,47,0.2279213756789154,0
57,56,48,0.145049393378187,0
57,56,49,-0.2278668851023036,0
57,56,50,0.1653093421508107,0
57,56,51,0.5839709918521744,0
57,56,52,0.5586271623276957,0
57,56,53,-0.6134015340249003,0
57,56,54,-0.2501605106414962,0
57,56,55,0.7285455366484952,0
57,56,56,-0.7656541504169055,0
57,56,57,-0.6933077767495927,0
57,56,58,0.3728339621318592,0
57,56,59,0.9065128787630143,0
57,56,60,-0.3826704242454358,0
57,56,61,-0.2114321662544306,0
57,56,62,-0.381263221587071,0
57,56,63,0.4311741848777136,0
57,56,64,-0.3842783673690443,0
57,56,65,-0.1082166821756141,0
57,56,66,0.1665951644712559,0
57,56,67,0.6006653099064257,0
57,56,68,-0.1129657443166408,0
57,56,69,-0.9004119505139281,0
57,56,70,0.1124105840461451,0
57,56,71,0.2397062367841123,0
57,56,72,-0.1539211456387711,0
57,56,73,-0.2569444182356813,0
57,56,74,0.3725708388075398,0
57,56,75,1,0
57,56,76,-0.2009605588086552,0
57,56,77,-0.446077402822004,0
57,56,78,0.2993961227205554,0
57,56,79,-0.09013458029810349,0
57,56,80,-0.5853859360124014,0
57,56,81,-0.8159828680452795,0
57,56,82,0.497426351177172,0
57,56,83,0.766115741516214,0
57,56,84,-0.4215036201453357,0
57,56,85,0.2777043232203849,0
57,56,86,0.4358160236229121,0
57,56,87,-0.02324234216550358,0
57,56,88,-0.5693239901587227,0
57,56,89,0.2079533915911464,0
57,56,90,-0.2833644621633526,0
57,56,91,0.09995440185961481,0
57,56,92,-0.05078977979120797,0
57,56,93,0.5039884803120297,0
57,56,94,0.2950562248108546,0
57,56,95,-0.3203883593115719,0
57,56,96,0.01569866000769641,0
57,56,97,0.03175395354336912,0
57,56,98,0.4295633521726663,0
57,56,99,-0.7574513449068582,0
57,56,100,-0.3780324039237042,0
57,56,101,0.56744371798139,0
57,56,102,0.2726662714417135,0
57,56,103,-0.2668590946812503,0
57,56,104,-0.7575498386719201,0
57,56,105,0.5709307484122703,0
57,56,106,0.7314742279567589,0
57,56,107,-0.4569349645731705,0
57,56,108,-0.3872866157251421,0
57,56,109,0.1611476970081706,0
57,56,110,0.7570859719429628,0
57,56,111,-0.0503214155366299,0
57,56,112,-0.7942062178353361,0
57,56,113,0.1029470269536952,0
57,56,114,0.1752863196260872,0
57,56,115,-0.1863040404409503,0
57,56,116,-0.1164756776104828,0
57,56,117,0.2122426503232324,0
57,56,118,0.1975654873216377,0
57,56,119,0.1459526712031392,0
57,56,120,-0.02812163469310721,0
57,56,121,-0.3873420433422248,0
57,56,122,-0.3599964729659384,0
57,56,123,0.01452108860930864,0
57,56,124,0.3910549037960115,0
57,56,125,0.6212888067433197,0
57,56,126,0.1781419467722767,0
57,56,127,-0.1620974430782741,0
57,56,128,-0.4681241519748936,0
57,56,129,-0.7729764348554089,0
57,56,130,0.2051618080499085,0
57,56,131,0.4799052949908423,0
57,56,132,-0.01989965234244297,0
57,56,133,0.2932795497334074,0
57,56,134,-0.1907330277784558,0
57,56,135,-8.585872240929761e-05,0
57,56,136,-0.0009965028782585946,0
57,56,137,0.002320048489376871,0
57,56,138,-0.003379394013007883,0
57,56,139,-0.0002037875781237666,0
57,56,140,0.000826316039343875,0
57,56,141,0.001420179232990339,0
57,56,142,0.0001486331073013194,0
57,56,143,-0.002635884865947426,0
57,56,144,0.0007077672954292677,0
57,56,145,-0.001157092265398334,0
57,56,146,0.00107903541703114,0
57,56,147,0.001225316164515582,0
57,56,148,0.002666627089869126,0
57,56,149,-0.001938742071635698,0
57,56,150,-0.003671155604317712,0
57,56,151,0.001617139261223677,0
57,56,152,0.0027609316507025,0
57,56,153,-0.003110634091879321,0
57,56,154,0.002223476352886038,0
57,56,155,-0.001924732204045941,0
57,56,156,-0.001692325260864672,0
57,56,157,-0.002746014704486021,0
57,56,158,0.0007929274299980704,0
57,56,159,0.003723553938685115,0
57,56,160,-0.0004084843530117121,0
57,56,161,-0.003090522667795776,0
57,56,162,0.002645540270983928,0
57,56,163,-0.001733362386926928,0
57,56,164,-0.001524670844982829,0
57,56,165,0.002604773520762984,0
57,56,166,0.001213739333457147,0
57,56,167,-0.001786926948151138,0
57,56,168,-0.001073706936711662,0
57,56,169,-0.0003202687672507559,0
57,56,170,0.00236235060894482,0
58,57,0,-0.08066251964264119,0
58,57,1,-0.07746229092957001,0
58,57,2,0.04819284955940414,0
58,57,3,0.1355321661974231,0
58,57,4,0.1928814850785371,0
58,57,5,0.03551162515947065,0
58,57,6,-0.2573059804011653,0
58,57,7,-0.4216928660936481,0
58,57,8,-0.09420162405768709,0
58,57,9,0.7199318290755224,0
58,57,10,-0.07157151703117755,0
58,57,11,-0.5467382582946851,0
58,57,12,-0.8230836300263593,0
58,57,13,0.8897384324038811,0
58,57,14,1,0
58,57,15,0.3153870573866432,0
58,57,16,-0.4706135856932264,0
58,57,17,0.07441484498476116,0
58,57,18,-0.04991336902671,0
58,57,19,-0.31644963782215,0
58,57,20,-0.6064570539991478,0
58,57,21,0.326742601567296,0
58,57,22,0.002862837462342302,0
58,57,23,-0.2870823066863699,0
58,57,24,-0.3873361328461504,0
58,57,25,0.5380036949764184,0
58,57,26,0.6041972576362661,0
58,57,27,-0.4321692119351727,0
58,57,28,-0.04400517707924291,0
58,57,29,0.08571525595572076,0
58,57,30,0.1363510227021302,0
58,57,31,-0.08274646197780335,0
58,57,32,-0.08660617786400114,0
58,57,33,-0.4267250046195901,0
58,57,34,-0.2157670928282891,0
58,57,35,0.2472121947599174,0
58,57,36,0.9473787543952121,0
58,57,37,0.3243829369452396,0
58,57,38,-0.7725497903452697,0
58,57,39,-0.8861751289832662,0
58,57,40,0.2570108477418002,0
58,57,41,0.3255446675464851,0
58,57,42,-0.04778193135553011,0
58,57,43,-0.6113723489301072,0
58,57,44,0.5276077508071179,0
58,57,45,0.1820407246502127,0
58,57,46,-0.7529329267617543,0
58,57,47,-0.2306673571275947,0
58,57,48,0.5675889323960368,0
58,57,49,0.8392338554020299,0
58,57,50,-0.53340126524612,0
58,57,51,-0.5803555654626336,0
58,57,52,0.5034307432035032,0
58,57,53,0.4203904195567929,0
58,57,54,0.1137117901031461,0
58,57,55,-0.3506363912697339,0
58,57,56,0.00295693976909558,0
58,57,57,-0.3747992001126607,0
58,57,58,0.2547563388173257,0
58,57,59,0.2935316608265444,0
58,57,60,-0.06144017305217126,0
58,57,61,-0.532749912990662,0
58,57,62,0.0284742397462159,0
58,57,63,0.5274647988984966,0
58,57,64,0.6085947311865575,0
58,57,65,-0.5446829181378436,0
58,57,66,-0.6111607282614215,0
58,57,67,-0.3557644576574152,0
58,57,68,0.6790137001197762,0
58,57,69,0.1330466563068108,0
58,57,70,0.6914408433311755,0
58,57,71,0.09006798943314163,0
58,57,72,0.3448339019616918,0
58,57,73,-0.895638132644767,0
58,57,74,-0.5615406542715907,0
58,57,75,0.4201197920455175,0
58,57,76,0.1953523446591738,0
58,57,77,-0.01874498361737046,0
58,57,78,-0.1225683148996381,0
58,57,79,0.1406886594600397,0
58,57,80,0.3279910584600156,0
58,57,81,-0.51708804486563,0
58,57,82,0.2446977613740844,0
58,57,83,-0.3278331195837131,0
58,57,84,-0.4123539673008953,0
58,57,85,0.6039689314736683,0
58,57,86,0.7260103301899491,0
58,57,87,-0.4414120272904875,0
58,57,88,-0.8247460893966974,0
58,57,89,0.1918738596576826,0
58,57,90,0.6004420775408762,0
58,57,91,0.58894391894343,0
58,57,92,-0.4645405125891239,0
58,57,93,-0.3765661346393455,0
58,57,94,-0.04792826864243736,0
58,57,95,0.3802660989442904,0
58,57,96,-0.1973276295305711,0
58,57,97,-0.3046699041067682,0
58,57,98,0.122074135824437,0
58,57,99,0.3826026097195798,0
58,57,100,-0.1143815227860851,0
58,57,101,-0.6049446682074149,0
58,57,102,-0.4409036467718752,0
58,57,103,0.6911861511320539,0
58,57,104,0.3082441928401564,0
58,57,105,0.4245499072751434,0
58,57,106,-0.4884170185677396,0
58,57,107,-0.3751701659637394,0
58,57,108,0.2454953158962814,0
58,57,109,0.3424364606980623,0
58,57,110,0.1776940742471251,0
58,57,111,-0.7108736970648175,0
58,57,112,-0.1980984073973789,0
58,57,113,0.7079608843039781,0
58,57,114,-0.5510481977714392,0
58,57,115,-0.5448793683793969,0
58,57,116,0.1472237905251815,0
58,57,117,0.8344002850468484,0
58,57,118,-0.005914786984138335,0
58,57,119,-0.7388612043061262,0
58,57,120,-0.2778334018312706,0
58,57,121,0.1600267182068514,0
58,57,122,0.6197406440088459,0
58,57,123,0.4905020160948497,0
58,57,124,-0.638322306922269,0
58,57,125,-0.6154155926968614,0
58,57,126,0.5010113428124575,0
58,57,127,0.1824983892939701,0
58,57,128,-0.1296128274604478,0
58,57,129,-0.01616296815811438,0
58,57,130,-0.3960108081529702,0
58,57,131,-0.356792868830902,0
58,57,132,0.4186577191082747,0
58,57,133,0.7216388602495911,0
58,57,134,-0.1052387693395503,0
58,57,135,-0.0008482469200110308,0
58,57,136,0.002138623608272835,0
58,57,137,-0.006053545949293629,0
58,57,138,0.0005294841142865752,0
58,57,139,-0.002916606383305403,0
58,57,140,0.004933640787077712,0
58,57,141,-0.001420754720869463,0
58,57,142,-0.0004229226786855962,0
58,57,143,-0.001558383876423651,0
58,57,144,-3.412370666873042e-05,0
58,57,145,-0.0009277178580855551,0
58,57,146,0.00232820448746722,0
58,57,147,0.004392505113585255,0
58,57,148,-0.00321095541697829,0
58,57,149,-0.000634752145860322,0
58,57,150,-0.001315345506770776,0
58,57,151,0.002080331099960772,0
58,57,152,0.002239587097524148,0
58,57,153,0.0008758996568003715,0
58,57,154,-0.0002220894650409297,0
58,57,155,0.001761314916008664,0
58,57,156,-0.00426449156827898,0
58,57,157,0.002531604133050093,0
58,57,158,0.0012758717017671,0
58,57,159,0.001467861443311145,0
58,57,160,-0.001896091300121126,0
58,57,161,-0.001950488741193716,0
58,57,162,0.0002723813419885126,0
58,57,163,-0.001174242869618448,0
58,57,164,0.003628847841458522,0
58,57,165,-0.001335627790623641,0
58,57,166,0.00282206512803502,0
58,57,167,-0.003421261900962804,0
58,57,168,-0.0002160873230815018,0
58,57,169,0.001345759105636143,0
58,57,170,0.0007838695583827895,0
59,58,0,0.0113930308826873,0
59,58,1,0.02331392760978647,0
59,58,2,-0.002475872556000784,0
59,58,3,-0.04625472484458096,0
59,58,4,0.03385769202336567,0
59,58,5,0.0548071324533479,0
59,58,6,0.0871037745494221,0
59,58,7,-0.09320778258700066,0
59,58,8,-0.08548515514252822,0
59,58,9,-0.08004363599943355,0
59,58,10,-0.06169893004378052,0
59,58,11,-0.08260766493896272,0
59,58,12,0.2230879428599122,0
59,58,13,0.3599917651733056,0
59,58,14,0.2475066978525124,0
59,58,15,-0.6389975795773486,0
59,58,16,-0.1875361729266609,0
59,58,17,0.2118923735959218,0
59,58,18,0.968743280457568,0
59,58,19,-0.3947771451508025,0
59,58,20,-0.7247360793420716,0
59,58,21,-0.8646710137881572,0
59,58,22,0.7066796853225522,0
59,58,23,0.6008446691469207,0
59,58,24,0.4563753067155934,0
59,58,25,-0.6197552939640451,0
59,58,26,-0.2090790767314215,0
59,58,27,0.4337967591503684,0
59,58,28,-0.01325030658429264,0
59,58,29,-0.02374139447278949,0
59,58,30,-0.05417410474705139,0
59,58,31,0.0056423314200715,0
59,58,32,0.03139858387688192,0
59,58,33,-0.02535799781016079,0
59,58,34,-0.08115573809660989,0
59,58,35,0.04743298711772239,0
59,58,36,0.1732818274562114,0
59,58,37,0.0994460333613746,0
59,58,38,-0.2304049484572235,0
59,58,39,-0.09929808983584984,0
59,58,40,0.16086529990624,0
59,58,41,0.02524514593954945,0
59,58,42,-0.4619278949982213,0
59,58,43,-0.5012284843847439,0
59,58,44,0.4984751565406719,0
59,58,45,0.9081032534982024,0
59,58,46,0.1626254872140012,0
59,58,47,-0.6413038151055234,0
59,58,48,-0.7943155624262059,0
59,58,49,0.07713393090480404,0
59,58,50,0.2930967680986779,0
59,58,51,0.4844110684697771,0
59,58,52,0.2240204472490842,0
59,58,53,-0.002915185486391132,0
59,58,54,-0.249781579674957,0
59,58,55,-0.3096407358817621,0
59,58,56,0.07412620851076843,0
59,58,57,0.07283322630354132,0
59,58,58,-0.001616096916855117,0
59,58,59,0.04881303586446632,0
59,58,60,0.01731642234548607,0
59,58,61,0.01599939870053014,0
59,58,62,0.08315969826834081,0
59,58,63,0.09827836276906771,0
59,58,64,-0.1402474138875622,0
59,58,65,-0.3690209108381154,0
59,58,66,-0.134477222891489,0
59,58,67,0.546077534496038,0
59,58,68,0.6952365168358129,0
59,58,69,0.1236246954119724,0
59,58,70,-0.7737543742400744,0
59,58,71,-0.5209994194199311,0
59,58,72,0.187579976443491,0
59,58,73,0.8463039413694441,0
59,58,74,0.01640554832629808,0
59,58,75,-0.2080035737972852,0
59,58,76,-1,0
59,58,77,0.2375890175080123,0
59,58,78,0.328671987754962,0
59,58,79,0.9253423159007627,0
59,58,80,-0.2729227835690232,0
59,58,81,-0.4369438600876773,0
59,58,82,-0.4462882771044851,0
59,58,83,0.2063573512839968,0
59,58,84,0.03103608521553523,0
59,58,85,-0.1090343963553707,0
59,58,86,0.2601976538569081,0
59,58,87,-0.1469846918390095,0
59,58,88,-0.2642599943896804,0
59,58,89,0.01554894304754791,0
59,58,90,0.2996512126417775,0
59,58,91,0.2189389337277137,0
59,58,92,-0.1569278660618224,0
59,58,93,-0.4486617633681035,0
59,58,94,-0.08833858794507746,0
59,58,95,0.217981402007209,0
59,58,96,0.4687188172272868,0
59,58,97,-0.3244110437848784,0
59,58,98,-0.4566377036343201,0
59,58,99,-0.3161565039543973,0
59,58,100,0.7148664778311149,0
59,58,101,0.3784423626126922,0
59,58,102,0.1028498770949168,0
59,58,103,-0.6911982391983056,0
59,58,104,-0.2613614910156921,0
59,58,105,-0.01921302851133753,0
59,58,106,0.5645536569597428,0
59,58,107,0.1281696039262621,0
59,58,108,0.2530760265395454,0
59,58,109,-0.405388281676879,0
59,58,110,-0.1866146515661462,0
59,58,111,-0.4091445947981208,0
59,58,112,0.3401459294879152,0
59,58,113,0.4667372014365542,0
59,58,114,-0.4735326987296369,0
59,58,115,-0.3191296575118325,0
59,58,116,0.188586761639571,0
59,58,117,0.4930736722548532,0
59,58,118,-0.3011638683936019,0
59,58,119,-0.6458518670890672,0
59,58,120,0.3922294621322904,0
59,58,121,0.7350427258042526,0
59,58,122,-0.6165378147025604,0
59,58,123,-0.6945273741692944,0
59,58,124,0.6555513359227929,0
59,58,125,0.4136381286493748,0
59,58,126,-0.6077186268876235,0
59,58,127,-0.2266998385717854,0
59,58,128,0.615522726175598,0
59,58,129,0.1535351531981431,0
59,58,130,-0.6399260381125645,0
59,58,131,-0.229917857896044,0
59,58,132,0.4247145579151182,0
59,58,133,0.2561993786448548,0
59,58,134,0.1059860232354616,0
59,58,135,-8.641121277227556e-05,0
59,58,136,0.0003341325196333597,0
59,58,137,-0.000265214449229007,0
59,58,138,-0.001650534699347164,0
59,58,139,0.0026635232871778,0
59,58,140,-0.002990225534884732,0
59,58,141,0.004152758106062825,0
59,58,142,-0.004681726332132814,0
59,58,143,0.002955335393895415,0
59,58,144,0.0002471256824475377,0
59,58,145,-0.001105927963720907,0
59,58,146,0.003317493102986486,0
59,58,147,-0.001223602260876473,0
59,58,148,0.001370451174907282,0
59,58,149,-0.002903655033754194,0
59,58,150,0.002677266075672544,0
59,58,151,-0.001975553881995775,0
59,58,152,0.001423119400462793,0
59,58,153,6.138854976815188e-05,0
59,58,154,-0.000331369194912303,0
59,58,155,-0.001389855399957966,0
59,58,156,0.0001006454466660945,0
59,58,157,-0.001423540012253013,0
59,58,158,0.002979908617534752,0
59,58,159,-0.002970724297298439,0
59,58,160,0.002157357955942428,0
59,58,161,-0.002368882076368544,0
59,58,162,-0.001137070269875538,0
59,58,163,0.001535043403733715,0
59,58,164,-0.004992677933152602,0
59,58,165,0.002619745031867296,0
59,58,166,-0.003855582069845412,0
59,58,167,0.003795713600520703,0
59,58,168,-0.004218841137615881,0
59,58,169,0.003296552052650819,0
59,58,170,-0.0009154102329278101,0
60,59,0,0.1604863060375029,0
60,59,1,-0.02219587594412167,0
60,59,2,-0.1900528016010387,0
60,59,3,-0.3527172488704922,0
60,59,4,0.6045572467135946,0
60,59,5,0.5869831581814882,0
60,59,6,0.2072690784555199,0
60,59,7,-0.6313307474642572,0
60,59,8,-0.2499905809871577,0
60,59,9,0.2139896296364141,0
60,59,10,-0.1601359824177122,0
60,59,11,-0.6274652093235477,0
60,59,12,-0.1074757533183017,0
60,59,13,0.08328860917650649,0
60,59,14,-0.01847711831019679,0
60,59,15,0.04183168883204991,0
60,59,16,0.02266601137777917,0
60,59,17,0.08919541662345627,0
60,59,18,-0.002647685809254563,0
60,59,19,0.2555934066275064,0
60,59,20,0.2720608243885603,0
60,59,21,-0.1408964168686831,0
60,59,22,0.2670549312097799,0
60,59,23,0.4814151645268347,0
60,59,24,-0.0698199982776917,0
60,59,25,-0.08204539705686863,0
60,59,26,0.1289029957659245,0
60,59,27,-0.5712467277412643,0
60,59,28,-0.6328346981894576,0
60,59,29,-0.4766209871099455,0
60,59,30,-0.4577941777346244,0
60,59,31,0.4157373599186843,0
60,59,32,0.4545837231311469,0
60,59,33,-0.2606826977668055,0
60,59,34,-0.7292708615842897,0
60,59,35,0.1569889650914287,0
60,59,36,0.5722639012512339,0
60,59,37,-0.03233205797080378,0
60,59,38,-0.4002139336575096,0
60,59,39,0.02202553391485167,0
60,59,40,0.9082032987712887,0
60,59,41,-0.09047810859648829,0
60,59,42,0.03867568124555741,0
60,59,43,0.5810956818846236,0
60,59,44,-0.01456925837618857,0
60,59,45,-0.1650091926030596,0
60,59,46,-0.1530312399564148,0
60,59,47,-0.07717886334221895,0
60,59,48,-0.3308584738120438,0
60,59,49,-0.5784451265258338,0
60,59,50,0.1232028273726034,0
60,59,51,-0.1750563657239078,0
60,59,52,-0.7601887400898621,0
60,59,53,0.4157955373179854,0
60,59,54,0.3934053116561297,0
60,59,55,-0.2172020225110864,0
60,59,56,0.5527278330323856,0
60,59,57,0.8748372181940066,0
60,59,58,0.4087255237347336,0
60,59,59,0.6809626502903784,0
60,59,60,-0.4344992162289989,0
60,59,61,-0.1450171819803655,0
60,59,62,0.001274116706370876,0
60,59,63,0.4430660752321485,0
60,59,64,-0.3312051456670059,0
60,59,65,-0.3813268290784745,0
60,59,66,0.3156750146935506,0
60,59,67,-0.09705439269444065,0
60,59,68,-0.0683697946631798,0
60,59,69,-0.5582914562166112,0
60,59,70,0.4794406615708928,0
60,59,71,-0.01182362441881755,0
60,59,72,-1,0
60,59,73,0.1644853105475919,0
60,59,74,0.2768315742102995,0
60,59,75,-0.1956007571530135,0
60,59,76,0.0111562321614323,0
60,59,77,0.3790758467072636,0
60,59,78,0.8424113522509943,0
60,59,79,-0.1823710676153364,0
60,59,80,-0.05017803442148039,0
60,59,81,0.8889646662181442,0
60,59,82,-0.3879253511755928,0
60,59,83,-0.6598134626523419,0
60,59,84,0.02162592573159975,0
60,59,85,-0.1742939855290189,0
60,59,86,-0.6781889372342991,0
60,59,87,-0.1438312910441261,0
60,59,88,-0.5538892432561503,0
60,59,89,0.2494589329698819,0
60,59,90,-0.1273145691652048,0
60,59,91,0.04763430783392077,0
60,59,92,-0.1106426880522175,0
60,59,93,0.2182462475583902,0
60,59,94,0.2476285935170296,0
60,59,95,-0.2736048657914579,0
60,59,96,0.3375862482114385,0
60,59,97,0.1295644621554385,0
60,59,98,0.132453352185563,0
60,59,99,-0.1299950716321168,0
60,59,100,-0.1311557190521132,0
60,59,101,0.6433898185887569,0
60,59,102,-0.5680987406196363,0
60,59,103,-0.3652389744716354,0
60,59,104,0.4796148141774987,0
60,59,105,-0.03080864571647177,0
60,59,106,-0.3107001731293871,0
60,59,107,-0.5968527550589237,0
60,59,108,0.4024474189389422,0
60,59,109,0.4309828751372661,0
60,59,110,-0.7416472647178474,0
60,59,111,0.07453239577104219,0
60,59,112,0.5338079306583964,0
60,59,113,0.1216423654867746,0
60,59,114,-0.1986504763224392,0
60,59,115,0.3394751379743187,0
60,59,116,-0.04693397265882206,0
60,59,117,0.3137118798723109,0
60,59,118,0.1440751150321279,0
60,59,119,0.01045175263195494,0
60,59,120,-0.03232020435424981,0
60,59,121,-0.2498578537419491,0
60,59,122,-0.1439953403380947,0
60,59,123,-0.04928812205853483,0
60,59,124,-0.1982746522013136,0
60,59,125,0.2351798489790605,0
60,59,126,0.3122193955814466,0
60,59,127,0.4961180237694939,0
60,59,128,0.1890175787792417,0
60,59,129,-0.06209684808491093,0
60,59,130,-0.2275420642273311,0
60,59,131,-0.6353667178844201,0
60,59,132,-0.01065784476714176,0
60,59,133,-0.1058405538703852,0
60,59,134,0.257703916984678,0
60,59,135,-0.000933577850455667,0
60,59,136,-0.0002229021039619191,0
60,59,137,-0.0003504343362228886,0
60,59,138,-0.000374383812626186,0
60,59,139,-0.002159400880294886,0
60,59,140,-0.0009568150279809679,0
60,59,141,-0.0006416301547252284,0
60,59,142,0.001181052400649515,0
60,59,143,0.002732628263143037,0
60,59,144,0.001971223027927771,0
60,59,145,-0.000920475065297886,0
60,59,146,-2.491115637651284e-05,0
60,59,147,0.0006158703830803651,0
60,59,148,0.002250536026194097,0
60,59,149,0.003213585506285017,0
60,59,150,0.0003845289577667277,0
60,59,151,-0.003299424840925435,0
60,59,152,-0.00298889781223444,0
60,59,153,-0.003031346550670117,0
60,59,154,0.0007362492765199963,0
60,59,155,0.002333963861360696,0
60,59,156,3.996818492032555e-05,0
60,59,157,-0.002053816168293633,0
60,59,158,-0.003700813274094688,0
60,59,159,-0.0007278378492677526,0
60,59,160,0.003117123510310051,0
60,59,161,0.002986631236885168,0
60,59,162,0.002299147017443761,0
60,59,163,-0.0007838606080664592,0
60,59,164,-0.002151889391873879,0
60,59,165,-0.0009831277121434005,0
60,59,166,0.002645556022645022,0
60,59,167,0.001995932074320469,0
60,59,168,-0.0003398156710513186,0
60,59,169,-0.001783802845669559,0
60,59,170,-0.00185096017358214,0
61,60,0,0.290898865496345,0
61,60,1,0.165070288052858,0
61,60,2,-0.1866351259358411,0
61,60,3,-0.6111131432126835,0
61,60,4,0.08452898826339078,0
61,60,5,0.3760466135750148,0
61,60,6,0.9473207290282415,0
61,60,7,-0.1882177938532439,0
61,60,8,-0.4418811604408065,0
61,60,9,-0.9040608983415463,0
61,60,10,0.7290387548913061,0
61,60,11,0.8717283183781276,0
61,60,12,0.2874364310684283,0
61,60,13,-0.3964342403457661,0
61,60,14,0.1416393613991017,0
61,60,15,-0.05875645073313254,0
61,60,16,-0.3167288649384605,0
61,60,17,-0.6293433693863918,0
61,60,18,0.2158998443494586,0
61,60,19,-0.3710193446831962,0
61,60,20,-0.6529261265349837,0
61,60,21,0.2450657601919807,0
61,60,22,0.5412211514625417,0
61,60,23,0.2251482729633675,0
61,60,24,-0.6100144905543854,0
61,60,25,0.4936498478950386,0
61,60,26,0.994984757216185,0
61,60,27,-0.7775277914382634,0
61,60,28,-0.3732557940636891,0
61,60,29,-0.4485330412772793,0
61,60,30,-0.5922080262888383,0
61,60,31,0.2593621786129947,0
61,60,32,0.5453560928119831,0
61,60,33,0.6704652043438522,0
61,60,34,-0.02505410386451975,0
61,60,35,-0.4556595026409749,0
61,60,36,-0.7729757674762187,0
61,60,37,-0.139404353779105,0
61,60,38,-0.02023642648645688,0
61,60,39,0.1456954958855921,0
61,60,40,-0.2684372359569654,0
61,60,41,0.6752736776463241,0
61,60,42,0.1939225456485737,0
61,60,43,-0.5527593612633714,0
61,60,44,-0.09273825733272034,0
61,60,45,0.5535658299233677,0
61,60,46,0.7220184961400655,0
61,60,47,-0.4063860410282596,0
61,60,48,-0.1281011999487398,0
61,60,49,1,0
61,60,50,-0.4878014971832113,0
61,60,51,-0.8290811452647945,0
61,60,52,-0.3416295259621025,0
61,60,53,0.7752796654494013,0
61,60,54,0.5412851439263214,0
61,60,55,-0.5982292236460741,0
61,60,56,0.1389363206742973,0
61,60,57,-0.2303907059007506,0
61,60,58,-0.2580147808690758,0
61,60,59,0.07636851648138311,0
61,60,60,0.05528898673574092,0
61,60,61,0.6589446471413292,0
61,60,62,-0.3810556700965952,0
61,60,63,-0.6567144935183878,0
61,60,64,-0.7506616225250129,0
61,60,65,0.6436801908935226,0
61,60,66,0.6596808508416974,0
61,60,67,0.531024298398989,0
61,60,68,-0.09836457717748251,0
61,60,69,0.3625063834956611,0
61,60,70,-0.3632610720370154,0
61,60,71,-0.5485006321045162,0
61,60,72,-0.2766382074320121,0
61,60,73,-0.4195645566876853,0
61,60,74,-0.313412624399544,0
61,60,75,-0.3352219396286628,0
61,60,76,0.7755837520595871,0
61,60,77,0.8085383608453004,0
61,60,78,-0.3300825855988829,0
61,60,79,-0.3558291452328252,0
61,60,80,0.02116799081921791,0
61,60,81,-0.08052626499750962,0
61,60,82,0.3829692281930908,0
61,60,83,-0.6243053095589889,0
61,60,84,-0.2403421647922696,0
61,60,85,0.7343626074418115,0
61,60,86,0.7780568401917586,0
61,60,87,0.557833867297692,0
61,60,88,0.5878954831467579,0
61,60,89,-0.2489465081939495,0
61,60,90,-0.6155400419026767,0
61,60,91,-0.2400404627238536,0
61,60,92,0.5752150679782939,0
61,60,93,-0.06340377107617542,0
61,60,94,-0.370259292458868,0
61,60,95,-0.2447424874224045,0
61,60,96,0.8510630426099159,0
61,60,97,0.2288866924796857,0
61,60,98,-0.8662412050777688,0
61,60,99,-0.3983946732287038,0
61,60,100,0.7087107773707226,0
61,60,101,0.7058524887784896,0
61,60,102,-0.2953400140665418,0
61,60,103,-0.4222459657612754,0
61,60,104,0.4755605069488755,0
61,60,105,0.5342893393132306,0
61,60,106,-0.6303829697704841,0
61,60,107,-0.6876113300280947,0
61,60,108,-0.02688194686575577,0
61,60,109,0.7840872787082764,0
61,60,110,0.5574425325574456,0
61,60,111,-0.6254811168017492,0
61,60,112,-0.4168970676992305,0
61,60,113,0.3950830285771705,0
61,60,114,-0.3733054076549535,0
61,60,115,-0.6179300167228019,0
61,60,116,-0.1697911759434973,0
61,60,117,-0.6314174062869637,0
61,60,118,-0.07421712655691629,0
61,60,119,0.4624178235728413,0
61,60,120,0.479297264085312,0
61,60,121,0.2871867223365935,0
61,60,122,-0.5410945909316819,0
61,60,123,-0.7665492342328459,0
61,60,124,-0.2279594080373056,0
61,60,125,-0.06114933826648104,0
61,60,126,0.8627646684233741,0
61,60,127,0.8782138069238986,0
61,60,128,-0.8369958092316939,0
61,60,129,-0.5279003974658063,0
61,60,130,0.1847630988987616,0
61,60,131,-0.06880514495583938,0
61,60,132,0.2453681869295228,0
61,60,133,0.6470330647783247,0
61,60,134,-0.282478942589412,0
61,60,135,0.00149189550740783,0
61,60,136,-0.00370232094704733,0
61,60,137,0.006091290466535201,0
61,60,138,-0.002457246983065315,0
61,60,139,0.004244725811613487,0
61,60,140,0.0006382344274601836,0
61,60,141,-0.00360143602432359,0
61,60,142,0.0004789275623154417,0
61,60,143,-0.0006426902895727525,0
61,60,144,0.0003945911738786408,0
61,60,145,0.0005782642352584646,0
61,60,146,0.002766419983450769,0
61,60,147,-0.00430173105669292,0
61,60,148,-0.001239202562503179,0
61,60,149,0.0004075443566161612,0
61,60,150,0.001443436751459127,0
61,60,151,0.002311758707699021,0
61,60,152,9.379479137234693e-05,0
61,60,153,-0.00159106158015125,0
61,60,154,0.0006351980599603326,0
61,60,155,-0.001200102463283348,0
61,60,156,0.00309726053356266,0
61,60,157,0.002277579220270476,0
61,60,158,-0.002114694980293123,0
61,60,159,0.0005966413794018208,0
61,60,160,-0.002877645523977663,0
61,60,161,-0.0003036429076222113,0
61,60,162,-0.0006567372906045403,0
61,60,163,0.00222214532133906,0
61,60,164,-0.007132042892278052,0
61,60,165,-0.000911733163625613,0
61,60,166,0.0002864577577072158,0
61,60,167,-0.001849834361440215,0
61,60,168,0.002670533584315084,0
61,60,169,-0.001057882511186291,0
61,60,170,0.001695146868226503,0
62,61,0,-0.01611304252296478,0
62,61,1,-0.03721868574145416,0
62,61,2,-0.008687191413797502,0
62,61,3,0.04197414743526711,0
62,61,4,0.07232746454046148,0
62,61,5,0.01781058849046693,0
62,61,6,-0.124303426971859,0
62,61,7,-0.1693327385095199,0
62,61,8,-0.04956721928459852,0
62,61,9,0.4938168920361536,0
62,61,10,0.4523835040886021,0
62,61,11,0.225533584558097,0
62,61,12,-1,0
62,61,13,-0.03451380627841462,0
62,61,14,0.4531868916005209,0
62,61,15,0.9028156586251315,0
62,61,16,-0.8160035188323087,0
62,61,17,-0.9432516411794566,0
62,61,18,-0.07671493910934568,0
62,61,19,0.6341301134739982,0
62,61,20,-0.02133400463263059,0
62,61,21,-0.4817207436726631,0
62,61,22,0.0689954202809562,0
62,61,23,0.6379634416386726,0
62,61,24,0.3782496785906774,0
62,61,25,-0.329241700039609,0
62,61,26,-0.3032244038120025,0
62,61,27,0.3359272354712691,0
62,61,28,0.05310896414230817,0
62,61,29,-0.0946076796135004,0
62,61,30,-0.07601036575121443,0
62,61,31,0.04993654202222853,0
62,61,32,0.1753239765382073,0
62,61,33,0.1104305621370318,0
62,61,34,-0.01425288551144139,0
62,61,35,-0.2848040545103971,0
62,61,36,-0.1221878565878534,0
62,61,37,0.05430640258088861,0
62,61,38,0.06696835885715809,0
62,61,39,-0.4742484123311719,0
62,61,40,-0.5989446687230953,0
62,61,41,0.4321257618439791,0
62,61,42,0.9832613310279891,0
62,61,43,0.2761986674779213,0
62,61,44,-0.1251106400934929,0
62,61,45,-0.3221481849658362,0
62,61,46,0.2428988410459229,0
62,61,47,-0.6080235194903323,0
62,61,48,-0.3392430039266939,0
62,61,49,0.3160933804711906,0
62,61,50,0.5344600338182178,0
62,61,51,0.3832480129377032,0
62,61,52,-0.06661004407588031,0
62,61,53,-0.11286726795868,0
62,61,54,-0.2599874426800165,0
62,61,55,-0.4389428901235009,0
62,61,56,0.0510309880823531,0
62,61,57,0.1089158025156859,0
62,61,58,0.1018629875699952,0
62,61,59,0.1626811838927587,0
62,61,60,-0.04421728352608864,0
62,61,61,-0.1695190959749861,0
62,61,62,-0.4127839005330304,0
62,61,63,-0.1971767758841954,0
62,61,64,0.4274873700614181,0
62,61,65,0.7822167474493826,0
62,61,66,0.2248158027272436,0
62,61,67,-0.8391626330669392,0
62,61,68,-0.6780104680431357,0
62,61,69,0.174980533658428,0
62,61,70,0.659234209063308,0
62,61,71,-0.2391452503727531,0
62,61,72,-0.3986364497700277,0
62,61,73,-0.276760784002654,0
62,61,74,0.5254147891484181,0
62,61,75,0.07030177224821514,0
62,61,76,-0.3437902936555791,0
62,61,77,-0.2064624659543029,0
62,61,78,0.01683606857125823,0
62,61,79,0.9509340730826871,0
62,61,80,-0.01724579395444772,0
62,61,81,-0.5603138591666135,0
62,61,82,-0.6702612407150834,0
62,61,83,0.1539661167754133,0
62,61,84,0.3409018147922878,0
62,61,85,-0.182830810544822,0
62,61,86,0.3241170595010157,0
62,61,87,0.3357097452256662,0
62,61,88,0.2946707890618965,0
62,61,89,-0.09382758619789186,0
62,61,90,-0.6032371872924807,0
62,61,91,-0.08538704164533636,0
62,61,92,0.4095385471111904,0
62,61,93,0.6665369890590795,0
62,61,94,-0.2914923813300805,0
62,61,95,-0.4668004074415733,0
62,61,96,-0.3555669365543501,0
62,61,97,0.718031554250487,0
62,61,98,0.4098927386978988,0
62,61,99,0.1363187768051045,0
62,61,100,-0.5080456893911883,0
62,61,101,-0.02959701009423169,0
62,61,102,-0.1560195896470674,0
62,61,103,0.01418220251253754,0
62,61,104,-0.03505166008950783,0
62,61,105,0.2856629636869132,0
62,61,106,0.1980788078407363,0
62,61,107,0.08894194388258612,0
62,61,108,-0.038330985579749,0
62,61,109,-0.3309586675005864,0
62,61,110,-0.07888280987049849,0
62,61,111,-0.4098650786236409,0
62,61,112,0.3710274706364395,0
62,61,113,0.5730149133344834,0
62,61,114,-0.5435122847926666,0
62,61,115,-0.5936362562645698,0
62,61,116,-0.342613345848199,0
62,61,117,-0.651667397592894,0
62,61,118,0.4618144737201466,0
62,61,119,0.7806629297709962,0
62,61,120,-0.4167046124474399,0
62,61,121,-0.6170781439561409,0
62,61,122,0.2548870689912442,0
62,61,123,0.2130327710064205,0
62,61,124,0.04481625885114442,0
62,61,125,0.2028118460332827,0
62,61,126,-0.3530416136726709,0
62,61,127,-0.2599034235642564,0
62,61,128,0.6351135690487797,0
62,61,129,0.2904265793397863,0
62,61,130,-0.9167490926260222,0
62,61,131,-0.2948399612430458,0
62,61,132,0.7715199024589968,0
62,61,133,0.3497887909353888,0
62,61,134,0.137398138005814,0
62,61,135,0.0001404093764381311,0
62,61,136,-0.000749977499074355,0
62,61,137,-0.002427855979818397,0
62,61,138,0.002975787172327057,0
62,61,139,-0.002378665264563381,0
62,61,140,0.002189105909993577,0
62,61,141,-0.001103672522452981,0
62,61,142,-0.002450141077949581,0
62,61,143,0.002913153310120264,0
62,61,144,-0.0009652887413780044,0
62,61,145,0.002346232397239305,0
62,61,146,-0.00500304378508658,0
62,61,147,0.0006805217162321512,0
62,61,148,-0.003583009263263906,0
62,61,149,0.002236458790929474,0
62,61,150,0.0007358729911640797,0
62,61,151,-0.0008092339222824047,0
62,61,152,0.000998160032121992,0
62,61,153,-0.0002133222787693103,0
62,61,154,-1.224876444588674e-05,0
62,61,155,0.002609206334087404,0
62,61,156,0.0005381569169354455,0
62,61,157,0.001043725239168489,0
62,61,158,0.0001578302938090363,0
62,61,159,-0.002377727614543145,0
62,61,160,0.002173793833046817,0
62,61,161,-0.0032755557931669,0
62,61,162,0.001773367571577386,0
62,61,163,-0.002286792443562461,0
62,61,164,0.004331129505793858,0
62,61,165,-0.002370614839004245,0
62,61,166,0.001713941631388951,0
62,61,167,0.0005141979770559355,0
62,61,168,-0.003150407258282269,0
62,61,169,0.004370511924462253,0
62,61,170,-0.001295228292071302,0
63,64,0,-0.07251827074337927,0
63,64,1,0.07596543892022843,0
63,64,2,0.1450241339557281,0
63,64,3,0.05551667086135593,0
63,64,4,-0.3381688367573963,0
63,64,5,-0.2664711901223031,0
63,64,6,0.1891804211171414,0
63,64,7,0.09112864506280213,0
63,64,8,-0.1794617952688011,0
63,64,9,-0.1647979360569074,0
63,64,10,0.3797036528159587,0
63,64,11,0.5088041122726105,0
63,64,12,-0.07756224435210268,0
63,64,13,0.2479348520347003,0
63,64,14,0.5939078480285613,0
63,64,15,-0.09492311493637318,0
63,64,16,0.1211887247693197,0
63,64,17,0.3476496100897398,0
63,64,18,0.05109229000581682,0
63,64,19,0.1211307078052453,0
63,64,20,0.2205856391914665,0
63,64,21,-0.1533101367138232,0
63,64,22,0.007977140851358002,0
63,64,23,0.1190771852218695,0
63,64,24,0.05695066436201849,0
63,64,25,-0.2425613386906713,0
63,64,26,-0.2388529649925032,0
63,64,27,-0.3864213738882052,0
63,64,28,-0.6069554210745035,0
63,64,29,0.2073954900834016,0
63,64,30,0.1086847668716768,0
63,64,31,-0.2797367323559696,0
63,64,32,-0.02846991228758743,0
63,64,33,0.3546397376175162,0
63,64,34,0.3727391917355691,0
63,64,35,-0.3126409435604323,0
63,64,36,-0.3096234177646061,0
63,64,37,0.288146069760657,0
63,64,38,-0.09753109003862087,0
63,64,39,-0.2525822433409589,0
63,64,40,-0.4510365796384634,0
63,64,41,0.2350631923415372,0
63,64,42,-0.1147123742884273,0
63,64,43,-0.8846232069188077,0
63,64,44,0.05374884830089745,0
63,64,45,-0.1105033673351786,0
63,64,46,-0.7983691648230333,0
63,64,47,0.1138364572477087,0
63,64,48,-0.07675090342906132,0
63,64,49,-0.5096961638969035,0
63,64,50,0.08678999089287764,0
63,64,51,0.154216945244795,0
63,64,52,-0.1202440738671139,0
63,64,53,0.2155250714440131,0
63,64,54,0.2989233178670382,0
63,64,55,0.3472349646102715,0
63,64,56,0.3808729696667373,0
63,64,57,0.923065105570942,0
63,64,58,-0.268151255039753,0
63,64,59,-0.2962159122552617,0
63,64,60,0.3214608818899551,0
63,64,61,0.05044884312703411,0
63,64,62,-0.2310585965782621,0
63,64,63,-0.3277978689676816,0
63,64,64,0.1781215829009699,0
63,64,65,0.3468921349701266,0
63,64,66,-0.2484482693606634,0
63,64,67,0.2096394104903465,0
63,64,68,0.1012018498377954,0
63,64,69,0.1877601913143536,0
63,64,70,0.09833272851557395,0
63,64,71,0.03351805491291288,0
63,64,72,0.6157310764056318,0
63,64,73,-0.192158491035358,0
63,64,74,0.07607210350642718,0
63,64,75,1,0
63,64,76,-0.1743012007749948,0
63,64,77,-0.1001204156370067,0
63,64,78,0.7532238207871058,0
63,64,79,-0.1595997229811615,0
63,64,80,-0.2243149079110411,0
63,64,81,0.1584664291579982,0
63,64,82,-0.2014762892434445,0
63,64,83,-0.380609625716273,0
63,64,84,-0.5042829250342108,0
63,64,85,-0.06169403323852406,0
63,64,86,-0.8013419334562806,0
63,64,87,0.2053081859083273,0
63,64,88,0.382771852469849,0
63,64,89,-0.2222831323227881,0
63,64,90,-0.02515455245933225,0
63,64,91,0.04216406152247762,0
63,64,92,0.1650863020425766,0
63,64,93,-0.06670522456105231,0
63,64,94,-0.244029721712807,0
63,64,95,0.1454123892410827,0
63,64,96,-0.1145606776876733,0
63,64,97,-0.01637915080589664,0
63,64,98,-0.01449923616495179,0
63,64,99,-0.2725378670254151,0
63,64,100,-0.036063436378911,0
63,64,101,-0.2654064318096793,0
63,64,102,-0.0009083683882856424,0
63,64,103,0.116876728030183,0
63,64,104,-0.565101770367571,0
63,64,105,0.2073047404374922,0
63,64,106,0.1989558517494481,0
63,64,107,-0.6884063217719193,0
63,64,108,0.3093954973950015,0
63,64,109,0.3793174059780318,0
63,64,110,-0.1579401177449111,0
63,64,111,0.005508318991138924,0
63,64,112,0.1649503367294974,0
63,64,113,0.4073789021800219,0
63,64,114,-0.2323987542549284,0
63,64,115,0.4567503506666956,0
63,64,116,-0.04631759572201741,0
63,64,117,-0.3229971955297727,0
63,64,118,-0.02670309031136484,0
63,64,119,0.09798140327373683,0
63,64,120,-0.02294105051751961,0
63,64,121,0.1114186476965499,0
63,64,122,0.1141454803570931,0
63,64,123,0.0585038845599325,0
63,64,124,0.02059298072179196,0
63,64,125,-0.08822245542165129,0
63,64,126,0.2568462526955578,0
63,64,127,-0.198797981754356,0
63,64,128,-0.1348689768680507,0
63,64,129,-0.4026418804364769,0
63,64,130,-0.1278705128917899,0
63,64,131,-0.3020348618334877,0
63,64,132,-0.05139942656128921,0
63,64,133,0.1546585222235605,0
63,64,134,0.2828009835290237,0
63,64,135,0.001125619163879003,0
63,64,136,-0.0002072092502652011,0
63,64,137,-0.0001242291753726372,0
63,64,138,-0.001555688624278862,0
63,64,139,-0.0002294766357847981,0
63,64,140,0.0005305501758754875,0
63,64,141,0.0009193138791738824,0
63,64,142,0.001191940028658125,0
63,64,143,0.00207983053946065,0
63,64,144,-0.001780156771234045,0
63,64,145,0.0002981902083228445,0
63,64,146,0.001962094353578345,0
63,64,147,0.00142415597664801,0
63,64,148,0.0004833917206127794,0
63,64,149,-0.001149388194372283,0
63,64,150,-0.001856693159300089,0
63,64,151,-0.003115050080780651,0
63,64,152,-0.001678588170127551,0
63,64,153,0.001874840645676809,0
63,64,154,0.0003607778767558563,0
63,64,155,-0.002016614799570933,0
63,64,156,-0.001953845638047233,0
63,64,157,-0.0003339665622379797,0
63,64,158,0.0003600641162307551,0
63,64,159,0.002846357122198195,0
63,64,160,0.00275979347185929,0
63,64,161,0.001614831618567255,0
63,64,162,-0.001316274253037988,0
63,64,163,3.350022435980785e-05,0
63,64,164,0.001393315144509953,0
63,64,165,0.0009492300128846806,0
63,64,166,0.0009437753095964998,0
63,64,167,-0.001341099526769565,0
63,64,168,-0.001907880678837444,0
63,64,169,-0.001662525731275986,0
63,64,170,-0.0005691300782265925,0
64,65,0,-0.05859975884678439,0
64,65,1,-0.03892039147678913,0
64,65,2,0.02684875417783887,0
64,65,3,0.1164573381847912,0
64,65,4,0.03573882630277999,0
64,65,5,-0.03193273918121769,0
64,65,6,-0.2112279751303451,0
64,65,7,-0.1002807220904205,0
64,65,8,0.006768066826347184,0
64,65,9,0.4451344216506435,0
64,65,10,0.1623757972854929,0
64,65,11,-0.001921713222289202,0
64,65,12,-0.6641383206890435,0
64,65,13,-0.07458889622650482,0
64,65,14,0.105220638772949,0
64,65,15,0.8255261894508011,0
64,65,16,0.1314011081045998,0
64,65,17,0.03666048876148156,0
64,65,18,-0.9897151243936833,0
64,65,19,-0.01412392098682622,0
64,65,20,0.1319405029831194,0
64,65,21,0.9352548834246758,0
64,65,22,-0.2047837193819457,0
64,65,23,-0.2292935053542085,0
64,65,24,-0.5740568811978211,0
64,65,25,0.3867116164876476,0
64,65,26,0.1906925953771752,0
64,65,27,-0.4331931801570121,0
64,65,28,-0.0553341210621426,0
64,65,29,-0.0299026332688836,0
64,65,30,-0.01244494777529715,0
64,65,31,-0.009609823533748625,0
64,65,32,0.1075624463433902,0
64,65,33,0.04050267648550802,0
64,65,34,-0.01570264179115222,0
64,65,35,-0.239321630609638,0
64,65,36,-0.05544220832278583,0
64,65,37,0.07241549790892386,0
64,65,38,0.3918755178018936,0
64,65,39,0.03256269339577431,0
64,65,40,-0.09531682432802668,0
64,65,41,-0.5720862268363868,0
64,65,42,-0.04880246856087599,0
64,65,43,-0.007284436806434737,0
64,65,44,0.6511564428153829,0
64,65,45,-0.1209598484904034,0
64,65,46,-0.2727021052781594,0
64,65,47,-0.5036814704974232,0
64,65,48,0.3379530625614277,0
64,65,49,0.1848006785190933,0
64,65,50,0.3519902010804171,0
64,65,51,-0.4522514210783337,0
64,65,52,-0.2494304594278844,0
64,65,53,-0.1844286693868687,0
64,65,54,0.3887517282039775,0
64,65,55,0.1830166443123291,0
64,65,56,-0.1605880222585783,0
64,65,57,0.01544904666835471,0
64,65,58,-0.005938179727710823,0
64,65,59,0.006157166070743682,0
64,65,60,0.01898048389551817,0
64,65,61,0.0127167946316775,0
64,65,62,-0.05122079588553786,0
64,65,63,-0.03336428412307859,0
64,65,64,-0.07678774626936095,0
64,65,65,0.0426864623253619,0
64,65,66,0.009966491097217166,0
64,65,67,0.2206942987565245,0
64,65,68,-0.03680013927508243,0
64,65,69,-0.08432418809683166,0
64,65,70,-0.183064640567224,0
64,65,71,0.2402303502404857,0
64,65,72,0.2944949926868677,0
64,65,73,0.02867724820282388,0
64,65,74,-0.4352293813180697,0
64,65,75,-0.1744532941934158,0
64,65,76,0.1247635678080803,0
64,65,77,0.4466416372223869,0
64,65,78,0.2829126779023777,0
64,65,79,-0.2318522900083591,0
64,65,80,-0.297661679445526,0
64,65,81,-0.04697313795582683,0
64,65,82,0.1060582380655592,0
64,65,83,0.07612783030878784,0
64,65,84,0.03767704259738545,0
64,65,85,-0.01882899325379517,0
64,65,86,-0.1388831001389631,0
64,65,87,0.06543221803472049,0
64,65,88,0.06087993941072679,0
64,65,89,-0.03767374041372721,0
64,65,90,-0.0945568010927981,0
64,65,91,-0.05252411983596762,0
64,65,92,0.02207772520730898,0
64,65,93,0.1324037592461769,0
64,65,94,0.09743541889154428,0
64,65,95,0.01485694898693205,0
64,65,96,-0.3054014057812426,0
64,65,97,-0.3289250606007315,0
64,65,98,-0.1895205787017627,0
64,65,99,0.4665761862528173,0
64,65,100,0.4725477934006507,0
64,65,101,0.2089754859578138,0
64,65,102,-0.6121640336021147,0
64,65,103,-0.3645593816505484,0
64,65,104,-0.1803897540614371,0
64,65,105,0.5839435070275683,0
64,65,106,0.1829517096731841,0
64,65,107,-0.009912825731425082,0
64,65,108,-0.414195555811527,0
64,65,109,0.02403513242812683,0
64,65,110,-0.07565964967875465,0
64,65,111,0.2733618799411844,0
64,65,112,-0.04571503142893008,0
64,65,113,0.02704604876659761,0
64,65,114,0.1153411433081165,0
64,65,115,0.03495967310608768,0
64,65,116,0.08346024992426516,0
64,65,117,0.0569516591504757,0
64,65,118,-0.2233969977285355,0
64,65,119,-0.1468883712703076,0
64,65,120,0.4633677523930621,0
64,65,121,0.3087477935277194,0
64,65,122,-0.8623392417072074,0
64,65,123,-0.4203720584142429,0
64,65,124,1,0
64,65,125,0.2439759749867236,0
64,65,126,-0.868443789821951,0
64,65,127,-0.04370225205578238,0
64,65,128,0.6892900285794479,0
64,65,129,-0.124504920743958,0
64,65,130,-0.4702404635496411,0
64,65,131,0.09498590147006973,0
64,65,132,0.2173582461618506,0
64,65,133,-0.155735401227818,0
64,65,134,0.1744167476415787,0
64,65,135,-6.420196330080707e-05,0
64,65,136,-0.0003089920751431366,0
64,65,137,-0.0007182332666892698,0
64,65,138,-0.0004581958096685958,0
64,65,139,-0.0009360412484913681,0
64,65,140,0.001646275834325573,0
64,65,141,-0.002405305391991273,0
64,65,142,0.002763139064598077,0
64,65,143,-0.001870437611144621,0
64,65,144,-0.0005518571593705326,0
64,65,145,-0.00015383409334837,0
64,65,146,-0.001841550526626727,0
64,65,147,0.001093780633303744,0
64,65,148,-0.002869284088796061,0
64,65,149,0.003034222158521579,0
64,65,150,-0.003864179490680823,0
64,65,151,0.002942744305134982,0
64,65,152,-0.001953500740918612,0
64,65,153,-0.000359362836625222,0
64,65,154,0.0001487424800885219,0
64,65,155,-0.003834243196291182,0
64,65,156,0.001764476753167248,0
64,65,157,-0.004016572223398596,0
64,65,158,0.003363654844611453,0
64,65,159,-0.002696274429743463,0
64,65,160,0.002105068072431631,0
64,65,161,-0.0003451376566954433,0
64,65,162,-0.0005801255941514301,0
64,65,163,0.0006018633395297023,0
64,65,164,-0.003558349344870753,0
64,65,165,0.001915250331231288,0
64,65,166,-0.002859250675296061,0
64,65,167,0.001838017387480095,0
64,65,168,-0.001090586932972004,0
64,65,169,-6.898486904552578e-05,0
64,65,170,0.000110157856090538,0
65,66,0,0.3976279489224353,0
65,66,1,0.01761312254011569,0
65,66,2,-0.3968175117191102,0
65,66,3,-0.5755379916951193,0
65,66,4,0.5476515552282361,0
65,66,5,0.6701435428178529,0
65,66,6,0.3425627648346649,0
65,66,7,-0.5014599316127699,0
65,66,8,-0.217778690628716,0
65,66,9,0.1719886923919199,0
65,66,10,0.2372014026633361,0
65,66,11,-0.1648426723980667,0
65,66,12,-0.2046465126130747,0
65,66,13,0.3933768788965178,0
65,66,14,0.6148016860613683,0
65,66,15,-0.1582387945476299,0
65,66,16,0.02692018787675218,0
65,66,17,0.4133714293047014,0
65,66,18,-0.04874411395667839,0
65,66,19,-0.3893353398482032,0
65,66,20,-0.3625052287012509,0
65,66,21,0.1529761188028569,0
65,66,22,-0.5351995908678033,0
65,66,23,-0.9066550980870816,0
65,66,24,0.3053541645906839,0
65,66,25,-0.09028741656983008,0
65,66,26,-0.5976851929388869,0
65,66,27,0.4235061428922496,0
65,66,28,0.328340013784875,0
65,66,29,-0.6529399147331936,0
65,66,30,-0.6205522332541445,0
65,66,31,0.5182163732601121,0
65,66,32,0.4587597763030463,0
65,66,33,0.1489078016490145,0
65,66,34,-0.3271379855497971,0
65,66,35,0.1074736966912456,0
65,66,36,0.04821382291640844,0
65,66,37,-0.308323609069745,0
65,66,38,-0.458961956421219,0
65,66,39,-0.3919861991898981,0
65,66,40,-0.06353666618966709,0
65,66,41,0.01736095765810276,0
65,66,42,-0.09316687228528436,0
65,66,43,-0.3148824711362199,0
65,66,44,0.4145211233033826,0
65,66,45,0.2848639501452343,0
65,66,46,-0.423864014642374,0
65,66,47,0.2901945111600621,0
65,66,48,0.4701227624648348,0
65,66,49,0.3446716254017756,0
65,66,50,-0.1397642802596485,0
65,66,51,0.1702413379305534,0
65,66,52,1,0
65,66,53,-0.5389676307508037,0
65,66,54,-0.4115318094001472,0
65,66,55,0.6670191395795578,0
65,66,56,-0.044983661279652,0
65,66,57,0.147621192392557,0
65,66,58,0.037987599215422,0
65,66,59,0.4300627900265249,0
65,66,60,-0.177058136324752,0
65,66,61,0.3543961000906428,0
65,66,62,-0.3589956427474056,0
65,66,63,-0.416202787280118,0
65,66,64,-0.2181650325178046,0
65,66,65,0.3880860763108389,0
65,66,66,0.5311798222286171,0
65,66,67,-0.2716759000954872,0
65,66,68,0.2020865621067871,0
65,66,69,0.8533033701330019,0
65,66,70,0.2382664699709472,0
65,66,71,-0.2071657743423596,0
65,66,72,0.0501204694610865,0
65,66,73,-0.1366990504178154,0
65,66,74,-0.4812124982341768,0
65,66,75,-0.3811198678169133,0
65,66,76,-0.2875162832514438,0
65,66,77,-0.2716167863695449,0
65,66,78,-0.3220890642038725,0
65,66,79,0.136272987048762,0
65,66,80,0.4441203933362919,0
65,66,81,-0.179154620102715,0
65,66,82,-0.05461727781571029,0
65,66,83,0.3185123701866302,0
65,66,84,-0.2698456994964342,0
65,66,85,-0.4970897050022805,0
65,66,86,-0.8388038918728625,0
65,66,87,0.4344155471859313,0
65,66,88,0.169741661268503,0
65,66,89,-0.1172521613706036,0
65,66,90,-0.5114868856163789,0
65,66,91,-0.002596787084629331,0
65,66,92,0.5106398374187083,0
65,66,93,-0.1951645642596131,0
65,66,94,-0.4223250876379916,0
65,66,95,-0.1964999047127097,0
65,66,96,0.4068929591511679,0
65,66,97,0.1257097788590874,0
65,66,98,-0.9095849144597746,0
65,66,99,0.453879259918846,0
65,66,100,0.4172718722336513,0
65,66,101,-0.296216890486881,0
65,66,102,-0.2510955526275154,0
65,66,103,0.3913385711963231,0
65,66,104,0.7535975882773601,0
65,66,105,-0.3553616065465646,0
65,66,106,-0.306574275585498,0
65,66,107,0.4648929672045438,0
65,66,108,0.2458970258647487,0
65,66,109,-0.5074104854015331,0
65,66,110,-0.4651153529296433,0
65,66,111,0.4641477374052508,0
65,66,112,0.2630222305669144,0
65,66,113,-0.05239262602406771,0
65,66,114,0.3002649404338955,0
65,66,115,0.8208718442501852,0
65,66,116,-0.2356468252959987,0
65,66,117,-0.3985870527141169,0
65,66,118,0.08106203554101715,0
65,66,119,0.3876738276012766,0
65,66,120,0.2409429329043238,0
65,66,121,0.1593255458319347,0
65,66,122,0.03294221804729112,0
65,66,123,-0.4377206811777858,0
65,66,124,-0.4480486698330615,0
65,66,125,-0.4866102632842546,0
65,66,126,-0.03601960061997476,0
65,66,127,0.1794957541094411,0
65,66,128,0.4638003400026401,0
65,66,129,0.5991952510115981,0
65,66,130,-0.1694767724138079,0
65,66,131,-0.1141963968930451,0
65,66,132,-0.3352695620573249,0
65,66,133,-0.3710522561135274,0
65,66,134,0.3229515659394054,0
65,66,135,0.0001263867435010725,0
65,66,136,-0.002730118581230099,0
65,66,137,-0.0007587023765471958,0
65,66,138,-0.001486115618242412,0
65,66,139,-0.000865870294971332,0
65,66,140,0.002676655629847984,0
65,66,141,0.002560025376438842,0
65,66,142,-0.0009328231257746579,0
65,66,143,-0.001411747910163966,0
65,66,144,0.001663103318981894,0
65,66,145,0.001089102096522557,0
65,66,146,0.0008509534306935867,0
65,66,147,0.0005413559443616644,0
65,66,148,-0.001804272468013884,0
65,66,149,-0.002217378141734238,0
65,66,150,-0.001089820888437155,0
65,66,151,0.000279727966438755,0
65,66,152,0.0008079608006781247,0
65,66,153,-0.00221249764265679,0
65,66,154,-0.0003288575155352216,0
65,66,155,0.003198786954497582,0
65,66,156,0.00140729667413153,0
65,66,157,0.002971112977319515,0
65,66,158,0.001091764314838019,0
65,66,159,-0.0008200086983158134,0
65,66,160,0.0006243177948137045,0
65,66,161,0.0008321556986472657,0
65,66,162,0.0005409102381869574,0
65,66,163,0.001328572054024136,0
65,66,164,-0.003314224339591387,0
65,66,165,-0.003498681794138976,0
65,66,166,-0.001068396961334059,0
65,66,167,0.0007770832004892464,0
65,66,168,0.0003694279647481133,0
65,66,169,6.612809228359407e-05,0
65,66,170,-0.001200687048054477,0
66,67,0,-0.2681059941752246,0
66,67,1,-0.1740830403321404,0
66,67,2,0.1054918562225217,0
66,67,3,0.5351248060413309,0
66,67,4,0.09067169584792618,0
66,67,5,-0.1830963751695864,0
66,67,6,-0.8653513755721652,0
66,67,7,-0.05092566237557207,0
66,67,8,0.2592100063853151,0
66,67,9,1,0
66,67,10,-0.1379616833861712,0
66,67,11,-0.3367360077659183,0
66,67,12,-0.4966637640299449,0
66,67,13,0.5401797293341083,0
66,67,14,0.3348970962144004,0
66,67,15,-0.373798788015016,0
66,67,16,-0.5548939284956272,0
66,67,17,0.004884858981772436,0
66,67,18,0.6401752227779143,0
66,67,19,-0.4517624252878663,0
66,67,20,-0.9502904531945419,0
66,67,21,0.03344670383314689,0
66,67,22,0.3287010097507937,0
66,67,23,-0.1608664021138611,0
66,67,24,-0.3541237941412504,0
66,67,25,0.001914267117688817,0
66,67,26,0.3152944132820357,0
66,67,27,-0.5708814116837678,0
66,67,28,-0.5267042954575198,0
66,67,29,0.06710535492210767,0
66,67,30,0.2025005327061573,0
66,67,31,0.01293472059697535,0
66,67,32,-0.003378908641220947,0
66,67,33,-0.3191624171943155,0
66,67,34,-0.1739832223284328,0
66,67,35,-0.1504246775521898,0
66,67,36,0.3454493040239959,0
66,67,37,0.1928945351431876,0
66,67,38,0.2112905145772016,0
66,67,39,-0.5337896408752864,0
66,67,40,-0.5094301729298268,0
66,67,41,-0.2040083674920783,0
66,67,42,0.3353981215214072,0
66,67,43,0.1551643391649142,0
66,67,44,0.4785376267034506,0
66,67,45,0.5314322978462412,0
66,67,46,0.5285213848260684,0
66,67,47,-0.1799589717386474,0
66,67,48,-0.2977797414163362,0
66,67,49,0.2079447224667998,0
66,67,50,-0.4524938191980906,0
66,67,51,-0.1819238617822341,0
66,67,52,0.4974786746640536,0
66,67,53,0.4256497091441931,0
66,67,54,0.5272715175740308,0
66,67,55,0.5191324050806045,0
66,67,56,0.1042339966618771,0
66,67,57,0.2707119657685254,0
66,67,58,0.3900225802332049,0
66,67,59,0.2499094507629487,0
66,67,60,-0.1767044119767789,0
66,67,61,-0.5968402660102803,0
66,67,62,-0.2168239006167405,0
66,67,63,0.1805280691627265,0
66,67,64,0.6943189544347184,0
66,67,65,0.3333396558245686,0
66,67,66,0.02561445414002397,0
66,67,67,-0.4261101577732472,0
66,67,68,-0.122289427548465,0
66,67,69,0.09306864561341546,0
66,67,70,-0.4960283713409696,0
66,67,71,-0.6082977130466251,0
66,67,72,-0.1844096482569348,0
66,67,73,0.8446375765583876,0
66,67,74,0.2362317616772512,0
66,67,75,-0.4971583122497227,0
66,67,76,-0.4627475296629947,0
66,67,77,0.3794773426360869,0
66,67,78,0.0110110736781585,0
66,67,79,-0.4583063833036683,0
66,67,80,-0.3791550567797576,0
66,67,81,-0.1839098291038126,0
66,67,82,0.6933959871787926,0
66,67,83,-0.169736530578075,0
66,67,84,-0.9986886007054734,0
66,67,85,0.386831465040041,0
66,67,86,-0.3601801484167574,0
66,67,87,0.09318784163009108,0
66,67,88,-0.06482193318468513,0
66,67,89,0.02977840878474669,0
66,67,90,-0.4123672823704367,0
66,67,91,0.1043288108502832,0
66,67,92,0.235976230966499,0
66,67,93,0.6320270200374892,0
66,67,94,-0.2858160299198399,0
66,67,95,-0.5072091651973543,0
66,67,96,-0.2057740933952484,0
66,67,97,0.6273797701036282,0
66,67,98,0.4379157878617152,0
66,67,99,-0.2103661395521918,0
66,67,100,-0.09950750141705321,0
66,67,101,0.4322076210378592,0
66,67,102,0.3574143916443404,0
66,67,103,-0.4703145943399352,0
66,67,104,-0.3564152141703558,0
66,67,105,-0.2766003986536774,0
66,67,106,0.2038705624531943,0
66,67,107,0.2189860878253644,0
66,67,108,0.3669364709310102,0
66,67,109,0.2237856400983403,0
66,67,110,0.4177289087268572,0
66,67,111,-0.03226296260981827,0
66,67,112,-0.5121193920086932,0
66,67,113,-0.1013951510079098,0
66,67,114,0.226880557720536,0
66,67,115,0.729796141086816,0
66,67,116,-0.3050914674894271,0
66,67,117,-0.2982631625052812,0
66,67,118,0.5058195463816486,0
66,67,119,0.4751289185898914,0
66,67,120,-0.4100006752321358,0
66,67,121,-0.4414755013231013,0
66,67,122,-0.1608480154680056,0
66,67,123,-0.07339085065602499,0
66,67,124,0.5367176258260656,0
66,67,125,0.5225083626288258,0
66,67,126,-0.2366056418050416,0
66,67,127,-0.04214486871301969,0
66,67,128,-0.538900012932504,0
66,67,129,-0.3512787823977133,0
66,67,130,0.9727190894321327,0
66,67,131,0.5518368719630909,0
66,67,132,-0.9333854088323112,0
66,67,133,-0.05037093384038015,0
66,67,134,-0.1192719235194652,0
66,67,135,-0.001174532372730655,0
66,67,136,0.001876433731417578,0
66,67,137,-0.006426799552716268,0
66,67,138,0.002451207770200038,0
66,67,139,0.0005837139325792811,0
66,67,140,-0.0008868061833548845,0
66,67,141,0.001710868758392248,0
66,67,142,0.0001421403862169957,0
66,67,143,-0.001039405544586318,0
66,67,144,-0.001382537573867457,0
66,67,145,0.00256244540061574,0
66,67,146,-0.006173587210357659,0
66,67,147,0.0006696956638210256,0
66,67,148,-0.001870157259543049,0
66,67,149,-0.001888719667569599,0
66,67,150,0.001582121171447618,0
66,67,151,-0.0006189736964502644,0
66,67,152,-0.0003528501057882601,0
66,67,153,5.230292310634141e-05,0
66,67,154,-0.00121922532765124,0
66,67,155,0.002246190358767592,0
66,67,156,0.001314916387832242,0
66,67,157,-0.001314297793481554,0
66,67,158,0.001064054487171965,0
66,67,159,0.001222270872216264,0
66,67,160,-0.001967524152110699,0
66,67,161,0.002649546647677472,0
66,67,162,0.00253789068114481,0
66,67,163,-0.003286566569824052,0
66,67,164,0.002787166341797026,0
66,67,165,-0.0004214947764011472,0
66,67,166,-0.001302300044562484,0
66,67,167,0.001845802461566296,0
66,67,168,0.0003452630380396968,0
66,67,169,-0.003408431235502395,0
66,67,170,0.002370163149248767,0
67,68,0,0.01480998568250697,0
67,68,1,-0.0174823071022148,0
67,68,2,-0.03207589565170776,0
67,68,3,0.002215564382494863,0
67,68,4,0.08975786766681215,0
67,68,5,0.06819141168360643,0
67,68,6,-0.1105189255315106,0
67,68,7,-0.1863949346948157,0
67,68,8,-0.08272077776471269,0
67,68,9,0.3557232046698603,0
67,68,10,0.09798304167282756,0
67,68,11,-0.09475785924484216,0
67,68,12,-0.1856747800583892,0
67,68,13,0.4402454904449569,0
67,68,14,0.5086834437646266,0
67,68,15,-0.2178333518507969,0
67,68,16,0.0888644469344049,0
67,68,17,0.5335581562729174,0
67,68,18,0.13267844250818,0
67,68,19,0.03375461597701664,0
67,68,20,0.1382917651415884,0
67,68,21,-0.007105680696534901,0
67,68,22,0.261000565163632,0
67,68,23,0.2757423142030105,0
67,68,24,-0.1018673758356658,0
67,68,25,0.2756129194322747,0
67,68,26,0.5269176221839601,0
67,68,27,0.3204613263821597,0
67,68,28,0.5970947736895004,0
67,68,29,-0.1069887018912127,0
67,68,30,-0.09638519363124937,0
67,68,31,0.04652757279217926,0
67,68,32,0.1417620357884933,0
67,68,33,0.06765559968661471,0
67,68,34,-0.03504539527842416,0
67,68,35,-0.09484311949187038,0
67,68,36,0.09051856041819079,0
67,68,37,0.1208029422490051,0
67,68,38,-0.1605480348737857,0
67,68,39,-0.3813725470388703,0
67,68,40,-0.2226405500542124,0
67,68,41,-0.1124807899955384,0
67,68,42,-0.0820955742646739,0
67,68,43,-0.3598318468646401,0
67,68,44,0.2148417377364282,0
67,68,45,0.0637513851461618,0
67,68,46,-0.5311185378199383,0
67,68,47,0.04695094861023213,0
67,68,48,-0.1703867521220265,0
67,68,49,-0.6532682255108955,0
67,68,50,-0.1289400603230127,0
67,68,51,-0.2053725803470764,0
67,68,52,-0.5111243882123792,0
67,68,53,-0.02257267224932442,0
67,68,54,-0.1928304621145496,0
67,68,55,-0.667826612852868,0
67,68,56,-0.279726392063561,0
67,68,57,-1,0
67,68,58,0.03406941446958679,0
67,68,59,0.1138234445817618,0
67,68,60,0.02950770036286623,0
67,68,61,-0.08722805675724336,0
67,68,62,-0.2759905594785643,0
67,68,63,-0.1757386349734122,0
67,68,64,0.2273215854359026,0
67,68,65,0.2873467824158602,0
67,68,66,0.01306288279846135,0
67,68,67,-0.1174221613419146,0
67,68,68,0.1246652983225785,0
67,68,69,0.3085269699697502,0
67,68,70,0.01352961050752338,0
67,68,71,-0.1575498578357803,0
67,68,72,0.2091167764233655,0
67,68,73,0.3220756799729754,0
67,68,74,0.02664781267712995,0
67,68,75,0.2371158192533156,0
67,68,76,-0.1576841790295844,0
67,68,77,0.09012694096062729,0
67,68,78,0.6276198288151481,0
67,68,79,-0.06747073579755408,0
67,68,80,0.06691198889339045,0
67,68,81,0.8278230248058996,0
67,68,82,0.2259736582601494,0
67,68,83,0.1394555393873681,0
67,68,84,0.7275330153050208,0
67,68,85,0.02553032132541957,0
67,68,86,0.8135128466899301,0
67,68,87,0.2333882845178458,0
67,68,88,0.15343475669673,0
67,68,89,-0.1206512102441774,0
67,68,90,-0.2538963603139363,0
67,68,91,0.08412850179172678,0
67,68,92,0.2752415777977418,0
67,68,93,0.07693821115703636,0
67,68,94,-0.2987315674250529,0
67,68,95,-0.1162837508738711,0
67,68,96,-0.001646985935015314,0
67,68,97,0.1675205613141426,0
67,68,98,-0.1301591332232667,0
67,68,99,-0.03279821360899471,0
67,68,100,0.05171240361245336,0
67,68,101,-0.09500943092946,0
67,68,102,-0.03776351401480188,0
67,68,103,0.002515925979296732,0
67,68,104,-0.1559228842032186,0
67,68,105,-0.3145908949336844,0
67,68,106,0.05688203451410164,0
67,68,107,-0.1870319249015688,0
67,68,108,0.04784410132876145,0
67,68,109,0.007114074906040851,0
67,68,110,-0.5551047831350064,0
67,68,111,0.07910908184952566,0
67,68,112,0.0502991294188368,0
67,68,113,-0.7731262235293871,0
67,68,114,0.3833561627140317,0
67,68,115,-0.3017011342167414,0
67,68,116,-0.1781594865826692,0
67,68,117,-0.3143630889551046,0
67,68,118,0.1564069908070043,0
67,68,119,0.2620442951636233,0
67,68,120,-0.05859279031158417,0
67,68,121,-0.01827601455354319,0
67,68,122,0.01660661506187298,0
67,68,123,-0.1090402686400603,0
67,68,124,0.05266989770975123,0
67,68,125,-0.01917328260926866,0
67,68,126,-0.01122720905634,0
67,68,127,-0.07493968934147675,0
67,68,128,0.04812101522281226,0
67,68,129,-0.09395775335658135,0
67,68,130,0.3607553517301758,0
67,68,131,-0.09637806164430933,0
67,68,132,-0.2684524377444605,0
67,68,133,-0.4437477490250463,0
67,68,134,-0.3674200629312386,0
67,68,135,9.772001794358583e-05,0
67,68,136,-0.0001333751996205928,0
67,68,137,-0.002818038758207287,0
67,68,138,-0.0007231548478910781,0
67,68,139,-0.001170732269029238,0
67,68,140,-0.0006980625423036417,0
67,68,141,0.0003805681027002295,0
67,68,142,-0.001013565196116567,0
67,68,143,-0.001692716136599372,0
67,68,144,-0.0006403826607525967,0
67,68,145,0.0009876794795237048,0
67,68,146,-0.0004695934299458048,0
67,68,147,0.00162510367207023,0
67,68,148,0.0003845706486054105,0
67,68,149,-0.0001184052854473708,0
67,68,150,0.001154793957646031,0
67,68,151,0.0007154113838571674,0
67,68,152,0.0006735150914790377,0
67,68,153,0.0001505079120492267,0
67,68,154,-0.0002138247838401618,0
67,68,155,0.0007957877505769461,0
67,68,156,-0.0003469644297569149,0
67,68,157,-0.0005632499788668568,0
67,68,158,-0.0004382760755871136,0
67,68,159,-0.0007154284057773025,0
67,68,160,-0.001014873018683599,0
67,68,161,0.0008684507929424678,0
67,68,162,0.0003521395479279453,0
67,68,163,-0.000642307217014676,0
67,68,164,0.0005234744529117651,0
67,68,165,-0.0006445336764074244,0
67,68,166,-0.000236266743581974,0
67,68,167,0.001101733879272815,0
67,68,168,0.0004086022616622231,0
67,68,169,-0.001177847545304065,0
67,68,170,-0.0003879940518343455,0
68,69,0,-0.03952151204857728,0
68,69,1,-0.03756141161714914,0
68,69,2,0.003777531883029306,0
68,69,3,0.09407449141046882,0
68,69,4,0.07101468685391434,0
68,69,5,0.01196113211852202,0
68,69,6,-0.2064413201959425,0
68,69,7,-0.1289457492182254,0
68,69,8,-0.007908492268707533,0
68,69,9,0.5171304313410817,0
68,69,10,0.2225609769483863,0
68,69,11,0.04277671181370558,0
68,69,12,-0.827356218428383,0
68,69,13,-0.2225445137208191,0
68,69,14,-0.04600596234436918,0
68,69,15,1,0
68,69,16,0.04765270982442569,0
68,69,17,-0.09323760104404225,0
68,69,18,-0.8424206844452053,0
68,69,19,0.1794989912382927,0
68,69,20,0.1264652832958393,0
68,69,21,0.4491747159325765,0
68,69,22,-0.2185372861458221,0
68,69,23,0.04232798261969784,0
68,69,24,-0.1272806631942793,0
68,69,25,0.1026760811245746,0
68,69,26,-0.1540806582680516,0
68,69,27,-0.02578421063611819,0
68,69,28,0.08503122361389411,0
68,69,29,-0.09252694991898333,0
68,69,30,-0.07272310532978461,0
68,69,31,0.01876467809216997,0
68,69,32,0.19271199833456,0
68,69,33,0.1014775637860332,0
68,69,34,-0.01638119309521099,0
68,69,35,-0.3537422708408289,0
68,69,36,-0.1635588124491966,0
68,69,37,0.01295375440127067,0
68,69,38,0.6708174317066612,0
68,69,39,0.2464893470083273,0
68,69,40,0.02779090126924962,0
68,69,41,-0.8017079058979888,0
68,69,42,-0.07374292581890148,0
68,69,43,0.060483401359696,0
68,69,44,0.7709456499122316,0
68,69,45,-0.1259931537818113,0
68,69,46,-0.07383063390608975,0
68,69,47,-0.7163423427198152,0
68,69,48,0.1344150569945125,0
68,69,49,0.02995832952762412,0
68,69,50,0.5893876657151786,0
68,69,51,-0.02354747748713516,0
68,69,52,0.04583171856327035,0
68,69,53,-0.3179387848443821,0
68,69,54,-0.007443462890764883,0
68,69,55,-0.1246247191629393,0
68,69,56,-0.08278720814649444,0
68,69,57,0.09652081805482012,0
68,69,58,-0.1042533211897768,0
68,69,59,-0.0576054433655864,0
68,69,60,0.02954892212445346,0
68,69,61,0.236971325453321,0
68,69,62,0.07243444741556332,0
68,69,63,-0.04680102065676945,0
68,69,64,-0.4367110215384481,0
68,69,65,-0.1253703033222346,0
68,69,66,0.0623041669739638,0
68,69,67,0.6747852828776589,0
68,69,68,0.08621451496500783,0
68,69,69,-0.1271541818084541,0
68,69,70,-0.6831996256187749,0
68,69,71,0.07651009288001002,0
68,69,72,0.06972282588136991,0
68,69,73,0.6569891936033809,0
68,69,74,-0.03602490846473046,0
68,69,75,0.04173648632190371,0
68,69,76,-0.7127148770828735,0
68,69,77,-0.07055664385934589,0
68,69,78,-0.08720874372005585,0
68,69,79,0.7326852772510062,0
68,69,80,0.04950568777285709,0
68,69,81,0.01346626834050384,0
68,69,82,-0.4879034537545036,0
68,69,83,0.08195550984583819,0
68,69,84,0.0117825779466688,0
68,69,85,-0.2136367962939789,0
68,69,86,0.04621029205877404,0
68,69,87,-0.0422799355122507,0
68,69,88,-0.005483237084589536,0
68,69,89,0.00659115321651491,0
68,69,90,0.1388965858413443,0
68,69,91,-0.01005249323519823,0
68,69,92,-0.05915304498135285,0
68,69,93,-0.2911766289379583,0
68,69,94,0.02499394175178916,0
68,69,95,0.113175655642297,0
68,69,96,0.5150208576997112,0
68,69,97,-0.02793641069204422,0
68,69,98,-0.1312609209317786,0
68,69,99,-0.676191362001954,0
68,69,100,-0.0596691727025382,0
68,69,101,-0.003184081419784333,0
68,69,102,0.7959885254020089,0
68,69,103,0.158600838708901,0
68,69,104,0.08769346430385222,0
68,69,105,-0.8120044254033058,0
68,69,106,-0.1046686529781327,0
68,69,107,-0.06106283240273917,0
68,69,108,0.7003982371137973,0
68,69,109,-0.06053989577594426,0
68,69,110,0.003029181989781348,0
68,69,111,-0.4435375553777898,0
68,69,112,0.2093691314103606,0
68,69,113,0.06200391451691051,0
68,69,114,-0.2626003263780898,0
68,69,115,-0.02127732195630757,0
68,69,116,0.0423422352688087,0
68,69,117,0.04991607151356234,0
68,69,118,-0.04106705592966833,0
68,69,119,-0.05958288034698795,0
68,69,120,-0.06287496522261019,0
68,69,121,0.008214831357794061,0
68,69,122,0.4346177364370455,0
68,69,123,0.1451760785517581,0
68,69,124,-0.8122693036696085,0
68,69,125,-0.2382114061289882,0
68,69,126,0.9713489650418653,0
68,69,127,0.1557867566842097,0
68,69,128,-0.8580143733945762,0
68,69,129,0.03036731610514265,0
68,69,130,0.573730144061553,0
68,69,131,-0.1753853341380591,0
68,69,132,-0.2719360546934196,0
68,69,133,0.2294138713517715,0
68,69,134,-0.1858279898509876,0
68,69,135,0.0001749192839317827,0
68,69,136,-0.0006819678194215344,0
68,69,137,0.001194307251135912,0
68,69,138,-0.0005581982398553811,0
68,69,139,-5.870412762778303e-05,0
68,69,140,0.0004210274253499401,0
68,69,141,-0.0004189889263416681,0
68,69,142,-4.902286244995414e-05,0
68,69,143,0.0003200672022833571,0
68,69,144,5.203037081815926e-05,0
68,69,145,-0.0004997026991189046,0
68,69,146,0.0001029194113589419,0
68,69,147,-6.032003784892798e-05,0
68,69,148,-0.0001102315038583901,0
68,69,149,0.0003681837117184947,0
68,69,150,-9.041385920234022e-05,0
68,69,151,-0.0004069133983580651,0
68,69,152,0.0002396132932097715,0
68,69,153,-0.0003122559364793621,0
68,69,154,0.0003730707282623354,0
68,69,155,-0.001535625074735749,0
68,69,156,8.416804260180899e-05,0
68,69,157,9.107298023701325e-05,0
68,69,158,-0.0003225087167688328,0
68,69,159,0.0002346203390119204,0
68,69,160,3.014856767395328e-05,0
68,69,161,-0.0005373542023936059,0
68,69,162,-0.0004826434135289142,0
68,69,163,0.0006819081894670547,0
68,69,164,-0.001173452621710895,0
68,69,165,-7.45351245956775e-05,0
68,69,166,0.0004067061045109739,0
68,69,167,-0.0006372235799371284,0
68,69,168,3.781127073013894e-05,0
68,69,169,0.0006963825438388194,0
68,69,170,-0.0008612312806100319,0
69,70,0,-0.2752265467836966,0
69,70,1,0.2201120327652467,0
69,70,2,0.5281037679018257,0
69,70,3,0.0808821471971201,0
69,70,4,-0.6156848270644344,0
69,70,5,-0.4564386394390424,0
69,70,6,0.3859639517572949,0
69,70,7,-0.2073115661162624,0
69,70,8,-0.7083389276966381,0
69,70,9,-0.1000993974716974,0
69,70,10,0.1939145364088098,0
69,70,11,0.03581630314060975,0
69,70,12,-0.1002987732062221,0
69,70,13,0.02650085463498184,0
69,70,14,0.2439283757085081,0
69,70,15,-0.05521639856205827,0
69,70,16,-0.1813718598955243,0
69,70,17,-0.140330654692927,0
69,70,18,0.02699210584276,0
69,70,19,-0.3187690492201404,0
69,70,20,-0.4972465848545375,0
69,70,21,0.2100868429547728,0
69,70,22,-0.1311761247875825,0
69,70,23,-0.4551724159058338,0
69,70,24,0.05352886040153816,0
69,70,25,0.1648251272008399,0
69,70,26,0.006100226351397306,0
69,70,27,0.3337388586284802,0
69,70,28,0.4982820584842773,0
69,70,29,0.5095639653198498,0
69,70,30,0.2309898128271445,0
69,70,31,-0.8189897621138431,0
69,70,32,0.1404550008727412,0
69,70,33,0.5963630119178535,0
69,70,34,0.4136269677111731,0
69,70,35,-0.4747167766640317,0
69,70,36,-0.06118043053565098,0
69,70,37,1,0
69,70,38,-0.2622865989183926,0
69,70,39,-0.06269455138441316,0
69,70,40,0.5946261936491961,0
69,70,41,0.2027198142290352,0
69,70,42,0.1671760477265527,0
69,70,43,0.09499374254424978,0
69,70,44,0.2092806341667619,0
69,70,45,0.2460663041530584,0
69,70,46,0.1377016797757282,0
69,70,47,-0.04137091494302118,0
69,70,48,0.04884837854937359,0
69,70,49,0.4085892722521276,0
69,70,50,-0.1629740163911987,0
69,70,51,-0.1677096178275268,0
69,70,52,0.3835535572276582,0
69,70,53,-0.3218403276824718,0
69,70,54,-0.2769201928329139,0
69,70,55,0.02180929292379607,0
69,70,56,-0.1033577928537783,0
69,70,57,-0.3456016038563459,0
69,70,58,-0.4103380116684831,0
69,70,59,-0.4881144290217646,0
69,70,60,0.7302823917932852,0
69,70,61,-0.2399879153418475,0
69,70,62,-0.3957421169063879,0
69,70,63,-0.1451726885341911,0
69,70,64,0.126414700275555,0
69,70,65,0.116718719188583,0
69,70,66,-0.7660520130935532,0
69,70,67,0.2082569628344506,0
69,70,68,-0.02171745048767692,0
69,70,69,-0.9856282048355578,0
69,70,70,0.1958317448066541,0
69,70,71,-0.2042571223380436,0
69,70,72,-0.8371251654926175,0
69,70,73,-0.0346644306208207,0
69,70,74,-0.03160805710879582,0
69,70,75,-0.3551783108250041,0
69,70,76,-0.08277496581466062,0
69,70,77,0.2209204869732566,0
69,70,78,0.06621426522927217,0
69,70,79,0.09122576631721649,0
69,70,80,0.351110463314134,0
69,70,81,0.1875927176075913,0
69,70,82,0.01675460686048922,0
69,70,83,0.1324098469235202,0
69,70,84,0.08845906707986453,0
69,70,85,-0.3364863453473644,0
69,70,86,-0.2288074030072965,0
69,70,87,0.1585417735925577,0
69,70,88,0.4750077811113384,0
69,70,89,-0.3914336378756604,0
69,70,90,0.2191205452066092,0
69,70,91,0.2087483388248414,0
69,70,92,-0.03878402527776968,0
69,70,93,0.09455132392578731,0
69,70,94,-0.09241976190144323,0
69,70,95,0.3428063489258479,0
69,70,96,0.1173391992066178,0
69,70,97,-0.05426032644078524,0
69,70,98,0.7085657751907534,0
69,70,99,-0.2217022932953526,0
69,70,100,-0.09050402960759142,0
69,70,101,0.8063380639877139,0
69,70,102,-0.336540512564596,0
69,70,103,-0.2346093930336956,0
69,70,104,0.5294079026628281,0
69,70,105,-0.09678391370430095,0
69,70,106,-0.3284596881490153,0
69,70,107,-0.1740016614469328,0
69,70,108,0.1907462307673451,0
69,70,109,-0.1688481619158011,0
69,70,110,-0.5557810642713147,0
69,70,111,0.2727005683960895,0
69,70,112,0.2605206186008808,0
69,70,113,-0.1207917697114015,0
69,70,114,0.272962626721416,0
69,70,115,0.4083919645822047,0
69,70,116,0.02555442547767016,0
69,70,117,-0.3390432309346979,0
69,70,118,-0.08438189426713197,0
69,70,119,-0.1006777008895575,0
69,70,120,-0.1443983639292851,0
69,70,121,0.09507545151995689,0
69,70,122,-0.07515727504712015,0
69,70,123,0.3032900161458685,0
69,70,124,-0.09532260178070498,0
69,70,125,0.3897611180151618,0
69,70,126,0.2025594763817835,0
69,70,127,0.3904397469803412,0
69,70,128,0.2423789462602537,0
69,70,129,0.1643561714629498,0
69,70,130,-0.1814435283333779,0
69,70,131,-0.2994877809908315,0
69,70,132,-0.1722801157232962,0
69,70,133,-0.2850913683276825,0
69,70,134,0.1418670315224402,0
69,70,135,0.002298288095842832,0
69,70,136,0.001817278588590329,0
69,70,137,-0.001668462042825443,0
69,70,138,-0.001242698869228235,0
69,70,139,0.0007718716849995995,0
69,70,140,0.001490841495920918,0
69,70,141,0.0002466488332653309,0
69,70,142,-0.001494994572035185,0
69,70,143,-0.001788984134658607,0
69,70,144,-0.00425041867517214,0
69,70,145,-0.002248897442291731,0
69,70,146,0.005301805358841993,0
69,70,147,0.001093378829087137,0
69,70,148,9.24351726917107e-05,0
69,70,149,-0.000158911897539948,0
69,70,150,0.0005484303115726167,0
69,70,151,0.001445816305074138,0
69,70,152,0.0006584114254531517,0
69,70,153,0.003982247645181036,0
69,70,154,0.00265693534487899,0
69,70,155,-0.004247102886197582,0
69,70,156,-0.001601116759967888,0
69,70,157,-0.001085768124504209,0
69,70,158,-0.00181384431554158,0
69,70,159,-0.001483605900477523,0
69,70,160,0.0005267096031683695,0
69,70,161,0.0007597463247631878,0
69,70,162,-0.002454248416304899,0
69,70,163,-0.001342316639168432,0
69,70,164,0.002212553298922217,0
69,70,165,0.001064210704831946,0
69,70,166,0.002409962994948195,0
69,70,167,0.002177273584600797,0
69,70,168,0.0003909044004322588,0
69,70,169,-0.0006502034852765408,0
69,70,170,-0.001266398877896495,0
70,71,0,0.08971713856153997,0
70,71,1,0.03519481825257532,0
70,71,2,-0.05235035767180769,0
70,71,3,-0.1557715764531281,0
70,71,4,-0.04458994227983899,0
70,71,5,0.02080400936909189,0
70,71,6,0.2919152230580772,0
70,71,7,0.1716786873382795,0
70,71,8,0.05955751148251052,0
70,71,9,-0.5661030449962473,0
70,71,10,-0.1146500659539549,0
70,71,11,0.07559448022474298,0
70,71,12,0.5575715968297551,0
70,71,13,-0.02609231186164384,0
70,71,14,-0.02611812046582288,0
70,71,15,-0.2133457051899493,0
70,71,16,0.2734278231736814,0
70,71,17,0.1196458203474458,0
70,71,18,-0.4445346952374621,0
70,71,19,-0.4679245173229785,0
70,71,20,-0.1456390537223758,0
70,71,21,1,0
70,71,22,0.233607412558185,0
70,71,23,-0.142354908719222,0
70,71,24,-0.8328196176856205,0
70,71,25,0.2788280725038663,0
70,71,26,0.2980693223631106,0
70,71,27,-0.5174499981273415,0
70,71,28,-0.05811510375294545,0
70,71,29,0.06294207833044335,0
70,71,30,0.0503210898856433,0
70,71,31,0.04814008366615838,0
70,71,32,-0.2125050929858587,0
70,71,33,-0.1006781935343857,0
70,71,34,0.0238286883170275,0
70,71,35,0.3499236544905402,0
70,71,36,0.03958019783121855,0
70,71,37,-0.1434868525680419,0
70,71,38,-0.4327468085700948,0
70,71,39,-0.008133384406259402,0
70,71,40,-0.01796961271120252,0
70,71,41,0.2984517326611401,0
70,71,42,-0.232177287765982,0
70,71,43,-0.2230755049822874,0
70,71,44,0.1574243887445327,0
70,71,45,0.4476451588561908,0
70,71,46,0.1778823249246479,0
70,71,47,-0.4912354084203261,0
70,71,48,-0.2677114027430917,0
70,71,49,0.02147049191545536,0
70,71,50,0.5210240341964327,0
70,71,51,-0.2019694050029991,0
70,71,52,-0.2154972808445461,0
70,71,53,-0.3585622463197293,0
70,71,54,0.4357636065781243,0
70,71,55,0.2619271924719538,0
70,71,56,-0.3038337598933082,0
70,71,57,-0.09531167702631023,0
70,71,58,0.06267533666986416,0
70,71,59,0.01476726891349773,0
70,71,60,-0.09331234478182511,0
70,71,61,-0.05774900969479088,0
70,71,62,0.09954745427903253,0
70,71,63,0.07633541257340311,0
70,71,64,0.1532626519492593,0
70,71,65,-0.05721536904067491,0
70,71,66,0.006285480634773508,0
70,71,67,-0.1118296850505122,0
70,71,68,0.2017607984276249,0
70,71,69,0.3018788134975169,0
70,71,70,-0.1985313291616458,0
70,71,71,-0.4446777867315389,0
70,71,72,-0.2094853395302929,0
70,71,73,0.3630795151015239,0
70,71,74,0.2437818074264433,0
70,71,75,0.06443884059916262,0
70,71,76,-0.2244151801042426,0
70,71,77,0.2070169861111741,0
70,71,78,0.1872504260308199,0
70,71,79,-0.05647549377513733,0
70,71,80,-0.3888414094059329,0
70,71,81,-0.150889277480289,0
70,71,82,0.1089730337944232,0
70,71,83,0.2449804673275814,0
70,71,84,0.08428881652487659,0
70,71,85,-0.06940379823373337,0
70,71,86,-0.119182380227358,0
70,71,87,-0.124401434982926,0
70,71,88,-0.1304754733741216,0
70,71,89,0.08044096641099371,0
70,71,90,0.1315545645803414,0
70,71,91,0.09872869254525599,0
70,71,92,0.02124864746950493,0
70,71,93,-0.2280651347755244,0
70,71,94,-0.2292395312484197,0
70,71,95,-0.1415930968906469,0
70,71,96,0.4906285609434859,0
70,71,97,0.494164506329866,0
70,71,98,0.2445143223461707,0
70,71,99,-0.5256731648585813,0
70,71,100,-0.2362194351119715,0
70,71,101,-0.1485283186119296,0
70,71,102,0.2125101109884105,0
70,71,103,-0.2161397083659044,0
70,71,104,-0.1265007310128356,0
70,71,105,0.2097655215348921,0
70,71,106,0.4067011532292826,0
70,71,107,0.07563483996376461,0
70,71,108,-0.4020664062954937,0
70,71,109,-0.2508199376976685,0
70,71,110,-0.0732551501820204,0
70,71,111,0.3425353785367203,0
70,71,112,0.04306099621989964,0
70,71,113,0.03562251128917343,0
70,71,114,0.1360046274326342,0
70,71,115,0.01771591298686505,0
70,71,116,-0.1934545570508646,0
70,71,117,-0.1052603873906025,0
70,71,118,0.4497743823176428,0
70,71,119,0.2592310886055401,0
70,71,120,-0.7439861439049672,0
70,71,121,-0.3997090301668461,0
70,71,122,0.9556884399425153,0
70,71,123,0.2803372325348777,0
70,71,124,-0.5204798274834745,0
70,71,125,0.1632796808974088,0
70,71,126,-0.085697377667436,0
70,71,127,-0.4242876244268292,0
70,71,128,0.4743508916728399,0
70,71,129,0.2736344331407681,0
70,71,130,-0.5498561621801701,0
70,71,131,-0.09131393393744422,0
70,71,132,0.3363124996014105,0
70,71,133,-0.1003055030068324,0
70,71,134,0.2053659671715746,0
70,71,135,-4.189043161801797e-05,0
70,71,136,0.0004658116727969298,0
70,71,137,0.001437948316396263,0
70,71,138,-0.0002886329005058807,0
70,71,139,0.002455056760950881,0
70,71,140,-0.001437491629260126,0
70,71,141,-9.619435878181819e-05,0
70,71,142,0.001972930038452605,0
70,71,143,-0.002305221972614595,0
70,71,144,0.0009902699278078939,0
70,71,145,0.0005811088169471678,0
70,71,146,0.003049606887325282,0
70,71,147,-0.001655852228937658,0
70,71,148,0.002880631306992167,0
70,71,149,-0.0007798120820137187,0
70,71,150,-0.001288368851043204,0
70,71,151,0.003257534998055236,0
70,71,152,-0.002548194245851009,0
70,71,153,0.0005798529665680624,0
70,71,154,-0.0009312625903414854,0
70,71,155,0.006427392612317884,0
70,71,156,-0.001314620025420909,0
70,71,157,0.002475422177102188,0
70,71,158,0.0007371137847304365,0
70,71,159,-0.002103457797705905,0
70,71,160,0.002940202733771712,0
70,71,161,-0.001229728653780179,0
70,71,162,0.001359998881104647,0
70,71,163,-0.001133851289544878,0
70,71,164,0.004601637338461619,0
70,71,165,-0.001102966811582158,0
70,71,166,0.0008980077968575366,0
70,71,167,0.001511720693940437,0
70,71,168,-0.001982914203875256,0
70,71,169,0.001123687409406283,0
70,71,170,-0.0001812383278456912,0
71,72,0,0.2472442501874355,0
71,72,1,0.1825622511395537,0
71,72,2,-0.03420075279469782,0
71,72,3,-0.4347016164812625,0
71,72,4,0.1375720128890671,0
71,72,5,0.3489318942058128,0
71,72,6,0.229426819820654,0
71,72,7,-0.7310348362239625,0
71,72,8,-0.6577295239919592,0
71,72,9,0.2980814835685889,0
71,72,10,-0.2773740272344536,0
71,72,11,-1,0
71,72,12,0.08676230795673014,0
71,72,13,0.05558899372641479,0
71,72,14,-0.2876257598112832,0
71,72,15,0.008146690379395019,0
71,72,16,0.2068705615907611,0
71,72,17,0.2582973279978925,0
71,72,18,-0.04536392891219992,0
71,72,19,0.2537049548107217,0
71,72,20,0.4774441801142654,0
71,72,21,-0.06994362962871296,0
71,72,22,0.2043973590534629,0
71,72,23,0.4747464327696935,0
71,72,24,-0.2938594880381573,0
71,72,25,-0.2058418101155131,0
71,72,26,0.0039241686431029,0
71,72,27,-0.5987986711507096,0
71,72,28,-0.7497817268742389,0
71,72,29,-0.2409818961338655,0
71,72,30,-0.4399724976615797,0
71,72,31,-0.2380140376421206,0
71,72,32,0.4353018789678565,0
71,72,33,0.5595901359011416,0
71,72,34,0.08934251482775452,0
71,72,35,0.05939741750550898,0
71,72,36,0.410534515648298,0
71,72,37,0.6498546186919353,0
71,72,38,-0.3457349698688957,0
71,72,39,-0.2474305147900855,0
71,72,40,0.8799773733061562,0
71,72,41,-0.345010015931299,0
71,72,42,-0.2311969397709841,0
71,72,43,0.5750637165363592,0
71,72,44,-0.1132500793242681,0
71,72,45,-0.1223197065611786,0
71,72,46,-0.01040855495115996,0
71,72,47,-0.05055392352274634,0
71,72,48,-0.07909727795852889,0
71,72,49,-0.4491673257793846,0
71,72,50,0.2803761702247658,0
71,72,51,0.2340461249227512,0
71,72,52,-0.3002730464772614,0
71,72,53,0.3462728620306329,0
71,72,54,0.4712749671156302,0
71,72,55,0.1875510485034437,0
71,72,56,-0.00960986783079284,0
71,72,57,0.3898271816771632,0
71,72,58,-0.4188670866167696,0
71,72,59,0.001906442094102295,0
71,72,60,0.6761365549543112,0
71,72,61,0.04294418484482579,0
71,72,62,-0.8045147170079042,0
71,72,63,-0.6224171950278177,0
71,72,64,0.1657212405698787,0
71,72,65,0.1703933391457973,0
71,72,66,-0.6623136052436118,0
71,72,67,-0.1955621478521303,0
71,72,68,0.4749946262873004,0
71,72,69,-0.05237507195582074,0
71,72,70,0.1088977479016594,0
71,72,71,0.2422027759211919,0
71,72,72,-0.08028298950022845,0
71,72,73,0.3136978079731725,0
71,72,74,0.07792936119576782,0
71,72,75,-0.2687116810845727,0
71,72,76,-0.1025284269502531,0
71,72,77,-0.3281794923440852,0
71,72,78,-0.3274586991669743,0
71,72,79,-0.1210426667739301,0
71,72,80,-0.5268788611409992,0
71,72,81,-0.3954618889672632,0
71,72,82,0.1714301047278052,0
71,72,83,0.04710592012131902,0
71,72,84,-0.1554467131173649,0
71,72,85,0.5162318371270905,0
71,72,86,0.3403836036203494,0
71,72,87,0.6537263749578649,0
71,72,88,0.6165120368318839,0
71,72,89,-0.6386653831267032,0
71,72,90,-0.0328281497449186,0
71,72,91,0.4176824274151778,0
71,72,92,0.4649681383726597,0
71,72,93,-0.4198038483156217,0
71,72,94,-0.4808092782986463,0
71,72,95,0.5682252435438943,0
71,72,96,-0.01473669405726773,0
71,72,97,-0.3523415683023728,0
71,72,98,-0.1291945288446564,0
71,72,99,0.2898007896709278,0
71,72,100,-0.1724445219858402,0
71,72,101,-0.4861090422416648,0
71,72,102,0.2904936739847581,0
71,72,103,0.2006947138807057,0
71,72,104,0.04637576217285087,0
71,72,105,-0.07987878034430501,0
71,72,106,0.4065790465722874,0
71,72,107,0.8212624474942458,0
71,72,108,-0.3375286581820914,0
71,72,109,-0.07229380427683671,0
71,72,110,0.6837570091578614,0
71,72,111,-0.2250474178929401,0
71,72,112,-0.4503576871484099,0
71,72,113,-0.06302789605792805,0
71,72,114,-0.2027615418077691,0
71,72,115,-0.4671885388750084,0
71,72,116,-0.2009320078216164,0
71,72,117,-0.727563766215973,0
71,72,118,-0.1378861782112799,0
71,72,119,0.09392963433757412,0
71,72,120,0.1082431908180837,0
71,72,121,0.4644599476680357,0
71,72,122,0.2874781661444523,0
71,72,123,0.1543355586906305,0
71,72,124,-0.1580187930771865,0
71,72,125,-0.2079968005044834,0
71,72,126,-0.4237944397012103,0
71,72,127,-0.3039091767742799,0
71,72,128,0.01915921847684665,0
71,72,129,0.2455033731472925,0
71,72,130,0.2865896651440244,0
71,72,131,0.5678676349294682,0
71,72,132,0.07284212757488033,0
71,72,133,0.1694604149617326,0
71,72,134,-0.224373654300718,0
71,72,135,0.001895353739853518,0
71,72,136,-0.0002068357975695275,0
71,72,137,-0.005302639777597637,0
71,72,138,-0.001640124811304909,0
71,72,139,-0.002587744038078684,0
71,72,140,-0.0020543016194996,0
71,72,141,0.0005811954278328921,0
71,72,142,0.002355084672261516,0
71,72,143,0.001452446622620188,0
71,72,144,-0.002203993894923634,0
71,72,145,-0.001921851055717937,0
71,72,146,0.005321450988102852,0
71,72,147,0.002837566804435315,0
71,72,148,0.002074336584141828,0
71,72,149,0.0007688287910221649,0
71,72,150,-0.0006183598019296424,0
71,72,151,-0.001088464535166586,0
71,72,152,-0.001137551357421748,0
71,72,153,0.002623569646702582,0
71,72,154,0.002440130133444858,0
71,72,155,-0.00159340879739646,0
71,72,156,-0.001869037440914719,0
71,72,157,0.000301846647436964,0
71,72,158,0.00147939399688925,0
71,72,159,-9.877357284038435e-05,0
71,72,160,-0.001114297957093151,0
71,72,161,-0.001169755070774352,0
71,72,162,-0.003087619210582909,0
71,72,163,0.0001509220519148426,0
71,72,164,0.002773777332738573,0
71,72,165,4.284957829018749e-05,0
71,72,166,-0.001412629631158908,0
71,72,167,-0.0005065547828370175,0
71,72,168,0.0002083654609808673,0
71,72,169,0.001579351819506145,0
71,72,170,0.002177695965062924,0
72,73,0,-0.4595373285668446,0
72,73,1,-0.1668688782120467,0
72,73,2,0.2628557287171216,0
72,73,3,0.7151541628751059,0
72,73,4,-0.04496681148778125,0
72,73,5,-0.3017640285536373,0
72,73,6,-0.8416120201557532,0
72,73,7,0.03534459586168806,0
72,73,8,0.1545553175029467,0
72,73,9,0.3880070394166674,0
72,73,10,-0.5012062303749185,0
72,73,11,-0.4498647419872969,0
72,73,12,0.5368001479966644,0
72,73,13,0.3708200839552915,0
72,73,14,-0.2395409149003334,0
72,73,15,-0.3700758421090304,0
72,73,16,0.5062847679533663,0
72,73,17,0.733462292380978,0
72,73,18,-0.3474519074270266,0
72,73,19,-0.09026005879404383,0
72,73,20,0.5371711334212237,0
72,73,21,0.007258109824505875,0
72,73,22,-0.4310760085164974,0
72,73,23,-0.4279304908884045,0
72,73,24,0.404181554117126,0
72,73,25,-0.07134799654669867,0
72,73,26,-0.522193218277716,0
72,73,27,0.2567526203342347,0
72,73,28,0.0617038350916754,0
72,73,29,0.1147437275102891,0
72,73,30,0.2505694940362287,0
72,73,31,-0.08616071805999302,0
72,73,32,0.108866640571908,0
72,73,33,-0.2783292567568829,0
72,73,34,-0.2496038087917218,0
72,73,35,-0.2227264666284913,0
72,73,36,0.4515522171741471,0
72,73,37,0.4892384162316369,0
72,73,38,0.1903960594106714,0
72,73,39,-0.3094650028688004,0
72,73,40,-0.0460179046320881,0
72,73,41,-0.3391191647529076,0
72,73,42,-0.4309917644024057,0
72,73,43,-0.3704536129358152,0
72,73,44,-0.1852656100651068,0
72,73,45,0.1675211472054328,0
72,73,46,0.06627425252615983,0
72,73,47,0.5343151932385645,0
72,73,48,0.5021490450510582,0
72,73,49,0.009873461036488396,0
72,73,50,0.06025901433837982,0
72,73,51,-0.03583366205512657,0
72,73,52,-0.2127443834800107,0
72,73,53,-0.1882556783023169,0
72,73,54,-0.3472055390633456,0
72,73,55,0.02595183475989072,0
72,73,56,0.1518312370200964,0
72,73,57,0.3858285096276977,0
72,73,58,0.4528624594943338,0
72,73,59,0.2594292662796555,0
72,73,60,-0.05814162505978943,0
72,73,61,-0.7164554052624031,0
72,73,62,-0.3333507881209706,0
72,73,63,0.1194203819723307,0
72,73,64,0.4679512019222949,0
72,73,65,0.1031056959910786,0
72,73,66,-0.1222901295911681,0
72,73,67,0.4606964185794643,0
72,73,68,0.5203387590838489,0
72,73,69,0.07029378614500295,0
72,73,70,-0.7454453692702514,0
72,73,71,-0.2693222267426871,0
72,73,72,0.1682015257843682,0
72,73,73,-0.09783266540486529,0
72,73,74,-0.565232028755089,0
72,73,75,-0.2565872893345187,0
72,73,76,0.7882126044388815,0
72,73,77,0.07818274463298956,0
72,73,78,-0.5368966234030003,0
72,73,79,-0.1530852616907342,0
72,73,80,0.3052313788756336,0
72,73,81,0.1408494718442467,0
72,73,82,-0.5481890307922427,0
72,73,83,-0.1055275669911945,0
72,73,84,0.4613864841078921,0
72,73,85,-0.1458699807943453,0
72,73,86,-0.1108181954808801,0
72,73,87,0.2467506239071876,0
72,73,88,0.02917568956999187,0
72,73,89,-0.1501104487149102,0
72,73,90,-0.4136339488155292,0
72,73,91,0.347195123161177,0
72,73,92,0.4527407180549656,0
72,73,93,0.2659069752473877,0
72,73,94,-0.5812475576097111,0
72,73,95,-0.4289496155108858,0
72,73,96,0.372841219797775,0
72,73,97,0.3182684570734113,0
72,73,98,-0.1293903459235581,0
72,73,99,-0.3832442770483212,0
72,73,100,0.4237617318971608,0
72,73,101,0.5852165142617304,0
72,73,102,0.1312671248398424,0
72,73,103,-0.1468507666478304,0
72,73,104,0.237446418408692,0
72,73,105,0.1562158735240362,0
72,73,106,-0.2692605234626185,0
72,73,107,-0.2087559327093522,0
72,73,108,-0.4413344797506091,0
72,73,109,0.08871678430996674,0
72,73,110,0.2993541802657995,0
72,73,111,0.06333275525805793,0
72,73,112,0.22476122948708,0
72,73,113,0.2997185779365612,0
72,73,114,-0.4174604437075571,0
72,73,115,-0.6835306721544215,0
72,73,116,-0.4642357041540016,0
72,73,117,-0.5167837606793571,0
72,73,118,0.5699246774506099,0
72,73,119,0.4720635202491035,0
72,73,120,-0.2664222230233197,0
72,73,121,-0.1101484648216239,0
72,73,122,-0.2570265887568796,0
72,73,123,-0.3640710217520471,0
72,73,124,-0.04012233956248417,0
72,73,125,0.1659898560871213,0
72,73,126,0.5320485925702085,0
72,73,127,0.4014698092417054,0
72,73,128,-0.3357205479568304,0
72,73,129,-0.01161772522747501,0
72,73,130,-0.5290329143844601,0
72,73,131,-0.3018539033607623,0
72,73,132,1,0
72,73,133,0.4314833009561681,0
72,73,134,0.1606916875220119,0
72,73,135,-0.001115022876495014,0
72,73,136,0.003905888813461772,0
72,73,137,-0.004860280436279626,0
72,73,138,-0.0008854196443171334,0
72,73,139,0.0006757575984663517,0
72,73,140,-0.0003505896278259844,0
72,73,141,-2.911216072665119e-05,0
72,73,142,0.001380768585583,0
72,73,143,0.001136582102122481,0
72,73,144,-0.002679617107709609,0
72,73,145,0.002639844081681289,0
72,73,146,-0.0006667647845121562,0
72,73,147,0.001079772585733418,0
72,73,148,0.001547490810974238,0
72,73,149,-0.001400712994289719,0
72,73,150,-0.001100038813256454,0
72,73,151,0.0002462690534949698,0
72,73,152,-0.0003157767922146286,0
72,73,153,0.001067507774915466,0
72,73,154,-0.001559634622322719,0
72,73,155,-5.843394621519216e-05,0
72,73,156,0.0007362546173939258,0
72,73,157,0.0005157080071700102,0
72,73,158,-0.001247042631709641,0
72,73,159,0.0003263726982712533,0
72,73,160,0.0003433637333073181,0
72,73,161,-0.002061357025161532,0
72,73,162,0.002364810657105298,0
72,73,163,-0.003560368555847591,0
72,73,164,-0.001877228237288743,0
72,73,165,-0.0006163115012210544,0
72,73,166,-0.0012516427241722,0
72,73,167,-0.0007772296733311501,0
72,73,168,0.001870817299054518,0
72,73,169,0.002028748741970868,0
72,73,170,-0.001146757553443776,0
73,74,0,-0.06262896671970863,0
73,74,1,-0.08243578481163047,0
73,74,2,-0.03696043706574988,0
73,74,3,0.2021853899638069,0
73,74,4,0.1728353935367238,0
73,74,5,0.0659058257400409,0
73,74,6,-0.4861445986422491,0
73,74,7,-0.2468413986088665,0
73,74,8,-0.01378291490201739,0
73,74,9,1,0
73,74,10,0.3262597498746019,0
73,74,11,0.08978603967901205,0
73,74,12,-0.9238393431507332,0
73,74,13,0.1000465919642372,0
73,74,14,0.1037939689119291,0
73,74,15,0.06210157457713773,0
73,74,16,-0.550961854789405,0
73,74,17,-0.1536500038954923,0
73,74,18,0.8038238391989228,0
73,74,19,0.3241746618793174,0
73,74,20,-0.2571787686517791,0
73,74,21,-0.8313811838567731,0
73,74,22,0.05370949613611229,0
73,74,23,0.1228074110978364,0
73,74,24,0.3849072350823798,0
73,74,25,-0.1296346948301074,0
73,74,26,0.1988693443518564,0
73,74,27,0.1475041632620605,0
73,74,28,-0.1078997777100846,0
73,74,29,-0.2382852568135773,0
73,74,30,-0.1775015867467876,0
73,74,31,0.06072855844997021,0
73,74,32,0.4101183081534448,0
73,74,33,0.1976912253097317,0
73,74,34,-0.0001342826407024093,0
73,74,35,-0.68306693906484,0
73,74,36,-0.2755505590742857,0
73,74,37,-0.04685205161306046,0
73,74,38,0.9806119201490978,0
73,74,39,0.1831131021838568,0
73,74,40,-0.05192046867130145,0
73,74,41,-0.6002531472300352,0
73,74,42,0.3242063568487897,0
73,74,43,0.1080398089504643,0
73,74,44,0.04099485422090222,0
73,74,45,-0.3516689809750985,0
73,74,46,0.06699731402387635,0
73,74,47,0.5250766747219512,0
73,74,48,0.09520911685540187,0
73,74,49,-0.1226476785217289,0
73,74,50,-0.8960535355151636,0
73,74,51,-0.07853959608199865,0
73,74,52,0.0980623595688043,0
73,74,53,0.6255951163874925,0
73,74,54,0.03447075007975658,0
73,74,55,0.1261300499199551,0
73,74,56,0.1623292777353289,0
73,74,57,-0.2057058402360457,0
73,74,58,-0.2678802970998336,0
73,74,59,-0.1270012196372169,0
73,74,60,0.0521616653288746,0
73,74,61,0.5428381047474879,0
73,74,62,0.1359711291300885,0
73,74,63,-0.1097379404728211,0
73,74,64,-0.7732779948584551,0
73,74,65,-0.1247110576157725,0
73,74,66,0.1263885324911109,0
73,74,67,0.8283431353437777,0
73,74,68,-0.06626204622766502,0
73,74,69,-0.1178869431979707,0
73,74,70,-0.4893097619530996,0
73,74,71,0.1900246353883698,0
73,74,72,-0.09502429890701936,0
73,74,73,0.1124972982673555,0
73,74,74,-0.06959111792778372,0
73,74,75,0.1768000211820405,0
73,74,76,0.3818532975827569,0
73,74,77,0.2391025483771437,0
73,74,78,0.0698965875214093,0
73,74,79,-0.9445658516657004,0
73,74,80,-0.2651472708297741,0
73,74,81,-0.02811002494927015,0
73,74,82,0.8887015055564964,0
73,74,83,0.01855233630904691,0
73,74,84,-0.03745003314326738,0
73,74,85,0.3233908790175427,0
73,74,86,-0.07389643499442841,0
73,74,87,-0.1291300571180381,0
73,74,88,-0.0260007758924134,0
73,74,89,0.04434355281851869,0
73,74,90,0.3306044078633248,0
73,74,91,-0.04630806369029821,0
73,74,92,-0.1458616851392102,0
73,74,93,-0.5756467489894517,0
73,74,94,0.06153020733940201,0
73,74,95,0.1966898197800768,0
73,74,96,0.8071679929604608,0
73,74,97,0.04396300112790189,0
73,74,98,-0.02352399606092774,0
73,74,99,-0.6754245470941986,0
73,74,100,-0.09486311692336909,0
73,74,101,-0.2026647940312293,0
73,74,102,0.1212888837874286,0
73,74,103,-0.1858570057517767,0
73,74,104,0.02945212222098815,0
73,74,105,0.5680095859378942,0
73,74,106,0.431967902922432,0
73,74,107,0.03327353527710147,0
73,74,108,-0.9630730203907034,0
73,74,109,-0.2904595263944136,0
73,74,110,-0.110109510885094,0
73,74,111,0.8414426762934897,0
73,74,112,-0.1334399895398947,0
73,74,113,-0.08351639470639474,0
73,74,114,0.4729453896375701,0
73,74,115,0.1066333675896901,0
73,74,116,0.06589164009379826,0
73,74,117,0.08990995720160853,0
73,74,118,0.01387402810062053,0
73,74,119,-0.05467771075786767,0
73,74,120,-0.3518727849765411,0
73,74,121,-0.1155195936140885,0
73,74,122,0.9824880932705439,0
73,74,123,0.3269054764529885,0
73,74,124,-0.8355663604120701,0
73,74,125,-0.03325063259633233,0
73,74,126,-0.003051553121600267,0
73,74,127,-0.4349948167407711,0
73,74,128,0.8171138609919336,0
73,74,129,0.4588466277504662,0
73,74,130,-0.989122924562053,0
73,74,131,-0.1562121031789468,0
73,74,132,0.5732544445592095,0
73,74,133,-0.2705727472475176,0
73,74,134,0.3699268111231331,0
73,74,135,0.0004103659300926524,0
73,74,136,-0.001734121246344384,0
73,74,137,0.0009297144109859758,0
73,74,138,0.0003839381824169702,0
73,74,139,-0.0007659142310132314,0
73,74,140,0.0007501978612233981,0
73,74,141,-0.0003351380166224637,0
73,74,142,-0.000160708885006006,0
73,74,143,-0.0002970280988450096,0
73,74,144,0.000408186050874455,0
73,74,145,-0.0008210027276606041,0
73,74,146,-0.0008994881036846763,0
73,74,147,9.103121678374765e-05,0
73,74,148,-0.0005816989418891015,0
73,74,149,0.00054212030997228,0
73,74,150,-4.689092265356789e-05,0
73,74,151,0.0004997305122056617,0
73,74,152,-8.490899431664419e-05,0
73,74,153,-0.0006715345192694564,0
73,74,154,0.0008502144769305377,0
73,74,155,-0.001074156997501256,0
73,74,156,8.053758393772176e-05,0
73,74,157,-0.0001291512917263749,0
73,74,158,0.0005814823550214817,0
73,74,159,-0.0006668336547720101,0
73,74,160,0.0004955021362186942,0
73,74,161,0.0007362621164726689,0
73,74,162,-0.000839307252045343,0
73,74,163,0.001272395185643174,0
73,74,164,0.0001874155795539329,0
73,74,165,0.0001099365839683796,0
73,74,166,0.0001871690924497233,0
73,74,167,0.001030464493404472,0
73,74,168,-0.001345488045414441,0
73,74,169,-0.0001122641161743436,0
73,74,170,0.0008983228428891382,0
74,75,0,0.1594914392888708,0
74,75,1,-0.0693352588596907,0
74,75,2,-0.2524602485804101,0
74,75,3,0.001852518982749453,0
74,75,4,0.3321812243095948,0
74,75,5,0.2706047878743614,0
74,75,6,-0.3856891364486381,0
74,75,7,-0.1976504830987946,0
74,75,8,0.1225044925693762,0
74,75,9,0.08213118889271423,0
74,75,10,-0.5550261456799612,0
74,75,11,-0.7389766451423813,0
74,75,12,0.2529313465485575,0
74,75,13,-0.3639721904718559,0
74,75,14,-1,0
74,75,15,0.030057181701454,0
74,75,16,-0.2598687083638326,0
74,75,17,-0.7615787741606467,0
74,75,18,0.1202508615528332,0
74,75,19,-0.1564997552305893,0
74,75,20,-0.4437046458874375,0
74,75,21,0.1897981669829254,0
74,75,22,0.1254672230872784,0
74,75,23,-0.07186951003378031,0
74,75,24,0.06623440171856131,0
74,75,25,0.3864471826853458,0
74,75,26,0.4693999018215755,0
74,75,27,0.5493714001132338,0
74,75,28,0.9614157678136623,0
74,75,29,-0.3294466987411628,0
74,75,30,-0.2810809221308649,0
74,75,31,0.2183196902602774,0
74,75,32,0.105439220118089,0
74,75,33,-0.05191397611355686,0
74,75,34,-0.1103888894688087,0
74,75,35,0.2375553818801076,0
74,75,36,0.4423060578654582,0
74,75,37,0.1055383603760483,0
74,75,38,0.2351105628172932,0
74,75,39,0.007300475310835207,0
74,75,40,0.3038275058218624,0
74,75,41,-0.00108990525351727,0
74,75,42,-0.1402334423277927,0
74,75,43,0.5108218081151634,0
74,75,44,-0.2447729102192186,0
74,75,45,-0.179977921416011,0
74,75,46,0.6636740751412761,0
74,75,47,-0.1726575242674688,0
74,75,48,-0.2358929412495866,0
74,75,49,0.4153014956431809,0
74,75,50,-0.2215783083708965,0
74,75,51,-0.2631435617846392,0
74,75,52,-0.02727554599560856,0
74,75,53,-0.3174717498245059,0
74,75,54,-0.2326165253798173,0
74,75,55,-0.3752771673026416,0
74,75,56,0.07175343704537417,0
74,75,57,-0.5161864649864917,0
74,75,58,0.01259560936562176,0
74,75,59,0.2832078191315763,0
74,75,60,0.1394789976534258,0
74,75,61,-0.09818876321634952,0
74,75,62,-0.4094896055941974,0
74,75,63,-0.3355194011884031,0
74,75,64,0.2439286320648069,0
74,75,65,-0.06872856239350902,0
74,75,66,-0.3474574700849218,0
74,75,67,-0.02556516602796989,0
74,75,68,0.3666022287676665,0
74,75,69,0.1668659977241934,0
74,75,70,-0.243420075686716,0
74,75,71,0.4319599573390396,0
74,75,72,0.5515395372970504,0
74,75,73,-0.1134810277787684,0
74,75,74,0.4568752407114345,0
74,75,75,0.5294316303124228,0
74,75,76,0.1505923943420087,0
74,75,77,0.3893997104507116,0
74,75,78,0.2766425291732018,0
74,75,79,0.08460899936598233,0
74,75,80,0.1613367257149095,0
74,75,81,0.1022924607686719,0
74,75,82,-0.1266453274351529,0
74,75,83,-0.3134176555107082,0
74,75,84,-0.1698957924349734,0
74,75,85,-0.6638425459253622,0
74,75,86,-0.6013261260095147,0
74,75,87,0.4426548861387022,0
74,75,88,0.1975093771584273,0
74,75,89,-0.331612737763641,0
74,75,90,-0.1171754005311351,0
74,75,91,0.3101168549066102,0
74,75,92,0.4086264624573919,0
74,75,93,-0.243307843354861,0
74,75,94,-0.2977370384601535,0
74,75,95,0.3284010909768795,0
74,75,96,-0.2641195756122189,0
74,75,97,-0.2903223512886212,0
74,75,98,-0.208698927090002,0
74,75,99,-0.1179289828021682,0
74,75,100,-0.2448374086772923,0
74,75,101,-0.635156645240667,0
74,75,102,0.1975604854953933,0
74,75,103,-0.1905857752878784,0
74,75,104,-0.9645946338388443,0
74,75,105,0.3063785297609526,0
74,75,106,-0.04187339670319658,0
74,75,107,-0.8467886868531831,0
74,75,108,0.2633564035922993,0
74,75,109,0.2854952048735555,0
74,75,110,-0.1294370974112112,0
74,75,111,0.1775212370347427,0
74,75,112,0.45636399685977,0
74,75,113,0.5852046757698486,0
74,75,114,0.1971647577790654,0
74,75,115,0.7943457533177826,0
74,75,116,-0.2171631745290575,0
74,75,117,-0.4229305229328113,0
74,75,118,-0.04748603073805957,0
74,75,119,0.1065921089101819,0
74,75,120,0.1678615144579608,0
74,75,121,0.3448640874389333,0
74,75,122,0.08278124411204542,0
74,75,123,0.02043255407299337,0
74,75,124,0.1931976696928577,0
74,75,125,-0.1947452842507687,0
74,75,126,0.1593699590827366,0
74,75,127,-0.3345706266163803,0
74,75,128,-0.2724344368962379,0
74,75,129,-0.5150062405821498,0
74,75,130,-0.3438229394191444,0
74,75,131,-0.3912180836908551,0
74,75,132,0.01568843766611561,0
74,75,133,0.1409077756416545,0
74,75,134,0.4310601176647185,0
74,75,135,-0.0004359198964292452,0
74,75,136,0.0004360379444685311,0
74,75,137,-0.002469013047628828,0
74,75,138,0.001578711242532707,0
74,75,139,0.0007161301208352159,0
74,75,140,-0.00136090381509837,0
74,75,141,-0.002353916507912936,0
74,75,142,-0.002501935000709837,0
74,75,143,-0.00173641185300992,0
74,75,144,-0.0002419488797754579,0
74,75,145,0.0003417009012254578,0
74,75,146,-0.0001994913234493038,0
74,75,147,0.0001999827664773504,0
74,75,148,0.000982301144577405,0
74,75,149,0.001030703062486992,0
74,75,150,0.001885820909466044,0
74,75,151,0.001594195598720813,0
74,75,152,0.0002066876330913252,0
74,75,153,0.0006450391369514876,0
74,75,154,0.0002307750810594427,0
74,75,155,-0.001777903975930633,0
74,75,156,-0.001668358359528323,0
74,75,157,-0.001008393111662964,0
74,75,158,-0.0004032695879750179,0
74,75,159,0.001444282811037951,0
74,75,160,0.002135849844626619,0
74,75,161,0.001277195664386957,0
74,75,162,-0.0009787348185652028,0
74,75,163,-0.0002069981162915509,0
74,75,164,0.001910909295094752,0
74,75,165,0.002016892974536744,0
74,75,166,0.0001280909928331853,0
74,75,167,-0.00185706610645946,0
74,75,168,-0.002276963689544562,0
74,75,169,-0.002054646326583963,0
74,75,170,-0.001761075920905794,0
75,77,0,-0.2365561678288509,0
75,77,1,-0.1115882349217252,0
75,77,2,0.0840654879114628,0
75,77,3,0.3977726445280037,0
75,77,4,0.07784391957506123,0
75,77,5,-0.05712297074399617,0
75,77,6,-0.5597902861377491,0
75,77,7,-0.079772471563078,0
75,77,8,0.04481434926565335,0
75,77,9,0.5094666238107632,0
75,77,10,-0.02839125678984998,0
75,77,11,-0.00526819751493361,0
75,77,12,0.1622636911607678,0
75,77,13,0.4272181488012493,0
75,77,14,0.1755731729141872,0
75,77,15,-0.8248104226217572,0
75,77,16,-0.2931096413165185,0
75,77,17,0.06647364448465475,0
75,77,18,0.4748560240943734,0
75,77,19,-0.2809504790764784,0
75,77,20,-0.2008435813841198,0
75,77,21,0.6235272929357448,0
75,77,22,0.6002123918387927,0
75,77,23,0.1030746158720122,0
75,77,24,-1,0
75,77,25,-0.02907599725924826,0
75,77,26,0.3001317218002768,0
75,77,27,-0.5764246962212615,0
75,77,28,-0.1502504188669369,0
75,77,29,-0.1316302663300476,0
75,77,30,-0.02935552208712845,0
75,77,31,0.00495449434172386,0
75,77,32,0.3170248254888542,0
75,77,33,0.008379868746528506,0
75,77,34,-0.1164315655314122,0
75,77,35,-0.4805068466442101,0
75,77,36,-0.0154978035219681,0
75,77,37,0.08200668156146394,0
75,77,38,0.2535429445699799,0
75,77,39,-0.2330214515936525,0
75,77,40,-0.2176541930813317,0
75,77,41,0.3256009579437546,0
75,77,42,0.4345972827345702,0
75,77,43,0.1030139784653141,0
75,77,44,-0.526518258785284,0
75,77,45,0.003531250069666433,0
75,77,46,0.1275441097313608,0
75,77,47,0.08807519088859755,0
75,77,48,-0.4991478094733034,0
75,77,49,-0.3311830866782714,0
75,77,50,0.4724786075844104,0
75,77,51,0.3170041437543952,0
75,77,52,-0.03129967182026635,0
75,77,53,-0.5075095553645262,0
75,77,54,0.3165736566643779,0
75,77,55,0.3343816133535825,0
75,77,56,-0.414552691184938,0
75,77,57,-0.1560419246296255,0
75,77,58,-9.052537021369193e-05,0
75,77,59,0.02560891612956143,0
75,77,60,0.02597147926573085,0
75,77,61,0.07096557061378772,0
75,77,62,-0.07086435538978883,0
75,77,63,-0.0454685644805871,0
75,77,64,-0.144283135345839,0
75,77,65,0.1778744029920989,0
75,77,66,0.2158182293348764,0
75,77,67,-0.1220666018338754,0
75,77,68,-0.4216056462569807,0
75,77,69,-0.322944929328951,0
75,77,70,0.3054320890722871,0
75,77,71,0.1347203876351991,0
75,77,72,-0.01841254333131815,0
75,77,73,-0.01210910309623452,0
75,77,74,0.3501282415767323,0
75,77,75,0.2582929058255101,0
75,77,76,-0.2553845718229812,0
75,77,77,-0.4014945112379062,0
75,77,78,-0.1759436953466252,0
75,77,79,0.1129345556019891,0
75,77,80,-0.1553446659696505,0
75,77,81,-0.1294296072636945,0
75,77,82,0.0419289937993085,0
75,77,83,0.3454303720365685,0
75,77,84,0.1731883029974099,0
75,77,85,-0.1333428286434804,0
75,77,86,-0.1339619821910976,0
75,77,87,0.1464282129268022,0
75,77,88,0.1264016286809302,0
75,77,89,-0.003672354040056954,0
75,77,90,-0.3101427415967566,0
75,77,91,-0.2529998547593961,0
75,77,92,-0.127676451823284,0
75,77,93,0.4712142259765493,0
75,77,94,0.3748973093821264,0
75,77,95,0.1187270400711714,0
75,77,96,-0.4461831531899083,0
75,77,97,-0.2929957421973457,0
75,77,98,-0.2486502738190826,0
75,77,99,-0.02122872056527201,0
75,77,100,-0.2720211655391107,0
75,77,101,-0.05292437355832073,0
75,77,102,0.4691903354368889,0
75,77,103,0.50010905265462,0
75,77,104,0.2685229979299472,0
75,77,105,-0.3126588040879842,0
75,77,106,0.009261901237246573,0
75,77,107,0.05028218729000072,0
75,77,108,-0.2419580871252617,0
75,77,109,-0.3709224381491528,0
75,77,110,-0.04965805232876967,0
75,77,111,0.3896679677912877,0
75,77,112,0.2023305785835152,0
75,77,113,0.06757635303204168,0
75,77,114,0.09271304536787814,0
75,77,115,-0.05603329254955566,0
75,77,116,0.3806041834376827,0
75,77,117,0.2771822778482464,0
75,77,118,-0.6893035166690343,0
75,77,119,-0.323192637971414,0
75,77,120,0.9317552760296202,0
75,77,121,0.2678970360963783,0
75,77,122,-0.5986413761951761,0
75,77,123,0.02980594124252462,0
75,77,124,-0.4171150781989527,0
75,77,125,-0.5352929580575132,0
75,77,126,0.7204483838669856,0
75,77,127,0.2918660349442078,0
75,77,128,-0.1711472628343468,0
75,77,129,0.2974347989825232,0
75,77,130,-0.4357181220889706,0
75,77,131,-0.328536836838686,0
75,77,132,0.5134741520282179,0
75,77,133,0.0762050946314743,0
75,77,134,0.2257001321245213,0
75,77,135,-0.0003890388565772601,0
75,77,136,-0.0002320696069275799,0
75,77,137,-0.002814550918617482,0
75,77,138,0.001028163706911867,0
75,77,139,-0.00077695724777853,0
75,77,140,-0.002015428589665122,0
75,77,141,0.001853973985298247,0
75,77,142,0.0006721653930276915,0
75,77,143,-0.002096305865603419,0
75,77,144,-0.001163786381727317,0
75,77,145,0.0006022943903424665,0
75,77,146,-0.006162456918919759,0
75,77,147,0.0007306055200784528,0
75,77,148,1.058048531432668e-06,0
75,77,149,-0.003245274121386773,0
75,77,150,0.001565243777856758,0
75,77,151,0.00157094484089009,0
75,77,152,-0.002987057032884094,0
75,77,153,-0.001698036597666728,0
75,77,154,0.00189935234387039,0
75,77,155,-0.006715530375667883,0
75,77,156,1.177647075111333e-05,0
75,77,157,0.0009872237112959897,0
75,77,158,-0.003127975669546792,0
75,77,159,0.0006962331830925052,0
75,77,160,0.002240182762322097,0
75,77,161,-0.002344270290497703,0
75,77,162,-0.001435811107777345,0
75,77,163,0.001926614730322623,0
75,77,164,-0.004569097662244409,0
75,77,165,-0.0007374559666380225,0
75,77,166,0.001221886023666126,0
75,77,167,-0.001934014379459396,0
75,77,168,-0.0002920995453292322,0
75,77,169,0.001910144394396945,0
75,77,170,-0.0009236775295813296,0
76,78,0,0.3659394052608019,0
76,78,1,0.01249928921301792,0
76,78,2,-0.3484823931634532,0
76,78,3,-0.3119065136465303,0
76,78,4,0.2283505808859607,0
76,78,5,0.257091386939413,0
76,78,6,0.03719053464979885,0
76,78,7,-0.1689761404855313,0
76,78,8,0.0359425270219199,0
76,78,9,0.2241915431696577,0
76,78,10,0.07288674466594071,0
76,78,11,-0.1073681423129868,0
76,78,12,-0.09394167121527812,0
76,78,13,0.09566231122202817,0
76,78,14,0.06359111655886415,0
76,78,15,-0.277700092773847,0
76,78,16,-0.2378754486535692,0
76,78,17,-0.1061235704767396,0
76,78,18,-0.04268166206001229,0
76,78,19,-0.480179327685479,0
76,78,20,-0.6271036490377452,0
76,78,21,0.1980498759435764,0
76,78,22,-0.3959875311685188,0
76,78,23,-0.9192361043804728,0
76,78,24,0.1676643264421545,0
76,78,25,-0.2041797765082221,0
76,78,26,-0.7480271319290239,0
76,78,27,-0.165603174288982,0
76,78,28,-0.4837227826618009,0
76,78,29,-0.2327622571420801,0
76,78,30,-0.2779371232847987,0
76,78,31,0.1979419656536956,0
76,78,32,-0.02755076533126746,0
76,78,33,0.1357092182918031,0
76,78,34,0.1894157445038628,0
76,78,35,0.1145428860226262,0
76,78,36,-0.03515115288961682,0
76,78,37,-0.1723395023955667,0
76,78,38,0.03876771565800816,0
76,78,39,-0.06815406346836263,0
76,78,40,-0.1713638044101622,0
76,78,41,0.03207224039809458,0
76,78,42,0.1784635147041047,0
76,78,43,0.2130650062181337,0
76,78,44,0.1626033915588237,0
76,78,45,0.2296077746946291,0
76,78,46,0.3638360964941651,0
76,78,47,0.1837515536459836,0
76,78,48,-0.0221281391252689,0
76,78,49,0.2507081648082489,0
76,78,50,0.00915283650348464,0
76,78,51,-0.2502682190049387,0
76,78,52,0.2444759175076462,0
76,78,53,-0.1027218939646296,0
76,78,54,-0.2128495795026898,0
76,78,55,0.4205880088874753,0
76,78,56,-0.008542745510788281,0
76,78,57,0.5647151804167924,0
76,78,58,-0.2955989530590485,0
76,78,59,-0.02308842820549917,0
76,78,60,0.06483950015181544,0
76,78,61,0.3345250227885281,0
76,78,62,-0.02695955689113838,0
76,78,63,-0.2664578596058183,0
76,78,64,0.05522943603591807,0
76,78,65,0.04777728163101361,0
76,78,66,-0.1484105684209649,0
76,78,67,-0.3069623076670457,0
76,78,68,-0.2134765383176669,0
76,78,69,0.002539911509795952,0
76,78,70,-0.1086843285455066,0
76,78,71,-0.09790926118566712,0
76,78,72,-0.005978398687840875,0
76,78,73,0.2434666514803268,0
76,78,74,0.2633554602675762,0
76,78,75,0.02028811474367407,0
76,78,76,0.1318308743133397,0
76,78,77,0.4587068512979555,0
76,78,78,0.2850277074668521,0
76,78,79,-0.2217010636080715,0
76,78,80,0.3813097540274618,0
76,78,81,0.5830694828651587,0
76,78,82,-0.3053504477585797,0
76,78,83,0.2288099922696353,0
76,78,84,0.5267881154597841,0
76,78,85,0.2947880356774439,0
76,78,86,0.3025021945850231,0
76,78,87,0.03969892083948902,0
76,78,88,0.06875688633836312,0
76,78,89,-0.01280429267901893,0
76,78,90,0.1705930269425024,0
76,78,91,-0.1153995540834474,0
76,78,92,-0.1001159366152802,0
76,78,93,-0.1012646411767962,0
76,78,94,0.1856336309167644,0
76,78,95,0.347244707371623,0
76,78,96,-0.2881391304618702,0
76,78,97,0.001398172869537094,0
76,78,98,0.3786548194974277,0
76,78,99,-0.09366388736767137,0
76,78,100,-0.2705359135576194,0
76,78,101,-0.1530240791269836,0
76,78,102,0.0656435162883192,0
76,78,103,-0.2899260506084069,0
76,78,104,-0.5545741788703071,0
76,78,105,-0.0804577711619012,0
76,78,106,-0.1198584541259147,0
76,78,107,-0.4999716162833118,0
76,78,108,-0.101115440051241,0
76,78,109,0.03569364659740126,0
76,78,110,-0.3382515884412909,0
76,78,111,-0.005839167784941493,0
76,78,112,-0.08169012766766139,0
76,78,113,-0.5835348645827638,0
76,78,114,-0.361795451591872,0
76,78,115,-1,0
76,78,116,0.1882091669884966,0
76,78,117,0.1260935784423383,0
76,78,118,-0.2969597417108276,0
76,78,119,-0.1531525766112136,0
76,78,120,0.03786740113497085,0
76,78,121,0.06579293713112121,0
76,78,122,0.1670056165068164,0
76,78,123,0.300572039608731,0
76,78,124,0.2483129101322718,0
76,78,125,0.1280779719561806,0
76,78,126,0.01488646019306836,0
76,78,127,-0.1539312622314614,0
76,78,128,-0.227234581756644,0
76,78,129,-0.3598196954905438,0
76,78,130,0.1300086945950973,0
76,78,131,-0.2202700113058625,0
76,78,132,0.4124763066224216,0
76,78,133,-0.03275088288464568,0
76,78,134,-0.3108669386743215,0
76,78,135,0.0003872784033554253,0
76,78,136,-0.00265381487451893,0
76,78,137,-0.001342812152213216,0
76,78,138,0.0006145318280884298,0
76,78,139,0.0008136121170620501,0
76,78,140,0.0008375406895740574,0
76,78,141,0.001115602246311542,0
76,78,142,0.0007882907983905986,0
76,78,143,0.0002238686034990846,0
76,78,144,0.001424379072063758,0
76,78,145,-0.001044606106238347,0
76,78,146,-0.002655822016138511,0
76,78,147,-0.0009212161696999356,0
76,78,148,-0.001010862328237277,0
76,78,149,-0.0007055443715741273,0
76,78,150,0.0003507180472454973,0
76,78,151,0.0004442436652319512,0
76,78,152,0.0001161905822053459,0
76,78,153,-0.0004240938325103074,0
76,78,154,0.001031615513338845,0
76,78,155,-0.000199581322839413,0
76,78,156,-0.0002274297503899669,0
76,78,157,-0.001188699516632149,0
76,78,158,-0.001267821324754314,0
76,78,159,-0.0004580450499295453,0
76,78,160,-0.0006498977245585337,0
76,78,161,-0.001211701847329188,0
76,78,162,-0.001729162753089208,0
76,78,163,0.001566768173412502,0
76,78,164,0.00485202262071906,0
76,78,165,0.001963113273475215,0
76,78,166,0.0009673355152317191,0
76,78,167,0.0006727501351550426,0
76,78,168,0.0007840444659869097,0
76,78,169,0.0001047565268803582,0
76,78,170,-0.0005919519616143234,0
77,79,0,-0.4905063186705496,0
77,79,1,-0.09141241720894609,0
77,79,2,0.3586427589397564,0
77,79,3,0.5246075762248711,0
77,79,4,-0.1902801711472854,0
77,79,5,-0.2936887010800296,0
77,79,6,-0.2250045307832558,0
77,79,7,0.2811765642624152,0
77,79,8,0.1072754349070092,0
77,79,9,-0.4770641446364172,0
77,79,10,-0.3615409845339352,0
77,79,11,-0.03943828942559148,0
77,79,12,0.1055277583461923,0
77,79,13,-0.5465140230272418,0
77,79,14,-0.72174963229458,0
77,79,15,0.4101523622778593,0
77,79,16,-0.1789290364416826,0
77,79,17,-0.8444109881613775,0
77,79,18,0.1143763256631485,0
77,79,19,0.08672867514654768,0
77,79,20,-0.3291596262238725,0
77,79,21,-0.1935700161941631,0
77,79,22,-0.05347820003903839,0
77,79,23,-0.02905382216768837,0
77,79,24,-0.2577999441061634,0
77,79,25,-0.4282270789188394,0
77,79,26,-0.4134469685965944,0
77,79,27,-0.6307999481526225,0
77,79,28,-1,0
77,79,29,0.1800860573851933,0
77,79,30,0.3083047269009346,0
77,79,31,-0.1052551460185087,0
77,79,32,0.02375655110006416,0
77,79,33,-0.3105110842583031,0
77,79,34,-0.3437730830271525,0
77,79,35,-0.02589670249725192,0
77,79,36,0.2505684074716807,0
77,79,37,0.2493314634677345,0
77,79,38,0.1261551742594434,0
77,79,39,0.2385229433482383,0
77,79,40,0.4098376849763347,0
77,79,41,0.1899076192865091,0
77,79,42,-0.2133138843355931,0
77,79,43,-0.003079128012584605,0
77,79,44,-0.07741140324189826,0
77,79,45,-0.3867200983338199,0
77,79,46,-0.02885211765856241,0
77,79,47,-0.1847849529728898,0
77,79,48,-0.1176358215785944,0
77,79,49,0.3443726535403938,0
77,79,50,0.1235344096964962,0
77,79,51,0.245039128211418,0
77,79,52,0.5708255506941966,0
77,79,53,0.2592933040079275,0
77,79,54,0.1985803255100023,0
77,79,55,0.4404870518737511,0
77,79,56,-0.2973694771298194,0
77,79,57,0.1633050614026767,0
77,79,58,0.515442771271359,0
77,79,59,0.2229660236151979,0
77,79,60,-0.0917787547796675,0
77,79,61,-0.5664824423118748,0
77,79,62,-0.1118252449126958,0
77,79,63,0.2365788753946577,0
77,79,64,0.0004343207209248673,0
77,79,65,-0.193624352551622,0
77,79,66,0.03188223509676741,0
77,79,67,0.4769546561156017,0
77,79,68,0.4415512736420326,0
77,79,69,-0.006545100559334991,0
77,79,70,0.1624822071310122,0
77,79,71,0.4701755375781244,0
77,79,72,0.3185217792076115,0
77,79,73,-0.4627301721061293,0
77,79,74,0.12332978501566,0
77,79,75,0.5568697197584747,0
77,79,76,-0.4235947169577008,0
77,79,77,-0.08975757279707942,0
77,79,78,0.3215664789078069,0
77,79,79,0.1940300926661724,0
77,79,80,0.1637432924716432,0
77,79,81,-0.0288053884384055,0
77,79,82,0.447268429982478,0
77,79,83,0.618689651650043,0
77,79,84,0.1684426875186363,0
77,79,85,0.6393952462890509,0
77,79,86,0.6710061436603626,0
77,79,87,0.1731486044010853,0
77,79,88,-0.04596241135272237,0
77,79,89,-0.142090115757718,0
77,79,90,-0.3091879924918726,0
77,79,91,0.3426020735065311,0
77,79,92,0.3778431588535605,0
77,79,93,0.01838729060000845,0
77,79,94,-0.3794494684121161,0
77,79,95,-0.2917537461198129,0
77,79,96,0.2296468138777409,0
77,79,97,-0.2339593333934978,0
77,79,98,-0.6928016056753371,0
77,79,99,-0.02554435344681796,0
77,79,100,0.1597508450458691,0
77,79,101,-0.1946143979133224,0
77,79,102,-0.2129013516672593,0
77,79,103,0.2201848753890602,0
77,79,104,0.106107350176993,0
77,79,105,-0.03781620342331907,0
77,79,106,-0.1342252594457879,0
77,79,107,-0.3482240048178867,0
77,79,108,0.07954188394635087,0
77,79,109,-0.4880023580302877,0
77,79,110,-0.9732362971702835,0
77,79,111,0.04026400107025217,0
77,79,112,-0.2908118152646965,0
77,79,113,-0.8550467511234066,0
77,79,114,0.2262713503071808,0
77,79,115,-0.2619059165445177,0
77,79,116,-0.3982035824939776,0
77,79,117,-0.38076668397846,0
77,79,118,0.3738375798752586,0
77,79,119,0.2526034120192077,0
77,79,120,0.1143700494647464,0
77,79,121,0.1345523326385785,0
77,79,122,-0.2123609462971318,0
77,79,123,-0.4057157239077111,0
77,79,124,-0.2888938716889048,0
77,79,125,-0.3430057971172583,0
77,79,126,0.2049305308674634,0
77,79,127,0.01322406412630459,0
77,79,128,0.552222343754847,0
77,79,129,0.1901471397276671,0
77,79,130,-0.005786174796223188,0
77,79,131,-0.2288550615304008,0
77,79,132,-0.5008239174323642,0
77,79,133,-0.6779816537510309,0
77,79,134,-0.3743521797861504,0
77,79,135,-0.001135841750325526,0
77,79,136,0.004481332262566526,0
77,79,137,0.002978051258960973,0
77,79,138,0.001353531906745576,0
77,79,139,0.001190121150432332,0
77,79,140,0.0008325547453377373,0
77,79,141,0.0003658289911659657,0
77,79,142,0.0004196673958604015,0
77,79,143,0.0005263140467766164,0
77,79,144,-0.0020404454989813,0
77,79,145,0.002082941831435844,0
77,79,146,0.004043965202598566,0
77,79,147,0.0008550817184675233,0
77,79,148,0.001132709152471819,0
77,79,149,0.0005955141082274391,0
77,79,150,-0.0004613661788102257,0
77,79,151,4.069095172914859e-05,0
77,79,152,0.0008066345442903461,0
77,79,153,0.000874277590695574,0
77,79,154,-0.001575393577738472,0
77,79,155,-0.001769595910061307,0
77,79,156,-0.001427803421530154,0
77,79,157,0.0001808565385454913,0
77,79,158,-2.713323796485966e-07,0
77,79,159,-0.001207810180483565,0
77,79,160,-0.0008166167837529681,0
77,79,161,-0.000214872118468215,0
77,79,162,0.002172381008361496,0
77,79,163,-0.002377893864434152,0
77,79,164,-0.00664853175889025,0
77,79,165,-0.001410800607003939,0
77,79,166,0.0002091349295038223,0
77,79,167,0.0001743412714589252,0
77,79,168,-0.0005231599952627171,0
77,79,169,-0.0001338685836229861,0
77,79,170,0.0004542093690390035,0
78,81,0,0.1990790939323355,0
78,81,1,-0.3667854806320468,0
78,81,2,-0.7412509320585438,0
78,81,3,0.158397437272843,0
78,81,4,0.01719473699700533,0
78,81,5,-0.3312839205910512,0
78,81,6,-0.1135831098755715,0
78,81,7,0.1197439397056657,0
78,81,8,0.1342074278583788,0
78,81,9,-0.07393707423114586,0
78,81,10,-0.01334017888949651,0
78,81,11,0.1520672729207755,0
78,81,12,0.03110615997251821,0
78,81,13,-0.01144977690430513,0
78,81,14,0.01781939725058209,0
78,81,15,0.05735665540460819,0
78,81,16,0.05433856264079644,0
78,81,17,0.02650212193594953,0
78,81,18,0.005820473470252751,0
78,81,19,0.08817935119715978,0
78,81,20,0.1193565338265343,0
78,81,21,-0.06012575205055035,0
78,81,22,0.04319686436992384,0
78,81,23,0.1397203091668275,0
78,81,24,-0.07675355954892571,0
78,81,25,-0.04856451436898013,0
78,81,26,0.03162690994731465,0
78,81,27,-0.08306768863817469,0
78,81,28,-0.09594248922447707,0
78,81,29,-0.2252329553797086,0
78,81,30,0.02169957020383709,0
78,81,31,1,0
78,81,32,-0.270657714061692,0
78,81,33,-0.1417382684598856,0
78,81,34,0.620006635886552,0
78,81,35,-0.02808561168147455,0
78,81,36,0.03887331459395473,0
78,81,37,0.2240880729787778,0
78,81,38,0.04794976026169181,0
78,81,39,0.07028608796677162,0
78,81,40,-0.02986702762882113,0
78,81,41,0.02331100852794866,0
78,81,42,-0.01931557140022232,0
78,81,43,-0.1259199001864515,0
78,81,44,-0.02741143604521753,0
78,81,45,-0.03108566797928553,0
78,81,46,-0.08670074472298395,0
78,81,47,-0.01550517715933841,0
78,81,48,0.03925764207849971,0
78,81,49,0.0007008143645844632,0
78,81,50,0.03628995825164386,0
78,81,51,0.1000490985538769,0
78,81,52,0.0437533888411256,0
78,81,53,0.04028339892969645,0
78,81,54,0.0553689997580423,0
78,81,55,0.007999413050511137,0
78,81,56,-0.05703271232214507,0
78,81,57,-0.05857856325012267,0
78,81,58,0.1108587802977479,0
78,81,59,0.2438474447056702,0
78,81,60,-0.7510800187488161,0
78,81,61,0.05446795487657463,0
78,81,62,0.05699903604915235,0
78,81,63,-0.7060707857730119,0
78,81,64,0.2538262272060465,0
78,81,65,-0.02301185510236674,0
78,81,66,-0.5776461776841472,0
78,81,67,0.1473532202523788,0
78,81,68,0.009810386416565476,0
78,81,69,-0.336438954250541,0
78,81,70,-0.00303855832532367,0
78,81,71,-0.03695157882603808,0
78,81,72,-0.08693551940279264,0
78,81,73,-0.09695708875338059,0
78,81,74,-0.09920339186276236,0
78,81,75,-0.02000664980733425,0
78,81,76,-0.0463302305558216,0
78,81,77,-0.1027616272525478,0
78,81,78,-0.07326165355027867,0
78,81,79,0.07292552726766427,0
78,81,80,-0.01617144097736865,0
78,81,81,-0.1016415327906167,0
78,81,82,0.1020146892517088,0
78,81,83,0.07143406954246564,0
78,81,84,-0.02906872673086733,0
78,81,85,0.04745381109155778,0
78,81,86,0.05798996467487433,0
78,81,87,0.1378503124782208,0
78,81,88,-0.21190880742698,0
78,81,89,0.3018025506964755,0
78,81,90,0.002767255224875699,0
78,81,91,-0.04455853512796185,0
78,81,92,0.5030661281243649,0
78,81,93,-0.1708943244792712,0
78,81,94,-0.192232736236438,0
78,81,95,0.4713837409908581,0
78,81,96,-0.07216075424730156,0
78,81,97,-0.09960233215086611,0
78,81,98,0.3772967952636261,0
78,81,99,-0.06938202723610561,0
78,81,100,0.04000080106666078,0
78,81,101,0.306942180298695,0
78,81,102,-0.05142682442715134,0
78,81,103,0.0362482739161802,0
78,81,104,0.2100012140654972,0
78,81,105,-0.01942392673998914,0
78,81,106,-0.05469433444539314,0
78,81,107,0.03010914046362535,0
78,81,108,0.00647030672892558,0
78,81,109,-0.09578798127532472,0
78,81,110,-0.08025133069148384,0
78,81,111,0.02096261079088593,0
78,81,112,-0.01180123036036204,0
78,81,113,-0.02074980863456463,0
78,81,114,0.08552514580599882,0
78,81,115,0.09608925153322467,0
78,81,116,-0.1457425839414475,0
78,81,117,0.106019239588075,0
78,81,118,-0.05075812357469671,0
78,81,119,0.2086882385295872,0
78,81,120,0.04249291159710446,0
78,81,121,0.3142034407426564,0
78,81,122,-0.05344444955628251,0
78,81,123,0.1836821995999116,0
78,81,124,-0.001788679090641101,0
78,81,125,0.12661161666874,0
78,81,126,0.1025448403212688,0
78,81,127,0.1511463420155046,0
78,81,128,0.07686549683178089,0
78,81,129,0.09906811087487219,0
78,81,130,-0.05211528418636234,0
78,81,131,-0.02771682922448649,0
78,81,132,-0.08907644662120905,0
78,81,133,-0.07610121928614706,0
78,81,134,0.005650876359600918,0
78,81,135,-0.0006124661048059183,0
78,81,136,-0.0007995777478293054,0
78,81,137,0.0008167327435326509,0
78,81,138,0.000335130458450598,0
78,81,139,0.0002041489069398672,0
78,81,140,9.639835834770792e-05,0
78,81,141,8.021120848214129e-05,0
78,81,142,0.000111534108400848,0
78,81,143,9.552347897213981e-05,0
78,81,144,0.001399297647310032,0
78,81,145,0.002164637119044975,0
78,81,146,0.00155802477635405,0
78,81,147,3.593848238056002e-05,0
78,81,148,-7.843898593535069e-05,0
78,81,149,-0.0002384766872614305,0
78,81,150,-0.0002354872768246748,0
78,81,151,-5.788043791070986e-05,0
78,81,152,3.205786247897152e-05,0
78,81,153,-0.0007430990464737348,0
78,81,154,-0.001861694663980385,0
78,81,155,-0.005218154628287324,0
78,81,156,-0.00127517802392793,0
78,81,157,-0.000306834053902863,0
78,81,158,-0.0001864010531523047,0
78,81,159,-0.0001878061205498954,0
78,81,160,-7.003517402511462e-05,0
78,81,161,-2.875407422165013e-05,0
78,81,162,0.0007106474522718855,0
78,81,163,0.0008909194800976431,0
78,81,164,0.004135517504274689,0
78,81,165,0.001699003440190565,0
78,81,166,0.0008272999035541096,0
78,81,167,0.0003756930732807127,0
78,81,168,0.0001692606728433209,0
78,81,169,0.0001535069847168394,0
78,81,170,8.35700553199341e-05,0
79,82,0,0.3295474734067355,0
79,82,1,0.2113938719911462,0
79,82,2,-0.01491487363430486,0
79,82,3,-0.6384142070835103,0
79,82,4,-0.1982155249682639,0
79,82,5,0.01473773754645546,0
79,82,6,0.9198748123743959,0
79,82,7,0.160808594135493,0
79,82,8,-0.04012060307668754,0
79,82,9,-0.6886225041227725,0
79,82,10,0.1156384631801759,0
79,82,11,0.01450842122460905,0
79,82,12,-0.4043109912204269,0
79,82,13,-0.5036899102572713,0
79,82,14,0.01360971357138796,0
79,82,15,0.8926384057299204,0
79,82,16,0.1793984685432496,0
79,82,17,-0.09916117149229693,0
79,82,18,-0.2034928496218817,0
79,82,19,0.3043249031623413,0
79,82,20,-0.03643509520772521,0
79,82,21,-0.5810967018684449,0
79,82,22,-0.3002361149645631,0
79,82,23,0.1352022066712924,0
79,82,24,0.5742573103952933,0
79,82,25,0.03452352435904339,0
79,82,26,0.07667978076241092,0
79,82,27,0.2335195830079934,0
79,82,28,-0.07046495259704788,0
79,82,29,0.3787935882527134,0
79,82,30,0.1797528597621085,0
79,82,31,-0.09531298487401185,0
79,82,32,-0.6536847460052539,0
79,82,33,-0.1345189424552274,0
79,82,34,0.05940538733236891,0
79,82,35,0.8876912368067507,0
79,82,36,0.09283289779178398,0
79,82,37,-0.05499582414710499,0
79,82,38,-0.6162131710247778,0
79,82,39,0.1556048578228915,0
79,82,40,0.04176695445871368,0
79,82,41,-0.380313361441689,0
79,82,42,-0.4124889822677345,0
79,82,43,0.09469472360564134,0
79,82,44,0.8330640579415541,0
79,82,45,0.1166083830095478,0
79,82,46,-0.09505847938454967,0
79,82,47,-0.285038742071564,0
79,82,48,0.1952328699943434,0
79,82,49,-0.08724342054500484,0
79,82,50,-0.5819075690503819,0
79,82,51,-0.2769108161505505,0
79,82,52,0.1272820299987225,0
79,82,53,0.6903587500292288,0
79,82,54,0.1175204115507358,0
79,82,55,0.05856829872364503,0
79,82,56,0.2123311088315289,0
79,82,57,-0.1533412523603633,0
79,82,58,0.2886219533185101,0
79,82,59,0.1060694414391583,0
79,82,60,-0.03389221304296453,0
79,82,61,-0.5866968518867807,0
79,82,62,-0.07315076578921949,0
79,82,63,0.1271275424460942,0
79,82,64,0.8030372528779461,0
79,82,65,0.05758564823790718,0
79,82,66,-0.0751795288414091,0
79,82,67,-0.6052298910748412,0
79,82,68,0.1186829822379906,0
79,82,69,0.008711386848607776,0
79,82,70,-0.28230027329257,0
79,82,71,-0.2940951697632305,0
79,82,72,0.1510820471900445,0
79,82,73,0.8296453976632996,0
79,82,74,0.2006198157372859,0
79,82,75,-0.01734380435808578,0
79,82,76,-0.4118939204858327,0
79,82,77,0.1045158738837095,0
79,82,78,-0.09707906578897238,0
79,82,79,-0.5797610717018791,0
79,82,80,-0.3753413774603067,0
79,82,81,0.05292212719705909,0
79,82,82,0.87185674367702,0
79,82,83,0.1765997201609482,0
79,82,84,0.02250416940230587,0
79,82,85,0.2712273078289898,0
79,82,86,-0.1228044503492674,0
79,82,87,0.1693480196322898,0
79,82,88,0.06597053979544848,0
79,82,89,-0.03657091466909871,0
79,82,90,-0.4257316680009933,0
79,82,91,-0.05327521645675484,0
79,82,92,0.04693038598253369,0
79,82,93,0.7202668012622817,0
79,82,94,0.07254935813366989,0
79,82,95,-0.1111017399499929,0
79,82,96,-0.6788000555654963,0
79,82,97,-0.005485222694058253,0
79,82,98,-0.06079969043533399,0
79,82,99,-0.205152609021025,0
79,82,100,-0.2923043046926577,0
79,82,101,0.09630090632113532,0
79,82,102,0.9120066429932921,0
79,82,103,0.3328741291346108,0
79,82,104,0.02279788080143457,0
79,82,105,-0.4764235659615195,0
79,82,106,0.1285106077292211,0
79,82,107,-0.05590225899499809,0
79,82,108,-0.6257622333956107,0
79,82,109,-0.4832475876048966,0
79,82,110,0.01279606473978051,0
79,82,111,0.981133164103257,0
79,82,112,0.1873485243868986,0
79,82,113,0.02007240085792544,0
79,82,114,0.3925638290590641,0
79,82,115,-0.01064194064833355,0
79,82,116,0.1253248922595555,0
79,82,117,0.05953040144360639,0
79,82,118,-0.3195647975134314,0
79,82,119,-0.09852847768105526,0
79,82,120,0.6586209155003585,0
79,82,121,0.1516930896758301,0
79,82,122,-0.7662928002073359,0
79,82,123,-0.08117242177352725,0
79,82,124,-0.2235322824321334,0
79,82,125,-0.4157726534214904,0
79,82,126,1,0
79,82,127,0.3737710053485959,0
79,82,128,-0.4518536753766619,0
79,82,129,0.2279702170133151,0
79,82,130,-0.7159764132861861,0
79,82,131,-0.5394140689861624,0
79,82,132,0.9793348503022171,0
79,82,133,0.1336104015793939,0
79,82,134,0.4520433353164994,0
79,82,135,-0.0002252120839883182,0
79,82,136,0.0006409193213121584,0
79,82,137,0.0007676402098362516,0
79,82,138,-0.0007057460594590845,0
79,82,139,0.0003447536680943118,0
79,82,140,-9.914458179788805e-05,0
79,82,141,-0.000561126674648219,0
79,82,142,0.0004097496274632176,0
79,82,143,-0.0001680698956016673,0
79,82,144,9.054302193029905e-05,0
79,82,145,-0.0002104119208990265,0
79,82,146,0.000738491919860382,0
79,82,147,-0.0006632171632652823,0
79,82,148,3.692804934126144e-05,0
79,82,149,-0.000340383170018155,0
79,82,150,-0.0002307258938838678,0
79,82,151,0.0006752094678233465,0
79,82,152,-0.0003457483211880631,0
79,82,153,0.0004553660222715569,0
79,82,154,-0.0008081427301789292,0
79,82,155,-0.0001229715020453368,0
79,82,156,-0.001018808058604308,0
79,82,157,-5.422452702260195e-05,0
79,82,158,-0.0003142123420333791,0
79,82,159,-0.0003223433659070439,0
79,82,160,0.0007941979298101184,0
79,82,161,7.859682258602246e-06,0
79,82,162,0.0002187306997995198,0
79,82,163,-0.0007233468738952572,0
79,82,164,-0.001070218492816409,0
79,82,165,-0.001008533317158238,0
79,82,166,0.0002739201086237279,0
79,82,167,-0.0004336645008228522,0
79,82,168,-0.0007166041225611571,0
79,82,169,0.0009281499608673804,0
79,82,170,5.790987491663844e-05,0
80,91,0,0.4097910495883598,0
80,91,1,0.1068607684707563,0
80,91,2,-0.2418333820740949,0
80,91,3,-0.08275151549083481,0
80,91,4,0.7008827563051452,0
80,91,5,0.7615474498946927,0
80,91,6,-0.4997170711696615,0
80,91,7,0.186694245631838,0
80,91,8,0.8710786139012431,0
80,91,9,-0.05865296721281817,0
80,91,10,-0.1272438355380651,0
80,91,11,0.2618987480397042,0
80,91,12,0.2310788463339019,0
80,91,13,0.05997732186650277,0
80,91,14,-0.03653394558696879,0
80,91,15,0.1292357189415158,0
80,91,16,0.2408237114120056,0
80,91,17,0.1655130963178375,0
80,91,18,-0.1116797764416737,0
80,91,19,0.1930960729504105,0
80,91,20,0.3894642224303696,0
80,91,21,-0.1931983484926971,0
80,91,22,0.007369023525274109,0
80,91,23,0.3045855718111096,0
80,91,24,-0.1287325325029003,0
80,91,25,-0.1596304103134775,0
80,91,26,-0.03032668556630081,0
80,91,27,-0.2099939283636142,0
80,91,28,-0.3198764969042139,0
80,91,29,-0.4473713760672078,0
80,91,30,-0.620834454973934,0
80,91,31,-0.2764382557129586,0
80,91,32,-0.1086008073480173,0
80,91,33,-0.2210887492264198,0
80,91,34,-0.5537330559635962,0
80,91,35,0.4035706034005474,0
80,91,36,0.3508445542536802,0
80,91,37,-0.6290555567895649,0
80,91,38,0.1954082010151013,0
80,91,39,0.08616524894941351,0
80,91,40,-0.6573075675405855,0
80,91,41,0.04124670669787513,0
80,91,42,-0.1053903094644479,0
80,91,43,-0.412338803617587,0
80,91,44,-0.07415711955625118,0
80,91,45,0.03056905353770942,0
80,91,46,-0.07211288533014937,0
80,91,47,-0.04019651525501943,0
80,91,48,0.2093873074683821,0
80,91,49,0.1581546527997651,0
80,91,50,0.1014699256221201,0
80,91,51,0.240342292705626,0
80,91,52,0.1431131492933698,0
80,91,53,0.1330111588025306,0
80,91,54,0.0831882136555572,0
80,91,55,-0.01644637694968963,0
80,91,56,-0.1686679268714303,0
80,91,57,-0.1615567058946802,0
80,91,58,-0.2483796404379312,0
80,91,59,0.3068681690925365,0
80,91,60,1,0
80,91,61,-0.001038355096393324,0
80,91,62,-0.3677827147193842,0
80,91,63,0.2322888696417073,0
80,91,64,0.220315313241977,0
80,91,65,-0.3946318939630429,0
80,91,66,-0.1981648871231018,0
80,91,67,0.03309650953295991,0
80,91,68,-0.2539706005381443,0
80,91,69,-0.1035937726952069,0
80,91,70,-0.2435996241041228,0
80,91,71,-0.2773634123508587,0
80,91,72,0.03344993540265294,0
80,91,73,-0.2592016383247324,0
80,91,74,-0.2760829633250238,0
80,91,75,-0.03133793239792217,0
80,91,76,-0.005413467627833426,0
80,91,77,-0.1439612713227764,0
80,91,78,-0.2100590339739492,0
80,91,79,0.2497886814119989,0
80,91,80,0.05963046834430771,0
80,91,81,-0.2483388670864445,0
80,91,82,0.2550989539644962,0
80,91,83,0.207049468584267,0
80,91,84,-0.0258965083322974,0
80,91,85,0.1452871219243506,0
80,91,86,0.2250432119944129,0
80,91,87,0.4299089664569926,0
80,91,88,0.3623027376255801,0
80,91,89,-0.8688984739198597,0
80,91,90,0.2546433744528272,0
80,91,91,0.4307509922224822,0
80,91,92,-0.2454797330122567,0
80,91,93,-0.0747993991836878,0
80,91,94,0.2618409260035272,0
80,91,95,0.4338907970176122,0
80,91,96,-0.1430652084328628,0
80,91,97,0.2290856008555509,0
80,91,98,0.7971701474479564,0
80,91,99,-0.212928452447689,0
80,91,100,0.1501527239079182,0
80,91,101,0.6211576262587424,0
80,91,102,-0.1014721429336151,0
80,91,103,-0.04575839285637671,0
80,91,104,0.2331060800361946,0
80,91,105,0.04238754901840644,0
80,91,106,-0.2179345172316673,0
80,91,107,-0.1921024749097426,0
80,91,108,0.05464985847124103,0
80,91,109,-0.2254368501007176,0
80,91,110,-0.3169175243030198,0
80,91,111,0.02016776109298503,0
80,91,112,0.001434033732201066,0
80,91,113,-0.04150703546598099,0
80,91,114,0.2599786131740985,0
80,91,115,0.3027077207784964,0
80,91,116,0.01587535117849617,0
80,91,117,-0.5502614204361068,0
80,91,118,-0.288089040568816,0
80,91,119,-0.3354717461984317,0
80,91,120,-0.05049139332443311,0
80,91,121,0.06282308230985789,0
80,91,122,-0.01050344678215174,0
80,91,123,0.3566854058633692,0
80,91,124,0.1169714102674995,0
80,91,125,0.345578714855685,0
80,91,126,0.2662660177988974,0
80,91,127,0.2845204745862155,0
80,91,128,0.1503393158784836,0
80,91,129,0.09666539721902619,0
80,91,130,-0.1959627793609831,0
80,91,131,-0.1711093050652455,0
80,91,132,-0.2957807262293464,0
80,91,133,-0.2409392550162898,0
80,91,134,0.01085470035926524,0
80,91,135,-0.001530078580307438,0
80,91,136,-0.001328601998694711,0
80,91,137,0.004415418623630396,0
80,91,138,0.001397812581277377,0
80,91,139,0.0006076377513412991,0
80,91,140,5.456716772158709e-06,0
80,91,141,2.860671445952675e-05,0
80,91,142,0.0004850571654692028,0
80,91,143,0.000572309007494514,0
80,91,144,0.001353146071388694,0
80,91,145,-0.001150964720042633,0
80,91,146,-0.008664282145210339,0
80,91,147,-0.003033334014557406,0
80,91,148,-0.001064562864515702,0
80,91,149,-0.0009519380505677549,0
80,91,150,-0.0007281457040483006,0
80,91,151,0.0001381362568355631,0
80,91,152,0.0005553361588472066,0
80,91,153,0.001600517674406881,0
80,91,154,0.003116900095334554,0
80,91,155,-0.0002485297273714703,0
80,91,156,0.0006495104942041253,0
80,91,157,0.0005651941947012939,0
80,91,158,-6.896500145615178e-05,0
80,91,159,-0.0006022533831769661,0
80,91,160,-0.0003256954075349586,0
80,91,161,1.090236501500277e-05,0
80,91,162,-0.003929410737952905,0
80,91,163,-0.001349701942943567,0
80,91,164,0.007756269532676801,0
80,91,165,0.003085637858884318,0
80,91,166,0.001787128723914873,0
80,91,167,0.0008972674008298554,0
80,91,168,0.0001272940255369698,0
80,91,169,-5.708138551612937e-05,0
80,91,170,-3.132180070810195e-05,0
81,92,0,-0.4734113011214567,0
81,92,1,-0.2427705407719539,0
81,92,2,0.08456959713697225,0
81,92,3,0.7046924008518602,0
81,92,4,0.0513220011634458,0
81,92,5,-0.1445815913397569,0
81,92,6,-0.5941060290098656,0
81,92,7,0.1593913429205627,0
81,92,8,0.1407819206338358,0
81,92,9,-0.240778653467931,0
81,92,10,-0.3486059974495202,0
81,92,11,0.04836403383051115,0
81,92,12,0.6800650639962872,0
81,92,13,0.2013998317255026,0
81,92,14,0.0167594342435573,0
81,92,15,0.09016262946351584,0
81,92,16,0.4292138278444049,0
81,92,17,0.1852575961053987,0
81,92,18,-0.8680644020053003,0
81,92,19,-0.3189634685998183,0
81,92,20,0.05413413581312386,0
81,92,21,-0.01785583664809597,0
81,92,22,-0.5297515296282506,0
81,92,23,-0.2890052334297445,0
81,92,24,1,0
81,92,25,0.3431060476679679,0
81,92,26,-0.1958420859187859,0
81,92,27,0.5639279397169424,0
81,92,28,0.254540127466659,0
81,92,29,-0.2714040858066963,0
81,92,30,-0.01139725680939619,0
81,92,31,0.1640202405327573,0
81,92,32,0.399438934209961,0
81,92,33,-0.1577353651964044,0
81,92,34,-0.2241233902583793,0
81,92,35,-0.3789779060984542,0
81,92,36,0.1994013300780785,0
81,92,37,0.1472643329053108,0
81,92,38,-0.253103524182145,0
81,92,39,-0.3194885099813443,0
81,92,40,-0.1296438492536711,0
81,92,41,0.4763907072933179,0
81,92,42,0.01431903120132212,0
81,92,43,-0.1940237434966813,0
81,92,44,0.2553715583844327,0
81,92,45,0.5128151883624887,0
81,92,46,0.2114835074344225,0
81,92,47,-0.5133363928303073,0
81,92,48,0.006124077117819099,0
81,92,49,0.1992176695101885,0
81,92,50,-0.1557498504405891,0
81,92,51,-0.5769720536981096,0
81,92,52,-0.3031903689670619,0
81,92,53,0.5614124050446678,0
81,92,54,-0.05228930741696538,0
81,92,55,-0.2956884017670815,0
81,92,56,0.4939978295042139,0
81,92,57,0.263412318520992,0
81,92,58,0.1377204854765849,0
81,92,59,0.1900169601257482,0
81,92,60,-0.002845790170521397,0
81,92,61,-0.0376276291686052,0
81,92,62,-0.2014901348873574,0
81,92,63,-0.1847752828392799,0
81,92,64,-0.02634440863216817,0
81,92,65,0.2025595813863204,0
81,92,66,0.2271092648002014,0
81,92,67,-0.1877900732439951,0
81,92,68,-0.2643967801642909,0
81,92,69,-0.2277122299132257,0
81,92,70,0.0563455791610175,0
81,92,71,-0.3405046737663853,0
81,92,72,-0.4018297927152311,0
81,92,73,0.2788477458786437,0
81,92,74,0.3004086302700273,0
81,92,75,0.1077328410423571,0
81,92,76,-0.006665156580956675,0
81,92,77,0.3690201415256145,0
81,92,78,0.3241492248169896,0
81,92,79,-0.189995431412771,0
81,92,80,-0.2712547232509689,0
81,92,81,-0.08490005852500822,0
81,92,82,0.007850926412367032,0
81,92,83,-0.3227026585404898,0
81,92,84,-0.215166494264485,0
81,92,85,0.2009540063741223,0
81,92,86,0.1532532180042901,0
81,92,87,0.4046468130162231,0
81,92,88,0.2156138263286717,0
81,92,89,-0.05882253779610785,0
81,92,90,-0.5366644727414513,0
81,92,91,-0.2366389294563583,0
81,92,92,-0.05144152500316517,0
81,92,93,0.4640388625222135,0
81,92,94,0.2726729187932264,0
81,92,95,0.2682561816200356,0
81,92,96,0.007507072644657477,0
81,92,97,0.05492837068193922,0
81,92,98,-0.09827122333695958,0
81,92,99,-0.4505357002043145,0
81,92,100,-0.5360047596795073,0
81,92,101,-0.315849680405378,0
81,92,102,0.05688041877906496,0
81,92,103,-0.1154801872075175,0
81,92,104,0.01616652413306957,0
81,92,105,0.4097620535380753,0
81,92,106,0.4833121349598978,0
81,92,107,0.2592315138538477,0
81,92,108,-0.06263975776235282,0
81,92,109,0.144015539793913,0
81,92,110,0.06571572063714105,0
81,92,111,-0.3739090595255301,0
81,92,112,-0.3317758136382096,0
81,92,113,-0.07541403289147948,0
81,92,114,-0.06696525605530915,0
81,92,115,0.0541604122683546,0
81,92,116,0.5096154590038992,0
81,92,117,0.2822231933600818,0
81,92,118,-0.927721527368617,0
81,92,119,-0.2959281159331793,0
81,92,120,0.8984372561579222,0
81,92,121,0.1548267187661377,0
81,92,122,0.2587843114556621,0
81,92,123,0.4676395060261248,0
81,92,124,-0.7773613352640575,0
81,92,125,-0.3793505970957238,0
81,92,126,-0.2156796480833006,0
81,92,127,-0.4323304527668409,0
81,92,128,0.6137401404017319,0
81,92,129,0.2994018875291282,0
81,92,130,0.1087968965538421,0
81,92,131,0.3507884964374824,0
81,92,132,-0.5186790544443238,0
81,92,133,-0.2178973331494978,0
81,92,134,-0.2038275249114601,0
81,92,135,-0.0007784784197028166,0
81,92,136,0.002322444365664456,0
81,92,137,-0.0007971981832240618,0
81,92,138,0.0006915751999785628,0
81,92,139,0.002552157027416368,0
81,92,140,-6.52628038231818e-05,0
81,92,141,-0.001880810158223901,0
81,92,142,0.0004778339391486492,0
81,92,143,0.001660774604321499,0
81,92,144,-0.001449923862750452,0
81,92,145,0.004252224802738654,0
81,92,146,-0.002448268187037162,0
81,92,147,-0.0003025229020089375,0
81,92,148,0.003200401569426557,0
81,92,149,0.0005630164751188537,0
81,92,150,-0.002642181795516999,0
81,92,151,0.0001763687700213575,0
81,92,152,0.002501820723767698,0
81,92,153,-0.001849566203065164,0
81,92,154,0.004705511117896076,0
81,92,155,-0.002328175832533893,0
81,92,156,-0.0009583542369163896,0
81,92,157,0.002846779048115304,0
81,92,158,0.0009670934224688541,0
81,92,159,-0.00268058466968277,0
81,92,160,-0.000328278555889895,0
81,92,161,0.002654813106600111,0
81,92,162,-0.001498128428606419,0
81,92,163,0.003410818116721188,0
81,92,164,-5.313548547919811e-05,0
81,92,165,-0.0008193493690311041,0
81,92,166,0.001838872647319774,0
81,92,167,0.001113767688577158,0
81,92,168,-0.001759840435772018,0
81,92,169,-0.0007017889774672923,0
81,92,170,0.001740867648601689,0
82,97,0,0.1824168744847406,0
82,97,1,0.1092125588879075,0
82,97,2,-0.001800653151741302,0
82,97,3,-0.3278350677487947,0
82,97,4,-0.09252269760030417,0
82,97,5,-0.009666207961002078,0
82,97,6,-0.02583819234590197,0
82,97,7,-0.6097707741638503,0
82,97,8,-0.6480331579954889,0
82,97,9,0.4006170608167317,0
82,97,10,-0.2975583657499775,0
82,97,11,-1,0
82,97,12,0.5247343627546082,0
82,97,13,0.2235824315990902,0
82,97,14,-0.3915243954547047,0
82,97,15,0.09862017435374831,0
82,97,16,0.4144889277595971,0
82,97,17,0.3050001466079517,0
82,97,18,-0.3239562973920773,0
82,97,19,0.176085136122319,0
82,97,20,0.591492937606157,0
82,97,21,-0.2929351791187192,0
82,97,22,-0.1189962978205305,0
82,97,23,0.3257513440619222,0
82,97,24,-0.08595603308072733,0
82,97,25,-0.253056001012846,0
82,97,26,-0.1871126127172699,0
82,97,27,-0.293449053995628,0
82,97,28,-0.5514945052854616,0
82,97,29,0.08971789295880296,0
82,97,30,-0.01612230436461561,0
82,97,31,-0.1129401215256479,0
82,97,32,0.2849877714378007,0
82,97,33,0.5493243308055079,0
82,97,34,0.517908868118846,0
82,97,35,-0.2547109543604306,0
82,97,36,-0.1784750697262062,0
82,97,37,0.3327871590057398,0
82,97,38,-0.1369096925733922,0
82,97,39,-0.716357267167927,0
82,97,40,-0.1581850315990881,0
82,97,41,-0.09947780732465537,0
82,97,42,-0.3190105178741397,0
82,97,43,-0.06772581084642716,0
82,97,44,-0.152031771158688,0
82,97,45,0.1699996814522161,0
82,97,46,0.2995586138290667,0
82,97,47,-0.08936112275575638,0
82,97,48,0.3631080762164903,0
82,97,49,0.419272702947553,0
82,97,50,0.1541935583301893,0
82,97,51,0.2712709283805032,0
82,97,52,0.1990563353160239,0
82,97,53,0.2424158653491356,0
82,97,54,0.04328574810461523,0
82,97,55,-0.09285339078073145,0
82,97,56,-0.2742137108579065,0
82,97,57,-0.269249777905175,0
82,97,58,-0.520649627524684,0
82,97,59,-0.5371876900314869,0
82,97,60,-0.2390348164264688,0
82,97,61,0.4193544872924007,0
82,97,62,0.106723741721972,0
82,97,63,-0.2455872857725497,0
82,97,64,0.2029596011002887,0
82,97,65,0.7549347346686855,0
82,97,66,0.2753188853876047,0
82,97,67,-0.2829372246962934,0
82,97,68,0.1259534894984221,0
82,97,69,0.5116604341474813,0
82,97,70,-0.4530989437411679,0
82,97,71,-0.2352738444771765,0
82,97,72,0.2559045936052585,0
82,97,73,-0.2410003014045146,0
82,97,74,-0.1879731273279671,0
82,97,75,-0.0509409787190741,0
82,97,76,0.1322590186930261,0
82,97,77,-0.00379426680418817,0
82,97,78,-0.3252736354984151,0
82,97,79,0.4107253674491964,0
82,97,80,0.1776439315081983,0
82,97,81,-0.3276543702937658,0
82,97,82,0.3771095883615228,0
82,97,83,0.3176512737015666,0
82,97,84,0.03454504195350733,0
82,97,85,0.233204685644301,0
82,97,86,0.4152191804806169,0
82,97,87,-0.459797303973748,0
82,97,88,0.004575365326222534,0
82,97,89,0.6994680800091714,0
82,97,90,-0.06618814085700329,0
82,97,91,-0.761853883785107,0
82,97,92,-0.4535612938150528,0
82,97,93,0.3688426915629516,0
82,97,94,0.1193043205561059,0
82,97,95,-0.3798969211870352,0
82,97,96,-0.05430419464009979,0
82,97,97,0.4488783006997048,0
82,97,98,0.1541568859701955,0
82,97,99,-0.1843724509773386,0
82,97,100,0.07356376597600989,0
82,97,101,0.1253754977594323,0
82,97,102,0.02447352828873779,0
82,97,103,-0.2177368639979963,0
82,97,104,-0.2695850117216326,0
82,97,105,0.1673683337421578,0
82,97,106,-0.3506825994536601,0
82,97,107,-0.6123177261519768,0
82,97,108,0.09308531109572576,0
82,97,109,-0.2818256349103851,0
82,97,110,-0.52492178836938,0
82,97,111,0.01593177442454989,0
82,97,112,0.07062205716694764,0
82,97,113,0.01506409098937644,0
82,97,114,0.452924796637116,0
82,97,115,0.545955711537957,0
82,97,116,0.6172363523372697,0
82,97,117,0.8142786723997045,0
82,97,118,-0.2040398030095238,0
82,97,119,-0.02898095258719358,0
82,97,120,-0.1682084539782868,0
82,97,121,-0.4628331044395457,0
82,97,122,0.01148388513288301,0
82,97,123,0.004359976122438935,0
82,97,124,0.1737603618996967,0
82,97,125,0.139455456445154,0
82,97,126,0.326256895322731,0
82,97,127,0.09380415093080209,0
82,97,128,0.0946067655171523,0
82,97,129,-0.1001852119009041,0
82,97,130,-0.3881986940492805,0
82,97,131,-0.3723364722585751,0
82,97,132,-0.4649262336091203,0
82,97,133,-0.366255444570978,0
82,97,134,0.04988731350026528,0
82,97,135,0.002611229872957812,0
82,97,136,-0.003260148726784453,0
82,97,137,-0.01512125846690137,0
82,97,138,-0.00445880535374424,0
82,97,139,-0.001691623267309443,0
82,97,140,-0.001208413472291034,0
82,97,141,-0.0002375510141080064,0
82,97,142,0.001018153335350772,0
82,97,143,0.001173175925924654,0
82,97,144,2.572975992783247e-05,0
82,97,145,-0.001445427665849836,0
82,97,146,-0.00248290025938047,0
82,97,147,0.0003248227097730462,0
82,97,148,0.0001746795389218024,0
82,97,149,-0.000895899733271413,0
82,97,150,-0.0006272214348388338,0
82,97,151,0.000863824812432227,0
82,97,152,0.001352940653314206,0
82,97,153,-0.002252023871451008,0
82,97,154,0.0007659561174393382,0
82,97,155,0.005866391519876196,0
82,97,156,0.002326505264398121,0
82,97,157,0.001631837921024813,0
82,97,158,-2.590003920734171e-05,0
82,97,159,-0.001160344941378479,0
82,97,160,-0.0005620833325911599,0
82,97,161,0.0001227158967531742,0
82,97,162,-0.0001062521022676262,0
82,97,163,0.003051713567570417,0
82,97,164,0.001988856862812997,0
82,97,165,0.0001532361488735232,0
82,97,166,0.0005720657028181203,0
82,97,167,1.185872969944562e-05,0
82,97,168,-0.0009314881876228383,0
82,97,169,-0.0008208945472179968,0
82,97,170,-0.0003967762616327421,0
83,98,0,-0.6270741289878564,0
83,98,1,-0.313662180633169,0
83,98,2,0.08323686740586547,0
83,98,3,0.9274409889835826,0
83,98,4,0.1601600473413295,0
83,98,5,-0.02259079507710795,0
83,98,6,-0.8424062043551411,0
83,98,7,0.06969432099184469,0
83,98,8,0.03520500837238807,0
83,98,9,-0.3013046821457814,0
83,98,10,-0.4564931146369717,0
83,98,11,0.04914428078377464,0
83,98,12,0.7720867948816491,0
83,98,13,0.1762255926133315,0
83,98,14,-0.04560907153108438,0
83,98,15,0.2423915374763213,0
83,98,16,0.4023383851300987,0
83,98,17,-0.04885816558462626,0
83,98,18,-0.6803487979450646,0
83,98,19,-0.1566015275752054,0
83,98,20,0.05936866191210003,0
83,98,21,-0.1425692073458704,0
83,98,22,-0.2954037817887417,0
83,98,23,0.1091062512568627,0
83,98,24,0.59202743549328,0
83,98,25,0.1949676363792033,0
83,98,26,0.01574650459280502,0
83,98,27,0.2122921613116076,0
83,98,28,-0.07881191505902974,0
83,98,29,-0.6015592694657457,0
83,98,30,-0.2410903812715012,0
83,98,31,0.09762565860476786,0
83,98,32,0.8885039083482251,0
83,98,33,0.08623407928475377,0
83,98,34,-0.1118255632455404,0
83,98,35,-0.7879914232653955,0
83,98,36,0.07958875011911944,0
83,98,37,0.001885513337681898,0
83,98,38,-0.2671457982773947,0
83,98,39,-0.3916739901764058,0
83,98,40,0.06207676236523682,0
83,98,41,0.7608015976932683,0
83,98,42,0.1493563703271855,0
83,98,43,-0.08217475176003662,0
83,98,44,0.1938197005423602,0
83,98,45,0.3290476878300561,0
83,98,46,-0.1082513416907032,0
83,98,47,-0.7193997795879027,0
83,98,48,-0.169924069111588,0
83,98,49,0.05257734812371791,0
83,98,50,-0.1048523036146829,0
83,98,51,-0.2313265809452029,0
83,98,52,0.1445959587067804,0
83,98,53,0.6798153600670562,0
83,98,54,0.254074263391465,0
83,98,55,0.01445029804935504,0
83,98,56,0.1885283922899553,0
83,98,57,-0.1352159015475091,0
83,98,58,-0.4611402098600374,0
83,98,59,-0.171302048793138,0
83,98,60,0.06383086830923378,0
83,98,61,0.7944828671119873,0
83,98,62,0.06001240302905101,0
83,98,63,-0.1120004666917797,0
83,98,64,-0.78520934940251,0
83,98,65,0.02209876840741519,0
83,98,66,0.02737611717109145,0
83,98,67,-0.184516545321518,0
83,98,68,-0.3333616282121014,0
83,98,69,0.0994183301052118,0
83,98,70,0.7763933902291535,0
83,98,71,0.1799659697733104,0
83,98,72,-0.069155036642937,0
83,98,73,0.09869363342563568,0
83,98,74,0.2579200446290318,0
83,98,75,-0.1336018119327523,0
83,98,76,-0.7997230546801934,0
83,98,77,-0.2672449569220537,0
83,98,78,0.0055162853179972,0
83,98,79,-0.03509651377200313,0
83,98,80,-0.2357585713030469,0
83,98,81,0.1088476633771296,0
83,98,82,0.821334586343671,0
83,98,83,0.3381805635431526,0
83,98,84,0.006369102717040891,0
83,98,85,0.2277693178255859,0
83,98,86,-0.123232423059684,0
83,98,87,-0.3476163416551223,0
83,98,88,-0.143408518203677,0
83,98,89,0.03384074990836865,0
83,98,90,0.6767682620715476,0
83,98,91,0.1088410534049068,0
83,98,92,-0.02533588124617896,0
83,98,93,-0.7906695123508494,0
83,98,94,-0.006940757220705886,0
83,98,95,0.07296317587243223,0
83,98,96,-0.08360334562554603,0
83,98,97,-0.2711343805627253,0
83,98,98,0.1113027201892543,0
83,98,99,0.8277535567925267,0
83,98,100,0.2704610083513603,0
83,98,101,-0.02272762106454521,0
83,98,102,0.02558818572732581,0
83,98,103,0.2574328011205286,0
83,98,104,-0.08938746230888525,0
83,98,105,-0.8916954322799892,0
83,98,106,-0.3675563452669143,0
83,98,107,-0.01750585162568687,0
83,98,108,0.003837627460915481,0
83,98,109,-0.2997963244062394,0
83,98,110,0.05100625544167853,0
83,98,111,0.942693238435979,0
83,98,112,0.400635523074524,0
83,98,113,0.004083403730509885,0
83,98,114,0.3144973100250645,0
83,98,115,-0.05479115580117594,0
83,98,116,-0.3436591616652811,0
83,98,117,-0.1787835944543243,0
83,98,118,0.6117955274960719,0
83,98,119,0.1402082366253881,0
83,98,120,-0.7540888893909456,0
83,98,121,-0.03872720364135419,0
83,98,122,-0.01756299392613479,0
83,98,123,-0.2720885963666847,0
83,98,124,0.8830406307576798,0
83,98,125,0.3522640939677006,0
83,98,126,0.01757899245020869,0
83,98,127,0.3367467074858847,0
83,98,128,-0.9546049093411144,0
83,98,129,-0.3996088318492063,0
83,98,130,-0.01563792114820418,0
83,98,131,-0.3826584815683694,0
83,98,132,1,0
83,98,133,0.4135359407587229,0
83,98,134,0.3934536393990415,0
83,98,135,0.0004022577770833619,0
83,98,136,0.000472152670964696,0
83,98,137,0.0005758066836024516,0
83,98,138,0.001001375862299551,0
83,98,139,0.0005939982091985058,0
83,98,140,-0.000359881955769965,0
83,98,141,0.0001450713490025233,0
83,98,142,0.000461576891331644,0
83,98,143,-0.0001832420190159386,0
83,98,144,8.92307975933195e-05,0
83,98,145,0.001027164820910424,0
83,98,146,0.001504240957893372,0
83,98,147,0.001481116300509368,0
83,98,148,0.0005060691869276143,0
83,98,149,-0.0001680204341947295,0
83,98,150,0.0005859213275057483,0
83,98,151,0.0005632009075398637,0
83,98,152,-0.0004803109639648193,0
83,98,153,-6.898688626823062e-05,0
83,98,154,0.001372832457496065,0
83,98,155,0.002373245398350402,0
83,98,156,0.002030079911945586,0
83,98,157,0.0009005921322841597,0
83,98,158,-0.0001031432504202272,0
83,98,159,0.0004271813732370577,0
83,98,160,0.0006322422595435754,0
83,98,161,-0.0002223772756489644,0
83,98,162,0.0001395655695721376,0
83,98,163,0.0009585382467357509,0
83,98,164,0.002448741000123401,0
83,98,165,0.001960213413834283,0
83,98,166,0.0005775876749568792,0
83,98,167,-0.0003600495093408421,0
83,98,168,0.0004950599316311771,0
83,98,169,0.0007689300474206091,0
83,98,170,-0.0004732128835143279,0
84,99,0,-0.4966407531224754,0
84,99,1,-0.1017691960859355,0
84,99,2,0.3089363122964403,0
84,99,3,0.2661294743532347,0
84,99,4,-0.2911561328077307,0
84,99,5,-0.2748451409962172,0
84,99,6,0.3770538584889185,0
84,99,7,0.3687621756385883,0
84,99,8,0.01191672360965942,0
84,99,9,0.01904158969135557,0
84,99,10,0.5117710792599087,0
84,99,11,0.7915990671023921,0
84,99,12,-0.2121652967467231,0
84,99,13,0.3599972946249926,0
84,99,14,0.9966411513412322,0
84,99,15,-0.1945189499031014,0
84,99,16,0.2242944763166578,0
84,99,17,0.8888430551662396,0
84,99,18,-0.2093718708451981,0
84,99,19,0.0658424241627774,0
84,99,20,0.5274298970803749,0
84,99,21,-0.375934063035542,0
84,99,22,-0.2438351445953748,0
84,99,23,-0.005573810873686903,0
84,99,24,-0.3810118267963482,0
84,99,25,-0.5699556756127644,0
84,99,26,-0.585146062332539,0
84,99,27,-0.5917084184211289,0
84,99,28,-0.9858199455326921,0
84,99,29,0.08714224270861833,0
84,99,30,0.3138555172860693,0
84,99,31,0.1462849809892847,0
84,99,32,-0.03327215189977356,0
84,99,33,-0.3326411907386955,0
84,99,34,-0.3489841513256424,0
84,99,35,-0.002948727318721685,0
84,99,36,-0.1057251204588598,0
84,99,37,-0.1577577123890542,0
84,99,38,-0.1717895994732201,0
84,99,39,0.4529678559224562,0
84,99,40,0.3942040064674395,0
84,99,41,-0.1326500102625655,0
84,99,42,0.5634046849199434,0
84,99,43,0.56359863038331,0
84,99,44,0.1071945693325095,0
84,99,45,0.5977021009541632,0
84,99,46,0.4899775570705487,0
84,99,47,0.2600021167223262,0
84,99,48,0.5238565486275258,0
84,99,49,0.3174779057089577,0
84,99,50,0.1549942479990527,0
84,99,51,0.1940575694882046,0
84,99,52,0.05775510959264794,0
84,99,53,-0.006907761598706563,0
84,99,54,-0.3325795016807042,0
84,99,55,-0.3074967151991607,0
84,99,56,-0.7174606651197788,0
84,99,57,-0.6347429999661229,0
84,99,58,0.5876388527565,0
84,99,59,0.3142438952036004,0
84,99,60,-0.1782437120331894,0
84,99,61,-0.1960041982618079,0
84,99,62,0.08421149901566624,0
84,99,63,0.1123045937626435,0
84,99,64,-0.4454963703629139,0
84,99,65,-0.4193155515491413,0
84,99,66,0.05996018635281443,0
84,99,67,-0.2736295532008104,0
84,99,68,-0.2744800093123543,0
84,99,69,-0.3479229412468128,0
84,99,70,-0.02097121974636338,0
84,99,71,-0.1435580752727088,0
84,99,72,-0.6147272414877866,0
84,99,73,0.2863962552869599,0
84,99,74,0.02533175709819335,0
84,99,75,-0.6806144086473207,0
84,99,76,0.4974643531924431,0
84,99,77,0.2837004220168191,0
84,99,78,-0.4068808569231881,0
84,99,79,0.4719914199381143,0
84,99,80,0.4499869796289794,0
84,99,81,0.05613915659438597,0
84,99,82,0.2577642247060284,0
84,99,83,0.349286959431725,0
84,99,84,0.4170846455389997,0
84,99,85,0.06510466316222169,0
84,99,86,0.5412923223407183,0
84,99,87,0.3032015209023277,0
84,99,88,-0.09512394820793264,0
84,99,89,-0.2809987648635804,0
84,99,90,-0.1354936105820761,0
84,99,91,0.3994500326703438,0
84,99,92,0.411597997742068,0
84,99,93,-0.2487920570508724,0
84,99,94,0.01411739735264131,0
84,99,95,0.3383671188950806,0
84,99,96,-0.0009012583901502323,0
84,99,97,-0.4351651489129212,0
84,99,98,-0.4049371976767467,0
84,99,99,0.08307235213873765,0
84,99,100,-0.6350764712824534,0
84,99,101,-0.9016132244278784,0
84,99,102,0.07222289357527924,0
84,99,103,-0.677366320952126,0
84,99,104,-1,0
84,99,105,0.09175538625030226,0
84,99,106,-0.3954588662751182,0
84,99,107,-0.643033575178375,0
84,99,108,0.1388513969732932,0
84,99,109,0.1161302164101413,0
84,99,110,-0.008542764594097198,0
84,99,111,0.1205807711902583,0
84,99,112,0.5496243659790947,0
84,99,113,0.5865220934559709,0
84,99,114,0.6929025688500074,0
84,99,115,0.9173704392632762,0
84,99,116,-0.3556194311621582,0
84,99,117,-0.3647048138470602,0
84,99,118,-0.06672309980607123,0
84,99,119,-3.838805906371982e-05,0
84,99,120,0.4107275974552143,0
84,99,121,0.3915341252277151,0
84,99,122,0.4260514260571039,0
84,99,123,0.1655549059146378,0
84,99,124,0.1603275631950194,0
84,99,125,-0.1562611497427456,0
84,99,126,-0.2578237976642536,0
84,99,127,-0.481301329941972,0
84,99,128,-0.4848266600301455,0
84,99,129,-0.5895872402757764,0
84,99,130,-0.3920903672738397,0
84,99,131,-0.3651103662446944,0
84,99,132,-0.1593160963847562,0
84,99,133,0.03131553081993225,0
84,99,134,0.3387115780591947,0
84,99,135,-0.001509024481177858,0
84,99,136,0.003279194661729279,0
84,99,137,0.01050033934879604,0
84,99,138,0.001947411627693742,0
84,99,139,0.0006979013611057889,0
84,99,140,0.001945278505428049,0
84,99,141,0.002710748306158961,0
84,99,142,0.002003866275527401,0
84,99,143,0.001124782775518604,0
84,99,144,-0.0009244287817989601,0
84,99,145,0.002214109338214007,0
84,99,146,0.005239638416494379,0
84,99,147,0.0001211690537666752,0
84,99,148,-0.0004320562216947605,0
84,99,149,0.001088023498196334,0
84,99,150,0.002084808846748471,0
84,99,151,0.001708145460805676,0
84,99,152,0.001060135566334113,0
84,99,153,0.0008380567720393588,0
84,99,154,0.0005083195082975463,0
84,99,155,-0.001839450730551975,0
84,99,156,-0.0003864393382501321,0
84,99,157,-0.0009656630511015185,0
84,99,158,-0.00103480612025273,0
84,99,159,-0.001124617456684972,0
84,99,160,-0.001270965356598515,0
84,99,161,-0.0009686260642959702,0
84,99,162,0.001210947802755697,0
84,99,163,0.0002536554083519055,0
84,99,164,-0.001609518193814332,0
84,99,165,0.0005576479899631337,0
84,99,166,-0.0001790513546652124,0
84,99,167,-0.001051758314615808,0
84,99,168,-0.001712070488296985,0
84,99,169,-0.002013165542096943,0
84,99,170,-0.001883007820399305,0
85,101,0,-0.5658762794910634,0
85,101,1,-0.2371878105465622,0
85,101,2,0.1369597870206958,0
85,101,3,0.6201031871310189,0
85,101,4,-0.04929062818788373,0
85,101,5,-0.1374684401282409,0
85,101,6,-0.2128894806419017,0
85,101,7,0.2395450769523751,0
85,101,8,0.0229213004321831,0
85,101,9,-0.770430719713855,0
85,101,10,-0.4376391490507893,0
85,101,11,-0.08627305640680585,0
85,101,12,-0.1450093751130117,0
85,101,13,-0.525937163799353,0
85,101,14,-0.3516633584324219,0
85,101,15,0.8401215078170662,0
85,101,16,0.156556471991875,0
85,101,17,-0.287996346725031,0
85,101,18,0.6944637436833481,0
85,101,19,0.6806345478182104,0
85,101,20,0.1302198536247687,0
85,101,21,-0.4599283621146355,0
85,101,22,0.2812982002991616,0
85,101,23,0.4255086509716043,0
85,101,24,-0.9288682591358972,0
85,101,25,-0.4435830664311178,0
85,101,26,0.2768281303610243,0
85,101,27,-0.3971085510632054,0
85,101,28,-0.0445786816875673,0
85,101,29,-0.3239986874423538,0
85,101,30,-0.0125180901531709,0
85,101,31,0.1566894165607277,0
85,101,32,0.4104174632415628,0
85,101,33,-0.1593243460464266,0
85,101,34,-0.2227676609811036,0
85,101,35,-0.06830670371787538,0
85,101,36,0.2978386182010177,0
85,101,37,0.1657291805923147,0
85,101,38,-0.5108723597002739,0
85,101,39,-0.2271560002815027,0
85,101,40,0.1057313308217305,0
85,101,41,-0.2243372845047302,0
85,101,42,-0.6291464414115049,0
85,101,43,-0.4042091423228868,0
85,101,44,0.4334992984157215,0
85,101,45,-0.2289166672089208,0
85,101,46,-0.4305032977194044,0
85,101,47,0.4391247725445608,0
85,101,48,0.4672842955354822,0
85,101,49,0.1273695127433579,0
85,101,50,-0.2910935196264004,0
85,101,51,0.4815007183793648,0
85,101,52,0.5388875232041692,0
85,101,53,-0.6378429110385938,0
85,101,54,-0.136274679687195,0
85,101,55,0.2759305463980707,0
85,101,56,-0.3840330482901335,0
85,101,57,-0.2406230849171584,0
85,101,58,0.07513958753826813,0
85,101,59,0.1539764773096866,0
85,101,60,0.03887756050510929,0
85,101,61,-0.03142782565608516,0
85,101,62,-0.2768207938777132,0
85,101,63,-0.3007875193454143,0
85,101,64,0.1433297191169227,0
85,101,65,0.3062242954815756,0
85,101,66,0.261948768450114,0
85,101,67,-0.0337351854866753,0
85,101,68,0.2535420208462424,0
85,101,69,0.3718998690870262,0
85,101,70,-0.2107543670468947,0
85,101,71,-0.3650671211869843,0
85,101,72,-0.2044907507436068,0
85,101,73,-0.09893429091589472,0
85,101,74,-0.4763880467782147,0
85,101,75,-0.3718805653014831,0
85,101,76,0.06677716211833705,0
85,101,77,0.06092353893621111,0
85,101,78,0.04192012625214094,0
85,101,79,-0.01893035879743222,0
85,101,80,0.4124710442485924,0
85,101,81,0.3606195180925043,0
85,101,82,-0.14710154215477,0
85,101,83,0.07729531975770895,0
85,101,84,0.05560313055506525,0
85,101,85,-0.3713212933068809,0
85,101,86,-0.4723281432465515,0
85,101,87,0.4826339761044348,0
85,101,88,0.3255585321732637,0
85,101,89,0.05956595704722523,0
85,101,90,-0.6162033985769541,0
85,101,91,-0.3709895282767643,0
85,101,92,-0.2152820999039732,0
85,101,93,0.3133349698777958,0
85,101,94,0.0824110953024874,0
85,101,95,0.1774447655264279,0
85,101,96,0.5056881676304961,0
85,101,97,0.6450294419681663,0
85,101,98,0.3398292590495683,0
85,101,99,-0.04983649269956578,0
85,101,100,0.08463678592368447,0
85,101,101,-0.02718264213499081,0
85,101,102,-0.493638105754195,0
85,101,103,-0.4690652171352497,0
85,101,104,-0.1964715816482111,0
85,101,105,-0.2392175283880784,0
85,101,106,-0.2853676530896504,0
85,101,107,-0.0135789930313261,0
85,101,108,0.2727898625930678,0
85,101,109,0.2313889285288765,0
85,101,110,0.1372858146059193,0
85,101,111,0.3601697020142526,0
85,101,112,0.2503088392581616,0
85,101,113,-0.07186382246582093,0
85,101,114,-0.2376280637083644,0
85,101,115,-0.4068148846651592,0
85,101,116,0.8318100259084288,0
85,101,117,0.4978769936920228,0
85,101,118,-1,0
85,101,119,-0.217099652759969,0
85,101,120,0.3398513213265858,0
85,101,121,-0.2654016299249807,0
85,101,122,0.8618822013019453,0
85,101,123,0.6383423340250923,0
85,101,124,0.134243165846353,0
85,101,125,0.3935594879858678,0
85,101,126,-0.6655397639873047,0
85,101,127,-0.3015534960695945,0
85,101,128,-0.406729064706395,0
85,101,129,-0.441484943756288,0
85,101,130,0.4499364682288657,0
85,101,131,0.07781464393910248,0
85,101,132,0.6792089111278949,0
85,101,133,0.4276640704631099,0
85,101,134,0.09835164925251372,0
85,101,135,6.068712670443893e-05,0
85,101,136,0.004909743671998807,0
85,101,137,0.002343118153256661,0
85,101,138,0.0003801515927717709,0
85,101,139,0.00129356998055442,0
85,101,140,0.002592928700231181,0
85,101,141,0.001012430257249917,0
85,101,142,-0.001642077826078827,0
85,101,143,-0.001814068226132929,0
85,101,144,-0.0009463652984512257,0
85,101,145,0.008427829006137129,0
85,101,146,0.008852908576658531,0
85,101,147,0.002874372094650157,0
85,101,148,0.002264381789674243,0
85,101,149,0.003783314182144574,0
85,101,150,0.001978313192069491,0
85,101,151,-0.001849213399741518,0
85,101,152,-0.00246227166042468,0
85,101,153,-0.001714123322880697,0
85,101,154,0.0090745042106504,0
85,101,155,0.01362542053268021,0
85,101,156,0.004226189402481944,0
85,101,157,0.002527375749961837,0
85,101,158,0.004266714592379935,0
85,101,159,0.002982314139519333,0
85,101,160,-0.001140998070066371,0
85,101,161,-0.002469437124902602,0
85,101,162,-0.001339747017085065,0
85,101,163,0.006146398916059429,0
85,101,164,0.01053262780172711,0
85,101,165,0.002410125324907894,0
85,101,166,0.001255808700901,0
85,101,167,0.003052087510471541,0
85,101,168,0.002612245268664478,0
85,101,169,-0.000401498754269789,0
85,101,170,-0.001746682829748304,0
86,159,0,-2.866340880139569e-05,0
86,159,1,3.02601412328024e-06,0
86,159,2,3.381866142682043e-05,0
86,159,3,-1.107907715940302e-05,0
86,159,4,-2.917898357224888e-05,0
86,159,5,-1.829194337676973e-05,0
86,159,6,4.4919773767197e-05,0
86,159,7,-2.05734779267277e-05,0
86,159,8,-3.447715889176952e-05,0
86,159,9,-0.0007208925180787272,0
86,159,10,-0.0004331739295132987,0
86,159,11,-0.0006657480229264794,0
86,159,12,0.001248593696055348,0
86,159,13,0.0007832851699450113,0
86,159,14,0.00181447412843285,0
86,159,15,-0.001474930570106116,0
86,159,16,-0.0008851789725836041,0
86,159,17,-0.002418648502696089,0
86,159,18,0.001420977475976238,0
86,159,19,0.0009152338846928572,0
86,159,20,0.002726831921196017,0
86,159,21,-0.001106996500291036,0
86,159,22,-0.0006728439098884274,0
86,159,23,-0.002275753432212721,0
86,159,24,0.0006021645419426886,0
86,159,25,0.000416443861465638,0
86,159,26,0.00165270143762893,0
86,159,27,4.414682639827297e-05,0
86,159,28,-0.000450667848629561,0
86,159,29,1.314682431743069e-05,0
86,159,30,2.67584638153064e-05,0
86,159,31,6.743899264248006e-07,0
86,159,32,3.655910361415052e-05,0
86,159,33,1.887033496438226e-05,0
86,159,34,9.865183184882056e-06,0
86,159,35,-6.468261482273493e-05,0
86,159,36,-1.661553153202359e-06,0
86,159,37,8.373816675909254e-06,0
86,159,38,0.002023768940041176,0
86,159,39,0.0007930917910779509,0
86,159,40,0.001169846405647573,0
86,159,41,-0.003298030212635526,0
86,159,42,-0.0008091826936454101,0
86,159,43,-0.003046797882601741,0
86,159,44,0.003975226562307151,0
86,159,45,0.0008186692154218964,0
86,159,46,0.004184728698843974,0
86,159,47,-0.003898565962837455,0
86,159,48,-0.0005530324055392957,0
86,159,49,-0.004441384808616712,0
86,159,50,0.003018363736782144,0
86,159,51,0.0003080455838945645,0
86,159,52,0.003966645316096295,0
86,159,53,-0.001595727758949492,0
86,159,54,0.0001399016309599206,0
86,159,55,-0.002580231226716599,0
86,159,56,-0.0003174401492930719,0
86,159,57,0.0009479594587129747,0
86,159,58,1.473817384847991e-05,0
86,159,59,-1.326439976238911e-05,0
86,159,60,-3.825402569537899e-05,0
86,159,61,-1.432187566330303e-05,0
86,159,62,-5.125222570694348e-06,0
86,159,63,-2.529162841484e-05,0
86,159,64,5.534131872179081e-05,0
86,159,65,5.157273911553913e-06,0
86,159,66,7.656213194171741e-06,0
86,159,67,-0.002601938989230845,0
86,159,68,-0.0008152600633601902,0
86,159,69,-0.001156133083460814,0
86,159,70,0.004151828214644363,0
86,159,71,0.000479372846094038,0
86,159,72,0.003053502687763503,0
86,159,73,-0.005026068175871106,0
86,159,74,-0.0002683553850731366,0
86,159,75,-0.004166037819774619,0
86,159,76,0.004861568491123058,0
86,159,77,-5.328702233443369e-05,0
86,159,78,0.004444795312911039,0
86,159,79,-0.003816465861019609,0
86,159,80,0.0003155220596731436,0
86,159,81,-0.00398860306226085,0
86,159,82,0.002022280060313095,0
86,159,83,-0.0005591066837644259,0
86,159,84,0.002586222136291295,0
86,159,85,0.0006262058601437606,0
86,159,86,-0.0009626897633382597,0
86,159,87,-6.225539244584531e-06,0
86,159,88,-1.060739982515381e-05,0
86,159,89,2.496441706276621e-05,0
86,159,90,1.416311906517832e-05,0
86,159,91,1.072503126362079e-05,0
86,159,92,4.138183847144629e-05,0
86,159,93,-9.085645631943657e-05,0
86,159,94,-2.149834305805196e-05,0
86,159,95,1.72266028323516e-06,0
86,159,96,0.002066690697735481,0
86,159,97,0.0004790625130474772,0
86,159,98,0.0006903675238302259,0
86,159,99,-0.003299578963181576,0
86,159,100,2.271575676183407e-05,0
86,159,101,-0.001865831287795222,0
86,159,102,0.00399548153552505,0
86,159,103,-0.000373073139739888,0
86,159,104,0.002439693413667589,0
86,159,105,-0.003892244369266731,0
86,159,106,0.0006054264415884197,0
86,159,107,-0.002734587236295719,0
86,159,108,0.003031783797648254,0
86,159,109,-0.0008614162543578835,0
86,159,110,0.002276119174670195,0
86,159,111,-0.001575487819815892,0
86,159,112,0.0007693027439174243,0
86,159,113,-0.001628673172378099,0
86,159,114,-0.0006714198637059821,0
86,159,115,0.0004506929945654472,0
86,159,116,-2.045856720635662e-05,0
86,159,117,2.85039723592509e-06,0
86,159,118,5.708678399467003e-06,0
86,159,119,1.5407644633917e-05,0
86,159,120,3.57329059251513e-05,0
86,159,121,2.678751379279765e-05,0
86,159,122,-0.0007489073898626185,0
86,159,123,8.080414487760252e-07,0
86,159,124,0.001237871779592401,0
86,159,125,-0.0004886961812514274,0
86,159,126,-0.001461438192686132,0
86,159,127,0.0007604441999253106,0
86,159,128,0.001449245799899448,0
86,159,129,-0.000937031162719605,0
86,159,130,-0.001132313901545636,0
86,159,131,0.0008651434280879832,0
86,159,132,0.000595916820336459,0
86,159,133,-0.0007237598623022127,0
86,159,134,0.0003307584102096067,0
86,159,135,-0.0006237950102078762,0
86,159,136,0.005574421967348989,0
86,159,137,-0.03319194018227235,0
86,159,138,0.3038562592177929,0
86,159,139,-0.5005468078834975,0
86,159,140,0.597924943160859,0
86,159,141,-0.5768729906714736,0
86,159,142,0.4435518446605873,0
86,159,143,-0.2288735995574035,0
86,159,144,0.0005858356740723355,0
86,159,145,-0.006874525320155271,0
86,159,146,0.05190215535279336,0
86,159,147,-0.507577633042536,0
86,159,148,0.8342658678939276,0
86,159,149,-1,0
86,159,150,0.971289042406237,0
86,159,151,-0.7542211137756671,0
86,159,152,0.3966116958926064,0
86,159,153,-0.0005148266654908518,0
86,159,154,0.006442452204864994,0
86,159,155,-0.05032840323758114,0
86,159,156,0.5004462767405666,0
86,159,157,-0.8277305905922295,0
86,159,158,0.9983226679830298,0
86,159,159,-0.9754577876226515,0
86,159,160,0.7629999705742558,0
86,159,161,-0.4066922288673258,0
86,159,162,0.0004484905089417064,0
86,159,163,-0.004629283077276859,0
86,159,164,0.0302803464117258,0
86,159,165,-0.2918832084908379,0
86,159,166,0.4898090042352563,0
86,159,167,-0.5957468957132829,0
86,159,168,0.5858321245668395,0
86,159,169,-0.4612568606471742,0
86,159,170,0.2481894430461707,0
87,160,0,-1.187146498664628e-05,0
87,160,1,9.663003788384542e-06,0
87,160,2,2.998999216691315e-05,0
87,160,3,-3.406407215204652e-05,0
87,160,4,-3.032538567850323e-05,0
87,160,5,-1.869435849078947e-05,0
87,160,6,4.844480019074771e-05,0
87,160,7,-6.280835532005422e-05,0
87,160,8,-5.960821407098473e-05,0
87,160,9,-0.001351483536277847,0
87,160,10,-0.0008709741857867836,0
87,160,11,-0.001322923994661946,0
87,160,12,0.001499808120075995,0
87,160,13,0.0009428491886260405,0
87,160,14,0.002621037521247508,0
87,160,15,-0.0005290259881115573,0
87,160,16,-0.0003859681929375172,0
87,160,17,-0.001981276703286776,0
87,160,18,-0.0008494753404576581,0
87,160,19,-0.0005394065851234653,0
87,160,20,-0.0003086250258360861,0
87,160,21,0.0016003589414551,0
87,160,22,0.0009857878065720074,0
87,160,23,0.002199310546452813,0
87,160,24,-0.001164857266417878,0
87,160,25,-0.0007798581486152123,0
87,160,26,-0.002654461353987005,0
87,160,27,-1.636039524270884e-05,0
87,160,28,0.001037023540863385,0
87,160,29,1.867802909548238e-05,0
87,160,30,2.427012711962661e-05,0
87,160,31,-6.097859014594488e-06,0
87,160,32,6.552693887076721e-05,0
87,160,33,5.475103623732512e-05,0
87,160,34,4.761724394463718e-05,0
87,160,35,-0.0001118737817971051,0
87,160,36,2.220469075969842e-05,0
87,160,37,4.358599003547238e-05,0
87,160,38,0.003801977552195676,0
87,160,39,0.001493953646806202,0
87,160,40,0.002238602883348138,0
87,160,41,-0.004090748734622505,0
87,160,42,-0.0008174520363024231,0
87,160,43,-0.004722157565616367,0
87,160,44,0.00146334350655882,0
87,160,45,-0.0004025309738944519,0
87,160,46,0.003223036542711241,0
87,160,47,0.002261238648841828,0
87,160,48,0.001217163285157017,0
87,160,49,0.0004694926343268007,0
87,160,50,-0.004335601982799068,0
87,160,51,-0.001262608485271687,0
87,160,52,-0.003940784706448592,0
87,160,53,0.003270448664689145,0
87,160,54,0.0002746212682823317,0
87,160,55,0.004425973433755783,0
87,160,56,0.0007243975630821213,0
87,160,57,-0.00190496181985734,0
87,160,58,-1.07168801191397e-05,0
87,160,59,-3.918826512850282e-05,0
87,160,60,-5.251196715255636e-05,0
87,160,61,-4.291349643121993e-05,0
87,160,62,-3.29404672901437e-05,0
87,160,63,-6.703606864833899e-05,0
87,160,64,0.0001749494854274625,0
87,160,65,5.011567744730745e-05,0
87,160,66,1.238610318504855e-05,0
87,160,67,-0.004879445058674266,0
87,160,68,-0.001509767145610158,0
87,160,69,-0.002211569003674723,0
87,160,70,0.005241666816766695,0
87,160,71,0.0001206802212849172,0
87,160,72,0.004765895604444554,0
87,160,73,-0.001887684025257564,0
87,160,74,0.001041111003090424,0
87,160,75,-0.003258641443286868,0
87,160,76,-0.002920812115262925,0
87,160,77,-0.001495959227695387,0
87,160,78,-0.0004113812954385887,0
87,160,79,0.005536416321721399,0
87,160,80,0.0008196064242940636,0
87,160,81,0.003927923720344482,0
87,160,82,-0.004101091915853376,0
87,160,83,0.000457936954518053,0
87,160,84,-0.004414480103720086,0
87,160,85,-0.001279256105403588,0
87,160,86,0.00192834128465745,0
87,160,87,-1.15577221817225e-05,0
87,160,88,4.296444472291313e-06,0
87,160,89,7.062565748806338e-05,0
87,160,90,6.630779062247716e-06,0
87,160,91,-2.404218733128983e-05,0
87,160,92,3.823156292545942e-05,0
87,160,93,-0.0001373469210789496,0
87,160,94,-5.165163211850078e-05,0
87,160,95,-3.043070206632942e-05,0
87,160,96,0.003940168796036039,0
87,160,97,0.0009507700100417393,0
87,160,98,0.001345348992884376,0
87,160,99,-0.00410628168941434,0
87,160,100,0.0006749450457659283,0
87,160,101,-0.0027324040156342,0
87,160,102,0.001439985039582483,0
87,160,103,-0.00128475189022272,0
87,160,104,0.001944129732731909,0
87,160,105,0.002276092244246922,0
87,160,106,0.001156681292071233,0
87,160,107,0.0003644588151478299,0
87,160,108,-0.004344469800904102,0
87,160,109,-6.028475010856102e-05,0
87,160,110,-0.002244003023857418,0
87,160,111,0.003215956779689235,0
87,160,112,-0.0009681184642485808,0
87,160,113,0.002617718630011846,0
87,160,114,0.001312078330002035,0
87,160,115,-0.001050294315501432,0
87,160,116,2.606310444483839e-05,0
87,160,117,5.360223605335209e-05,0
87,160,118,-2.212284062404727e-05,0
87,160,119,2.402129453610329e-05,0
87,160,120,5.184688153913421e-05,0
87,160,121,6.01536563555326e-06,0
87,160,122,-0.001411535204646759,0
87,160,123,1.004380790956975e-05,0
87,160,124,0.001508724492170491,0
87,160,125,-0.0009133282637609817,0
87,160,126,-0.0005793704609833725,0
87,160,127,0.0009569577199658719,0
87,160,128,-0.0008418427203302078,0
87,160,129,-0.0003143757575234945,0
87,160,130,0.001618557186312244,0
87,160,131,-0.000526576466042452,0
87,160,132,-0.001140228606924328,0
87,160,133,0.001057637281460287,0
87,160,134,-0.0007133236283456118,0
87,160,135,-0.001176795222051421,0
87,160,136,0.01011220690910445,0
87,160,137,-0.05949645927650252,0
87,160,138,0.5006250084095272,0
87,160,139,-0.5422809634174983,0
87,160,140,0.1785437586505346,0
87,160,141,0.3202204066634857,0
87,160,142,-0.5829674287901725,0
87,160,143,0.4213620929479354,0
87,160,144,0.00126332349911216,0
87,160,145,-0.01355796653745894,0
87,160,146,0.09732596398934361,0
87,160,147,-0.8655027567700948,0
87,160,148,0.9432361338639029,0
87,160,149,-0.3261299741962775,0
87,160,150,-0.5334907760090036,0
87,160,151,1,0
87,160,152,-0.7389044136063804,0
87,160,153,-0.001141885690362434,0
87,160,154,0.0130632379182641,0
87,160,155,-0.09619676193655877,0
87,160,156,0.8648718852408711,0
87,160,157,-0.9541465445280891,0
87,160,158,0.3471333792577083,0
87,160,159,0.5153020614305276,0
87,160,160,-0.9959151692237489,0
87,160,161,0.7491192126196436,0
87,160,162,0.0009104557221763721,0
87,160,163,-0.009027283918707584,0
87,160,164,0.05726510945027454,0
87,160,165,-0.4995732272334619,0
87,160,166,0.5610328631811103,0
87,160,167,-0.2135475839642963,0
87,160,168,-0.2916279999302187,0
87,160,169,0.5800172125977373,0
87,160,170,-0.4429129491209886,0
88,162,0,7.852893741232253e-05,0
88,162,1,-9.772994644274161e-06,0
88,162,2,-9.546961296346088e-05,0
88,162,3,3.151894572375561e-05,0
88,162,4,8.026990092836658e-05,0
88,162,5,4.921699790383059e-05,0
88,162,6,-0.0001016778480375941,0
88,162,7,7.644216300793194e-05,0
88,162,8,0.0001168095021212183,0
88,162,9,0.001634190111483672,0
88,162,10,0.001076977779420737,0
88,162,11,0.001678506603373864,0
88,162,12,-0.0004338945679961986,0
88,162,13,-0.0003772754980789898,0
88,162,14,-0.0021264757978786,0
88,162,15,-0.001740688572992735,0
88,162,16,-0.001187112806799204,0
88,162,17,-0.001370172948532457,0
88,162,18,0.001500815640587866,0
88,162,19,0.0009226518098497167,0
88,162,20,0.002883759776320945,0
88,162,21,0.000768206039469427,0
88,162,22,0.0004101413493641459,0
88,162,23,-0.0008570349803906893,0
88,162,24,-0.001713472578587141,0
88,162,25,-0.001226114952693633,0
88,162,26,-0.002570888430717534,0
88,162,27,-0.0001219224145420986,0
88,162,28,0.001311152925391336,0
88,162,29,-3.679348819429881e-05,0
88,162,30,-7.421326942670236e-05,0
88,162,31,8.033076697285438e-07,0
88,162,32,-0.0001109120704894458,0
88,162,33,-6.29913903616195e-05,0
88,162,34,-3.802695734006303e-05,0
88,162,35,0.0001671653773756376,0
88,162,36,-1.998107411122066e-07,0
88,162,37,-2.796079745004607e-05,0
88,162,38,-0.004866270181862845,0
88,162,39,-0.002019939983620265,0
88,162,40,-0.003069813727862523,0
88,162,41,0.001200415257289502,0
88,162,42,-0.0005851940389754999,0
88,162,43,0.0038195639684176,0
88,162,44,0.004544132374618721,0
88,162,45,0.001980272328404662,0
88,162,46,0.001837026126127002,0
88,162,47,-0.00372346041795707,0
88,162,48,-0.00050388220122872,0
88,162,49,-0.005004993350877136,0
88,162,50,-0.002290863660799046,0
88,162,51,-0.002031743732966303,0
88,162,52,0.0005694737790921808,0
88,162,53,0.004573751506421957,0
88,162,54,0.001298163817369918,0
88,162,55,0.004262849983488455,0
88,162,56,0.0008395277940055598,0
88,162,57,-0.002969696630430307,0
88,162,58,-3.36309224665024e-05,0
88,162,59,4.59794299309467e-05,0
88,162,60,0.0001119893100200067,0
88,162,61,4.236030778251993e-05,0
88,162,62,1.593301739071142e-05,0
88,162,63,7.849239239141516e-05,0
88,162,64,-0.0001657277449524646,0
88,162,65,-1.91455124341664e-05,0
88,162,66,-2.771980668708922e-05,0
88,162,67,0.006557843042363859,0
88,162,68,0.002127403144741697,0
88,162,69,0.003122488419371169,0
88,162,70,-0.001808828126569586,0
88,162,71,0.001412093026367853,0
88,162,72,-0.004163996338911416,0
88,162,73,-0.005370033144634563,0
88,162,74,-0.00216452028041629,0
88,162,75,-0.001491945079013084,0
88,162,76,0.004498645237306372,0
88,162,77,-0.000399053088001089,0
88,162,78,0.004624521488929638,0
88,162,79,0.003357892212279975,0
88,162,80,0.002636020267136404,0
88,162,81,-0.000221755904755551,0
88,162,82,-0.006130587217439616,0
88,162,83,-0.0009566547389459254,0
88,162,84,-0.004469828554569996,0
88,162,85,-0.001909889659361996,0
88,162,86,0.003101200920690245,0
88,162,87,3.132119896216229e-05,0
88,162,88,3.52735254623703e-05,0
88,162,89,-7.775949184681065e-05,0
88,162,90,-6.047467176635542e-05,0
88,162,91,-3.252876662449544e-05,0
88,162,92,-0.0001235416604134994,0
88,162,93,0.0002826308056595549,0
88,162,94,6.399481062543297e-05,0
88,162,95,5.069574219400279e-06,0
88,162,96,-0.005266331062911362,0
88,162,97,-0.001195184695571769,0
88,162,98,-0.001834400382868998,0
88,162,99,0.001541963093664954,0
88,162,100,-0.00177611879982485,0
88,162,101,0.002544328813658825,0
88,162,102,0.003976262957077178,0
88,162,103,0.001554827440909028,0
88,162,104,0.0009085778804482579,0
88,162,105,-0.00309125817637653,0
88,162,106,0.00114548785587053,0
88,162,107,-0.002250664134610655,0
88,162,108,-0.002887860305405401,0
88,162,109,-0.001890831149660906,0
88,162,110,0.0001770274892792509,0
88,162,111,0.004773141990735393,0
88,162,112,9.547400994091668e-05,0
88,162,113,0.002988843360282745,0
88,162,114,0.002096833310438704,0
88,162,115,-0.001503735047933729,0
88,162,116,6.836704942861439e-05,0
88,162,117,-6.33993735523226e-06,0
88,162,118,-3.088849496055093e-05,0
88,162,119,-4.9338447866154e-05,0
88,162,120,-9.847100695650957e-05,0
88,162,121,-7.842911653906062e-05,0
88,162,122,0.0019262053637126,0
88,162,123,-1.308520311625703e-05,0
88,162,124,-0.0007134310879885037,0
88,162,125,0.001283637637412985,0
88,162,126,-0.001433152741372501,0
88,162,127,-0.0003628672322574825,0
88,162,128,0.001104383859190283,0
88,162,129,-0.000883619090683865,0
88,162,130,0.001095601979868932,0
88,162,131,0.0007804381347228945,0
88,162,132,-0.001835840425647256,0
88,162,133,0.0008224004518507103,0
88,162,134,-0.001102883954656576,0
88,162,135,0.001574853124594701,0
88,162,136,-0.01257138884911181,0
88,162,137,0.07208331547337166,0
88,162,138,-0.5238439815608122,0
88,162,139,0.100636051542797,0
88,162,140,0.5449923204182705,0
88,162,141,-0.4394301527562559,0
88,162,142,-0.2587057001659817,0
88,162,143,0.5052478803143905,0
88,162,144,-0.002010523240914129,0
88,162,145,0.01897665905836257,0
88,162,146,-0.1265103702030654,0
88,162,147,0.961127582579143,0
88,162,148,-0.2502563151968148,0
88,162,149,-0.8761207818531667,0
88,162,150,0.7115103733767474,0
88,162,151,0.4940632050304579,0
88,162,152,-0.9231746167703969,0
88,162,153,0.001959799459411802,0
88,162,154,-0.01961169936100652,0
88,162,155,0.1313150062700018,0
88,162,156,-1,0
88,162,157,0.3215581219128743,0
88,162,158,0.8008981562057554,0
88,162,159,-0.6555828642683822,0
88,162,160,-0.5347835691184323,0
88,162,161,0.9573154414162489,0
88,162,162,-0.00149619099624262,0
88,162,163,0.01353862526258005,0
88,162,164,-0.07952495685496654,0
88,162,165,0.5859379762992062,0
88,162,166,-0.216379040049868,0
88,162,167,-0.4238870198795214,0
88,162,168,0.3503444656388078,0
88,162,169,0.325080816053639,0
88,162,170,-0.5657932778953457,0
89,161,0,2.998579517880954e-05,0
89,161,1,-2.81406998236333e-06,0
89,161,2,-3.205287047048332e-05,0
89,161,3,-1.849709236796831e-05,0
89,161,4,1.552200876395537e-05,0
89,161,5,-7.328921343721937e-07,0
89,161,6,8.45356493209975e-05,0
89,161,7,4.533585056158409e-05,0
89,161,8,0.0001112357346167086,0
89,161,9,-0.001763651496369622,0
89,161,10,-0.001056445921997336,0
89,161,11,-0.001482632610880701,0
89,161,12,0.002720182604642814,0
89,161,13,0.0016207822515059,0
89,161,14,0.003817991404896549,0
89,161,15,-0.003142921739649329,0
89,161,16,-0.001901074006021664,0
89,161,17,-0.005096645123158478,0
89,161,18,0.003046069078147988,0
89,161,19,0.001813307931479482,0
89,161,20,0.005335167969925825,0
89,161,21,-0.00246096244663076,0
89,161,22,-0.001505764759078409,0
89,161,23,-0.004861100944252624,0
89,161,24,0.001279662531172252,0
89,161,25,0.0007387428742445475,0
89,161,26,0.003238059665132012,0
89,161,27,-3.148644892288515e-05,0
89,161,28,-0.001233149185524297,0
89,161,29,-2.557531505946343e-05,0
89,161,30,-3.355452991954265e-05,0
89,161,31,-4.253126864516159e-06,0
89,161,32,4.364518028672679e-05,0
89,161,33,2.058209600979176e-05,0
89,161,34,3.042739231257495e-05,0
89,161,35,-0.0001947305292828871,0
89,161,36,-1.671445199480874e-05,0
89,161,37,-4.095575213042327e-05,0
89,161,38,0.003044266408172906,0
89,161,39,0.0008292701120263928,0
89,161,40,0.001158821076731552,0
89,161,41,-0.004498392404355718,0
89,161,42,-0.0001116763164331488,0
89,161,43,-0.002797634230607378,0
89,161,44,0.005130809862714739,0
89,161,45,-0.000458196334927538,0
89,161,46,0.003187883902733822,0
89,161,47,-0.004972934601452477,0
89,161,48,0.0007629801849422826,0
89,161,49,-0.003275836112987267,0
89,161,50,0.004117782831718526,0
89,161,51,-0.0009318325796583269,0
89,161,52,0.002989487747408052,0
89,161,53,-0.002253187236890744,0
89,161,54,0.0009421281398380532,0
89,161,55,-0.002229637012159155,0
89,161,56,-0.0008945626000039233,0
89,161,57,0.0007476361214286462,0
89,161,58,-4.296379448132636e-05,0
89,161,59,-1.051528822705128e-05,0
89,161,60,2.609656674921567e-05,0
89,161,61,-3.754200790311476e-06,0
89,161,62,-1.91774271841011e-05,0
89,161,63,-1.07669346948151e-05,0
89,161,64,6.628024051954117e-05,0
89,161,65,1.788904680568923e-05,0
89,161,66,-4.698725030657054e-05,0
89,161,67,-0.0005513743892552593,0
89,161,68,0.0004375146173429873,0
89,161,69,0.0006120999411319585,0
89,161,70,0.0002470336132658905,0
89,161,71,-0.001763174679877865,0
89,161,72,-0.001984194473919569,0
89,161,73,0.0002906845408376462,0
89,161,74,0.002424668222514056,0
89,161,75,0.003306563802224334,0
89,161,76,-0.0003045413836695022,0
89,161,77,-0.002454301798642524,0
89,161,78,-0.00378287688470202,0
89,161,79,-0.0001156595515990289,0
89,161,80,0.002031608969788947,0
89,161,81,0.003237527332293306,0
89,161,82,0.0002255334534788778,0
89,161,83,-0.001373575150961937,0
89,161,84,-0.001833121067623758,0
89,161,85,0.0005371688434778184,0
89,161,86,0.0006091917016478081,0
89,161,87,6.515312847432143e-06,0
89,161,88,2.763047880282449e-05,0
89,161,89,1.904481095311314e-05,0
89,161,90,-5.162051043083598e-05,0
89,161,91,-5.65583889625277e-05,0
89,161,92,-6.267413874545026e-05,0
89,161,93,0.0002101826586371729,0
89,161,94,4.874138419293947e-05,0
89,161,95,5.550613350828859e-05,0
89,161,96,-0.002199108769431289,0
89,161,97,-0.0008807081435735596,0
89,161,98,-0.001293780824098471,0
89,161,99,0.004232107225713709,0
89,161,100,0.001202154200374706,0
89,161,101,0.00355991625564427,0
89,161,102,-0.005637339936803175,0
89,161,103,-0.001085664205448867,0
89,161,104,-0.00513669052773513,0
89,161,105,0.005430165337744005,0
89,161,106,0.0006376924477846701,0
89,161,107,0.005802265490705119,0
89,161,108,-0.003883373014071622,0
89,161,109,-4.000047566947376e-05,0
89,161,110,-0.004818230996019842,0
89,161,111,0.001889689293573821,0
89,161,112,-0.0001801802281236978,0
89,161,113,0.003123761396968519,0
89,161,114,0.000503838409793178,0
89,161,115,-0.000924123598617329,0
89,161,116,6.48262692419152e-05,0
89,161,117,4.594187183558914e-05,0
89,161,118,-1.529059157183285e-05,0
89,161,119,-8.407770222175376e-06,0
89,161,120,-0.0001185618172489876,0
89,161,121,-5.140100678972196e-05,0
89,161,122,0.00145445866085259,0
89,161,123,-2.163718438308608e-06,0
89,161,124,-0.002599004865332751,0
89,161,125,0.0008774543450325437,0
89,161,126,0.003284726154475645,0
89,161,127,-0.001563165753530368,0
89,161,128,-0.003290199541741155,0
89,161,129,0.002008377812202172,0
89,161,130,0.002448586354930578,0
89,161,131,-0.001931199533534838,0
89,161,132,-0.001151868032472053,0
89,161,133,0.001504174927066636,0
89,161,134,-0.0006806312705165741,0
89,161,135,-0.00222021691034334,0
89,161,136,0.01729563470583712,0
89,161,137,-0.07249485680719778,0
89,161,138,0.5092890705647714,0
89,161,139,-0.8135507907984182,0
89,161,140,0.9436901159688886,0
89,161,141,-0.9178022507780301,0
89,161,142,0.7349903626870714,0
89,161,143,-0.3892553215730247,0
89,161,144,0.0009317624083748839,0
89,161,145,-0.009925828258181352,0
89,161,146,0.04838679492895417,0
89,161,147,-0.3683247532260199,0
89,161,148,0.5318691642452369,0
89,161,149,-0.5687106580765492,0
89,161,150,0.5600676434775796,0
89,161,151,-0.4921942823282124,0
89,161,152,0.2858529393387584,0
89,161,153,0.001073385638938265,0
89,161,154,-0.008677272378910151,0
89,161,155,0.0366355645185784,0
89,161,156,-0.2270866621744922,0
89,161,157,0.4803788213682936,0
89,161,158,-0.6648089093580226,0
89,161,159,0.6429782144970527,0
89,161,160,-0.4336899861885689,0
89,161,161,0.1882629693151661,0
89,161,162,-0.001895149081642436,0
89,161,163,0.01483975632639991,0
89,161,164,-0.06205927063076704,0
89,161,165,0.4215193146290672,0
89,161,166,-0.7777279112754795,0
89,161,167,1,0
89,161,168,-0.9779304136061315,0
89,161,169,0.7225884813694119,0
89,161,170,-0.3546429987430617,0
90,170,0,0.000128056114444823,0
90,170,1,9.425256447402372e-05,0
90,170,2,4.568730819454157e-05,0
90,170,3,-0.0002534009869157108,0
90,170,4,-7.766192465100529e-05,0
90,170,5,-2.492822703616884e-05,0
90,170,6,0.0001466400995467136,0
90,170,7,-0.000184348027964023,0
90,170,8,-0.0001659267798777549,0
90,170,9,-0.0009198475494214764,0
90,170,10,-0.0007579184148601132,0
90,170,11,-0.001400221983216378,0
90,170,12,-0.001930198523214387,0
90,170,13,-0.001176215843898639,0
90,170,14,-0.0007276592613540741,0
90,170,15,0.00154426930550268,0
90,170,16,0.00107508432162194,0
90,170,17,0.003423959858983662,0
90,170,18,0.002065458858883103,0
90,170,19,0.001261441052050923,0
90,170,20,0.0002941573740839102,0
90,170,21,-0.001488052695250327,0
90,170,22,-0.001089525367620033,0
90,170,23,-0.00361355345523868,0
90,170,24,-0.001247268670132359,0
90,170,25,-0.0009006085669876466,0
90,170,26,-2.171097574660402e-06,0
90,170,27,4.639037980757579e-05,0
90,170,28,0.00129908865650961,0
90,170,29,0.0001926548201445319,0
90,170,30,0.0001119179298175108,0
90,170,31,-3.542452893182016e-05,0
90,170,32,-9.232754626335015e-05,0
90,170,33,8.444146033687025e-05,0
90,170,34,9.930538730078668e-05,0
90,170,35,1.519121268359411e-05,0
90,170,36,-3.114622894482902e-06,0
90,170,37,8.668390692494756e-05,0
90,170,38,0.004152717635641549,0
90,170,39,0.001928324871315998,0
90,170,40,0.002876792558900638,0
90,170,41,0.004406831303093745,0
90,170,42,0.002344223463271299,0
90,170,43,-0.0005001513411218776,0
90,170,44,-0.004461519189678173,0
90,170,45,-0.0006536359039284024,0
90,170,46,-0.005092851505737721,0
90,170,47,-0.005406626187972366,0
90,170,48,-0.003389137142586837,0
90,170,49,-0.0007543583943029028,0
90,170,50,0.003481026442127105,0
90,170,51,-0.0001394390548603437,0
90,170,52,0.004947130645296419,0
90,170,53,0.004526117230287388,0
90,170,54,0.003123724330519675,0
90,170,55,0.001449230051022491,0
90,170,56,0.0008110117053681076,0
90,170,57,-0.003153331578763535,0
90,170,58,0.0001115676744167125,0
90,170,59,-2.793586296446693e-05,0
90,170,60,-0.000118894113980796,0
90,170,61,-0.0002410469559175026,0
90,170,62,-4.332667470892996e-05,0
90,170,63,-8.251052581231141e-05,0
90,170,64,0.0003795071615170965,0
90,170,65,4.744053035205161e-05,0
90,170,66,5.778352153058017e-05,0
90,170,67,-0.006494858855623167,0
90,170,68,-0.002313343649038643,0
90,170,69,-0.003677993969944462,0
90,170,70,-0.004046395527558064,0
90,170,71,-0.002776267650026117,0
90,170,72,0.002351149472212088,0
90,170,73,0.004590515754765274,0
90,170,74,-0.0002504397991782569,0
90,170,75,0.003904058459143416,0
90,170,76,0.005951452677128156,0
90,170,77,0.00336827853863479,0
90,170,78,0.0006399732586457678,0
90,170,79,-0.002385159599401273,0
90,170,80,0.001662215503877514,0
90,170,81,-0.003506806724604936,0
90,170,82,-0.006980932433587625,0
90,170,83,-0.003617389773943963,0
90,170,84,-0.003121719512019964,0
90,170,85,-0.001981490466108872,0
90,170,86,0.003945660423604253,0
90,170,87,3.934587406673679e-05,0
90,170,88,1.29531492778333e-05,0
90,170,89,0.0001003945681671522,0
90,170,90,-7.019431823521712e-05,0
90,170,91,-1.344980800183486e-05,0
90,170,92,0.0001152467001982641,0
90,170,93,-0.000246013665349335,0
90,170,94,-0.0001280170727042811,0
90,170,95,-0.0001040259932582179,0
90,170,96,0.006562211178179488,0
90,170,97,0.001736835074632694,0
90,170,98,0.002532461441476108,0
90,170,99,0.001917199464334582,0
90,170,100,0.002926676207411199,0
90,170,101,-0.002003149184377431,0
90,170,102,-0.003300467756631072,0
90,170,103,0.0004345964957692262,0
90,170,104,-0.001492250378447012,0
90,170,105,-0.004079825609800505,0
90,170,106,-0.002225937974544474,0
90,170,107,-0.0001656024292266669,0
90,170,108,0.000504878141297078,0
90,170,109,-0.001946378920583964,0
90,170,110,0.001308958424715249,0
90,170,111,0.00662437207161649,0
90,170,112,0.002150066807243351,0
90,170,113,0.002650627076362409,0
90,170,114,0.002648501671600475,0
90,170,115,-0.00255904434579712,0
90,170,116,6.128204157386489e-05,0
90,170,117,8.922478780881216e-05,0
90,170,118,-0.0001249547542732736,0
90,170,119,3.03357846119891e-05,0
90,170,120,0.0002595868775141114,0
90,170,121,3.386527382360117e-05,0
90,170,122,-0.002515302045036773,0
90,170,123,0.0001120447737966474,0
90,170,124,-0.0004507118356045866,0
90,170,125,-0.001682673079004619,0
90,170,126,0.0009142550465177681,0
90,170,127,-0.0004031607694841123,0
90,170,128,0.001282761916128849,0
90,170,129,0.0006637009679210664,0
90,170,130,0.0002817140010857773,0
90,170,131,0.0009980537119897868,0
90,170,132,-0.002515668572388867,0
90,170,133,0.0002145941299723371,0
90,170,134,-0.001725416110538721,0
90,170,135,-0.0009478071666674478,0
90,170,136,0.006884311208105965,0
90,170,137,-0.04600710754978573,0
90,170,138,0.2660066333978421,0
90,170,139,0.5094711856489875,0
90,170,140,-0.4201368499227487,0
90,170,141,-0.5482982107020083,0
90,170,142,0.3932181887321088,0
90,170,143,0.3355398910907558,0
90,170,144,0.002259572071278263,0
90,170,145,-0.01805230326330077,0
90,170,146,0.114769830269338,0
90,170,147,-0.6973986305650481,0
90,170,148,-0.6477954211964793,0
90,170,149,0.6579616188315052,0
90,170,150,0.8335229508768047,0
90,170,151,-0.4482929143773281,0
90,170,152,-0.7861679981308874,0
90,170,153,-0.003279558136887253,0
90,170,154,0.02732213552211179,0
90,170,155,-0.1562454588948631,0
90,170,156,0.9457639375522279,0
90,170,157,0.3687438511833214,0
90,170,158,-0.5607895864369069,0
90,170,159,-0.6855037879290981,0
90,170,160,0.1713788617634546,0
90,170,161,1,0
90,170,162,0.002896402299810451,0
90,170,163,-0.0223174627300213,0
90,170,164,0.1106233651811089,0
90,170,165,-0.6508792501382454,0
90,170,166,-0.07497519347170171,0
90,170,167,0.2706542142910915,0
90,170,168,0.3163658856809353,0
90,170,169,0.0382906960731322,0
90,170,170,-0.6744915090093754,0
91,169,0,4.541511557821993e-05,0
91,169,1,3.543668647677401e-06,0
91,169,2,-3.169145324240357e-05,0
91,169,3,-8.073351412668648e-05,0
91,169,4,-1.668286854099377e-05,0
91,169,5,-3.987990739142314e-05,0
91,169,6,0.0002769623491216052,0
91,169,7,0.000103803368885855,0
91,169,8,0.0002225031234722477,0
91,169,9,-0.003699272759353927,0
91,169,10,-0.002235780001860787,0
91,169,11,-0.003255760327742733,0
91,169,12,0.003071722018118776,0
91,169,13,0.001936318520073842,0
91,169,14,0.006144307944492412,0
91,169,15,-0.0006909670031091212,0
91,169,16,-0.0003312666360766481,0
91,169,17,-0.003209297082080029,0
91,169,18,-0.001501465800976643,0
91,169,19,-0.0007913029576937531,0
91,169,20,-0.0003474575145330854,0
91,169,21,0.003387324191032856,0
91,169,22,0.002146574928160609,0
91,169,23,0.004418727464275916,0
91,169,24,-0.003137161853136377,0
91,169,25,-0.001891185346409044,0
91,169,26,-0.005678257042486648,0
91,169,27,5.876276297982004e-05,0
91,169,28,0.003003832104986448,0
91,169,29,-1.164888626008068e-05,0
91,169,30,-1.997510802051797e-05,0
91,169,31,3.269124004951492e-06,0
91,169,32,8.003512444505294e-05,0
91,169,33,3.049512628051441e-05,0
91,169,34,5.792820743145499e-05,0
91,169,35,-0.0004540020606909508,0
91,169,36,-7.060336001970997e-05,0
91,169,37,-0.0001191849834436624,0
91,169,38,0.006905096762273718,0
91,169,39,0.00205894343600959,0
91,169,40,0.002956792424467905,0
91,169,41,-0.00467521801669296,0
91,169,42,0.001408476367491474,0
91,169,43,-0.004271023102447797,0
91,169,44,0.0007981815229084072,0
91,169,45,-0.00193138490159451,0
91,169,46,0.001233457315795166,0
91,169,47,0.001903178688850555,0
91,169,48,0.0009564961455164674,0
91,169,49,0.0005517570485004031,0
91,169,50,-0.005530867859875212,0
91,169,51,-0.0002901631667280653,0
91,169,52,-0.001983324378109314,0
91,169,53,0.005835260323394812,0
91,169,54,-0.0003397173242404207,0
91,169,55,0.004334489000733019,0
91,169,56,0.002097748228706142,0
91,169,57,-0.002372140620552709,0
91,169,58,-1.05395784758101e-05,0
91,169,59,6.800725460461479e-06,0
91,169,60,1.672861279397308e-05,0
91,169,61,-6.35466296883336e-05,0
91,169,62,-2.857933793198396e-05,0
91,169,63,-1.920213908497704e-05,0
91,169,64,0.0001584151367174636,0
91,169,65,-9.768408334879195e-06,0
91,169,66,-0.0001026487948339526,0
91,169,67,-0.002195731725332019,0
91,169,68,0.0005560577792966805,0
91,169,69,0.0007091446471044216,0
91,169,70,-0.001314201285574033,0
91,169,71,-0.003865322409194993,0
91,169,72,-0.003435772107778987,0
91,169,73,0.001588606918491524,0
91,169,74,0.001925760135609518,0
91,169,75,0.004043924568365827,0
91,169,76,0.001461769295668943,0
91,169,77,0.00126957216564903,0
91,169,78,0.0002635480960163993,0
91,169,79,-0.0005274270053401431,0
91,169,80,-0.00189624319639374,0
91,169,81,-0.004297991728371297,0
91,169,82,-0.001786404612354744,0
91,169,83,0.001759327573148379,0
91,169,84,0.002810417596383193,0
91,169,85,-0.001646175634050108,0
91,169,86,-0.0006936999802291078,0
91,169,87,5.453921352670383e-05,0
91,169,88,4.830905014679207e-05,0
91,169,89,2.212567440843971e-05,0
91,169,90,-0.000140429819011509,0
91,169,91,-8.319022078329026e-05,0
91,169,92,-8.242681535933444e-05,0
91,169,93,0.0004300392626470809,0
91,169,94,0.0001092643848113166,0
91,169,95,0.0001741775355938773,0
91,169,96,-0.003579514878277705,0
91,169,97,-0.001609701710544554,0
91,169,98,-0.002394828439216841,0
91,169,99,0.006705005016684578,0
91,169,100,0.001760190902563628,0
91,169,101,0.005605798708186509,0
91,169,102,-0.003303214112018596,0
91,169,103,0.0007462905175412291,0
91,169,104,-0.00500272142910713,0
91,169,105,-0.004541005793065623,0
91,169,106,-0.002775525481834123,0
91,169,107,-0.0008771348059983381,0
91,169,108,0.00647124465746603,0
91,169,109,0.0009993222416332492,0
91,169,110,0.005456302431547045,0
91,169,111,-0.002781148178260682,0
91,169,112,0.0002948869614581068,0
91,169,113,-0.005317840210272607,0
91,169,114,-0.0006092708447110055,0
91,169,115,0.001518280472650948,0
91,169,116,0.0001059570591270281,0
91,169,117,7.019047683677268e-05,0
91,169,118,-5.620044065782385e-05,0
91,169,119,-1.905969687626638e-05,0
91,169,120,-0.000195992442761951,0
91,169,121,-6.135623499556509e-05,0
91,169,122,0.002694068983130435,0
91,169,123,1.398394025525858e-05,0
91,169,124,-0.003782435124436427,0
91,169,125,0.001605927572027786,0
91,169,126,0.001650059466428506,0
91,169,127,-0.002432852220854077,0
91,169,128,0.00231572564290353,0
91,169,129,0.0009469261063947777,0
91,169,130,-0.003723391809346053,0
91,169,131,0.001446931030037355,0
91,169,132,0.002219947968614252,0
91,169,133,-0.002330598612434149,0
91,169,134,0.001221908706133251,0
91,169,135,-0.005585484755202541,0
91,169,136,0.03928652523627409,0
91,169,137,-0.1583929174143105,0
91,169,138,0.9471255061806749,0
91,169,139,-0.8056728107992824,0
91,169,140,0.2043151976495151,0
91,169,141,0.3937397672581731,0
91,169,142,-0.9057425603235605,0
91,169,143,0.8161992009376542,0
91,169,144,0.003000311379481032,0
91,169,145,-0.02614441025399251,0
91,169,146,0.1224742882237625,0
91,169,147,-0.7757768400151172,0
91,169,148,0.4311946675562201,0
91,169,149,-0.02529145278385312,0
91,169,150,-0.1110118448731989,0
91,169,151,0.5393239793911419,0
91,169,152,-0.6989677466778328,0
91,169,153,0.002288949891945241,0
91,169,154,-0.01550090417140055,0
91,169,155,0.0534535993785042,0
91,169,156,-0.2726179099950829,0
91,169,157,0.7348775599762855,0
91,169,158,-0.3912161412075465,0
91,169,159,-0.539899072735387,0
91,169,160,0.6853149656638537,0
91,169,161,-0.1894434280983119,0
91,169,162,-0.004367411374528531,0
91,169,163,0.0302967471642143,0
91,169,164,-0.1152773046786912,0
91,169,165,0.6699176460246615,0
91,169,166,-1,0
91,169,167,0.4416972771286778,0
91,169,168,0.6190016584974222,0
91,169,169,-0.9976479781896151,0
91,169,170,0.5589922030738558,0
92,168,0,-0.0001279319606587161,0
92,168,1,-6.566731776446806e-06,0
92,168,2,0.000119717379414809,0
92,168,3,-5.970435813987061e-05,0
92,168,4,-0.0001596259078448436,0
92,168,5,-0.0001452290687346862,0
92,168,6,0.0004680640457953027,0
92,168,7,0.0002417209782365679,0
92,168,8,0.0001874293866874943,0
92,168,9,-0.002506991000070808,0
92,168,10,-0.001363090642929516,0
92,168,11,-0.001962740660737798,0
92,168,12,0.004337908391920947,0
92,168,13,0.002633378584712716,0
92,168,14,0.005657319994277161,0
92,168,15,-0.005224064509897876,0
92,168,16,-0.002947471990018881,0
92,168,17,-0.007438004529805882,0
92,168,18,0.004844002579471861,0
92,168,19,0.002735838169551584,0
92,168,20,0.008049823239358746,0
92,168,21,-0.003810100686477523,0
92,168,22,-0.002210024464556159,0
92,168,23,-0.007115461567677246,0
92,168,24,0.001719699913830566,0
92,168,25,0.0008684424012862376,0
92,168,26,0.004375959930911494,0
92,168,27,4.828555823034388e-06,0
92,168,28,-0.001509104748356908,0
92,168,29,5.429258248131228e-05,0
92,168,30,0.0001277469372740147,0
92,168,31,5.933712832916583e-05,0
92,168,32,-1.999647555697936e-05,0
92,168,33,-0.000124676032672749,0
92,168,34,-0.0001371298608713633,0
92,168,35,-0.0001011972179307612,0
92,168,36,-3.356030448293778e-05,0
92,168,37,6.801532862275048e-06,0
92,168,38,0.0008740889204559948,0
92,168,39,-0.0008916448621333554,0
92,168,40,-0.001343427549831285,0
92,168,41,-0.002046613291899222,0
92,168,42,0.002786971329771601,0
92,168,43,0.003150528954193274,0
92,168,44,0.001920851407854732,0
92,168,45,-0.004186732797041593,0
92,168,46,-0.004208599090122546,0
92,168,47,-0.001928149819269193,0
92,168,48,0.004668892246390021,0
92,168,49,0.005015242495534724,0
92,168,50,0.001814763006817149,0
92,168,51,-0.004073556837735671,0
92,168,52,-0.004168227535371645,0
92,168,53,-0.0003030806034500934,0
92,168,54,0.00306646059928195,0
92,168,55,0.002805375037834003,0
92,168,56,-0.001098711251266633,0
92,168,57,-0.001246319228684669,0
92,168,58,0.0001993698758645311,0
92,168,59,9.894370749934121e-05,0
92,168,60,-8.085125584529221e-05,0
92,168,61,6.440884837671901e-05,0
92,168,62,0.0001155289778955278,0
92,168,63,0.0001095573557904376,0
92,168,64,-0.0005494978592655617,0
92,168,65,-0.0002764305557817304,0
92,168,66,-0.0001050526650990953,0
92,168,67,0.003322236931639248,0
92,168,68,0.0009750383267033905,0
92,168,69,0.001467568807862559,0
92,168,70,-0.004614550320054341,0
92,168,71,-0.0004960690513818083,0
92,168,72,-0.003349811620638052,0
92,168,73,0.0065350725798284,0
92,168,74,0.00073422790782797,0
92,168,75,0.00444070634703417,0
92,168,76,-0.006140471216483076,0
92,168,77,7.415208752872024e-05,0
92,168,78,-0.005183340962450761,0
92,168,79,0.004264094082938194,0
92,168,80,-0.0006796391050672429,0
92,168,81,0.004017918662001279,0
92,168,82,-0.002587220126616812,0
92,168,83,0.000680375994405456,0
92,168,84,-0.002504560072206445,0
92,168,85,-0.000886188840840261,0
92,168,86,0.001126150229162091,0
92,168,87,5.539843385352536e-05,0
92,168,88,-9.061724155274886e-05,0
92,168,89,-0.0001426438500417616,0
92,168,90,8.082866803103379e-05,0
92,168,91,0.0002342239806602433,0
92,168,92,0.000223428362210929,0
92,168,93,-0.0002686033393661798,0
92,168,94,-9.569538792532801e-05,0
92,168,95,-6.437076236436048e-05,0
92,168,96,0.0007712848765228895,0
92,168,97,0.001426276322837413,0
92,168,98,0.002138932511474689,0
92,168,99,-0.001912419597400544,0
92,168,100,-0.00357569999886589,0
92,168,101,-0.005547449272980393,0
92,168,102,0.001793338951029539,0
92,168,103,0.004168849894591315,0
92,168,104,0.007347211527516931,0
92,168,105,-0.001833450279867526,0
92,168,106,-0.004720042963152761,0
92,168,107,-0.007966990324408046,0
92,168,108,0.001887522156543696,0
92,168,109,0.003993360805915316,0
92,168,110,0.007120953957358433,0
92,168,111,-0.0006491241609855278,0
92,168,112,-0.002132981624394658,0
92,168,113,-0.004643022329901885,0
92,168,114,0.0008122387109980034,0
92,168,115,0.00166160971454648,0
92,168,116,-0.0002197667044243525,0
92,168,117,-0.0001997767142355054,0
92,168,118,-1.253962409655072e-05,0
92,168,119,-2.017013784850694e-06,0
92,168,120,0.0003790275951666374,0
92,168,121,0.0001864489541355035,0
92,168,122,-0.00241872171220964,0
92,168,123,7.843332173904899e-05,0
92,168,124,0.004287408494922025,0
92,168,125,-0.001374963396332988,0
92,168,126,-0.004985607122089063,0
92,168,127,0.002388536972992844,0
92,168,128,0.004887689595561307,0
92,168,129,-0.002883952112688903,0
92,168,130,-0.004110873234525072,0
92,168,131,0.002789209555222176,0
92,168,132,0.001927723616636792,0
92,168,133,-0.002383132458006318,0
92,168,134,0.001237574831189614,0
92,168,135,-0.005919945910643867,0
92,168,136,0.0310639742812837,0
92,168,137,-0.08662578824519929,0
92,168,138,0.4723290681606065,0
92,168,139,-0.8543600067106717,0
92,168,140,1,0
92,168,141,-0.9725484888333592,0
92,168,142,0.7587782319080006,0
92,168,143,-0.3389835647538589,0
92,168,144,-0.003624693219801101,0
92,168,145,0.01818727309992754,0
92,168,146,-0.05947992453922706,0
92,168,147,0.3195358325465673,0
92,168,148,-0.449977006557821,0
92,168,149,0.623046458491104,0
92,168,150,-0.5935143166808445,0
92,168,151,0.4065605065194748,0
92,168,152,-0.2664317906042151,0
92,168,153,0.003187806032341107,0
92,168,154,-0.01647031633011302,0
92,168,155,0.05445451389843715,0
92,168,156,-0.3146176189503134,0
92,168,157,0.4560961145115794,0
92,168,158,-0.6410433859935765,0
92,168,159,0.6092765444569784,0
92,168,160,-0.4045500006214116,0
92,168,161,0.253464049636811,0
92,168,162,0.006237452163455511,0
92,168,163,-0.03260818809699802,0
92,168,164,0.09223970825472366,0
92,168,165,-0.478926583655264,0
92,168,166,0.8474198636431424,0
92,168,167,-0.978994515386638,0
92,168,168,0.9614284383428354,0
92,168,169,-0.7784496425915961,0
92,168,170,0.376376959158881,0
93,167,0,-2.37852265320125e-05,0
93,167,1,5.519177384108551e-05,0
93,167,2,0.0001256476083563009,0
93,167,3,-0.0001553577543648466,0
93,167,4,-0.0001222943178558816,0
93,167,5,-6.707379662182426e-05,0
93,167,6,0.0002166160695886678,0
93,167,7,-0.0001090503438890915,0
93,167,8,-0.0001332517923785316,0
93,167,9,-0.001712736154343208,0
93,167,10,-0.001249723289820763,0
93,167,11,-0.002075883626820804,0
93,167,12,-0.002440793481560781,0
93,167,13,-0.001630980057106793,0
93,167,14,-0.0006951926066352742,0
93,167,15,-0.001639379100982959,0
93,167,16,-0.0009390164471050046,0
93,167,17,0.001137806899022519,0
93,167,18,0.001251529598607931,0
93,167,19,0.001003926678944044,0
93,167,20,0.003097829543354383,0
93,167,21,0.002467852201072506,0
93,167,22,0.001857295785645882,0
93,167,23,0.001608012012273991,0
93,167,24,0.002211415029097291,0
93,167,25,0.001650326551046378,0
93,167,26,0.0001158907100629274,0
93,167,27,0.0001811016215475587,0
93,167,28,-0.001669023492958924,0
93,167,29,0.0001257343974104809,0
93,167,30,0.000130997863940164,0
93,167,31,-1.855310145184469e-05,0
93,167,32,6.150349078011439e-05,0
93,167,33,8.234953690762435e-05,0
93,167,34,6.422803634630208e-05,0
93,167,35,-0.0002111231440412507,0
93,167,36,-6.579965547392438e-05,0
93,167,37,-2.16028356630069e-05,0
93,167,38,0.005263989311775669,0
93,167,39,0.002248774841599376,0
93,167,40,0.003462966315684423,0
93,167,41,0.007542491857956481,0
93,167,42,0.004681117184413409,0
93,167,43,0.001789627727606062,0
93,167,44,0.004064631876835062,0
93,167,45,0.003399111645851483,0
93,167,46,-0.002404848414155606,0
93,167,47,-0.002997336280697217,0
93,167,48,-8.842930571248304e-05,0
93,167,49,-0.004273059606889136,0
93,167,50,-0.007237493530764618,0
93,167,51,-0.003957632509312413,0
93,167,52,-0.003155075148388826,0
93,167,53,-0.006048288709808969,0
93,167,54,-0.003958059132904479,0
93,167,55,0.001037234907131735,0
93,167,56,-0.0009669067234060861,0
93,167,57,0.00435410551603948,0
93,167,58,0.000105191416701162,0
93,167,59,-4.762216790574349e-05,0
93,167,60,-0.0001638633818695582,0
93,167,61,-0.0001098314124871164,0
93,167,62,2.10276666800568e-05,0
93,167,63,-5.469735940518099e-05,0
93,167,64,0.0002036127147304019,0
93,167,65,-3.778779365614357e-05,0
93,167,66,4.200731203437524e-05,0
93,167,67,-0.00663175903864242,0
93,167,68,-0.002249062428611335,0
93,167,69,-0.003512721318918936,0
93,167,70,-0.009726503455143365,0
93,167,71,-0.005323204223512035,0
93,167,72,-0.001466336426864392,0
93,167,73,-0.004851451606353049,0
93,167,74,-0.004768816643890676,0
93,167,75,0.002566907529856371,0
93,167,76,0.00296366555567461,0
93,167,77,-0.0006964268194395502,0
93,167,78,0.004096586390523864,0
93,167,79,0.009130584661746381,0
93,167,80,0.003951028384331034,0
93,167,81,0.003070466002696132,0
93,167,82,0.007573195005901603,0
93,167,83,0.005502818286283796,0
93,167,84,-0.001063426559127206,0
93,167,85,0.002487609499435107,0
93,167,86,-0.004407101529564074,0
93,167,87,-6.418487270878709e-05,0
93,167,88,-8.624510755725362e-05,0
93,167,89,6.800076986130159e-05,0
93,167,90,0.0001213413503807229,0
93,167,91,0.000108485463705469,0
93,167,92,0.0002181021483212948,0
93,167,93,-0.0004006951747265231,0
93,167,94,-8.37448254432185e-05,0
93,167,95,-2.437803833946352e-05,0
93,167,96,0.005320970429397533,0
93,167,97,0.001153789620163024,0
93,167,98,0.002026480320686879,0
93,167,99,0.007437767305262501,0
93,167,100,0.003871885098509054,0
93,167,101,0.0004334901165593816,0
93,167,102,0.004259270109348475,0
93,167,103,0.004431452575620144,0
93,167,104,-0.00110718213090258,0
93,167,105,-0.002403455859561662,0
93,167,106,0.00107280644927803,0
93,167,107,-0.002882646888910498,0
93,167,108,-0.007223118556710631,0
93,167,109,-0.002759993010848477,0
93,167,110,-0.001797014993245902,0
93,167,111,-0.006487100885776564,0
93,167,112,-0.005066791150747531,0
93,167,113,-0.0001941282051622546,0
93,167,114,-0.003050327072961657,0
93,167,115,0.002097972511473184,0
93,167,116,-0.0001896069375169293,0
93,167,117,-6.498981971541825e-05,0
93,167,118,0.0001035093111879681,0
93,167,119,7.518566835450243e-05,0
93,167,120,0.0001791010587962885,0
93,167,121,0.00015798002999251,0
93,167,122,-0.002078416848320661,0
93,167,123,3.192773923017196e-05,0
93,167,124,-0.002403350842970167,0
93,167,125,-0.001362580899642981,0
93,167,126,-0.001423323441654966,0
93,167,127,-0.001684108105679873,0
93,167,128,0.00114239512926201,0
93,167,129,-0.001133158604217104,0
93,167,130,0.002296539155581227,0
93,167,131,0.0004856808426609814,0
93,167,132,0.002162344705217524,0
93,167,133,0.001392664525406097,0
93,167,134,0.00145544661055928,0
93,167,135,-0.002815886031328665,0
93,167,136,0.01742771959281689,0
93,167,137,-0.07966955674290922,0
93,167,138,0.3650632686230483,0
93,167,139,0.5278790229976685,0
93,167,140,0.3494196930089662,0
93,167,141,-0.2459025726448823,0
93,167,142,-0.4957796957807236,0
93,167,143,-0.4477227825526917,0
93,167,144,0.003534994296773726,0
93,167,145,-0.02501327862853931,0
93,167,146,0.1339595454071686,0
93,167,147,-0.6351418398251311,0
93,167,148,-1,0
93,167,149,-0.5073757437738728,0
93,167,150,0.3242602440667611,0
93,167,151,0.9513507087852558,0
93,167,152,0.7871843628500301,0
93,167,153,-0.003523747917643249,0
93,167,154,0.02604597341058599,0
93,167,155,-0.1401735190049506,0
93,167,156,0.66251724736941,0
93,167,157,0.9861646022367455,0
93,167,158,0.4910893837685621,0
93,167,159,-0.304453544672223,0
93,167,160,-0.954781148965386,0
93,167,161,-0.8029814635125755,0
93,167,162,0.00279389185345181,0
93,167,163,-0.01903784895669247,0
93,167,164,0.08936487077449914,0
93,167,165,-0.4084574999185035,0
93,167,166,-0.50642608504306,0
93,167,167,-0.3223404814180171,0
93,167,168,0.2152183349214819,0
93,167,169,0.5003005564128403,0
93,167,170,0.4802705275245125,0
94,165,0,-0.000254895362881204,0
94,165,1,2.415752829391258e-05,0
94,165,2,0.0002762044429069197,0
94,165,3,0.0001274756205963263,0
94,165,4,-9.81312410782848e-05,0
94,165,5,3.494232808918742e-05,0
94,165,6,-0.0003475164353690313,0
94,165,7,-0.0002332165057738967,0
94,165,8,-0.0005790395074765388,0
94,165,9,0.005011610685292639,0
94,165,10,0.003106628697875268,0
94,165,11,0.004484173898618124,0
94,165,12,-0.0009566498929680327,0
94,165,13,-0.0005533281037290331,0
94,165,14,-0.005425280822110769,0
94,165,15,-0.003856531792977864,0
94,165,16,-0.002268811810382273,0
94,165,17,-0.002138476172409968,0
94,165,18,0.003124133895282693,0
94,165,19,0.002125008910206438,0
94,165,20,0.006701330255746179,0
94,165,21,0.002747742439455937,0
94,165,22,0.001782366753238517,0
94,165,23,-0.0003771991583800219,0
94,165,24,-0.004228020442785227,0
94,165,25,-0.002555379245259479,0
94,165,26,-0.006066267918842578,0
94,165,27,0.0002282298827650935,0
94,165,28,0.004397283873968343,0
94,165,29,0.0001144323237219636,0
94,165,30,0.0001951931401851074,0
94,165,31,-2.901151040676121e-05,0
94,165,32,-7.944009073405873e-05,0
94,165,33,-3.214929547734305e-05,0
94,165,34,-0.0001739430520905308,0
94,165,35,0.0007445258635807265,0
94,165,36,5.053301560416223e-05,0
94,165,37,0.0001805612933946964,0
94,165,38,-0.008331395080579718,0
94,165,39,-0.002080623617117191,0
94,165,40,-0.003096967850105926,0
94,165,41,0.001479019097758173,0
94,165,42,-0.002864198194552547,0
94,165,43,0.003646173132613117,0
94,165,44,0.005969276956890539,0
94,165,45,0.002372275908422635,0
94,165,46,0.002046493461477407,0
94,165,47,-0.005570939763809659,0
94,165,48,0.001102753580683332,0
94,165,49,-0.003968077832054686,0
94,165,50,-0.004591912163813335,0
94,165,51,-0.003306839598582537,0
94,165,52,0.000272247045617246,0
94,165,53,0.007334390690409709,0
94,165,54,0.0004145831573164455,0
94,165,55,0.004627850552896644,0
94,165,56,0.003114214823354265,0
94,165,57,-0.002354037072610892,0
94,165,58,0.0001598198615998758,0
94,165,59,-4.893224097770548e-05,0
94,165,60,-0.000204387916284152,0
94,165,61,0.0001218014130901338,0
94,165,62,9.590777785425359e-05,0
94,165,63,1.273418313267716e-05,0
94,165,64,-0.0003503821932683449,0
94,165,65,-4.010102340944008e-05,0
94,165,66,0.0002779867608181981,0
94,165,67,0.0001993860013793488,0
94,165,68,-0.002074470497824257,0
94,165,69,-0.002757596301694606,0
94,165,70,0.001088399266462599,0
94,165,71,0.003220784951346042,0
94,165,72,0.004118664078241668,0
94,165,73,0.0003758847677289503,0
94,165,74,0.00164061409764658,0
94,165,75,0.001142838208093175,0
94,165,76,0.0002919704429688444,0
94,165,77,-0.002749140740453411,0
94,165,78,-0.004388434426512067,0
94,165,79,0.0006090976804523302,0
94,165,80,0.0004107178171740606,0
94,165,81,8.856339254008297e-05,0
94,165,82,0.0001378837631884526,0
94,165,83,0.003209717926201138,0
94,165,84,0.003703780752388665,0
94,165,85,-0.001758267629125648,0
94,165,86,-0.002800408779774746,0
94,165,87,-0.0001669291660200386,0
94,165,88,-0.0001917282210752908,0
94,165,89,7.286319865760468e-06,0
94,165,90,0.0003666518765254969,0
94,165,91,0.0002883106235191851,0
94,165,92,0.0003953766026931316,0
94,165,93,-0.001131380420771081,0
94,165,94,-0.0002357727204478923,0
94,165,95,-0.0002871740743659335,0
94,165,96,0.007505748007816684,0
94,165,97,0.002671777013485743,0
94,165,98,0.004422868567276837,0
94,165,99,-0.002614631097839065,0
94,165,100,0.001020025868521705,0
94,165,101,-0.005682692195115241,0
94,165,102,-0.006856111330026895,0
94,165,103,-0.003722798782152338,0
94,165,104,-0.002980301975606717,0
94,165,105,0.004902320999281415,0
94,165,106,5.501509084563591e-05,0
94,165,107,0.006416843617965768,0
94,165,108,0.003718782765686528,0
94,165,109,0.002402313680672267,0
94,165,110,-0.0009601655521481192,0
94,165,111,-0.007497891926004223,0
94,165,112,-0.002327364858942063,0
94,165,113,-0.006625781762893013,0
94,165,114,-0.002120479999655997,0
94,165,115,0.003706337674675309,0
94,165,116,-0.0004237536424892456,0
94,165,117,-0.0002266893056478003,0
94,165,118,0.0002298214224827648,0
94,165,119,0.0001135143984541287,0
94,165,120,0.0004987545403200936,0
94,165,121,0.0002893875241234531,0
94,165,122,-0.004818459070107656,0
94,165,123,2.896644580798541e-05,0
94,165,124,0.00152765919184723,0
94,165,125,-0.003081374698516538,0
94,165,126,0.00451294211362505,0
94,165,127,0.0009110733941574035,0
94,165,128,-0.003077177295807163,0
94,165,129,0.002715454991432796,0
94,165,130,-0.002454721626693134,0
94,165,131,-0.002146246395560607,0
94,165,132,0.004273725277681769,0
94,165,133,-0.00177796418303373,0
94,165,134,0.002644311942569676,0
94,165,135,0.01096588169346902,0
94,165,136,-0.06363085221595952,0
94,165,137,0.2203066089307827,0
94,165,138,-1,0
94,165,139,0.2371703848767017,0
94,165,140,0.8091835088352604,0
94,165,141,-0.6769992642069577,0
94,165,142,-0.5634866301056648,0
94,165,143,0.9251572665979272,0
94,165,144,-0.005440180092827982,0
94,165,145,0.03713371791195374,0
94,165,146,-0.1395435092163748,0
94,165,147,0.6721791270506208,0
94,165,148,-0.1213417426748648,0
94,165,149,-0.4901376124670703,0
94,165,150,0.4737996200235696,0
94,165,151,0.3856627278832029,0
94,165,152,-0.6166127885445944,0
94,165,153,-0.007069253824154621,0
94,165,154,0.04074432053819168,0
94,165,155,-0.1483688438138568,0
94,165,156,0.6213781845361117,0
94,165,157,-0.2550524630972069,0
94,165,158,-0.5830292059830815,0
94,165,159,0.3703015220302869,0
94,165,160,0.3243230130855394,0
94,165,161,-0.6067949083228975,0
94,165,162,0.01062063230074712,0
94,165,163,-0.06193042738830826,0
94,165,164,0.2194515360888875,0
94,165,165,-0.9613050737368747,0
94,165,166,0.3000326339791588,0
94,165,167,0.8935122301271902,0
94,165,168,-0.6676550021981483,0
94,165,169,-0.5020586459428624,0
94,165,170,0.9439535705795841,0
95,166,0,0.0001781061837431584,0
95,166,1,-3.529401831365705e-05,0
95,166,2,-0.0002384278867287218,0
95,166,3,8.499837813580236e-05,0
95,166,4,0.0002008697669678664,0
95,166,5,0.0001164208149062007,0
95,166,6,-0.0002945255150747815,0
95,166,7,1.456019677829479e-05,0
95,166,8,0.0001635896131232387,0
95,166,9,0.0006724995175732736,0
95,166,10,0.0004449844412252887,0
95,166,11,0.0009249216967843704,0
95,166,12,0.002348355742662873,0
95,166,13,0.001451987144548727,0
95,166,14,0.001243885392271817,0
95,166,15,0.003310293017471883,0
95,166,16,0.002068790411621566,0
95,166,17,0.0004599734788165226,0
95,166,18,0.003021170190612539,0
95,166,19,0.001910872769944614,0
95,166,20,-0.0006402654521073743,0
95,166,21,0.002342442208185275,0
95,166,22,0.001436887519979121,0
95,166,23,-0.0010095904817256,0
95,166,24,0.001467029001876626,0
95,166,25,0.0007370802226258422,0
95,166,26,-0.001404831557063781,0
95,166,27,-0.0003520656281354988,0
95,166,28,-0.002215964682016585,0
95,166,29,-0.0001457613270997971,0
95,166,30,-0.0002230951722049909,0
95,166,31,-1.47681547729323e-05,0
95,166,32,-3.363117562994748e-05,0
95,166,33,1.725683536827851e-05,0
95,166,34,6.442212965446669e-05,0
95,166,35,0.0001302769213446729,0
95,166,36,0.0001373426055906592,0
95,166,37,0.0001157449563624501,0
95,166,38,-0.002953819189470445,0
95,166,39,-0.001527640038593484,0
95,166,40,-0.002310801713742636,0
95,166,41,-0.00675600504820491,0
95,166,42,-0.003926325694028457,0
95,166,43,-0.002815340497243324,0
95,166,44,-0.009034864953339571,0
95,166,45,-0.00595193274240122,0
95,166,46,-0.00200070736108194,0
95,166,47,-0.008752220899756072,0
95,166,48,-0.006412898928182989,0
95,166,49,-0.00034167352902837,0
95,166,50,-0.007157944412588318,0
95,166,51,-0.005470193598484477,0
95,166,52,0.0008843762347724196,0
95,166,53,-0.004539649293919317,0
95,166,54,-0.003904049086063245,0
95,166,55,0.001656273526670952,0
95,166,56,-0.001414621353109114,0
95,166,57,0.002654487057730511,0
95,166,58,-0.0002739270231696507,0
95,166,59,-3.676752105370722e-05,0
95,166,60,0.0002097777530454477,0
95,166,61,9.57330175699301e-05,0
95,166,62,-7.83271202907537e-05,0
95,166,63,-3.035170574798905e-06,0
95,166,64,2.722681404832731e-05,0
95,166,65,0.0001581936485920645,0
95,166,66,-9.120980903371875e-05,0
95,166,67,0.004447383427713668,0
95,166,68,0.00168681983323852,0
95,166,69,0.002553536030018676,0
95,166,70,0.008542264538327973,0
95,166,71,0.004208791910746263,0
95,166,72,0.002257998093373782,0
95,166,73,0.01117125866583459,0
95,166,74,0.006513536165776293,0
95,166,75,0.001596378500907822,0
95,166,76,0.0114704314035001,0
95,166,77,0.007780621470087151,0
95,166,78,0.0007103142556874732,0
95,166,79,0.009298655086619598,0
95,166,80,0.007045843441025497,0
95,166,81,-0.0008151102283977099,0
95,166,82,0.005360280057178325,0
95,166,83,0.004792613690234772,0
95,166,84,-0.002098766448074876,0
95,166,85,0.001801114078973581,0
95,166,86,-0.002636736127520054,0
95,166,87,-3.393896814981878e-06,0
95,166,88,0.0001291224307604824,0
95,166,89,2.834057621487861e-05,0
95,166,90,-0.0001028147981252672,0
95,166,91,-0.0002267946778259108,0
95,166,92,-0.000319889164971607,0
95,166,93,0.0004425276247084528,0
95,166,94,3.317336670339543e-05,0
95,166,95,-0.0001024782661040444,0
95,166,96,-0.00351383492921392,0
95,166,97,-0.0005925617629395452,0
95,166,98,-0.001297159336768615,0
95,166,99,-0.006581154214316313,0
95,166,100,-0.002794003067702537,0
95,166,101,-0.0006821921188325538,0
95,166,102,-0.008523996664853574,0
95,166,103,-0.004506847455264157,0
95,166,104,-6.472176257550356e-05,0
95,166,105,-0.009337211472023826,0
95,166,106,-0.005625209826180549,0
95,166,107,0.0002813827297014638,0
95,166,108,-0.00765013913863602,0
95,166,109,-0.005508155252196474,0
95,166,110,0.001281136627971237,0
95,166,111,-0.003850066741728136,0
95,166,112,-0.00379083775084666,0
95,166,113,0.002235482270554555,0
95,166,114,-0.001502018562807646,0
95,166,115,0.001997523714083275,0
95,166,116,0.0003133721491499165,0
95,166,117,0.0001859559755289309,0
95,166,118,-0.0001019267754122078,0
95,166,119,-6.365135433645844e-05,0
95,166,120,-0.0002574763946572828,0
95,166,121,-0.0002675198380180817,0
95,166,122,0.001277877644801762,0
95,166,123,-8.6044637792303e-05,0
95,166,124,0.002123511214788107,0
95,166,125,0.0009220244989849534,0
95,166,126,0.002583255707911253,0
95,166,127,0.001597556366588667,0
95,166,128,0.003105137546979171,0
95,166,129,0.002073292859743787,0
95,166,130,0.002798774979152412,0
95,166,131,0.002521386904675821,0
95,166,132,0.001367312946375341,0
95,166,133,0.002291917736524931,0
95,166,134,0.001252692452443654,0
95,166,135,0.001589561610767367,0
95,166,136,-0.008968491526507956,0
95,166,137,0.04086491689188846,0
95,166,138,-0.1383141888346125,0
95,166,139,-0.4196379355322851,0
95,166,140,-0.5746027603284452,0
95,166,141,-0.5217476352706665,0
95,166,142,-0.4261299717364253,0
95,166,143,-0.2921285324499759,0
95,166,144,-0.002889307299032929,0
95,166,145,0.0176121844996461,0
95,166,146,-0.08496082491388923,0
95,166,147,0.3145823584406695,0
95,166,148,0.7257556695599163,0
95,166,149,0.9809452834312848,0
95,166,150,0.9644543524868729,0
95,166,151,0.7793555394517249,0
95,166,152,0.4902555662030679,0
95,166,153,0.00335463437388273,0
95,166,154,-0.02125297353651658,0
95,166,155,0.09983865653322208,0
95,166,156,-0.3768393960285744,0
95,166,157,-0.7143512123871451,0
95,166,158,-0.9257257257670179,0
95,166,159,-1,0
95,166,160,-0.8174247693187823,0
95,166,161,-0.4340269832856712,0
95,166,162,-0.002432172035495136,0
95,166,163,0.01496947594597943,0
95,166,164,-0.06410223892955468,0
95,166,165,0.2352664568018984,0
95,166,166,0.4015083002585868,0
95,166,167,0.4910965961525285,0
95,166,168,0.5742354966845705,0
95,166,169,0.4851695743649305,0
95,166,170,0.2100990775029278,0
96,164,0,8.552215763771633e-05,0
96,164,1,-1.98514918252036e-06,0
96,164,2,-9.942919915877267e-05,0
96,164,3,8.852116583261285e-05,0
96,164,4,0.0001410306758262454,0
96,164,5,0.0001397929161948032,0
96,164,6,-0.0004730122802804108,0
96,164,7,-0.0002567932989351686,0
96,164,8,-0.000247047535668729,0
96,164,9,0.002865721321363768,0
96,164,10,0.001701969130174557,0
96,164,11,0.002338097971274594,0
96,164,12,-0.004379716487459683,0
96,164,13,-0.002396932379909802,0
96,164,14,-0.00513256028433399,0
96,164,15,0.004828172901215318,0
96,164,16,0.002672218818020753,0
96,164,17,0.006854827780767297,0
96,164,18,-0.004740584181129129,0
96,164,19,-0.002621569470115174,0
96,164,20,-0.007124530955941183,0
96,164,21,0.003509808659502131,0
96,164,22,0.001711270977565083,0
96,164,23,0.005805068624861767,0
96,164,24,-0.001471037005914907,0
96,164,25,-0.0007422998132576753,0
96,164,26,-0.003918313403681374,0
96,164,27,-2.322317306578238e-05,0
96,164,28,0.001229998453240841,0
96,164,29,-3.771077167970445e-05,0
96,164,30,-9.724445864332635e-05,0
96,164,31,-5.427502510893302e-05,0
96,164,32,6.860020738394797e-05,0
96,164,33,0.0001643087575410021,0
96,164,34,0.0002051082720851749,0
96,164,35,-0.0002533866008431052,0
96,164,36,-0.000294208676222966,0
96,164,37,-0.000379915360665246,0
96,164,38,0.001468055914742702,0
96,164,39,0.00258278312045944,0
96,164,40,0.003474899122945121,0
96,164,41,-0.002364188264252062,0
96,164,42,-0.005015893434652616,0
96,164,43,-0.007656573735786681,0
96,164,44,0.00291717392442506,0
96,164,45,0.006676765132394093,0
96,164,46,0.01072814590831853,0
96,164,47,-0.003007447214849316,0
96,164,48,-0.006908503282881399,0
96,164,49,-0.01146781510115085,0
96,164,50,0.002144587044404306,0
96,164,51,0.005355624003274679,0
96,164,52,0.009549600630437147,0
96,164,53,-0.0008894699111089512,0
96,164,54,-0.003343277052029432,0
96,164,55,-0.006279648142768459,0
96,164,56,0.0009253221895632051,0
96,164,57,0.002040034827176928,0
96,164,58,-0.0001432210476310848,0
96,164,59,-9.061685352686574e-05,0
96,164,60,1.70208673598268e-05,0
96,164,61,7.607407260548208e-05,0
96,164,62,0.000110906401706811,0
96,164,63,0.0001385061818662079,0
96,164,64,1.83248214727969e-05,0
96,164,65,-0.0002548955002790304,0
96,164,66,-0.0004483945580761441,0
96,164,67,-0.0001089598402587059,0
96,164,68,0.002466609282805897,0
96,164,69,0.0032610648837974,0
96,164,70,0.0001497451031875143,0
96,164,71,-0.005505314080413683,0
96,164,72,-0.007318661702044286,0
96,164,73,-1.547422612512474e-05,0
96,164,74,0.007910013253021767,0
96,164,75,0.01053516825435077,0
96,164,76,-4.007482566498231e-06,0
96,164,77,-0.00843771857628217,0
96,164,78,-0.0113831789021935,0
96,164,79,0.0001039967539596156,0
96,164,80,0.007182672900048863,0
96,164,81,0.009859664254693949,0
96,164,82,-0.0001288549829273612,0
96,164,83,-0.004755046875131931,0
96,164,84,-0.006539439423457136,0
96,164,85,0.001567633433049734,0
96,164,86,0.002261257758632007,0
96,164,87,-0.0001224090870912847,0
96,164,88,-4.412741955503111e-05,0
96,164,89,1.530365100330412e-05,0
96,164,90,9.663633852178379e-05,0
96,164,91,5.243423614936315e-05,0
96,164,92,3.729434236345521e-05,0
96,164,93,0.0001678741960981848,0
96,164,94,-0.000190028337119677,0
96,164,95,-0.0003449468016789812,0
96,164,96,-0.001580437107227343,0
96,164,97,0.001420924138575306,0
96,164,98,0.00193829974449471,0
96,164,99,0.002358154953085031,0
96,164,100,-0.00410064984027458,0
96,164,101,-0.004511622212700107,0
96,164,102,-0.002879149094842722,0
96,164,103,0.006139029468809004,0
96,164,104,0.006508590490877176,0
96,164,105,0.003050380804693731,0
96,164,106,-0.006706904963209603,0
96,164,107,-0.006995313420592812,0
96,164,108,-0.002205687508075569,0
96,164,109,0.006264965686131069,0
96,164,110,0.006347813585108189,0
96,164,111,0.0008460293278791019,0
96,164,112,-0.004503386681050426,0
96,164,113,-0.004359832071574458,0
96,164,114,0.001726533064829774,0
96,164,115,0.001600481179361922,0
96,164,116,-6.114347209019005e-05,0
96,164,117,-2.625319693607557e-05,0
96,164,118,8.133038995266637e-05,0
96,164,119,3.031033585779704e-05,0
96,164,120,0.0002118114286262494,0
96,164,121,-9.629632605094656e-06,0
96,164,122,-0.002540831488859129,0
96,164,123,-0.0001090570325462878,0
96,164,124,0.003842583522958449,0
96,164,125,-0.001236231218794426,0
96,164,126,-0.004579217902943506,0
96,164,127,0.00216705423710359,0
96,164,128,0.005009542994138764,0
96,164,129,-0.002410922025752312,0
96,164,130,-0.004002835194993557,0
96,164,131,0.002690811266960067,0
96,164,132,0.001859039875034253,0
96,164,133,-0.002356876466273123,0
96,164,134,0.001211783609437862,0
96,164,135,0.007819019722366417,0
96,164,136,-0.03289161459811499,0
96,164,137,0.07240077829697711,0
96,164,138,-0.3385659812758549,0
96,164,139,0.5481579593740779,0
96,164,140,-0.6279955917574958,0
96,164,141,0.5833503643592758,0
96,164,142,-0.4422876697127998,0
96,164,143,0.2203231927265774,0
96,164,144,0.01140132740414331,0
96,164,145,-0.0446678343860118,0
96,164,146,0.1073635193710923,0
96,164,147,-0.4973831758782961,0
96,164,148,0.827724362304352,0
96,164,149,-1,0
96,164,150,0.9581111862435661,0
96,164,151,-0.7091812732927283,0
96,164,152,0.3474322172534196,0
96,164,153,0.01093168008949373,0
96,164,154,-0.04301924515563387,0
96,164,155,0.1018659470407538,0
96,164,156,-0.4756857532854384,0
96,164,157,0.7969500935575583,0
96,164,158,-0.98743029908202,0
96,164,159,0.9671985956575232,0
96,164,160,-0.7396282884180357,0
96,164,161,0.3741263272902431,0
96,164,162,0.007066672645826652,0
96,164,163,-0.02989925944469476,0
96,164,164,0.06438352556865469,0
96,164,165,-0.2955934018433902,0
96,164,166,0.4982049998162628,0
96,164,167,-0.603320558316961,0
96,164,168,0.6036738125528172,0
96,164,169,-0.488248493621331,0
96,164,170,0.2629256094450145,0
97,163,0,-8.278569722781524e-05,0
97,163,1,1.251576657688826e-05,0
97,163,2,0.0001282762519482005,0
97,163,3,-0.000241670215088611,0
97,163,4,-0.0002688386910491855,0
97,163,5,-0.000288599642273943,0
97,163,6,0.001003811772840507,0
97,163,7,0.0004984899872883909,0
97,163,8,0.0005541699306696584,0
97,163,9,-0.005544421524217739,0
97,163,10,-0.003193310061523396,0
97,163,11,-0.004698041981750196,0
97,163,12,0.005229221864936254,0
97,163,13,0.002899832326375325,0
97,163,14,0.008612942053328241,0
97,163,15,-0.001949759865028536,0
97,163,16,-0.001348999478887197,0
97,163,17,-0.006597751322865325,0
97,163,18,-0.00390314123618698,0
97,163,19,-0.002899727621560343,0
97,163,20,-0.002427888520296008,0
97,163,21,0.006245840167058192,0
97,163,22,0.003009340913695369,0
97,163,23,0.006601959586973023,0
97,163,24,-0.00408077935619793,0
97,163,25,-0.002914656968544468,0
97,163,26,-0.009929252376257898,0
97,163,27,-0.0006833649749171789,0
97,163,28,0.002035048783837362,0
97,163,29,8.555454747363757e-05,0
97,163,30,0.0001691194596950507,0
97,163,31,0.0001005767654839551,0
97,163,32,-4.351850080787992e-05,0
97,163,33,-0.0002121584211124431,0
97,163,34,-0.0002042694450730186,0
97,163,35,-0.0002669515133309593,0
97,163,36,2.958093067694071e-05,0
97,163,37,0.0001347046840588235,0
97,163,38,0.002466698932202397,0
97,163,39,-0.001836611391323721,0
97,163,40,-0.002681180365712074,0
97,163,41,-0.002234920732758543,0
97,163,42,0.004917417565343168,0
97,163,43,0.004912114930509654,0
97,163,44,0.000922309547821442,0
97,163,45,-0.004235769963385602,0
97,163,46,-0.003888317428251121,0
97,163,47,0.001632021812893077,0
97,163,48,-0.0005899241198485024,0
97,163,49,-0.001280041190004065,0
97,163,50,-0.002393440818304983,0
97,163,51,0.003260513627346286,0
97,163,52,0.003604330557024138,0
97,163,53,0.001799646160271062,0
97,163,54,-0.006059542616423414,0
97,163,55,-0.00605958120634198,0
97,163,56,0.001636289533337274,0
97,163,57,0.001309266118034347,0
97,163,58,0.0002542270387302521,0
97,163,59,0.0001488994800354802,0
97,163,60,-9.710067368943046e-05,0
97,163,61,0.000164531541101271,0
97,163,62,0.0002042080656040717,0
97,163,63,0.0002199614283256419,0
97,163,64,-0.001085360715953229,0
97,163,65,-0.0005000921079981285,0
97,163,66,-0.0003055083267974593,0
97,163,67,0.006673593263115349,0
97,163,68,0.002048932022819887,0
97,163,69,0.003066145343739884,0
97,163,70,-0.006494876972623455,0
97,163,71,-4.971251058609746e-05,0
97,163,72,-0.005360589719770044,0
97,163,73,0.002505633918328786,0
97,163,74,-0.001204470487428442,0
97,163,75,0.004127364822643149,0
97,163,76,0.00412408089323837,0
97,163,77,0.002237034604505059,0
97,163,78,0.001281935288806666,0
97,163,79,-0.007140800845154073,0
97,163,80,-0.001058397512384525,0
97,163,81,-0.003793799925148165,0
97,163,82,0.005248690780260407,0
97,163,83,-0.000754084679275962,0
97,163,84,0.00567178761112769,0
97,163,85,0.001882328335724247,0
97,163,86,-0.0008963699930584338,0
97,163,87,7.756786990560928e-05,0
97,163,88,-0.0001362153738101836,0
97,163,89,-0.0002490471860738386,0
97,163,90,0.0001799499421622726,0
97,163,91,0.0004001376063049605,0
97,163,92,0.0003877257161630361,0
97,163,93,-0.000544950707817553,0
97,163,94,-0.0003178477480588952,0
97,163,95,-0.0004014387134525866,0
97,163,96,0.002302184977899995,0
97,163,97,0.003527037033915408,0
97,163,98,0.005200685641886023,0
97,163,99,-0.002060360130809348,0
97,163,100,-0.004953294313414273,0
97,163,101,-0.008821821745267168,0
97,163,102,0.0008254660539467014,0
97,163,103,0.003609026809442237,0
97,163,104,0.00687987240257425,0
97,163,105,0.001238868068170939,0
97,163,106,0.001908956989047621,0
97,163,107,0.001828606579538261,0
97,163,108,-0.00232310335731161,0
97,163,109,-0.003719004420603671,0
97,163,110,-0.006008260286733002,0
97,163,111,0.002025246740089691,0
97,163,112,0.005597839447940334,0
97,163,113,0.009809447968157654,0
97,163,114,-0.0002008288854369982,0
97,163,115,-0.001998158603598168,0
97,163,116,-0.0002767306702863924,0
97,163,117,-0.0002920759625186685,0
97,163,118,-0.0001378664877634383,0
97,163,119,-1.398574539103653e-05,0
97,163,120,0.0008719979274064396,0
97,163,121,0.0002465746706500706,0
97,163,122,-0.005620649445405012,0
97,163,123,0.0002292859423826384,0
97,163,124,0.005616332920706992,0
97,163,125,-0.003155322962494914,0
97,163,126,-0.002440774748874668,0
97,163,127,0.003503915183024349,0
97,163,128,-0.003218822760565093,0
97,163,129,-0.001179699140552171,0
97,163,130,0.005651315491444112,0
97,163,131,-0.001272231973104673,0
97,163,132,-0.004654201943638408,0
97,163,133,0.003896588760627304,0
97,163,134,-0.002138711650253129,0
97,163,135,-0.01654876356475249,0
97,163,136,0.07541570268261157,0
97,163,137,-0.1950052886320964,0
97,163,138,0.8380751744104474,0
97,163,139,-0.9078152529420993,0
97,163,140,0.2966240248972078,0
97,163,141,0.5718350026279165,0
97,163,142,-1,0
97,163,143,0.6907870084441539,0
97,163,144,-0.008914374632407211,0
97,163,145,0.03865032382461266,0
97,163,146,-0.1113062566858478,0
97,163,147,0.4902438704035363,0
97,163,148,-0.5203319334668809,0
97,163,149,0.1477066833053602,0
97,163,150,0.3265353687847758,0
97,163,151,-0.5852439802361952,0
97,163,152,0.4192654313689609,0
97,163,153,0.008293073174887672,0
97,163,154,-0.03662638534350159,0
97,163,155,0.1052681839888742,0
97,163,156,-0.5048655142103036,0
97,163,157,0.576655407950546,0
97,163,158,-0.2093478799952454,0
97,163,159,-0.30230215252548,0
97,163,160,0.5792807524261084,0
97,163,161,-0.3966241427718039,0
97,163,162,0.01800160154815393,0
97,163,163,-0.08193502587391906,0
97,163,164,0.2135078647388922,0
97,163,165,-0.8747519381414322,0
97,163,166,0.9249502275475396,0
97,163,167,-0.3214846653394881,0
97,163,168,-0.5062196329344982,0
97,163,169,0.9475327324951016,0
97,163,170,-0.7180000358117912,0
98,158,0,0.000115060884710925,0
98,158,1,0.0002493282614571615,0
98,158,2,0.0002926344303055939,0
98,158,3,-0.000183095532236628,0
98,158,4,6.45011340171826e-05,0
98,158,5,0.0003684047456890625,0
98,158,6,-0.0007926777586548508,0
98,158,7,-0.0007626039758368314,0
98,158,8,-0.001053057658417636,0
98,158,9,0.00617486597980171,0
98,158,10,0.003643806491688838,0
98,158,11,0.005312764008432216,0
98,158,12,0.003915235496104267,0
98,158,13,0.002331923268064779,0
98,158,14,-0.002681138118508876,0
98,158,15,-0.004413846783460511,0
98,158,16,-0.003167621731391497,0
98,158,17,-0.008238604444973027,0
98,158,18,-0.005704222228714638,0
98,158,19,-0.004187912547390182,0
98,158,20,-0.002130552859235582,0
98,158,21,0.00222104046740744,0
98,158,22,0.0008999303833155396,0
98,158,23,0.005954329960628038,0
98,158,24,0.006930628788990119,0
98,158,25,0.004142695658768582,0
98,158,26,0.003226491691906534,0
98,158,27,-0.0001392776910368566,0
98,158,28,-0.006727060413693812,0
98,158,29,0.0004066988909314246,0
98,158,30,0.0002096066119368871,0
98,158,31,-0.0002862862988811402,0
98,158,32,-0.0003960379507192519,0
98,158,33,0.0002210406257475273,0
98,158,34,-6.541556903206432e-05,0
98,158,35,0.001431395772315312,0
98,158,36,0.0001513857002847201,0
98,158,37,0.0005181650742756067,0
98,158,38,-0.009423842428948281,0
98,158,39,-0.002291474152942359,0
98,158,40,-0.00384574392493173,0
98,158,41,-0.006447098802840803,0
98,158,42,-0.005811180146302922,0
98,158,43,0.001043015557966831,0
98,158,44,0.006099455818080596,0
98,158,45,-0.001431840806557959,0
98,158,46,0.004830723017797238,0
98,158,47,0.008569174481591986,0
98,158,48,0.004057141333019447,0
98,158,49,0.0005822641748155701,0
98,158,50,-0.002684543817782215,0
98,158,51,0.002039706488461396,0
98,158,52,-0.005274995102330689,0
98,158,53,-0.009957817123920311,0
98,158,54,-0.004301287194094797,0
98,158,55,-0.003639164533632832,0
98,158,56,-0.004269884247939695,0
98,158,57,0.003853402459498149,0
98,158,58,-1.222630038975476e-05,0
98,158,59,-0.0003385971734493505,0
98,158,60,-0.0002770434476952442,0
98,158,61,2.918154932834233e-05,0
98,158,62,4.478939838165899e-06,0
98,158,63,-9.428971743661262e-05,0
98,158,64,5.324750902871645e-05,0
98,158,65,0.0003272447178176184,0
98,158,66,0.0005784648492356389,0
98,158,67,-5.114202617676279e-05,0
98,158,68,-0.002661180748978757,0
98,158,69,-0.003881568077986733,0
98,158,70,0.0008429318822570219,0
98,158,71,0.001537200237026736,0
98,158,72,0.002212689971683716,0
98,158,73,0.0004710612623688664,0
98,158,74,0.004246529902035557,0
98,158,75,0.005507028754649151,0
98,158,76,-0.0004666421062503106,0
98,158,77,0.0005774708855757269,0
98,158,78,0.001022339341255466,0
98,158,79,-0.000238275384599312,0
98,158,80,-0.003668597169127387,0
98,158,81,-0.004100856564782427,0
98,158,82,0.0003768544720791336,0
98,158,83,-0.00207853419946769,0
98,158,84,-0.00223056400509982,0
98,158,85,0.003160333297660082,0
98,158,86,0.004480720282797208,0
98,158,87,-0.0004858020378733445,0
98,158,88,-0.0001993097277573909,0
98,158,89,0.0003430681472765745,0
98,158,90,0.0005194733311125414,0
98,158,91,0.0001365283952372616,0
98,158,92,0.0004870240039577382,0
98,158,93,-0.001682846130676421,0
98,158,94,-0.0005620717073818259,0
98,158,95,-0.001001165065572227,0
98,158,96,0.009527079605477429,0
98,158,97,0.003396875439504965,0
98,158,98,0.005853009169505928,0
98,158,99,0.006432247967115124,0
98,158,100,0.005640019394236528,0
98,158,101,-0.001209520688608217,0
98,158,102,-0.006508935171954859,0
98,158,103,-0.0004918239897995745,0
98,158,104,-0.007111630818308295,0
98,158,105,-0.008802716626909322,0
98,158,106,-0.00479657722176773,0
98,158,107,-0.0008145321950743726,0
98,158,108,0.003150514061040847,0
98,158,109,-0.0003524767547907675,0
98,158,110,0.00801424984454443,0
98,158,111,0.01013205725416738,0
98,158,112,0.00535205640131676,0
98,158,113,0.004883798770205694,0
98,158,114,0.003230111328678925,0
98,158,115,-0.004892134219464001,0
98,158,116,-0.0002901408624004461,0
98,158,117,3.196874688060653e-05,0
98,158,118,0.0002817853875157567,0
98,158,119,0.0002533304473631359,0
98,158,120,0.0007965683777020556,0
98,158,121,0.0001459800159558124,0
98,158,122,-0.006187006217862535,0
98,158,123,5.724116568388553e-05,0
98,158,124,-0.004234962192837936,0
98,158,125,-0.003901496663038617,0
98,158,126,0.004170778439506019,0
98,158,127,-0.002509281424474825,0
98,158,128,0.005567706406877547,0
98,158,129,0.002956492980790893,0
98,158,130,-0.002290056362820974,0
98,158,131,0.003960787882082179,0
98,158,132,-0.00628412394560474,0
98,158,133,-0.001032370443842324,0
98,158,134,-0.003728360137237134,0
98,158,135,0.02447597951122745,0
98,158,136,-0.1075780261161586,0
98,158,137,0.3030966098542777,0
98,158,138,-0.8955415933482312,0
98,158,139,-0.6132596448547871,0
98,158,140,0.6307358134726648,0
98,158,141,0.8539584835065424,0
98,158,142,-0.2913067899413674,0
98,158,143,-1,0
98,158,144,-0.01199947783998528,0
98,158,145,0.0594479192838564,0
98,158,146,-0.1796108501171791,0
98,158,147,0.576320713778825,0
98,158,148,0.4079357131754514,0
98,158,149,-0.409027816802625,0
98,158,150,-0.5623638871822614,0
98,158,151,0.1963934143204544,0
98,158,152,0.6746633227548351,0
98,158,153,-0.01823181734129472,0
98,158,154,0.07811790543204658,0
98,158,155,-0.2302555868649626,0
98,158,156,0.5946625056327086,0
98,158,157,0.3768202749709587,0
98,158,158,-0.4185759672874489,0
98,158,159,-0.5414641624602913,0
98,158,160,0.1745594458599381,0
98,158,161,0.6433759071517051,0
98,158,162,0.02507117301422066,0
98,158,163,-0.110311070478466,0
98,158,164,0.3185220403616416,0
98,158,165,-0.8658956081461331,0
98,158,166,-0.6329244712211396,0
98,158,167,0.6475545947053456,0
98,158,168,0.8825883302871856,0
98,158,169,-0.3343338006441555,0
98,158,170,-0.9895312226452651,0
99,157,0,5.788685547496181e-05,0
99,157,1,0.0001100587592189483,0
99,157,2,0.0001907850672456084,0
99,157,3,-0.000560230182486481,0
99,157,4,-0.0003962258656953855,0
99,157,5,-0.0004029959636689293,0
99,157,6,0.001387793574490977,0
99,157,7,0.0005773282678677885,0
99,157,8,0.0006747596701292775,0
99,157,9,-0.006630033649606667,0
99,157,10,-0.003997078230170063,0
99,157,11,-0.005834840513556832,0
99,157,12,0.006572203959474111,0
99,157,13,0.003285294729765599,0
99,157,14,0.00902253921689682,0
99,157,15,-0.0009986057780078186,0
99,157,16,-0.0001179512535890996,0
99,157,17,-0.00564608698844332,0
99,157,18,-0.004254812482901407,0
99,157,19,-0.00233766716883546,0
99,157,20,-0.001561300948528673,0
99,157,21,0.006246165858507656,0
99,157,22,0.003548423520098347,0
99,157,23,0.007888751338568065,0
99,157,24,-0.004816438358723076,0
99,157,25,-0.002609359086326046,0
99,157,26,-0.00831216833204268,0
99,157,27,-0.0005032844946853302,0
99,157,28,0.00309355206292246,0
99,157,29,0.0002593431861828861,0
99,157,30,0.0002820355387799176,0
99,157,31,0.0001401236513582011,0
99,157,32,-0.0004081339488180471,0
99,157,33,-0.0004326369483037238,0
99,157,34,-0.0005432648091700958,0
99,157,35,0.0009414049336289073,0
99,157,36,0.000900043244335264,0
99,157,37,0.001347262710670675,0
99,157,38,-0.003485816605984128,0
99,157,39,-0.006385384693543585,0
99,157,40,-0.008938778140584403,0
99,157,41,0.003913892511525893,0
99,157,42,0.008515814083230164,0
99,157,43,0.01377466988063561,0
99,157,44,-0.0008095802981530481,0
99,157,45,-0.004425668862963062,0
99,157,46,-0.009382563425543411,0
99,157,47,-0.002541968595788173,0
99,157,48,-0.002459718890191049,0
99,157,49,-0.002091017581477411,0
99,157,50,0.003700381288723887,0
99,157,51,0.007886378275289367,0
99,157,52,0.01243572828301263,0
99,157,53,-0.002727575287549051,0
99,157,54,-0.007582660704223742,0
99,157,55,-0.01309612343552211,0
99,157,56,0.002019259415277251,0
99,157,57,0.00494139057782737,0
99,157,58,0.0002898574702613648,0
99,157,59,0.0001803663869468385,0
99,157,60,-4.602643635413038e-05,0
99,157,61,-0.0001598922774078449,0
99,157,62,-0.0002928930930676568,0
99,157,63,-0.0003903778518776503,0
99,157,64,-0.0002253757713490811,0
99,157,65,0.0007059378027348002,0
99,157,66,0.001165735692533099,0
99,157,67,2.358540926331534e-05,0
99,157,68,-0.006571209666648856,0
99,157,69,-0.008644674444945908,0
99,157,70,-7.178571515561082e-05,0
99,157,71,0.01001671224705516,0
99,157,72,0.01356446452704506,0
99,157,73,7.571673771167643e-05,0
99,157,74,-0.006978439700557741,0
99,157,75,-0.009573458372991527,0
99,157,76,-0.0001130657927890818,0
99,157,77,-0.001409852554982957,0
99,157,78,-0.001763693370346246,0
99,157,79,1.947215743683161e-05,0
99,157,80,0.009074435861539377,0
99,157,81,0.01224501596889586,0
99,157,82,7.667798528607632e-05,0
99,157,83,-0.009659989315215983,0
99,157,84,-0.01324948925380881,0
99,157,85,0.003770258731011012,0
99,157,86,0.005210021250196532,0
99,157,87,0.0001143254818402022,0
99,157,88,9.24255903041007e-06,0
99,157,89,-7.85757310278177e-06,0
99,157,90,-1.667900207402376e-06,0
99,157,91,-9.649295621924956e-05,0
99,157,92,-0.000122555365565015,0
99,157,93,-0.0004657948630039777,0
99,157,94,0.0006357164787484271,0
99,157,95,0.001095360661711643,0
99,157,96,0.00371421797925065,0
99,157,97,-0.004036582583198034,0
99,157,98,-0.005335462974835823,0
99,157,99,-0.003801983421134688,0
99,157,100,0.008080954398931018,0
99,157,101,0.008537117944744479,0
99,157,102,0.001104453580849408,0
99,157,103,-0.006746109710485573,0
99,157,104,-0.006124620221445459,0
99,157,105,0.002096696544887117,0
99,157,106,0.0001151205847439785,0
99,157,107,-0.0008966173494486838,0
99,157,108,-0.003718096452928446,0
99,157,109,0.006733695806445467,0
99,157,110,0.007503129319545268,0
99,157,111,0.003146323363132555,0
99,157,112,-0.00818430541775241,0
99,157,113,-0.008558165119618431,0
99,157,114,0.004306193024127719,0
99,157,115,0.00352134868782849,0
99,157,116,-0.0001961756273781972,0
99,157,117,-0.0001039572610893581,0
99,157,118,0.0002740613770494879,0
99,157,119,-1.237826034575458e-05,0
99,157,120,-0.0009109769652209919,0
99,157,121,0.0001655819292163694,0
99,157,122,0.006207980997479863,0
99,157,123,-7.356236609218766e-05,0
99,157,124,-0.006452881606033219,0
99,157,125,0.003048519054489029,0
99,157,126,0.001757268982260232,0
99,157,127,-0.003897101066704896,0
99,157,128,0.003106671412028041,0
99,157,129,0.001298858493632795,0
99,157,130,-0.006335963741817532,0
99,157,131,0.001666528859894998,0
99,157,132,0.005701692527988423,0
99,157,133,-0.003303421728026523,0
99,157,134,0.003252886493965477,0
99,157,135,-0.02230140237827497,0
99,157,136,0.08047336382094308,0
99,157,137,-0.1536455030396244,0
99,157,138,0.5978547326712333,0
99,157,139,-0.5938171814401925,0
99,157,140,0.1590955451700005,0
99,157,141,0.3675716798824383,0
99,157,142,-0.6323704651472704,0
99,157,143,0.4442433683685139,0
99,157,144,-0.03979864516824113,0
99,157,145,0.1327964508384849,0
99,157,146,-0.2855252925364354,0
99,157,147,0.8901568427096133,0
99,157,148,-0.9328978862957192,0
99,157,149,0.2850495316930033,0
99,157,150,0.5812423223951482,0
99,157,151,-0.9980113548565953,0
99,157,152,0.6927618613472487,0
99,157,153,-0.03098034355564815,0
99,157,154,0.1067311849405005,0
99,157,155,-0.2240480809384323,0
99,157,156,0.8857625749848456,0
99,157,157,-0.9195457381100066,0
99,157,158,0.2999106220157131,0
99,157,159,0.5629795178841982,0
99,157,160,-1,0
99,157,161,0.7176294399795408,0
99,157,162,-0.02586916432453364,0
99,157,163,0.09178660135549316,0
99,157,164,-0.1775265643786628,0
99,157,165,0.5580286416247862,0
99,157,166,-0.5807338298370202,0
99,157,167,0.1855400014990493,0
99,157,168,0.3330188858682872,0
99,157,169,-0.6338736846789432,0
99,157,170,0.4808009083663521,0
100,156,0,-0.0002423256288690142,0
100,156,1,-0.0004917914292600668,0
100,156,2,-0.0008438239620669637,0
100,156,3,0.0004548107458708932,0
100,156,4,-0.0005544851416806546,0
100,156,5,-0.0006284552548352553,0
100,156,6,-0.001663785131180986,0
100,156,7,-0.002174193211560593,0
100,156,8,-0.004044288953575297,0
100,156,9,-0.0001460118690425208,0
100,156,10,-0.0005800883346932831,0
100,156,11,0.0002323349417664769,0
100,156,12,-0.0003276843497897747,0
100,156,13,-0.0002198385203009071,0
100,156,14,-0.0001399073069154434,0
100,156,15,-0.0005347966482232568,0
100,156,16,-0.0002695673158541049,0
100,156,17,4.468437068037917e-05,0
100,156,18,7.299125153893232e-05,0
100,156,19,6.97506260363123e-05,0
100,156,20,0.0006375133488341891,0
100,156,21,0.0002904976918106161,0
100,156,22,0.0001977884360241555,0
100,156,23,0.0002027487225701981,0
100,156,24,3.824399026272116e-05,0
100,156,25,9.597539647808371e-05,0
100,156,26,-0.000111568553184992,0
100,156,27,0.0001331774770521026,0
100,156,28,0.0002685118573101294,0
100,156,29,0.0007868386739820957,0
100,156,30,0.0004870489705902697,0
100,156,31,0.001292227376331227,0
100,156,32,-0.001001031015856828,0
100,156,33,0.0002773499334466312,0
100,156,34,0.0005571146199450448,0
100,156,35,0.005208590757918264,0
100,156,36,0.002572620659649702,0
100,156,37,0.00626514877947064,0
100,156,38,0.002108482452661943,0
100,156,39,0.002286252431886737,0
100,156,40,0.000209048598803574,0
100,156,41,0.0009750539006523401,0
100,156,42,0.0006237824758395479,0
100,156,43,-0.0009763274616364135,0
100,156,44,0.0005248929192572313,0
100,156,45,0.0004176715964096336,0
100,156,46,-0.0003170670086457574,0
100,156,47,-3.05395908827058e-05,0
100,156,48,0.0004210818261183225,0
100,156,49,7.663545494403076e-05,0
100,156,50,-0.0002703469818305786,0
100,156,51,-0.0001021131601701638,0
100,156,52,-0.0002259056403254867,0
100,156,53,4.513369577286631e-05,0
100,156,54,-8.513607151372168e-05,0
100,156,55,-1.394899313198325e-06,0
100,156,56,0.0002434211166734945,0
100,156,57,0.0002863465335229824,0
100,156,58,-0.000794892620477482,0
100,156,59,-0.0001282324549986838,0
100,156,60,-0.001082834362563158,0
100,156,61,0.001065589182668857,0
100,156,62,-8.16218374807083e-05,0
100,156,63,-0.0003099454608321785,0
100,156,64,-0.006805285410353181,0
100,156,65,-0.002255658697411012,0
100,156,66,-0.006056662519622553,0
100,156,67,-0.003271850184379808,0
100,156,68,-0.00269776166529568,0
100,156,69,4.453535377407197e-05,0
100,156,70,-0.00106760623308117,0
100,156,71,-0.001411720426278241,0
100,156,72,0.00097908872321994,0
100,156,73,-0.0001212226163115446,0
100,156,74,-0.0002616220581169471,0
100,156,75,0.000737364173274631,0
100,156,76,-0.0004308086465771873,0
100,156,77,-0.000233831629331222,0
100,156,78,-0.0001490323407186067,0
100,156,79,-0.0002748158536273359,0
100,156,80,-0.0004448854187960358,0
100,156,81,-0.0003043283427822057,0
100,156,82,0.0003894774370320593,0
100,156,83,0.0001417656816279295,0
100,156,84,0.000282108257004234,0
100,156,85,0.0001578063863209983,0
100,156,86,-0.0002172032399998925,0
100,156,87,0.0008731475309925299,0
100,156,88,-1.334241798794054e-05,0
100,156,89,0.0004148344949515864,0
100,156,90,-0.000839915916326888,0
100,156,91,0.0001295037464110761,0
100,156,92,0.0002202620641907021,0
100,156,93,0.005260980298825324,0
100,156,94,0.0008251220393192274,0
100,156,95,0.003612333093390742,0
100,156,96,0.002430373247068212,0
100,156,97,0.001913969899406353,0
100,156,98,-0.0001899379932490372,0
100,156,99,0.0008585538306437508,0
100,156,100,0.001209937226076878,0
100,156,101,-0.0006084755408476218,0
100,156,102,0.000166346001733086,0
100,156,103,0.0006268934903928531,0
100,156,104,-1.599051645168876e-05,0
100,156,105,-9.052968439379291e-05,0
100,156,106,-0.0001808445448936054,0
100,156,107,-0.0004258735346429839,0
100,156,108,0.0001971140335019022,0
100,156,109,-0.0001428765610142008,0
100,156,110,-0.0001440400733733915,0
100,156,111,0.0003513935177098086,0
100,156,112,0.0003834285626059539,0
100,156,113,0.0003189070346775412,0
100,156,114,-0.000190306064608129,0
100,156,115,-0.0005830661723794417,0
100,156,116,-0.0004900651282235853,0
100,156,117,-2.990851299603475e-05,0
100,156,118,0.0002399403576116765,0
100,156,119,7.471721476350243e-05,0
100,156,120,-0.001782195747731054,0
100,156,121,0.0008347734407261472,0
100,156,122,-0.0006772245127816143,0
100,156,123,-0.0005208335940629094,0
100,156,124,-9.327684130071354e-05,0
100,156,125,-0.0004654366545607015,0
100,156,126,-0.0002594195386804991,0
100,156,127,-0.000130430125138044,0
100,156,128,0.0001206605721576096,0
100,156,129,-0.0002077656223047939,0
100,156,130,0.0001774478709332573,0
100,156,131,3.625565468672456e-05,0
100,156,132,-0.000411843049806184,0
100,156,133,2.958036143349357e-05,0
100,156,134,-0.0003539469152565397,0
100,156,135,0.0969565212137621,0
100,156,136,-0.2770986891720402,0
100,156,137,0.5780837639355183,0
100,156,138,0.07447951359527463,0
100,156,139,0.05205702471049891,0
100,156,140,0.05789424773925803,0
100,156,141,-0.01864179969653311,0
100,156,142,-0.02987725431876143,0
100,156,143,0.01265814941806471,0
100,156,144,-0.1532874495096512,0
100,156,145,0.4484625644126108,0
100,156,146,-0.994440453406643,0
100,156,147,-0.2515563437054713,0
100,156,148,-0.05469713419192578,0
100,156,149,-0.01040684082338421,0
100,156,150,-0.02411780102136132,0
100,156,151,0.006531968089711379,0
100,156,152,0.0217939606822273,0
100,156,153,0.1487946397802564,0
100,156,154,-0.4439720720601177,0
100,156,155,1,0
100,156,156,0.2410837090872895,0
100,156,157,0.06132115626358756,0
100,156,158,-0.01970889723941072,0
100,156,159,0.007985912872793953,0
100,156,160,0.03618893485569282,0
100,156,161,-0.01815926724243711,0
100,156,162,-0.0866417575069332,0
100,156,163,0.2618950400804764,0
100,156,164,-0.5737319163979545,0
100,156,165,-0.1032179894316181,0
100,156,166,-0.01268262647229078,0
100,156,167,-0.02915716969949077,0
100,156,168,0.01655418143538118,0
100,156,169,0.01535440157613436,0
100,156,170,-0.05653998615109283,0
101,155,0,0.0008756132019760043,0
101,155,1,5.11091740712239e-06,0
101,155,2,-0.0009171447255044938,0
101,155,3,0.0004651982347071053,0
101,155,4,0.001167331651857501,0
101,155,5,0.001069737807667491,0
101,155,6,-0.002652406035864114,0
101,155,7,-0.001112522309700149,0
101,155,8,-0.0006130440589906692,0
101,155,9,0.008086328382757663,0
101,155,10,0.004224740150961158,0
101,155,11,0.007014528549561962,0
101,155,12,-0.0008543522565802168,0
101,155,13,-0.0006586401549548742,0
101,155,14,-0.008655143078216614,0
101,155,15,-0.00684159953178097,0
101,155,16,-0.003992326462431609,0
101,155,17,-0.004420587095598203,0
101,155,18,0.00513413298219688,0
101,155,19,0.003488367093030486,0
101,155,20,0.01113096945255463,0
101,155,21,0.005366482058472951,0
101,155,22,0.004010349250445727,0
101,155,23,0.001278014653577898,0
101,155,24,-0.007334999837774076,0
101,155,25,-0.003705049351864078,0
101,155,26,-0.008924942818760955,0
101,155,27,0.000488536793283194,0
101,155,28,0.007703732048728934,0
101,155,29,-0.0004058278906855595,0
101,155,30,-0.0009409002604228619,0
101,155,31,-0.0004449532185731415,0
101,155,32,3.394509951811146e-05,0
101,155,33,0.0007332017379145254,0
101,155,34,0.0009209703112448822,0
101,155,35,5.604722289383434e-05,0
101,155,36,-0.0001161432642189492,0
101,155,37,-0.0006890540637035583,0
101,155,38,-0.003511199817947475,0
101,155,39,0.002795514529943661,0
101,155,40,0.004480016508840583,0
101,155,41,0.001100367470297754,0
101,155,42,-0.005750013711422726,0
101,155,43,-0.004889942638775964,0
101,155,44,0.003388283636530802,0
101,155,45,-0.0009349015546496184,0
101,155,46,-0.002368490701160465,0
101,155,47,-0.002519849852523685,0
101,155,48,0.006542578412499382,0
101,155,49,0.006126761139528888,0
101,155,50,-0.003083702795367053,0
101,155,51,-0.001218601195160483,0
101,155,52,0.0001872044806469356,0
101,155,53,0.0023699227224638,0
101,155,54,-0.005077931384479002,0
101,155,55,-0.004947610180970508,0
101,155,56,0.005469907767514576,0
101,155,57,0.004927203619759651,0
101,155,58,-0.001104779833836772,0
101,155,59,-0.0004775228900931901,0
101,155,60,0.0007503915011992771,0
101,155,61,-0.0006327584443120562,0
101,155,62,-0.0006509224205430253,0
101,155,63,-0.0005895094469253593,0
101,155,64,0.003822496298083052,0
101,155,65,0.001695075615303401,0
101,155,66,0.001056555948622666,0
101,155,67,-0.009624833433347009,0
101,155,68,-0.002127802915375464,0
101,155,69,-0.004737451094179592,0
101,155,70,0.0014109403022334,0
101,155,71,-0.00285327117563523,0
101,155,72,0.004774959887977158,0
101,155,73,0.007951224617904517,0
101,155,74,0.003209245266605478,0
101,155,75,0.002792536354813183,0
101,155,76,-0.006343963416689256,0
101,155,77,0.0004259194575237846,0
101,155,78,-0.006347051410765196,0
101,155,79,-0.005766907327564069,0
101,155,80,-0.004251046015378991,0
101,155,81,-0.0007310908688912345,0
101,155,82,0.008704296892461669,0
101,155,83,0.0009266308061496481,0
101,155,84,0.004930357518823036,0
101,155,85,0.002974916008684712,0
101,155,86,-0.004478636324393747,0
101,155,87,-0.0003914306777178469,0
101,155,88,0.0005524252595348791,0
101,155,89,0.0007105796331555354,0
101,155,90,-0.0003855193703285641,0
101,155,91,-0.001443720193103564,0
101,155,92,-0.001647810355155996,0
101,155,93,0.001334660521880142,0
101,155,94,0.0006077870127752095,0
101,155,95,0.000249627756527804,0
101,155,96,-0.003951141878929491,0
101,155,97,-0.005589338143675729,0
101,155,98,-0.008844799612346965,0
101,155,99,-0.0003763228566297206,0
101,155,100,0.003247718560106377,0
101,155,101,0.008277319240675299,0
101,155,102,0.002235618119225233,0
101,155,103,0.003229694196848938,0
101,155,104,0.004624501567316298,0
101,155,105,-0.001788510146032356,0
101,155,106,-0.005798839723939593,0
101,155,107,-0.01012145036274229,0
101,155,108,-0.0008966970106744315,0
101,155,109,-0.001287834363821367,0
101,155,110,-0.0001070042794962726,0
101,155,111,0.003798295608601121,0
101,155,112,0.005522135626926369,0
101,155,113,0.008278940686172844,0
101,155,114,-0.003539616351303127,0
101,155,115,-0.008266218905906581,0
101,155,116,0.001126935897884919,0
101,155,117,0.001017875536271092,0
101,155,118,0.0003979491705430265,0
101,155,119,-6.323164567905859e-05,0
101,155,120,-0.00232137730971879,0
101,155,121,-0.001092896522332945,0
101,155,122,0.008752340538092004,0
101,155,123,-0.0009210124164966814,0
101,155,124,-0.001599049578572814,0
101,155,125,0.005320204113252889,0
101,155,126,-0.00656020987635706,0
101,155,127,-0.001040548238709792,0
101,155,128,0.005749755231713604,0
101,155,129,-0.003826355590775002,0
101,155,130,0.004296617508252724,0
101,155,131,0.003264614995965489,0
101,155,132,-0.007659718374383013,0
101,155,133,0.001758442833645402,0
101,155,134,-0.005567432639845102,0
101,155,135,0.03457725864213915,0
101,155,136,-0.1267352137298221,0
101,155,137,0.2680110399303661,0
101,155,138,-0.9193222344843439,0
101,155,139,0.2202719481267695,0
101,155,140,0.8700198871486321,0
101,155,141,-0.6111943810327599,0
101,155,142,-0.6164115583509738,0
101,155,143,0.8642683584642384,0
101,155,144,0.03959300005885845,0
101,155,145,-0.1272996296053992,0
101,155,146,0.29507455400399,0
101,155,147,-0.5396440156899012,0
101,155,148,0.06643203314661711,0
101,155,149,0.4732328101708953,0
101,155,150,-0.3233037773534282,0
101,155,151,-0.2967405665952611,0
101,155,152,0.5498186032284034,0
101,155,153,-0.03358714825717186,0
101,155,154,0.1106159617108382,0
101,155,155,-0.2621384217490478,0
101,155,156,0.5295951087004998,0
101,155,157,-0.1594566385159975,0
101,155,158,-0.5121985074899059,0
101,155,159,0.3804109606714395,0
101,155,160,0.3423009907603624,0
101,155,161,-0.4940242591972417,0
101,155,162,-0.04465798200531564,0
101,155,163,0.1589354224092596,0
101,155,164,-0.3331597843767279,0
101,155,165,1,0
101,155,166,-0.1439348659454882,0
101,155,167,-0.8069390377786124,0
101,155,168,0.5886647742086536,0
101,155,169,0.4703113990475701,0
101,155,170,-0.9316821331013779,0
102,154,0,-0.001120789286379124,0
102,154,1,0.0003008272588991636,0
102,154,2,0.001466482246353165,0
102,154,3,0.000318508246952856,0
102,154,4,-0.000385942262599111,0
102,154,5,0.0005759473816845479,0
102,154,6,-0.0009848350812826229,0
102,154,7,-0.001213485387546603,0
102,154,8,-0.002679019868589789,0
102,154,9,0.005947039634952676,0
102,154,10,0.003955111678532142,0
102,154,11,0.006175691655492506,0
102,154,12,0.008362909979478458,0
102,154,13,0.006017936907054212,0
102,154,14,0.003318709432664252,0
102,154,15,0.004657935549593221,0
102,154,16,0.003373777751946708,0
102,154,17,-0.002775500220581756,0
102,154,18,-0.001837720691540885,0
102,154,19,-0.001154898432259188,0
102,154,20,-0.005971343785851709,0
102,154,21,-0.007015574841819668,0
102,154,22,-0.004347088629783051,0
102,154,23,-0.004251673468446584,0
102,154,24,-0.007082976223177552,0
102,154,25,-0.00376311566379704,0
102,154,26,0.002024525194216138,0
102,154,27,0.001378853514797411,0
102,154,28,0.009796317067993585,0
102,154,29,0.0009178801753290577,0
102,154,30,0.00102853557459845,0
102,154,31,-0.0004041804430598659,0
102,154,32,-0.0004245236073118312,0
102,154,33,0.0002173900004723211,0
102,154,34,-0.0008387212309452878,0
102,154,35,0.002796150333008013,0
102,154,36,0.0003364711359854467,0
102,154,37,0.001212723727969067,0
102,154,38,-0.008689129213586944,0
102,154,39,-0.001067677598962462,0
102,154,40,-0.0028422769713056,0
102,154,41,-0.01449345841991659,0
102,154,42,-0.007161845943367236,0
102,154,43,-0.001891248306879747,0
102,154,44,-0.009153529879590363,0
102,154,45,-0.007784988597427451,0
102,154,46,0.002725710075341432,0
102,154,47,0.003108741927012692,0
102,154,48,-0.001894252736764353,0
102,154,49,0.006107592021760607,0
102,154,50,0.01289191661199168,0
102,154,51,0.005588910205895826,0
102,154,52,0.004785337542209275,0
102,154,53,0.01231007750532786,0
102,154,54,0.009368678319055874,0
102,154,55,0.0003001820409642712,0
102,154,56,0.006595259655526355,0
102,154,57,-0.003428673323602027,0
102,154,58,0.0006852601362569219,0
102,154,59,-0.0004777983191088038,0
102,154,60,-0.001032314711321602,0
102,154,61,-2.102750279802364e-05,0
102,154,62,-0.000269412729431041,0
102,154,63,-0.0006430993535983681,0
102,154,64,-0.0005238736939525699,0
102,154,65,0.0005877932149691453,0
102,154,66,0.001351215082493506,0
102,154,67,-0.00151042217477887,0
102,154,68,-0.003008409897141042,0
102,154,69,-0.00400019899241976,0
102,154,70,-0.0003715234763794419,0
102,154,71,-0.002023957739592233,0
102,154,72,-0.001956625015062646,0
102,154,73,0.0006169688293604906,0
102,154,74,0.001757764893574883,0
102,154,75,0.001891458096496198,0
102,154,76,-7.361281787454461e-05,0
102,154,77,0.003705441952602517,0
102,154,78,0.003546377448173552,0
102,154,79,-0.0003524791337854914,0
102,154,80,0.002509518661922116,0
102,154,81,0.002471150272660838,0
102,154,82,0.0002537514929953235,0
102,154,83,-0.0004145560081774079,0
102,154,84,-0.00131303399117265,0
102,154,85,-0.00321813890790432,0
102,154,86,-0.005635842257282451,0
102,154,87,-0.0003601317401799479,0
102,154,88,-0.0002021918229091722,0
102,154,89,0.0008758673098274845,0
102,154,90,0.0001611687128668957,0
102,154,91,0.000136255600986227,0
102,154,92,0.001423460002787992,0
102,154,93,-0.00267565287839653,0
102,154,94,-0.0008737704140885182,0
102,154,95,-0.001185543391182959,0
102,154,96,0.008461710087775316,0
102,154,97,0.002576725363565199,0
102,154,98,0.00520772475648935,0
102,154,99,0.01433435094450494,0
102,154,100,0.008025792240655574,0
102,154,101,0.003284122761344481,0
102,154,102,0.008923403888437488,0
102,154,103,0.006721039348850163,0
102,154,104,-0.004180169173412344,0
102,154,105,-0.003946965819508748,0
102,154,106,-0.0009821370436371715,0
102,154,107,-0.01021181875793701,0
102,154,108,-0.01332134451647353,0
102,154,109,-0.007897538387674185,0
102,154,110,-0.007898979552067972,0
102,154,111,-0.01151352562988237,0
102,154,112,-0.009031167977527886,0
102,154,113,-0.0004170013203921712,0
102,154,114,-0.004146107436283957,0
102,154,115,0.005069503651978691,0
102,154,116,6.362774949604326e-05,0
102,154,117,0.0005179388330463604,0
102,154,118,-0.0005121973268111746,0
102,154,119,0.0004943860512170775,0
102,154,120,0.001843545012165333,0
102,154,121,0.0003007667984255529,0
102,154,122,-0.003944801600694806,0
102,154,123,0.0009299339160238029,0
102,154,124,-0.007913830724259953,0
102,154,125,-0.002804188258309464,0
102,154,126,-0.00530218163564089,0
102,154,127,-0.005929526955022022,0
102,154,128,0.002665311814947851,0
102,154,129,-0.004645015883297939,0
102,154,130,0.007928639071061132,0
102,154,131,0.0005151264025937581,0
102,154,132,0.006179624335549902,0
102,154,133,0.004368184158388814,0
102,154,134,0.00375065452354679,0
102,154,135,0.07174095724830204,0
102,154,136,-0.2185514635371412,0
102,154,137,0.4469606944971262,0
102,154,138,-0.5883941266761095,0
102,154,139,-0.9787432421697188,0
102,154,140,-0.5740985912627008,0
102,154,141,0.2251745153643066,0
102,154,142,0.8846536861702754,0
102,154,143,0.8919745332211454,0
102,154,144,-0.04124936906637587,0
102,154,145,0.1296010780492303,0
102,154,146,-0.2784342590930536,0
102,154,147,0.3047740267964422,0
102,154,148,0.6482653298528493,0
102,154,149,0.4347302029398212,0
102,154,150,-0.1812583348671181,0
102,154,151,-0.6264707658393951,0
102,154,152,-0.5261260176956047,0
102,154,153,-0.03972961883162675,0
102,154,154,0.1229636673055825,0
102,154,155,-0.2625973326267301,0
102,154,156,0.3940945972673013,0
102,154,157,0.6400784017702263,0
102,154,158,0.3651969043237432,0
102,154,159,-0.1469345881417497,0
102,154,160,-0.5754441920112,0
102,154,161,-0.5701638657008888,0
102,154,162,0.05748959552265105,0
102,154,163,-0.1790321281268629,0
102,154,164,0.3753107064810443,0
102,154,165,-0.4774628340063939,0
102,154,166,-1,0
102,154,167,-0.6810133863035982,0
102,154,168,0.2992248053844564,0
102,154,169,0.9708699099247134,0
102,154,170,0.7786072307647995,0
103,153,0,-0.001521380896144632,0
103,153,1,0.0008338698289738343,0
103,153,2,0.002518626383987164,0
103,153,3,0.0003960953030778615,0
103,153,4,3.84216144713685e-05,0
103,153,5,0.002215467978808913,0
103,153,6,-0.002506595197230311,0
103,153,7,-0.003020548336604368,0
103,153,8,-0.005063815755396536,0
103,153,9,0.0006133004149814356,0
103,153,10,-0.0005619308853140157,0
103,153,11,0.0004781395611569116,0
103,153,12,0.005400312696745982,0
103,153,13,0.003124750475193769,0
103,153,14,0.003242093074789889,0
103,153,15,0.009755814243417321,0
103,153,16,0.00610419547355376,0
103,153,17,0.002867307436529078,0
103,153,18,0.01110552442179826,0
103,153,19,0.007087934584671825,0
103,153,20,0.0002647092702445588,0
103,153,21,0.008895361517069345,0
103,153,22,0.005507844746214014,0
103,153,23,-0.003137115783122239,0
103,153,24,0.004855106967493319,0
103,153,25,0.002352344792506021,0
103,153,26,-0.005819774377543586,0
103,153,27,-0.001356906853351823,0
103,153,28,-0.007721869550306324,0
103,153,29,0.001753582979798582,0
103,153,30,0.001348515445334764,0
103,153,31,-0.001558564833034373,0
103,153,32,-0.0003831798060289876,0
103,153,33,0.001549729993516969,0
103,153,34,-0.001009385667960513,0
103,153,35,0.004629640161155069,0
103,153,36,0.001097623098771615,0
103,153,37,0.0030756692125124,0
103,153,38,-0.001744802297087219,0
103,153,39,-0.000126727996523473,0
103,153,40,-0.001625163787343196,0
103,153,41,-0.009442819047399751,0
103,153,42,-0.004239817602736634,0
103,153,43,-0.003790312522310583,0
103,153,44,-0.01549841760816826,0
103,153,45,-0.00862058436773433,0
103,153,46,-0.003177560946015206,0
103,153,47,-0.01794304475042726,0
103,153,48,-0.0117465998829975,0
103,153,49,-0.001493855150581561,0
103,153,50,-0.01594554748875174,0
103,153,51,-0.0124707922748633,0
103,153,52,0.0004131775680402583,0
103,153,53,-0.009723922439764953,0
103,153,54,-0.01014556729506984,0
103,153,55,0.002129927452404142,0
103,153,56,-0.005102218156159442,0
103,153,57,0.003239071447338127,0
103,153,58,-6.363006592393855e-06,0
103,153,59,-0.001976928223160201,0
103,153,60,-0.001497305271427236,0
103,153,61,0.0001438876652081739,0
103,153,62,-0.001291077155184308,0
103,153,63,-0.002454957073802003,0
103,153,64,7.091566564548941e-05,0
103,153,65,0.002564554481882494,0
103,153,66,0.002948908845262227,0
103,153,67,-0.0002144760389256052,0
103,153,68,-0.0004570923576397451,0
103,153,69,-0.000564469210180483,0
103,153,70,-0.0002143159975155042,0
103,153,71,-0.002369487117399895,0
103,153,72,-0.002341790753119459,0
103,153,73,-0.0002671810110437113,0
103,153,74,-0.002131595140012185,0
103,153,75,-0.002079728538725521,0
103,153,76,-5.571244208777326e-05,0
103,153,77,-0.0007355323604463959,0
103,153,78,-0.0002429317095082154,0
103,153,79,0.0002684786676968963,0
103,153,80,0.0009958963579278553,0
103,153,81,0.001956432168758426,0
103,153,82,0.0003188731384386402,0
103,153,83,0.002351824287832823,0
103,153,84,0.003586424380633523,0
103,153,85,0.002891981918973891,0
103,153,86,0.004282023735078967,0
103,153,87,-0.002433047719498471,0
103,153,88,-0.000216879886421313,0
103,153,89,0.002803568923437891,0
103,153,90,0.001016478375899719,0
103,153,91,-0.001073711677955528,0
103,153,92,0.002681447429753606,0
103,153,93,-0.004140440302134337,0
103,153,94,-0.00188638199464333,0
103,153,95,-0.004114977023142567,0
103,153,96,0.002184977480644568,0
103,153,97,0.0006675340129854116,0
103,153,98,0.002876860193035157,0
103,153,99,0.009730931252090028,0
103,153,100,0.005507928620980878,0
103,153,101,0.005752249372066831,0
103,153,102,0.01570256434056131,0
103,153,103,0.009780923932026848,0
103,153,104,0.005055634236086397,0
103,153,105,0.01806518162116419,0
103,153,106,0.01244081889620391,0
103,153,107,0.002912653091251875,0
103,153,108,0.01579882955478201,0
103,153,109,0.01221101621417658,0
103,153,110,1.611757132031897e-05,0
103,153,111,0.009258491711237934,0
103,153,112,0.008749932994764937,0
103,153,113,-0.002945563841059416,0
103,153,114,0.00288364670333556,0
103,153,115,-0.005087994987551319,0
103,153,116,0.001818117474886851,0
103,153,117,0.002531415533527283,0
103,153,118,-0.001230271320868694,0
103,153,119,0.001503939731364338,0
103,153,120,0.002574813716923881,0
103,153,121,-0.0008710846694525063,0
103,153,122,-0.001123774391544296,0
103,153,123,0.001065548618072396,0
103,153,124,-0.005929103273355042,0
103,153,125,-0.0003569634495881615,0
103,153,126,-0.009428562654756056,0
103,153,127,-0.003301789355363861,0
103,153,128,-0.01060134345462732,0
103,153,129,-0.005625729678924157,0
103,153,130,-0.009155197640904564,0
103,153,131,-0.006567309937233653,0
103,153,132,-0.005366786552816699,0
103,153,133,-0.00588712884027963,0
103,153,134,-0.003603159817471867,0
103,153,135,0.165135636019222,0
103,153,136,-0.3899889668583385,0
103,153,137,0.5680550317824502,0
103,153,138,0.01260694896848247,0
103,153,139,-0.4741289812408833,0
103,153,140,-0.8600870190416875,0
103,153,141,-1,0
103,153,142,-0.8465427396282157,0
103,153,143,-0.4949088610563565,0
103,153,144,-0.07019321931514164,0
103,153,145,0.2252773117875271,0
103,153,146,-0.4070307901351171,0
103,153,147,-0.001408716567316789,0
103,153,148,0.3299947665506264,0
103,153,149,0.5464896645895478,0
103,153,150,0.62863430360275,0
103,153,151,0.5621812278832689,0
103,153,152,0.3402062915514837,0
103,153,153,-0.1793927281245611,0
103,153,154,0.3159061102354829,0
103,153,155,-0.3417312379073863,0
103,153,156,-0.002036086723039476,0
103,153,157,0.3146830388931277,0
103,153,158,0.5596137019588675,0
103,153,159,0.6455218800639662,0
103,153,160,0.5516715426807518,0
103,153,161,0.3178449243587263,0
103,153,162,0.22118694049177,0
103,153,163,-0.444392939971365,0
103,153,164,0.5547763491057274,0
103,153,165,-0.01470571317376158,0
103,153,166,-0.5073774832957558,0
103,153,167,-0.8413947751008478,0
103,153,168,-0.9719235654408465,0
103,153,169,-0.8615118625545102,0
103,153,170,-0.5165001632905509,0
104,152,0,0.001393491393702011,0
104,152,1,0.0003868029495939579,0
104,152,2,0.0009369580038443239,0
104,152,3,-0.001181711842626738,0
104,152,4,-0.001846629868901716,0
104,152,5,-0.004735182143495572,0
104,152,6,-0.0008370213496129573,0
104,152,7,-0.001530322615696577,0
104,152,8,-0.001581223725166556,0
104,152,9,-0.0003757997769165485,0
104,152,10,-0.0004880378261164836,0
104,152,11,-0.00012504218581643,0
104,152,12,-0.0005295440443657302,0
104,152,13,-0.0003566578000129146,0
104,152,14,-0.0001150422665402507,0
104,152,15,-0.0005279575921543195,0
104,152,16,-0.0003409664854707869,0
104,152,17,5.434656367429861e-05,0
104,152,18,-0.00041382002760578,0
104,152,19,-0.0002845517603650769,0
104,152,20,0.0001060340815294095,0
104,152,21,-0.0003716398849025425,0
104,152,22,-0.0002541744531975868,0
104,152,23,2.918389448358508e-05,0
104,152,24,-0.0003010479446134837,0
104,152,25,-0.0001785504945918861,0
104,152,26,0.0001127369798416728,0
104,152,27,4.394921526205933e-05,0
104,152,28,0.0003811965102231298,0
104,152,29,-0.004433549378575888,0
104,152,30,-0.001382006971119855,0
104,152,31,-0.002012040968183124,0
104,152,32,0.004012202724311899,0
104,152,33,0.0008293348150198864,0
104,152,34,0.007054896696276147,0
104,152,35,0.00346827695799719,0
104,152,36,0.002902078902500986,0
104,152,37,0.00235336436726314,0
104,152,38,0.001168626938846277,0
104,152,39,0.001161888054030614,0
104,152,40,-0.0004204869096367712,0
104,152,41,0.0008829583591992692,0
104,152,42,0.0005607808458116802,0
104,152,43,-0.0002376917421790364,0
104,152,44,0.0008371749616022469,0
104,152,45,0.0006195603408264163,0
104,152,46,4.19522712117927e-05,0
104,152,47,0.0007779537234788093,0
104,152,48,0.0005902054995436074,0
104,152,49,2.538393856297702e-05,0
104,152,50,0.0006969061276055806,0
104,152,51,0.0004587532020592292,0
104,152,52,-0.00013427834959057,0
104,152,53,0.0004803763297850578,0
104,152,54,0.00037730508153845,0
104,152,55,-0.0001776548236522464,0
104,152,56,0.0002632125503693207,0
104,152,57,-0.0001128317641371875,0
104,152,58,0.005822032222699195,0
104,152,59,0.001831768416709874,0
104,152,60,0.002535284378400857,0
104,152,61,-0.005180684379554722,0
104,152,62,0.0002302341870132186,0
104,152,63,-0.006509911737646446,0
104,152,64,-0.005137793777234243,0
104,152,65,-0.003324821276923514,0
104,152,66,-0.001970885527868203,0
104,152,67,-0.001373293706046757,0
104,152,68,-0.001629552985291021,0
104,152,69,0.000937202415980998,0
104,152,70,-0.0002368412533778607,0
104,152,71,-0.0003357539556521264,0
104,152,72,0.0007320100195200988,0
104,152,73,-8.052145931320276e-05,0
104,152,74,-5.064263031251466e-06,0
104,152,75,0.0002414745701447467,0
104,152,76,-0.0001543487428000877,0
104,152,77,-7.511977931155042e-05,0
104,152,78,-8.837026937350364e-06,0
104,152,79,-2.050369247750968e-05,0
104,152,80,-0.0001184045369275293,0
104,152,81,-2.005874032444348e-05,0
104,152,82,0.0001293058727856314,0
104,152,83,-5.109676200450921e-05,0
104,152,84,-5.350203943928889e-05,0
104,152,85,-7.551863406531459e-05,0
104,152,86,-0.0002072316423961144,0
104,152,87,-0.004371496220368298,0
104,152,88,-0.001025154654141472,0
104,152,89,-0.001831254504910327,0
104,152,90,0.004036720534150966,0
104,152,91,-0.0008553201177252,0
104,152,92,0.003692907519848735,0
104,152,93,0.004025184518808791,0
104,152,94,0.002226132236289706,0
104,152,95,0.001083827624261367,0
104,152,96,0.001058653265247403,0
104,152,97,0.001414438414704915,0
104,152,98,-0.0007370787982466066,0
104,152,99,-0.0001433513164727636,0
104,152,100,0.0003279571061954297,0
104,152,101,-0.0006359626868307048,0
104,152,102,-0.0006693521994063712,0
104,152,103,-0.0003275602441061614,0
104,152,104,-0.0004159466528095654,0
104,152,105,-0.0008368185639534859,0
104,152,106,-0.0005836046398560135,0
104,152,107,-0.0002143775303371717,0
104,152,108,-0.0006784956505255479,0
104,152,109,-0.0004683422388090245,0
104,152,110,0.0001349265148282479,0
104,152,111,-0.0003468963863822422,0
104,152,112,-0.0002598625983181871,0
104,152,113,0.0002879720821351708,0
104,152,114,-0.000126849740268163,0
104,152,115,0.0001704789425337348,0
104,152,116,0.001389006292500747,0
104,152,117,-0.0002697640683353634,0
104,152,118,-0.001435303235622369,0
104,152,119,0.001146209987220583,0
104,152,120,-0.001272648936969187,0
104,152,121,-0.0002491639981156123,0
104,152,122,-0.0003701701446313361,0
104,152,123,-0.0006402703732541721,0
104,152,124,8.047119801842637e-05,0
104,152,125,-0.0003440233868675269,0
104,152,126,0.0004175150919194896,0
104,152,127,6.086555303306327e-06,0
104,152,128,0.000578662734547143,0
104,152,129,0.0002522074113786212,0
104,152,130,0.0003873112746645927,0
104,152,131,0.0003693637891651332,0
104,152,132,9.693643081533755e-05,0
104,152,133,0.0002661858555940751,0
104,152,134,9.731536591631613e-05,0
104,152,135,-0.5825995654332994,0
104,152,136,0.4261963169576916,0
104,152,137,0.2712008099871883,0
104,152,138,0.05241755788559604,0
104,152,139,0.0478012700295662,0
104,152,140,0.04355115465653248,0
104,152,141,0.03436775886782445,0
104,152,142,0.03544680476148409,0
104,152,143,0.0309510717876672,0
104,152,144,1,0
104,152,145,-0.7376656961709908,0
104,152,146,-0.5187996214186288,0
104,152,147,-0.0845362014171587,0
104,152,148,-0.02740862670373095,0
104,152,149,-0.02974405300572869,0
104,152,150,-0.03436934559175808,0
104,152,151,-0.02390831499885983,0
104,152,152,-0.00848953416818435,0
104,152,153,-0.9890425198025236,0
104,152,154,0.7426211096316349,0
104,152,155,0.5196389004524793,0
104,152,156,0.07183878179325784,0
104,152,157,-0.01132189863675702,0
104,152,158,-0.02544055673360908,0
104,152,159,-0.02176930723655525,0
104,152,160,-0.02245244011076432,0
104,152,161,-0.02001774840329604,0
104,152,162,0.557664525355219,0
104,152,163,-0.4307049891111321,0
104,152,164,-0.2740494740286934,0
104,152,165,-0.03064575641613922,0
104,152,166,0.01256704872348416,0
104,152,167,0.03885575557492105,0
104,152,168,0.05356270985951517,0
104,152,169,0.03733680791064143,0
104,152,170,0.01033887869449055,0
105,151,0,0.004720330763607632,0
105,151,1,-0.002111532586289142,0
105,151,2,-0.006563406311623522,0
105,151,3,-0.0006333944641707068,0
105,151,4,4.448402444272957e-05,0
105,151,5,-0.006854272905763683,0
105,151,6,0.003663757188280317,0
105,151,7,0.006633203683719408,0
105,151,8,0.01193350005762665,0
105,151,9,0.006376585378283031,0
105,151,10,0.006584953500514908,0
105,151,11,0.008504805404477345,0
105,151,12,0.006432266341044066,0
105,151,13,0.004694102376877154,0
105,151,14,0.001235401366431139,0
105,151,15,0.005025316724281747,0
105,151,16,0.002554385051046785,0
105,151,17,-0.002933025513928633,0
105,151,18,0.003895442006337562,0
105,151,19,0.0007448582181591623,0
105,151,20,-0.005268434564283524,0
105,151,21,0.003364306575757294,0
105,151,22,-0.000277056531119806,0
105,151,23,-0.006485338360435592,0
105,151,24,0.002266569577321747,0
105,151,25,-0.001164362129083175,0
105,151,26,-0.007417835940505075,0
105,151,27,-0.002671462694179697,0
105,151,28,-0.008346439273302926,0
105,151,29,-0.006685411945183514,0
105,151,30,-0.004566117246012429,0
105,151,31,0.003445970743967893,0
105,151,32,0.002192916565094846,0
105,151,33,-0.003923849574530669,0
105,151,34,0.004507582621236863,0
105,151,35,-0.008562669185286047,0
105,151,36,-0.0006495967522709651,0
105,151,37,-0.005942735051721188,0
105,151,38,-0.01169040976627873,0
105,151,39,-0.00369247352327814,0
105,151,40,-0.003212757531964653,0
105,151,41,-0.01205669754614748,0
105,151,42,-0.007461687231187065,0
105,151,43,-0.0006894864293264609,0
105,151,44,-0.0107567262926492,0
105,151,45,-0.009110202827243542,0
105,151,46,-0.0007107361351652646,0
105,151,47,-0.008209023755477819,0
105,151,48,-0.009096302061530061,0
105,151,49,-0.001192712660760115,0
105,151,50,-0.005162934519305969,0
105,151,51,-0.007914724184335808,0
105,151,52,-0.001587861713025559,0
105,151,53,-0.002473694361910054,0
105,151,54,-0.006520371041574458,0
105,151,55,-0.001985618022800227,0
105,151,56,-0.005342697187463216,0
105,151,57,-0.002393106294548461,0
105,151,58,0.0001557906284217626,0
105,151,59,0.005077517777541549,0
105,151,60,0.00457792805580923,0
105,151,61,-0.001128654165668215,0
105,151,62,0.00300691961755864,0
105,151,63,0.004933015474090948,0
105,151,64,-0.0001738737404295605,0
105,151,65,-0.005935976345942539,0
105,151,66,-0.007543223842338172,0
105,151,67,0.00132978858190231,0
105,151,68,-0.002954030614236365,0
105,151,69,-0.004234477430308871,0
105,151,70,0.001334945924495993,0
105,151,71,0.0002883560929343723,0
105,151,72,-0.000950157779724048,0
105,151,73,0.001185257164751318,0
105,151,74,0.001212211022563528,0
105,151,75,0.001391494136510313,0
105,151,76,0.001135821170248979,0
105,151,77,0.001475211353521276,0
105,151,78,0.0028164603710554,0
105,151,79,0.001002057825775735,0
105,151,80,0.001614527611852284,0
105,151,81,0.003712166423202672,0
105,151,82,0.0005708235112438659,0
105,151,83,0.00162790344040935,0
105,151,84,0.004576479014201533,0
105,151,85,0.00134287880423207,0
105,151,86,0.00527955870819969,0
105,151,87,0.00637831233256222,0
105,151,88,0.001291735011895105,0
105,151,89,-0.006707460858996504,0
105,151,90,-0.002686986131337994,0
105,151,91,0.001612189966361344,0
105,151,92,-0.00769654287860188,0
105,151,93,0.009622758318629292,0
105,151,94,0.004027065145773636,0
105,151,95,0.009192782981890159,0
105,151,96,0.01293460624786012,0
105,151,97,0.007793734598601017,0
105,151,98,0.006405279754497471,0
105,151,99,0.01314100114829013,0
105,151,100,0.008920493872520498,0
105,151,101,0.001497819653370447,0
105,151,102,0.01110621766289024,0
105,151,103,0.00928677044887543,0
105,151,104,0.001170783855367845,0
105,151,105,0.008350811365817341,0
105,151,106,0.008540898584705419,0
105,151,107,0.001802675522430433,0
105,151,108,0.005746863535839499,0
105,151,109,0.007445577074076192,0
105,151,110,0.002466885912194215,0
105,151,111,0.003094022611171826,0
105,151,112,0.006490945844053964,0
105,151,113,0.003425701912263253,0
105,151,114,0.005227323176542745,0
105,151,115,0.004412241625939723,0
105,151,116,-0.002938874839370637,0
105,151,117,-0.005281217246434558,0
105,151,118,0.001727454069664077,0
105,151,119,-0.004116969805798085,0
105,151,120,-0.005784647756486614,0
105,151,121,0.001249895008659765,0
105,151,122,-0.00782556750051908,0
105,151,123,-0.001373246302714961,0
105,151,124,-0.007533220335865503,0
105,151,125,-0.004388197921354621,0
105,151,126,-0.007415166205782441,0
105,151,127,-0.00455139038745662,0
105,151,128,-0.006700766597066789,0
105,151,129,-0.004071481967944423,0
105,151,130,-0.004468108235487846,0
105,151,131,-0.002757993487491945,0
105,151,132,-0.001777154455613925,0
105,151,133,-0.0006076657937985694,0
105,151,134,0.001368082599937078,0
105,151,135,-0.6027293085836792,0
105,151,136,1,0
105,151,137,-0.9364970585964451,0
105,151,138,-0.7501165138373181,0
105,151,139,-0.661734303609307,0
105,151,140,-0.5311751347427858,0
105,151,141,-0.3921286429032691,0
105,151,142,-0.2793998120367428,0
105,151,143,-0.1648373634417341,0
105,151,144,0.4117400517492404,0
105,151,145,-0.6570213571379387,0
105,151,146,0.6335211930216419,0
105,151,147,0.4728878624020632,0
105,151,148,0.4029989083050819,0
105,151,149,0.349502741361048,0
105,151,150,0.277235877520747,0
105,151,151,0.181383556666459,0
105,151,152,0.08446057652743776,0
105,151,153,0.3308896666876437,0
105,151,154,-0.6563618095357161,0
105,151,155,0.6772899751531558,0
105,151,156,0.4873219880779081,0
105,151,157,0.4311499497148379,0
105,151,158,0.3482579631397408,0
105,151,159,0.2535391239035393,0
105,151,160,0.1801431729985704,0
105,151,161,0.1074118671418678,0
105,151,162,-0.5313984359375924,0
105,151,163,0.9889501587018451,0
105,151,164,-0.9800702794931515,0
105,151,165,-0.7506432232758865,0
105,151,166,-0.6220356092642332,0
105,151,167,-0.5339560072145284,0
105,151,168,-0.4320595938388858,0
105,151,169,-0.2806441273710937,0
105,151,170,-0.1212239620428004,0
106,150,0,0.0007030968572591205,0
106,150,1,-0.0008041860017634713,0
106,150,2,-0.002774267463584021,0
106,150,3,0.003519554694435478,0
106,150,4,0.003461048319954521,0
106,150,5,0.00366321246742935,0
106,150,6,-0.008331841156744011,0
106,150,7,-0.003141521644329191,0
106,150,8,-0.00348088474173588,0
106,150,9,0.008615289788282514,0
106,150,10,0.003966629814831483,0
106,150,11,0.0114606554493642,0
106,150,12,0.01130639011102367,0
106,150,13,0.006440133616720431,0
106,150,14,-0.0004334885636121939,0
106,150,15,-0.002852400731574496,0
106,150,16,-0.0009480179890615014,0
106,150,17,-0.01169125447495417,0
106,150,18,-0.008934734414006025,0
106,150,19,-0.003177472591761311,0
106,150,20,0.0001943801716516665,0
106,150,21,0.001946723501867231,0
106,150,22,0.004386212331988197,0
106,150,23,0.01740158431392635,0
106,150,24,0.01021219955749736,0
106,150,25,0.009310328340887691,0
106,150,26,0.01400189520347861,0
106,150,27,0.002368022072212003,0
106,150,28,-0.003683449738574175,0
106,150,29,-0.001294926486545675,0
106,150,30,-0.002642839166978825,0
106,150,31,-0.001084870273282092,0
106,150,32,9.082089563873165e-05,0
106,150,33,0.002305535869881883,0
106,150,34,0.002969675007919914,0
106,150,35,0.001440067859740139,0
106,150,36,0.0002142837776336376,0
106,150,37,-0.0005969828061981369,0
106,150,38,-0.004505039790072712,0
106,150,39,0.005713914907512302,0
106,150,40,0.008725659721162085,0
106,150,41,-0.004752879310422289,0
106,150,42,-0.00405959934400653,0
106,150,43,-0.001503049234022393,0
106,150,44,0.001919921306962231,0
106,150,45,-0.007742751363628462,0
106,150,46,-0.007545533748917107,0
106,150,47,0.004721820173363624,0
106,150,48,0.003388604971735385,0
106,150,49,0.001727215000982184,0
106,150,50,-0.001875009429853483,0
106,150,51,0.01172494051727931,0
106,150,52,0.01087601737356129,0
106,150,53,-0.007018562100016212,0
106,150,54,0.00526352090259241,0
106,150,55,0.007245166099191642,0
106,150,56,-0.003468791518009445,0
106,150,57,-0.001276925049047451,0
106,150,58,-0.002203354016126406,0
106,150,59,-0.0008805411949414092,0
106,150,60,0.002199513708281831,0
106,150,61,-0.002390399807635538,0
106,150,62,-0.002110276460165737,0
106,150,63,-0.00268563055783183,0
106,150,64,0.00872872813014642,0
106,150,65,0.003894366668985267,0
106,150,66,0.001898989313317353,0
106,150,67,-0.01127839269802542,0
106,150,68,0.0004413667565534848,0
106,150,69,-0.004971529477769222,0
106,150,70,-0.01289929447450721,0
106,150,71,-0.009769660195154128,0
106,150,72,-0.002534052161889529,0
106,150,73,0.004834914448773192,0
106,150,74,-0.003853895419453079,0
106,150,75,0.005062880801635732,0
106,150,76,0.0116320114078847,0
106,150,77,0.006888581004970411,0
106,150,78,0.002575627355822492,0
106,150,79,-0.003692982284647252,0
106,150,80,0.003264747173120034,0
106,150,81,-0.009015050462057564,0
106,150,82,-0.01457436941244881,0
106,150,83,-0.007221584126027531,0
106,150,84,-0.01023938188204388,0
106,150,85,-0.004641750163854316,0
106,150,86,0.001880552782936015,0
106,150,87,-0.000520642703000607,0
106,150,88,0.001954249288576228,0
106,150,89,0.002280117616636357,0
106,150,90,-0.001813317557897588,0
106,150,91,-0.00462277499261496,0
106,150,92,-0.005085463121799137,0
106,150,93,0.004328099255664662,0
106,150,94,0.001533552084519816,0
106,150,95,0.001377558704092722,0
106,150,96,-0.003713865005264281,0
106,150,97,-0.00545880035768089,0
106,150,98,-0.01179936377252652,0
106,150,99,-0.004395705403514749,0
106,150,100,-0.004420417311521596,0
106,150,101,-0.002106227678317988,0
106,150,102,0.001847360552460949,0
106,150,103,0.004329599493308877,0
106,150,104,0.01035501187337802,0
106,150,105,0.003889576236683719,0
106,150,106,0.003140663594366972,0
106,150,107,0.00215180930732254,0
106,150,108,-0.0008210974209839726,0
106,150,109,-0.008608993022228393,0
106,150,110,-0.0163205313855387,0
106,150,111,-0.003773051093824983,0
106,150,112,-0.0113908633141899,0
106,150,113,-0.01537110322946559,0
106,150,114,-0.0003438048362454566,0
106,150,115,0.002816640649529621,0
106,150,116,0.003324889018749478,0
106,150,117,0.003125069982864336,0
106,150,118,0.000828045335635181,0
106,150,119,-0.0003781607929829331,0
106,150,120,-0.005945537716197934,0
106,150,121,-0.00274698191755719,0
106,150,122,0.01005315094159953,0
106,150,123,-0.002449214032096319,0
106,150,124,0.01032614456043919,0
106,150,125,0.00612797329695326,0
106,150,126,-0.005144573293194447,0
106,150,127,0.005275842227909539,0
106,150,128,-0.01057837580065902,0
106,150,129,-0.004596282551203238,0
106,150,130,0.004126457318820519,0
106,150,131,-0.008091731515717975,0
106,150,132,0.01385959191654334,0
106,150,133,0.0002162886543142638,0
106,150,134,0.005104008175650364,0
106,150,135,0.197479267966056,0
106,150,136,-0.4913015168262235,0
106,150,137,0.6856452263358734,0
106,150,138,-0.6962177884463282,0
106,150,139,-0.7675861262593842,0
106,150,140,0.4764034563389024,0
106,150,141,0.8605385670066029,0
106,150,142,-0.2243495396616123,0
106,150,143,-0.9439958605047833,0
106,150,144,0.1497776610607079,0
106,150,145,-0.2695229435500542,0
106,150,146,0.4072129386517803,0
106,150,147,-0.4684911572348275,0
106,150,148,-0.4440599358889168,0
106,150,149,0.3239556808440996,0
106,150,150,0.4788598601805572,0
106,150,151,-0.1453125768386104,0
106,150,152,-0.4848644049315173,0
106,150,153,-0.1459058165715383,0
106,150,154,0.2456579396276214,0
106,150,155,-0.3550825790693208,0
106,150,156,0.3073165217274134,0
106,150,157,0.4621502142785023,0
106,150,158,-0.1924845114314145,0
106,150,159,-0.565238305568465,0
106,150,160,0.08089782023922644,0
106,150,161,0.644674640544055,0
106,150,162,-0.1554616288083759,0
106,150,163,0.4206195928369788,0
106,150,164,-0.6062273201759565,0
106,150,165,0.6348879987089714,0
106,150,166,0.7811727306048946,0
106,150,167,-0.4085046562318197,0
106,150,168,-0.9268589448386952,0
106,150,169,0.1646848839359445,0
106,150,170,1,0
107,149,0,-0.0001927004914798493,0
107,149,1,-0.0004391836795677604,0
107,149,2,-0.0008769149963983862,0
107,149,3,0.001868024012071253,0
107,149,4,0.001374938408741945,0
107,149,5,0.001490470700548235,0
107,149,6,-0.004196672147941939,0
107,149,7,-0.001819497176027952,0
107,149,8,-0.00211257695107805,0
107,149,9,0.01128774957539756,0
107,149,10,0.006356998144908558,0
107,149,11,0.01030441014956259,0
107,149,12,-0.001410509431484737,0
107,149,13,0.0008597816769285644,0
107,149,14,-0.007268209640783372,0
107,149,15,-0.01225392495667995,0
107,149,16,-0.006975170843428163,0
107,149,17,-0.005811925642902275,0
107,149,18,0.004851933175828439,0
107,149,19,0.0006599016167756929,0
107,149,20,0.009785271550625035,0
107,149,21,0.008368390162939566,0
107,149,22,0.003443831493014248,0
107,149,23,-0.002566118761056155,0
107,149,24,-0.008004596397419085,0
107,149,25,-0.004783475336570207,0
107,149,26,-0.01389504811762611,0
107,149,27,7.305168546172527e-05,0
107,149,28,0.007200021291432518,0
107,149,29,-0.0008331187499789796,0
107,149,30,-0.001077547890646345,0
107,149,31,-0.0005848604366649061,0
107,149,32,0.001554321880575281,0
107,149,33,0.001868223005293225,0
107,149,34,0.002331154225771405,0
107,149,35,-0.003248871730625187,0
107,149,36,-0.002840511320822557,0
107,149,37,-0.003866556863439778,0
107,149,38,0.007107991224295507,0
107,149,39,0.01153179513458108,0
107,149,40,0.01712029135811028,0
107,149,41,0.0003791123277992678,0
107,149,42,-0.003869726062134096,0
107,149,43,-0.01082904228285927,0
107,149,44,-0.007073538857365573,0
107,149,45,-0.007697729835454139,0
107,149,46,-0.008795922076544059,0
107,149,47,0.002020582130145994,0
107,149,48,0.007444240652990056,0
107,149,49,0.01614536882490181,0
107,149,50,0.004977660512471586,0
107,149,51,0.0003334139263535609,0
107,149,52,-0.002338344198691451,0
107,149,53,-0.003483780037338244,0
107,149,54,-0.01185892466518853,0
107,149,55,-0.01972479426069139,0
107,149,56,0.005841339245418923,0
107,149,57,0.01162071495720227,0
107,149,58,-0.001398508403562905,0
107,149,59,-0.001029272612613329,0
107,149,60,-0.0002879280718329807,0
107,149,61,0.001456323544611947,0
107,149,62,0.001843396912909204,0
107,149,63,0.002278943359755783,0
107,149,64,-0.001191565996041835,0
107,149,65,-0.002989790302337364,0
107,149,66,-0.004786380639062927,0
107,149,67,0.000356909220519745,0
107,149,68,0.01253253563515038,0
107,149,69,0.01788184059153827,0
107,149,70,0.001948649484613811,0
107,149,71,-0.006756407417291996,0
107,149,72,-0.01033237311409104,0
107,149,73,0.0002446527378930769,0
107,149,74,-0.005404189393133555,0
107,149,75,-0.008624019542001447,0
107,149,76,-0.001342534081310917,0
107,149,77,0.01175368080594826,0
107,149,78,0.01709312286591448,0
107,149,79,-9.544624391229937e-06,0
107,149,80,-0.00157346657524142,0
107,149,81,-0.0001050427220305819,0
107,149,82,0.001082006920981382,0
107,149,83,-0.01325386398990076,0
107,149,84,-0.01721739984449934,0
107,149,85,0.009377540575591512,0
107,149,86,0.01243621258831758,0
107,149,87,-0.001120010862104431,0
107,149,88,-0.0008288730770862879,0
107,149,89,-0.0003896169033150123,0
107,149,90,0.001181267275330819,0
107,149,91,0.001445231255271615,0
107,149,92,0.001445322150045083,0
107,149,93,0.001121593005106416,0
107,149,94,-0.002037091513650607,0
107,149,95,-0.003541105868723684,0
107,149,96,-0.007831700819909946,0
107,149,97,0.008267122114143282,0
107,149,98,0.01172461276450296,0
107,149,99,0.001800850270048417,0
107,149,100,-0.008150575046270269,0
107,149,101,-0.006539950858003418,0
107,149,102,0.007677369407991265,0
107,149,103,-0.001514702456796289,0
107,149,104,-0.005468767470172197,0
107,149,105,-0.00350619897222352,0
107,149,106,0.01206269529686075,0
107,149,107,0.01134223252860704,0
107,149,108,-0.005001533982269269,0
107,149,109,-0.002690230677170679,0
107,149,110,0.001001990585106932,0
107,149,111,0.004461179214781659,0
107,149,112,-0.01012362157391869,0
107,149,113,-0.009674125447328449,0
107,149,114,0.009330113183944111,0
107,149,115,0.008320903659152655,0
107,149,116,-0.0006954648715619271,0
107,149,117,-0.0006345716712922649,0
107,149,118,0.00020309595919399,0
107,149,119,0.000404473606779296,0
107,149,120,0.002664396030564439,0
107,149,121,4.477822203197027e-05,0
107,149,122,-0.01456435140594923,0
107,149,123,-0.0002390409405263754,0
107,149,124,0.0009997394895004928,0
107,149,125,-0.007092705735867538,0
107,149,126,0.01298537832032568,0
107,149,127,0.003118548294205609,0
107,149,128,-0.004443758635728475,0
107,149,129,0.007316506913754851,0
107,149,130,-0.008105453771307501,0
107,149,131,-0.003986646282967085,0
107,149,132,0.006562021035758131,0
107,149,133,-0.004232150869899069,0
107,149,134,0.005273800308406504,0
107,149,135,0.07903630213992011,0
107,149,136,-0.1933896183289977,0
107,149,137,0.2687967837031087,0
107,149,138,-0.5788110984011503,0
107,149,139,0.1026301817213493,0
107,149,140,0.5629778653983293,0
107,149,141,-0.4274686140672598,0
107,149,142,-0.3824823866643858,0
107,149,143,0.6683782659394794,0
107,149,144,0.1110577568392924,0
107,149,145,-0.2970778531660314,0
107,149,146,0.4922919164130145,0
107,149,147,-0.9465936980573273,0
107,149,148,0.1044029859425612,0
107,149,149,0.9043288527651864,0
107,149,150,-0.6124280985226421,0
107,149,151,-0.6100475390482879,0
107,149,152,0.9664400671423294,0
107,149,153,0.1341763963665242,0
107,149,154,-0.33939446209593,0
107,149,155,0.5565691777941059,0
107,149,156,-1,0
107,149,157,0.03396276021714739,0
107,149,158,0.9327937046427229,0
107,149,159,-0.5335507715492579,0
107,149,160,-0.6134974470029393,0
107,149,161,0.8900494986514172,0
107,149,162,0.1083563935388918,0
107,149,163,-0.2724825660649126,0
107,149,164,0.3729876055845871,0
107,149,165,-0.6716852384039758,0
107,149,166,-0.01421070584758612,0
107,149,167,0.6105746544022236,0
107,149,168,-0.2956200588370473,0
107,149,169,-0.3862785403483548,0
107,149,170,0.5315192898724063,0
108,148,0,-0.002361864270243804,0
108,148,1,-0.002402202860140338,0
108,148,2,-0.003943424192933894,0
108,148,3,-0.002429989511099309,0
108,148,4,-0.00213675636877197,0
108,148,5,-0.001109074279056699,0
108,148,6,-0.0009544531858001686,0
108,148,7,-0.001051751608641737,0
108,148,8,0.001030210243573752,0
108,148,9,0.0001712345885131495,0
108,148,10,5.540985125743653e-05,0
108,148,11,0.0009416277729559773,0
108,148,12,8.201764115069717e-05,0
108,148,13,9.082290746446213e-05,0
108,148,14,4.015282234188887e-05,0
108,148,15,-0.000230875796949157,0
108,148,16,-0.0001392013472238594,0
108,148,17,-0.0002306678852340739,0
108,148,18,-0.0002024852574302606,0
108,148,19,-0.0001701109339225463,0
108,148,20,-4.938380005024032e-05,0
108,148,21,0.0001717320309279695,0
108,148,22,5.579934558809213e-05,0
108,148,23,0.0001918235789264146,0
108,148,24,0.0003500984113678341,0
108,148,25,0.0002120797497225948,0
108,148,26,9.256357667409121e-05,0
108,148,27,3.309113526893001e-05,0
108,148,28,-0.0002416837809265598,0
108,148,29,0.006649654670802114,0
108,148,30,0.003537991981692868,0
108,148,31,0.007244510898262813,0
108,148,32,0.007537520060851766,0
108,148,33,0.005134456020128454,0
108,148,34,0.002281966020207367,0
108,148,35,0.003615022952008811,0
108,148,36,0.003974384527556684,0
108,148,37,-0.001510068547299206,0
108,148,38,0.0004713190182386465,0
108,148,39,0.001178832462053328,0
108,148,40,-0.001306767066469355,0
108,148,41,-7.055029724355693e-06,0
108,148,42,3.014487380082107e-05,0
108,148,43,-0.0004465154256384177,0
108,148,44,4.488415418409602e-07,0
108,148,45,-0.0001603387105567089,0
108,148,46,-0.0002159024333387961,0
108,148,47,1.852835681334452e-05,0
108,148,48,-4.032567053097907e-05,0
108,148,49,-5.132377948474294e-05,0
108,148,50,-3.335893758690122e-05,0
108,148,51,9.019666663094129e-05,0
108,148,52,9.365756410647148e-05,0
108,148,53,-6.090734790340611e-05,0
108,148,54,2.655531799676961e-05,0
108,148,55,6.19680458223764e-05,0
108,148,56,-0.0001404903536839225,0
108,148,57,-0.0001060729161429061,0
108,148,58,-0.008044090190458627,0
108,148,59,-0.002889420287571945,0
108,148,60,-0.00791556620004135,0
108,148,61,-0.009603273599058281,0
108,148,62,-0.005940184744036906,0
108,148,63,-0.002929187268897205,0
108,148,64,-0.00531444591588885,0
108,148,65,-0.005625550609115999,0
108,148,66,0.0009498012599644712,0
108,148,67,-0.001434473427966426,0
108,148,68,-0.0021087939111922,0
108,148,69,0.001284429040659016,0
108,148,70,-0.0003523029813773671,0
108,148,71,-0.0005248753981828274,0
108,148,72,0.0006731394171227601,0
108,148,73,0.0001868128525197509,0
108,148,74,-9.935685815591238e-06,0
108,148,75,0.0003599593920845153,0
108,148,76,0.0001991065591541974,0
108,148,77,0.0001096935471461947,0
108,148,78,1.977696831426585e-05,0
108,148,79,-0.0001355810705618125,0
108,148,80,-9.874008403016871e-06,0
108,148,81,-0.0001597494785241804,0
108,148,82,-0.0002879015892347462,0
108,148,83,-0.0001331286806876078,0
108,148,84,-4.150107078901386e-05,0
108,148,85,-6.137062625549052e-05,0
108,148,86,0.0001790047612978124,0
108,148,87,0.006160087112136636,0
108,148,88,0.0006589736395307446,0
108,148,89,0.004938196483347934,0
108,148,90,0.007644808863540106,0
108,148,91,0.004045549750959157,0
108,148,92,0.002201388745296364,0
108,148,93,0.004369883236045431,0
108,148,94,0.004455662086518366,0
108,148,95,-0.0001561560072006769,0
108,148,96,0.001140934132188198,0
108,148,97,0.001790102566248897,0
108,148,98,-0.0008564345492642371,0
108,148,99,0.0003918051781788741,0
108,148,100,0.0007030493567718689,0
108,148,101,-0.0001945992922934787,0
108,148,102,0.0002822625155045258,0
108,148,103,0.0004313451948836825,0
108,148,104,0.0001526939633871367,0
108,148,105,0.0001551138155701706,0
108,148,106,0.0001327109158581774,0
108,148,107,-7.839839511951613e-05,0
108,148,108,-6.019288508736427e-05,0
108,148,109,-0.0001313750103574088,0
108,148,110,-0.0002856947374052199,0
108,148,111,-0.0001446627933073239,0
108,148,112,-0.0001218984596505511,0
108,148,113,-9.909035534421029e-05,0
108,148,114,0.0001102657908389167,0
108,148,115,0.0002464743158418564,0
108,148,116,-0.002243298978444171,0
108,148,117,0.001480282859718986,0
108,148,118,-0.002690083123711763,0
108,148,119,-0.0005261690580457028,0
108,148,120,-0.001544990322640158,0
108,148,121,-0.001278275933971753,0
108,148,122,-0.0003276808567606903,0
108,148,123,-0.0008011349715882669,0
108,148,124,-9.998725700511175e-05,0
108,148,125,-0.000224405075358883,0
108,148,126,-0.0002191150279575399,0
108,148,127,-5.093800329816078e-05,0
108,148,128,-0.0001703959805136213,0
108,148,129,-0.0001519404413679917,0
108,148,130,5.164408466860181e-05,0
108,148,131,-0.0001441546214736837,0
108,148,132,0.0001485272229809518,0
108,148,133,2.187248636698416e-05,0
108,148,134,0.0001340883077385428,0
108,148,135,0.5271374272548428,0
108,148,136,0.5580442786416121,0
108,148,137,0.1490338546426764,0
108,148,138,-0.01125604732277581,0
108,148,139,-0.009510158188864522,0
108,148,140,0.01138450486893033,0
108,148,141,0.01209647101635247,0
108,148,142,-0.008500609952750444,0
108,148,143,-0.01903119531387373,0
108,148,144,-0.9100328711449093,0
108,148,145,-1,0
108,148,146,-0.3105743155543018,0
108,148,147,-0.03895252078910363,0
108,148,148,-0.004645260921212355,0
108,148,149,0.009228902811673205,0
108,148,150,0.00939895555382409,0
108,148,151,-0.00354284856780945,0
108,148,152,-0.011006817910345,0
108,148,153,0.8888864819311934,0
108,148,154,0.9972904515801879,0
108,148,155,0.3491628587095297,0
108,148,156,0.06008998993592563,0
108,148,157,0.01287656776333146,0
108,148,158,-0.006495515274924385,0
108,148,159,-0.005786740703739192,0
108,148,160,0.00591741570078501,0
108,148,161,0.00976117960071656,0
108,148,162,-0.4857217378272874,0
108,148,163,-0.5562371882916348,0
108,148,164,-0.2056895297622729,0
108,148,165,-0.01716265737019512,0
108,148,166,-0.004745034907748936,0
108,148,167,-0.0195059867695309,0
108,148,168,-0.01453467904914004,0
108,148,169,0.007612561529038766,0
108,148,170,0.0166888570655002,0
109,147,0,-0.001495201920311157,0
109,147,1,-0.005894091277832753,0
109,147,2,-0.0130461910033891,0
109,147,3,0.004639136437163286,0
109,147,4,0.003196064649066824,0
109,147,5,0.004152290185504151,0
109,147,6,0.004820888591715367,0
109,147,7,0.008110348028446936,0
109,147,8,0.00910534331180154,0
109,147,9,0.001900737920564959,0
109,147,10,0.003964577793104136,0
109,147,11,0.00423105271603758,0
109,147,12,5.962991672394776e-05,0
109,147,13,0.0005456341593698607,0
109,147,14,-0.0001186980696514236,0
109,147,15,-0.001254640260644296,0
109,147,16,-0.001695942537216683,0
109,147,17,-0.00278442240996604,0
109,147,18,-0.001128595097331848,0
109,147,19,-0.002756911537199522,0
109,147,20,-0.004282749930658124,0
109,147,21,0.0003754626644517076,0
109,147,22,-0.002449522549340786,0
109,147,23,-0.004917885861037492,0
109,147,24,0.001173430474725959,0
109,147,25,-0.001999028090543519,0
109,147,26,-0.005869206347330412,0
109,147,27,-0.002651284797264652,0
109,147,28,-0.007251253369706664,0
109,147,29,0.00482991032475031,0
109,147,30,-0.002021935426875043,0
109,147,31,0.007642997716172499,0
109,147,32,-0.00766874048559457,0
109,147,33,-0.002630431535762955,0
109,147,34,-0.003251212426777044,0
109,147,35,-0.009732670901747722,0
109,147,36,-0.004496516129077332,0
109,147,37,-0.004341339849354976,0
109,147,38,-0.004626203047526761,0
109,147,39,-0.001870650734796326,0
109,147,40,9.254291817072474e-05,0
109,147,41,-0.002039626474648792,0
109,147,42,-0.001540185095388425,0
109,147,43,0.001078248371972125,0
109,147,44,-0.000785644072991018,0
109,147,45,-0.002360890016952838,0
109,147,46,-0.0007848125249701344,0
109,147,47,-0.0001910193669453027,0
109,147,48,-0.003154563000511119,0
109,147,49,-0.00245323996720234,0
109,147,50,0.0004339116516719185,0
109,147,51,-0.003198706515894038,0
109,147,52,-0.002739879300550798,0
109,147,53,0.0006416486209574447,0
109,147,54,-0.003473001171211198,0
109,147,55,-0.003171198499886859,0
109,147,56,-0.004683790195564763,0
109,147,57,-0.004471661740128399,0
109,147,58,-6.063486069629818e-05,0
109,147,59,0.008155492527681375,0
109,147,60,0.009576202490783151,0
109,147,61,-0.001179846964728806,0
109,147,62,-0.001364136143717138,0
109,147,63,-0.001303721530980014,0
109,147,64,2.255739608620257e-05,0
109,147,65,-0.005132496166769644,0
109,147,66,-0.005151931335915153,0
109,147,67,0.001463317927044652,0
109,147,68,-0.0007458953083648742,0
109,147,69,-0.001764475809900415,0
109,147,70,0.002030419953917551,0
109,147,71,0.001940822648764997,0
109,147,72,0.0008337074315351891,0
109,147,73,0.002079478757719052,0
109,147,74,0.001765959767186526,0
109,147,75,0.001376221744805787,0
109,147,76,0.001405818733981538,0
109,147,77,0.0009360684771657084,0
109,147,78,0.001480800838611909,0
109,147,79,0.0005856084851222845,0
109,147,80,0.0008363627910088559,0
109,147,81,0.002919746326183563,0
109,147,82,0.0001097457967950946,0
109,147,83,0.0007713539158067804,0
109,147,84,0.004319175983797472,0
109,147,85,9.402583337795025e-05,0
109,147,86,0.004408482193621444,0
109,147,87,-0.004467270687234146,0
109,147,88,-0.002739424241659662,0
109,147,89,-0.01464433758444078,0
109,147,90,0.007183483609259974,0
109,147,91,0.003182322428863384,0
109,147,92,0.003240640029754813,0
109,147,93,0.009704705742260716,0
109,147,94,0.006725680956846469,0
109,147,95,0.005257683747631936,0
109,147,96,0.005128387644656658,0
109,147,97,0.003916460428612695,0
109,147,98,0.0008542650471329849,0
109,147,99,0.003248442238603386,0
109,147,100,0.003103908946893739,0
109,147,101,0.0002098661558750138,0
109,147,102,0.001948144072520653,0
109,147,103,0.002857903734670844,0
109,147,104,0.001070993511454867,0
109,147,105,0.0008625448208960334,0
109,147,106,0.002649617577733707,0
109,147,107,0.002200648300887879,0
109,147,108,-8.694709841856088e-05,0
109,147,109,0.003356201102802573,0
109,147,110,0.004230995657272786,0
109,147,111,-0.0004248847787458487,0
109,147,112,0.004308601765872787,0
109,147,113,0.006241316501225867,0
109,147,114,0.004811580551462007,0
109,147,115,0.007178575964669458,0
109,147,116,0.003592132614677545,0
109,147,117,-0.006319692323355835,0
109,147,118,-0.003969115205673214,0
109,147,119,-0.0007711723510225669,0
109,147,120,-0.005686828327814333,0
109,147,121,-0.001389598793920546,0
109,147,122,-0.003497881909365282,0
109,147,123,-0.001965418845193687,0
109,147,124,-0.002740637325939938,0
109,147,125,-0.001905852718071342,0
109,147,126,-0.002228442378443518,0
109,147,127,-0.001246365155947438,0
109,147,128,-0.001576399951956224,0
109,147,129,-0.0004037499520889275,0
109,147,130,-0.001164435607024959,0
109,147,131,0.0007562317023986036,0
109,147,132,-0.0007312338449662474,0
109,147,133,0.001886791260972547,0
109,147,134,0.002764008627563979,0
109,147,135,0.9358983119114062,0
109,147,136,-0.3515669900711392,0
109,147,137,-0.8307857497170309,0
109,147,138,-0.2818307450604691,0
109,147,139,-0.1110289802305394,0
109,147,140,-0.02141311728908332,0
109,147,141,0.00896567630454523,0
109,147,142,-0.02324545687710791,0
109,147,143,-0.04725821252623773,0
109,147,144,-0.604869046921122,0
109,147,145,0.2845356821062259,0
109,147,146,0.5355497223152413,0
109,147,147,0.1757210190343342,0
109,147,148,0.05535281452429019,0
109,147,149,0.03612431164451296,0
109,147,150,0.04109503756739706,0
109,147,151,-0.0003250148031918674,0
109,147,152,-0.03858041760378284,0
109,147,153,-0.6457663640053332,0
109,147,154,0.1976945025424317,0
109,147,155,0.5620411410863082,0
109,147,156,0.1989608907563854,0
109,147,157,0.0453409573655109,0
109,147,158,0.0007438695402499269,0
109,147,159,0.02542325893563102,0
109,147,160,0.02336142649128227,0
109,147,161,-0.004395408253103141,0
109,147,162,1,0
109,147,163,-0.4312804807506708,0
109,147,164,-0.7430704435300068,0
109,147,165,-0.2361115132975573,0
109,147,166,-0.1299114639076197,0
109,147,167,-0.08205612901169523,0
109,147,168,-0.01785459624419058,0
109,147,169,0.01722667926693472,0
109,147,170,0.01163683072323343,0
110,146,0,-0.000808930684329928,0
110,146,1,0.003036591273502981,0
110,146,2,0.009424093789926482,0
110,146,3,-0.007556119268256605,0
110,146,4,-0.007739627585224063,0
110,146,5,-0.009904859394693127,0
110,146,6,0.01230515736219985,0
110,146,7,0.003385153488189891,0
110,146,8,0.004339429636596582,0
110,146,9,0.008595027519233073,0
110,146,10,0.006607596313710557,0
110,146,11,-0.001601069585467883,0
110,146,12,-0.006360696886766218,0
110,146,13,-0.003245411329504748,0
110,146,14,-0.01102034424377502,0
110,146,15,-0.01490682341186361,0
110,146,16,-0.01012025627699022,0
110,146,17,-0.007594114660038668,0
110,146,18,-0.006285723720628615,0
110,146,19,-0.006386608658506082,0
110,146,20,0.003156036205027139,0
110,146,21,0.009703049918942826,0
110,146,22,0.003323505232715348,0
110,146,23,0.007059510466786195,0
110,146,24,0.01404914683588615,0
110,146,25,0.007221655745635354,0
110,146,26,-0.001549339470146712,0
110,146,27,-0.0007211986762215816,0
110,146,28,-0.0144838647208535,0
110,146,29,-0.0003992639024434876,0
110,146,30,0.005477501252463274,0
110,146,31,0.001780091125535297,0
110,146,32,0.00303360311950815,0
110,146,33,-0.005491708519570328,0
110,146,34,-0.007723569073126744,0
110,146,35,-0.001599718118398348,0
110,146,36,0.0007467586619261281,0
110,146,37,0.001741336565341723,0
110,146,38,-0.001904196856406831,0
110,146,39,-0.002252398384749495,0
110,146,40,-0.00253149617310637,0
110,146,41,0.001802076533677844,0
110,146,42,-0.005986592517550889,0
110,146,43,-0.005976653438136386,0
110,146,44,0.004187201267331207,0
110,146,45,-0.002313066832283905,0
110,146,46,-0.003762107606134814,0
110,146,47,0.002173965753053103,0
110,146,48,0.003218505121443802,0
110,146,49,0.001252643805769346,0
110,146,50,-0.001829831756323417,0
110,146,51,0.003188895169764387,0
110,146,52,0.002719081155568135,0
110,146,53,-0.003261483215225274,0
110,146,54,-0.003034103901421607,0
110,146,55,-0.001472052876812557,0
110,146,56,-0.0091956120600147,0
110,146,57,-0.007316993485765662,0
110,146,58,0.001193017546781064,0
110,146,59,-0.0004773948659163924,0
110,146,60,-0.005861294507181986,0
110,146,61,0.00890892268801593,0
110,146,62,0.003664664585460143,0
110,146,63,0.005744322979927463,0
110,146,64,-0.01421677106608567,0
110,146,65,-0.003791740828560559,0
110,146,66,-0.002475687613100774,0
110,146,67,-0.008948266380597576,0
110,146,68,-0.008247346882139012,0
110,146,69,0.0008275340557719249,0
110,146,70,0.006594546292797522,0
110,146,71,0.0003473718327454115,0
110,146,72,0.008259810182241839,0
110,146,73,0.01506080177713795,0
110,146,74,0.008183517477245118,0
110,146,75,0.005965616293187249,0
110,146,76,0.006269079724635308,0
110,146,77,0.006439573908966796,0
110,146,78,-0.002862816732309945,0
110,146,79,-0.00923847411397318,0
110,146,80,-0.002419118407918819,0
110,146,81,-0.006324905377789236,0
110,146,82,-0.01316507975701359,0
110,146,83,-0.007693026937304395,0
110,146,84,0.0005787356939660428,0
110,146,85,-0.002916901772347003,0
110,146,86,0.01049887320428586,0
110,146,87,0.0001199432524238717,0
110,146,88,-0.004036651846225654,0
110,146,89,-0.003781707310222264,0
110,146,90,0.002918543625828814,0
110,146,91,0.008729433106690625,0
110,146,92,0.01256289593470545,0
110,146,93,-0.008545857550458039,0
110,146,94,-0.003216103345078326,0
110,146,95,-0.003630800728568549,0
110,146,96,-0.005124695597245922,0
110,146,97,-0.003283888617299044,0
110,146,98,0.003392589719646216,0
110,146,99,0.00278024756216584,0
110,146,100,0.007269273939363733,0
110,146,101,0.01350050808342398,0
110,146,102,0.006877263296860902,0
110,146,103,0.009079850063074367,0
110,146,104,0.009032313438458861,0
110,146,105,0.002423808182273396,0
110,146,106,0.000835005249753931,0
110,146,107,-0.004339083104014147,0
110,146,108,-0.005107206832121128,0
110,146,109,-0.006340722213987128,0
110,146,110,-0.009171175417099504,0
110,146,111,-0.006552546493803909,0
110,146,112,-0.002954458279598812,0
110,146,113,0.001329843034615416,0
110,146,114,0.007875512491530096,0
110,146,115,0.01566548445961529,0
110,146,116,-0.001710999301984418,0
110,146,117,-0.003230487980507301,0
110,146,118,-0.005637254729745194,0
110,146,119,0.001847953433744835,0
110,146,120,0.01069176361308083,0
110,146,121,0.002974049279305,0
110,146,122,0.005802652741129196,0
110,146,123,0.006299185544447999,0
110,146,124,-0.00480563092711501,0
110,146,125,0.005038570479563229,0
110,146,126,-0.009812998129184371,0
110,146,127,-0.001275454093018371,0
110,146,128,-0.003819695167577403,0
110,146,129,-0.005679004404566004,0
110,146,130,0.005801483479367084,0
110,146,131,-0.002580250931601753,0
110,146,132,0.007918077428539248,0
110,146,133,0.004873735742934343,0
110,146,134,0.008368231200020461,0
110,146,135,-0.7282800782666552,0
110,146,136,1,0
110,146,137,-0.6655531107144479,0
110,146,138,-0.5055640851344051,0
110,146,139,0.2968655800459775,0
110,146,140,0.7435474385708453,0
110,146,141,0.2975405865583043,0
110,146,142,-0.5118341002143566,0
110,146,143,-0.7210785961139964,0
110,146,144,-0.3293485163354665,0
110,146,145,0.5935804810806629,0
110,146,146,-0.4610700279121523,0
110,146,147,-0.308973740721822,0
110,146,148,0.1671179634170235,0
110,146,149,0.4268587064084301,0
110,146,150,0.170799761201777,0
110,146,151,-0.2943399831563648,0
110,146,152,-0.4128288919427324,0
110,146,153,0.4111928039327011,0
110,146,154,-0.5929483631589969,0
110,146,155,0.3697594537725364,0
110,146,156,0.2973698766617574,0
110,146,157,-0.1757942690259116,0
110,146,158,-0.4445576773541743,0
110,146,159,-0.1727771581891047,0
110,146,160,0.3081516452390194,0
110,146,161,0.4164496745868503,0
110,146,162,0.562769337803887,0
110,146,163,-0.9685920274034105,0
110,146,164,0.7836774797076144,0
110,146,165,0.5498962076184077,0
110,146,166,-0.2842545368172706,0
110,146,167,-0.7458395166994953,0
110,146,168,-0.290148921104655,0
110,146,169,0.5196696352463017,0
110,146,170,0.7041250892765045,0
111,145,0,-0.003381381712766744,0
111,145,1,-0.002139648085437226,0
111,145,2,-0.002334149392787701,0
111,145,3,0.008511973747357489,0
111,145,4,0.004462458605647099,0
111,145,5,0.006330070525470055,0
111,145,6,-0.01206609068542633,0
111,145,7,-0.004700535018298512,0
111,145,8,-0.00818323121767265,0
111,145,9,0.005610754010986647,0
111,145,10,0.002030950592024714,0
111,145,11,0.01090386842433583,0
111,145,12,0.01408916883208136,0
111,145,13,0.01060762882623266,0
111,145,14,0.009986948167475838,0
111,145,15,-0.005745613723582726,0
111,145,16,-0.00103117002437177,0
111,145,17,-0.009872702505706248,0
111,145,18,-0.01812435650972455,0
111,145,19,-0.01285491571439039,0
111,145,20,-0.0113210737843974,0
111,145,21,0.003675843437714301,0
111,145,22,-0.002250677295406354,0
111,145,23,0.007618820605618784,0
111,145,24,0.02226703462592968,0
111,145,25,0.01357396734479338,0
111,145,26,0.01102544892058841,0
111,145,27,0.005478883131971252,0
111,145,28,-0.007382111416866931,0
111,145,29,-0.002887031395585799,0
111,145,30,-0.003426995768277746,0
111,145,31,-0.004063073144002435,0
111,145,32,0.005006782626084431,0
111,145,33,0.007221056750623949,0
111,145,34,0.01072700233791393,0
111,145,35,-0.00699632746267733,0
111,145,36,-0.007560899763031342,0
111,145,37,-0.01127192315319467,0
111,145,38,0.003610407547702936,0
111,145,39,0.009938639145446937,0
111,145,40,0.01935613650783598,0
111,145,41,0.008093424531670466,0
111,145,42,0.01403384266582333,0
111,145,43,0.0166697288718274,0
111,145,44,-0.003973358991286608,0
111,145,45,-0.007629951456277582,0
111,145,46,-0.01470020354407736,0
111,145,47,-0.01113725428863806,0
111,145,48,-0.01606632257812466,0
111,145,49,-0.0169675047847113,0
111,145,50,0.002333545737859553,0
111,145,51,0.003726578158392993,0
111,145,52,0.01190760386829993,0
111,145,53,0.01357613802619149,0
111,145,54,0.01576702366273605,0
111,145,55,0.01610919087190221,0
111,145,56,-0.001998378997571988,0
111,145,57,-0.0124919515827472,0
111,145,58,-2.952422883114341e-05,0
111,145,59,-0.002897505781323102,0
111,145,60,-0.003914670949910671,0
111,145,61,-0.0002189781918374619,0
111,145,62,0.007192735823420932,0
111,145,63,0.01003475162399806,0
111,145,64,0.0005714509014046311,0
111,145,65,-0.007554858252305795,0
111,145,66,-0.01194418092060414,0
111,145,67,-0.0002264245529247606,0
111,145,68,0.01456769151432381,0
111,145,69,0.02001388607908712,0
111,145,70,-0.0004622348505920656,0
111,145,71,0.01264671556697078,0
111,145,72,0.01760630982634009,0
111,145,73,-0.0005763043985957857,0
111,145,74,-0.0104245857223695,0
111,145,75,-0.01361533530150156,0
111,145,76,-0.0008311747694191655,0
111,145,77,-0.01273909997025064,0
111,145,78,-0.01590404729586674,0
111,145,79,6.301297430367688e-05,0
111,145,80,0.00797068981478369,0
111,145,81,0.01208996851244496,0
111,145,82,0.001264577074033995,0
111,145,83,0.01173241083682426,0
111,145,84,0.01498996678412117,0
111,145,85,-0.008771692260865176,0
111,145,86,-0.01378075503841622,0
111,145,87,0.003956225939694118,0
111,145,88,-0.0002678631004614227,0
111,145,89,-0.001568698940606833,0
111,145,90,-0.006213473842264861,0
111,145,91,0.004139652018640701,0
111,145,92,0.005626582367105746,0
111,145,93,0.007611231037550252,0
111,145,94,-0.006557717507132038,0
111,145,95,-0.009056190886117222,0
111,145,96,-0.003735505091203063,0
111,145,97,0.01301068861837583,0
111,145,98,0.01230860619731208,0
111,145,99,-0.008528811201579939,0
111,145,100,0.006654973527869472,0
111,145,101,0.01141791024359675,0
111,145,102,0.003260677162871491,0
111,145,103,-0.009269253255071901,0
111,145,104,-0.00818099821268967,0
111,145,105,0.009832077640317472,0
111,145,106,-0.004593269631254056,0
111,145,107,-0.009426512654924437,0
111,145,108,-0.002010174947180241,0
111,145,109,0.009610437645697689,0
111,145,110,0.007988963907388451,0
111,145,111,-0.01100564422204547,0
111,145,112,0.003861792003062562,0
111,145,113,0.008987450428729196,0
111,145,114,-0.01219381507896362,0
111,145,115,-0.009447725950361448,0
111,145,116,0.006389634758161063,0
111,145,117,0.002372113582319864,0
111,145,118,-0.01105730458323382,0
111,145,119,-0.0001117391146550077,0
111,145,120,0.01259502967545761,0
111,145,121,-0.002366394641733658,0
111,145,122,-0.005545300710481725,0
111,145,123,0.006433010265573352,0
111,145,124,-0.01365996293612505,0
111,145,125,-0.002498658808228086,0
111,145,126,0.006373310372828846,0
111,145,127,-0.005004205994135398,0
111,145,128,0.01746177266621993,0
111,145,129,0.005195038025275601,0
111,145,130,-0.003479715841000391,0
111,145,131,0.007555587184859017,0
111,145,132,-0.01944242724396492,0
111,145,133,-0.005088471771032185,0
111,145,134,-0.01024822921568354,0
111,145,135,0.3205271075645715,0
111,145,136,-0.6615248127245607,0
111,145,137,0.5880041988222221,0
111,145,138,-0.05088895555827921,0
111,145,139,-0.5806939515012245,0
111,145,140,0.02140062360219035,0
111,145,141,0.5840933722414847,0
111,145,142,0.02752061881583604,0
111,145,143,-0.5813046936583544,0
111,145,144,0.6274627661983337,0
111,145,145,-0.9866756097067253,0
111,145,146,0.8800526156349525,0
111,145,147,-0.1071028502769786,0
111,145,148,-0.9150210591856562,0
111,145,149,0.03306896932720604,0
111,145,150,0.9054982669949024,0
111,145,151,0.0261492805931813,0
111,145,152,-0.9145364436247433,0
111,145,153,0.6292439449698612,0
111,145,154,-1,0
111,145,155,0.8820143560262861,0
111,145,156,-0.09480806173675962,0
111,145,157,-0.8978590220263272,0
111,145,158,0.0375121047695587,0
111,145,159,0.8921269516254209,0
111,145,160,0.007646630750973428,0
111,145,161,-0.9237779783480125,0
111,145,162,0.3263066855597773,0
111,145,163,-0.6819431210558634,0
111,145,164,0.5944495027362454,0
111,145,165,-0.03314171307787347,0
111,145,166,-0.5505165210325694,0
111,145,167,0.03195168454744848,0
111,145,168,0.5614948465306685,0
111,145,169,-0.006326229260771307,0
111,145,170,-0.5931336688604852,0
112,144,0,0.00390131582918197,0
112,144,1,0.003077915699096314,0
112,144,2,0.005498018796112931,0
112,144,3,-0.004806779345315029,0
112,144,4,-0.002846084465583007,0
112,144,5,-0.007008095289319343,0
112,144,6,-0.000329585458604365,0
112,144,7,-0.001896328432057068,0
112,144,8,0.0003375246882681772,0
112,144,9,0.01732470185975922,0
112,144,10,0.01039635219896095,0
112,144,11,0.01297687577833015,0
112,144,12,0.023081286435244,0
112,144,13,0.01534030596285871,0
112,144,14,0.004770183937444082,0
112,144,15,0.01305121998577726,0
112,144,16,0.01001707165264069,0
112,144,17,-0.006779297994187541,0
112,144,18,-0.005723389735443041,0
112,144,19,-0.0006786954008494477,0
112,144,20,-0.01070060739108909,0
112,144,21,-0.019105128851923,0
112,144,22,-0.00777331088531811,0
112,144,23,-0.001365975383559862,0
112,144,24,-0.01707289565690295,0
112,144,25,-0.005117352196243505,0
112,144,26,0.0161528165350631,0
112,144,27,0.006987019998722239,0
112,144,28,0.03185858230510359,0
112,144,29,-0.002732136460422198,0
112,144,30,0.00187265342569788,0
112,144,31,0.002151680122810133,0
112,144,32,0.002698644165037587,0
112,144,33,-0.003729222754346302,0
112,144,34,-0.004936778803982121,0
112,144,35,0.0005620732343647838,0
112,144,36,0.001190390440741221,0
112,144,37,0.0008942738653357059,0
112,144,38,-0.007252109997730693,0
112,144,39,0.004855705625833049,0
112,144,40,0.007658146593214485,0
112,144,41,-0.009935706149893229,0
112,144,42,-0.003158900110791824,0
112,144,43,0.002542993090637148,0
112,144,44,-0.005941492595734062,0
112,144,45,-0.008947724035762513,0
112,144,46,-0.003867792303149068,0
112,144,47,0.001572586587038336,0
112,144,48,-0.006914431818005798,0
112,144,49,-0.005680527264495805,0
112,144,50,0.006922521036533387,0
112,144,51,0.00306066873040631,0
112,144,52,-0.0002110140574448422,0
112,144,53,0.006506398273527768,0
112,144,54,0.01502449582929306,0
112,144,55,0.009668239590342473,0
112,144,56,0.02196858738161335,0
112,144,57,0.01841254464267243,0
112,144,58,-0.005968684396262624,0
112,144,59,-0.002376485433911339,0
112,144,60,-0.003023757002027787,0
112,144,61,0.006825483506450738,0
112,144,62,-0.0003311158525374823,0
112,144,63,0.002990918352748104,0
112,144,64,0.0003760839232722752,0
112,144,65,0.003000431467630416,0
112,144,66,0.0002612844555601014,0
112,144,67,-0.02075383450924054,0
112,144,68,-0.007137256336072762,0
112,144,69,-0.007686505860032708,0
112,144,70,-0.02721980557600668,0
112,144,71,-0.01653121705698075,0
112,144,72,-0.00344833006630532,0
112,144,73,-0.01501256426326184,0
112,144,74,-0.01427403051029709,0
112,144,75,0.003859873102542202,0
112,144,76,0.006629081355733999,0
112,144,77,-0.002679304181069353,0
112,144,78,0.006808146252896171,0
112,144,79,0.02125783198078888,0
112,144,80,0.009131885904648722,0
112,144,81,0.0009738511879315105,0
112,144,82,0.01862202725447703,0
112,144,83,0.01267504737719013,0
112,144,84,-0.01011454224097851,0
112,144,85,0.005596323393503465,0
112,144,86,-0.01931969258093365,0
112,144,87,-0.001503674893208183,0
112,144,88,-0.002296486507413336,0
112,144,89,-0.0028863221921672,0
112,144,90,0.002079822642449706,0
112,144,91,0.00331220954174252,0
112,144,92,0.007294654321715138,0
112,144,93,-0.0001457587750983061,0
112,144,94,0.0008628762733703624,0
112,144,95,-0.0007196418462022868,0
112,144,96,-0.007825888277217793,0
112,144,97,-0.01029957166942528,0
112,144,98,-0.01381827051338919,0
112,144,99,-0.009759068302597386,0
112,144,100,-0.009183849441712544,0
112,144,101,-0.005453554607232857,0
112,144,102,-0.004688587267961247,0
112,144,103,-0.001181301177617642,0
112,144,104,0.007017841827391885,0
112,144,105,0.003665350828109137,0
112,144,106,0.005817421921892531,0
112,144,107,0.0117766231590154,0
112,144,108,0.008947245993498878,0
112,144,109,0.004348878938458208,0
112,144,110,0.002166788934835801,0
112,144,111,0.007285452802254214,0
112,144,112,-0.005574337341673552,0
112,144,113,-0.01616844677113071,0
112,144,114,-0.01767117663264579,0
112,144,115,-0.03124897132449756,0
112,144,116,0.005978394237719625,0
112,144,117,0.00141034321490967,0
112,144,118,-0.006408903042992593,0
112,144,119,0.002017737493984985,0
112,144,120,-0.0004061699177808327,0
112,144,121,-0.002367049800949968,0
112,144,122,0.01750418874951868,0
112,144,123,0.001268957323624902,0
112,144,124,0.02253997053998583,0
112,144,125,0.01151424194305879,0
112,144,126,0.01221412399164395,0
112,144,127,0.01404674837278109,0
112,144,128,-0.005528970926993526,0
112,144,129,0.006368254052464919,0
112,144,130,-0.01721758673531846,0
112,144,131,-0.006967384566862333,0
112,144,132,-0.01472918411935925,0
112,144,133,-0.01692249923755484,0
112,144,134,-0.01702463096790848,0
112,144,135,-0.6505720010664721,0
112,144,136,0.5278808866922311,0
112,144,137,0.1410809509266401,0
112,144,138,-0.7294987550880058,0
112,144,139,-0.9916582213606575,0
112,144,140,-0.4998337196247517,0
112,144,141,0.3758069918686117,0
112,144,142,0.9662069616210596,0
112,144,143,0.830782562796066,0
112,144,144,-0.3704737162644025,0
112,144,145,0.3465129300454458,0
112,144,146,0.08028939056746059,0
112,144,147,-0.4308596751524872,0
112,144,148,-0.5760342024558996,0
112,144,149,-0.2875739393938163,0
112,144,150,0.2182555082558218,0
112,144,151,0.5618323554504693,0
112,144,152,0.4823260033268806,0
112,144,153,0.3621984001819099,0
112,144,154,-0.2809893457879293,0
112,144,155,-0.08743682159760913,0
112,144,156,0.4197973574141259,0
112,144,157,0.5891641776398356,0
112,144,158,0.2972830608918934,0
112,144,159,-0.2295294931052339,0
112,144,160,-0.5712731586530827,0
112,144,161,-0.4731912330038799,0
112,144,162,0.5983162612263133,0
112,144,163,-0.5688597551615094,0
112,144,164,-0.1559281637439562,0
112,144,165,0.7307031733457416,0
112,144,166,1,0
112,144,167,0.4998829016502439,0
112,144,168,-0.389342489619518,0
112,144,169,-0.9705932498441495,0
112,144,170,-0.8084578475774952,0
113,143,0,-0.01131818446941287,0
113,143,1,0.0009388679103919678,0
113,143,2,0.006912144225056308,0
113,143,3,-0.01271956312175867,0
113,143,4,-0.00559492573509877,0
113,143,5,0.006607765591655962,0
113,143,6,-0.005645063394205306,0
113,143,7,-0.007221262822559959,0
113,143,8,0.001977693753447027,0
113,143,9,-0.0001211864040667971,0
113,143,10,-0.001846686356008498,0
113,143,11,0.0005047868076270359,0
113,143,12,0.0007913521860556857,0
113,143,13,0.0005714239743470774,0
113,143,14,0.0006754332128006494,0
113,143,15,0.0007841573112652609,0
113,143,16,0.001594062213695398,0
113,143,17,0.002169652197322775,0
113,143,18,0.0004145896906822317,0
113,143,19,0.002247561882268226,0
113,143,20,0.003954881234208208,0
113,143,21,-2.998067358354398e-06,0
113,143,22,0.002729214437765587,0
113,143,23,0.005801797053295976,0
113,143,24,-8.750079202220918e-05,0
113,143,25,0.003180683143159904,0
113,143,26,0.007390916128435981,0
113,143,27,0.003549012079115042,0
113,143,28,0.008355069563424923,0
113,143,29,0.01395708558878639,0
113,143,30,0.007322687090096312,0
113,143,31,-0.003743298405539761,0
113,143,32,0.02053822142458488,0
113,143,33,0.01429933725280121,0
113,143,34,-0.003796725191068403,0
113,143,35,0.01400312041265606,0
113,143,36,0.0123575450458845,0
113,143,37,-0.003993890894612342,0
113,143,38,0.003326896143677992,0
113,143,39,0.003671877907391412,0
113,143,40,-0.004045938649069881,0
113,143,41,0.0004587911175369063,0
113,143,42,0.0008401833103822727,0
113,143,43,-0.001397251498605284,0
113,143,44,-0.0001125588813606381,0
113,143,45,0.001268629960875277,0
113,143,46,0.0005985699454791278,0
113,143,47,-0.0002003060342902106,0
113,143,48,0.002453103236407683,0
113,143,49,0.002085189183495816,0
113,143,50,-0.0004143851051635263,0
113,143,51,0.003626514628798,0
113,143,52,0.003315474887774998,0
113,143,53,-0.0003844502425669531,0
113,143,54,0.004686150376703022,0
113,143,55,0.004411572092591101,0
113,143,56,0.005641486190320794,0
113,143,57,0.005265629315180151,0
113,143,58,0.001667479436355229,0
113,143,59,-0.004720350820843378,0
113,143,60,-0.002939480900342499,0
113,143,61,0.002090948030522415,0
113,143,62,-0.002562457890275113,0
113,143,63,-0.003077697808792005,0
113,143,64,-0.001972634708091188,0
113,143,65,-0.001940173101215265,0
113,143,66,-0.001756327361050357,0
113,143,67,-0.003150585033995535,0
113,143,68,-0.003209619567429469,0
113,143,69,-0.0006107020895998905,0
113,143,70,-0.002615075292228703,0
113,143,71,-0.002591964986340902,0
113,143,72,0.0001293191851134418,0
113,143,73,-0.001357970113004903,0
113,143,74,-0.001631278899438167,0
113,143,75,-0.0008710487269654679,0
113,143,76,-0.0005299622691392873,0
113,143,77,-0.000871522052877107,0
113,143,78,-0.002277435937121335,0
113,143,79,-0.0005883394965068993,0
113,143,80,-0.0007198809120989865,0
113,143,81,-0.003737750602709435,0
113,143,82,-0.0006012367023603991,0
113,143,83,-0.0006986084447986786,0
113,143,84,-0.004741898393112094,0
113,143,85,-0.0001785275707215193,0
113,143,86,-0.005069315977721107,0
113,143,87,-0.01459743817675487,0
113,143,88,-0.004486428469812978,0
113,143,89,0.003242676093334918,0
113,143,90,-0.01866641356644271,0
113,143,91,-0.009961289730473215,0
113,143,92,0.007128617407244802,0
113,143,93,-0.01439468979055602,0
113,143,94,-0.01089750195778054,0
113,143,95,0.005824999830980654,0
113,143,96,-0.005387987302575643,0
113,143,97,-0.004356481396129015,0
113,143,98,0.005661284299582752,0
113,143,99,-0.002482229909941032,0
113,143,100,-0.001674828281399018,0
113,143,101,0.002526911553577035,0
113,143,102,-0.0002912908870338645,0
113,143,103,-0.001574955812894182,0
113,143,104,-0.0003565554090337559,0
113,143,105,0.0005530264852140089,0
113,143,106,-0.002243180392733092,0
113,143,107,-0.003125942055570213,0
113,143,108,-5.370471947682765e-05,0
113,143,109,-0.00385361284413811,0
113,143,110,-0.005610791780341298,0
113,143,111,-0.0005707525321785592,0
113,143,112,-0.005484021439531836,0
113,143,113,-0.007444556927212466,0
113,143,114,-0.005974871756134656,0
113,143,115,-0.008419289923498907,0
113,143,116,0.006346276337744521,0
113,143,117,0.005281057899410688,0
113,143,118,0.009859732470373472,0
113,143,119,0.009719448245075854,0
113,143,120,0.009444575585034583,0
113,143,121,0.01019036140416315,0
113,143,122,0.00330831667481818,0
113,143,123,0.006068437994967438,0
113,143,124,0.001942596891894733,0
113,143,125,0.002747763448842993,0
113,143,126,0.002289906417717708,0
113,143,127,0.001405901786501609,0
113,143,128,0.001961801130464253,0
113,143,129,0.0003423550222277317,0
113,143,130,0.0004178235350669012,0
113,143,131,-0.001404467244857652,0
113,143,132,-0.0006452861645875215,0
113,143,133,-0.00320397120542194,0
113,143,134,-0.003808907058871728,0
113,143,135,0.8343080147937376,0
113,143,136,1,0
113,143,137,0.4943451863683562,0
113,143,138,0.08509787959853228,0
113,143,139,0.01793079908654971,0
113,143,140,0.01576267696236586,0
113,143,141,0.02346386916731053,0
113,143,142,0.0233247478701904,0
113,143,143,0.01422883879145365,0
113,143,144,-0.4912218612635944,0
113,143,145,-0.6830340405378266,0
113,143,146,-0.3534470852882162,0
113,143,147,-0.08686256145116172,0
113,143,148,-0.02602168712646713,0
113,143,149,0.0004973380628153555,0
113,143,150,0.01266073288754852,0
113,143,151,0.01224166936096204,0
113,143,152,0.006154214927875253,0
113,143,153,-0.5058973599998809,0
113,143,154,-0.6927798517481838,0
113,143,155,-0.3206804548652539,0
113,143,156,-0.05897845866904646,0
113,143,157,-0.01496766569665697,0
113,143,158,-0.006981665576879818,0
113,143,159,-0.01044268567574438,0
113,143,160,-0.01515690779810094,0
113,143,161,-0.01236366474323294,0
113,143,162,0.8339500327132617,0
113,143,163,0.9602619433730414,0
113,143,164,0.5227907951634094,0
113,143,165,0.1294354758776927,0
113,143,166,0.03808590031901425,0
113,143,167,0.003220582746102177,0
113,143,168,-0.01593397165543202,0
113,143,169,-0.02345390087984018,0
113,143,170,-0.01748427917179433,0
114,142,0,-0.01718784242057855,0
114,142,1,-0.007545551435617188,0
114,142,2,-0.0006507256768105153,0
114,142,3,0.01894466102878075,0
114,142,4,0.00215083395490024,0
114,142,5,0.005817965078468675,0
114,142,6,-0.005347271743310761,0
114,142,7,0.004709827104585372,0
114,142,8,-0.004270754039479984,0
114,142,9,-0.03280328899463349,0
114,142,10,-0.0188603513077774,0
114,142,11,-0.01368639181375924,0
114,142,12,-0.008453253279670097,0
114,142,13,-0.01203790957064875,0
114,142,14,0.007784801188685546,0
114,142,15,0.03277989182641672,0
114,142,16,0.01604515168270332,0
114,142,17,0.01896766591714519,0
114,142,18,0.02820661723413339,0
114,142,19,0.02558371342769755,0
114,142,20,0.007573094770497888,0
114,142,21,-0.01862426261681064,0
114,142,22,0.002135064217559512,0
114,142,23,-0.005845985009493706,0
114,142,24,-0.03940116752320618,0
114,142,25,-0.02028804401456078,0
114,142,26,0.0009410941142769708,0
114,142,27,-0.00649539592153241,0
114,142,28,0.02071527979983275,0
114,142,29,-0.007728015696716583,0
114,142,30,-0.003890634437611882,0
114,142,31,-0.004322774360852598,0
114,142,32,0.01075950327680316,0
114,142,33,0.005439767086004054,0
114,142,34,0.009553741921115079,0
114,142,35,-0.004675042169924326,0
114,142,36,7.903233863964913e-05,0
114,142,37,-0.004875279382066504,0
114,142,38,-0.02153011251426606,0
114,142,39,-0.02184588105015125,0
114,142,40,-0.0199304913631926,0
114,142,41,-0.007701411246217587,0
114,142,42,-0.004367203908820098,0
114,142,43,0.01071436203220224,0
114,142,44,0.01826669490476465,0
114,142,45,0.01979309375402646,0
114,142,46,0.02517586254774834,0
114,142,47,0.01685608242497191,0
114,142,48,0.01845382092371908,0
114,142,49,0.005219275527424078,0
114,142,50,-0.01184894171331051,0
114,142,51,-0.00474775601229027,0
114,142,52,-0.01652689983331524,0
114,142,53,-0.02501587919052378,0
114,142,54,-0.01443726783305531,0
114,142,55,-0.006170190281172876,0
114,142,56,0.007333365092476046,0
114,142,57,0.02376440675648286,0
114,142,58,0.005133659524779587,0
114,142,59,-0.001169077151670028,0
114,142,60,-0.007801202485435568,0
114,142,61,-0.001435277786631358,0
114,142,62,0.00743573079123681,0
114,142,63,0.01092937801110443,0
114,142,64,-0.0005365001689923816,0
114,142,65,-0.001867088764984577,0
114,142,66,-0.001832283654330365,0
114,142,67,-0.002695361097096316,0
114,142,68,-0.01468407841607541,0
114,142,69,-0.0175154484381296,0
114,142,70,-0.004554630277636983,0
114,142,71,0.003722852610579455,0
114,142,72,0.009405574323147854,0
114,142,73,-0.001381916970437841,0
114,142,74,0.01330959687746501,0
114,142,75,0.01996070560977116,0
114,142,76,0.00158002411293744,0
114,142,77,0.001170891897768427,0
114,142,78,-0.003060156589275694,0
114,142,79,-0.0009800114385991757,0
114,142,80,-0.01440280364674052,0
114,142,81,-0.02640287149663641,0
114,142,82,-0.003836372283419516,0
114,142,83,-0.009972654738985282,0
114,142,84,-0.01669872122769168,0
114,142,85,0.01081818833813879,0
114,142,86,0.0122406998173172,0
114,142,87,0.01388420507251129,0
114,142,88,0.001726637459048516,0
114,142,89,-0.00521106558149196,0
114,142,90,-0.01564184456682233,0
114,142,91,0.004795262660290791,0
114,142,92,0.008371086040492371,0
114,142,93,0.006937181411384523,0
114,142,94,-0.002533596852215579,0
114,142,95,0.0003379541668565763,0
114,142,96,0.01967716806106003,0
114,142,97,0.0002592295837034771,0
114,142,98,-0.009835411751305728,0
114,142,99,0.002313541350177192,0
114,142,100,0.01264113815608427,0
114,142,101,0.005852414643799057,0
114,142,102,-0.01822195381660785,0
114,142,103,0.004016222110657622,0
114,142,104,0.01044213995118561,0
114,142,105,-0.01231781531306505,0
114,142,106,-0.01478143446959489,0
114,142,107,-0.006041020471117216,0
114,142,108,0.01039346910130863,0
114,142,109,-0.01811788578385301,0
114,142,110,-0.02177792154289103,0
114,142,111,0.0176084271277107,0
114,142,112,-0.002389654487179869,0
114,142,113,-0.01577970734548506,0
114,142,114,0.009872972804060248,0
114,142,115,0.002033951040449456,0
114,142,116,0.01815505641891707,0
114,142,117,0.006560366513865436,0
114,142,118,-0.0265296651619866,0
114,142,119,-0.001651326531626111,0
114,142,120,0.01307144876805261,0
114,142,121,-0.004864349774797888,0
114,142,122,0.0369611502061816,0
114,142,123,0.01524295091486576,0
114,142,124,0.008695207210697697,0
114,142,125,0.01827824438444765,0
114,142,126,-0.02854529636587184,0
114,142,127,-0.004063404764214097,0
114,142,128,-0.02122921611964105,0
114,142,129,-0.02036916504501166,0
114,142,130,0.01817337697105839,0
114,142,131,-0.008933053171189588,0
114,142,132,0.03191066129168198,0
114,142,133,0.01195537372042745,0
114,142,134,0.01129031654920388,0
114,142,135,0.4824454368713487,0
114,142,136,-0.5371419790576931,0
114,142,137,0.02308488758553019,0
114,142,138,0.6259200706318526,0
114,142,139,0.2231191378363064,0
114,142,140,-0.5126194181403018,0
114,142,141,-0.4792234273833947,0
114,142,142,0.2772545991818091,0
114,142,143,0.6361803510289089,0
114,142,144,0.7875070267171439,0
114,142,145,-0.7918599869547023,0
114,142,146,0.07347002481013835,0
114,142,147,0.9915259212050247,0
114,142,148,0.3533519997740118,0
114,142,149,-0.8069734715984493,0
114,142,150,-0.7541836112262951,0
114,142,151,0.4339027148388638,0
114,142,152,0.9897089783150453,0
114,142,153,0.7794132044583452,0
114,142,154,-0.8027244259866736,0
114,142,155,0.07808389612692797,0
114,142,156,1,0
114,142,157,0.3593846580612388,0
114,142,158,-0.8039877301372148,0
114,142,159,-0.7547811941330255,0
114,142,160,0.4289065046152998,0
114,142,161,0.9826121534859229,0
114,142,162,0.4736063586140264,0
114,142,163,-0.5562570177575401,0
114,142,164,0.03583026638939683,0
114,142,165,0.6415474785366174,0
114,142,166,0.2313136852969092,0
114,142,167,-0.5091526523141113,0
114,142,168,-0.4786981235796668,0
114,142,169,0.2707205818081425,0
114,142,170,0.6202954670287922,0
115,141,0,-0.01400413612169476,0
115,141,1,-0.00547511009645971,0
115,141,2,-0.00267803320776438,0
115,141,3,0.002636655668215044,0
115,141,4,-0.004254570857689802,0
115,141,5,0.004261911515586474,0
115,141,6,0.01717276223030516,0
115,141,7,0.00975228990514674,0
115,141,8,0.005130074862818635,0
115,141,9,0.000110485179219839,0
115,141,10,0.001665219180750634,0
115,141,11,-0.01026472197109337,0
115,141,12,-0.01715175182691531,0
115,141,13,-0.01491165676944201,0
115,141,14,-0.02183043844141802,0
115,141,15,-0.02882403799283647,0
115,141,16,-0.02759022668089102,0
115,141,17,-0.0285501443122188,0
115,141,18,-0.03075725669913244,0
115,141,19,-0.03213513391293559,0
115,141,20,-0.02842842599206913,0
115,141,21,-0.02439736562072328,0
115,141,22,-0.02826134930484871,0
115,141,23,-0.02271395734164463,0
115,141,24,-0.01383110634886941,0
115,141,25,-0.01962995387535976,0
115,141,26,-0.01514956805323593,0
115,141,27,-0.009192821755820242,0
115,141,28,-0.00877644933635331,0
115,141,29,0.006402711364976462,0
115,141,30,0.002157945935386125,0
115,141,31,-0.002902712696374604,0
115,141,32,-0.002519593892211822,0
115,141,33,0.001548632481180818,0
115,141,34,0.001293382598614694,0
115,141,35,-0.004200065692180129,0
115,141,36,-0.001565616004390336,0
115,141,37,0.0009839911664003625,0
115,141,38,0.0005967273447694896,0
115,141,39,-0.006498189480105354,0
115,141,40,-0.007246397260500309,0
115,141,41,0.005346245731033353,0
115,141,42,-0.01078450353136266,0
115,141,43,-0.01229428110488704,0
115,141,44,0.01045172304163565,0
115,141,45,-0.01294425120626279,0
115,141,46,-0.01711656040730179,0
115,141,47,0.01447345176896101,0
115,141,48,-0.01104595870220302,0
115,141,49,-0.01842014047382362,0
115,141,50,0.01468602190224006,0
115,141,51,-0.006553150151917546,0
115,141,52,-0.01535779546728591,0
115,141,53,0.009594957467064477,0
115,141,54,-0.003358434376438808,0
115,141,55,-0.01010568259905558,0
115,141,56,-0.004533553486735499,0
115,141,57,-0.006155179485266273,0
115,141,58,0.01868941737149953,0
115,141,59,0.006685198613596105,0
115,141,60,0.0009484827160537404,0
115,141,61,-0.003963461516744995,0
115,141,62,0.005977316050831823,0
115,141,63,-0.001341570810291246,0
115,141,64,-0.01869577746491241,0
115,141,65,-0.0108177561807914,0
115,141,66,-0.002987558393857994,0
115,141,67,0.001099994695513777,0
115,141,68,-0.00509379540325912,0
115,141,69,0.006562465508834073,0
115,141,70,0.01887747280348973,0
115,141,71,0.008688140031369812,0
115,141,72,0.01459435461255709,0
115,141,73,0.03258032584684806,0
115,141,74,0.01805205206481325,0
115,141,75,0.01736304428487162,0
115,141,76,0.03769886981914475,0
115,141,77,0.02261639760672517,0
115,141,78,0.01540663641635129,0
115,141,79,0.03257081368667704,0
115,141,80,0.02227021883853952,0
115,141,81,0.01218382427094869,0
115,141,82,0.01920970141733144,0
115,141,83,0.01735590283813509,0
115,141,84,0.0101712567613221,0
115,141,85,0.007400202788123404,0
115,141,86,0.008487710093725204,0
115,141,87,0.005639971489773517,0
115,141,88,0.002013931977646925,0
115,141,89,0.003635692345315692,0
115,141,90,6.899840939258216e-05,0
115,141,91,0.003389371845140246,0
115,141,92,-0.002258260494394665,0
115,141,93,-0.009393220484811244,0
115,141,94,-0.005292070038359585,0
115,141,95,-0.003418480581060854,0
115,141,96,-0.001257143679893897,0
115,141,97,0.003107315018833866,0
115,141,98,0.01228774744367792,0
115,141,99,0.007481568733426611,0
115,141,100,0.01717202618414272,0
115,141,101,0.02347837130401036,0
115,141,102,0.01313868128831229,0
115,141,103,0.02585191672775946,0
115,141,104,0.02885565048311169,0
115,141,105,0.01293461369274984,0
115,141,106,0.02652621532552684,0
115,141,107,0.02709602026257498,0
115,141,108,0.008724863176434337,0
115,141,109,0.02179343106418652,0
115,141,110,0.02161089309007835,0
115,141,111,0.004073790222238951,0
115,141,112,0.0163002810538009,0
115,141,113,0.01637057091839591,0
115,141,114,0.01187914348347175,0
115,141,115,0.01300051382941966,0
115,141,116,-0.01799237734021001,0
115,141,117,-0.007380057917777698,0
115,141,118,0.005443074110758542,0
115,141,119,-0.004277840868314637,0
115,141,120,0.01323537097012338,0
115,141,121,0.007677641328058213,0
115,141,122,-0.002920168804375953,0
115,141,123,0.006577806981974839,0
115,141,124,-0.01451633881284973,0
115,141,125,0.002328973337171521,0
115,141,126,-0.02459171746133786,0
115,141,127,-0.001900455638307173,0
115,141,128,-0.03191489859542775,0
115,141,129,-0.007892016052244587,0
115,141,130,-0.03129286085633802,0
115,141,131,-0.01211819447349701,0
115,141,132,-0.01948659813358458,0
115,141,133,-0.009797169456368056,0
115,141,134,-0.0001578751927875822,0
115,141,135,0.8143004759377483,0
115,141,136,-0.1527100878981801,0
115,141,137,-0.8061080916700091,0
115,141,138,-0.2271642911918111,0
115,141,139,0.3324776021926852,0
115,141,140,0.7872616091200515,0
115,141,141,1,0
115,141,142,0.9052433175803268,0
115,141,143,0.5475961415999724,0
115,141,144,0.5088538861023931,0
115,141,145,-0.05949621479168936,0
115,141,146,-0.4556652781175881,0
115,141,147,-0.1286968294538726,0
115,141,148,0.1969400964965485,0
115,141,149,0.4649082999004364,0
115,141,150,0.5871576062913876,0
115,141,151,0.5286940106931501,0
115,141,152,0.316701928782984,0
115,141,153,-0.4711534499809362,0
115,141,154,0.09307395026026787,0
115,141,155,0.456844671633434,0
115,141,156,0.1263165119867762,0
115,141,157,-0.1953352493282515,0
115,141,158,-0.4567907314288875,0
115,141,159,-0.5849865207083595,0
115,141,160,-0.5332614805722727,0
115,141,161,-0.3193023149880415,0
115,141,162,-0.8634441564925532,0
115,141,163,0.132852243049093,0
115,141,164,0.7816010014004281,0
115,141,165,0.2148677306124774,0
115,141,166,-0.3343994691683745,0
115,141,167,-0.7846126083840456,0
115,141,168,-0.9998557089391865,0
115,141,169,-0.9066090802867213,0
115,141,170,-0.5412193808405207,0
116,140,0,0.03020307807840605,0
116,140,1,0.0059841151010567,0
116,140,2,-0.009751826901363891,0
116,140,3,0.003567689780243069,0
116,140,4,0.01891688866215999,0
116,140,5,0.002930524273972272,0
116,140,6,-0.03940659499284192,0
116,140,7,-0.01631138111698719,0
116,140,8,-0.003429601777602104,0
116,140,9,-0.03984265278492341,0
116,140,10,-0.03607533833326327,0
116,140,11,-0.02008978040386698,0
116,140,12,-0.03031375304276617,0
116,140,13,-0.03191412972551195,0
116,140,14,-0.01942557784235742,0
116,140,15,-0.02165211913758681,0
116,140,16,-0.02190639350080844,0
116,140,17,-0.0123875120740092,0
116,140,18,-0.02215643447563811,0
116,140,19,-0.01503812160327844,0
116,140,20,-0.002464340557220947,0
116,140,21,-0.02575192896425171,0
116,140,22,-0.01476890771430514,0
116,140,23,0.004176598837881866,0
116,140,24,-0.01949410053469067,0
116,140,25,-0.01459922408374325,0
116,140,26,0.004805406785982305,0
116,140,27,-0.006271731493316748,0
116,140,28,0.003371321678268414,0
116,140,29,-0.01633514673784793,0
116,140,30,-0.01527789745951723,0
116,140,31,0.002557494665508551,0
116,140,32,0.003507971448855399,0
116,140,33,0.003651005528061367,0
116,140,34,0.008372988411995895,0
116,140,35,0.004925198820813315,0
116,140,36,0.009046657970939672,0
116,140,37,0.005303863958992965,0
116,140,38,0.009473909419327379,0
116,140,39,-0.007766576165268859,0
116,140,40,-0.007390611173279359,0
116,140,41,0.01639279918626863,0
116,140,42,-0.006098279649066413,0
116,140,43,-0.01462106865283825,0
116,140,44,0.01976879485716031,0
116,140,45,0.002622248559095182,0
116,140,46,-0.0103229798863059,0
116,140,47,0.01465699083657194,0
116,140,48,0.01027108221092993,0
116,140,49,-0.0006002625803574373,0
116,140,50,0.004897453176990235,0
116,140,51,0.009849120937636251,0
116,140,52,0.005285716862671935,0
116,140,53,-0.0008881657211414869,0
116,140,54,0.003273524522556579,0
116,140,55,0.003026872185437262,0
116,140,56,-0.0009313341121683867,0
116,140,57,-0.0017520218618117,0
116,140,58,-0.04240602594347736,0
116,140,59,-0.0137589845076749,0
116,140,60,0.008270062299766066,0
116,140,61,0.001582031143572727,0
116,140,62,-0.01649492744104332,0
116,140,63,-0.004823298403843442,0
116,140,64,0.04258584737874802,0
116,140,65,0.02612149776252279,0
116,140,66,0.003126052667451822,0
116,140,67,0.04095453093535566,0
116,140,68,0.03022009394676322,0
116,140,69,0.01165420991682579,0
116,140,70,0.04009538462665198,0
116,140,71,0.02282272247160658,0
116,140,72,0.004650698982906981,0
116,140,73,0.0367965667103819,0
116,140,74,0.02235262920117364,0
116,140,75,0.00293307003283613,0
116,140,76,0.03118863076641889,0
116,140,77,0.02476851593126063,0
116,140,78,0.005822813499398932,0
116,140,79,0.0227606933376059,0
116,140,80,0.02265084793737344,0
116,140,81,0.005758030455434065,0
116,140,82,0.01199228107187726,0
116,140,83,0.01257028312761373,0
116,140,84,-0.0006537601284599601,0
116,140,85,-0.0002462728484238879,0
116,140,86,-0.00805029545902324,0
116,140,87,-0.009983681669409994,0
116,140,88,0.004397469123165834,0
116,140,89,0.0007541438236879457,0
116,140,90,-0.003255329455118364,0
116,140,91,-0.02027951458761521,0
116,140,92,-0.01556667360270264,0
116,140,93,0.02481361501327245,0
116,140,94,0.006013396392137473,0
116,140,95,-0.003667512022707721,0
116,140,96,0.02133206391482374,0
116,140,97,0.02697590881251642,0
116,140,98,0.01305509047582378,0
116,140,99,0.01306760162992689,0
116,140,100,0.01878335220348665,0
116,140,101,0.01182786137967883,0
116,140,102,0.00660948629906007,0
116,140,103,0.0111628584646053,0
116,140,104,0.008703504180561733,0
116,140,105,0.007868342055578556,0
116,140,106,0.01019925338089729,0
116,140,107,0.007232752043667474,0
116,140,108,0.01193592175899255,0
116,140,109,0.01153647231534824,0
116,140,110,0.004094268490143357,0
116,140,111,0.009736232097036869,0
116,140,112,0.007456989615460503,0
116,140,113,-0.002171475609678451,0
116,140,114,-0.00230915986581633,0
116,140,115,-0.007924993350622014,0
116,140,116,0.04219453902198379,0
116,140,117,0.02287507733632666,0
116,140,118,-0.0089773413966618,0
116,140,119,0.004220849791446301,0
116,140,120,-0.02933630517285089,0
116,140,121,-0.02353402471029393,0
116,140,122,-0.02672834003862254,0
116,140,123,-0.01291614434142081,0
116,140,124,-0.03693799876317766,0
116,140,125,-0.01601478972986665,0
116,140,126,-0.0421841488221713,0
116,140,127,-0.02340380008873903,0
116,140,128,-0.03164924617629657,0
116,140,129,-0.02218888385024321,0
116,140,130,-0.01259159107791895,0
116,140,131,-0.01241076371819975,0
116,140,132,-0.0006096729237172637,0
116,140,133,-0.003725013427137661,0
116,140,134,-0.002345314222557854,0
116,140,135,-0.9554299463104138,0
116,140,136,-0.1559633488109693,0
116,140,137,0.9389212416508416,0
116,140,138,0.9722946304613951,0
116,140,139,0.9972881391993518,0
116,140,140,0.9386603309081507,0
116,140,141,0.7918894703779059,0
116,140,142,0.573597393475937,0
116,140,143,0.3080357017613629,0
116,140,144,-0.5762702608509673,0
116,140,145,-0.09739573656829253,0
116,140,146,0.5499733101597052,0
116,140,147,0.5710087118988108,0
116,140,148,0.5863242407407071,0
116,140,149,0.5489074858581073,0
116,140,150,0.4634478263769742,0
116,140,151,0.3375498509851022,0
116,140,152,0.1814811614338504,0
116,140,153,0.5523812449506602,0
116,140,154,0.08616952116431585,0
116,140,155,-0.5340504844081583,0
116,140,156,-0.5626676059882783,0
116,140,157,-0.5837557312192412,0
116,140,158,-0.5535925067712913,0
116,140,159,-0.466417315035273,0
116,140,160,-0.3332335574571068,0
116,140,161,-0.1734581457940397,0
116,140,162,0.9795306838993885,0
116,140,163,0.1425206601921009,0
116,140,164,-0.942583224420645,0
116,140,165,-0.9728574551969934,0
116,140,166,-1,0
116,140,167,-0.9419017502030099,0
116,140,168,-0.7935426121440079,0
116,140,169,-0.5698645803204833,0
116,140,170,-0.2990416511540083,0
117,139,0,-0.009219559761071208,0
117,139,1,-0.006433047599368746,0
117,139,2,-0.01084709192258964,0
117,139,3,0.004122516064488548,0
117,139,4,0.003059760003990049,0
117,139,5,0.01139878942025248,0
117,139,6,0.009642310082431264,0
117,139,7,0.008005201483224563,0
117,139,8,0.009800041251367898,0
117,139,9,-0.01573624122795933,0
117,139,10,-0.01433722590384187,0
117,139,11,-0.02844206463664949,0
117,139,12,-0.01591666211857102,0
117,139,13,-0.01997307856615698,0
117,139,14,-0.02576176371324121,0
117,139,15,-0.0013914485738225,0
117,139,16,-0.0002802465823391601,0
117,139,17,0.006816937281427283,0
117,139,18,0.0083634311476998,0
117,139,19,0.02068148385240908,0
117,139,20,0.04137091542386813,0
117,139,21,0.006741046449738997,0
117,139,22,0.02087318354310244,0
117,139,23,0.04286483350503715,0
117,139,24,0.00291608700252311,0
117,139,25,0.003979008315482683,0
117,139,26,0.009269117526917213,0
117,139,27,-0.01143835363662087,0
117,139,28,-0.02844658622109743,0
117,139,29,-0.004390068782167599,0
117,139,30,-0.0112171459553188,0
117,139,31,-0.01681205560783823,0
117,139,32,0.001146248552435814,0
117,139,33,0.01036263090443784,0
117,139,34,0.01921893538864273,0
117,139,35,0.002910391123668255,0
117,139,36,0.0094997992215858,0
117,139,37,0.01407856803254886,0
117,139,38,-0.01280545551495754,0
117,139,39,-0.03389714584488371,0
117,139,40,-0.05035622943856356,0
117,139,41,-0.01115123219605163,0
117,139,42,-0.03611998351837525,0
117,139,43,-0.04794972199824975,0
117,139,44,0.0002953591680236481,0
117,139,45,0.001315483242118195,0
117,139,46,0.001873070328588587,0
117,139,47,0.006972610269803443,0
117,139,48,0.04176344690852408,0
117,139,49,0.05625599638193091,0
117,139,50,0.004102354200146385,0
117,139,51,0.0432885323448575,0
117,139,52,0.05949217359560373,0
117,139,53,-2.692170020961426e-06,0
117,139,54,0.006541818343099551,0
117,139,55,0.007438856520264599,0
117,139,56,-0.03098050960590475,0
117,139,57,-0.05037314264766548,0
117,139,58,0.002042590316733388,0
117,139,59,-0.0114922213051029,0
117,139,60,-0.01683852636789887,0
117,139,61,-0.0004358059250763434,0
117,139,62,0.01639353333616277,0
117,139,63,0.02244024350975167,0
117,139,64,-0.002091676959346573,0
117,139,65,0.009642013804424407,0
117,139,66,0.01546972452285327,0
117,139,67,-0.003574469596151533,0
117,139,68,-0.04161599599807604,0
117,139,69,-0.05442726172026589,0
117,139,70,-0.002716000019590159,0
117,139,71,-0.04260654495044533,0
117,139,72,-0.05605827542160523,0
117,139,73,0.0005576671618351969,0
117,139,74,-0.004292283714669835,0
117,139,75,-0.008938774000777592,0
117,139,76,0.002511709001414091,0
117,139,77,0.03954070296054028,0
117,139,78,0.04457736154214078,0
117,139,79,0.00104469091751445,0
117,139,80,0.04306247064916259,0
117,139,81,0.04862072443004788,0
117,139,82,-0.0009005619654536097,0
117,139,83,0.00233721227073111,0
117,139,84,-0.00205443863569075,0
117,139,85,-0.04203183739043236,0
117,139,86,-0.05817810308177702,0
117,139,87,0.005763494565091483,0
117,139,88,-0.009864858201826376,0
117,139,89,-0.01257262392559192,0
117,139,90,-0.001290062300811494,0
117,139,91,0.01589612303505447,0
117,139,92,0.01549249942988855,0
117,139,93,-0.003519504048992248,0
117,139,94,0.009421467966082467,0
117,139,95,0.01148487040670892,0
117,139,96,0.0094005908688454,0
117,139,97,-0.03066847601027717,0
117,139,98,-0.03530949958657984,0
117,139,99,0.008551235907012211,0
117,139,100,-0.03120675792725129,0
117,139,101,-0.03885849483604041,0
117,139,102,0.001269435214652313,0
117,139,103,-0.007099150350029286,0
117,139,104,-0.01078691126942016,0
117,139,105,-0.003596433194993683,0
117,139,106,0.02276086499135018,0
117,139,107,0.02236956054052974,0
117,139,108,-0.003943758555941406,0
117,139,109,0.02601144185556046,0
117,139,110,0.02526494493651069,0
117,139,111,-0.002575812958264997,0
117,139,112,-0.003821428625836667,0
117,139,113,-0.005963003287505178,0
117,139,114,-0.03816782712709876,0
117,139,115,-0.04039026789188044,0
117,139,116,0.006122465220139153,0
117,139,117,-0.004406068075721369,0
117,139,118,-0.004482600922642689,0
117,139,119,0.005022771788926451,0
117,139,120,-0.004603780103652316,0
117,139,121,0.002757353395721023,0
117,139,122,0.0200890870931624,0
117,139,123,-0.005371029932645654,0
117,139,124,0.01892450261829912,0
117,139,125,-0.001857772040211606,0
117,139,126,0.002900982759161221,0
117,139,127,0.0001477877131424854,0
117,139,128,-0.009571634866422884,0
117,139,129,0.00363138144528482,0
117,139,130,-0.01065896985386244,0
117,139,131,0.003289847435634528,0
117,139,132,-0.005768187196920543,0
117,139,133,-0.005273349459508391,0
117,139,134,-0.01605411590043745,0
117,139,135,0.6223974010009073,0
117,139,136,-0.1454842998346256,0
117,139,137,-0.5892083619187117,0
117,139,138,0.06403699978913829,0
117,139,139,0.6046139967145263,0
117,139,140,0.5608213047878149,0
117,139,141,-0.0234480838811342,0
117,139,142,-0.5851966083645316,0
117,139,143,-0.5926116637025968,0
117,139,144,0.9984259516344722,0
117,139,145,-0.1968161388298166,0
117,139,146,-0.8835365378941168,0
117,139,147,0.1200558989355459,0
117,139,148,0.9598930472242332,0
117,139,149,0.8850085882327929,0
117,139,150,-0.04015460447163235,0
117,139,151,-0.9259267449628766,0
117,139,152,-0.9302861977085825,0
117,139,153,1,0
117,139,154,-0.2069295773729781,0
117,139,155,-0.8895069649653249,0
117,139,156,0.1207755236183344,0
117,139,157,0.9587728936077524,0
117,139,158,0.8836045797385277,0
117,139,159,-0.04177026280343307,0
117,139,160,-0.9272640738801152,0
117,139,161,-0.9296539550120383,0
117,139,162,0.6300591518579519,0
117,139,163,-0.1668265330074971,0
117,139,164,-0.597905581291809,0
117,139,165,0.06880756315768938,0
117,139,166,0.6032405635959561,0
117,139,167,0.5570512732091834,0
117,139,168,-0.02858483764989886,0
117,139,169,-0.5883217679672583,0
117,139,170,-0.5883980273728888,0
118,138,0,0.0006857380595545124,0
118,138,1,-0.0141081455986846,0
118,138,2,-0.03886409031386893,0
118,138,3,-0.02151277529664814,0
118,138,4,-0.0002982616836465409,0
118,138,5,0.001525121944352039,0
118,138,6,-0.04276003861307802,0
118,138,7,-0.02086235834889965,0
118,138,8,0.01227568178166073,0
118,138,9,-0.01882478156736029,0
118,138,10,-0.0184418268041912,0
118,138,11,0.009009954599225767,0
118,138,12,-0.003768864055007258,0
118,138,13,-0.006861327738657047,0
118,138,14,0.002691774536019946,0
118,138,15,0.003515599915914639,0
118,138,16,0.001875071886284604,0
118,138,17,0.003608595775321985,0
118,138,18,0.001236747211085733,0
118,138,19,0.004949137438888483,0
118,138,20,0.006718161440930872,0
118,138,21,-0.004832437821554557,0
118,138,22,0.002100167936993348,0
118,138,23,0.008084436954669583,0
118,138,24,-0.00584872892989283,0
118,138,25,-0.001496741277787607,0
118,138,26,0.006377842312654512,0
118,138,27,-0.0006301291382280684,0
118,138,28,0.003959761032978537,0
118,138,29,-0.00533485468976219,0
118,138,30,-0.02565196262128871,0
118,138,31,-0.008364591804827728,0
118,138,32,0.01383252207199045,0
118,138,33,0.01082812250215356,0
118,138,34,0.01278513895286343,0
118,138,35,0.00939479342700713,0
118,138,36,0.02309527673322035,0
118,138,37,0.01666362475190067,0
118,138,38,0.003320097953960625,0
118,138,39,0.009312384756037481,0
118,138,40,0.01028868577239202,0
118,138,41,0.003835890754261442,0
118,138,42,0.002435825789102353,0
118,138,43,0.000151342993439656,0
118,138,44,0.004512037473228632,0
118,138,45,0.004553666916324088,0
118,138,46,0.0009628226170745768,0
118,138,47,0.001644909912964729,0
118,138,48,0.007287014696824486,0
118,138,49,0.005360619326401893,0
118,138,50,-0.002621628411637123,0
118,138,51,0.006030708320039177,0
118,138,52,0.007259773076042835,0
118,138,53,-0.003580680008003144,0
118,138,54,0.002060412896002044,0
118,138,55,0.0043441535855888,0
118,138,56,0.0004584035435793785,0
118,138,57,0.0004829835451514193,0
118,138,58,-0.007749798905198249,0
118,138,59,0.0006876353423317028,0
118,138,60,0.02530561010603526,0
118,138,61,0.0315793588702703,0
118,138,62,0.007648102457159443,0
118,138,63,-0.003519544947239425,0
118,138,64,0.04907851667039976,0
118,138,65,0.03918819754521542,0
118,138,66,-0.006479319075820094,0
118,138,67,0.01869476060259453,0
118,138,68,0.02458753128883048,0
118,138,69,-0.005442022461396255,0
118,138,70,0.007316586819343872,0
118,138,71,0.005843884511171011,0
118,138,72,-0.006205823720860797,0
118,138,73,0.002357750970659496,0
118,138,74,0.001341661612571092,0
118,138,75,-0.004807966300363224,0
118,138,76,0.0007916228971209498,0
118,138,77,0.002741518320568231,0
118,138,78,-0.0009729856984807564,0
118,138,79,0.0005134851404082239,0
118,138,80,0.003602853861798814,0
118,138,81,0.0003377927259175176,0
118,138,82,0.0002175093155814597,0
118,138,83,0.0008031935148289333,0
118,138,84,-0.003001279024186075,0
118,138,85,-0.002739431153363937,0
118,138,86,-0.007068668269878004,0
118,138,87,0.003515361764350326,0
118,138,88,0.02112716792191048,0
118,138,89,0.02168457584272393,0
118,138,90,0.009990501440236478,0
118,138,91,-0.01285774362172104,0
118,138,92,-0.02222614357332758,0
118,138,93,0.02561316099542283,0
118,138,94,-3.420793448985569e-05,0
118,138,95,-0.02438892390890435,0
118,138,96,0.01145462829428918,0
118,138,97,0.005585119797523783,0
118,138,98,-0.01737217199858971,0
118,138,99,0.001971179836436741,0
118,138,100,-0.0008534540088453113,0
118,138,101,-0.008816318554535491,0
118,138,102,-0.003079925480309278,0
118,138,103,-0.005127462422063623,0
118,138,104,-0.006348952781346538,0
118,138,105,-0.001279994671408795,0
118,138,106,-0.003756670442078928,0
118,138,107,-0.003843382109744992,0
118,138,108,0.003237614802332037,0
118,138,109,-0.0004335570034577078,0
118,138,110,-0.003223813973631997,0
118,138,111,0.00399022812037062,0
118,138,112,-0.0007452158634524439,0
118,138,113,-0.00550640192939081,0
118,138,114,-0.004929240559664419,0
118,138,115,-0.008211466616399921,0
118,138,116,0.01088541257517986,0
118,138,117,0.01834133004112262,0
118,138,118,-0.03204938520538402,0
118,138,119,-0.01636036989903976,0
118,138,120,-0.03806785166694415,0
118,138,121,-0.04204438513483343,0
118,138,122,-0.01083441192402255,0
118,138,123,-0.02183460795465133,0
118,138,124,-0.008177527439242112,0
118,138,125,-0.009134717216437738,0
118,138,126,-0.009044133383252242,0
118,138,127,-0.008602850755193946,0
118,138,128,-0.00370517959807369,0
118,138,129,-0.006283053554044828,0
118,138,130,0.004356891129122424,0
118,138,131,-0.000923220581564113,0
118,138,132,0.006134763415388678,0
118,138,133,0.001908275796680804,0
118,138,134,-0.001038158225857013,0
118,138,135,0.7189072702395625,0
118,138,136,1,0
118,138,137,0.7137738100240124,0
118,138,138,0.2742104447473282,0
118,138,139,0.1223723049746509,0
118,138,140,0.05474548726940445,0
118,138,141,0.02280871759930432,0
118,138,142,0.008515550707210521,0
118,138,143,0.002500392745751887,0
118,138,144,0.4170264571450243,0
118,138,145,0.5794600020351649,0
118,138,146,0.408910799815876,0
118,138,147,0.1606085744449074,0
118,138,148,0.07395039581395217,0
118,138,149,0.0326388220982189,0
118,138,150,0.01257373834963842,0
118,138,151,0.003421824935829517,0
118,138,152,0.0002159668810862519,0
118,138,153,-0.4294794024201548,0
118,138,154,-0.5788890904369252,0
118,138,155,-0.4069786697542875,0
118,138,156,-0.1573681794629872,0
118,138,157,-0.06796020624534849,0
118,138,158,-0.03095430130271847,0
118,138,159,-0.0152078499185995,0
118,138,160,-0.008470099157929642,0
118,138,161,-0.004180452112730195,0
118,138,162,-0.7355360153558284,0
118,138,163,-0.994514376815929,0
118,138,164,-0.7019491059681531,0
118,138,165,-0.2684977418289491,0
118,138,166,-0.1195253772042508,0
118,138,167,-0.05371943540366222,0
118,138,168,-0.02446876184867847,0
118,138,169,-0.01169680287884709,0
118,138,170,-0.00498788920523161,0
119,137,0,-0.01847436096638121,0
119,137,1,-0.01186118780384986,0
119,137,2,-0.01460265011537364,0
119,137,3,0.0007800570545546582,0
119,137,4,-0.002861948507382887,0
119,137,5,0.006314049486016058,0
119,137,6,0.01213808104213524,0
119,137,7,0.01269349957833843,0
119,137,8,0.01965677986177884,0
119,137,9,0.02735670382495693,0
119,137,10,0.01352688199964098,0
119,137,11,0.008795964452631347,0
119,137,12,0.04254240011104791,0
119,137,13,0.01347920067575331,0
119,137,14,-0.02283490658791026,0
119,137,15,0.02829656915512527,0
119,137,16,0.01304813603612241,0
119,137,17,-0.03457475562087328,0
119,137,18,-0.0207837245439863,0
119,137,19,-0.001918405498558553,0
119,137,20,-0.02106426118725596,0
119,137,21,-0.06655925927160643,0
119,137,22,-0.02758292528458971,0
119,137,23,0.002324473499298615,0
119,137,24,-0.06124045596276684,0
119,137,25,-0.03815050856465681,0
119,137,26,0.01872539455293205,0
119,137,27,-0.01229876183949203,0
119,137,28,0.02712962538762662,0
119,137,29,-0.01143514149156549,0
119,137,30,-0.01724712134506093,0
119,137,31,-0.02124182110983341,0
119,137,32,0.0004397938590752044,0
119,137,33,0.002225392999352401,0
119,137,34,0.01069168361250245,0
119,137,35,0.008059921772903116,0
119,137,36,0.02288133386843796,0
119,137,37,0.03113736919073804,0
119,137,38,0.01421692526269967,0
119,137,39,0.01383328078936639,0
119,137,40,0.01325502037297693,0
119,137,41,0.02220775022833334,0
119,137,42,-0.01235671318772018,0
119,137,43,-0.03739830344664016,0
119,137,44,0.01508709879694027,0
119,137,45,-0.02134632644691743,0
119,137,46,-0.05794499151817591,0
119,137,47,-0.01184354142866084,0
119,137,48,-0.01775541018540328,0
119,137,49,-0.03746617399313938,0
119,137,50,-0.03852700546749197,0
119,137,51,-0.01406911603496491,0
119,137,52,-0.0003065711316185831,0
119,137,53,-0.03616008176386445,0
119,137,54,-0.009252684732096375,0
119,137,55,0.02600777932341557,0
119,137,56,0.01037666737685733,0
119,137,57,0.03857417597961289,0
119,137,58,0.0003730073052438457,0
119,137,59,-0.01476448546036349,0
119,137,60,-0.0206286113774222,0
119,137,61,-0.0007942352956069617,0
119,137,62,0.006863106955113485,0
119,137,63,0.0113274508726287,0
119,137,64,0.003174504546218081,0
119,137,65,0.02547371387387289,0
119,137,66,0.03248827550503686,0
119,137,67,0.0005197163908685891,0
119,137,68,0.01117985256010761,0
119,137,69,0.01370270057920313,0
119,137,70,-0.003280995162900226,0
119,137,71,-0.03120031490327295,0
119,137,72,-0.03871506711545861,0
119,137,73,-0.003387915356673681,0
119,137,74,-0.04815261339854322,0
119,137,75,-0.06177881492145542,0
119,137,76,-0.0001940830162195736,0
119,137,77,-0.03011152098199805,0
119,137,78,-0.04296705789238734,0
119,137,79,0.001260393966683091,0
119,137,80,9.734680552999127e-05,0
119,137,81,-0.006030214867287117,0
119,137,82,-7.918734215023267e-06,0
119,137,83,0.01825278818367512,0
119,137,84,0.02082149488590586,0
119,137,85,0.02497561596562527,0
119,137,86,0.03335951434977637,0
119,137,87,0.01302191214355477,0
119,137,88,-0.007698894493321462,0
119,137,89,-0.01430929185343121,0
119,137,90,-0.003155534131156428,0
119,137,91,0.008185846470458804,0
119,137,92,0.006527477941813183,0
119,137,93,-0.00258059428629093,0
119,137,94,0.01837779659972249,0
119,137,95,0.02131093577534335,0
119,137,96,-0.01127590583220536,0
119,137,97,0.006045257032272217,0
119,137,98,0.009481286573392344,0
119,137,99,-0.0258342077184529,0
119,137,100,-0.03681699220222912,0
119,137,101,-0.02485896352613945,0
119,137,102,-0.02007855056482656,0
119,137,103,-0.05625417263698862,0
119,137,104,-0.04091564736620858,0
119,137,105,0.01140511376495834,0
119,137,106,-0.03140473367391187,0
119,137,107,-0.03018728159056628,0
119,137,108,0.04034649251684931,0
119,137,109,0.01378615985101268,0
119,137,110,-0.007003615158100597,0
119,137,111,0.03600515698515143,0
119,137,112,0.03873775288196241,0
119,137,113,0.01050141153481917,0
119,137,114,0.03045812170511535,0
119,137,115,0.01859181449083739,0
119,137,116,0.02239539842068719,0
119,137,117,0.003313880668487512,0
119,137,118,-0.006298639662906909,0
119,137,119,0.005919971315659627,0
119,137,120,-0.01048021549801994,0
119,137,121,0.0006955463430546496,0
119,137,122,-0.02126788322728472,0
119,137,123,-0.003634811695189252,0
119,137,124,-0.03986321423795126,0
119,137,125,-0.02871175673704267,0
119,137,126,-0.02891957499929472,0
119,137,127,-0.04080817258044444,0
119,137,128,0.02064829057142286,0
119,137,129,-0.01662437311056604,0
119,137,130,0.06666777826631165,0
119,137,131,0.02708286826930163,0
119,137,132,0.05987111348554311,0
119,137,133,0.04866088326483015,0
119,137,134,0.02755045453661133,0
119,137,135,0.5405147426308182,0
119,137,136,0.2279599823122684,0
119,137,137,-0.458524688026083,0
119,137,138,-0.6342107410578844,0
119,137,139,-0.4407766169180467,0
119,137,140,0.004094247307846531,0
119,137,141,0.4470670494127664,0
119,137,142,0.6294204412778681,0
119,137,143,0.4543524431462057,0
119,137,144,0.8541419673841169,0
119,137,145,0.3591987474700741,0
119,137,146,-0.7100923400240267,0
119,137,147,-0.9960923406261494,0
119,137,148,-0.694904978909759,0
119,137,149,0.008604738694432859,0
119,137,150,0.708931824428729,0
119,137,151,0.9965975386685462,0
119,137,152,0.7152717311867859,0
119,137,153,0.8508744908688585,0
119,137,154,0.3473111186978857,0
119,137,155,-0.7190080139065406,0
119,137,156,-1,0
119,137,157,-0.6963390570163464,0
119,137,158,0.00837485852228104,0
119,137,159,0.7096537548264298,0
119,137,160,0.9980696395210166,0
119,137,161,0.7155251937588022,0
119,137,162,0.5382100212782994,0
119,137,163,0.2039637721010462,0
119,137,164,-0.4754860981198532,0
119,137,165,-0.6413397665584213,0
119,137,166,-0.4428751519490247,0
119,137,167,0.005441794649420087,0
119,137,168,0.4496863247975657,0
119,137,169,0.6316342066135318,0
119,137,170,0.4524557982146528,0
120,136,0,0.01461198004548355,0
120,136,1,0.008185871840369563,0
120,136,2,0.0101466652249495,0
120,136,3,0.01419889638475125,0
120,136,4,0.01052131712298441,0
120,136,5,0.001890655119220283,0
120,136,6,-0.001070964452047044,0
120,136,7,0.0005745310059705708,0
120,136,8,-0.009486554903068579,0
120,136,9,-0.04297005532760008,0
120,136,10,-0.03013587258876371,0
120,136,11,-0.03981849953360782,0
120,136,12,-0.07098008439222998,0
120,136,13,-0.05282430782739032,0
120,136,14,-0.03714782539307701,0
120,136,15,-0.08512303636155569,0
120,136,16,-0.06408178004106922,0
120,136,17,-0.02984274113188395,0
120,136,18,-0.08599439929558356,0
120,136,19,-0.06463799642158566,0
120,136,20,-0.01772760736901364,0
120,136,21,-0.07244677391817916,0
120,136,22,-0.05628256562698575,0
120,136,23,-0.005310718630741848,0
120,136,24,-0.0431980983137853,0
120,136,25,-0.03945427145608992,0
120,136,26,0.003061823274255768,0
120,136,27,-0.0131031989531459,0
120,136,28,0.008512939168874098,0
120,136,29,0.006432950035769506,0
120,136,30,0.01238640089704753,0
120,136,31,0.01966142369747724,0
120,136,32,0.007668315154560515,0
120,136,33,0.006427008450314811,0
120,136,34,0.002775165595533241,0
120,136,35,0.0005048715059626632,0
120,136,36,-0.005839654689851374,0
120,136,37,-0.0151427707039685,0
120,136,38,-0.02283981178179411,0
120,136,39,-0.04393778758085907,0
120,136,40,-0.05785033460634682,0
120,136,41,-0.03888886343654156,0
120,136,42,-0.05377635464935642,0
120,136,43,-0.0503017249155186,0
120,136,44,-0.0465500294391576,0
120,136,45,-0.05331673169611381,0
120,136,46,-0.03446556653721646,0
120,136,47,-0.04678223207883751,0
120,136,48,-0.04295457638311537,0
120,136,49,-0.01111935196376475,0
120,136,50,-0.03946168721655068,0
120,136,51,-0.02781508544641085,0
120,136,52,0.01226239244967241,0
120,136,53,-0.02344359920345582,0
120,136,54,-0.01164430626731121,0
120,136,55,0.02844856999121839,0
120,136,56,0.006494862876062161,0
120,136,57,0.03733445799895685,0
120,136,58,-0.00190947572879496,0
120,136,59,0.01412264784271258,0
120,136,60,0.02066007816714578,0
120,136,61,-0.0007988514467640921,0
120,136,62,-0.0007368288311647464,0
120,136,63,-0.0007455191756432449,0
120,136,64,0.003035114039954541,0
120,136,65,-0.01047602270025365,0
120,136,66,-0.01764599818779013,0
120,136,67,0.003116658821563153,0
120,136,68,-0.03828394596444887,0
120,136,69,-0.05289167565806455,0
120,136,70,0.002893813222945602,0
120,136,71,-0.03097930928733448,0
120,136,72,-0.03987224726044508,0
120,136,73,0.003418335381628936,0
120,136,74,-0.01709160273284147,0
120,136,75,-0.01828156246938011,0
120,136,76,0.003743004864244696,0
120,136,77,0.002703981852950124,0
120,136,78,0.01056384992324368,0
120,136,79,0.002832011070937187,0
120,136,80,0.021656454599328,0
120,136,81,0.038842444806551,0
120,136,82,0.001172670680794966,0
120,136,83,0.0338087182366474,0
120,136,84,0.05876954431098421,0
120,136,85,0.03961963333281476,0
120,136,86,0.06935675865867845,0
120,136,87,-0.005848916991584323,0
120,136,88,0.01147429334304194,0
120,136,89,0.01318913264410024,0
120,136,90,-0.009913281348950913,0
120,136,91,-0.007495329962160392,0
120,136,92,-0.00296975183521207,0
120,136,93,0.001378474727708983,0
120,136,94,-0.01455913714089689,0
120,136,95,-0.01327921940620338,0
120,136,96,0.02395598711256285,0
120,136,97,-0.02212467752465388,0
120,136,98,-0.03212150765819364,0
120,136,99,0.03958525003682906,0
120,136,100,-0.0002917501650722086,0
120,136,101,-0.02055528176807781,0
120,136,102,0.04848717393356042,0
120,136,103,0.02209964871008662,0
120,136,104,-0.004126312530876586,0
120,136,105,0.04987086780658921,0
120,136,106,0.04448131106219955,0
120,136,107,0.01682444275607721,0
120,136,108,0.04176935665223911,0
120,136,109,0.06085563424968339,0
120,136,110,0.03719614139259008,0
120,136,111,0.02413448689309537,0
120,136,112,0.06535848524842354,0
120,136,113,0.05187533876915373,0
120,136,114,0.05812957056371142,0
120,136,115,0.05990468938862374,0
120,136,116,-0.007162115946600565,0
120,136,117,0.004077986068696247,0
120,136,118,-0.01680328022003579,0
120,136,119,-0.008841018844833371,0
120,136,120,-0.002798156343308391,0
120,136,121,-0.01249579806634343,0
120,136,122,0.03729733353191343,0
120,136,123,-1.074050083498956e-05,0
120,136,124,0.06442727517501202,0
120,136,125,0.02660237479396078,0
120,136,126,0.07950530206684173,0
120,136,127,0.04661348464634793,0
120,136,128,0.08165023962782769,0
120,136,129,0.06034370052857601,0
120,136,130,0.06855151839542156,0
120,136,131,0.06480541344285187,0
120,136,132,0.03998779893151422,0
120,136,133,0.05680587110153689,0
120,136,134,0.0368806756657895,0
120,136,135,-0.2594735346798679,0
120,136,136,-0.2781943595839566,0
120,136,137,-0.02987549184010217,0
120,136,138,0.2703297566307188,0
120,136,139,0.4968386688319387,0
120,136,140,0.626939095576038,0
120,136,141,0.6310431712835299,0
120,136,142,0.5070529703490526,0
120,136,143,0.28578890556154,0
120,136,144,-0.4087706608339386,0
120,136,145,-0.4339747307898052,0
120,136,146,-0.04189640693454739,0
120,136,147,0.4305463999129433,0
120,136,148,0.7880916476127291,0
120,136,149,0.993119142269557,0
120,136,150,0.9994737298744953,0
120,136,151,0.8030994148588985,0
120,136,152,0.4506874674178079,0
120,136,153,-0.4083680224268559,0
120,136,154,-0.4313708719704704,0
120,136,155,-0.03938812223084456,0
120,136,156,0.4326710301233159,0
120,136,157,0.7885055905329399,0
120,136,158,0.9932946458735737,0
120,136,159,1,0
120,136,160,0.8042392898089227,0
120,136,161,0.4510936742295946,0
120,136,162,-0.2598753839428093,0
120,136,163,-0.2727706735453117,0
120,136,164,-0.02424762519036815,0
120,136,165,0.275721143855516,0
120,136,166,0.4985023998148212,0
120,136,167,0.6275495045787423,0
120,136,168,0.6318051104643212,0
120,136,169,0.5079847896811768,0
120,136,170,0.2849905024431019,0
121,135,0,-0.001372288402493202,0
121,135,1,0.02007929158770211,0
121,135,2,0.0650416326317531,0
121,135,3,0.07329024848971945,0
121,135,4,0.01482669620498009,0
121,135,5,0.001743165661114992,0
121,135,6,0.09614651608186646,0
121,135,7,0.06223947517378073,0
121,135,8,-0.007349863062364586,0
121,135,9,0.08310107746555496,0
121,135,10,0.05383028159700105,0
121,135,11,-0.008443919237073142,0
121,135,12,0.1496244840356077,0
121,135,13,0.09018554877000136,0
121,135,14,0.0195711159542329,0
121,135,15,0.1703343016508934,0
121,135,16,0.1545377156191308,0
121,135,17,0.08262713079903457,0
121,135,18,0.08196133764902885,0
121,135,19,0.1623121509788988,0
121,135,20,0.1581702337432196,0
121,135,21,-0.04074293728607597,0
121,135,22,0.09677832186717657,0
121,135,23,0.1960875386438125,0
121,135,24,-0.0735737094545551,0
121,135,25,0.0307352416212834,0
121,135,26,0.1818762098921188,0
121,135,27,0.03566461215108677,0
121,135,28,0.1519629721657319,0
121,135,29,0.02960478127185066,0
121,135,30,0.0675245963904762,0
121,135,31,0.06759848002486535,0
121,135,32,0.03597073422818999,0
121,135,33,0.01774302219744351,0
121,135,34,0.006046489103850211,0
121,135,35,0.03577066390304628,0
121,135,36,0.01365290567179489,0
121,135,37,-0.0112031217327382,0
121,135,38,0.01912490375613072,0
121,135,39,-0.01049270505091232,0
121,135,40,-0.05918775512944777,0
121,135,41,0.05841263742095147,0
121,135,42,0.01491494657103435,0
121,135,43,-0.04926817400778102,0
121,135,44,0.0767550687228673,0
121,135,45,0.09215955615232489,0
121,135,46,0.01257693400777833,0
121,135,47,0.03146469097583564,0
121,135,48,0.1531282099055732,0
121,135,49,0.1025044750175225,0
121,135,50,-0.03833194089314552,0
121,135,51,0.1413531718290444,0
121,135,52,0.1418630088392778,0
121,135,53,-0.05510470014281777,0
121,135,54,0.08654724045025544,0
121,135,55,0.1063094305753801,0
121,135,56,0.06841141099015835,0
121,135,57,0.05626088867309057,0
121,135,58,0.04563845200373173,0
121,135,59,0.06230782693795059,0
121,135,60,0.03837373864816229,0
121,135,61,-0.009053165421479705,0
121,135,62,0.02834767597387314,0
121,135,63,0.03120144891199458,0
121,135,64,-0.03035394354228932,0
121,135,65,-0.0207457230742005,0
121,135,66,0.01329105786736816,0
121,135,67,-0.03255313567990461,0
121,135,68,-0.08419554078087796,0
121,135,69,-0.09499453704656002,0
121,135,70,-0.03668196035708868,0
121,135,71,-0.1042980653219842,0
121,135,72,-0.1414508475602302,0
121,135,73,-0.03106738762429867,0
121,135,74,-0.07414087581955447,0
121,135,75,-0.1319727299395801,0
121,135,76,-0.01825759208737766,0
121,135,77,-0.00857343226304718,0
121,135,78,-0.08400790271957867,0
121,135,79,-0.01030295910436173,0
121,135,80,0.02016239090197224,0
121,135,81,-0.07422906393223845,0
121,135,82,-0.007774313854874547,0
121,135,83,-0.01438868047368918,0
121,135,84,-0.1284847780080784,0
121,135,85,-0.05701642343415288,0
121,135,86,-0.1874368049149495,0
121,135,87,0.008037669894727642,0
121,135,88,0.0239410195060685,0
121,135,89,0.01924063973459262,0
121,135,90,-0.05389253291384985,0
121,135,91,0.01905544294061099,0
121,135,92,0.04369064508347038,0
121,135,93,-0.0486580016359021,0
121,135,94,-0.01614228245366163,0
121,135,95,0.03342455180167301,0
121,135,96,-0.03261748327412606,0
121,135,97,-0.08606533557554313,0
121,135,98,-0.0651137069758943,0
121,135,99,-0.08344261182911239,0
121,135,100,-0.1505962970991425,0
121,135,101,-0.1284503647472823,0
121,135,102,-0.1013302976514738,0
121,135,103,-0.1860735401188114,0
121,135,104,-0.1512520269322938,0
121,135,105,-0.04307159685837778,0
121,135,106,-0.1483466579680317,0
121,135,107,-0.1436512904150637,0
121,135,108,0.0334036026655006,0
121,135,109,-0.09638128262696918,0
121,135,110,-0.1529949089244644,0
121,135,111,0.04852488386171959,0
121,135,112,-0.1033948672870277,0
121,135,113,-0.1970258669798098,0
121,135,114,-0.1617200606892065,0
121,135,115,-0.2411078538294189,0
121,135,116,-0.04569064283032472,0
121,135,117,-0.01249148390330798,0
121,135,118,-0.08781005916834463,0
121,135,119,-0.03088190526091285,0
121,135,120,-0.03051063086768856,0
121,135,121,-0.02089445283150824,0
121,135,122,-0.009619917648756067,0
121,135,123,-0.02561436279172053,0
121,135,124,-0.09362759591123283,0
121,135,125,-0.08230127962252826,0
121,135,126,-0.1334353379611508,0
121,135,127,-0.144599653467025,0
121,135,128,-0.05481164397477294,0
121,135,129,-0.128732445382457,0
121,135,130,0.05991462616387539,0
121,135,131,-0.05833713444900397,0
121,135,132,0.08230318756387441,0
121,135,133,-0.02468295686199807,0
121,135,134,-0.06892343565390782,0
121,135,135,-0.4080182954051056,0
121,135,136,-0.6385330739901121,0
121,135,137,-0.6233681554566176,0
121,135,138,-0.4461041582448996,0
121,135,139,-0.3322677621140653,0
121,135,140,-0.2420000960286883,0
121,135,141,-0.167829273586922,0
121,135,142,-0.1057369095394638,0
121,135,143,-0.0516733007367923,0
121,135,144,-0.6416118383879582,0
121,135,145,-1,0
121,135,146,-0.9664057217739348,0
121,135,147,-0.7003073733991422,0
121,135,148,-0.5253510218396463,0
121,135,149,-0.3826508995496612,0
121,135,150,-0.2655781635121472,0
121,135,151,-0.1674223733560321,0
121,135,152,-0.08154889023492845,0
121,135,153,-0.6409673238271503,0
121,135,154,-0.9985292384443564,0
121,135,155,-0.9653597260997052,0
121,135,156,-0.6994725263544781,0
121,135,157,-0.5252244398530872,0
121,135,158,-0.3824492477979397,0
121,135,159,-0.2653875828611127,0
121,135,160,-0.1674804725373752,0
121,135,161,-0.08158152778325196,0
121,135,162,-0.4080098587324273,0
121,135,163,-0.6364096928799611,0
121,135,164,-0.6208817440581423,0
121,135,165,-0.4444617101214168,0
121,135,166,-0.3326970366293969,0
121,135,167,-0.2414996265855582,0
121,135,168,-0.1672764475086177,0
121,135,169,-0.1055477139444506,0
121,135,170,-0.05141092770378242,0
122,134,0,0.09764606908220481,0
122,134,1,-0.02003639055880491,0
122,134,2,-0.1309185761906654,0
122,134,3,0.04095019036567765,0
122,134,4,0.1059566292498883,0
122,134,5,0.0561290924604949,0
122,134,6,-0.1678899919676611,0
122,134,7,-0.03539412493729452,0
122,134,8,0.0592808042612499,0
122,134,9,-0.1992281911239385,0
122,134,10,-0.2246899842060757,0
122,134,11,-0.1858985832872288,0
122,134,12,-0.1208169468644077,0
122,134,13,-0.3010290032668389,0
122,134,14,-0.4083469037285537,0
122,134,15,-0.01852995089078527,0
122,134,16,-0.309720816186659,0
122,134,17,-0.5962619566924157,0
122,134,18,0.001098419181814281,0
122,134,19,-0.3185085483869535,0
122,134,20,-0.7298492885148775,0
122,134,21,-0.05826272555708682,0
122,134,22,-0.3788002391518235,0
122,134,23,-0.8341035052107493,0
122,134,24,-0.08497439907407446,0
122,134,25,-0.4543712159715843,0
122,134,26,-0.9311934756560548,0
122,134,27,-0.4604538115067788,0
122,134,28,-0.9994245982552061,0
122,134,29,-0.08605205479957351,0
122,134,30,-0.1269984514076668,0
122,134,31,-0.01442526096291504,0
122,134,32,0.0382864927209793,0
122,134,33,0.05039694713066292,0
122,134,34,0.08071977876011067,0
122,134,35,0.00139382434925054,0
122,134,36,0.1053307184477562,0
122,134,37,0.09165238883969599,0
122,134,38,0.005790240753864518,0
122,134,39,-0.1057819528410642,0
122,134,40,-0.068693329616538,0
122,134,41,0.05414759071967003,0
122,134,42,-0.2610247257315484,0
122,134,43,-0.2585693938494091,0
122,134,44,0.1103779647772241,0
122,134,45,-0.3546676266234791,0
122,134,46,-0.3868759822657042,0
122,134,47,0.108176025846488,0
122,134,48,-0.4152300776611386,0
122,134,49,-0.4451760581592868,0
122,134,50,0.04554081632126465,0
122,134,51,-0.503074487027957,0
122,134,52,-0.4864737671102682,0
122,134,53,-0.00684128244829809,0
122,134,54,-0.6211834929704779,0
122,134,55,-0.5593016435971377,0
122,134,56,-0.7056634298865158,0
122,134,57,-0.6466155794045169,0
122,134,58,-0.1814743688813398,0
122,134,59,-0.05151365570307242,0
122,134,60,0.0975696352915993,0
122,134,61,0.01359342032208567,0
122,134,62,-0.07827155740248942,0
122,134,63,-0.05894705234547998,0
122,134,64,0.1770124393421594,0
122,134,65,0.1436729329014717,0
122,134,66,-0.01798294091932397,0
122,134,67,0.1661655222818957,0
122,134,68,0.1603290584279488,0
122,134,69,0.12598249259668,0
122,134,70,0.1500439210966708,0
122,134,71,0.09733811789891207,0
122,134,72,0.1934165206834916,0
122,134,73,0.1352022859569983,0
122,134,74,0.07572422368634014,0
122,134,75,0.2998231293176689,0
122,134,76,0.1127682403269402,0
122,134,77,0.09837704770725988,0
122,134,78,0.4457267012203349,0
122,134,79,0.07566001489719795,0
122,134,80,0.1102962250201607,0
122,134,81,0.5701289430195562,0
122,134,82,0.03388040005283083,0
122,134,83,0.0671832309723812,0
122,134,84,0.6151272040028684,0
122,134,85,-0.01137231827206241,0
122,134,86,0.5886494730237167,0
122,134,87,-0.0208612542769028,0
122,134,88,0.08067373510062899,0
122,134,89,0.06784296645584782,0
122,134,90,-0.03134408077041849,0
122,134,91,-0.1522335218415146,0
122,134,92,-0.1645018781849865,0
122,134,93,0.1156126875465132,0
122,134,94,-0.03113198799174502,0
122,134,95,-0.1196765780718574,0
122,134,96,0.09755354931606737,0
122,134,97,0.1916809372244303,0
122,134,98,0.125529685526458,0
122,134,99,0.03683189905442012,0
122,134,100,0.2731284908165511,0
122,134,101,0.3217474618040774,0
122,134,102,-0.02278563694512022,0
122,134,103,0.3530280607488818,0
122,134,104,0.5139744429216947,0
122,134,105,-0.03255847818081845,0
122,134,106,0.4719092189563751,0
122,134,107,0.7107801814556567,0
122,134,108,-0.001741285831152423,0
122,134,109,0.6034889389763693,0
122,134,110,0.874963449130374,0
122,134,111,0.01854273129579413,0
122,134,112,0.6831163129426079,0
122,134,113,0.9690366995932653,0
122,134,114,0.6857497430351823,0
122,134,115,1,0
122,134,116,0.2090833798563664,0
122,134,117,0.1503294794521429,0
122,134,118,-0.07034573299105537,0
122,134,119,-0.01667825765968795,0
122,134,120,-0.1133294404638475,0
122,134,121,-0.1655561446173397,0
122,134,122,-0.07293278633334642,0
122,134,123,-0.02026636982869429,0
122,134,124,-0.1270677443915972,0
122,134,125,0.05815845236794549,0
122,134,126,-0.1898609311026942,0
122,134,127,0.0939649310945634,0
122,134,128,-0.1696815175505894,0
122,134,129,0.1611351636272674,0
122,134,130,-0.07364374417633265,0
122,134,131,0.2772752763321274,0
122,134,132,0.006092314052943509,0
122,134,133,0.3870671837255746,0
122,134,134,0.4294717745323794,0
122,134,135,0.001799201154428524,0
122,134,136,0.00214348523615493,0
122,134,137,0.0008529970550518526,0
122,134,138,0.002479258591808707,0
122,134,139,0.002869769587490632,0
122,134,140,0.002716276642958695,0
122,134,141,0.002045140954971101,0
122,134,142,0.0009970292264991558,0
122,134,143,0.0004945891218552647,0
122,134,144,0.002389768074830749,0
122,134,145,0.004258807750525309,0
122,134,146,0.004298754860251293,0
122,134,147,0.003938692248870697,0
122,134,148,0.003712596075300985,0
122,134,149,0.003452616212770013,0
122,134,150,0.002828639524810733,0
122,134,151,0.001876401431661455,0
122,134,152,0.001147791616376362,0
122,134,153,0.001630818562858563,0
122,134,154,0.004430269264976427,0
122,134,155,0.005439785329247156,0
122,134,156,0.00261918829430756,0
122,134,157,0.001777817088542519,0
122,134,158,0.001636380190565261,0
122,134,159,0.001485441036177937,0
122,134,160,0.001171970657645053,0
122,134,161,0.0007060227373145149,0
122,134,162,0.0005975870033467659,0
122,134,163,0.002442340044769842,0
122,134,164,0.002881480301937215,0
122,134,165,0.0006459703105294877,0
122,134,166,-3.566103204356174e-06,0
122,134,167,1.915853792249969e-05,0
122,134,168,9.253965430831162e-05,0
122,134,169,4.053191864335267e-05,0
122,134,170,-0.0004762218907659335,0
123,103,0,0.8525559524799065,0
123,103,1,0.3235884787407497,0
123,103,2,-0.2219080361152533,0
123,103,3,-0.8731622323893173,0
123,103,4,-0.03035374829244904,0
123,103,5,-0.03542535463976542,0
123,103,6,0.3059068101755543,0
123,103,7,-0.2865445333647985,0
123,103,8,0.01690523504742464,0
123,103,9,0.9440346411974608,0
123,103,10,0.4571776683734565,0
123,103,11,-0.05822983955986718,0
123,103,12,0.2593392809611114,0
123,103,13,0.4536386952611821,0
123,103,14,-0.02358439463095127,0
123,103,15,-0.7194898549793953,0
123,103,16,-0.1571682461320299,0
123,103,17,0.04878762219523591,0
123,103,18,-0.6134984345026165,0
123,103,19,-0.4759432440237952,0
123,103,20,0.09044968091738957,0
123,103,21,0.3389252468250361,0
123,103,22,-0.0828341099493022,0
123,103,23,0.0548964345839597,0
123,103,24,0.7100227442638474,0
123,103,25,0.3918520156355599,0
123,103,26,-0.02967440712815015,0
123,103,27,0.2390924498775367,0
123,103,28,-0.08272722608026885,0
123,103,29,0.7324917078423805,0
123,103,30,0.2291913580501765,0
123,103,31,-0.05941427265509731,0
123,103,32,-0.8892108375884663,0
123,103,33,-0.02314688033748253,0
123,103,34,0.1445026080090241,0
123,103,35,0.2787120927986277,0
123,103,36,-0.2542064397265256,0
123,103,37,0.1014778513943733,0
123,103,38,0.918804308470883,0
123,103,39,0.4040647302064699,0
123,103,40,-0.07916365582941592,0
123,103,41,0.2241563725837667,0
123,103,42,0.4061593785850914,0
123,103,43,-0.05806286968580775,0
123,103,44,-0.7455070349281001,0
123,103,45,-0.1560993818503251,0
123,103,46,0.05841458289719206,0
123,103,47,-0.6046080649944866,0
123,103,48,-0.4256011920152522,0
123,103,49,0.135888116173685,0
123,103,50,0.3905111261249831,0
123,103,51,-0.02289340171879282,0
123,103,52,0.08789536874241408,0
123,103,53,0.7681631814773511,0
123,103,54,0.4148908431233905,0
123,103,55,-0.04576841762477373,0
123,103,56,0.2041418025458038,0
123,103,57,-0.1374263893594734,0
123,103,58,0.5775923001180021,0
123,103,59,0.2720742779210815,0
123,103,60,0.007300089258152709,0
123,103,61,-0.8296345201171527,0
123,103,62,0.0159027964637814,0
123,103,63,0.1293847926626774,0
123,103,64,0.3838632623619214,0
123,103,65,-0.1555192455711681,0
123,103,66,0.0416556449674144,0
123,103,67,0.903988391841124,0
123,103,68,0.4010565825211124,0
123,103,69,-0.1490939278680327,0
123,103,70,0.1499255504125654,0
123,103,71,0.3376771714929557,0
123,103,72,-0.1059583134423689,0
123,103,73,-0.800522811832824,0
123,103,74,-0.2148894398187571,0
123,103,75,0.02709174889182299,0
123,103,76,-0.5824037626869648,0
123,103,77,-0.4262524384958218,0
123,103,78,0.1193004727425266,0
123,103,79,0.4847982631000667,0
123,103,80,0.03405697135232109,0
123,103,81,0.08384129474385271,0
123,103,82,0.8584850507290707,0
123,103,83,0.4811863359762605,0
123,103,84,-0.04148502105039407,0
123,103,85,0.2195217703006575,0
123,103,86,-0.1294819521953504,0
123,103,87,0.5182391502912784,0
123,103,88,0.212031717681069,0
123,103,89,-0.113530524498767,0
123,103,90,-0.7222902232191435,0
123,103,91,-0.07528518729960232,0
123,103,92,-0.0713811611955094,0
123,103,93,0.4596466700342527,0
123,103,94,-0.1616148112618855,0
123,103,95,-0.0867782965581505,0
123,103,96,0.8722857654773595,0
123,103,97,0.3783343923676611,0
123,103,98,-0.1752172614401028,0
123,103,99,0.06119854123993574,0
123,103,100,0.2719036512830835,0
123,103,101,-0.1051033255949742,0
123,103,102,-0.8720324278678518,0
123,103,103,-0.3029969876229852,0
123,103,104,-0.00525316765698742,0
123,103,105,-0.5747744301981415,0
123,103,106,-0.4808964288363529,0
123,103,107,0.06363247371839623,0
123,103,108,0.5719485573453343,0
123,103,109,0.05524333632381215,0
123,103,110,0.05116394137014146,0
123,103,111,0.9486269906304255,0
123,103,112,0.559893653325786,0
123,103,113,-0.02061102906077904,0
123,103,114,0.282124705267931,0
123,103,115,-0.07057655074802732,0
123,103,116,0.5290138363115566,0
123,103,117,0.2139655768433454,0
123,103,118,-0.6885576178307143,0
123,103,119,-0.12112643316277,0
123,103,120,0.3663218752965408,0
123,103,121,-0.2135792843151851,0
123,103,122,0.8088086024717075,0
123,103,123,0.3809502323964204,0
123,103,124,0.0003191800355657915,0
123,103,125,0.2686928257150012,0
123,103,126,-0.920214464205856,0
123,103,127,-0.3562664037785828,0
123,103,128,-0.5870552069471981,0
123,103,129,-0.5542139508494387,0
123,103,130,0.6072594158568267,0
123,103,131,0.02903982473262944,0
123,103,132,1,0
123,103,133,0.6108165127725809,0
123,103,134,0.3560892838679898,0
123,103,135,-0.0009390159898794984,0
123,103,136,-0.002086761205037799,0
123,103,137,-0.00222104984234894,0
123,103,138,-0.0007250693177560889,0
123,103,139,-0.001327279965201539,0
123,103,140,-0.0009155461439988238,0
123,103,141,0.0001809434989665367,0
123,103,142,0.0003437985984233371,0
123,103,143,-8.7540548635606e-05,0
123,103,144,-0.0006715288813071512,0
123,103,145,-0.002346512801703183,0
123,103,146,-0.003457655625917848,0
123,103,147,-0.002262507417090281,0
123,103,148,-0.00199738553750104,0
123,103,149,-0.0007230261720103364,0
123,103,150,0.0005430849260184552,0
123,103,151,0.0001408439763909564,0
123,103,152,-0.0006604622269045039,0
123,103,153,-0.0007812015637813247,0
123,103,154,-0.002901621401461349,0
123,103,155,-0.005444729769888051,0
123,103,156,-0.003140123204034152,0
123,103,157,-0.002426448548051352,0
123,103,158,-0.001216449195338243,0
123,103,159,0.0002582785676211159,0
123,103,160,0.0003463792053161322,0
123,103,161,-0.0003018417720164166,0
123,103,162,-0.001012468742366583,0
123,103,163,-0.002608546854301931,0
123,103,164,-0.006289864445827704,0
123,103,165,-0.00350610165781682,0
123,103,166,-0.002171698590868499,0
123,103,167,-0.0005077082519244034,0
123,103,168,0.0006413270350503648,0
123,103,169,6.508660984582687e-05,0
123,103,170,-0.0009593586438876755,0
124,104,0,-0.7876378143853848,0
124,104,1,0.1285063400678638,0
124,104,2,1,0
124,104,3,0.04200125681386891,0
124,104,4,-0.2745695243758535,0
124,104,5,0.1936412540322521,0
124,104,6,0.4029087806063117,0
124,104,7,0.1627996381928403,0
124,104,8,-0.1278229728507409,0
124,104,9,-0.113501387464928,0
124,104,10,0.1070042213325627,0
124,104,11,-0.01043797593745233,0
124,104,12,-0.5294560496406926,0
124,104,13,-0.2586714157746817,0
124,104,14,-0.03673355319580401,0
124,104,15,-0.4420060853741565,0
124,104,16,-0.4554796513949506,0
124,104,17,-0.2110855771549563,0
124,104,18,0.1098678555229473,0
124,104,19,-0.2580917884768015,0
124,104,20,-0.3214693216563201,0
124,104,21,0.6221987404440372,0
124,104,22,0.1859882577888451,0
124,104,23,-0.22437991392638,0
124,104,24,0.5844797212294014,0
124,104,25,0.4703025479226813,0
124,104,26,0.02898395459557625,0
124,104,27,0.3215345158189856,0
124,104,28,0.2419109029262222,0
124,104,29,-0.02148961572561304,0
124,104,30,0.4510690037941079,0
124,104,31,-0.1283262173222341,0
124,104,32,0.2995332436831446,0
124,104,33,-0.06016039601718737,0
124,104,34,-0.5815571383064383,0
124,104,35,0.274751153859853,0
124,104,36,0.05361488128033378,0
124,104,37,-0.3308876630575665,0
124,104,38,-0.08566044054266347,0
124,104,39,0.126779729403443,0
124,104,40,0.1418154019177914,0
124,104,41,-0.3760326547447187,0
124,104,42,-0.1470563518608522,0
124,104,43,0.1045062341438058,0
124,104,44,-0.3507443378548912,0
124,104,45,-0.4553808693991209,0
124,104,46,-0.2254116195332778,0
124,104,47,0.01505379219903254,0
124,104,48,-0.4464590930036352,0
124,104,49,-0.4541003281439054,0
124,104,50,0.3937788773301077,0
124,104,51,-0.07607939715575128,0
124,104,52,-0.3377271082942678,0
124,104,53,0.3997181088543389,0
124,104,54,0.3322581378499734,0
124,104,55,0.04672221515612694,0
124,104,56,0.4073781791241687,0
124,104,57,0.3792950499029317,0
124,104,58,0.483571102677901,0
124,104,59,-0.08661615918446749,0
124,104,60,-0.503542276403102,0
124,104,61,0.0879497546495402,0
124,104,62,-0.236498627302739,0
124,104,63,-0.4248164922429861,0
124,104,64,-0.2277162435425606,0
124,104,65,-0.1880721498399882,0
124,104,66,0.09603401734846269,0
124,104,67,-0.05792129225057885,0
124,104,68,0.2164934771528103,0
124,104,69,0.6451597197608867,0
124,104,70,-0.08619900937676062,0
124,104,71,0.151842388197987,0
124,104,72,0.3984434670199632,0
124,104,73,-0.1516309050045233,0
124,104,74,-0.2064040006993826,0
124,104,75,-0.0558503424725633,0
124,104,76,-0.09656890902069641,0
124,104,77,-0.431454502487443,0
124,104,78,-0.364929882779936,0
124,104,79,0.04354851697834143,0
124,104,80,-0.283459596221708,0
124,104,81,-0.3018051821304278,0
124,104,82,0.09924536997241816,0
124,104,83,0.09482675834786085,0
124,104,84,0.05242264450152967,0
124,104,85,0.3472169938415143,0
124,104,86,0.3728533018744057,0
124,104,87,0.3880451284673616,0
124,104,88,0.1362562285212447,0
124,104,89,0.3842467003592633,0
124,104,90,-0.4213910890664468,0
124,104,91,0.02781962127220172,0
124,104,92,0.5024800384177991,0
124,104,93,-0.3713454608828062,0
124,104,94,-0.02780310990767772,0
124,104,95,0.6024594548561377,0
124,104,96,0.1720948029406847,0
124,104,97,0.5290465666463151,0
124,104,98,0.8327545657645372,0
124,104,99,0.3224218733157272,0
124,104,100,0.5331664067376611,0
124,104,101,0.447971622973606,0
124,104,102,0.1265192128578655,0
124,104,103,0.1738339766808082,0
124,104,104,0.0675336798330774,0
124,104,105,-0.1540304101341103,0
124,104,106,-0.233657993780535,0
124,104,107,-0.1760115553662018,0
124,104,108,-0.2758517024554983,0
124,104,109,-0.3568669188788964,0
124,104,110,-0.1679236451665374,0
124,104,111,-0.1907578306842804,0
124,104,112,-0.1414989883578692,0
124,104,113,0.03498471097904102,0
124,104,114,0.1744737442424761,0
124,104,115,0.2274565071382218,0
124,104,116,0.2798302337919297,0
124,104,117,0.3461013976464986,0
124,104,118,-0.5178984243834867,0
124,104,119,0.1429139673203248,0
124,104,120,0.1748812149429926,0
124,104,121,0.1383927517587364,0
124,104,122,0.5424197218977205,0
124,104,123,0.6056592039672805,0
124,104,124,0.6720773881464956,0
124,104,125,0.6408722949249582,0
124,104,126,0.3528711509565652,0
124,104,127,0.4150942388492769,0
124,104,128,-0.1534771126902097,0
124,104,129,0.002410286914250722,0
124,104,130,-0.4524209437491241,0
124,104,131,-0.2998501318510301,0
124,104,132,-0.3630221612422387,0
124,104,133,-0.2958336916902405,0
124,104,134,-0.04453426706935144,0
124,104,135,0.001270800064802773,0
124,104,136,0.007994359803366713,0
124,104,137,0.008025900859202968,0
124,104,138,0.003729832514077621,0
124,104,139,0.0005854049820746631,0
124,104,140,0.0001829416891650686,0
124,104,141,0.001377175118952135,0
124,104,142,0.002153565098686063,0
124,104,143,0.00136213909713599,0
124,104,144,0.0004215165378385678,0
124,104,145,0.01042035421697848,0
124,104,146,0.01498897469315307,0
124,104,147,0.009532571599620615,0
124,104,148,0.003425154135431107,0
124,104,149,0.001519685583308626,0
124,104,150,0.002259789039416845,0
124,104,151,0.002848711359629276,0
124,104,152,0.00159177270576484,0
124,104,153,0.002919427029732626,0
124,104,154,0.01412294969805557,0
124,104,155,0.0307110941432591,0
124,104,156,0.01679686805970603,0
124,104,157,0.006404404547082599,0
124,104,158,0.002710901627438225,0
124,104,159,0.002785988435560718,0
124,104,160,0.003265513538342467,0
124,104,161,0.001968145380130355,0
124,104,162,0.0039254370823211,0
124,104,163,0.01385008708601099,0
124,104,164,0.03470742855607614,0
124,104,165,0.01493925290795921,0
124,104,166,0.005155114469392917,0
124,104,167,0.00203458584258602,0
124,104,168,0.002170524845665716,0
124,104,169,0.002680852726910136,0
124,104,170,0.001779990606056727,0
125,105,0,-0.05997454422114456,0
125,105,1,0.4947401535241197,0
125,105,2,1,0
125,105,3,-0.4392655684944837,0
125,105,4,0.07361274957037876,0
125,105,5,0.6255971553248111,0
125,105,6,0.0003769917561863002,0
125,105,7,-0.1922539847863802,0
125,105,8,0.06783073212010707,0
125,105,9,0.2802913024734975,0
125,105,10,-0.007887968528553408,0
125,105,11,-0.2710824003778045,0
125,105,12,0.3739625683647797,0
125,105,13,0.1810949954744882,0
125,105,14,-0.1574229869435954,0
125,105,15,0.2117853691431291,0
125,105,16,0.2303461465385451,0
125,105,17,0.02424924670721389,0
125,105,18,-0.1005133530154779,0
125,105,19,0.0928981412463719,0
125,105,20,0.1254672442277648,0
125,105,21,-0.3255839102716078,0
125,105,22,-0.126900302345557,0
125,105,23,0.08381834363114522,0
125,105,24,-0.2813041402463669,0
125,105,25,-0.2510264151146347,0
125,105,26,-0.05308387192105522,0
125,105,27,-0.1750436002858061,0
125,105,28,-0.1680379299117208,0
125,105,29,0.3110717209403203,0
125,105,30,0.4045406368867728,0
125,105,31,-0.5263888097940985,0
125,105,32,0.09342097270626236,0
125,105,33,0.3433753566654913,0
125,105,34,-0.3531119808819544,0
125,105,35,0.1495094247891549,0
125,105,36,-0.02796323187207756,0
125,105,37,-0.3395163750972124,0
125,105,38,0.1744861909429261,0
125,105,39,-0.2014034795833985,0
125,105,40,-0.5183458163458822,0
125,105,41,0.2141046972799274,0
125,105,42,-0.009393061571550457,0
125,105,43,-0.2244175408734216,0
125,105,44,0.1241427082313701,0
125,105,45,0.1681662355406334,0
125,105,46,0.07427013107768392,0
125,105,47,-0.06291874252901275,0
125,105,48,0.1691503363303099,0
125,105,49,0.2310392303601278,0
125,105,50,-0.2057641452654413,0
125,105,51,-0.001022386211178678,0
125,105,52,0.1611610096424693,0
125,105,53,-0.1818878326240206,0
125,105,54,-0.1930278616316049,0
125,105,55,-0.06134890822475139,0
125,105,56,-0.2390368014293749,0
125,105,57,-0.2481782543023982,0
125,105,58,0.2245555105039518,0
125,105,59,-0.5185332723183085,0
125,105,60,-0.6743351312988054,0
125,105,61,0.1545626156627439,0
125,105,62,-0.1275969451951364,0
125,105,63,-0.2510885803172537,0
125,105,64,-0.1772225178153216,0
125,105,65,-0.242937624365016,0
125,105,66,-0.09829129215087341,0
125,105,67,-0.1154682030969695,0
125,105,68,-0.4146779193806819,0
125,105,69,-0.237655599782254,0
125,105,70,-0.06318479079208912,0
125,105,71,-0.186112708228035,0
125,105,72,-0.07241647970749093,0
125,105,73,-0.02059683551926029,0
125,105,74,0.0634781939455359,0
125,105,75,0.154759400370839,0
125,105,76,-0.001902701531695876,0
125,105,77,0.2008941082558177,0
125,105,78,0.2787686643710287,0
125,105,79,-0.007440333073766312,0
125,105,80,0.1431184765543079,0
125,105,81,0.1961803232287672,0
125,105,82,-0.01390452268682468,0
125,105,83,-0.04602567854567419,0
125,105,84,-0.03189123565346821,0
125,105,85,-0.1976499912189708,0
125,105,86,-0.2217573764555146,0
125,105,87,-0.2583951276797061,0
125,105,88,-0.1286879510069827,0
125,105,89,0.6770351695524264,0
125,105,90,-0.02180307319313288,0
125,105,91,0.1688613615046973,0
125,105,92,0.8400233858951077,0
125,105,93,-0.3045762005411717,0
125,105,94,0.06037868858607218,0
125,105,95,0.5168153423699275,0
125,105,96,-0.2728150607503877,0
125,105,97,-0.2125362693418652,0
125,105,98,0.2369146163168653,0
125,105,99,-0.2701245212318384,0
125,105,100,-0.1912568287365734,0
125,105,101,0.09929410554083458,0
125,105,102,-0.1340903470586199,0
125,105,103,-0.02416246207428517,0
125,105,104,0.1558385380415414,0
125,105,105,0.0706705526174834,0
125,105,106,0.1739436622877427,0
125,105,107,0.2031395154729103,0
125,105,108,0.1959668816129185,0
125,105,109,0.2393404635792216,0
125,105,110,0.1419456634276091,0
125,105,111,0.1578419454707186,0
125,105,112,0.119208344197086,0
125,105,113,-0.003505955076723147,0
125,105,114,-0.08166904825210092,0
125,105,115,-0.1233594875597605,0
125,105,116,-0.4627058428440387,0
125,105,117,0.1219910169146579,0
125,105,118,0.2253930764026933,0
125,105,119,0.321387956240141,0
125,105,120,0.3662843251315345,0
125,105,121,0.571596995186146,0
125,105,122,-0.1176839483036852,0
125,105,123,0.1902820352768946,0
125,105,124,-0.3064852339583704,0
125,105,125,-0.1194361622212889,0
125,105,126,-0.1721746991743737,0
125,105,127,-0.1167845398837779,0
125,105,128,0.1238469652737936,0
125,105,129,0.06504768064994268,0
125,105,130,0.3228289899647325,0
125,105,131,0.2269455086954588,0
125,105,132,0.265023046621045,0
125,105,133,0.2207322049060187,0
125,105,134,0.04968506253182833,0
125,105,135,-0.001418740803778854,0
125,105,136,-0.005538019302593972,0
125,105,137,-0.01239935545893669,0
125,105,138,-0.006635727406298189,0
125,105,139,-0.002569913014219747,0
125,105,140,-0.001351137160553826,0
125,105,141,-0.001507720444949236,0
125,105,142,-0.001599004561315608,0
125,105,143,-0.0009269252993240934,0
125,105,144,-0.00443529940996445,0
125,105,145,-0.01251147053620617,0
125,105,146,-0.02599713800532876,0
125,105,147,-0.01174340216417207,0
125,105,148,-0.004512847560548903,0
125,105,149,-0.002143781597512538,0
125,105,150,-0.001892032154440631,0
125,105,151,-0.00189809207559145,0
125,105,152,-0.00101010978495062,0
125,105,153,-0.001191295931959501,0
125,105,154,-0.008779946018547707,0
125,105,155,-0.01627268746077415,0
125,105,156,-0.006676990535045962,0
125,105,157,-0.002344840241528373,0
125,105,158,-0.001076910235667539,0
125,105,159,-0.001321401904842684,0
125,105,160,-0.001684623897707751,0
125,105,161,-0.001015953183115505,0
125,105,162,0.001910268515305422,0
125,105,163,0.0001848479307493483,0
125,105,164,0.005066898426213252,0
125,105,165,0.00133413134697327,0
125,105,166,0.0008161900351218344,0
125,105,167,0.0003420645456351128,0
125,105,168,-0.000578648226969837,0
125,105,169,-0.001262930806481323,0
125,105,170,-0.0009461401159005298,0
126,106,0,0.3316259997269183,0
126,106,1,0.2693324582202023,0
126,106,2,0.2018030530177843,0
126,106,3,0.0488180043764857,0
126,106,4,0.5679654005690947,0
126,106,5,0.7292238242545135,0
126,106,6,-0.6387095179836296,0
126,106,7,0.06690563980654853,0
126,106,8,0.6653615223319597,0
126,106,9,-0.3711862881257547,0
126,106,10,-0.1160846813317428,0
126,106,11,0.6230582835887886,0
126,106,12,-0.2143208390053695,0
126,106,13,-0.111016743496908,0
126,106,14,0.2549022306153289,0
126,106,15,-0.07664540557766229,0
126,106,16,-0.07792431592256588,0
126,106,17,0.07035597185490873,0
126,106,18,0.04452093261876826,0
126,106,19,-0.01086303423867111,0
126,106,20,0.0005739559794743469,0
126,106,21,0.1085204934661822,0
126,106,22,0.05868181230512409,0
126,106,23,0.003947285752518231,0
126,106,24,0.08719141498801709,0
126,106,25,0.08884280995013867,0
126,106,26,0.04027980182583721,0
126,106,27,0.06048059292807222,0
126,106,28,0.07001419912985703,0
126,106,29,-0.1491981722655027,0
126,106,30,-0.2746230666630795,0
126,106,31,-0.5941172722038427,0
126,106,32,0.1074680917095322,0
126,106,33,0.3024723602369633,0
126,106,34,-0.103382719288115,0
126,106,35,0.2584948175989957,0
126,106,36,0.623826180000317,0
126,106,37,0.1900152752116584,0
126,106,38,0.06386549990394136,0
126,106,39,0.5009820658360219,0
126,106,40,0.3468830205989491,0
126,106,41,-0.006648605580909795,0
126,106,42,0.1654061263515082,0
126,106,43,0.1144156122477596,0
126,106,44,0.005598612917950435,0
126,106,45,0.01787265799073257,0
126,106,46,-0.0204784946783638,0
126,106,47,0.05342562927708218,0
126,106,48,-0.003299206576384331,0
126,106,49,-0.06104694567753418,0
126,106,50,0.08394906298792958,0
126,106,51,0.04186083496762583,0
126,106,52,-0.02518308868499782,0
126,106,53,0.06435514949568689,0
126,106,54,0.08962699368937307,0
126,106,55,0.04673776210722948,0
126,106,56,0.09207357026922022,0
126,106,57,0.09981453542583522,0
126,106,58,-0.5562683611460003,0
126,106,59,-0.6206078199498598,0
126,106,60,-0.07928532964697474,0
126,106,61,-0.1373719045340554,0
126,106,62,-0.6372482206985427,0
126,106,63,-0.4686478966707013,0
126,106,64,0.6049046127949348,0
126,106,65,0.115492866762609,0
126,106,66,-0.3968916111760792,0
126,106,67,0.286634599319852,0
126,106,68,0.3379747071422988,0
126,106,69,-0.3017557559290563,0
126,106,70,0.1275409239827126,0
126,106,71,0.1175436716380721,0
126,106,72,-0.1920826994806894,0
126,106,73,0.05277503900730737,0
126,106,74,-0.01070815826857867,0
126,106,75,-0.1668161969774243,0
126,106,76,0.02712381323776561,0
126,106,77,-0.04965090276012649,0
126,106,78,-0.1331001337429907,0
126,106,79,0.02292119572518281,0
126,106,80,-0.01742157672330957,0
126,106,81,-0.06274723070648398,0
126,106,82,0.01692629244602733,0
126,106,83,0.04350789119006106,0
126,106,84,0.02542346896721153,0
126,106,85,0.08075178859309302,0
126,106,86,0.08530557754503473,0
126,106,87,-0.2329226798647005,0
126,106,88,0.3585264601217614,0
126,106,89,1,0
126,106,90,-0.2313091784908619,0
126,106,91,-0.382248179546029,0
126,106,92,0.1727178007414539,0
126,106,93,0.103024112428481,0
126,106,94,-0.4036594886793837,0
126,106,95,-0.2511035781070934,0
126,106,96,0.1216347160295292,0
126,106,97,-0.1969051686440317,0
126,106,98,-0.393783211787025,0
126,106,99,0.07958247094448015,0
126,106,100,-0.09791637293449515,0
126,106,101,-0.2372951722811574,0
126,106,102,0.01327360883067138,0
126,106,103,-0.09962154926495803,0
126,106,104,-0.1664216344259424,0
126,106,105,-0.04019177603262886,0
126,106,106,-0.1103175654102471,0
126,106,107,-0.1161996515854785,0
126,106,108,-0.05702147505840374,0
126,106,109,-0.08429243306435898,0
126,106,110,-0.05726156551754574,0
126,106,111,-0.0381638166806579,0
126,106,112,-0.02289361940805599,0
126,106,113,0.00526301282146493,0
126,106,114,0.03875927837371911,0
126,106,115,0.0459512678758818,0
126,106,116,0.5202350231003405,0
126,106,117,0.7707604850633886,0
126,106,118,0.1383848723618179,0
126,106,119,0.4135218109272912,0
126,106,120,-0.2674729087834545,0
126,106,121,-0.1917997548892174,0
126,106,122,-0.06476554637842902,0
126,106,123,-0.2760961320674225,0
126,106,124,-0.008982616432528923,0
126,106,125,-0.1198208055887062,0
126,106,126,-0.04468600452164045,0
126,106,127,-0.08533366227659174,0
126,106,128,-0.09773529029177178,0
126,106,129,-0.09876532595348228,0
126,106,130,-0.1129350218826331,0
126,106,131,-0.1007546632755117,0
126,106,132,-0.07447585510221866,0
126,106,133,-0.06719548594210577,0
126,106,134,-0.009052882060997828,0
126,106,135,0.003575229060080488,0
126,106,136,0.008682649967093361,0
126,106,137,0.02985656430930352,0
126,106,138,0.01393003126819305,0
126,106,139,0.006006369019159106,0
126,106,140,0.002950177265402469,0
126,106,141,0.001792139330478832,0
126,106,142,0.00115075447025792,0
126,106,143,0.0005280617520408433,0
126,106,144,0.0008708513932555131,0
126,106,145,0.005022631919841986,0
126,106,146,0.01665190520054787,0
126,106,147,0.0059574360074771,0
126,106,148,0.002793849535400895,0
126,106,149,0.00178268634957648,0
126,106,150,0.001273159054733993,0
126,106,151,0.0009192651406389478,0
126,106,152,0.0003788337331170868,0
126,106,153,-8.296473376863553e-05,0
126,106,154,-0.0002832478393865735,0
126,106,155,-0.01049224857021112,0
126,106,156,-0.006602159541296649,0
126,106,157,-0.003106899085582121,0
126,106,158,-0.001139865866431513,0
126,106,159,-0.0001718537062269487,0
126,106,160,0.0002679569233261937,0
126,106,161,0.000146128361912713,0
126,106,162,-0.0001781468177937321,0
126,106,163,-0.001242692557828629,0
126,106,164,-0.01374476774633152,0
126,106,165,-0.006884745366931916,0
126,106,166,-0.003611947319218536,0
126,106,167,-0.001719396845790477,0
126,106,168,-0.0005349569629391743,0
126,106,169,7.911063010770141e-05,0
126,106,170,0.0001247956388311323,0
127,110,0,0.005071863055301482,0
127,110,1,-0.00215566801204204,0
127,110,2,-0.0113134590217095,0
127,110,3,-0.003922933317887348,0
127,110,4,0.004210389652276793,0
127,110,5,0.002088623001002965,0
127,110,6,-0.03317604904263208,0
127,110,7,-0.01212677053379566,0
127,110,8,0.0006657122717712633,0
127,110,9,-0.415774141377039,0
127,110,10,-0.2511694467185417,0
127,110,11,-0.2821448905866134,0
127,110,12,-0.767499000169687,0
127,110,13,-0.4803020690370067,0
127,110,14,-0.2332464366945836,0
127,110,15,-0.981477797520946,0
127,110,16,-0.6295863746379913,0
127,110,17,-0.1204856908385578,0
127,110,18,-1,0
127,110,19,-0.6568184520148795,0
127,110,20,0.02033837636869576,0
127,110,21,-0.8195842814300551,0
127,110,22,-0.5536428188627833,0
127,110,23,0.1554440959624296,0
127,110,24,-0.4753539565165121,0
127,110,25,-0.3380230391606635,0
127,110,26,0.2647786215176094,0
127,110,27,-0.02695119057384968,0
127,110,28,0.3611096567758791,0
127,110,29,-0.006967587564474271,0
127,110,30,-0.01418723237997523,0
127,110,31,-0.01336678696870573,0
127,110,32,-0.002237752794730464,0
127,110,33,-0.00173463169047573,0
127,110,34,-0.002172856432395913,0
127,110,35,-0.01183405709283097,0
127,110,36,-0.004596001282795102,0
127,110,37,-0.006590213814604003,0
127,110,38,-0.2509994863806488,0
127,110,39,-0.3608148467175104,0
127,110,40,-0.4630132464867965,0
127,110,41,-0.4606885774505179,0
127,110,42,-0.4604532933270084,0
127,110,43,-0.3760051077299515,0
127,110,44,-0.5731493058984145,0
127,110,45,-0.4571016561292499,0
127,110,46,-0.185901854025895,0
127,110,47,-0.5660692258473322,0
127,110,48,-0.3583041836347051,0
127,110,49,0.03937435347588168,0
127,110,50,-0.4464858569447797,0
127,110,51,-0.1891757893712149,0
127,110,52,0.2510558832617654,0
127,110,53,-0.2448351047310603,0
127,110,54,0.01856925305567264,0
127,110,55,0.4163225257507908,0
127,110,56,0.2496897675127936,0
127,110,57,0.5414328699656759,0
127,110,58,-0.01717175350152177,0
127,110,59,-0.0146117244581146,0
127,110,60,-0.002278258078404441,0
127,110,61,0.001532938067299979,0
127,110,62,-0.009554791273264125,0
127,110,63,-0.005805868253282382,0
127,110,64,0.00836088746326292,0
127,110,65,-0.004259078297353369,0
127,110,66,-0.01791804384879397,0
127,110,67,-0.02432494101664426,0
127,110,68,-0.3564783916726481,0
127,110,69,-0.4903138509391812,0
127,110,70,-0.03059467241919792,0
127,110,71,-0.2973608713612885,0
127,110,72,-0.3849504169439538,0
127,110,73,-0.0115082462520515,0
127,110,74,-0.1473192118572906,0
127,110,75,-0.1816290971189837,0
127,110,76,0.01586243425453675,0
127,110,77,0.03546837657968956,0
127,110,78,0.04675091350102663,0
127,110,79,0.03536222954547379,0
127,110,80,0.2058791249943686,0
127,110,81,0.2572556453285603,0
127,110,82,0.03219736850690315,0
127,110,83,0.3286783380942845,0
127,110,84,0.4145482995531539,0
127,110,85,0.400924892404295,0
127,110,86,0.5210430439362955,0
127,110,87,-0.01406799091151418,0
127,110,88,-0.004053182352631666,0
127,110,89,0.005857317179898041,0
127,110,90,0.01211467500307846,0
127,110,91,-0.005520430932688916,0
127,110,92,-0.00439655944546573,0
127,110,93,0.01719588374092082,0
127,110,94,-0.003910809941140958,0
127,110,95,-0.01920265519958842,0
127,110,96,0.2056674095162754,0
127,110,97,-0.2327141911978314,0
127,110,98,-0.3382479683682528,0
127,110,99,0.4084156561875141,0
127,110,100,-0.02808010602589559,0
127,110,101,-0.2471111164482381,0
127,110,102,0.5511216555604427,0
127,110,103,0.2147721634165133,0
127,110,104,-0.1104334879396187,0
127,110,105,0.5885769900999595,0
127,110,106,0.4143730892993406,0
127,110,107,0.03548211105711173,0
127,110,108,0.498856576629709,0
127,110,109,0.5230327897386498,0
127,110,110,0.1671665692150638,0
127,110,111,0.2925055204297183,0
127,110,112,0.5157077726817914,0
127,110,113,0.2623672212529048,0
127,110,114,0.4063533221983044,0
127,110,115,0.3182077405978143,0
127,110,116,-0.004601217829062458,0
127,110,117,0.0006618938443565542,0
127,110,118,0.02529376615387609,0
127,110,119,0.006545805917463007,0
127,110,120,0.02429259573150249,0
127,110,121,0.01153562366986586,0
127,110,122,0.4199645730338971,0
127,110,123,0.02130865521310087,0
127,110,124,0.7624148696765428,0
127,110,125,0.3026720687529193,0
127,110,126,0.9714957622647243,0
127,110,127,0.5398192755488992,0
127,110,128,0.9952138091791185,0
127,110,129,0.6736335817300809,0
127,110,130,0.8140392612727742,0
127,110,131,0.6704440413130153,0
127,110,132,0.459591912720791,0
127,110,133,0.5254833174214314,0
127,110,134,0.2710931076778716,0
127,110,135,0.001401253909055293,0
127,110,136,0.003196745882018995,0
127,110,137,0.007217557414844913,0
127,110,138,0.03950195439789601,0
127,110,139,0.06849241313955605,0
127,110,140,0.08568088808687964,0
127,110,141,0.08659292658111215,0
127,110,142,0.07093184935355326,0
127,110,143,0.04140381579762359,0
127,110,144,0.002165936598452775,0
127,110,145,0.004951667105954877,0
127,110,146,0.01054220634195915,0
127,110,147,0.06320518142776434,0
127,110,148,0.1090734030809649,0
127,110,149,0.1352027208597408,0
127,110,150,0.1354581685288867,0
127,110,151,0.109618311129995,0
127,110,152,0.06265974725773542,0
127,110,153,0.002147387782173459,0
127,110,154,0.004897442240824192,0
127,110,155,0.01011641178100424,0
127,110,156,0.06489147063707601,0
127,110,157,0.1106107083760576,0
127,110,158,0.1355759757939624,0
127,110,159,0.1346416294901765,0
127,110,160,0.1078164973785261,0
127,110,161,0.06071119827710554,0
127,110,162,0.001368289549427185,0
127,110,163,0.003141486828795272,0
127,110,164,0.00655287074721783,0
127,110,165,0.0436589350126985,0
127,110,166,0.07193335378905373,0
127,110,167,0.08656858274975558,0
127,110,168,0.0849304071822783,0
127,110,169,0.06719081490643659,0
127,110,170,0.03719307895868475,0
128,114,0,0.09717046183460691,0
128,114,1,0.04291322136746134,0
128,114,2,-0.002326123739336978,0
128,114,3,-0.04045207648255774,0
128,114,4,0.02809754962007932,0
128,114,5,0.01507709963934143,0
128,114,6,0.004921567168514061,0
128,114,7,-0.02790313375093141,0
128,114,8,0.005474426449840125,0
128,114,9,0.5497915568808105,0
128,114,10,0.2670153212378226,0
128,114,11,0.2520843035010502,0
128,114,12,0.8280880179391606,0
128,114,13,0.4343258352097554,0
128,114,14,-0.05487088608528638,0
128,114,15,0.5965485671846983,0
128,114,16,0.3108598693490749,0
128,114,17,-0.4525459377579529,0
128,114,18,0.0273184196683976,0
128,114,19,-0.009909353613510787,0
128,114,20,-0.6137613102208059,0
128,114,21,-0.4433603278981548,0
128,114,22,-0.2655038522595578,0
128,114,23,-0.3726836593258144,0
128,114,24,-0.4732372598881875,0
128,114,25,-0.2472091461572065,0
128,114,26,0.1330399014018318,0
128,114,27,0.08306864938882363,0
128,114,28,0.6338763096460067,0
128,114,29,0.08171506038426639,0
128,114,30,0.03249130721747508,0
128,114,31,-0.003993757162653907,0
128,114,32,-0.02546347812191787,0
128,114,33,0.05124909293626905,0
128,114,34,0.04749163541030275,0
128,114,35,-0.03199192819487594,0
128,114,36,-0.02403175618848719,0
128,114,37,0.02710167124467315,0
128,114,38,0.2745091777806172,0
128,114,39,0.3047312621062839,0
128,114,40,0.3865565337052699,0
128,114,41,0.408943077466909,0
128,114,42,0.152507043219901,0
128,114,43,-0.1184060481552965,0
128,114,44,0.2428395304551057,0
128,114,45,-0.231199902642686,0
128,114,46,-0.7439290273124388,0
128,114,47,-0.08484460193356388,0
128,114,48,-0.5287324653388941,0
128,114,49,-0.9594609753484601,0
128,114,50,-0.3127780145505296,0
128,114,51,-0.4638413261627429,0
128,114,52,-0.5394677673832193,0
128,114,53,-0.2711922866181133,0
128,114,54,-0.03766081018824194,0
128,114,55,0.2653937454297112,0
128,114,56,0.5230270589451764,0
128,114,57,0.9930165488361287,0
128,114,58,0.03263707394609743,0
128,114,59,0.002504346147310799,0
128,114,60,-0.01573559430603441,0
128,114,61,-0.002553781516652719,0
128,114,62,0.06698224315680573,0
128,114,63,0.06770280338952096,0
128,114,64,-0.03860771234177177,0
128,114,65,0.01160888818877174,0
128,114,66,0.05108634194086584,0
128,114,67,-0.0252860532966361,0
128,114,68,0.2581756849625562,0
128,114,69,0.3928753131535984,0
128,114,70,-0.05383390874727373,0
128,114,71,-0.1369459348998725,0
128,114,72,-0.1477622587175291,0
128,114,73,-0.1039258812036269,0
128,114,74,-0.6258271146994122,0
128,114,75,-0.7752028086292221,0
128,114,76,-0.129436148611256,0
128,114,77,-0.7933469289228893,0
128,114,78,-0.9555049540998318,0
128,114,79,-0.1053234356206942,0
128,114,80,-0.4632730258414822,0
128,114,81,-0.498350487612421,0
128,114,82,-0.04261309277237318,0
128,114,83,0.1712138001578209,0
128,114,84,0.3160510651703806,0
128,114,85,0.7343255582939688,0
128,114,86,1,0
128,114,87,-0.04648203515007963,0
128,114,88,-0.04514457849027317,0
128,114,89,-0.02616472533591805,0
128,114,90,0.0125188136397526,0
128,114,91,0.03899529404044617,0
128,114,92,0.04579669523559075,0
128,114,93,-6.357671137364418e-05,0
128,114,94,0.05302567242934796,0
128,114,95,0.04516401154070059,0
128,114,96,-0.260736805441884,0
128,114,97,0.1569289330898951,0
128,114,98,0.2682950367872573,0
128,114,99,-0.4148987390061173,0
128,114,100,-0.3308639049976533,0
128,114,101,-0.1184184778240462,0
128,114,102,-0.315884486506852,0
128,114,103,-0.734016099993155,0
128,114,104,-0.5192005924493716,0
128,114,105,-0.04816229050551449,0
128,114,106,-0.7120680120754149,0
128,114,107,-0.6087380124550937,0
128,114,108,0.1780608853628129,0
128,114,109,-0.2573432186888245,0
128,114,110,-0.2916089693151448,0
128,114,111,0.2039501361008146,0
128,114,112,0.3295860261756881,0
128,114,113,0.2346400255699725,0
128,114,114,0.680823379098454,0
128,114,115,0.6389821073120898,0
128,114,116,-0.1148828054036277,0
128,114,117,-0.06801725547007112,0
128,114,118,0.00743372962325614,0
128,114,119,-0.02600653479622055,0
128,114,120,0.03887970659622749,0
128,114,121,0.05110344989433517,0
128,114,122,-0.4425068747382917,0
128,114,123,-0.02795236961457237,0
128,114,124,-0.608314836072306,0
128,114,125,-0.3931728265633996,0
128,114,126,-0.3237584691203618,0
128,114,127,-0.5089899957916815,0
128,114,128,0.1733931026199062,0
128,114,129,-0.2864388721140457,0
128,114,130,0.496331192906283,0
128,114,131,0.1032485812459662,0
128,114,132,0.4143324680148198,0
128,114,133,0.3820912163614752,0
128,114,134,0.373170924643851,0
128,114,135,-0.002948927208290527,0
128,114,136,-0.007971282751504518,0
128,114,137,-0.01758788863437772,0
128,114,138,-0.05604650462721852,0
128,114,139,-0.06786112617354864,0
128,114,140,-0.03799870996938551,0
128,114,141,0.01509313349999934,0
128,114,142,0.05347719001068303,0
128,114,143,0.04976266385489587,0
128,114,144,-0.004390102328509485,0
128,114,145,-0.01203003264287573,0
128,114,146,-0.02558826123529865,0
128,114,147,-0.08474401959974064,0
128,114,148,-0.09961369713233686,0
128,114,149,-0.04942310718999359,0
128,114,150,0.03310659714854039,0
128,114,151,0.0884289699659508,0
128,114,152,0.07682252306439447,0
128,114,153,-0.004184799183519369,0
128,114,154,-0.01151396768285522,0
128,114,155,-0.02383172217293796,0
128,114,156,-0.08184019032058407,0
128,114,157,-0.09231637163825444,0
128,114,158,-0.03832858715981458,0
128,114,159,0.04376532739351667,0
128,114,160,0.09454229740307575,0
128,114,161,0.0774553933532042,0
128,114,162,-0.002558449922388156,0
128,114,163,-0.007099767786020178,0
128,114,164,-0.01467927231871625,0
128,114,165,-0.05199475953019435,0
128,114,166,-0.05460478132315704,0
128,114,167,-0.01668194432107167,0
128,114,168,0.0358221434090651,0
128,114,169,0.06513746943281851,0
128,114,170,0.05008284033290928,0
129,116,0,-0.4081564713769619,0
129,116,1,-0.1696148780336036,0
129,116,2,0.04101419006518953,0
129,116,3,0.2015771910163071,0
129,116,4,-0.1143243276412323,0
129,116,5,-0.0593084105621083,0
129,116,6,0.1013425219263032,0
129,116,7,0.1573804764071478,0
129,116,8,-0.03173767953191827,0
129,116,9,-0.09229982847263965,0
129,116,10,0.1926579289271025,0
129,116,11,0.4425652486520611,0
129,116,12,-0.2345696099875422,0
129,116,13,0.1344078029027911,0
129,116,14,0.6329422187242343,0
129,116,15,-0.3770644842524367,0
129,116,16,-0.03161585883901001,0
129,116,17,0.4899231690737924,0
129,116,18,-0.5364301375325873,0
129,116,19,-0.2736981548947989,0
129,116,20,0.1409668798515567,0
129,116,21,-0.6055974656564662,0
129,116,22,-0.4677761722577373,0
129,116,23,-0.1647512334654934,0
129,116,24,-0.4646587664975572,0
129,116,25,-0.4915127164294959,0
129,116,26,-0.2981398844259641,0
129,116,27,-0.2443044555267699,0
129,116,28,-0.1973967486198074,0
129,116,29,-0.3221426908026263,0
129,116,30,-0.09475379672363494,0
129,116,31,0.06355334839586423,0
129,116,32,0.1512297865382238,0
129,116,33,-0.1674007745840524,0
129,116,34,-0.1422843058813726,0
129,116,35,0.1505335469409929,0
129,116,36,0.1142771839582417,0
129,116,37,-0.08226894216139681,0
129,116,38,0.008455073329546817,0
129,116,39,0.5168867745889153,0
129,116,40,0.7287869722659408,0
129,116,41,-0.1212366011139523,0
129,116,42,0.5901732242994235,0
129,116,43,0.9993052950559003,0
129,116,44,-0.2222650925111782,0
129,116,45,0.3575489304041354,0
129,116,46,0.7541443096845507,0
129,116,47,-0.2900256947814449,0
129,116,48,-0.04282773096553701,0
129,116,49,0.2094772471687867,0
129,116,50,-0.2930966809053076,0
129,116,51,-0.3654255470321378,0
129,116,52,-0.2580957328892476,0
129,116,53,-0.2049277921086987,0
129,116,54,-0.474028572196811,0
129,116,55,-0.466553030541817,0
129,116,56,-0.2994331438216056,0
129,116,57,-0.3491684804208764,0
129,116,58,-0.1317529475272618,0
129,116,59,0.006550645659761696,0
129,116,60,0.06288190399980177,0
129,116,61,0.0786658569272031,0
129,116,62,-0.1820088766787613,0
129,116,63,-0.19309919964092,0
129,116,64,0.1118529647939605,0
129,116,65,0.00579939916333552,0
129,116,66,-0.1209033097799043,0
129,116,67,0.007541422392830268,0
129,116,68,0.6070692481148108,0
129,116,69,0.7469663963094576,0
129,116,70,-0.04236779150040134,0
129,116,71,0.7537302287963873,0
129,116,72,1,0
129,116,73,0.01402931092917374,0
129,116,74,0.5665047461522248,0
129,116,75,0.7348294064181525,0
129,116,76,0.1376370346072583,0
129,116,77,0.2172992216201311,0
129,116,78,0.1912742555255274,0
129,116,79,0.217832898110949,0
129,116,80,-0.07116487796123987,0
129,116,81,-0.2685041351215511,0
129,116,82,0.1734899560597302,0
129,116,83,-0.2311983890800043,0
129,116,84,-0.4758393515593528,0
129,116,85,-0.2455380751776762,0
129,116,86,-0.3916881675931904,0
129,116,87,0.1076702460925936,0
129,116,88,0.1151140345654672,0
129,116,89,0.05727867429688518,0
129,116,90,0.009696350947601323,0
129,116,91,-0.1035207218583583,0
129,116,92,-0.1332648946939677,0
129,116,93,-0.02818117512935593,0
129,116,94,-0.1131715030009188,0
129,116,95,-0.09132634513715882,0
129,116,96,-0.1413128371661005,0
129,116,97,0.3993773255704804,0
129,116,98,0.4823718358818307,0
129,116,99,-0.1236345197230124,0
129,116,100,0.5297316237449808,0
129,116,101,0.6326810886515222,0
129,116,102,0.1164957525573791,0
129,116,103,0.4635741143969847,0
129,116,104,0.4553911757836774,0
129,116,105,0.4666310952374016,0
129,116,106,0.3379101797549549,0
129,116,107,0.1131969035579094,0
129,116,108,0.6583127985735099,0
129,116,109,0.2353344628428047,0
129,116,110,-0.1764753682953792,0
129,116,111,0.5018862402251272,0
129,116,112,0.1023921186719742,0
129,116,113,-0.3115141627109775,0
129,116,114,-0.09808047553864754,0
129,116,115,-0.2796894984155874,0
129,116,116,0.2858112788026662,0
129,116,117,0.1650363324284876,0
129,116,118,-0.01533228567475921,0
129,116,119,0.05781033413179773,0
129,116,120,-0.1669968849700084,0
129,116,121,-0.1456929495047086,0
129,116,122,-0.3510724596103071,0
129,116,123,-0.0148397305282663,0
129,116,124,-0.3358289896800264,0
129,116,125,-0.001506977307272044,0
129,116,126,0.007475507593086148,0
129,116,127,0.0718299721312749,0
129,116,128,0.509987009002594,0
129,116,129,0.2448296785396092,0
129,116,130,0.8033708987777448,0
129,116,131,0.4094898860207198,0
129,116,132,0.626550423589714,0
129,116,133,0.3882472814327101,0
129,116,134,0.1083023677756713,0
129,116,135,0.00570179316874119,0
129,116,136,0.01680000801280406,0
129,116,137,0.03605311328962341,0
129,116,138,0.02391649780968518,0
129,116,139,0.002041204116362362,0
129,116,140,-0.007800176130300551,0
129,116,141,0.001076492043319314,0
129,116,142,0.01590698469674961,0
129,116,143,0.02057442718359039,0
129,116,144,0.008331134366417227,0
129,116,145,0.02512174841405639,0
129,116,146,0.05337161402783664,0
129,116,147,0.02947505470943926,0
129,116,148,-0.004020370627215445,0
129,116,149,-0.01584278336747608,0
129,116,150,0.0008641055460119629,0
129,116,151,0.02438734913840629,0
129,116,152,0.03029031541194826,0
129,116,153,0.007702316673301983,0
129,116,154,0.02370943772720183,0
129,116,155,0.04933138916281469,0
129,116,156,0.01949215383919811,0
129,116,157,-0.01520193558442164,0
129,116,158,-0.02507456718583103,0
129,116,159,-0.006121026160627285,0
129,116,160,0.0189025927228927,0
129,116,161,0.02596400263743089,0
129,116,162,0.004570299725648296,0
129,116,163,0.01424501438877407,0
129,116,164,0.02917745015488122,0
129,116,165,0.005999885743230741,0
129,116,166,-0.01749142411138447,0
129,116,167,-0.02373892396882977,0
129,116,168,-0.01137149224946081,0
129,116,169,0.005456118034659972,0
129,116,170,0.01188064187645641,0
130,117,0,-0.05446796135431187,0
130,117,1,-0.03654485788819174,0
130,117,2,-0.02358208715016108,0
130,117,3,0.07285321682336697,0
130,117,4,0.02151594688235842,0
130,117,5,0.01838314605653661,0
130,117,6,-0.0250763467546892,0
130,117,7,0.05572900188892525,0
130,117,8,0.05088280299080556,0
130,117,9,0.2543083707331695,0
130,117,10,0.2464596619843972,0
130,117,11,0.4445932283456802,0
130,117,12,0.5144482211804996,0
130,117,13,0.4177850741916582,0
130,117,14,0.4315582778120178,0
130,117,15,0.7193591430781076,0
130,117,16,0.5272752854450782,0
130,117,17,0.3167467731822052,0
130,117,18,0.8124695341940893,0
130,117,19,0.5511779834145153,0
130,117,20,0.1165145131263088,0
130,117,21,0.7307696931514189,0
130,117,22,0.4626760899811313,0
130,117,23,-0.1329744122378964,0
130,117,24,0.4528258047972085,0
130,117,25,0.2549434758131226,0
130,117,26,-0.371496233463892,0
130,117,27,-0.05840519954134543,0
130,117,28,-0.5588604234064799,0
130,117,29,-0.09480733102733821,0
130,117,30,-0.06663192053544097,0
130,117,31,-0.0223980825744683,0
130,117,32,0.0368572660990274,0
130,117,33,-0.02691721056965825,0
130,117,34,-0.02396192827457751,0
130,117,35,0.04491950908902613,0
130,117,36,0.07955158546717818,0
130,117,37,0.01716006797535903,0
130,117,38,-0.158866421787355,0
130,117,39,0.2668374344833633,0
130,117,40,0.3560256645242497,0
130,117,41,-0.3603724163567072,0
130,117,42,0.1222592496901702,0
130,117,43,0.3541539599718821,0
130,117,44,-0.4726622878710707,0
130,117,45,-0.05537865651359158,0
130,117,46,0.2811710412723173,0
130,117,47,-0.4683824016336628,0
130,117,48,-0.2231057918248639,0
130,117,49,0.1333397208173012,0
130,117,50,-0.3791562884561008,0
130,117,51,-0.3643110247159464,0
130,117,52,-0.07679916843592294,0
130,117,53,-0.2317988774653191,0
130,117,54,-0.4494593033848739,0
130,117,55,-0.2766491807403854,0
130,117,56,-0.4352293040221439,0
130,117,57,-0.3903876815933859,0
130,117,58,-0.09311199687142124,0
130,117,59,-0.03593870088053697,0
130,117,60,0.03652063394905074,0
130,117,61,-0.005105808885654567,0
130,117,62,-0.08626483954322191,0
130,117,63,-0.05971989261152312,0
130,117,64,0.07133216190014334,0
130,117,65,0.01448445477245092,0
130,117,66,-0.05770739450621086,0
130,117,67,-0.4079283227744945,0
130,117,68,-0.008943069518207411,0
130,117,69,-0.09113969490881139,0
130,117,70,-0.8018995101378467,0
130,117,71,-0.2753973419241846,0
130,117,72,-0.01969424230360144,0
130,117,73,-1,0
130,117,74,-0.4700846726048507,0
130,117,75,0.06403328876549585,0
130,117,76,-0.9760199156418276,0
130,117,77,-0.5660602481171683,0
130,117,78,0.1130661187631614,0
130,117,79,-0.7639792381224333,0
130,117,80,-0.5716518567531247,0
130,117,81,0.1007101747408088,0
130,117,82,-0.4302663360531289,0
130,117,83,-0.4824920382515285,0
130,117,84,0.05753206749467359,0
130,117,85,-0.2701746003372003,0
130,117,86,0.06399530150425137,0
130,117,87,-0.004559720935107149,0
130,117,88,0.05388111731522699,0
130,117,89,0.07386707795509899,0
130,117,90,-0.007902111023653065,0
130,117,91,-0.05481828189082377,0
130,117,92,-0.03963666379571995,0
130,117,93,0.007817680192451873,0
130,117,94,-0.06775748381785263,0
130,117,95,-0.07825425471148142,0
130,117,96,-0.2324766224635036,0
130,117,97,-0.2432489054581395,0
130,117,98,-0.3595361492428307,0
130,117,99,-0.3591872489384765,0
130,117,100,-0.2882857404346234,0
130,117,101,-0.228494806613608,0
130,117,102,-0.3713977573819773,0
130,117,103,-0.240888571072884,0
130,117,104,-0.0652454451675958,0
130,117,105,-0.3002202340122687,0
130,117,106,-0.1466349198567587,0
130,117,107,0.08257797124571317,0
130,117,108,-0.1879880978567352,0
130,117,109,-0.05417759602899809,0
130,117,110,0.1799698800217214,0
130,117,111,-0.0736316511062744,0
130,117,112,0.02101516843839009,0
130,117,113,0.2300088500308202,0
130,117,114,0.09296645040656498,0
130,117,115,0.2612714408422976,0
130,117,116,0.1004970259725244,0
130,117,117,0.08489377845773731,0
130,117,118,0.02974393291272154,0
130,117,119,0.04124105131686158,0
130,117,120,-0.05025603559188152,0
130,117,121,-0.0519140458188372,0
130,117,122,0.3586215402761113,0
130,117,123,-0.03485861025288849,0
130,117,124,0.7172148044925101,0
130,117,125,0.2734336774064815,0
130,117,126,0.9411427262285773,0
130,117,127,0.5329201890972324,0
130,117,128,0.9738345047233082,0
130,117,129,0.6772687399949963,0
130,117,130,0.8040488354353547,0
130,117,131,0.6690318999691808,0
130,117,132,0.4600708182220961,0
130,117,133,0.5137564721061877,0
130,117,134,0.2510521655584828,0
130,117,135,0.00148959415695967,0
130,117,136,0.004201460223648599,0
130,117,137,0.009567005623919099,0
130,117,138,-0.02230205863654476,0
130,117,139,-0.05365949685304571,0
130,117,140,-0.07592965618055639,0
130,117,141,-0.08335675651886555,0
130,117,142,-0.07254932785956961,0
130,117,143,-0.04411488135941272,0
130,117,144,0.001997194385305469,0
130,117,145,0.005959321113394489,0
130,117,146,0.01295260468452877,0
130,117,147,-0.008731519252206624,0
130,117,148,-0.02743568550610984,0
130,117,149,-0.04103714125231137,0
130,117,150,-0.04669783805815345,0
130,117,151,-0.04064480009153432,0
130,117,152,-0.02324254542403601,0
130,117,153,0.001805338042813927,0
130,117,154,0.005411103320403616,0
130,117,155,0.01054500568188854,0
130,117,156,0.02562820719519987,0
130,117,157,0.03985835723079095,0
130,117,158,0.04572062190914564,0
130,117,159,0.04182848734392534,0
130,117,160,0.03166890178852753,0
130,117,161,0.01861046958901976,0
130,117,162,0.001085368982348515,0
130,117,163,0.00330665936146631,0
130,117,164,0.006520860183241967,0
130,117,165,0.04173942702568918,0
130,117,166,0.06873881564389317,0
130,117,167,0.08080222644612808,0
130,117,168,0.07629142768513743,0
130,117,169,0.05843625076235692,0
130,117,170,0.03190750788712612,0
131,118,0,0.3528099631273907,0
131,118,1,0.1560093757587713,0
131,118,2,-0.02260554278668433,0
131,118,3,-0.2457944224346152,0
131,118,4,0.06238670913116443,0
131,118,5,0.02826603302082199,0
131,118,6,-0.1192551699182305,0
131,118,7,-0.1682749690871427,0
131,118,8,0.02136397616075314,0
131,118,9,-0.4042983476524185,0
131,118,10,-0.4118247950870149,0
131,118,11,-0.6357568443376695,0
131,118,12,-0.1116867850766595,0
131,118,13,-0.1683557087905007,0
131,118,14,-0.02292277319253228,0
131,118,15,0.5769939834352917,0
131,118,16,0.3815101814530104,0
131,118,17,0.5714634496740179,0
131,118,18,0.6073809040168346,0
131,118,19,0.4831466857345364,0
131,118,20,0.2205936693330525,0
131,118,21,-0.2239504376192567,0
131,118,22,-0.05737286361408832,0
131,118,23,-0.4881589936456543,0
131,118,24,-0.7593465929154635,0
131,118,25,-0.4803177612014313,0
131,118,26,-0.3856605839256514,0
131,118,27,-0.05142125201827766,0
131,118,28,0.5526291492744021,0
131,118,29,0.3172907725649685,0
131,118,30,0.1087328279240528,0
131,118,31,-0.06020867837320765,0
131,118,32,-0.2181876399361707,0
131,118,33,0.07954210673455253,0
131,118,34,0.04215375861190964,0
131,118,35,-0.1184296265626811,0
131,118,36,-0.1352305578197628,0
131,118,37,0.03856446326958774,0
131,118,38,-0.0605285112679645,0
131,118,39,-0.6419635728575345,0
131,118,40,-0.9263206810966382,0
131,118,41,0.2632306327089063,0
131,118,42,0.08583619040052572,0
131,118,43,0.04846584051873305,0
131,118,44,0.5520809453382938,0
131,118,45,0.8102736019959258,0
131,118,46,0.8546416234507335,0
131,118,47,0.256884104930903,0
131,118,48,0.420669043969746,0
131,118,49,0.179932667042173,0
131,118,50,-0.4173844619681432,0
131,118,51,-0.5595420607865126,0
131,118,52,-0.8606281916124094,0
131,118,53,-0.6227455571193051,0
131,118,54,-0.6948829038568927,0
131,118,55,-0.5296020089904401,0
131,118,56,0.3428798350804751,0
131,118,57,0.9319962240738391,0
131,118,58,0.2316277662860695,0
131,118,59,0.05455197557978352,0
131,118,60,-0.04983221773336079,0
131,118,61,-0.1958196873881075,0
131,118,62,0.06470304708481399,0
131,118,63,0.05738101264607981,0
131,118,64,-0.08548913466795156,0
131,118,65,-0.0949621163646158,0
131,118,66,0.0450934200235419,0
131,118,67,0.283897244806548,0
131,118,68,-0.6038288428746784,0
131,118,69,-0.8791815011193165,0
131,118,70,0.4704385352853118,0
131,118,71,0.3188437163084968,0
131,118,72,0.1125617059118487,0
131,118,73,0.2496734623253288,0
131,118,74,0.8626492800891439,0
131,118,75,0.8094152761459497,0
131,118,76,-0.2257125722065967,0
131,118,77,0.08602346169361831,0
131,118,78,0.03785038654929146,0
131,118,79,-0.5167921358964154,0
131,118,80,-0.9211584729943659,0
131,118,81,-0.9284974457675828,0
131,118,82,-0.3712023828163857,0
131,118,83,-0.6696441516956224,0
131,118,84,-0.4486942043218395,0
131,118,85,0.5921501626486736,0
131,118,86,1,0
131,118,87,0.1394460072706785,0
131,118,88,0.03476311471135942,0
131,118,89,-0.01271215246023119,0
131,118,90,-0.1720763834496808,0
131,118,91,0.03721348262525666,0
131,118,92,0.04974419796111335,0
131,118,93,-0.02593161940220442,0
131,118,94,-0.05603255046976599,0
131,118,95,0.03136154953107675,0
131,118,96,0.6059000498027409,0
131,118,97,-0.3281199292666809,0
131,118,98,-0.5394136090796456,0
131,118,99,0.59456107327576,0
131,118,100,0.4960709123191233,0
131,118,101,0.1188070032200875,0
131,118,102,-0.09263431125831199,0
131,118,103,0.6497618785258518,0
131,118,104,0.4775748384747843,0
131,118,105,-0.609497061987031,0
131,118,106,-0.2560122284665594,0
131,118,107,-0.08039552951998219,0
131,118,108,-0.4552742024860298,0
131,118,109,-0.9499285004746686,0
131,118,110,-0.633931198661442,0
131,118,111,-0.044615188014705,0
131,118,112,-0.4293219392168034,0
131,118,113,-0.2172963486890404,0
131,118,114,0.6075315917778813,0
131,118,115,0.6889346745767925,0
131,118,116,0.08899073038346397,0
131,118,117,0.03608535559177084,0
131,118,118,-0.1470280048185699,0
131,118,119,-0.002159046797443259,0
131,118,120,0.02898947487315073,0
131,118,121,-0.03845201578526271,0
131,118,122,0.8424128015040779,0
131,118,123,0.1002732827539121,0
131,118,124,0.6078633932934087,0
131,118,125,0.5424458998809286,0
131,118,126,-0.3346904838589642,0
131,118,127,0.2766745099798867,0
131,118,128,-0.6790982687903869,0
131,118,129,-0.3737567208937824,0
131,118,130,-0.1318898430759766,0
131,118,131,-0.5241964711911513,0
131,118,132,0.3165082414005465,0
131,118,133,-0.03931376224530875,0
131,118,134,0.3521355439031753,0
131,118,135,-0.000971587399757041,0
131,118,136,-0.003315171029930215,0
131,118,137,-0.006055405487528548,0
131,118,138,0.04965443145449079,0
131,118,139,0.04291615699688851,0
131,118,140,-0.02287407354545829,0
131,118,141,-0.0503322657771115,0
131,118,142,-0.0007551299954407116,0
131,118,143,0.04532573380997085,0
131,118,144,-0.001313155985438325,0
131,118,145,-0.004689068988312421,0
131,118,146,-0.009505373855890389,0
131,118,147,0.07176758643689833,0
131,118,148,0.05116473699615885,0
131,118,149,-0.04867762595660524,0
131,118,150,-0.07480801680403397,0
131,118,151,0.01261772557316664,0
131,118,152,0.07675706016827198,0
131,118,153,-0.0009753411951069431,0
131,118,154,-0.004220558378078754,0
131,118,155,-0.008532928943655021,0
131,118,156,0.06937235878923821,0
131,118,157,0.04172228690506226,0
131,118,158,-0.05416489718298195,0
131,118,159,-0.06621427936851808,0
131,118,160,0.02765160055053303,0
131,118,161,0.08333705042573541,0
131,118,162,-0.0005212587126109305,0
131,118,163,-0.002307531891413341,0
131,118,164,-0.004398684396537453,0
131,118,165,0.04395881218723575,0
131,118,166,0.02107424025458943,0
131,118,167,-0.03623773990328454,0
131,118,168,-0.03297663285357359,0
131,118,169,0.0310820012968275,0
131,118,170,0.05884774018179541,0
132,125,0,-0.4693789174003875,0
132,125,1,-0.2291115717736154,0
132,125,2,-0.009198797388341704,0
132,125,3,0.4256943303838783,0
132,125,4,-0.0264883393805777,0
132,125,5,-0.003208832272988411,0
132,125,6,0.1494699909734369,0
132,125,7,0.2586232649310837,0
132,125,8,-0.01066464279677934,0
132,125,9,-0.4683477696819397,0
132,125,10,-0.1370044483161538,0
132,125,11,-0.03344762410704966,0
132,125,12,-0.7817092863728045,0
132,125,13,-0.5409199778344305,0
132,125,14,-0.2259197786171022,0
132,125,15,-0.2601353248082425,0
132,125,16,-0.4085619702186118,0
132,125,17,-0.07944308351772666,0
132,125,18,0.5913214110660325,0
132,125,19,0.104227517214316,0
132,125,20,-0.02303931571702947,0
132,125,21,0.8321998995440797,0
132,125,22,0.4304656896288204,0
132,125,23,-0.2185050440440558,0
132,125,24,0.3942932945804495,0
132,125,25,0.4007468781490833,0
132,125,26,-0.143542602480373,0
132,125,27,0.30104898710661,0
132,125,28,0.4001661957902549,0
132,125,29,-0.496646154619619,0
132,125,30,-0.2115216414378942,0
132,125,31,0.06269600837696666,0
132,125,32,0.4038258241465146,0
132,125,33,-0.02996558738985219,0
132,125,34,0.04161695985557072,0
132,125,35,0.1419455463805172,0
132,125,36,0.2395050555284186,0
132,125,37,-0.009677537730802993,0
132,125,38,-0.6669503728295272,0
132,125,39,-0.2794103856261314,0
132,125,40,-0.1991869170591227,0
132,125,41,-0.9721609475060424,0
132,125,42,-0.811858625808321,0
132,125,43,-0.3739596036070477,0
132,125,44,-0.3701049701982236,0
132,125,45,-0.5158992502226331,0
132,125,46,-0.006197605677309101,0
132,125,47,0.5757922754927819,0
132,125,48,0.09083392053590042,0
132,125,49,0.09085630065683295,0
132,125,50,1,0
132,125,51,0.3748593516697779,0
132,125,52,-0.2778034044204111,0
132,125,53,0.6937093853332343,0
132,125,54,0.4732041322240377,0
132,125,55,-0.2239686575209476,0
132,125,56,0.5741981782906503,0
132,125,57,0.4604478179614432,0
132,125,58,-0.4994196058471508,0
132,125,59,-0.1765344520926618,0
132,125,60,0.06385179691656905,0
132,125,61,0.418697077849045,0
132,125,62,0.001884597539707454,0
132,125,63,0.04706322645326564,0
132,125,64,0.1343054876581214,0
132,125,65,0.2455023108087405,0
132,125,66,-0.01214686547329937,0
132,125,67,-0.6956326414535574,0
132,125,68,-0.3928557890285918,0
132,125,69,-0.3135270326889348,0
132,125,70,-0.957323286918543,0
132,125,71,-0.8720395727928535,0
132,125,72,-0.3760702690224923,0
132,125,73,-0.4575164040190445,0
132,125,74,-0.480085410147262,0
132,125,75,0.09131098463764752,0
132,125,76,0.3743818045340814,0
132,125,77,0.06282256931834312,0
132,125,78,0.1757822211476499,0
132,125,79,0.9127850130909387,0
132,125,80,0.2644134345074243,0
132,125,81,-0.2426214125300745,0
132,125,82,0.7778093751967902,0
132,125,83,0.4397819249545999,0
132,125,84,-0.2227781174442848,0
132,125,85,0.5853795151485623,0
132,125,86,0.3550258700712624,0
132,125,87,-0.5039561991818402,0
132,125,88,-0.2135513085474416,0
132,125,89,-0.00911325676852975,0
132,125,90,0.4421715898290217,0
132,125,91,-0.005694500311593218,0
132,125,92,0.003051955038982718,0
132,125,93,0.1336669229575931,0
132,125,94,0.2550231248980461,0
132,125,95,-0.02309997220207764,0
132,125,96,-0.6294498706519841,0
132,125,97,-0.4031631774261697,0
132,125,98,-0.2979360763589826,0
132,125,99,-0.8567427199092494,0
132,125,100,-0.7642282798771914,0
132,125,101,-0.2392907415078873,0
132,125,102,-0.5472234092789594,0
132,125,103,-0.4242643827751512,0
132,125,104,0.1366462531792905,0
132,125,105,0.1146071571340111,0
132,125,106,-0.02270238632748952,0
132,125,107,0.1839450862334843,0
132,125,108,0.756633511856142,0
132,125,109,0.1795356555043666,0
132,125,110,-0.1196257045837433,0
132,125,111,0.7860260770060274,0
132,125,112,0.4162890420766668,0
132,125,113,-0.1429627547085869,0
132,125,114,0.4713686386518536,0
132,125,115,0.1516972717328791,0
132,125,116,-0.5350001572019828,0
132,125,117,-0.2588236707165616,0
132,125,118,0.42972075958593,0
132,125,119,-0.04690169107290083,0
132,125,120,0.1503932808174807,0
132,125,121,0.2686802934564069,0
132,125,122,-0.3595391479821767,0
132,125,123,-0.1860371961143373,0
132,125,124,-0.5573620662398854,0
132,125,125,-0.4305188031895318,0
132,125,126,-0.5337017902972596,0
132,125,127,-0.3514149017720697,0
132,125,128,-0.1315556722808015,0
132,125,129,-0.1658165223368219,0
132,125,130,0.5179320611120621,0
132,125,131,0.1050624193511494,0
132,125,132,0.6678462657940468,0
132,125,133,0.3759763669516993,0
132,125,134,0.2962693163803919,0
132,125,135,-0.001501244122423972,0
132,125,136,-0.004571004882085998,0
132,125,137,-0.01160054901728559,0
132,125,138,-0.01686228382941241,0
132,125,139,-0.004198521018664679,0
132,125,140,-0.00547750986355825,0
132,125,141,-0.009439443604408689,0
132,125,142,0.01089387735380437,0
132,125,143,0.03035935962363115,0
132,125,144,-0.002376774987507697,0
132,125,145,-0.007538379335726158,0
132,125,146,-0.01749073227504829,0
132,125,147,-0.01163003436100184,0
132,125,148,0.009537021978883668,0
132,125,149,-0.005148128277733426,0
132,125,150,-0.02449106724740749,0
132,125,151,0.0008486949446617935,0
132,125,152,0.03055118527599731,0
132,125,153,-0.002648331013262189,0
132,125,154,-0.00744610779139564,0
132,125,155,-0.01686381610801209,0
132,125,156,7.21844680949504e-05,0
132,125,157,0.02103555724683264,0
132,125,158,-0.003278881106594289,0
132,125,159,-0.03054276417237377,0
132,125,160,-0.008409473407442145,0
132,125,161,0.02073854165260937,0
132,125,162,-0.00156740365275379,0
132,125,163,-0.004674872170603663,0
132,125,164,-0.01002446782239557,0
132,125,165,0.01118077286497786,0
132,125,166,0.02458452560851729,0
132,125,167,0.001284709739000842,0
132,125,168,-0.02316208500310058,0
132,125,169,-0.0125592152301388,0
132,125,170,0.005742979553349063,0
133,126,0,0.1740966074782655,0
133,126,1,0.06973936809006084,0
133,126,2,-0.02697564253899604,0
133,126,3,-0.09590725657989534,0
133,126,4,0.05539146690182487,0
133,126,5,0.03365750283403435,0
133,126,6,-0.08499150353740541,0
133,126,7,-0.04803371225218418,0
133,126,8,0.06894198311305101,0
133,126,9,0.7457227107420209,0
133,126,10,0.4615405709564143,0
133,126,11,0.6394454487654458,0
133,126,12,1,0
133,126,13,0.6801489798125512,0
133,126,14,0.2359365994651086,0
133,126,15,0.6020343510387136,0
133,126,16,0.4660580777683965,0
133,126,17,-0.2106522836219953,0
133,126,18,-0.09946700185603161,0
133,126,19,0.007694462985197471,0
133,126,20,-0.4361962188354606,0
133,126,21,-0.7411320074548088,0
133,126,22,-0.4604046227171553,0
133,126,23,-0.4647809978195859,0
133,126,24,-0.8318917246269246,0
133,126,25,-0.5899605035076685,0
133,126,26,-0.1440123336354534,0
133,126,27,-0.08922974908586165,0
133,126,28,0.5260005362822747,0
133,126,29,0.1246535355339258,0
133,126,30,0.01896051957857112,0
133,126,31,-0.05514493429861355,0
133,126,32,-0.1205780841861692,0
133,126,33,0.0149031241656944,0
133,126,34,-0.01093649152959814,0
133,126,35,-0.03045239946091931,0
133,126,36,-0.01539274647475073,0
133,126,37,0.03745333124771694,0
133,126,38,-0.09034558839251174,0
133,126,39,0.356654008017798,0
133,126,40,0.4141246484212126,0
133,126,41,-0.2915279872673026,0
133,126,42,-0.02041630712069675,0
133,126,43,0.01987498192596909,0
133,126,44,-0.3903239007277409,0
133,126,45,-0.3552919416466788,0
133,126,46,-0.1627537140826019,0
133,126,47,-0.305108466027144,0
133,126,48,-0.447412806727657,0
133,126,49,-0.1475338313259786,0
133,126,50,-0.1966993768406852,0
133,126,51,-0.4355905489556145,0
133,126,52,-0.2318727382552039,0
133,126,53,-0.08674902457214168,0
133,126,54,-0.1972851030212064,0
133,126,55,-0.09421342245798386,0
133,126,56,0.3021051999449332,0
133,126,57,0.3919396870754916,0
133,126,58,0.09105086786213583,0
133,126,59,0.01892957633496205,0
133,126,60,0.004937445290262152,0
133,126,61,-0.1553069185936093,0
133,126,62,-0.05347575086281346,0
133,126,63,-0.03784416765054825,0
133,126,64,0.001589228563962266,0
133,126,65,-0.06876695752190908,0
133,126,66,-0.03258371696206456,0
133,126,67,-0.4158699144670688,0
133,126,68,-0.04805623044894586,0
133,126,69,-0.189105412330014,0
133,126,70,-0.5472347642341722,0
133,126,71,-0.36690627585188,0
133,126,72,-0.1822340399225767,0
133,126,73,-0.2583614406389905,0
133,126,74,-0.2407773881132136,0
133,126,75,0.204164143805761,0
133,126,76,0.2128086702759053,0
133,126,77,0.1102468473276393,0
133,126,78,0.4800927426721943,0
133,126,79,0.5146762655320664,0
133,126,80,0.2126810399571097,0
133,126,81,0.1755221081384622,0
133,126,82,0.4678654812119803,0
133,126,83,0.2137746466707637,0
133,126,84,-0.1774118865660118,0
133,126,85,0.2130376540952459,0
133,126,86,-0.2160733631905651,0
133,126,87,0.1356581007186896,0
133,126,88,0.1018248182064763,0
133,126,89,0.06936266444888936,0
133,126,90,-0.1509223841688793,0
133,126,91,-0.03097695835115776,0
133,126,92,-0.01084332174383524,0
133,126,93,-0.03321925146688608,0
133,126,94,-0.1277797183166729,0
133,126,95,-0.04942714535626025,0
133,126,96,-0.01929195630011731,0
133,126,97,-0.2327754152556004,0
133,126,98,-0.4036855284403379,0
133,126,99,0.1908679790362465,0
133,126,100,-0.03443085701395898,0
133,126,101,-0.1012843994200942,0
133,126,102,0.3608192007665244,0
133,126,103,0.4336920932346243,0
133,126,104,0.4367340688760976,0
133,126,105,0.3470918129179695,0
133,126,106,0.6594965885582275,0
133,126,107,0.6546142603811778,0
133,126,108,0.2764563325704947,0
133,126,109,0.3564214898754755,0
133,126,110,0.2438410884536983,0
133,126,111,0.1794956706186619,0
133,126,112,-0.02986792062172852,0
133,126,113,-0.286267964740354,0
133,126,114,-0.217296373960744,0
133,126,115,-0.5181102194736675,0
133,126,116,0.2156813466633348,0
133,126,117,0.1369293255581044,0
133,126,118,-0.1042774316716818,0
133,126,119,0.04695957903391124,0
133,126,120,-0.06972872600438174,0
133,126,121,-0.1087477068245845,0
133,126,122,0.5936564259271627,0
133,126,123,0.02663578076012102,0
133,126,124,0.8383153136323247,0
133,126,125,0.4490655966831578,0
133,126,126,0.3017165652092841,0
133,126,127,0.5502380901465749,0
133,126,128,-0.5971690019890984,0
133,126,129,0.1445054662072345,0
133,126,130,-0.9995158012029476,0
133,126,131,-0.4493428294798051,0
133,126,132,-0.6790641417746548,0
133,126,133,-0.6748810160289312,0
133,126,134,-0.4215761774008716,0
133,126,135,0.0005668711401239716,0
133,126,136,0.001674684851033077,0
133,126,137,0.004347830282561933,0
133,126,138,-0.05058580017146842,0
133,126,139,-0.0693782038826974,0
133,126,140,-0.04641076578171999,0
133,126,141,-0.00327791697021001,0
133,126,142,0.04119918741779533,0
133,126,143,0.05422094981521362,0
133,126,144,0.0007389562230867245,0
133,126,145,0.002541145051701,0
133,126,146,0.00606852729070946,0
133,126,147,-0.02804819797076952,0
133,126,148,-0.02352230094144834,0
133,126,149,-0.002813392403822371,0
133,126,150,0.01384378185757401,0
133,126,151,0.03599673207940383,0
133,126,152,0.04251886209836471,0
133,126,153,0.0008293898875599956,0
133,126,154,0.002455661133572078,0
133,126,155,0.005040152340226717,0
133,126,156,0.02435954126402747,0
133,126,157,0.04655506005773495,0
133,126,158,0.03117629598463242,0
133,126,159,-0.01278876132116858,0
133,126,160,-0.02986891459880061,0
133,126,161,-0.01589628648976799,0
133,126,162,0.0005110735883622944,0
133,126,163,0.001641420863560251,0
133,126,164,0.003475434631470646,0
133,126,165,0.04118793200847845,0
133,126,166,0.05215743216967544,0
133,126,167,0.01207075513731857,0
133,126,168,-0.04925775295545753,0
133,126,169,-0.07213870441298219,0
133,126,170,-0.04614490226514514,0
134,127,0,-0.02175330911422445,0
134,127,1,-0.02094618856545661,0
134,127,2,-0.02031389493760788,0
134,127,3,0.05843175892309614,0
134,127,4,0.02217011634046617,0
134,127,5,0.01310534072955444,0
134,127,6,-0.008668733960963156,0
134,127,7,0.02659487278203635,0
134,127,8,0.01337062971478608,0
134,127,9,-0.5576333752830344,0
134,127,10,-0.3495032676752418,0
134,127,11,-0.4161734969050764,0
134,127,12,-0.006689932778317871,0
134,127,13,-0.04536802371182803,0
134,127,14,0.4085801351262387,0
134,127,15,0.5724647466577237,0
134,127,16,0.3094630619142736,0
134,127,17,0.3387589623498618,0
134,127,18,-0.01576106991030842,0
134,127,19,-0.05010192491404588,0
134,127,20,-0.6458884819936669,0
134,127,21,-0.2790580853094726,0
134,127,22,-0.1912739113128113,0
134,127,23,-0.2771672364650936,0
134,127,24,0.3603151624196916,0
134,127,25,0.2685730844448305,0
134,127,26,0.6243414005401133,0
134,127,27,0.08737355448089892,0
134,127,28,-0.1003952141494605,0
134,127,29,-0.05564339233048783,0
134,127,30,-0.04179612183721048,0
134,127,31,-0.009105282631803284,0
134,127,32,0.05619455175500235,0
134,127,33,0.01956144142134951,0
134,127,34,0.02990064595159077,0
134,127,35,0.0030396382634051,0
134,127,36,0.0391672549184432,0
134,127,37,0.0166808127409241,0
134,127,38,-0.4063638654454163,0
134,127,39,-0.5553236044583885,0
134,127,40,-0.7002380134326004,0
134,127,41,-0.09970380413486456,0
134,127,42,0.2101599495222048,0
134,127,43,0.6412097807856181,0
134,127,44,0.1716058496134479,0
134,127,45,0.3067971884934869,0
134,127,46,0.4429538906962316,0
134,127,47,-0.06108193737240376,0
134,127,48,-0.5603151139438483,0
134,127,49,-0.9693798646333648,0
134,127,50,0.079375686430822,0
134,127,51,-0.1630586908848408,0
134,127,52,-0.2018453620218806,0
134,127,53,0.4569041672587227,0
134,127,54,0.7912838461368068,0
134,127,55,1,0
134,127,56,-0.004921507585107615,0
134,127,57,-0.338881812145564,0
134,127,58,-0.09577566819119675,0
134,127,59,-0.04710836252137846,0
134,127,60,0.007196136489722093,0
134,127,61,0.06424374641769674,0
134,127,62,0.01461613884642292,0
134,127,63,0.03279985691976923,0
134,127,64,0.02158054002846638,0
134,127,65,0.04896818250900643,0
134,127,66,0.00486311059732625,0
134,127,67,-0.1848611816254262,0
134,127,68,-0.6094423159256491,0
134,127,69,-0.7817131460799859,0
134,127,70,-0.2391417483493216,0
134,127,71,0.3180391547122997,0
134,127,72,0.6274020121576801,0
134,127,73,-0.2198301157545969,0
134,127,74,0.1458144105194972,0
134,127,75,0.3876004536951819,0
134,127,76,0.01509207329341926,0
134,127,77,-0.752855859034579,0
134,127,78,-0.8742803272567816,0
134,127,79,0.3434978139461187,0
134,127,80,0.06029678135272528,0
134,127,81,0.0264152711968818,0
134,127,82,0.3074328383624952,0
134,127,83,0.9628906234953317,0
134,127,84,0.9887575532438961,0
134,127,85,-0.2079205515790363,0
134,127,86,-0.5153429825184911,0
134,127,87,-0.1235251899715936,0
134,127,88,-0.0540769155110219,0
134,127,89,0.002680904025661988,0
134,127,90,0.08399153299023519,0
134,127,91,0.004569452050948775,0
134,127,92,0.01514645936239448,0
134,127,93,0.03934924246023258,0
134,127,94,0.05540925362260567,0
134,127,95,-0.01123371998643708,0
134,127,96,0.1235872121503193,0
134,127,97,-0.4495907712812169,0
134,127,98,-0.569348123460327,0
134,127,99,-0.2607302817101315,0
134,127,100,0.3261314769357734,0
134,127,101,0.4030376407538526,0
134,127,102,-0.4338072276063595,0
134,127,103,-0.01479886986557572,0
134,127,104,0.2243688866487348,0
134,127,105,0.1449903576472612,0
134,127,106,-0.5997044784037615,0
134,127,107,-0.4738570569543815,0
134,127,108,0.3881890048805927,0
134,127,109,0.2519029344948167,0
134,127,110,0.1653700714246398,0
134,127,111,-0.05788042002092495,0
134,127,112,0.703710184586146,0
134,127,113,0.5945447739396211,0
134,127,114,-0.365678188096079,0
134,127,115,-0.4351562210787606,0
134,127,116,-0.1387990915923486,0
134,127,117,-0.06453502903820962,0
134,127,118,0.09906781476344156,0
134,127,119,-0.0108217062789061,0
134,127,120,0.06459024480008008,0
134,127,121,0.07368808037304431,0
134,127,122,0.5035840580892041,0
134,127,123,-0.02156964456052673,0
134,127,124,-0.1484086249039058,0
134,127,125,0.2596050760476596,0
134,127,126,-0.4327919609256466,0
134,127,127,-0.1200684343213238,0
134,127,128,0.2348065180012771,0
134,127,129,-0.2462735556790295,0
134,127,130,0.1528918298553306,0
134,127,131,0.1916189938367304,0
134,127,132,-0.5015734388355644,0
134,127,133,0.1083103749640024,0
134,127,134,-0.3242007766213578,0
134,127,135,-0.0005349915553381798,0
134,127,136,-0.002005146317250323,0
134,127,137,-0.004373486838959938,0
134,127,138,0.03351739471571216,0
134,127,139,-0.0099701951305355,0
134,127,140,-0.0479781686596223,0
134,127,141,0.01238417541876798,0
134,127,142,0.04139804207791602,0
134,127,143,-0.01588187365824276,0
134,127,144,-0.0008043406956357727,0
134,127,145,-0.003145655796101233,0
134,127,146,-0.007068139068916107,0
134,127,147,0.0563411524002571,0
134,127,148,-0.01322982048055078,0
134,127,149,-0.06357097092470687,0
134,127,150,0.02712438902038113,0
134,127,151,0.04862256378180206,0
134,127,152,-0.04297050922229235,0
134,127,153,-0.0007737576945802179,0
134,127,154,-0.002951931527490722,0
134,127,155,-0.0066955907187449,0
134,127,156,0.06389463854418483,0
134,127,157,-0.005478482754605559,0
134,127,158,-0.05009505256102251,0
134,127,159,0.03167791288362621,0
134,127,160,0.0303919178626305,0
134,127,161,-0.06019171213769231,0
134,127,162,-0.0004012385555495404,0
134,127,163,-0.001643528219750517,0
134,127,164,-0.003201842923471445,0
134,127,165,0.04843020462194333,0
134,127,166,0.002800550276637906,0
134,127,167,-0.02299707849114845,0
134,127,168,0.02128133652477859,0
134,127,169,0.005258763893924129,0
134,127,170,-0.04881189978814084,0
135,128,0,0.02223807783488112,0
135,128,1,8.734481072388227e-05,0
135,128,2,-0.02227298729608247,0
135,128,3,-0.02654698563654057,0
135,128,4,-0.01325808554914218,0
135,128,5,-0.02611443447320932,0
135,128,6,-0.01386151180349962,0
135,128,7,-0.02661504222953831,0
135,128,8,-0.02264742237035118,0
135,128,9,-0.04420362667221582,0
135,128,10,-0.03649989007173455,0
135,128,11,-0.05435426786701095,0
135,128,12,-0.1373456881734786,0
135,128,13,-0.07801222313456313,0
135,128,14,-0.05499019032114322,0
135,128,15,-0.4605162170638109,0
135,128,16,-0.2753952485405478,0
135,128,17,-0.2060025706456849,0
135,128,18,-0.7473359382969186,0
135,128,19,-0.4692617446768055,0
135,128,20,-0.1689456686118424,0
135,128,21,-0.800705067282885,0
135,128,22,-0.52609370797391,0
135,128,23,-0.006394209012041401,0
135,128,24,-0.6063102790043374,0
135,128,25,-0.4217140507735981,0
135,128,26,0.1501634299053379,0
135,128,27,-0.03579764301294584,0
135,128,28,0.4610803913471112,0
135,128,29,0.02689170556669165,0
135,128,30,0.005861435013201567,0
135,128,31,0.006725987328009203,0
135,128,32,-0.02899115901525419,0
135,128,33,-0.01346483804818102,0
135,128,34,-0.002627021526970082,0
135,128,35,-0.0003797852604741865,0
135,128,36,-0.01650938202161637,0
135,128,37,0.01099490020927875,0
135,128,38,0.4047594326533294,0
135,128,39,0.232764137935842,0
135,128,40,0.3071608492118511,0
135,128,41,0.7497499755026319,0
135,128,42,0.4819620496243357,0
135,128,43,0.2962911251036408,0
135,128,44,0.9220328190099821,0
135,128,45,0.5015198506748291,0
135,128,46,0.03421409900427194,0
135,128,47,0.9991606427193537,0
135,128,48,0.5760936883535321,0
135,128,49,-0.01740273361172434,0
135,128,50,0.8997900825837828,0
135,128,51,0.6047717004234714,0
135,128,52,-0.07027176168873593,0
135,128,53,0.5385022654930279,0
135,128,54,0.4466243385752914,0
135,128,55,-0.2305692705894469,0
135,128,56,0.292720973950748,0
135,128,57,-0.1461510416254198,0
135,128,58,0.03585522102021199,0
135,128,59,0.02832253882826034,0
135,128,60,0.01456520083298109,0
135,128,61,-0.04147984638381115,0
135,128,62,-0.00522749997917638,0
135,128,63,-0.005081154509015533,0
135,128,64,0.0007540161964659343,0
135,128,65,-0.006769115342127852,0
135,128,66,0.01089592012870542,0
135,128,67,-0.0451738232740389,0
135,128,68,0.1818592079046843,0
135,128,69,0.2152065672354182,0
135,128,70,-0.1142609164085775,0
135,128,71,0.1456812065887004,0
135,128,72,0.2227927095708954,0
135,128,73,-0.07825345378876689,0
135,128,74,-0.004511928947567456,0
135,128,75,0.1104183627191977,0
135,128,76,0.04518220320656072,0
135,128,77,0.04625349547289434,0
135,128,78,0.1662765604540861,0
135,128,79,0.1100812445627199,0
135,128,80,0.03779186089610208,0
135,128,81,0.03983968641758775,0
135,128,82,0.076826738310197,0
135,128,83,-0.1254645115636272,0
135,128,84,-0.2620572517998541,0
135,128,85,-0.1288454009795072,0
135,128,86,-0.2601119969615683,0
135,128,87,0.05788254393003152,0
135,128,88,0.03094923646851471,0
135,128,89,-0.008467626594708798,0
135,128,90,-0.05128199936979897,0
135,128,91,-0.01651417959453714,0
135,128,92,-0.03580383619640205,0
135,128,93,-0.0299361690123185,0
135,128,94,-0.05457231512345273,0
135,128,95,-0.0459661593694971,0
135,128,96,-0.5449843720437749,0
135,128,97,-0.2491160622375727,0
135,128,98,-0.3705925686722749,0
135,128,99,-0.9071944609137073,0
135,128,100,-0.4702605761847361,0
135,128,101,-0.1923900840309549,0
135,128,102,-1,0
135,128,103,-0.5930741574465048,0
135,128,104,-4.628832616240512e-07,0
135,128,105,-0.9380972810855922,0
135,128,106,-0.49163334267842,0
135,128,107,0.2538964126692723,0
135,128,108,-0.7441745046894801,0
135,128,109,-0.4530868796191328,0
135,128,110,0.2622690851580142,0
135,128,111,-0.3791671061279795,0
135,128,112,-0.4420843651442847,0
135,128,113,0.09333953962663272,0
135,128,114,-0.1926457419704626,0
135,128,115,0.08937582733030758,0
135,128,116,0.08599308728244712,0
135,128,117,0.03653175066339675,0
135,128,118,-0.03583316845753504,0
135,128,119,0.00536786829628675,0
135,128,120,-0.021093511429838,0
135,128,121,-0.05159617234843371,0
135,128,122,0.4711676409880335,0
135,128,123,0.01376385586946896,0
135,128,124,0.7613847266458527,0
135,128,125,0.3453146206448587,0
135,128,126,0.7990209418514713,0
135,128,127,0.5274230457096597,0
135,128,128,0.5052120076807542,0
135,128,129,0.5343967180721232,0
135,128,130,0.1908564145759015,0
135,128,131,0.3318051465608627,0
135,128,132,0.08672862917179176,0
135,128,133,0.1274098676777504,0
135,128,134,0.06137875971538589,0
135,128,135,0.0006874590750710845,0
135,128,136,0.001984652002738224,0
135,128,137,0.004650256319836047,0
135,128,138,0.01159297939672409,0
135,128,139,0.01926254033757132,0
135,128,140,0.04164368762217608,0
135,128,141,0.05980897996746809,0
135,128,142,0.06090664949410785,0
135,128,143,0.0461242741317198,0
135,128,144,0.0009786457182424655,0
135,128,145,0.002882352804323771,0
135,128,146,0.006067644490612538,0
135,128,147,-0.01755855586069511,0
135,128,148,-0.03970230193329451,0
135,128,149,-0.0370986156432247,0
135,128,150,-0.03227419959982009,0
135,128,151,-0.02620516045282567,0
135,128,152,-0.008201830763791752,0
135,128,153,0.0008621131997811807,0
135,128,154,0.002569735606914107,0
135,128,155,0.005014455571917789,0
135,128,156,-0.01036140166297366,0
135,128,157,-0.02403922065156251,0
135,128,158,-0.02717569903807563,0
135,128,159,-0.03847785611907176,0
135,128,160,-0.04146270084381706,0
135,128,161,-0.01910425621929585,0
135,128,162,0.0006003569879063102,0
135,128,163,0.001909684406661667,0
135,128,164,0.004910737894543928,0
135,128,165,0.04037800362574821,0
135,128,166,0.06149586370017454,0
135,128,167,0.06497834443839184,0
135,128,168,0.04335328094124479,0
135,128,169,0.01971290083567476,0
135,128,170,0.01054104058443593,0
136,129,0,-0.01739213210212327,0
136,129,1,-0.003130589214674867,0
136,129,2,0.009277840051814642,0
136,129,3,-0.01055971916523045,0
136,129,4,-0.01641276778750591,0
136,129,5,-0.009639539703971104,0
136,129,6,0.01123213588552128,0
136,129,7,0.0002776591687253648,0
136,129,8,-0.006772564448113787,0
136,129,9,0.5216194073274504,0
136,129,10,0.3468967447234219,0
136,129,11,0.4449070515283988,0
136,129,12,-0.3522107284533887,0
136,129,13,-0.1902231748732018,0
136,129,14,-0.675682059469776,0
136,129,15,-0.07845305770742032,0
136,129,16,-0.02619128570187387,0
136,129,17,0.3129266437282944,0
136,129,18,0.1853133871291386,0
136,129,19,0.1413644079461126,0
136,129,20,0.2917053375718278,0
136,129,21,-0.5117983637457897,0
136,129,22,-0.3222802961057664,0
136,129,23,-0.5623744898886425,0
136,129,24,0.1448610090042083,0
136,129,25,0.05865057930120359,0
136,129,26,0.5019362248415787,0
136,129,27,-0.03706491983528726,0
136,129,28,-0.221280590772023,0
136,129,29,0.0008042272958756114,0
136,129,30,0.009680563323402638,0
136,129,31,0.008057064257677046,0
136,129,32,-0.01403105806086965,0
136,129,33,-0.01989816075904192,0
136,129,34,-0.02146568313441583,0
136,129,35,0.01033658106932516,0
136,129,36,-0.00738110656424712,0
136,129,37,-0.01124730140730916,0
136,129,38,0.2622273099484009,0
136,129,39,0.5024056505895648,0
136,129,40,0.6511746962315171,0
136,129,41,-0.1737854290463566,0
136,129,42,-0.5865882054940951,0
136,129,43,-1,0
136,129,44,0.1585088581646031,0
136,129,45,0.3607775827794462,0
136,129,46,0.6647216795542743,0
136,129,47,0.1450583305882283,0
136,129,48,0.3309958893682463,0
136,129,49,0.3291406854220823,0
136,129,50,-0.2868389573411931,0
136,129,51,-0.5934317364215901,0
136,129,52,-0.9010426488532673,0
136,129,53,0.1370586304484212,0
136,129,54,0.4369252034160646,0
136,129,55,0.8232722699924346,0
136,129,56,-0.1955266532949458,0
136,129,57,-0.4169129997725766,0
136,129,58,0.02955027438652931,0
136,129,59,0.02037679471838683,0
136,129,60,0.003557447169176417,0
136,129,61,-0.02287089217798256,0
136,129,62,-0.01936469658390547,0
136,129,63,-0.02659345262016188,0
136,129,64,0.0004194963122363643,0
136,129,65,-0.01951847757915864,0
136,129,66,-0.01056028882447192,0
136,129,67,-0.01218006113335731,0
136,129,68,0.4647439534731859,0
136,129,69,0.6015354350763933,0
136,129,70,0.06086446679366678,0
136,129,71,-0.6989179895910629,0
136,129,72,-0.9434623852069628,0
136,129,73,0.1418636942164487,0
136,129,74,0.6027190597788714,0
136,129,75,0.7663166593114897,0
136,129,76,-0.07156487534934601,0
136,129,77,0.2116216506056806,0
136,129,78,0.1742565071590003,0
136,129,79,-0.08629341505948089,0
136,129,80,-0.7169701140139094,0
136,129,81,-0.8857696956402934,0
136,129,82,-0.02142087653675698,0
136,129,83,0.5900552742825695,0
136,129,84,0.8752922008191213,0
136,129,85,-0.3271667752700235,0
136,129,86,-0.4338815734589084,0
136,129,87,0.05915381545464767,0
136,129,88,0.03226403651955603,0
136,129,89,0.004364656184414338,0
136,129,90,-0.03504104002370258,0
136,129,91,-0.009773682466581245,0
136,129,92,-0.01696411257063287,0
136,129,93,-0.02043380106960468,0
136,129,94,-0.03428409413683142,0
136,129,95,-0.005593788644302502,0
136,129,96,-0.2503468964206244,0
136,129,97,0.2577230535472538,0
136,129,98,0.3318766379081256,0
136,129,99,0.2546999855428959,0
136,129,100,-0.5580714649091879,0
136,129,101,-0.5771900462318384,0
136,129,102,-0.02911365062245193,0
136,129,103,0.555609479062109,0
136,129,104,0.516871837106337,0
136,129,105,-0.2451727380453258,0
136,129,106,-0.02530586996660335,0
136,129,107,-0.003592263620234027,0
136,129,108,0.1582578716327509,0
136,129,109,-0.5490733999925294,0
136,129,110,-0.5163860848115553,0
136,129,111,-0.1914217408213048,0
136,129,112,0.5365653163823004,0
136,129,113,0.608344117476692,0
136,129,114,-0.3262252932623765,0
136,129,115,-0.2652330196438232,0
136,129,116,0.08037985263162568,0
136,129,117,0.04019830762211883,0
136,129,118,-0.04065829457262082,0
136,129,119,0.009921682145085434,0
136,129,120,-0.04213538704860301,0
136,129,121,-0.04335340195311339,0
136,129,122,-0.3240566060809718,0
136,129,123,0.0005776000920447873,0
136,129,124,0.4662028026797227,0
136,129,125,-0.1635287240942255,0
136,129,126,-0.1029221133143025,0
136,129,127,0.3170309408368117,0
136,129,128,-0.1020232649480818,0
136,129,129,-0.06608238494886198,0
136,129,130,0.4792180498491104,0
136,129,131,-0.06443905308221634,0
136,129,132,-0.2824765886863155,0
136,129,133,0.2904464741070321,0
136,129,134,-0.1933094424181769,0
136,129,135,0.0005242525125731417,0
136,129,136,0.001795154610989607,0
136,129,137,0.003910091436086368,0
136,129,138,-0.03736706734944174,0
136,129,139,0.03160234151992123,0
136,129,140,0.005655754678255671,0
136,129,141,-0.0216157202642214,0
136,129,142,0.03302303869426439,0
136,129,143,-0.01780327620524363,0
136,129,144,0.0007579830995708919,0
136,129,145,0.002713798948732066,0
136,129,146,0.006011807819380851,0
136,129,147,-0.05354359045640552,0
136,129,148,0.04933454336598725,0
136,129,149,-0.00888967297989812,0
136,129,150,-0.0376805386145837,0
136,129,151,0.04930738130515512,0
136,129,152,-0.03451737071425189,0
136,129,153,0.000689142952483677,0
136,129,154,0.002488728899004439,0
136,129,155,0.005405531759140925,0
136,129,156,-0.04919783569814868,0
136,129,157,0.0484525411767632,0
136,129,158,-0.01993090260329619,0
136,129,159,-0.03279343921830035,0
136,129,160,0.05255454522225171,0
136,129,161,-0.03653093154675673,0
136,129,162,0.0003759334121104445,0
136,129,163,0.001413452596345123,0
136,129,164,0.002750219269596843,0
136,129,165,-0.02707782867081971,0
136,129,166,0.032725652748969,0
136,129,167,-0.01426988821639398,0
136,129,168,-0.01047940317457549,0
136,129,169,0.03888615950431546,0
136,129,170,-0.02284876788792539,0
137,131,0,-0.001288256186472356,0
137,131,1,-0.0004990369478829377,0
137,131,2,2.88378107399042e-06,0
137,131,3,0.00260777850293833,0
137,131,4,0.002757688445674357,0
137,131,5,0.003476136750614491,0
137,131,6,8.589873947559958e-06,0
137,131,7,0.007335969083687929,0
137,131,8,0.01052730421467023,0
137,131,9,0.3825676707836351,0
137,131,10,0.2549641388178484,0
137,131,11,0.3412041531008682,0
137,131,12,-0.2222936262146651,0
137,131,13,-0.1283308087122505,0
137,131,14,-0.4923838907310798,0
137,131,15,0.3364456067315091,0
137,131,16,0.2169158943324418,0
137,131,17,0.4797675881852869,0
137,131,18,-0.4791556991977308,0
137,131,19,-0.2985156028151166,0
137,131,20,-0.6754860839472262,0
137,131,21,0.1682844577657828,0
137,131,22,0.09741838500123179,0
137,131,23,0.5462002491495781,0
137,131,24,-0.02103404223062748,0
137,131,25,-0.01810498125150184,0
137,131,26,-0.1751395388741948,0
137,131,27,-0.0138885285593915,0
137,131,28,-0.01708481802085537,0
137,131,29,-0.004259723293473799,0
137,131,30,-0.003457633600689555,0
137,131,31,-0.00319210196178241,0
137,131,32,-0.004300700380453958,0
137,131,33,-0.005571442409399783,0
137,131,34,-0.007483427249475092,0
137,131,35,0.005644860806862534,0
137,131,36,0.007125278015387765,0
137,131,37,0.0007969066181636338,0
137,131,38,-0.001959127612691527,0
137,131,39,0.2492019280292362,0
137,131,40,0.3229648946750856,0
137,131,41,-0.2813252936109044,0
137,131,42,-0.5405921269562523,0
137,131,43,-0.7144623646852308,0
137,131,44,0.196289507457991,0
137,131,45,0.4846056786437319,0
137,131,46,0.8998411947433314,0
137,131,47,-0.1914260591188839,0
137,131,48,-0.6130207658866729,0
137,131,49,-0.9795818591431721,0
137,131,50,0.2118779836830494,0
137,131,51,0.538497590866161,0
137,131,52,0.8914726989469015,0
137,131,53,-0.092216503374989,0
137,131,54,-0.1948663965001994,0
137,131,55,-0.4517337202502918,0
137,131,56,-0.02363585003491311,0
137,131,57,0.03677046825882124,0
137,131,58,0.0003102297797020964,0
137,131,59,0.001005507517157658,0
137,131,60,0.004686495501311347,0
137,131,61,-0.01161512454011966,0
137,131,62,-0.01502622557154801,0
137,131,63,-0.01272488925065805,0
137,131,64,0.007027409706022506,0
137,131,65,-0.00606611485110301,0
137,131,66,-0.009449121176358048,0
137,131,67,-0.1374914137832088,0
137,131,68,0.1441168644021613,0
137,131,69,0.1774883707407497,0
137,131,70,0.01412979882386569,0
137,131,71,-0.5200736315738638,0
137,131,72,-0.5816302125636558,0
137,131,73,0.1197113575270654,0
137,131,74,0.7507913892131516,0
137,131,75,1,0
137,131,76,0.1122982259602,0
137,131,77,-0.648076617670689,0
137,131,78,-0.9755024245904182,0
137,131,79,0.008817468576667912,0
137,131,80,0.6698682076809631,0
137,131,81,0.8071343024797413,0
137,131,82,-0.1650835019199691,0
137,131,83,-0.4472957548602902,0
137,131,84,-0.6104474925908561,0
137,131,85,0.02313311240598943,0
137,131,86,0.1750543396512311,0
137,131,87,0.01664780818802836,0
137,131,88,0.01670595230667811,0
137,131,89,0.013028484092268,0
137,131,90,-0.01391123624812621,0
137,131,91,-0.0075419802411963,0
137,131,92,-0.005311249614144631,0
137,131,93,-0.005718522918096203,0
137,131,94,-0.01805473691550396,0
137,131,95,-0.008026481757538761,0
137,131,96,-0.1225328973629823,0
137,131,97,0.04461076546590884,0
137,131,98,0.05473457718882551,0
137,131,99,0.2531308095293063,0
137,131,100,-0.2733002332626739,0
137,131,101,-0.274654629475232,0
137,131,102,-0.1846231766956149,0
137,131,103,0.6269539160549028,0
137,131,104,0.6261983066722578,0
137,131,105,0.1831759038172894,0
137,131,106,-0.6100378709930605,0
137,131,107,-0.6681154466678397,0
137,131,108,-0.2707273836372127,0
137,131,109,0.4315244143219538,0
137,131,110,0.4344088086606382,0
137,131,111,-0.06688925754345995,0
137,131,112,-0.5003124121996017,0
137,131,113,-0.4330812382782816,0
137,131,114,0.1331032512363977,0
137,131,115,0.2470730221871387,0
137,131,116,0.03397872558542792,0
137,131,117,0.02251607674763393,0
137,131,118,-0.00992603278550188,0
137,131,119,0.008650890106793516,0
137,131,120,-0.01926435099482261,0
137,131,121,-0.01807634910582384,0
137,131,122,-0.05898970613427695,0
137,131,123,-0.005742162793248217,0
137,131,124,0.295815972733706,0
137,131,125,-0.02279601818214771,0
137,131,126,-0.4359460988403889,0
137,131,127,0.1866067922383355,0
137,131,128,0.348784002572645,0
137,131,129,-0.2756815118109294,0
137,131,130,-0.1962233429006387,0
137,131,131,0.2130592346940477,0
137,131,132,0.2975291817994807,0
137,131,133,-0.1269484218411571,0
137,131,134,0.1896228571757707,0
137,131,135,0.0001108103552902569,0
137,131,136,0.0004575390652525165,0
137,131,137,0.001029853143489347,0
137,131,138,-0.0312154551125197,0
137,131,139,0.01800150405665789,0
137,131,140,-0.02798246161017091,0
137,131,141,0.03737148816184101,0
137,131,142,-0.01554492426477555,0
137,131,143,-0.0003316767000635407,0
137,131,144,0.0001357297259867427,0
137,131,145,0.0006698045181182299,0
137,131,146,0.001578579036648562,0
137,131,147,-0.02896376257699484,0
137,131,148,0.04208391559973817,0
137,131,149,-0.04372744997333439,0
137,131,150,0.05131152139772911,0
137,131,151,-0.03553952481335352,0
137,131,152,0.006298936721477516,0
137,131,153,0.0001166278259202447,0
137,131,154,0.0005803740346571158,0
137,131,155,0.001214168024917824,0
137,131,156,-0.01568209014691482,0
137,131,157,0.04184136233169571,0
137,131,158,-0.05350759645499405,0
137,131,159,0.04116224677802019,0
137,131,160,-0.03777941032416442,0
137,131,161,0.02002760684908744,0
137,131,162,5.052941861043262e-05,0
137,131,163,0.0003027053072841538,0
137,131,164,0.000483641700537135,0
137,131,165,-0.004565621602618931,0
137,131,166,0.02205481448224914,0
137,131,167,-0.03751854308647144,0
137,131,168,0.02723873464356148,0
137,131,169,-0.01565108352277638,0
137,131,170,0.02591709734592859,0
138,130,0,0.03820829720953049,0
138,130,1,0.007165451001419507,0
138,130,2,-0.02211805802227107,0
138,130,3,0.02755911667774889,0
138,130,4,0.0515695022085593,0
138,130,5,0.04097664171023103,0
138,130,6,-0.03505763743288216,0
138,130,7,0.03615517691048689,0
138,130,8,0.07932143460513791,0
138,130,9,0.7690753538668099,0
138,130,10,0.5301996431645085,0
138,130,11,0.7761177244197931,0
138,130,12,0.9031211579497362,0
138,130,13,0.6075927620479579,0
138,130,14,0.1340903419734509,0
138,130,15,-0.2225318596801598,0
138,130,16,-0.1324730988555518,0
138,130,17,-0.9818831570240321,0
138,130,18,-0.639329902513861,0
138,130,19,-0.4205567073873205,0
138,130,20,-0.3683728727606151,0
138,130,21,-0.2313866642931822,0
138,130,22,-0.1576773818405072,0
138,130,23,0.365423467691827,0
138,130,24,0.5419648675804425,0
138,130,25,0.3424928901826377,0
138,130,26,0.6581465755712048,0
138,130,27,-0.007515338122159849,0
138,130,28,-0.5045379953266512,0
138,130,29,-0.01941781902209672,0
138,130,30,-0.04077627375784403,0
138,130,31,-0.04185485137777271,0
138,130,32,-0.007942609417375086,0
138,130,33,0.005284456162835196,0
138,130,34,-0.004848237896808282,0
138,130,35,0.002681432922099469,0
138,130,36,0.04931172815931022,0
138,130,37,0.02355806520351782,0
138,130,38,-0.7669330625375758,0
138,130,39,0.05973208071131276,0
138,130,40,0.07220726660789839,0
138,130,41,-0.8351999497254285,0
138,130,42,-0.4586998921590464,0
138,130,43,0.06292695443115547,0
138,130,44,-0.3945133024863646,0
138,130,45,-0.9780528941288736,0
138,130,46,-0.5585627221273282,0
138,130,47,0.2813399976414275,0
138,130,48,-0.07595425443095243,0
138,130,49,0.2682034110651374,0
138,130,50,0.2631201791725254,0
138,130,51,0.4485130294722471,0
138,130,52,0.3693793532700774,0
138,130,53,0.03938763840329504,0
138,130,54,0.5038494504794978,0
138,130,55,0.4374790930989369,0
138,130,56,-0.3833219209999476,0
138,130,57,-0.569539172522843,0
138,130,58,-0.05222860622986223,0
138,130,59,-0.03629430988489139,0
138,130,60,0.01808109436849468,0
138,130,61,-0.03289718078761037,0
138,130,62,-0.05530276424463564,0
138,130,63,-0.02627214609756368,0
138,130,64,0.0398190306108836,0
138,130,65,-0.005419458103803307,0
138,130,66,-0.04162760043492014,0
138,130,67,-0.6720345616423967,0
138,130,68,-0.3999210338265071,0
138,130,69,-0.5914672144797462,0
138,130,70,-0.2067875314167755,0
138,130,71,-0.09095320834575608,0
138,130,72,0.4694199457710272,0
138,130,73,0.8534291094718582,0
138,130,74,0.1529842315502929,0
138,130,75,0.3845049311819471,0
138,130,76,0.9762448540143126,0
138,130,77,0.8484663609219633,0
138,130,78,0.3749924937734913,0
138,130,79,-0.03634493806787326,0
138,130,80,0.2514235711433043,0
138,130,81,-0.5376776301499175,0
138,130,82,-0.7373091001103806,0
138,130,83,-0.163561550118754,0
138,130,84,-0.1888701501967493,0
138,130,85,-0.4240078612626076,0
138,130,86,0.08455756185261795,0
138,130,87,-0.01266111602197123,0
138,130,88,0.0382110787479817,0
138,130,89,0.0708556935070348,0
138,130,90,-0.01939344037865607,0
138,130,91,-0.02771867478640037,0
138,130,92,0.0005705421064039487,0
138,130,93,0.009555119565397915,0
138,130,94,-0.04676803540644315,0
138,130,95,-0.04371904640038683,0
138,130,96,0.05674548233836377,0
138,130,97,-0.4029418543598045,0
138,130,98,-0.5593490275959004,0
138,130,99,0.1793804695433099,0
138,130,100,0.4655146778111454,0
138,130,101,0.5773837317736685,0
138,130,102,0.2893001980806976,0
138,130,103,0.4605667281973699,0
138,130,104,0.4479744618247645,0
138,130,105,-0.2963593029874061,0
138,130,106,0.0671972219793692,0
138,130,107,-0.1839520321342694,0
138,130,108,-0.7891586224932969,0
138,130,109,-0.9292721202823703,0
138,130,110,-1,0
138,130,111,-0.7661788345520865,0
138,130,112,-0.6390560821467963,0
138,130,113,-0.1404896862622296,0
138,130,114,0.071990026800589,0
138,130,115,0.8073441134412961,0
138,130,116,0.05226613004456961,0
138,130,117,0.05979989302306379,0
138,130,118,0.02142734679970598,0
138,130,119,0.03495190333065638,0
138,130,120,-0.0196179290615734,0
138,130,121,-0.02118109432942176,0
138,130,122,0.5947551292890215,0
138,130,123,-0.01754242090289765,0
138,130,124,-0.06519352013486918,0
138,130,125,0.3857471163896076,0
138,130,126,-0.5441032913621415,0
138,130,127,-0.03956411033948379,0
138,130,128,-0.3324066690872106,0
138,130,129,-0.3564583247949678,0
138,130,130,0.7908356803357165,0
138,130,131,-0.2118101040130793,0
138,130,132,0.9185490507915157,0
138,130,133,0.5196527059966555,0
138,130,134,0.6013884176456401,0
138,130,135,9.588499073891732e-05,0
138,130,136,0.0002014056068486992,0
138,130,137,0.0003709036331378012,0
138,130,138,-0.06860343823290442,0
138,130,139,-0.0790414925346037,0
138,130,140,0.01719212636255026,0
138,130,141,0.05349049757289677,0
138,130,142,0.01778893508981289,0
138,130,143,-0.04791119636601048,0
138,130,144,0.0001026624547538437,0
138,130,145,0.0004305440120797445,0
138,130,146,0.001269211335446727,0
138,130,147,-0.00344700322612044,0
138,130,148,-0.005268675806696203,0
138,130,149,0.05185695350538442,0
138,130,150,0.0274855759367962,0
138,130,151,-0.008108412652262011,0
138,130,152,-0.05193598712485029,0
138,130,153,0.0001803238840720126,0
138,130,154,0.0005144132236400102,0
138,130,155,0.0007329988324794777,0
138,130,156,0.05620446190521109,0
138,130,157,0.01280193556038913,0
138,130,158,-0.02210599640904588,0
138,130,159,-0.05711460723388802,0
138,130,160,-0.004999186092547316,0
138,130,161,0.01223883813751087,0
138,130,162,0.0001308236127723954,0
138,130,163,0.0004173848133009377,0
138,130,164,0.0008220543389115273,0
138,130,165,0.05267643008301929,0
138,130,166,-0.004311502050931271,0
138,130,167,-0.04753621236957035,0
138,130,168,-0.02960112915582309,0
138,130,169,0.06661590355723757,0
138,130,170,0.07908294001343011,0
139,132,0,-0.00749214470632547,0
139,132,1,0.008974102847783546,0
139,132,2,0.02542796418223515,0
139,132,3,-0.005255062151926461,0
139,132,4,0.001516979350068831,0
139,132,5,0.01585030682893569,0
139,132,6,0.01417648993086124,0
139,132,7,0.01125731698234765,0
139,132,8,0.01637180690238588,0
139,132,9,0.05328083594245886,0
139,132,10,0.0417329011433346,0
139,132,11,0.05002933397486038,0
139,132,12,0.2331108186505171,0
139,132,13,0.161980125609488,0
139,132,14,0.1751712810966091,0
139,132,15,0.5263861645577528,0
139,132,16,0.3524778162209637,0
139,132,17,0.2649095829367781,0
139,132,18,0.4312193604579458,0
139,132,19,0.2866350038230962,0
139,132,20,-0.09226121317500945,0
139,132,21,-0.1071538653882021,0
139,132,22,-0.07007456687444509,0
139,132,23,-0.4883404158687088,0
139,132,24,-0.4690937861176661,0
139,132,25,-0.3094618440580996,0
139,132,26,-0.3222522776910088,0
139,132,27,-0.002146092134312376,0
139,132,28,0.4178413613844702,0
139,132,29,0.001864516365325573,0
139,132,30,0.01182138003695331,0
139,132,31,-0.003416834547505095,0
139,132,32,-0.004956244930546336,0
139,132,33,6.366195732822671e-05,0
139,132,34,-0.01307354373098966,0
139,132,35,-0.02373957837729045,0
139,132,36,-0.02192756169182918,0
139,132,37,-0.03497275036395436,0
139,132,38,-0.5312569145377274,0
139,132,39,-0.3311568158685924,0
139,132,40,-0.4426300541193931,0
139,132,41,-0.903903849409424,0
139,132,42,-0.4826120082716671,0
139,132,43,-0.1782617111734942,0
139,132,44,-0.9960423747747874,0
139,132,45,-0.4718945676784959,0
139,132,46,0.1835109700347,0
139,132,47,-0.696308080766916,0
139,132,48,-0.5306782580491807,0
139,132,49,0.1922284234330024,0
139,132,50,-0.1244939493267945,0
139,132,51,-0.4402698818201634,0
139,132,52,0.04341192527468023,0
139,132,53,0.2469031483129255,0
139,132,54,-0.07321201347306508,0
139,132,55,0.02012548514693013,0
139,132,56,0.3037307369854936,0
139,132,57,0.1876111768841147,0
139,132,58,0.01197171988601256,0
139,132,59,-0.003960067607660272,0
139,132,60,-0.01613368282120193,0
139,132,61,0.0165148723038944,0
139,132,62,0.006470438552592552,0
139,132,63,-0.001113104582601501,0
139,132,64,0.002706981375199309,0
139,132,65,-0.00667990042894405,0
139,132,66,0.002588374883712825,0
139,132,67,0.6571251659893077,0
139,132,68,0.1208907785076154,0
139,132,69,0.1725653278435339,0
139,132,70,0.9000215930571299,0
139,132,71,0.4784136732899135,0
139,132,72,0.0630709056765841,0
139,132,73,0.7010881411368431,0
139,132,74,0.6137708539678536,0
139,132,75,0.02154675246704226,0
139,132,76,0.6414106275545226,0
139,132,77,0.5762274050042441,0
139,132,78,0.1407345116953162,0
139,132,79,0.8305508753152817,0
139,132,80,0.5846826802019441,0
139,132,81,0.1986233324427895,0
139,132,82,0.7121669209993758,0
139,132,83,0.4827680168776195,0
139,132,84,-0.1108448089864279,0
139,132,85,0.1313707125664909,0
139,132,86,-0.4758148707645501,0
139,132,87,-0.003253588104598023,0
139,132,88,-0.01110009424303653,0
139,132,89,-0.003213085183435019,0
139,132,90,0.01132618340298163,0
139,132,91,0.01303124694583786,0
139,132,92,0.02002281476854586,0
139,132,93,0.002882264834026342,0
139,132,94,0.02446247340049842,0
139,132,95,0.03447411719208904,0
139,132,96,0.2374441393690658,0
139,132,97,0.2907593509370408,0
139,132,98,0.4017670586645295,0
139,132,99,-0.05536802237551715,0
139,132,100,0.005547508453382838,0
139,132,101,-0.2051847589477648,0
139,132,102,-0.6420256711693596,0
139,132,103,-0.4194478328626936,0
139,132,104,-0.5213022687675616,0
139,132,105,-1,0
139,132,106,-0.5702085645652346,0
139,132,107,-0.1939810137326309,0
139,132,108,-0.9249224140389203,0
139,132,109,-0.4744711575623949,0
139,132,110,0.2651473686897224,0
139,132,111,-0.5370485744402638,0
139,132,112,-0.4381662329572751,0
139,132,113,0.2529463776511859,0
139,132,114,-0.3409665221907774,0
139,132,115,0.03908878296629841,0
139,132,116,-0.0253330646634469,0
139,132,117,-0.01355026107043128,0
139,132,118,-0.003155584407894519,0
139,132,119,-0.003560089360361223,0
139,132,120,0.008656396767286792,0
139,132,121,0.01972533691121575,0
139,132,122,-0.4331917655771892,0
139,132,123,0.006945184161615262,0
139,132,124,-0.2015222024768679,0
139,132,125,-0.2855129425857101,0
139,132,126,0.3733152171646056,0
139,132,127,-0.1327768263672259,0
139,132,128,0.5800603389578799,0
139,132,129,0.2478177585658066,0
139,132,130,0.2842760764285898,0
139,132,131,0.3871975228909683,0
139,132,132,0.01993882684325532,0
139,132,133,0.1963070472147744,0
139,132,134,0.02221701910577759,0
139,132,135,-0.0001012592504207406,0
139,132,136,-0.0004045028911571324,0
139,132,137,-0.001592500527863635,0
139,132,138,-0.005750755967336338,0
139,132,139,-0.0217652869560129,0
139,132,140,-0.04684576015820884,0
139,132,141,-0.03821888021064121,0
139,132,142,0.008508345094573579,0
139,132,143,0.0402728691584023,0
139,132,144,6.78334161862386e-05,0
139,132,145,9.493864838076914e-05,0
139,132,146,0.000788601492320804,0
139,132,147,0.04065751425402064,0
139,132,148,0.05647007046023238,0
139,132,149,0.03892127230224218,0
139,132,150,0.02171404474867577,0
139,132,151,0.01875230514995074,0
139,132,152,0.01711815449488059,0
139,132,153,9.590861399091091e-05,0
139,132,154,9.957449055932793e-05,0
139,132,155,0.0004837125606878503,0
139,132,156,-0.01490934213738743,0
139,132,157,-0.02108298184008507,0
139,132,158,-0.02231027566405845,0
139,132,159,-0.0345007802860661,0
139,132,160,-0.05317895884467137,0
139,132,161,-0.04372182827362411,0
139,132,162,2.716427538919062e-05,0
139,132,163,-9.377418182885726e-05,0
139,132,164,-0.000742901985815692,0
139,132,165,-0.0375744357189336,0
139,132,166,-0.01699157571457644,0
139,132,167,0.03309170299721044,0
139,132,168,0.05160532237824493,0
139,132,169,0.02652513201187287,0
139,132,170,0.003152339305459471,0
140,133,0,-0.005474523472177853,0
140,133,1,-0.009949291467622072,0
140,133,2,-0.01480203698261978,0
140,133,3,0.00270229585595043,0
140,133,4,-0.01117371718284283,0
140,133,5,-0.01978873795585477,0
140,133,6,0.008584976205249027,0
140,133,7,-0.003979273839105105,0
140,133,8,-0.01838238898114161,0
140,133,9,-0.07902394638556486,0
140,133,10,-0.05686207664492522,0
140,133,11,-0.09012645647775779,0
140,133,12,-0.166739025255001,0
140,133,13,-0.1133020254673014,0
140,133,14,-0.08442115754605529,0
140,133,15,-0.1730102821224138,0
140,133,16,-0.1130017927480676,0
140,133,17,-8.850384592436837e-05,0
140,133,18,0.08044546788167446,0
140,133,19,0.05857963055522662,0
140,133,20,0.2402757867025058,0
140,133,21,0.4863903605195119,0
140,133,22,0.3274935337570099,0
140,133,23,0.3729031828388781,0
140,133,24,0.5540291379349038,0
140,133,25,0.3705643364174241,0
140,133,26,0.06065457162900428,0
140,133,27,0.001891876893924878,0
140,133,28,-0.4993477190717756,0
140,133,29,-0.001371796249296576,0
140,133,30,-0.002212965355568974,0
140,133,31,0.01175972765045431,0
140,133,32,0.001001751729631629,0
140,133,33,-0.007511347672376756,0
140,133,34,0.005041680093526418,0
140,133,35,-0.001835915446462976,0
140,133,36,-0.008789747787274819,0
140,133,37,0.001504537757216526,0
140,133,38,0.1920317180161523,0
140,133,39,0.06356742931688768,0
140,133,40,0.09261191686919457,0
140,133,41,0.2282243129170976,0
140,133,42,0.08606634163700835,0
140,133,43,-0.05776614386323144,0
140,133,44,-0.03423427515026631,0
140,133,45,-0.03332508913306283,0
140,133,46,-0.2599112092753472,0
140,133,47,-0.5433969676900153,0
140,133,48,-0.1976070119185392,0
140,133,49,-0.2471927659125036,0
140,133,50,-0.9603837838545525,0
140,133,51,-0.3725779567615937,0
140,133,52,-0.01835907739538094,0
140,133,53,-0.8394231930924068,0
140,133,54,-0.5106397493255086,0
140,133,55,0.1830286309489569,0
140,133,56,-0.3533610480664026,0
140,133,57,0.2970878572410651,0
140,133,58,0.003272134513428835,0
140,133,59,0.01399880595334594,0
140,133,60,0.01372626224372912,0
140,133,61,0.002426983953861679,0
140,133,62,0.01210918429360918,0
140,133,63,0.01450685814670565,0
140,133,64,0.01366865956535387,0
140,133,65,0.02256841977733966,0
140,133,66,0.03069280070816197,0
140,133,67,0.1822471995561621,0
140,133,68,0.201065641126686,0
140,133,69,0.2726184487846486,0
140,133,70,0.3952065290408788,0
140,133,71,0.2305857230102974,0
140,133,72,0.1556010413705127,0
140,133,73,0.6676325551639898,0
140,133,74,0.2588140335324109,0
140,133,75,-0.004531591987506579,0
140,133,76,0.7055159734718334,0
140,133,77,0.2899376231859984,0
140,133,78,-0.2124634655416837,0
140,133,79,0.4362635421035785,0
140,133,80,0.2768591390746998,0
140,133,81,-0.2686662457829648,0
140,133,82,0.1607394417313784,0
140,133,83,0.2379557163102353,0
140,133,84,-0.08415989970382895,0
140,133,85,0.2098248982971795,0
140,133,86,0.1223676258601609,0
140,133,87,0.003994499251579782,0
140,133,88,0.0001821054655699511,0
140,133,89,-0.01713176271770924,0
140,133,90,-0.01105869280143392,0
140,133,91,-0.007597524351426713,0
140,133,92,-0.02368194417286268,0
140,133,93,-0.02679804747556916,0
140,133,94,-0.01832614113234359,0
140,133,95,-0.03429471879036924,0
140,133,96,-0.804240950094279,0
140,133,97,-0.3484557511867052,0
140,133,98,-0.4659339874199955,0
140,133,99,-1,0
140,133,100,-0.5558848510450493,0
140,133,101,-0.02969318015694714,0
140,133,102,-0.6082789764186132,0
140,133,103,-0.404548934155627,0
140,133,104,0.3674494641570971,0
140,133,105,-0.06913998368941686,0
140,133,106,-0.1950927792673155,0
140,133,107,0.3035401013146921,0
140,133,108,0.21995963143633,0
140,133,109,-0.04593711607693349,0
140,133,110,0.01389657707532296,0
140,133,111,0.194225555335456,0
140,133,112,0.06680248238607248,0
140,133,113,-0.105541089780862,0
140,133,114,0.08401967483132661,0
140,133,115,-0.06863913305467331,0
140,133,116,0.01088066759465338,0
140,133,117,-0.003331925604511056,0
140,133,118,0.0005414836828170203,0
140,133,119,-0.006272338620327226,0
140,133,120,0.005137139612822165,0
140,133,121,-0.01435925286973268,0
140,133,122,0.5106002810269269,0
140,133,123,0.001737280988991321,0
140,133,124,0.5330064837684189,0
140,133,125,0.3381599994432788,0
140,133,126,0.1239579337598918,0
140,133,127,0.3551475329779789,0
140,133,128,-0.2025793037572657,0
140,133,129,0.08606581405406531,0
140,133,130,-0.2047977135965946,0
140,133,131,-0.1306429241203234,0
140,133,132,-0.08015444570501859,0
140,133,133,-0.1342880650794125,0
140,133,134,-0.05218479139905081,0
140,133,135,-5.529023276063708e-05,0
140,133,136,-8.430272056854749e-05,0
140,133,137,-0.0002425812425329046,0
140,133,138,0.006986128736739409,0
140,133,139,0.014261906219129,0
140,133,140,0.01433650106469869,0
140,133,141,-0.007742374788366651,0
140,133,142,-0.0424060486335205,0
140,133,143,-0.04801277112592879,0
140,133,144,-6.567047322103968e-05,0
140,133,145,-4.372605284050377e-05,0
140,133,146,-3.164889151600362e-05,0
140,133,147,-0.009369688492470144,0
140,133,148,-0.005533962089926852,0
140,133,149,0.0170495351092332,0
140,133,150,0.03885104417018671,0
140,133,151,0.04050939362322758,0
140,133,152,0.02540058681867626,0
140,133,153,-0.0002062654912326235,0
140,133,154,-0.0004107299635380395,0
140,133,155,-0.001567562790989444,0
140,133,156,-0.02585538862401308,0
140,133,157,-0.03941345272841899,0
140,133,158,-0.0394053067028093,0
140,133,159,-0.02089607636544527,0
140,133,160,0.003126521143715391,0
140,133,161,0.01069598644651287,0
140,133,162,-2.226579494290462e-05,0
140,133,163,0.0001614503051907694,0
140,133,164,0.001472881845188461,0
140,133,165,0.04418097679651737,0
140,133,166,0.04684158040729092,0
140,133,167,0.0123032936353205,0
140,133,168,-0.01584859879740506,0
140,133,169,-0.01656899237475144,0
140,133,170,-0.006379653204467574,0
141,124,0,-0.03737722506529338,0
141,124,1,-0.007346488871988193,0
141,124,2,0.02068835788639331,0
141,124,3,-0.01802965839761386,0
141,124,4,-0.04048470147861931,0
141,124,5,-0.02905488203631946,0
141,124,6,0.02425098356600619,0
141,124,7,-0.02980406481674597,0
141,124,8,-0.06573550922129112,0
141,124,9,-1,0
141,124,10,-0.6691019402356778,0
141,124,11,-0.9348167621171758,0
141,124,12,-0.1022372397225676,0
141,124,13,-0.08275537280720723,0
141,124,14,0.7780423369934018,0
141,124,15,0.8277234547276995,0
141,124,16,0.5312422672405915,0
141,124,17,0.7954484015200434,0
141,124,18,-0.09391249684971618,0
141,124,19,-0.06018191857786787,0
141,124,20,-0.8314900307559989,0
141,124,21,-0.557839867263052,0
141,124,22,-0.3641182715999239,0
141,124,23,-0.4092145802704536,0
141,124,24,0.5485647691794161,0
141,124,25,0.3574584766472486,0
141,124,26,0.9783500837906497,0
141,124,27,0.0166934608796496,0
141,124,28,-0.4485856140560476,0
141,124,29,0.007757710501810807,0
141,124,30,0.02964711525280887,0
141,124,31,0.03190086607684957,0
141,124,32,0.01564723073996449,0
141,124,33,-0.0001234246114658956,0
141,124,34,0.006906606305500975,0
141,124,35,-0.0006168469756214748,0
141,124,36,-0.03566998026607986,0
141,124,37,-0.01968458400019294,0
141,124,38,0.7662533213943342,0
141,124,39,-0.1758192013752851,0
141,124,40,-0.2258537253416819,0
141,124,41,0.3311723102750714,0
141,124,42,0.7922874585008738,0
141,124,43,0.3932318444730095,0
141,124,44,-0.4724905615096528,0
141,124,45,0.2583175472168713,0
141,124,46,0.03495328680546513,0
141,124,47,-0.2653208867071081,0
141,124,48,-0.8011853124772841,0
141,124,49,-0.6833765652822932,0
141,124,50,0.2135701851041898,0
141,124,51,-0.1567620452671172,0
141,124,52,0.03079214534481921,0
141,124,53,-0.04482221692445753,0
141,124,54,0.7008761424724241,0
141,124,55,0.7729717208864599,0
141,124,56,-0.3223632258752756,0
141,124,57,-0.3902846413215295,0
141,124,58,0.02964857160521477,0
141,124,59,0.02010190461683674,0
141,124,60,-0.01943500854467607,0
141,124,61,0.03866885539707811,0
141,124,62,0.04644590104691561,0
141,124,63,0.02243615618772116,0
141,124,64,-0.03228273262905405,0
141,124,65,0.007723457525795264,0
141,124,66,0.02880634195059616,0
141,124,67,0.7076890718968805,0
141,124,68,0.3074796996549358,0
141,124,69,0.4601202524859392,0
141,124,70,-0.5885979962556168,0
141,124,71,-0.0879852457182371,0
141,124,72,-0.7271540387192071,0
141,124,73,-0.8779092980614622,0
141,124,74,-0.5535877481521599,0
141,124,75,-0.2119995946126616,0
141,124,76,0.7054548420218454,0
141,124,77,-0.04888293573988125,0
141,124,78,0.7066610664932433,0
141,124,79,0.8104316593606,0
141,124,80,0.5606871766525163,0
141,124,81,0.1234974601258019,0
141,124,82,-0.6456758636459099,0
141,124,83,0.1584940776859955,0
141,124,84,-0.4998605069501299,0
141,124,85,-0.2884914200574911,0
141,124,86,0.1797761237015857,0
141,124,87,-0.008570298735387082,0
141,124,88,-0.04224612266531102,0
141,124,89,-0.0579248944165475,0
141,124,90,0.03203790485381661,0
141,124,91,0.02470912692753856,0
141,124,92,0.00563659331304345,0
141,124,93,0.00718271476754102,0
141,124,94,0.05355704763003376,0
141,124,95,0.04307707405868385,0
141,124,96,0.1301341102691367,0
141,124,97,0.43824836063547,0
141,124,98,0.6044342962044646,0
141,124,99,-0.1358852026055287,0
141,124,100,-0.6130402157548438,0
141,124,101,-0.9333651788428999,0
141,124,102,0.164968615013333,0
141,124,103,-0.03915265697298451,0
141,124,104,0.07863531351669804,0
141,124,105,0.4249983648524633,0
141,124,106,0.7895548937939759,0
141,124,107,0.9111515936097365,0
141,124,108,-0.2729578719973345,0
141,124,109,-0.1051828149215371,0
141,124,110,-0.5440474037631854,0
141,124,111,-0.7856121892519871,0
141,124,112,-0.8860946871952914,0
141,124,113,-0.9573450840362205,0
141,124,114,0.136726525754104,0
141,124,115,0.8968699711794287,0
141,124,116,-0.06788484523003778,0
141,124,117,-0.06052895354139218,0
141,124,118,-0.004242512841572077,0
141,124,119,-0.03112016052045418,0
141,124,120,0.02893458460897977,0
141,124,121,0.03306955092384888,0
141,124,122,-0.6641568611147312,0
141,124,123,0.01398531629255017,0
141,124,124,0.3940102427225732,0
141,124,125,-0.4320805131621044,0
141,124,126,0.2949197222436834,0
141,124,127,0.2555829128762764,0
141,124,128,-0.7327790511099406,0
141,124,129,0.1873974851582377,0
141,124,130,-0.09580198516476213,0
141,124,131,-0.4737097516594764,0
141,124,132,0.9993976371104148,0
141,124,133,-0.04925128248271392,0
141,124,134,0.6610987673619718,0
141,124,135,1.991384985356122e-05,0
141,124,136,-8.160577514360236e-05,0
141,124,137,-0.0002798920612664712,0
141,124,138,0.08499834261647335,0
141,124,139,0.008145629485631616,0
141,124,140,-0.06977321176969646,0
141,124,141,0.009597109867357689,0
141,124,142,0.04981685770234242,0
141,124,143,-0.04471026451388615,0
141,124,144,6.524675144402557e-05,0
141,124,145,-0.0002197268035657228,0
141,124,146,-0.0008601147074636331,0
141,124,147,0.01838351762262192,0
141,124,148,-0.02405840326155413,0
141,124,149,-0.02861900155197651,0
141,124,150,0.0365230760291141,0
141,124,151,0.03259715061361748,0
141,124,152,-0.04017939808433086,0
141,124,153,3.252502340906989e-05,0
141,124,154,-0.0001523238226768524,0
141,124,155,0.0001753500931576662,0
141,124,156,-0.04365371401351552,0
141,124,157,0.02418979975622397,0
141,124,158,0.04466519898230078,0
141,124,159,-0.02302212225719246,0
141,124,160,-0.03508415647490545,0
141,124,161,0.01585298997938012,0
141,124,162,-3.283591505894978e-06,0
141,124,163,-0.000237562925657567,0
141,124,164,-0.0007215664648988802,0
141,124,165,-0.05638354161137984,0
141,124,166,0.03478167225053784,0
141,124,167,0.02637949603417472,0
141,124,168,-0.06139724441407123,0
141,124,169,-0.008347224641744635,0
141,124,170,0.08488175592758732,0
142,123,0,-0.02572701431057367,0
142,123,1,-0.02085339447246594,0
142,123,2,-0.01805966756958541,0
142,123,3,0.01773737876099556,0
142,123,4,-0.01411284419262452,0
142,123,5,-0.02197574190807419,0
142,123,6,-0.003725903141077631,0
142,123,7,-0.009383118893931869,0
142,123,8,-0.03551592571868502,0
142,123,9,-0.2581952874785718,0
142,123,10,-0.1704848930308144,0
142,123,11,-0.2248796914480811,0
142,123,12,-0.412655455498391,0
142,123,13,-0.2729320503900802,0
142,123,14,-0.12755156757623,0
142,123,15,-0.2462047328969965,0
142,123,16,-0.1648515665617742,0
142,123,17,0.1551283014114536,0
142,123,18,0.3271500306457669,0
142,123,19,0.20878924372245,0
142,123,20,0.497148225866494,0
142,123,21,0.3628667050531449,0
142,123,22,0.2363623374556275,0
142,123,23,0.01384262421309585,0
142,123,24,-0.1739668683523765,0
142,123,25,-0.1079824679727037,0
142,123,26,-0.4732817795023556,0
142,123,27,0.006156069528894214,0
142,123,28,0.1700112836543712,0
142,123,29,-0.02356593047897359,0
142,123,30,-0.01367214456924233,0
142,123,31,0.01288407427312431,0
142,123,32,0.02803170870121562,0
142,123,33,-0.001452684830699432,0
142,123,34,0.01537365520526207,0
142,123,35,0.04602279483893468,0
142,123,36,0.03443237222689263,0
142,123,37,0.03790981598826189,0
142,123,38,0.8549496064041616,0
142,123,39,0.4289208318427973,0
142,123,40,0.5741766287634693,0
142,123,41,0.9234218374077211,0
142,123,42,0.5283086885034067,0
142,123,43,-0.04647337164609008,0
142,123,44,0.2602784088902168,0
142,123,45,0.2757594733304715,0
142,123,46,-0.4767632819294861,0
142,123,47,-0.5490712678808436,0
142,123,48,-0.01793020911386154,0
142,123,49,-0.2847891728401489,0
142,123,50,-0.6572094578774978,0
142,123,51,-0.4395921121958062,0
142,123,52,-0.1181100730836952,0
142,123,53,-0.111308630580378,0
142,123,54,-0.4214733949733679,0
142,123,55,0.024806990381491,0
142,123,56,0.1376103774872479,0
142,123,57,0.3078140186027397,0
142,123,58,-0.02784433185648095,0
142,123,59,-0.0008230684591505088,0
142,123,60,0.01210905293259726,0
142,123,61,0.004436822530383037,0
142,123,62,-0.003696713769028782,0
142,123,63,-0.0004797707812265825,0
142,123,64,-0.01287360891122859,0
142,123,65,0.008987480773678239,0
142,123,66,-0.01159469958043061,0
142,123,67,-0.9662429720665614,0
142,123,68,-0.2217430653862978,0
142,123,69,-0.2871227737141497,0
142,123,70,-0.9896666957110719,0
142,123,71,-0.6972000728892616,0
142,123,72,-0.07084314465154189,0
142,123,73,-0.2753172319644962,0
142,123,74,-0.5347410435788211,0
142,123,75,0.1764919816148043,0
142,123,76,0.3025037663413935,0
142,123,77,0.001017473001619801,0
142,123,78,0.2637517857986845,0
142,123,79,0.8856367327399225,0
142,123,80,0.508624448942853,0
142,123,81,0.4171066238967969,0
142,123,82,1,0
142,123,83,0.6820554034476736,0
142,123,84,0.1145129398893034,0
142,123,85,0.2269102536061398,0
142,123,86,-0.5990907963115936,0
142,123,87,-0.01575897885632089,0
142,123,88,-0.003611262020618857,0
142,123,89,-0.004336375182450855,0
142,123,90,0.01489901982139293,0
142,123,91,-0.007918649156564157,0
142,123,92,-0.01479199813289924,0
142,123,93,0.01505115470499772,0
142,123,94,-9.884575408603857e-05,0
142,123,95,-0.01736502331783823,0
142,123,96,0.08719490300667422,0
142,123,97,-0.1403874632916047,0
142,123,98,-0.1904661078813865,0
142,123,99,0.5889046543977896,0
142,123,100,0.344726409242797,0
142,123,101,0.3933532021703297,0
142,123,102,0.583170819175196,0
142,123,103,0.5062781239803578,0
142,123,104,0.1402778203087885,0
142,123,105,-0.217269976183729,0
142,123,106,0.03004711908958087,0
142,123,107,-0.5119623157087437,0
142,123,108,-0.921090014566566,0
142,123,109,-0.3199209369337724,0
142,123,110,-0.2566692542122418,0
142,123,111,-0.8452310411557258,0
142,123,112,-0.4752753782649088,0
142,123,113,0.1925425710473053,0
142,123,114,-0.4193782054570426,0
142,123,115,0.2243687932123652,0
142,123,116,-0.006575976135499497,0
142,123,117,-0.005220402023232505,0
142,123,118,0.01630253985761625,0
142,123,119,-0.002668669311585887,0
142,123,120,-0.001941067231071446,0
142,123,121,-0.001762923913292631,0
142,123,122,0.1847046989754639,0
142,123,123,-0.01074441537088743,0
142,123,124,-0.2678038671111158,0
142,123,125,0.1135067688278551,0
142,123,126,-0.4098701807978987,0
142,123,127,-0.1760075765125438,0
142,123,128,0.1858996955063579,0
142,123,129,-0.2620768690421654,0
142,123,130,0.4753050093566142,0
142,123,131,0.128116589675195,0
142,123,132,0.2529180318583344,0
142,123,133,0.3159675414450709,0
142,123,134,0.1678119758865567,0
142,123,135,0.0001571075542257092,0
142,123,136,0.0005994347035435948,0
142,123,137,0.002302125479331821,0
142,123,138,0.02215594151765505,0
142,123,139,0.03336334048114799,0
142,123,140,0.01871931528152135,0
142,123,141,-0.02810170402683846,0
142,123,142,-0.0290839303210978,0
142,123,143,0.0169009570623334,0
142,123,144,-8.557554089780343e-05,0
142,123,145,-0.0002338095743264129,0
142,123,146,-0.001572507547325202,0
142,123,147,-0.0536310535220807,0
142,123,148,-0.0486934270038074,0
142,123,149,-0.004656326545302994,0
142,123,150,0.02058934399581891,0
142,123,151,0.03105589315315335,0
142,123,152,0.02812791342376815,0
142,123,153,-8.379886654900788e-05,0
142,123,154,-6.577742481894592e-05,0
142,123,155,-0.0001190258992248143,0
142,123,156,0.02591628625074888,0
142,123,157,0.03386202119160239,0
142,123,158,0.01819097271611687,0
142,123,159,-0.005069503319730308,0
142,123,160,-0.04311940802009705,0
142,123,161,-0.05475181037767229,0
142,123,162,-6.433981155824566e-05,0
142,123,163,-6.799581712282443e-05,0
142,123,164,5.361149456375782e-05,0
142,123,165,0.01774174705084855,0
142,123,166,-0.02057155085339849,0
142,123,167,-0.03428721693975475,0
142,123,168,0.01421226393186835,0
142,123,169,0.03858091815437042,0
142,123,170,0.02097636195403258,0
143,122,0,-0.00853725019844687,0
143,122,1,0.001703260570660425,0
143,122,2,0.01150684306197161,0
143,122,3,-0.01564908652372098,0
143,122,4,-0.01679211147675565,0
143,122,5,-0.01101166264981779,0
143,122,6,0.007553916630112622,0
143,122,7,-0.01793622247065046,0
143,122,8,-0.02817235207881916,0
143,122,9,-0.6165273232763703,0
143,122,10,-0.41052227168452,0
143,122,11,-0.5650506408605558,0
143,122,12,0.5412842224989941,0
143,122,13,0.3417697158594576,0
143,122,14,1,0
143,122,15,0.06286868565202192,0
143,122,16,0.04376929801407606,0
143,122,17,-0.4275623683943426,0
143,122,18,-0.4399669544198422,0
143,122,19,-0.2848952249191868,0
143,122,20,-0.4380602747791009,0
143,122,21,0.5064416916432435,0
143,122,22,0.3260504237810835,0
143,122,23,0.8265648995785814,0
143,122,24,-0.3097573494740023,0
143,122,25,-0.1908948967064653,0
143,122,26,-0.69778799878877,0
143,122,27,0.003191857949478266,0
143,122,28,0.2855374030083825,0
143,122,29,0.01225155463114283,0
143,122,30,0.01762738086338496,0
143,122,31,0.01241326744952599,0
143,122,32,0.0007372733369347589,0
143,122,33,0.001927991357016679,0
143,122,34,0.002448775442567863,0
143,122,35,-0.01013490349470672,0
143,122,36,-0.02503077888245506,0
143,122,37,-0.01411367056015334,0
143,122,38,0.3637801264065367,0
143,122,39,-0.1793496513948443,0
143,122,40,-0.235529278542914,0
143,122,41,-0.2600874897212055,0
143,122,42,0.5624479830697894,0
143,122,43,0.4399373425620076,0
143,122,44,-0.2144787154891208,0
143,122,45,-0.463492569912532,0
143,122,46,-0.4063367311417413,0
143,122,47,0.2456049248883471,0
143,122,48,-0.1565339644837559,0
143,122,49,-0.0149338672751676,0
143,122,50,-0.07267301884768665,0
143,122,51,0.5662752411283952,0
143,122,52,0.5563381347966113,0
143,122,53,0.119367586120286,0
143,122,54,-0.4358323397250273,0
143,122,55,-0.5328010775907948,0
143,122,56,0.2143693199356133,0
143,122,57,0.1878007270232541,0
143,122,58,0.02130813642129779,0
143,122,59,0.01006736722235812,0
143,122,60,-0.01245331174898617,0
143,122,61,0.01584857637439637,0
143,122,62,0.02458552662763473,0
143,122,63,0.01205147554736062,0
143,122,64,-0.01548262938698051,0
143,122,65,0.001605848144884522,0
143,122,66,0.01629718140723799,0
143,122,67,0.5752091151126891,0
143,122,68,0.2066720273944328,0
143,122,69,0.2967534905587179,0
143,122,70,-0.6419249994271439,0
143,122,71,-0.08512618697399835,0
143,122,72,-0.6094469446633891,0
143,122,73,0.3113591543346377,0
143,122,74,-0.1022862712340719,0
143,122,75,0.4250987081286967,0
143,122,76,0.4084999216183763,0
143,122,77,0.2568332774208194,0
143,122,78,0.06636885387131407,0
143,122,79,-0.7579039790253272,0
143,122,80,-0.08117561443610032,0
143,122,81,-0.4637320642473546,0
143,122,82,0.3743126605116847,0
143,122,83,-0.1579099527262037,0
143,122,84,0.4481684523552379,0
143,122,85,0.1436013924876201,0
143,122,86,-0.1335370219796981,0
143,122,87,-0.0009658408167560074,0
143,122,88,-0.02064799063386995,0
143,122,89,-0.02865661825080031,0
143,122,90,0.01173354875548445,0
143,122,91,0.01327013868991662,0
143,122,92,0.004781311714125496,0
143,122,93,0.002392728672804296,0
143,122,94,0.02562513622696336,0
143,122,95,0.02263710530279859,0
143,122,96,0.03859865596465188,0
143,122,97,0.2468248623290496,0
143,122,98,0.3363462573236934,0
143,122,99,-0.1871555563755502,0
143,122,100,-0.5637087435174062,0
143,122,101,-0.7897723016366405,0
143,122,102,0.2372323160484537,0
143,122,103,0.4685889814900561,0
143,122,104,0.8055150039053027,0
143,122,105,-0.08007804338118645,0
143,122,106,-0.008064629259607842,0
143,122,107,-0.2277195753658712,0
143,122,108,-0.2469463042705731,0
143,122,109,-0.4990407212491568,0
143,122,110,-0.6008582508225419,0
143,122,111,0.344203086765092,0
143,122,112,0.5524988057071852,0
143,122,113,0.9665376801806805,0
143,122,114,-0.1010873719335813,0
143,122,115,-0.4507453720894889,0
143,122,116,-0.03191470723667274,0
143,122,117,-0.02908403235852407,0
143,122,118,-0.005354165544232761,0
143,122,119,-0.01518885403749405,0
143,122,120,0.01708046792320092,0
143,122,121,0.01659309200253497,0
143,122,122,-0.363127371881247,0
143,122,123,0.01069188478566752,0
143,122,124,0.5428184208587016,0
143,122,125,-0.2302377148929038,0
143,122,126,-0.3883153649868663,0
143,122,127,0.346747089460502,0
143,122,128,-0.1240982321363515,0
143,122,129,-0.2534857279038821,0
143,122,130,0.5664055411519329,0
143,122,131,-0.07421838913454989,0
143,122,132,-0.5290166917908777,0
143,122,133,0.3667170218731871,0
143,122,134,-0.340679499450639,0
143,122,135,4.344056742011878e-05,0
143,122,136,-4.641924091010429e-05,0
143,122,137,-0.0004010999705322266,0
143,122,138,0.05213283116797045,0
143,122,139,-0.04476109141691292,0
143,122,140,-0.004586939021056936,0
143,122,141,0.03789706299505381,0
143,122,142,-0.04146198301480172,0
143,122,143,0.02654307229848007,0
143,122,144,0.0001369974654333118,0
143,122,145,9.408308114631197e-05,0
143,122,146,0.0001906266460886084,0
143,122,147,0.02068329358572522,0
143,122,148,-0.02320495628759181,0
143,122,149,0.01626661918345477,0
143,122,150,0.0163222870263012,0
143,122,151,-0.03551444629894163,0
143,122,152,0.0174846403027864,0
143,122,153,0.0001288297558528726,0
143,122,154,0.0001351925426077635,0
143,122,155,0.0005903061006028832,0
143,122,156,-0.02788725595259782,0
143,122,157,0.03033476917122523,0
143,122,158,-0.01011911940936556,0
143,122,159,-0.01808730462997429,0
143,122,160,0.02799344705674566,0
143,122,161,-0.01380807992921893,0
143,122,162,7.648714008944725e-05,0
143,122,163,3.060829071464355e-05,0
143,122,164,-9.765968641063603e-05,0
143,122,165,-0.03085005166638044,0
143,122,166,0.04549682620591994,0
143,122,167,-0.03218245971765021,0
143,122,168,-0.009575190157557466,0
143,122,169,0.04806705277359273,0
143,122,170,-0.0444188184834933,0
144,121,0,-0.004214992787736979,0
144,121,1,-0.007189752933041072,0
144,121,2,-0.01049343595284055,0
144,121,3,-0.004524437833283364,0
144,121,4,-0.01470422629350952,0
144,121,5,-0.02142165279461727,0
144,121,6,0.009411024047158521,0
144,121,7,-0.009653035894909167,0
144,121,8,-0.02398902695170313,0
144,121,9,-0.1765192876386298,0
144,121,10,-0.122849938706619,0
144,121,11,-0.184361425511589,0
144,121,12,-0.121067928736072,0
144,121,13,-0.07948678594001042,0
144,121,14,0.05143766377304643,0
144,121,15,0.1391398110236737,0
144,121,16,0.09782892485654326,0
144,121,17,0.2493818990511406,0
144,121,18,0.4707370294746372,0
144,121,19,0.3099811241698032,0
144,121,20,0.2919644064034712,0
144,121,21,-0.1238355161782321,0
144,121,22,-0.08403505830246763,0
144,121,23,-0.543086764179477,0
144,121,24,-0.5648271473045844,0
144,121,25,-0.375903242971712,0
144,121,26,-0.4001073069428773,0
144,121,27,-0.001748541931983592,0
144,121,28,0.5086601266923373,0
144,121,29,0.005574319333057391,0
144,121,30,0.00418942091854601,0
144,121,31,0.0138366208872653,0
144,121,32,-0.002180632776273543,0
144,121,33,-0.007142027743450073,0
144,121,34,0.00374812306816536,0
144,121,35,-0.005551564141695127,0
144,121,36,-0.01726975306388943,0
144,121,37,-0.003875391282611777,0
144,121,38,0.2951076520208395,0
144,121,39,0.05729783297398784,0
144,121,40,0.08122362026595625,0
144,121,41,0.05921010151594069,0
144,121,42,0.07049383687025058,0
144,121,43,-0.176097060770277,0
144,121,44,-0.4987562077282849,0
144,121,45,-0.1515047046449788,0
144,121,46,-0.2622054987379014,0
144,121,47,-0.5559443332872481,0
144,121,48,-0.1476198477906827,0
144,121,49,0.2577559715209473,0
144,121,50,0.4036655166472612,0
144,121,51,-0.121072206565311,0
144,121,52,0.3484785830699065,0
144,121,53,1,0
144,121,54,0.372384880307398,0
144,121,55,0.1453763543439142,0
144,121,56,0.3631741302108478,0
144,121,57,-0.4211458688763492,0
144,121,58,0.01354956503292581,0
144,121,59,0.01825810438068519,0
144,121,60,0.01074810410752993,0
144,121,61,0.003554693091219687,0
144,121,62,0.01775012623371647,0
144,121,63,0.01676286485952165,0
144,121,64,0.01332406269043392,0
144,121,65,0.02328393810318443,0
144,121,66,0.03787786695415248,0
144,121,67,0.3222557571137094,0
144,121,68,0.2832692273177235,0
144,121,69,0.3848502387657849,0
144,121,70,0.4280600311124699,0
144,121,71,0.1566169612438733,0
144,121,72,-0.07981094013645372,0
144,121,73,0.3173817214366376,0
144,121,74,0.01415320984153953,0
144,121,75,-0.3755830912981352,0
144,121,76,-0.3094675901093876,0
144,121,77,-0.0161358966683291,0
144,121,78,-0.308797066222926,0
144,121,79,-0.3952058711605059,0
144,121,80,-0.01244901466349865,0
144,121,81,0.2574986439578617,0
144,121,82,-0.3595941255035415,0
144,121,83,-0.1333612300752225,0
144,121,84,0.1786524472206607,0
144,121,85,-0.3032426525132065,0
144,121,86,-0.07751745298560701,0
144,121,87,0.009456997862963301,0
144,121,88,-0.001327750196285589,0
144,121,89,-0.02237820240303873,0
144,121,90,-0.01445231547052307,0
144,121,91,-0.005158840899748272,0
144,121,92,-0.02303513614684517,0
144,121,93,-0.03437930866788744,0
144,121,94,-0.01800371792771181,0
144,121,95,-0.03087911397422162,0
144,121,96,-0.9955131010839087,0
144,121,97,-0.3892545193648208,0
144,121,98,-0.5142724541464676,0
144,121,99,-0.4994411847503207,0
144,121,100,-0.3883873970056205,0
144,121,101,0.373585484398508,0
144,121,102,0.504766827376297,0
144,121,103,0.06768720109882469,0
144,121,104,0.5575556792106272,0
144,121,105,0.5718009257005595,0
144,121,106,0.1598817940967806,0
144,121,107,-0.2269926110897702,0
144,121,108,0.004438197749477409,0
144,121,109,0.1909529759402155,0
144,121,110,-0.2601147562217607,0
144,121,111,-0.3444290542518625,0
144,121,112,-0.1009923747814312,0
144,121,113,-0.1491457598817479,0
144,121,114,-0.05905281337080145,0
144,121,115,0.2257660615130881,0
144,121,116,0.01103785864924925,0
144,121,117,-0.005825752331667947,0
144,121,118,-0.004950608806734015,0
144,121,119,-0.008399322133418832,0
144,121,120,0.005757170191154264,0
144,121,121,-0.01483588005145343,0
144,121,122,0.5793276466492843,0
144,121,123,0.006704762623609879,0
144,121,124,0.1665061029975909,0
144,121,125,0.3853965235243168,0
144,121,126,-0.44372029057828,0
144,121,127,0.1126505429906246,0
144,121,128,-0.1860910692751677,0
144,121,129,-0.292765752972412,0
144,121,130,0.08171418023248481,0
144,121,131,-0.1304261529308718,0
144,121,132,0.2403614855602514,0
144,121,133,0.05174431243303845,0
144,121,134,0.1620450143560496,0
144,121,135,-5.802651718519633e-05,0
144,121,136,-7.313962569759147e-05,0
144,121,137,-0.0001460362273370743,0
144,121,138,0.01596443128950691,0
144,121,139,0.01078248727788891,0
144,121,140,-0.01216554981598511,0
144,121,141,-0.03984018922715522,0
144,121,142,0.01095771902984179,0
144,121,143,0.04842761132241066,0
144,121,144,-6.819209521345285e-05,0
144,121,145,-2.290700788298492e-05,0
144,121,146,0.0001900100247175477,0
144,121,147,-0.008468647705439477,0
144,121,148,0.006278885739381177,0
144,121,149,0.03032359430027536,0
144,121,150,0.007351564357054175,0
144,121,151,-0.0236199243681524,0
144,121,152,-0.03845801806537394,0
144,121,153,-0.0002463331818524689,0
144,121,154,-0.0005397129989436083,0
144,121,155,-0.002074696789646468,0
144,121,156,-0.03663812801427949,0
144,121,157,-0.02835365962518763,0
144,121,158,0.005022253809691315,0
144,121,159,0.03233612969569896,0
144,121,160,0.007958962349537111,0
144,121,161,-0.007640601761750316,0
144,121,162,-3.966143054930745e-05,0
144,121,163,0.0001146743767183773,0
144,121,164,0.001478664316739388,0
144,121,165,0.04925157468805355,0
144,121,166,0.0145454727481608,0
144,121,167,-0.03762237585997404,0
144,121,168,-0.01636020945889657,0
144,121,169,0.007196462757425431,0
144,121,170,0.02115627667063736,0
145,120,0,-0.002722933113674898,0
145,120,1,0.002020821549399605,0
145,120,2,0.006666359243832065,0
145,120,3,-0.005640312194721592,0
145,120,4,-0.004312125975543006,0
145,120,5,-0.0007213646335804533,0
145,120,6,0.001706348855785762,0
145,120,7,-0.005799298402029883,0
145,120,8,-0.007574178519800462,0
145,120,9,-0.3045863882432706,0
145,120,10,-0.2000793437334482,0
145,120,11,-0.2695006474454424,0
145,120,12,0.559562067604579,0
145,120,13,0.3569424676156313,0
145,120,14,0.742193878844051,0
145,120,15,-0.5822638949527609,0
145,120,16,-0.3748254776198641,0
145,120,17,-1,0
145,120,18,0.4198081321913,0
145,120,19,0.2647661013125661,0
145,120,20,0.8662854138435996,0
145,120,21,-0.3008727945192616,0
145,120,22,-0.1888426239567154,0
145,120,23,-0.6210583169749024,0
145,120,24,0.213525224530545,0
145,120,25,0.1381866724426104,0
145,120,26,0.4537124846603194,0
145,120,27,0.003684697094569626,0
145,120,28,-0.1824759290824004,0
145,120,29,0.004135209473174103,0
145,120,30,0.006624735770532251,0
145,120,31,0.002763570727177006,0
145,120,32,0.0009099617096184545,0
145,120,33,0.002382722946046151,0
145,120,34,0.0007339167841304495,0
145,120,35,-0.004572933326924769,0
145,120,36,-0.008216195184663853,0
145,120,37,-0.005853445960257857,0
145,120,38,0.1275632871781602,0
145,120,39,-0.116078788435454,0
145,120,40,-0.1538333947117974,0
145,120,41,-0.3076756767475404,0
145,120,42,0.3435136264296683,0
145,120,43,0.3550848312303311,0
145,120,44,0.2923576008787259,0
145,120,45,-0.5466254195565963,0
145,120,46,-0.4729985172126281,0
145,120,47,-0.05339174014194643,0
145,120,48,0.6060798675916714,0
145,120,49,0.5673041465347828,0
145,120,50,0.03822739674860284,0
145,120,51,-0.4371760887862546,0
145,120,52,-0.5554450245772214,0
145,120,53,-0.1608261248020048,0
145,120,54,0.2315127695756668,0
145,120,55,0.2862553519131865,0
145,120,56,-0.1316649445066716,0
145,120,57,-0.03164067290835394,0
145,120,58,0.006164734291223175,0
145,120,59,0.0007108367561614166,0
145,120,60,-0.007331318760534952,0
145,120,61,0.007082247961089205,0
145,120,62,0.008113134892338548,0
145,120,63,0.003036024384579881,0
145,120,64,-0.008149839932625341,0
145,120,65,-0.002327056467238474,0
145,120,66,0.00135087974780184,0
145,120,67,0.2518067600480283,0
145,120,68,0.05091875382949174,0
145,120,69,0.07533007656243863,0
145,120,70,-0.5689181611846944,0
145,120,71,-0.1039759636448896,0
145,120,72,-0.351392837584531,0
145,120,73,0.6615039844178171,0
145,120,74,0.07466918177897247,0
145,120,75,0.5945456827303335,0
145,120,76,-0.6343109227605243,0
145,120,77,0.01329504136217021,0
145,120,78,-0.5554409325106038,0
145,120,79,0.511963076164723,0
145,120,80,-0.0832609104391544,0
145,120,81,0.4375049350515974,0
145,120,82,-0.1897049156222312,0
145,120,83,0.0949149520457483,0
145,120,84,-0.3188914800810684,0
145,120,85,-0.02519539550382073,0
145,120,86,0.1317035808026658,0
145,120,87,-0.003517719882337221,0
145,120,88,-0.009565985799272436,0
145,120,89,-0.008828970855023903,0
145,120,90,0.00824372481927043,0
145,120,91,0.006650551748854434,0
145,120,92,0.006157734113194424,0
145,120,93,0.007416119873308366,0
145,120,94,0.01498371849407298,0
145,120,95,0.01490589585669816,0
145,120,96,0.1748765895133186,0
145,120,97,0.1746471517012347,0
145,120,98,0.2350978344392298,0
145,120,99,-0.03003224263624164,0
145,120,100,-0.2728240388204206,0
145,120,101,-0.5213416031519758,0
145,120,102,0.07004881078688024,0
145,120,103,0.4769797016747048,0
145,120,104,0.6679846667008214,0
145,120,105,-0.331612505408254,0
145,120,106,-0.6233982149608172,0
145,120,107,-0.9045494968076055,0
145,120,108,0.2846980162754244,0
145,120,109,0.5061124635849181,0
145,120,110,0.9816007068352343,0
145,120,111,-0.07299491013507758,0
145,120,112,-0.2812289732804099,0
145,120,113,-0.6368125360253372,0
145,120,114,0.09611152415204506,0
145,120,115,0.1931958567096433,0
145,120,116,-0.01756568540589219,0
145,120,117,-0.0125697598366862,0
145,120,118,-0.0005847545708269712,0
145,120,119,-0.005511366931427838,0
145,120,120,0.007743835401997291,0
145,120,121,0.01067359612592892,0
145,120,122,-0.2598407939070171,0
145,120,123,0.003482833704231947,0
145,120,124,0.333524022706457,0
145,120,125,-0.1673487344140886,0
145,120,126,-0.4435344698738138,0
145,120,127,0.2091388006001961,0
145,120,128,0.6000636194664473,0
145,120,129,-0.2807230055922597,0
145,120,130,-0.5217765282309185,0
145,120,131,0.3864723702223032,0
145,120,132,0.2206699802753944,0
145,120,133,-0.3337595866604181,0
145,120,134,0.1442402852322821,0
145,120,135,2.034792014191396e-05,0
145,120,136,-5.305529726989629e-05,0
145,120,137,-0.000334534331891407,0
145,120,138,0.02529312119077038,0
145,120,139,-0.04673981525939442,0
145,120,140,0.04900647999758003,0
145,120,141,-0.03432144398356542,0
145,120,142,0.02534727661701955,0
145,120,143,-0.01781534712832025,0
145,120,144,6.819828498444482e-05,0
145,120,145,2.062190563032542e-05,0
145,120,146,4.737118340133515e-05,0
145,120,147,0.01355252018711848,0
145,120,148,-0.02014926351592474,0
145,120,149,0.02460485446287285,0
145,120,150,-0.03036926025139812,0
145,120,151,0.02348571794166444,0
145,120,152,-0.004430386796978896,0
145,120,153,9.49268232114992e-05,0
145,120,154,0.0001285707034608168,0
145,120,155,0.0005765745648102211,0
145,120,156,-0.007411464171495959,0
145,120,157,0.02674603950645524,0
145,120,158,-0.03092287392551454,0
145,120,159,0.02269806022221222,0
145,120,160,-0.01865568859052679,0
145,120,161,0.01146523624455388,0
145,120,162,4.015264276114371e-05,0
145,120,163,-1.870582372646501e-05,0
145,120,164,-0.0003448266167010971,0
145,120,165,-0.02194029526625971,0
145,120,166,0.02780985250383409,0
145,120,167,-0.03642399507467123,0
145,120,168,0.05053850728204028,0
145,120,169,-0.04347728681976693,0
145,120,170,0.01858815967437787,0
146,119,0,-0.009408135186258083,0
146,119,1,-0.01019975922966119,0
146,119,2,-0.0120778601587515,0
146,119,3,-0.003854351045029299,0
146,119,4,-0.01772003008460383,0
146,119,5,-0.0243764895193143,0
146,119,6,-0.007294776450515732,0
146,119,7,-0.02488296161708284,0
146,119,8,-0.04312858034423361,0
146,119,9,-0.414882291409679,0
146,119,10,-0.2817986569903126,0
146,119,11,-0.3864194654848872,0
146,119,12,-0.1474829944658694,0
146,119,13,-0.09684537695410245,0
146,119,14,0.2482252068772664,0
146,119,15,0.3775771043060893,0
146,119,16,0.250246364459783,0
146,119,17,0.4757743273600136,0
146,119,18,0.1063020421765643,0
146,119,19,0.07088380332961104,0
146,119,20,-0.2474531701608641,0
146,119,21,-0.2976882933654631,0
146,119,22,-0.1948344335768558,0
146,119,23,-0.3603537382329942,0
146,119,24,0.1220624442869146,0
146,119,25,0.07809691610913007,0
146,119,26,0.3742030279720887,0
146,119,27,0.001044653074915034,0
146,119,28,-0.1059535899095788,0
146,119,29,0.001357576240611478,0
146,119,30,0.001827027051354977,0
146,119,31,0.0145945618516395,0
146,119,32,0.01302110964780866,0
146,119,33,0.001312302361794927,0
146,119,34,0.01392524716207173,0
146,119,35,0.03204257272161169,0
146,119,36,0.01273997373374974,0
146,119,37,0.02898574383646641,0
146,119,38,1,0
146,119,39,0.3889598301679422,0
146,119,40,0.5151780956287991,0
146,119,41,0.2274836507800284,0
146,119,42,0.3293933428837579,0
146,119,43,-0.4587326005396822,0
146,119,44,-0.7771369568090049,0
146,119,45,-0.1741088787734934,0
146,119,46,-0.4547680615733081,0
146,119,47,-0.2735608384636195,0
146,119,48,-0.3640744945843421,0
146,119,49,0.2044959899922248,0
146,119,50,0.4820997689759773,0
146,119,51,0.06156475877035782,0
146,119,52,0.3421323228433942,0
146,119,53,0.04394554794122633,0
146,119,54,0.3098106686747689,0
146,119,55,-0.005804010558550715,0
146,119,56,-0.08106620007682226,0
146,119,57,-0.1578882370163046,0
146,119,58,0.0006346797089771367,0
146,119,59,0.009926364342150192,0
146,119,60,0.005177373751361611,0
146,119,61,-0.002466904137972657,0
146,119,62,0.008311683250278199,0
146,119,63,0.004979235417098217,0
146,119,64,-0.02099228056794378,0
146,119,65,0.003739960957913052,0
146,119,66,0.00133303831207928,0
146,119,67,-0.743958476485445,0
146,119,68,-0.1182084066049753,0
146,119,69,-0.1433453701220061,0
146,119,70,-0.25137077289262,0
146,119,71,-0.5012645885027438,0
146,119,72,-0.006638578618583657,0
146,119,73,0.5540712306182356,0
146,119,74,0.04543328323181062,0
146,119,75,0.3046861713347117,0
146,119,76,0.5668297994243574,0
146,119,77,0.5272717966648427,0
146,119,78,0.2183100208230834,0
146,119,79,-0.2352881426398573,0
146,119,80,0.0844593599769571,0
146,119,81,-0.4119981113247255,0
146,119,82,-0.7381336708480187,0
146,119,83,-0.4962986967516433,0
146,119,84,-0.4666357164495844,0
146,119,85,-0.1125726161632813,0
146,119,86,0.5195139929357986,0
146,119,87,0.001938587529710041,0
146,119,88,-0.004099054903483153,0
146,119,89,-0.01528789323719059,0
146,119,90,0.002131753740997477,0
146,119,91,-0.001925217154147124,0
146,119,92,-0.01281261803619482,0
146,119,93,0.003090564689870572,0
146,119,94,-0.001290454366829862,0
146,119,95,-0.009462496552711403,0
146,119,96,-0.008065737697271485,0
146,119,97,-0.1066084739925866,0
146,119,98,-0.1463210075361122,0
146,119,99,0.4552182855773514,0
146,119,100,0.2923064864353668,0
146,119,101,0.3979044337304736,0
146,119,102,-0.2017596525804392,0
146,119,103,0.0826226834345687,0
146,119,104,-0.3061118473295891,0
146,119,105,-0.7648400062869078,0
146,119,106,-0.345311722405149,0
146,119,107,-0.2858184773112307,0
146,119,108,0.1462769925533836,0
146,119,109,-0.1962945727497425,0
146,119,110,0.4347444877335686,0
146,119,111,0.9972439701485788,0
146,119,112,0.321691768639925,0
146,119,113,0.3103723886359998,0
146,119,114,0.3725063406506031,0
146,119,115,-0.4049154012012993,0
146,119,116,-0.0001906601039074043,0
146,119,117,-0.007589696569330075,0
146,119,118,-0.0007035155941798653,0
146,119,119,-0.006651164635441472,0
146,119,120,-0.001413853925884921,0
146,119,121,-0.005571661974666604,0
146,119,122,0.1638727077634671,0
146,119,123,-0.0003819333467471749,0
146,119,124,-0.2842658655358745,0
146,119,125,0.1051142250726584,0
146,119,126,0.05794517770038842,0
146,119,127,-0.1866140238180058,0
146,119,128,0.3704777121709589,0
146,119,129,0.03838282475511046,0
146,119,130,-0.1096285235578357,0
146,119,131,0.2453469307049166,0
146,119,132,-0.4421596303626472,0
146,119,133,-0.07070972582434083,0
146,119,134,-0.2950316924902618,0
146,119,135,0.0001430690218955357,0
146,119,136,0.0005338873204415257,0
146,119,137,0.002145075503187547,0
146,119,138,0.03649531632675832,0
146,119,139,0.01195580503874312,0
146,119,140,-0.03254611226516471,0
146,119,141,-0.008405147428591563,0
146,119,142,0.02570255771619737,0
146,119,143,-0.01057012119541448,0
146,119,144,-6.341010769825077e-05,0
146,119,145,-0.0002049316192329903,0
146,119,146,-0.001336584303597587,0
146,119,147,-0.04901065611277473,0
146,119,148,-0.007110942945269665,0
146,119,149,0.03476023181399068,0
146,119,150,0.01536663342264119,0
146,119,151,-0.01684221495744807,0
146,119,152,-0.01488032139258876,0
146,119,153,-8.224858493580257e-05,0
146,119,154,-0.0001362442225081416,0
146,119,155,-0.0003320670318252379,0
146,119,156,0.01338063960371394,0
146,119,157,0.01555378421281399,0
146,119,158,-0.01316973098131136,0
146,119,159,-0.03390897522162601,0
146,119,160,0.004347029714732498,0
146,119,161,0.04795907676467404,0
146,119,162,-5.134883759001285e-05,0
146,119,163,-6.413135686647947e-05,0
146,119,164,0.0001859041479637374,0
146,119,165,0.01390550658125399,0
146,119,166,-0.02456223018342833,0
146,119,167,0.004411840940026779,0
146,119,168,0.03218963158459453,0
146,119,169,-0.008111273572575961,0
146,119,170,-0.0380853538024028,0
147,115,0,-0.007289175930844975,0
147,115,1,-0.004615882601836514,0
147,115,2,-0.002410487072959499,0
147,115,3,-0.001948057799740901,0
147,115,4,-0.009988802875603046,0
147,115,5,-0.01141617274191921,0
147,115,6,0.01201618375184746,0
147,115,7,-0.001151009314050716,0
147,115,8,-0.01116549332031213,0
147,115,9,-0.1319158086631746,0
147,115,10,-0.08684188159881892,0
147,115,11,-0.1299742833405687,0
147,115,12,0.0971326390047538,0
147,115,13,0.06615055275487877,0
147,115,14,0.2117517608106399,0
147,115,15,0.2679550713052459,0
147,115,16,0.173939405728152,0
147,115,17,0.1450916965852324,0
147,115,18,-0.2690725580532672,0
147,115,19,-0.1797859085097334,0
147,115,20,-0.4904906735980387,0
147,115,21,-0.291053719732882,0
147,115,22,-0.188997548915882,0
147,115,23,-0.008787483242067788,0
147,115,24,0.470806298466148,0
147,115,25,0.3112483454599728,0
147,115,26,0.6887007625729049,0
147,115,27,0.00121672720226169,0
147,115,28,-0.4238243083700905,0
147,115,29,0.0008246059978586999,0
147,115,30,0.003575650262678499,0
147,115,31,0.008892425663380606,0
147,115,32,-0.002343242833513361,0
147,115,33,-0.006953985670141603,0
147,115,34,-0.001646913305140266,0
147,115,35,-0.01439780179953146,0
147,115,36,-0.02054606277967458,0
147,115,37,-0.01642581452164197,0
147,115,38,0.04948838874318075,0
147,115,39,-0.06862245391613596,0
147,115,40,-0.08652859650418609,0
147,115,41,-0.3330038522955974,0
147,115,42,-0.06516004090754295,0
147,115,43,-0.1303148273767416,0
147,115,44,-0.2570899422872991,0
147,115,45,-0.05674650966197743,0
147,115,46,0.2317851906915442,0
147,115,47,0.6818624223201966,0
147,115,48,0.09413344938797213,0
147,115,49,0.3617009169967816,0
147,115,50,0.3189263296146484,0
147,115,51,0.1987266438646604,0
147,115,52,-0.3511089635684959,0
147,115,53,-0.9810954141504852,0
147,115,54,-0.1474222193816933,0
147,115,55,-0.4928467507613848,0
147,115,56,-0.3057224202454196,0
147,115,57,0.4733052332301972,0
147,115,58,0.009789754326035528,0
147,115,59,0.01170299874656729,0
147,115,60,0.005908052830820294,0
147,115,61,0.01062169989832218,0
147,115,62,0.01523964468184029,0
147,115,63,0.01394929839479346,0
147,115,64,0.02142508919245054,0
147,115,65,0.02256396632077337,0
147,115,66,0.03474739344051741,0
147,115,67,0.6004307703068164,0
147,115,68,0.3437534487323663,0
147,115,69,0.4621842094239094,0
147,115,70,0.2663305387788725,0
147,115,71,0.07765899561808993,0
147,115,72,-0.443117239160718,0
147,115,73,-0.4419916926306403,0
147,115,74,-0.1272516078889774,0
147,115,75,-0.4203734544879432,0
147,115,76,-0.4576357667481261,0
147,115,77,-0.03893178917140287,0
147,115,78,0.3471608986231368,0
147,115,79,0.2368607772703133,0
147,115,80,-0.09649959287632133,0
147,115,81,0.2870192073254632,0
147,115,82,0.6072569182360137,0
147,115,83,0.04691390345079842,0
147,115,84,-0.144921834560035,0
147,115,85,0.3411717637374024,0
147,115,86,-0.09173170431597169,0
147,115,87,0.002989414388498394,0
147,115,88,-0.004259248578992556,0
147,115,89,-0.01743634954710626,0
147,115,90,-0.008258624640001936,0
147,115,91,-0.002761276791539976,0
147,115,92,-0.01499585913296161,0
147,115,93,-0.03039747476927618,0
147,115,94,-0.01020978347467429,0
147,115,95,-0.02114283233949511,0
147,115,96,-1,0
147,115,97,-0.3266862600651263,0
147,115,98,-0.4239049152780134,0
147,115,99,0.1992550271807807,0
147,115,100,-0.1893290585785697,0
147,115,101,0.6501304942985314,0
147,115,102,0.7603384845160566,0
147,115,103,0.1995541013303995,0
147,115,104,0.1002679292836045,0
147,115,105,-0.2047472151225297,0
147,115,106,0.1177165233781906,0
147,115,107,-0.5294412769270377,0
147,115,108,-0.4073958154442565,0
147,115,109,-0.06560889536738465,0
147,115,110,0.08479302588412192,0
147,115,111,0.06651485737164629,0
147,115,112,-0.06469672822565155,0
147,115,113,0.2784221344641579,0
147,115,114,-0.06178746009854916,0
147,115,115,-0.1350086286227887,0
147,115,116,0.001352432265596632,0
147,115,117,-0.007902350701074633,0
147,115,118,-0.001060654554282226,0
147,115,119,-0.007175224104869002,0
147,115,120,0.009571703524924856,0
147,115,121,-0.006445672954069526,0
147,115,122,0.4806415650105379,0
147,115,123,0.007747967678107148,0
147,115,124,-0.2375873055614166,0
147,115,125,0.3182199327696009,0
147,115,126,-0.3341624173271325,0
147,115,127,-0.153020391104504,0
147,115,128,0.2504992686749807,0
147,115,129,-0.2213790746047353,0
147,115,130,0.1476996971842449,0
147,115,131,0.1629448792708964,0
147,115,132,-0.1538744230973963,0
147,115,133,0.1000475565011768,0
147,115,134,-0.09968579351096485,0
147,115,135,-4.632285464745382e-05,0
147,115,136,-0.0001215306940274743,0
147,115,137,-0.0005580786794615538,0
147,115,138,0.01119452855129671,0
147,115,139,-0.00843099214147598,0
147,115,140,-0.02203336671428311,0
147,115,141,0.02347420866245747,0
147,115,142,0.02389950320318581,0
147,115,143,-0.04061473324793272,0
147,115,144,3.036277850743477e-05,0
147,115,145,0.0002011897994483816,0
147,115,146,0.00107754956538314,0
147,115,147,0.007653654699129344,0
147,115,148,0.01895571530778333,0
147,115,149,-0.0008827852321141896,0
147,115,150,-0.03381181671569134,0
147,115,151,-0.002811974311134048,0
147,115,152,0.04339356792122631,0
147,115,153,-0.0001502604379420047,0
147,115,154,-0.0003806709661589811,0
147,115,155,-0.001795803536384745,0
147,115,156,-0.04345856063977654,0
147,115,157,-0.002109192983807648,0
147,115,158,0.03540875142286358,0
147,115,159,0.003593718964112372,0
147,115,160,-0.02106550595591099,0
147,115,161,-0.007834169870836377,0
147,115,162,3.398721947257721e-06,0
147,115,163,0.0001374050307612553,0
147,115,164,0.001227328970247696,0
147,115,165,0.04123937572009267,0
147,115,166,-0.01899270679554751,0
147,115,167,-0.02869661109740996,0
147,115,168,0.02047841804873329,0
147,115,169,0.01272720820815244,0
147,115,170,-0.01286043544853371,0
148,113,0,0.01009185089150337,0
148,113,1,0.008401636234804048,0
148,113,2,0.007829659506661438,0
148,113,3,0.007305302710051594,0
148,113,4,0.01921003516312472,0
148,113,5,0.02353802317351224,0
148,113,6,0.003884150168026368,0
148,113,7,0.02474098341243846,0
148,113,8,0.04250603101296181,0
148,113,9,0.5355125544312327,0
148,113,10,0.3579339820629078,0
148,113,11,0.4903443118783048,0
148,113,12,-0.3895637678706554,0
148,113,13,-0.2546490271076301,0
148,113,14,-0.8314915479841483,0
148,113,15,-0.1427735035305482,0
148,113,16,-0.09280604369375349,0
148,113,17,0.2292421679841437,0
148,113,18,0.4327923675528946,0
148,113,19,0.283061707951193,0
148,113,20,0.5132794708418789,0
148,113,21,-0.3658656771411745,0
148,113,22,-0.2385003876301365,0
148,113,23,-0.7143076267595616,0
148,113,24,0.1662340834113459,0
148,113,25,0.1058623152392876,0
148,113,26,0.471024743086609,0
148,113,27,-0.000341684889022412,0
148,113,28,-0.150238227038279,0
148,113,29,-0.003997267251304526,0
148,113,30,-0.005515822203770154,0
148,113,31,-0.01528598214621823,0
148,113,32,-0.01012287259931717,0
148,113,33,-0.0003332834106286663,0
148,113,34,-0.0111006872114231,0
148,113,35,-0.02092058364275434,0
148,113,36,-0.0008518680350422142,0
148,113,37,-0.01639501522018051,0
148,113,38,-1,0
148,113,39,-0.3030417167083623,0
148,113,40,-0.4003970914094903,0
148,113,41,0.7715145183054627,0
148,113,42,-0.09822764426886751,0
148,113,43,0.7678862292042345,0
148,113,44,0.2344318937429131,0
148,113,45,0.3260272947787173,0
148,113,46,-0.2445847760408478,0
148,113,47,-0.7550485759094532,0
148,113,48,-0.1257217253549948,0
148,113,49,-0.3888063122850767,0
148,113,50,0.5052040473180333,0
148,113,51,-0.1938022218301674,0
148,113,52,0.4111566963138941,0
148,113,53,-0.1760425044317515,0
148,113,54,0.2350911042836606,0
148,113,55,-0.1238998632688653,0
148,113,56,-0.1125461758665007,0
148,113,57,-0.0002369513773008261,0
148,113,58,-0.006636031880540423,0
148,113,59,-0.01195362145419714,0
148,113,60,-0.002975671023837768,0
148,113,61,-0.003797318855191171,0
148,113,62,-0.014779385236227,0
148,113,63,-0.009580561374321927,0
148,113,64,0.01254321952420752,0
148,113,65,-0.009868638563307839,0
148,113,66,-0.01329730155269611,0
148,113,67,0.4124628808135198,0
148,113,68,-0.02237586635606701,0
148,113,69,-0.04654854938309804,0
148,113,70,-0.2370859754087587,0
148,113,71,0.4002816501160941,0
148,113,72,0.1683303667745443,0
148,113,73,-0.3758681598044362,0
148,113,74,-0.4305117490313569,0
148,113,75,-0.3796335643591406,0
148,113,76,0.3772752322173988,0
148,113,77,-0.02721408928387444,0
148,113,78,0.3129444255731548,0
148,113,79,0.2554246484620494,0
148,113,80,0.4664768285137031,0
148,113,81,0.2933399933183269,0
148,113,82,-0.4310246274342792,0
148,113,83,-0.3789878971719692,0
148,113,84,-0.7547038610303545,0
148,113,85,0.000557148395070408,0
148,113,86,0.3918899111946417,0
148,113,87,-0.0015972126794074,0
148,113,88,0.00812345672998609,0
148,113,89,0.02104758318742286,0
148,113,90,-0.001335383123434132,0
148,113,91,0.0002292596567097987,0
148,113,92,0.01292199692599531,0
148,113,93,0.005193512462219494,0
148,113,94,-0.00065524932587634,0
148,113,95,0.009236456390326754,0
148,113,96,0.2814443671924687,0
148,113,97,0.1486141527312188,0
148,113,98,0.1969266173852323,0
148,113,99,-0.5337628597136539,0
148,113,100,-0.2220333919793285,0
148,113,101,-0.5485497033021539,0
148,113,102,0.6630084406000881,0
148,113,103,0.1563630810501806,0
148,113,104,0.6891385012652095,0
148,113,105,-0.1178543311974756,0
148,113,106,0.1467521504735333,0
148,113,107,-0.4019213317590111,0
148,113,108,-0.8096821124662562,0
148,113,109,-0.3148989581351869,0
148,113,110,-0.3184520605132496,0
148,113,111,0.9549286183690471,0
148,113,112,0.07887220549266502,0
148,113,113,0.8394637513897966,0
148,113,114,0.2858192500470248,0
148,113,115,-0.4706240669717109,0
148,113,116,0.005636339952597467,0
148,113,117,0.01291597116268603,0
148,113,118,0.001629314420231838,0
148,113,119,0.009662487555602704,0
148,113,120,-0.004805398671657445,0
148,113,121,0.003004767471399015,0
148,113,122,-0.2263470270316272,0
148,113,123,-0.004287801369860365,0
148,113,124,0.3894970645579826,0
148,113,125,-0.1464322314637549,0
148,113,126,-0.3833227362445037,0
148,113,127,0.2534156675237727,0
148,113,128,0.06824138626410996,0
148,113,129,-0.2507622438484033,0
148,113,130,0.4153109635051643,0
148,113,131,0.04406709430750914,0
148,113,132,-0.5180741335501838,0
148,113,133,0.2719264933757273,0
148,113,134,-0.343268196534282,0
148,113,135,-0.0001369530175803008,0
148,113,136,-0.0004563978048582175,0
148,113,137,-0.001720239302542878,0
148,113,138,-0.04570916393790087,0
148,113,139,0.03349898952009731,0
148,113,140,0.0110021919066435,0
148,113,141,-0.03689462115581671,0
148,113,142,0.03117472867122408,0
148,113,143,-0.01440211743908883,0
148,113,144,-2.465920688520364e-06,0
148,113,145,4.663560875382878e-05,0
148,113,146,0.0005926358159844614,0
148,113,147,0.03902181365161776,0
148,113,148,-0.03224104554156838,0
148,113,149,-0.009616994895584598,0
148,113,150,0.02802108864186383,0
148,113,151,-0.0119897536755642,0
148,113,152,-0.0002450441487600001,0
148,113,153,7.474864396501545e-05,0
148,113,154,0.0001908072161680829,0
148,113,155,0.0007679810757155203,0
148,113,156,0.003801647451890689,0
148,113,157,-0.01252979770261594,0
148,113,158,0.02459157992248206,0
148,113,159,-0.005991553932557762,0
148,113,160,-0.03325938765448158,0
148,113,161,0.03763648276593842,0
148,113,162,2.334024764671318e-05,0
148,113,163,1.660277929121955e-05,0
148,113,164,-0.0004330266790935298,0
148,113,165,-0.01919709799887158,0
148,113,166,0.03316102450454259,0
148,113,167,-0.03258019101173615,0
148,113,168,0.004795223779572158,0
148,113,169,0.03588568242280142,0
148,113,170,-0.04388229234812203,0
149,111,0,0.005163950391835562,0
149,111,1,0.003966377552961477,0
149,111,2,0.003418907138182869,0
149,111,3,0.005130985605707461,0
149,111,4,0.0105127565190528,0
149,111,5,0.01231702242603349,0
149,111,6,0.003153044300470477,0
149,111,7,0.01446291946244582,0
149,111,8,0.02335659991606661,0
149,111,9,0.355575347101917,0
149,111,10,0.2354727641280678,0
149,111,11,0.3197792307752499,0
149,111,12,-0.5255010625329619,0
149,111,13,-0.341176536017857,0
149,111,14,-0.7816875311758279,0
149,111,15,0.5108523733169277,0
149,111,16,0.3316815387375432,0
149,111,17,0.9230392379422226,0
149,111,18,-0.4331214024912818,0
149,111,19,-0.2816641684646393,0
149,111,20,-0.8420004759836437,0
149,111,21,0.3109215095512282,0
149,111,22,0.2004012445934293,0
149,111,23,0.6602968694113617,0
149,111,24,-0.1560622638004021,0
149,111,25,-0.1033488360276425,0
149,111,26,-0.4231066665507449,0
149,111,27,-0.002624171850440177,0
149,111,28,0.1341943339899303,0
149,111,29,-0.002893892580625734,0
149,111,30,-0.003585242669338032,0
149,111,31,-0.00789260235174391,0
149,111,32,-0.005109870203331748,0
149,111,33,-0.0005004475675069111,0
149,111,34,-0.00573062336450515,0
149,111,35,-0.009376381696881042,0
149,111,36,0.001510985197416511,0
149,111,37,-0.006943157588000237,0
149,111,38,-0.5942039659604355,0
149,111,39,-0.1565811389906023,0
149,111,40,-0.2064410237871975,0
149,111,41,0.8892644251763012,0
149,111,42,0.01126182863870834,0
149,111,43,0.5467309896949796,0
149,111,44,-0.8403599689880926,0
149,111,45,0.1271005928384605,0
149,111,46,-0.6193174178660291,0
149,111,47,0.6594798759777317,0
149,111,48,-0.1899978615232237,0
149,111,49,0.485018395789048,0
149,111,50,-0.5122722146702212,0
149,111,51,0.1514290554936096,0
149,111,52,-0.3768022183937069,0
149,111,53,0.3041729644117386,0
149,111,54,-0.1140858642213346,0
149,111,55,0.2981198374188786,0
149,111,56,0.09707285807075701,0
149,111,57,-0.1410901215533269,0
149,111,58,-0.004302620559627909,0
149,111,59,-0.006078617288672849,0
149,111,60,-0.0004477719819664991,0
149,111,61,-0.00326958433840229,0
149,111,62,-0.009027712103263872,0
149,111,63,-0.005701097315374491,0
149,111,64,0.00608130446924846,0
149,111,65,-0.005680279192003965,0
149,111,66,-0.007970684644880587,0
149,111,67,0.1872151630446965,0
149,111,68,-0.02878681562690423,0
149,111,69,-0.04793602701882817,0
149,111,70,-0.242366181649788,0
149,111,71,0.235756155986789,0
149,111,72,0.1489264723299658,0
149,111,73,0.03233120222001492,0
149,111,74,-0.4287422737635601,0
149,111,75,-0.3661843650984843,0
149,111,76,0.1945093411726591,0
149,111,77,0.4827317610180459,0
149,111,78,0.6333743129845931,0
149,111,79,-0.1474750898975747,0
149,111,80,-0.3745067270303926,0
149,111,81,-0.6919027155110006,0
149,111,82,-0.02274288151058864,0
149,111,83,0.2035057110778353,0
149,111,84,0.4148232322606232,0
149,111,85,-0.1029995870123662,0
149,111,86,-0.1191924633418655,0
149,111,87,-2.22319048921845e-06,0
149,111,88,0.005792302004229455,0
149,111,89,0.01233340303267319,0
149,111,90,-0.001604523283229215,0
149,111,91,-0.0004919099332990662,0
149,111,92,0.006258483867914646,0
149,111,93,0.002181503209948699,0
149,111,94,-0.001982098872937818,0
149,111,95,0.003826801648927814,0
149,111,96,0.1641363335508322,0
149,111,97,0.0709232195173366,0
149,111,98,0.0935720317254647,0
149,111,99,-0.3763047341795969,0
149,111,100,-0.1334736635638736,0
149,111,101,-0.3241608156585536,0
149,111,102,0.7315077203881674,0
149,111,103,0.2063339770327737,0
149,111,104,0.6114518114642762,0
149,111,105,-1,0
149,111,106,-0.1882410483911769,0
149,111,107,-0.9068170286457067,0
149,111,108,0.8808499346940517,0
149,111,109,0.06965853782959056,0
149,111,110,0.9904350550354596,0
149,111,111,-0.4285587895869754,0
149,111,112,0.02655642317037854,0
149,111,113,-0.749127613718631,0
149,111,114,-0.08803256966462873,0
149,111,115,0.2636723348513331,0
149,111,116,0.005458288121092341,0
149,111,117,0.008557850347719245,0
149,111,118,0.0004940318229083299,0
149,111,119,0.005831846512848628,0
149,111,120,-0.00471602663565784,0
149,111,121,-5.551253499006547e-05,0
149,111,122,-0.1097410264683095,0
149,111,123,-0.00359856171188632,0
149,111,124,0.2537049641067817,0
149,111,125,-0.07079574633141987,0
149,111,126,-0.4329126814841399,0
149,111,127,0.1639340846541858,0
149,111,128,0.5800072913290643,0
149,111,129,-0.2820728859742133,0
149,111,130,-0.5343414968831203,0
149,111,131,0.3764440483657699,0
149,111,132,0.3047795981390864,0
149,111,133,-0.3491247128860486,0
149,111,134,0.1967699380307453,0
149,111,135,-0.0001068500146450396,0
149,111,136,-0.0003036068197066732,0
149,111,137,-0.001012378649713057,0
149,111,138,-0.0299634809806628,0
149,111,139,0.04402908391427537,0
149,111,140,-0.04364168558634487,0
149,111,141,0.03652383592821667,0
149,111,142,-0.02673018231403782,0
149,111,143,0.01351956864248034,0
149,111,144,-5.93569408508341e-05,0
149,111,145,-9.407745892798364e-05,0
149,111,146,-1.571090019861168e-05,0
149,111,147,0.0203836221009192,0
149,111,148,-0.03178902269031918,0
149,111,149,0.02750773072388042,0
149,111,150,-0.01902258625655896,0
149,111,151,0.01589053871579987,0
149,111,152,-0.01200782122504545,0
149,111,153,-1.089140585274782e-05,0
149,111,154,1.146446608442672e-05,0
149,111,155,0.0002710392208968912,0
149,111,156,0.003714290599538202,0
149,111,157,-0.009940220194358191,0
149,111,158,0.02437453343034252,0
149,111,159,-0.0357845818735463,0
149,111,160,0.02955142485137972,0
149,111,161,-0.0115256140414899,0
149,111,162,-1.864724549219623e-05,0
149,111,163,-4.207968483972776e-05,0
149,111,164,-0.0003070566086105591,0
149,111,165,-0.009437161636009675,0
149,111,166,0.02163107801078449,0
149,111,167,-0.03724041402346183,0
149,111,168,0.04898654794724783,0
149,111,169,-0.0450661021036063,0
149,111,170,0.02527369668681244,0
150,112,0,0.001155337284882282,0
150,112,1,-0.001048196472228726,0
150,112,2,-0.00343995655584132,0
150,112,3,4.478349583722429e-05,0
150,112,4,4.880523973893143e-05,0
150,112,5,-0.001681588301731632,0
150,112,6,-0.01376921661149896,0
150,112,7,-0.01044967919352041,0
150,112,8,-0.01071381141545326,0
150,112,9,-0.03858708200388174,0
150,112,10,-0.02917709353242337,0
150,112,11,-0.03189404678434833,0
150,112,12,-0.2440701731106494,0
150,112,13,-0.1568437422475077,0
150,112,14,-0.1728201283508423,0
150,112,15,0.3233638309450637,0
150,112,16,0.2144945248020814,0
150,112,17,0.5159946261587196,0
150,112,18,0.05444752796696132,0
150,112,19,0.03252146861082481,0
150,112,20,-0.2539710582004697,0
150,112,21,-0.4269471475250932,0
150,112,22,-0.2798804451021905,0
150,112,23,-0.4292171212087613,0
150,112,24,0.3361735782294081,0
150,112,25,0.2221144600090872,0
150,112,26,0.6922479414681509,0
150,112,27,0.0005052007596084667,0
150,112,28,-0.3036633757980257,0
150,112,29,-0.0005162701339401788,0
150,112,30,-0.002317981932332347,0
150,112,31,-0.0007330490764292006,0
150,112,32,0.008579072655634925,0
150,112,33,0.006396027173555209,0
150,112,34,0.007714159864474396,0
150,112,35,0.03002451015136677,0
150,112,36,0.02511531240288048,0
150,112,37,0.02862423789252877,0
150,112,38,0.4105291562659026,0
150,112,39,0.2567139323700858,0
150,112,40,0.3351675887611643,0
150,112,41,0.2685299691500128,0
150,112,42,0.04254598558885789,0
150,112,43,-0.3248548040517329,0
150,112,44,-0.8385676566651722,0
150,112,45,-0.1768567612655676,0
150,112,46,-0.4845471783637904,0
150,112,47,0.1917336525742268,0
150,112,48,-0.0523496445034773,0
150,112,49,0.6937415193721267,0
150,112,50,0.8635405954027027,0
150,112,51,0.2546103084086016,0
150,112,52,0.1737657328416067,0
150,112,53,-0.8939045122897498,0
150,112,54,-0.08739081617318169,0
150,112,55,-0.904297975926919,0
150,112,56,-0.2200128052978012,0
150,112,57,0.5073365079859407,0
150,112,58,-0.008356282262715066,0
150,112,59,-0.005396017275655802,0
150,112,60,-0.002512988744216529,0
150,112,61,-0.01114053542654616,0
150,112,62,-0.0101444838002577,0
150,112,63,-0.01047366926959376,0
150,112,64,-0.03054935639053029,0
150,112,65,-0.01909640620432683,0
150,112,66,-0.03072408263105035,0
150,112,67,-0.9785683773992162,0
150,112,68,-0.4064050517298526,0
150,112,69,-0.5356061304529829,0
150,112,70,0.4038707511316052,0
150,112,71,0.03477886392200159,0
150,112,72,0.9405594188874074,0
150,112,73,0.7597842408637193,0
150,112,74,0.148768723158164,0
150,112,75,-0.1604894874498178,0
150,112,76,-0.6813142882737079,0
150,112,77,0.05188887571838465,0
150,112,78,-0.6225413845602633,0
150,112,79,-0.5246455135002338,0
150,112,80,-0.2195497300358832,0
150,112,81,0.3151909906146442,0
150,112,82,0.9793406524234423,0
150,112,83,-0.007664298414749675,0
150,112,84,0.4714059665570012,0
150,112,85,0.3674702715847991,0
150,112,86,-0.3865167266565568,0
150,112,87,-0.0009815430223765614,0
150,112,88,0.002399275947721215,0
150,112,89,0.008378728006532199,0
150,112,90,0.007992338414266038,0
150,112,91,0.001349172240697779,0
150,112,92,0.006869894535374671,0
150,112,93,0.02833027282615745,0
150,112,94,0.007836665668322097,0
150,112,95,0.01391107346175563,0
150,112,96,1,0
150,112,97,0.2688850380304192,0
150,112,98,0.3435362075647918,0
150,112,99,-0.9079258418141393,0
150,112,100,0.08545511965555894,0
150,112,101,-0.7903837606897423,0
150,112,102,-0.152975856647632,0
150,112,103,-0.2216732963410568,0
150,112,104,0.5112299836536277,0
150,112,105,0.6775522329542473,0
150,112,106,-0.0005958122232853436,0
150,112,107,0.1481189744652573,0
150,112,108,-0.0414538913148762,0
150,112,109,0.2018319015998122,0
150,112,110,-0.3380260564814268,0
150,112,111,-0.5470680928908518,0
150,112,112,-0.02527467154164796,0
150,112,113,-0.008485625744424389,0
150,112,114,-0.2763330563205766,0
150,112,115,0.1249349235729684,0
150,112,116,-6.157596554025922e-05,0
150,112,117,0.00405555615080406,0
150,112,118,0.0003082793016634368,0
150,112,119,0.003457086142905232,0
150,112,120,-0.009681268900942066,0
150,112,121,0.002480058055015295,0
150,112,122,-0.3925432368863826,0
150,112,123,-0.007839010387930126,0
150,112,124,0.4787957091743077,0
150,112,125,-0.2596514560970284,0
150,112,126,-0.09627558097749755,0
150,112,127,0.3130771898177321,0
150,112,128,-0.244253677566791,0
150,112,129,-0.0588482788605067,0
150,112,130,0.127283699853766,0
150,112,131,-0.1620938572757521,0
150,112,132,0.1275415979268129,0
150,112,133,0.08156998711940001,0
150,112,134,0.08806099122972028,0
150,112,135,0.000108261965648381,0
150,112,136,0.0003785425481504996,0
150,112,137,0.00162736812013355,0
150,112,138,0.003787975474290722,0
150,112,139,0.01961025807514886,0
150,112,140,-0.02773944959522294,0
150,112,141,-0.003252968294978537,0
150,112,142,0.03563131738537324,0
150,112,143,-0.02948819587144979,0
150,112,144,-6.532352628855607e-05,0
150,112,145,-0.0002970480588276256,0
150,112,146,-0.001816217258967789,0
150,112,147,-0.03102761412717325,0
150,112,148,-0.001542610520294842,0
150,112,149,0.0423606218133153,0
150,112,150,-0.02055113810957044,0
150,112,151,-0.03664534682736319,0
150,112,152,0.04718320441479682,0
150,112,153,9.788946757917419e-05,0
150,112,154,0.0003064722283464545,0
150,112,155,0.001601446658002149,0
150,112,156,0.05068347222171135,0
150,112,157,-0.03585110728772586,0
150,112,158,-0.02055243132469508,0
150,112,159,0.03565568721095417,0
150,112,160,0.007928130721526417,0
150,112,161,-0.03528953444871937,0
150,112,162,-2.129429285391409e-05,0
150,112,163,-0.0001137613978410063,0
150,112,164,-0.0008559734164466928,0
150,112,165,-0.033974748870025,0
150,112,166,0.03997915933670653,0
150,112,167,-0.006719721306792112,0
150,112,168,-0.02076313222744171,0
150,112,169,0.009754511152306345,0
150,112,170,0.01118080824332824,0
151,109,0,0.00218366843009884,0
151,109,1,0.003099846424479866,0
151,109,2,0.00454306989841273,0
151,109,3,0.003873776105321543,0
151,109,4,0.007019079489434494,0
151,109,5,0.009452038350481662,0
151,109,6,0.01112113711361496,0
151,109,7,0.01656060643172914,0
151,109,8,0.02244080757947971,0
151,109,9,0.24241003636324,0
151,109,10,0.1628455400573717,0
151,109,11,0.2169328052103743,0
151,109,12,-0.1760488860130907,0
151,109,13,-0.1173700978506363,0
151,109,14,-0.3836143006092284,0
151,109,15,-0.09105094526570742,0
151,109,16,-0.05761682830553803,0
151,109,17,0.084880847471924,0
151,109,18,0.307052489297244,0
151,109,19,0.1999283665580658,0
151,109,20,0.353561106946867,0
151,109,21,-0.3150078681382403,0
151,109,22,-0.20858120670285,0
151,109,23,-0.5660048054321449,0
151,109,24,0.1542606214984187,0
151,109,25,0.1008259090373852,0
151,109,26,0.4237721207767203,0
151,109,27,-0.00101610447297506,0
151,109,28,-0.1425852089413746,0
151,109,29,-0.002271137187776857,0
151,109,30,-0.001201136399431593,0
151,109,31,-0.004855606369068668,0
151,109,32,-0.008478611959315124,0
151,109,33,-0.00432592037493168,0
151,109,34,-0.008561387362428639,0
151,109,35,-0.02566775849582671,0
151,109,36,-0.01465696150421698,0
151,109,37,-0.02266564877767284,0
151,109,38,-0.6558583950296087,0
151,109,39,-0.2767733064975824,0
151,109,40,-0.3621039123996931,0
151,109,41,0.6175742400991773,0
151,109,42,0.1308122937508421,0
151,109,43,0.7777071431750264,0
151,109,44,-0.004486225451454042,0
151,109,45,0.05463036288547433,0
151,109,46,-0.4880303616799929,0
151,109,47,-0.6664635365710437,0
151,109,48,-0.1795716239637262,0
151,109,49,-0.240838213793366,0
151,109,50,0.8508758817595815,0
151,109,51,0.1475651998898684,0
151,109,52,0.8053629634673116,0
151,109,53,-0.4956714448822082,0
151,109,54,-0.01935311634892968,0
151,109,55,-0.7974861591647897,0
151,109,56,-0.1047218782811421,0
151,109,57,0.302522809122904,0
151,109,58,0.001600901086946654,0
151,109,59,-0.001183355222356074,0
151,109,60,0.000970959101273374,0
151,109,61,0.005352139772712812,0
151,109,62,0.0002040321041936098,0
151,109,63,0.002563192363342085,0
151,109,64,0.02326494009049849,0
151,109,65,0.007965827641632806,0
151,109,66,0.01299561148382368,0
151,109,67,0.7845457014120368,0
151,109,68,0.2525526261689124,0
151,109,69,0.3252981534947498,0
151,109,70,-0.9787323676962738,0
151,109,71,-0.07964011743155625,0
151,109,72,-0.8215477406070193,0
151,109,73,0.408161433354065,0
151,109,74,-0.08539138204112469,0
151,109,75,0.7689607416104194,0
151,109,76,0.4969634287481564,0
151,109,77,0.1514366567962993,0
151,109,78,-0.1607149952289117,0
151,109,79,-1,0
151,109,80,-0.07321704063994794,0
151,109,81,-0.5517685420301857,0
151,109,82,0.7338762825005484,0
151,109,83,-0.09648247212302047,0
151,109,84,0.7732534325483511,0
151,109,85,0.2204413745483653,0
151,109,86,-0.3595706978847074,0
151,109,87,-0.0002894611501691272,0
151,109,88,0.00181158770141125,0
151,109,89,0.003018089154171347,0
151,109,90,-0.004924082419168371,0
151,109,91,-0.000902332926176004,0
151,109,92,0.0004096851259628485,0
151,109,93,-0.01468120637136909,0
151,109,94,-0.0049803284950877,0
151,109,95,-0.005144520754260364,0
151,109,96,-0.5451625289798951,0
151,109,97,-0.1210061494497359,0
151,109,98,-0.1517443651223259,0
151,109,99,0.863454081291954,0
151,109,100,-0.02893435181289246,0
151,109,101,0.4548703922445048,0
151,109,102,-0.6101398629341543,0
151,109,103,0.1579265056706231,0
151,109,104,-0.5636367897811942,0
151,109,105,-0.08034350638301054,0
151,109,106,-0.1715590413857065,0
151,109,107,0.3128575546884814,0
151,109,108,0.6563802220919769,0
151,109,109,0.03402298349538825,0
151,109,110,0.1255133324477588,0
151,109,111,-0.6356518037393577,0
151,109,112,0.1417103776383927,0
151,109,113,-0.4021488778547133,0
151,109,114,-0.2592999713257828,0
151,109,115,0.2219179500426116,0
151,109,116,0.002277303877251198,0
151,109,117,0.002527081234405358,0
151,109,118,0.0007338697431263819,0
151,109,119,0.00159947527195385,0
151,109,120,0.00329624199483412,0
151,109,121,-0.0006443035165971282,0
151,109,122,0.1719846913735323,0
151,109,123,0.00265960173440395,0
151,109,124,-0.3275730829461871,0
151,109,125,0.1140215421420418,0
151,109,126,0.29500570925449,0
151,109,127,-0.2157520951051733,0
151,109,128,-0.05818278351948604,0
151,109,129,0.192155200530529,0
151,109,130,-0.1895681088708599,0
151,109,131,-0.0363191224407356,0
151,109,132,0.2458019581765468,0
151,109,133,-0.1274303783285397,0
151,109,134,0.1619137077231021,0
151,109,135,-0.000133005503268703,0
151,109,136,-0.0004378713592393943,0
151,109,137,-0.001757709819616409,0
151,109,138,-0.02050151713639869,0
151,109,139,0.01537529707976686,0
151,109,140,0.006391006257560022,0
151,109,141,-0.02553254444451027,0
151,109,142,0.02700939916996765,0
151,109,143,-0.01391309269955023,0
151,109,144,1.732428505283776e-05,0
151,109,145,0.0001584457603638887,0
151,109,146,0.001271314812570873,0
151,109,147,0.03419612074847003,0
151,109,148,-0.03747079126807434,0
151,109,149,0.007973641575813357,0
151,109,150,0.02963538684534637,0
151,109,151,-0.04508743836638333,0
151,109,152,0.02916683002481122,0
151,109,153,-5.06056136031945e-05,0
151,109,154,-0.0001463246693469701,0
151,109,155,-0.0007248553791565915,0
151,109,156,-0.03144968303214093,0
151,109,157,0.04489597064481671,0
151,109,158,-0.02627471222223242,0
151,109,159,-0.01206190157528616,0
151,109,160,0.03902978672293289,0
151,109,161,-0.03290758599167685,0
151,109,162,6.704370730056991e-06,0
151,109,163,4.187773870818267e-05,0
151,109,164,0.0002502226260916676,0
151,109,165,0.01531809993317888,0
151,109,166,-0.02804840079617281,0
151,109,167,0.02419446744020691,0
151,109,168,-0.00392233282468616,0
151,109,169,-0.01687598004403727,0
151,109,170,0.02044391542815163,0
152,108,0,-0.002064229789899336,0
152,108,1,-0.002175673187265262,0
152,108,2,-0.002695083836401935,0
152,108,3,-0.002830584164488075,0
152,108,4,-0.005183998866316251,0
152,108,5,-0.006549295453263668,0
152,108,6,-0.006282319472683572,0
152,108,7,-0.01059908814760402,0
152,108,8,-0.01484398556105051,0
152,108,9,-0.1921260557133045,0
152,108,10,-0.1274550256381025,0
152,108,11,-0.1702521097446123,0
152,108,12,0.2915801748722214,0
152,108,13,0.1904637769804834,0
152,108,14,0.4341845621595631,0
152,108,15,-0.304928787943482,0
152,108,16,-0.1998994716952098,0
152,108,17,-0.5384499038003222,0
152,108,18,0.2530491789359331,0
152,108,19,0.1671290250355926,0
152,108,20,0.50708462239819,0
152,108,21,-0.149638718360438,0
152,108,22,-0.09809194776115361,0
152,108,23,-0.3644466741453323,0
152,108,24,0.0558487187837862,0
152,108,25,0.03808246593612132,0
152,108,26,0.1899626659520686,0
152,108,27,0.001278795514904342,0
152,108,28,-0.04738515952861466,0
152,108,29,0.001456808429467415,0
152,108,30,0.001102012460834783,0
152,108,31,0.003528930815749867,0
152,108,32,0.005070731168467145,0
152,108,33,0.002187105299599297,0
152,108,34,0.00501891693616225,0
152,108,35,0.01374270321946515,0
152,108,36,0.00647922176186458,0
152,108,37,0.01154243002760639,0
152,108,38,0.4362779304937901,0
152,108,39,0.1630181543933368,0
152,108,40,0.2133036399407889,0
152,108,41,-0.7166334542932576,0
152,108,42,-0.1537388997709954,0
152,108,43,-0.6045496185113804,0
152,108,44,0.8194480707267733,0
152,108,45,0.1458584053429799,0
152,108,46,0.8471933071253416,0
152,108,47,-0.7270139141059148,0
152,108,48,-0.1080183778271126,0
152,108,49,-0.8882650203781856,0
152,108,50,0.4863712149196789,0
152,108,51,0.05519551611087797,0
152,108,52,0.7333243741278012,0
152,108,53,-0.2036068463768093,0
152,108,54,0.005188417996574736,0
152,108,55,-0.4315727968964151,0
152,108,56,-0.03385597973373528,0
152,108,57,0.1373902969400844,0
152,108,58,-0.0002341933960083026,0
152,108,59,0.001380661269892806,0
152,108,60,-0.0005234933458880536,0
152,108,61,-0.001493407720737829,0
152,108,62,0.001680341813970151,0
152,108,63,7.30165705883981e-06,0
152,108,64,-0.01149372184198476,0
152,108,65,-0.002293842962217753,0
152,108,66,-0.004329426771834529,0
152,108,67,-0.4176811007766415,0
152,108,68,-0.1178900830186111,0
152,108,69,-0.1496755754375391,0
152,108,70,0.7833069677603536,0
152,108,71,0.07425768567867708,0
152,108,72,0.4791184779621345,0
152,108,73,-1,0
152,108,74,-0.0395642032115784,0
152,108,75,-0.7603352290851011,0
152,108,76,0.9822203196532359,0
152,108,77,-0.001907873949594993,0
152,108,78,0.8988571549233223,0
152,108,79,-0.7406844967308348,0
152,108,80,0.04794786135383731,0
152,108,81,-0.819952901555834,0
152,108,82,0.3652840855958567,0
152,108,83,-0.07459477077986491,0
152,108,84,0.5648203746054662,0
152,108,85,0.1009290032423201,0
152,108,86,-0.19000092216503,0
152,108,87,-0.0004379590481859576,0
152,108,88,-0.002273915260836665,0
152,108,89,-0.003753554871770018,0
152,108,90,0.002848289630218864,0
152,108,91,0.000469736008748123,0
152,108,92,-0.001285967530401625,0
152,108,93,0.006529465782716017,0
152,108,94,0.002925073732219868,0
152,108,95,0.001557546415040284,0
152,108,96,0.2376672494532319,0
152,108,97,0.04688571071454653,0
152,108,98,0.0579392385604031,0
152,108,99,-0.5265568355598567,0
152,108,100,0.002575020758817578,0
152,108,101,-0.2112240549548975,0
152,108,102,0.749262321737003,0
152,108,103,-0.06067827110641367,0
152,108,104,0.3921575675213581,0
152,108,105,-0.8168141354342535,0
152,108,106,0.1169593916394026,0
152,108,107,-0.5158744755713048,0
152,108,108,0.6843564284472591,0
152,108,109,-0.1478973284023436,0
152,108,110,0.5320634282632088,0
152,108,111,-0.3937750720642057,0
152,108,112,0.1522743708031017,0
152,108,113,-0.4079810381726962,0
152,108,114,-0.1387597342013248,0
152,108,115,0.1630278264409985,0
152,108,116,-0.002760021240959796,0
152,108,117,-0.003102241020957093,0
152,108,118,-2.932918852137015e-05,0
152,108,119,-0.001928009166663675,0
152,108,120,0.0001443860796202645,0
152,108,121,0.0007873972130842243,0
152,108,122,-0.06499775337574333,0
152,108,123,-0.0003522994486235577,0
152,108,124,0.1662090816184472,0
152,108,125,-0.04332737546011112,0
152,108,126,-0.2642503747996621,0
152,108,127,0.1099899654207642,0
152,108,128,0.3069762818304064,0
152,108,129,-0.1732919426695777,0
152,108,130,-0.2794725465869377,0
152,108,131,0.2023424643234902,0
152,108,132,0.1778974294220561,0
152,108,133,-0.1816092460658149,0
152,108,134,0.1179915729497163,0
152,108,135,9.271129895740286e-05,0
152,108,136,0.000284226001144344,0
152,108,137,0.001075991193041375,0
152,108,138,0.01592644267514841,0
152,108,139,-0.02429205179306738,0
152,108,140,0.02607820174639286,0
152,108,141,-0.02172165112452262,0
152,108,142,0.01337883484350717,0
152,108,143,-0.005121316309570808,0
152,108,144,1.755272596352594e-05,0
152,108,145,-2.885011183220959e-05,0
152,108,146,-0.0005345124906361039,0
152,108,147,-0.02030004658442066,0
152,108,148,0.03600071366087538,0
152,108,149,-0.04314388330842988,0
152,108,150,0.04020281848140326,0
152,108,151,-0.02844304689302084,0
152,108,152,0.01295591526915283,0
152,108,153,3.752814755209058e-05,0
152,108,154,8.445016735693455e-05,0
152,108,155,0.0002965869203590842,0
152,108,156,0.01485401652732962,0
152,108,157,-0.03037028853607544,0
152,108,158,0.0411987884468716,0
152,108,159,-0.04271738679945149,0
152,108,160,0.03422628533286497,0
152,108,161,-0.01826270177753549,0
152,108,162,9.23788129550989e-06,0
152,108,163,6.10284460913096e-06,0
152,108,164,-6.08143193671118e-06,0
152,108,165,-0.005943845731139564,0
152,108,166,0.0147554749678361,0
152,108,167,-0.02260852610279545,0
152,108,168,0.02618701321226772,0
152,108,169,-0.02336527599317785,0
152,108,170,0.01462999197243818,0
153,107,0,-0.1669219523301877,0
153,107,1,-0.0474855296264918,0
153,107,2,0.07326636738291412,0
153,107,3,0.107432368945014,0
153,107,4,-0.04195767453571491,0
153,107,5,-0.004072464511273011,0
153,107,6,0.2796965957872819,0
153,107,7,0.1692038653833422,0
153,107,8,0.03209668190179562,0
153,107,9,-0.07272185551369814,0
153,107,10,-0.02995936218330999,0
153,107,11,-0.2414323600783833,0
153,107,12,-0.1885167691295117,0
153,107,13,-0.177653759708059,0
153,107,14,-0.2101736040755101,0
153,107,15,-0.2324479128478665,0
153,107,16,-0.2708225557848444,0
153,107,17,-0.3132706989035174,0
153,107,18,-0.2217014749015651,0
153,107,19,-0.3197775977478067,0
153,107,20,-0.4133001711515015,0
153,107,21,-0.176704732656338,0
153,107,22,-0.3356624800571495,0
153,107,23,-0.5069753879052891,0
153,107,24,-0.08911498946170676,0
153,107,25,-0.3101161037129054,0
153,107,26,-0.5610999546773553,0
153,107,27,-0.2666607210768896,0
153,107,28,-0.6097987400501894,0
153,107,29,-0.1034253363066518,0
153,107,30,0.02862256763575353,0
153,107,31,0.103051989042019,0
153,107,32,0.06364913496894353,0
153,107,33,-0.04640048909771038,0
153,107,34,-0.02557674441415658,0
153,107,35,0.197596921868825,0
153,107,36,0.1302751086021149,0
153,107,37,0.04309922715253972,0
153,107,38,-0.008538391381495024,0
153,107,39,-0.1724601100335545,0
153,107,40,-0.384020190141347,0
153,107,41,-0.103603719160583,0
153,107,42,-0.2592269848420488,0
153,107,43,-0.3605762429498973,0
153,107,44,-0.1219442223235088,0
153,107,45,-0.3911453387207357,0
153,107,46,-0.4959615923083587,0
153,107,47,-0.1204513369894561,0
153,107,48,-0.5026309991633194,0
153,107,49,-0.6687833266943398,0
153,107,50,-0.09650018661339679,0
153,107,51,-0.5882476967123778,0
153,107,52,-0.8200806167552154,0
153,107,53,-0.05357431903110958,0
153,107,54,-0.6234617211924761,0
153,107,55,-0.9170025825946476,0
153,107,56,-0.6363023667841646,0
153,107,57,-0.990694110045105,0
153,107,58,0.008622208291240323,0
153,107,59,0.08520682614156735,0
153,107,60,0.08344126934800346,0
153,107,61,-0.002062683392210467,0
153,107,62,-0.0430939011839374,0
153,107,63,-0.04838313732709602,0
153,107,64,0.03407590313959037,0
153,107,65,0.03441991560250507,0
153,107,66,0.03641367971851218,0
153,107,67,0.03208808122534453,0
153,107,68,-0.263101580963388,0
153,107,69,-0.3939082774439351,0
153,107,70,0.02513534201869507,0
153,107,71,-0.2546115016932515,0
153,107,72,-0.3677668467506066,0
153,107,73,0.01575159870163176,0
153,107,74,-0.3665499808321218,0
153,107,75,-0.4989861179918343,0
153,107,76,0.01153466521936567,0
153,107,77,-0.5028183269645056,0
153,107,78,-0.6629440574323517,0
153,107,79,0.005580091081683999,0
153,107,80,-0.6251014688722286,0
153,107,81,-0.8169342801927556,0
153,107,82,0.004023417254094801,0
153,107,83,-0.7042622247155702,0
153,107,84,-0.9161432789025259,0
153,107,85,-0.7665308463754371,0
153,107,86,-1,0
153,107,87,0.1244464842543632,0
153,107,88,0.1168612547555411,0
153,107,89,0.05091941132813965,0
153,107,90,-0.07658756407399656,0
153,107,91,-0.02120957337814601,0
153,107,92,-0.0356961249208674,0
153,107,93,-0.1681073795307648,0
153,107,94,-0.08719611809213525,0
153,107,95,0.02397227560827599,0
153,107,96,0.05868007113535573,0
153,107,97,-0.2663297623737729,0
153,107,98,-0.2513450617641801,0
153,107,99,0.1338899263992573,0
153,107,100,-0.1566742041361862,0
153,107,101,-0.2398846544204166,0
153,107,102,0.151286003414092,0
153,107,103,-0.2064657021155824,0
153,107,104,-0.3083869732757176,0
153,107,105,0.1311124727472185,0
153,107,106,-0.3113409405718596,0
153,107,107,-0.4070546152605629,0
153,107,108,0.09200408726374361,0
153,107,109,-0.4294573419017121,0
153,107,110,-0.5021465226116991,0
153,107,111,0.04525862966582064,0
153,107,112,-0.5210978218088642,0
153,107,113,-0.5595421149124458,0
153,107,114,-0.6093846656868322,0
153,107,115,-0.6216928222636534,0
153,107,116,0.1979928249242624,0
153,107,117,0.1164279102635469,0
153,107,118,-0.1261146731716464,0
153,107,119,0.02315267158747,0
153,107,120,-0.3293314526017379,0
153,107,121,-0.1834702203099485,0
153,107,122,0.06026437985801264,0
153,107,123,-0.170554936037685,0
153,107,124,0.2206206407351448,0
153,107,125,0.01581120513501743,0
153,107,126,0.2546792735704886,0
153,107,127,0.05205877579734661,0
153,107,128,0.2228529565249029,0
153,107,129,0.01241026452506576,0
153,107,130,0.1591672488305654,0
153,107,131,-0.05888598836054381,0
153,107,132,0.06668226101327644,0
153,107,133,-0.1363415254263215,0
153,107,134,-0.2160120093572983,0
153,107,135,-0.005927413179792967,0
153,107,136,-0.01132495002359337,0
153,107,137,-0.02416921508338872,0
153,107,138,-0.009829700990359503,0
153,107,139,-0.005480358775281654,0
153,107,140,-0.002478053052204963,0
153,107,141,-0.001095561456794279,0
153,107,142,-0.000229934004032348,0
153,107,143,-0.0004829571586827344,0
153,107,144,-0.009656293802593795,0
153,107,145,-0.01890970725380706,0
153,107,146,-0.03955138825766408,0
153,107,147,-0.01755813907303052,0
153,107,148,-0.008826140291884723,0
153,107,149,-0.00478153698122615,0
153,107,150,-0.00233072311130559,0
153,107,151,-0.0009164458006985353,0
153,107,152,-0.0007278152884246179,0
153,107,153,-0.009967039865107972,0
153,107,154,-0.01984495093888057,0
153,107,155,-0.04087857532906769,0
153,107,156,-0.01822512591680428,0
153,107,157,-0.009119705312807114,0
153,107,158,-0.004703966999175684,0
153,107,159,-0.002546324652325935,0
153,107,160,-0.001218914774295214,0
153,107,161,-0.001112399316267957,0
153,107,162,-0.00653769007850088,0
153,107,163,-0.01317202509095853,0
153,107,164,-0.02648955314301108,0
153,107,165,-0.01172689217094824,0
153,107,166,-0.005218832945743505,0
153,107,167,-0.002493790551877256,0
153,107,168,-0.00122806983690114,0
153,107,169,-0.0004625269160624892,0
153,107,170,-0.0008316055972994927,0
154,102,0,0.7768596200293223,0
154,102,1,0.2375506195586116,0
154,102,2,-0.2622960293641302,0
154,102,3,-0.2286880193652164,0
154,102,4,0.3074158723281948,0
154,102,5,0.0889210078112691,0
154,102,6,-0.8827054411711517,0
154,102,7,-0.450060250863084,0
154,102,8,0.05144255696104354,0
154,102,9,-0.3744701218226572,0
154,102,10,-0.3804914281878864,0
154,102,11,0.1097386050198036,0
154,102,12,-0.1264499292076873,0
154,102,13,-0.1891356508317003,0
154,102,14,-0.05853803504843658,0
154,102,15,-0.001317426407772083,0
154,102,16,-0.08381112466228748,0
154,102,17,-0.1119850981936503,0
154,102,18,0.05197056871791315,0
154,102,19,-0.02953687868156403,0
154,102,20,-0.1271755102291211,0
154,102,21,0.05808568240103423,0
154,102,22,-0.009810809021058527,0
154,102,23,-0.1272677074918206,0
154,102,24,0.03737383377870578,0
154,102,25,-0.01236384809645955,0
154,102,26,-0.1195172116895627,0
154,102,27,-0.03183964893356749,0
154,102,28,-0.1172054962431042,0
154,102,29,0.4818714349941471,0
154,102,30,-0.06304641747112405,0
154,102,31,-0.360581227096686,0
154,102,32,-0.1579382509029097,0
154,102,33,0.3007949611353041,0
154,102,34,0.1964666053434173,0
154,102,35,-0.658002720322699,0
154,102,36,-0.2721665247034926,0
154,102,37,0.07991455390127543,0
154,102,38,-0.2570722793692047,0
154,102,39,-0.1845722871507789,0
154,102,40,0.2386486676411055,0
154,102,41,-0.07480888983284961,0
154,102,42,-0.1691617683544646,0
154,102,43,-0.08086854792032727,0
154,102,44,0.01160488565279597,0
154,102,45,-0.1353962310618733,0
154,102,46,-0.183061501688351,0
154,102,47,0.0485101351657456,0
154,102,48,-0.1078132264096788,0
154,102,49,-0.2083961936892349,0
154,102,50,0.05241128577578062,0
154,102,51,-0.09262918240844124,0
154,102,52,-0.2060820076826269,0
154,102,53,0.03256836048473265,0
154,102,54,-0.09060102149130606,0
154,102,55,-0.1940678285283164,0
154,102,56,-0.105942971484763,0
154,102,57,-0.1889874548185122,0
154,102,58,-0.002283078783042354,0
154,102,59,-0.2802100984497033,0
154,102,60,-0.258394186648575,0
154,102,61,-0.03850962034616254,0
154,102,62,0.2234904129040098,0
154,102,63,0.2822897435492907,0
154,102,64,-0.1523655218404097,0
154,102,65,0.02058529135281792,0
154,102,66,0.08739777378904103,0
154,102,67,-0.05862698013436008,0
154,102,68,0.1137216873825685,0
154,102,69,0.2942230962792421,0
154,102,70,-0.001014342616636088,0
154,102,71,-0.08221752521121786,0
154,102,72,-0.05680011344551705,0
154,102,73,0.0304386647484607,0
154,102,74,-0.1329926591812564,0
154,102,75,-0.1797272375317208,0
154,102,76,0.04671664996637909,0
154,102,77,-0.1351097613807657,0
154,102,78,-0.2091961820428017,0
154,102,79,0.04670540800974623,0
154,102,80,-0.1263666120828416,0
154,102,81,-0.206285532937566,0
154,102,82,0.02923182918113563,0
154,102,83,-0.1229503880933033,0
154,102,84,-0.1947348382253623,0
154,102,85,-0.1355150124508093,0
154,102,86,-0.1910748193268068,0
154,102,87,-0.4714333583508505,0
154,102,88,-0.3891361027666886,0
154,102,89,-0.1304241250670692,0
154,102,90,0.1318004024522716,0
154,102,91,0.08241223925807391,0
154,102,92,0.2087336954253462,0
154,102,93,0.4925056215777819,0
154,102,94,0.35544780592099,0
154,102,95,0.05264434927172377,0
154,102,96,0.1823637164936927,0
154,102,97,0.3975350353457649,0
154,102,98,0.2108586279584252,0
154,102,99,0.07422146094324002,0
154,102,100,0.04595957415565861,0
154,102,101,-0.01810243802724599,0
154,102,102,0.04418138492918171,0
154,102,103,-0.07517726103189393,0
154,102,104,-0.106819483042663,0
154,102,105,0.0395098892874973,0
154,102,106,-0.1036180224791324,0
154,102,107,-0.129452347031537,0
154,102,108,0.03525270942679472,0
154,102,109,-0.1033635042361902,0
154,102,110,-0.127870606732218,0
154,102,111,0.02133390949427111,0
154,102,112,-0.1015509702376793,0
154,102,113,-0.1201602064630624,0
154,102,114,-0.1114625630008153,0
154,102,115,-0.1189501959672978,0
154,102,116,-0.7534877204845851,0
154,102,117,-0.405415877564836,0
154,102,118,0.2540780031500153,0
154,102,119,-0.1406741942580096,0
154,102,120,1,0
154,102,121,0.5710944726126084,0
154,102,122,0.3802356807906132,0
154,102,123,0.5282451222220078,0
154,102,124,0.1323625507828441,0
154,102,125,0.1563426045900068,0
154,102,126,0.05298583345361318,0
154,102,127,0.01700057018110137,0
154,102,128,0.03474808627316926,0
154,102,129,-0.02206451419081934,0
154,102,130,0.02852719824996902,0
154,102,131,-0.02839172749625585,0
154,102,132,0.01559084651476812,0
154,102,133,-0.03132127397868129,0
154,102,134,-0.04029191644147101,0
154,102,135,0.00986777579726909,0
154,102,136,0.0127475524610898,0
154,102,137,0.02588343806038317,0
154,102,138,0.01284476044399547,0
154,102,139,0.006570755714097479,0
154,102,140,0.00319230103115147,0
154,102,141,0.001508182547551545,0
154,102,142,0.0007258025776073176,0
154,102,143,0.0002448805607678214,0
154,102,144,0.01660599663979188,0
154,102,145,0.02376065235658213,0
154,102,146,0.0469637780941533,0
154,102,147,0.02166422161771045,0
154,102,148,0.01061775156652159,0
154,102,149,0.00519610922608743,0
154,102,150,0.002527141639470321,0
154,102,151,0.001226561602460413,0
154,102,152,0.000465894219166416,0
154,102,153,0.01786939272200526,0
154,102,154,0.02731593550558333,0
154,102,155,0.05265796816350148,0
154,102,156,0.02318682270917296,0
154,102,157,0.01074251018387213,0
154,102,158,0.005156071172609149,0
154,102,159,0.00249464331111041,0
154,102,160,0.001177352963368067,0
154,102,161,0.000416355606286024,0
154,102,162,0.01219485275405703,0
154,102,163,0.01946108027722759,0
154,102,164,0.03572808235017975,0
154,102,165,0.0154030780374586,0
154,102,166,0.006831337742493545,0
154,102,167,0.003192767600631133,0
154,102,168,0.001548055507814589,0
154,102,169,0.000739851739759598,0
154,102,170,0.0002433126911736972,0
155,100,0,-0.4384297455451024,0
155,100,1,-0.2005508614520589,0
155,100,2,-0.01465882752717808,0
155,100,3,0.2158039099231464,0
155,100,4,-0.09412451237328488,0
155,100,5,0.003791851978612754,0
155,100,6,0.2660635329461161,0
155,100,7,0.2086313860226,0
155,100,8,-0.02193177598426052,0
155,100,9,-0.1661849245252832,0
155,100,10,0.03585908077146163,0
155,100,11,0.0002791725544680168,0
155,100,12,-0.6003843594903095,0
155,100,13,-0.2653482923589883,0
155,100,14,-0.01166152956543026,0
155,100,15,-0.9043411858871976,0
155,100,16,-0.5183959767107896,0
155,100,17,-0.01300986419192273,0
155,100,18,-0.9915566654671301,0
155,100,19,-0.6510992084233583,0
155,100,20,-0.01001235278371285,0
155,100,21,-0.8345431364807906,0
155,100,22,-0.6255141481751937,0
155,100,23,-0.004964595695196637,0
155,100,24,-0.475805006592135,0
155,100,25,-0.4497364816656667,0
155,100,26,-0.005807045528101993,0
155,100,27,-0.164280049042004,0
155,100,28,-0.004584051917432041,0
155,100,29,-0.4601053086916232,0
155,100,30,-0.2048921441548511,0
155,100,31,0.009500115796823392,0
155,100,32,0.2187378421334696,0
155,100,33,-0.08874218093171404,0
155,100,34,0.03091598301755109,0
155,100,35,0.3066852188986114,0
155,100,36,0.2163149779694184,0
155,100,37,-0.02160980968471916,0
155,100,38,-0.144623722857272,0
155,100,39,0.05619727941699725,0
155,100,40,0.002950536435612233,0
155,100,41,-0.5752379901545804,0
155,100,42,-0.2536778599821902,0
155,100,43,-0.008270145530863856,0
155,100,44,-0.8746081593485093,0
155,100,45,-0.5057339536143035,0
155,100,46,-0.01390455054345392,0
155,100,47,-0.9617684623417058,0
155,100,48,-0.636833373715796,0
155,100,49,-0.01431281052208196,0
155,100,50,-0.8124939309358727,0
155,100,51,-0.613118004293846,0
155,100,52,-0.01273682377251954,0
155,100,53,-0.4615366746146183,0
155,100,54,-0.4435228546804479,0
155,100,55,-0.01554987711876949,0
155,100,56,-0.1669150698931208,0
155,100,57,-0.0195816016645312,0
155,100,58,-0.4810130442379723,0
155,100,59,-0.2015373750525586,0
155,100,60,0.01305908829572091,0
155,100,61,0.2397829258428061,0
155,100,62,-0.07422862437902285,0
155,100,63,0.0369347731172518,0
155,100,64,0.3514477315926125,0
155,100,65,0.245025935655527,0
155,100,66,-0.0212110468889607,0
155,100,67,-0.1263783746465097,0
155,100,68,0.07979012928943718,0
155,100,69,0.00929455546287764,0
155,100,70,-0.5809023695887482,0
155,100,71,-0.2488985936373518,0
155,100,72,-0.008138069001904912,0
155,100,73,-0.8936103561440806,0
155,100,74,-0.5151116902833157,0
155,100,75,-0.01481171425550472,0
155,100,76,-0.9858714980740382,0
155,100,77,-0.6533428485357925,0
155,100,78,-0.01484985990239551,0
155,100,79,-0.8344160573901314,0
155,100,80,-0.631449888791942,0
155,100,81,-0.01234416418783805,0
155,100,82,-0.4759166759864179,0
155,100,83,-0.4586986630260924,0
155,100,84,-0.01362284788766104,0
155,100,85,-0.1765503066122549,0
155,100,86,-0.01738595084920772,0
155,100,87,-0.5073547696142494,0
155,100,88,-0.2241695114662597,0
155,100,89,-0.01165395198013594,0
155,100,90,0.264880083811605,0
155,100,91,-0.08304337873574087,0
155,100,92,0.01634474617145241,0
155,100,93,0.4160471904955552,0
155,100,94,0.2850040428769554,0
155,100,95,-0.01673101372210269,0
155,100,96,-0.09804525004805671,0
155,100,97,0.1138375883015599,0
155,100,98,0.01259119947717883,0
155,100,99,-0.5602414336876451,0
155,100,100,-0.228338529530817,0
155,100,101,0.00360835271293052,0
155,100,102,-0.8728254923318113,0
155,100,103,-0.4974561001405134,0
155,100,104,-0.00336158182876644,0
155,100,105,-0.9657635148200241,0
155,100,106,-0.6372114151734141,0
155,100,107,-0.007551157644578141,0
155,100,108,-0.8187958237509648,0
155,100,109,-0.6184701270716817,0
155,100,110,-0.009911476151545605,0
155,100,111,-0.4672217011398591,0
155,100,112,-0.4497358852899752,0
155,100,113,-0.01332934449646283,0
155,100,114,-0.1734708243436799,0
155,100,115,-0.0192086167571671,0
155,100,116,-0.535336877187457,0
155,100,117,-0.2445517074320362,0
155,100,118,0.2622841185964763,0
155,100,119,-0.1161990525476809,0
155,100,120,0.4717442475145129,0
155,100,121,0.3165071202374827,0
155,100,122,-0.07909777616892708,0
155,100,123,0.1359316843616073,0
155,100,124,-0.5709780213678112,0
155,100,125,-0.222278527801022,0
155,100,126,-0.9011068247717091,0
155,100,127,-0.5048212093065453,0
155,100,128,-1,0
155,100,129,-0.6524957754189243,0
155,100,130,-0.8495268325227276,0
155,100,131,-0.6355424079019923,0
155,100,132,-0.4873252445599975,0
155,100,133,-0.4616096119498821,0
155,100,134,-0.1736298122746945,0
155,100,135,0.001699174102992407,0
155,100,136,0.0028302109163792,0
155,100,137,0.003257314836397228,0
155,100,138,0.001562368775563643,0
155,100,139,0.0009053898933189962,0
155,100,140,0.000593209573268216,0
155,100,141,0.0004134046014458508,0
155,100,142,0.0002355584867433249,0
155,100,143,0.0001377894505412646,0
155,100,144,0.002655991272700676,0
155,100,145,0.003801860713907988,0
155,100,146,0.004642217801346019,0
155,100,147,0.002454673858043875,0
155,100,148,0.001173632406576482,0
155,100,149,0.0005220951254965089,0
155,100,150,0.000189455730435278,0
155,100,151,6.257970233391925e-06,0
155,100,152,-4.20194960688888e-05,0
155,100,153,0.002328651970851431,0
155,100,154,0.003838207470843509,0
155,100,155,0.005132124178157057,0
155,100,156,0.002505110554389045,0
155,100,157,0.001256034872525214,0
155,100,158,0.0006443141395546675,0
155,100,159,0.0003286667394887929,0
155,100,160,0.0001293835563565332,0
155,100,161,2.943074212076958e-05,0
155,100,162,0.001629855693406097,0
155,100,163,0.002535898672904324,0
155,100,164,0.00314651539349011,0
155,100,165,0.001563232994017901,0
155,100,166,0.000614151244084473,0
155,100,167,0.0001198373538601768,0
155,100,168,-0.0001065285948216155,0
155,100,169,-0.0001820906911611816,0
155,100,170,-0.0001507915848857832,0
156,96,0,1,0
156,96,1,0.3722982199793135,0
156,96,2,-0.1072033115389626,0
156,96,3,-0.05038394289474205,0
156,96,4,0.3831935132508592,0
156,96,5,-0.02107837506090892,0
156,96,6,-0.682115211024089,0
156,96,7,-0.2705125123225221,0
156,96,8,0.1302833667127863,0
156,96,9,-0.5541755825877182,0
156,96,10,-0.4238304385006036,0
156,96,11,-0.03364573802542783,0
156,96,12,-0.3808698617602629,0
156,96,13,-0.3041197192327101,0
156,96,14,0.01439918799148654,0
156,96,15,-0.2491527809423252,0
156,96,16,-0.2037244192484792,0
156,96,17,0.01195615913497852,0
156,96,18,-0.1561209222057321,0
156,96,19,-0.1308779512802646,0
156,96,20,0.00790952968179208,0
156,96,21,-0.09061996330636331,0
156,96,22,-0.07976497566996274,0
156,96,23,0.004497123857439739,0
156,96,24,-0.0416656169060417,0
156,96,25,-0.04268460870929948,0
156,96,26,0.002595831473615142,0
156,96,27,-0.01295663790347013,0
156,96,28,0.002118673887263236,0
156,96,29,0.907132293832226,0
156,96,30,0.2835269017562885,0
156,96,31,-0.1068818511515338,0
156,96,32,-0.2049756433222146,0
156,96,33,0.260158629246441,0
156,96,34,-0.05308635120762396,0
156,96,35,-0.9136259601172656,0
156,96,36,-0.3881567287587863,0
156,96,37,0.06284899698731099,0
156,96,38,-0.554955884121806,0
156,96,39,-0.4839859820434937,0
156,96,40,0.007584532373208439,0
156,96,41,-0.3643059345635994,0
156,96,42,-0.2907038201302392,0
156,96,43,0.01230624127193236,0
156,96,44,-0.2361044510173107,0
156,96,45,-0.1883407647240234,0
156,96,46,0.01225735221807178,0
156,96,47,-0.1486184703917815,0
156,96,48,-0.1206324482264868,0
156,96,49,0.008340256253723038,0
156,96,50,-0.08657413891478108,0
156,96,51,-0.0739250488485184,0
156,96,52,0.005087467648218056,0
156,96,53,-0.03966540121375012,0
156,96,54,-0.03949390708267479,0
156,96,55,0.003063648699798574,0
156,96,56,-0.01142237349549385,0
156,96,57,0.002296687598075617,0
156,96,58,0.8319646529173867,0
156,96,59,0.3176976076373972,0
156,96,60,0.03081736206996027,0
156,96,61,-0.3059330599672527,0
156,96,62,0.2006627511022383,0
156,96,63,-0.002775474677268666,0
156,96,64,-0.9623987248574398,0
156,96,65,-0.5017958838500669,0
156,96,66,-0.001296566463661606,0
156,96,67,-0.5753901002908479,0
156,96,68,-0.4951200382026584,0
156,96,69,0.003326592279917047,0
156,96,70,-0.3655027954918467,0
156,96,71,-0.3022081705421217,0
156,96,72,0.001545276731989024,0
156,96,73,-0.2357990824246776,0
156,96,74,-0.1907730869188228,0
156,96,75,0.00549529355117396,0
156,96,76,-0.1482333194070653,0
156,96,77,-0.1210312975529364,0
156,96,78,0.005860872608200861,0
156,96,79,-0.08642942885834322,0
156,96,80,-0.07375211626895363,0
156,96,81,0.004322140393789621,0
156,96,82,-0.03969927208879695,0
156,96,83,-0.03931995592752257,0
156,96,84,0.002894191105429352,0
156,96,85,-0.01137742448708293,0
156,96,86,0.002247120860353117,0
156,96,87,0.8636330399591023,0
156,96,88,0.4316477528533002,0
156,96,89,0.1086349848380233,0
156,96,90,-0.2877467467672288,0
156,96,91,0.2579551617639491,0
156,96,92,0.01961846899146881,0
156,96,93,-0.986340398791237,0
156,96,94,-0.562437292397767,0
156,96,95,-0.07633446888864273,0
156,96,96,-0.5721682026466222,0
156,96,97,-0.4968909270686948,0
156,96,98,0.03732446735957718,0
156,96,99,-0.3606283560802576,0
156,96,100,-0.3086254557482226,0
156,96,101,-0.006284844391383272,0
156,96,102,-0.2304316105807408,0
156,96,103,-0.1933643156035504,0
156,96,104,-0.002689958473016714,0
156,96,105,-0.1440415188969846,0
156,96,106,-0.1206837782969729,0
156,96,107,0.0008584734755709246,0
156,96,108,-0.08373153990552579,0
156,96,109,-0.07280862453786074,0
156,96,110,0.001429789007986356,0
156,96,111,-0.03841541979493512,0
156,96,112,-0.03872594861559918,0
156,96,113,0.00106849983437871,0
156,96,114,-0.01149705845204388,0
156,96,115,0.0008213840472477219,0
156,96,116,0.9529629777372303,0
156,96,117,0.4563818329362873,0
156,96,118,-0.1329518002940173,0
156,96,119,0.3602512718115299,0
156,96,120,-0.8056203910972192,0
156,96,121,-0.4356161265739254,0
156,96,122,-0.5853260747366367,0
156,96,123,-0.453292460641693,0
156,96,124,-0.378534233476687,0
156,96,125,-0.3217024417569663,0
156,96,126,-0.2390324406493494,0
156,96,127,-0.2046707844780528,0
156,96,128,-0.1479226745335871,0
156,96,129,-0.1271240159840274,0
156,96,130,-0.08563699790641308,0
156,96,131,-0.07637053135304625,0
156,96,132,-0.0392454804720269,0
156,96,133,-0.04072303289894753,0
156,96,134,-0.01261560413436827,0
156,96,135,-0.004034504742019751,0
156,96,136,-0.00914695464405399,0
156,96,137,-0.01347391357904347,0
156,96,138,-0.003368197158873671,0
156,96,139,-0.001067063865594132,0
156,96,140,-0.0004094988782788556,0
156,96,141,-0.0001692999251190793,0
156,96,142,-7.322041782196749e-05,0
156,96,143,-2.949916792883968e-05,0
156,96,144,-0.004838360552425801,0
156,96,145,-0.00856194479033107,0
156,96,146,-0.007411148378392104,0
156,96,147,-0.002916108329769758,0
156,96,148,-0.00111014395847859,0
156,96,149,-0.0004706768909956296,0
156,96,150,-0.0002080568127577881,0
156,96,151,-9.114090810055837e-05,0
156,96,152,-3.483936016794883e-05,0
156,96,153,-0.002224660793783128,0
156,96,154,-0.004302772956194034,0
156,96,155,0.0003079969703217331,0
156,96,156,-0.0003463594274384406,0
156,96,157,-0.0004686283685142204,0
156,96,158,-0.0003190642667440813,0
156,96,159,-0.0001753785628346936,0
156,96,160,-8.580539719099373e-05,0
156,96,161,-3.435992988608147e-05,0
156,96,162,-0.0005065717420698124,0
156,96,163,0.0005158227945270627,0
156,96,164,0.009601045861042989,0
156,96,165,0.001497065443460515,0
156,96,166,0.0001255542545543358,0
156,96,167,-7.528712228957021e-05,0
156,96,168,-6.72854882195331e-05,0
156,96,169,-3.597764915275036e-05,0
156,96,170,-1.421991027749531e-05,0
157,95,0,0.2449071379360956,0
157,95,1,-0.2661188326518506,0
157,95,2,-0.7811651879151672,0
157,95,3,0.7661502306508399,0
157,95,4,0.2771023948456702,0
157,95,5,-0.2528895825143555,0
157,95,6,1,0
157,95,7,0.9352389203163216,0
157,95,8,0.5947009656415452,0
157,95,9,0.1540749408986087,0
157,95,10,0.3029898182340591,0
157,95,11,-0.1545680901840157,0
157,95,12,0.02782939693146832,0
157,95,13,0.07658122319105891,0
157,95,14,0.05873100454774235,0
157,95,15,0.01360058959855184,0
157,95,16,0.02793032541431423,0
157,95,17,0.04237820500160729,0
157,95,18,0.0101668847561863,0
157,95,19,0.01446037401303508,0
157,95,20,0.01927437277943606,0
157,95,21,0.006687891071073488,0
157,95,22,0.008347600168227038,0
157,95,23,0.008086306115204519,0
157,95,24,0.003259483175751799,0
157,95,25,0.004581547163759078,0
157,95,26,0.00373633990404087,0
157,95,27,0.001883470792334061,0
157,95,28,0.002230336901236234,0
157,95,29,-0.3297997157160822,0
157,95,30,-0.7077948446842107,0
157,95,31,-0.4476070429444507,0
157,95,32,-0.1593526927738348,0
157,95,33,-0.4080871964219493,0
157,95,34,-0.1645801583921546,0
157,95,35,-0.08606616763272212,0
157,95,36,0.3133500627334935,0
157,95,37,0.3679517042312382,0
157,95,38,0.08876555939735381,0
157,95,39,-0.03740307404614344,0
157,95,40,-0.09222930429336319,0
157,95,41,0.05697336771501403,0
157,95,42,0.09697239566497418,0
157,95,43,0.03587330387937721,0
157,95,44,0.03277920374895373,0
157,95,45,0.06228344202857163,0
157,95,46,0.0372540089966212,0
157,95,47,0.01843955205100222,0
157,95,48,0.03196234714742578,0
157,95,49,0.01965791093820703,0
157,95,50,0.009860975494159126,0
157,95,51,0.01589433384849507,0
157,95,52,0.009347307215998578,0
157,95,53,0.004306804077968271,0
157,95,54,0.007894012190164281,0
157,95,55,0.00494449369865527,0
157,95,56,0.003472247796115777,0
157,95,57,0.003282916692484413,0
157,95,58,-0.6840941768009037,0
157,95,59,-0.2337616660772617,0
157,95,60,0.5602929689730383,0
157,95,61,-0.7978992640195302,0
157,95,62,-0.5949515791599426,0
157,95,63,0.181665976120347,0
157,95,64,-0.7910374112898736,0
157,95,65,-0.5726818317345382,0
157,95,66,-0.2936955550051634,0
157,95,67,0.01466921473088127,0
157,95,68,-0.2107062594287895,0
157,95,69,0.06434920259490012,0
157,95,70,0.08190185380097868,0
157,95,71,0.0538980193687798,0
157,95,72,-0.01665067824751025,0
157,95,73,0.05047465670665717,0
157,95,74,0.05992761924139831,0
157,95,75,-0.002514546827387576,0
157,95,76,0.0265187826438549,0
157,95,77,0.03500441639882269,0
157,95,78,0.004055735024482037,0
157,95,79,0.01345324458027048,0
157,95,80,0.01850853293273673,0
157,95,81,0.004499742243242148,0
157,95,82,0.005685779637113805,0
157,95,83,0.009485995652871457,0
157,95,84,0.003491619463409093,0
157,95,85,0.004150697507816575,0
157,95,86,0.002798943750328473,0
157,95,87,-0.3249541772798036,0
157,95,88,0.5015076238151122,0
157,95,89,0.821053307904497,0
157,95,90,-0.3673086290933734,0
157,95,91,-0.06961420960013887,0
157,95,92,0.2427157499106952,0
157,95,93,-0.3930967315650797,0
157,95,94,-0.6736661028394462,0
157,95,95,-0.6500618900627062,0
157,95,96,0.04764338827076079,0
157,95,97,-0.01936047540668827,0
157,95,98,0.21662064942621,0
157,95,99,0.07356536735389449,0
157,95,100,0.01900672994855273,0
157,95,101,-0.03022099794163904,0
157,95,102,0.04686165932899639,0
157,95,103,0.0293611702227154,0
157,95,104,-0.0232393557731915,0
157,95,105,0.02670223893780379,0
157,95,106,0.02341657058723871,0
157,95,107,-0.0061526470882577,0
157,95,108,0.01439214121164316,0
157,95,109,0.01532652936435599,0
157,95,110,0.0002126170332627397,0
157,95,111,0.006294588347518426,0
157,95,112,0.008684325094819435,0
157,95,113,0.001469189840499372,0
157,95,114,0.003706872846148076,0
157,95,115,0.001559555646021215,0
157,95,116,0.3332719687701718,0
157,95,117,0.5129771807855482,0
157,95,118,0.681551689883676,0
157,95,119,0.5267338117312383,0
157,95,120,0.9724492838005923,0
157,95,121,0.3723824723844058,0
157,95,122,0.1535840274902051,0
157,95,123,0.382310255334973,0
157,95,124,0.04711790825441849,0
157,95,125,0.03773878574073803,0
157,95,126,0.03224302939448274,0
157,95,127,0.01394208660892974,0
157,95,128,0.02304287504622432,0
157,95,129,0.01523155140260666,0
157,95,130,0.01411369460199486,0
157,95,131,0.01221944440597342,0
157,95,132,0.006567419036939197,0
157,95,133,0.007359588313664618,0
157,95,134,0.002749906318063538,0
157,95,135,-0.01187790856183537,0
157,95,136,-0.02575427054916241,0
157,95,137,-0.06575731464623244,0
157,95,138,-0.01565969514423318,0
157,95,139,-0.004081454600269327,0
157,95,140,-0.001151819708693442,0
157,95,141,-0.0003502955717186373,0
157,95,142,-0.0001181611460562324,0
157,95,143,-3.869776441141428e-05,0
157,95,144,-0.009259054033479637,0
157,95,145,-0.02102666757560039,0
157,95,146,-0.04464556205793464,0
157,95,147,-0.01183323610551529,0
157,95,148,-0.003287054619203004,0
157,95,149,-0.001083540135228188,0
157,95,150,-0.0003865769252781939,0
157,95,151,-0.0001509164786472201,0
157,95,152,-5.46395622100678e-05,0
157,95,153,0.003679378088423368,0
157,95,154,0.008229196247796722,0
157,95,155,0.02872875908911831,0
157,95,156,0.006323407311759186,0
157,95,157,0.001036214714483832,0
157,95,158,-3.071411209555658e-05,0
157,95,159,-0.0001428117754457756,0
157,95,160,-9.500976661147842e-05,0
157,95,161,-4.260905650237241e-05,0
157,95,162,0.01080057501467461,0
157,95,163,0.02695706873330847,0
157,95,164,0.06927883254702229,0
157,95,165,0.01415279885464697,0
157,95,166,0.002928619418340388,0
157,95,167,0.000547613071927485,0
157,95,168,4.004284444784836e-05,0
157,95,169,-3.129389481825447e-05,0
157,95,170,-2.110901852351758e-05,0
158,94,0,0.08816848657248949,0
158,94,1,0.1001199551072328,0
158,94,2,0.1665177979309158,0
158,94,3,0.2728178328784961,0
158,94,4,0.2581860285425717,0
158,94,5,0.3018831295634463,0
158,94,6,0.6303630403609545,0
158,94,7,0.6136906685565764,0
158,94,8,0.6644029912452134,0
158,94,9,0.03695885365036198,0
158,94,10,0.110715592322996,0
158,94,11,-0.274044789306888,0
158,94,12,-0.006678537337641339,0
158,94,13,0.009448527770605264,0
158,94,14,-0.001287820674278665,0
158,94,15,-0.003970645068463468,0
158,94,16,-0.0001281759189523861,0
158,94,17,0.009080880773840137,0
158,94,18,-0.002042316442037272,0
158,94,19,-0.000661086146113927,0
158,94,20,0.0037495769006235,0
158,94,21,-0.00105232389355807,0
158,94,22,-0.0004419664974228149,0
158,94,23,0.001659643974200073,0
158,94,24,-0.0004505261376499444,0
158,94,25,-0.0001843884501422326,0
158,94,26,0.0008811381502296207,0
158,94,27,7.052728833221659e-05,0
158,94,28,0.0005997203669776216,0
158,94,29,-0.1458094258325246,0
158,94,30,-0.02318504285302132,0
158,94,31,-0.08118822134049053,0
158,94,32,-0.3697784927770842,0
158,94,33,-0.1380638766477909,0
158,94,34,-0.1628694970989783,0
158,94,35,-1,0
158,94,36,-0.4109027399758321,0
158,94,37,-0.4432906861119733,0
158,94,38,-0.05082722132831562,0
158,94,39,-0.311671585087108,0
158,94,40,0.2039898268138205,0
158,94,41,0.003194341537170933,0
158,94,42,-0.004792441343038761,0
158,94,43,0.00981347156607831,0
158,94,44,0.0005044234123331954,0
158,94,45,0.007127167919148134,0
158,94,46,0.004925075761836796,0
158,94,47,-0.0004602375795666404,0
158,94,48,0.002806015046501055,0
158,94,49,0.003572462170132421,0
158,94,50,-0.0004083219735441481,0
158,94,51,0.001141367301885181,0
158,94,52,0.002179562307026534,0
158,94,53,-0.0002010251971479125,0
158,94,54,0.0006123623977558224,0
158,94,55,0.001315656644622579,0
158,94,56,0.0005043041190431546,0
158,94,57,0.0009335457331207086,0
158,94,58,-0.0442447694722759,0
158,94,59,-0.08446892124584345,0
158,94,60,-0.07688109238102191,0
158,94,61,-0.04400374472517569,0
158,94,62,-0.1653085021857275,0
158,94,63,-0.1549556199749509,0
158,94,64,0.08349492540115955,0
158,94,65,-0.3048500181023458,0
158,94,66,-0.3336077234872215,0
158,94,67,-0.006667007576878669,0
158,94,68,0.1180773358309595,0
158,94,69,0.1211539893807783,0
158,94,70,0.004494556136647135,0
158,94,71,0.005361306697572249,0
158,94,72,0.01558212911209594,0
158,94,73,0.001754128377014525,0
158,94,74,0.004344127224760453,0
158,94,75,0.002150914934318218,0
158,94,76,0.0007338980428956709,0
158,94,77,0.003189511601533152,0
158,94,78,0.002753116268213911,0
158,94,79,0.0003147107033639668,0
158,94,80,0.001901728846848804,0
158,94,81,0.001952154100368236,0
158,94,82,0.0001162101251991998,0
158,94,83,0.001105436222491577,0
158,94,84,0.001252826305068087,0
158,94,85,0.0007313545365428051,0
158,94,86,0.0009183617214987074,0
158,94,87,0.0902475016441659,0
158,94,88,0.06932896505999757,0
158,94,89,0.156690859577559,0
158,94,90,0.2924961192396582,0
158,94,91,0.1832830702972606,0
158,94,92,0.247361884311378,0
158,94,93,0.7990911478732541,0
158,94,94,0.491727460509656,0
158,94,95,0.5508803769432752,0
158,94,96,0.06051353041018947,0
158,94,97,0.2104864483323675,0
158,94,98,-0.2266801983510799,0
158,94,99,0.001776619808988048,0
158,94,100,0.02136294807493965,0
158,94,101,-0.0009749514063099485,0
158,94,102,0.002079660076965161,0
158,94,103,0.003763230755302958,0
158,94,104,0.00510466741551796,0
158,94,105,0.001577865242578291,0
158,94,106,0.003114995278296752,0
158,94,107,0.002282409672103962,0
158,94,108,0.0009341719399075613,0
158,94,109,0.002068307714373939,0
158,94,110,0.001294371470139319,0
158,94,111,0.0004133130783147781,0
158,94,112,0.00121737167377328,0
158,94,113,0.0007835870801156825,0
158,94,114,0.0006977868707320299,0
158,94,115,0.0005748256722485341,0
158,94,116,-0.06405949529131368,0
158,94,117,0.04284866414554944,0
158,94,118,-0.1641298338882794,0
158,94,119,0.01805154619901676,0
158,94,120,-0.476150048731425,0
158,94,121,-0.008831978112285933,0
158,94,122,-0.02172298902059924,0
158,94,123,-0.2061327370308407,0
158,94,124,0.004813643738321518,0
158,94,125,0.0004673875311776775,0
158,94,126,0.003896479133506315,0
158,94,127,0.005677643700862939,0
158,94,128,0.002517573677672643,0
158,94,129,0.003134425694017202,0
158,94,130,0.001413302253170677,0
158,94,131,0.001827823473430247,0
158,94,132,0.0006281312517111609,0
158,94,133,0.0009838446296881356,0
158,94,134,0.0004270259662111142,0
158,94,135,-0.008414826166825791,0
158,94,136,-0.02186074283525047,0
158,94,137,-0.05557040331488551,0
158,94,138,-0.006726799325996798,0
158,94,139,-0.0008813143214779503,0
158,94,140,-0.0002189950093295943,0
158,94,141,-7.395401926689439e-05,0
158,94,142,-3.027122269559474e-05,0
158,94,143,-1.152279764387102e-05,0
158,94,144,-4.70108022893131e-05,0
158,94,145,0.003759289539996675,0
158,94,146,0.03219843715852441,0
158,94,147,0.002560878563215478,0
158,94,148,-9.999283096750685e-05,0
158,94,149,-0.0001791864995841545,0
158,94,150,-9.740925299357408e-05,0
158,94,151,-4.56443504212699e-05,0
158,94,152,-1.800127190957402e-05,0
158,94,153,0.003666785530377854,0
158,94,154,0.01056365067051058,0
158,94,155,0.02617748021925451,0
158,94,156,0.003086563176493325,0
158,94,157,2.639033166532869e-05,0
158,94,158,-0.0001241286827365961,0
158,94,159,-8.450317637143402e-05,0
158,94,160,-4.327283637409651e-05,0
158,94,161,-1.757455321489212e-05,0
158,94,162,-0.003615629651730254,0
158,94,163,-0.01139064829655745,0
158,94,164,-0.04279567748732264,0
158,94,165,-0.005087283926717871,0
158,94,166,-0.0007013348544867695,0
158,94,167,-0.0001633706480606956,0
158,94,168,-6.074712517120489e-05,0
158,94,169,-2.731283371606593e-05,0
158,94,170,-1.094782682165005e-05,0
159,93,0,0.01723041662238725,0
159,93,1,-0.02471127736647924,0
159,93,2,-0.0765995447426813,0
159,93,3,-0.04424826147662051,0
159,93,4,-0.04546101879240972,0
159,93,5,-0.09159798204027023,0
159,93,6,-0.2043450547944785,0
159,93,7,-0.170190873475257,0
159,93,8,-0.1850236065612776,0
159,93,9,-0.01910148604482843,0
159,93,10,-0.02459199571945174,0
159,93,11,0.13407231656056,0
159,93,12,-0.006703138260478182,0
159,93,13,-0.005287668714346922,0
159,93,14,0.01046442952934687,0
159,93,15,-0.004495633497965098,0
159,93,16,-0.003340540798925755,0
159,93,17,0.00126975355230481,0
159,93,18,-0.002495122447530382,0
159,93,19,-0.001957311616764938,0
159,93,20,0.0009566889668738626,0
159,93,21,-0.001315704315195041,0
159,93,22,-0.001086291004543574,0
159,93,23,0.0004543716972344213,0
159,93,24,-0.0005664970760012864,0
159,93,25,-0.0005243139877268927,0
159,93,26,0.0002543259008348696,0
159,93,27,-0.0001183961222803634,0
159,93,28,0.0001815031591496644,0
159,93,29,0.07728324350531814,0
159,93,30,0.00394422547165545,0
159,93,31,0.02254100716439765,0
159,93,32,0.208247663341412,0
159,93,33,0.1162771613306729,0
159,93,34,0.1189883874396562,0
159,93,35,0.64052226880234,0
159,93,36,0.4175523958207548,0
159,93,37,0.4331181930186013,0
159,93,38,0.02620744868453271,0
159,93,39,0.152110826283434,0
159,93,40,-0.2649730153233322,0
159,93,41,-0.005566754248208022,0
159,93,42,0.005410712789421454,0
159,93,43,-0.01290237349969309,0
159,93,44,-0.003282658654165579,0
159,93,45,-0.001631832759586569,0
159,93,46,0.00166499870015365,0
159,93,47,-0.00206755076571902,0
159,93,48,-0.001020650445902557,0
159,93,49,0.0009338143658765836,0
159,93,50,-0.001117312622516406,0
159,93,51,-0.0006388603449769203,0
159,93,52,0.0006129101995086432,0
159,93,53,-0.0004813472420292976,0
159,93,54,-0.0002870061356089736,0
159,93,55,0.000373891105948984,0
159,93,56,1.218155328225214e-05,0
159,93,57,0.0002712481854977273,0
159,93,58,-0.08892219618479678,0
159,93,59,-0.04137077586313456,0
159,93,60,-0.03974941157085313,0
159,93,61,-0.3238370723521648,0
159,93,62,-0.1704626723252308,0
159,93,63,-0.1503896063702678,0
159,93,64,-1,0
159,93,65,-0.5302645056802998,0
159,93,66,-0.5137552416037509,0
159,93,67,-0.06257148387279175,0
159,93,68,-0.2947314202753784,0
159,93,69,0.3037983571873588,0
159,93,70,-0.006575794175893703,0
159,93,71,-0.01971345875325848,0
159,93,72,0.01247090964832734,0
159,93,73,-0.003293143209905465,0
159,93,74,-0.002263928732541157,0
159,93,75,0.0003489899052789396,0
159,93,76,-0.001754911226226388,0
159,93,77,-0.001000720168403711,0
159,93,78,0.0006696994237951777,0
159,93,79,-0.0009332114484217461,0
159,93,80,-0.0004451623139831549,0
159,93,81,0.0005026927339729904,0
159,93,82,-0.0004007278258086308,0
159,93,83,-0.0001606413390197871,0
159,93,84,0.0003474970006913752,0
159,93,85,7.079647110620478e-05,0
159,93,86,0.0002640443721264356,0
159,93,87,0.08162187662220154,0
159,93,88,0.05856764454595793,0
159,93,89,0.09741196738423662,0
159,93,90,0.2281936972517949,0
159,93,91,0.1138106479108365,0
159,93,92,0.1364437089033307,0
159,93,93,0.8073975586779054,0
159,93,94,0.3114729379028461,0
159,93,95,0.3338002872270101,0
159,93,96,0.01978948556121904,0
159,93,97,0.2695574673264469,0
159,93,98,-0.1909011205990848,0
159,93,99,-0.005730103849459967,0
159,93,100,0.005386637627686285,0
159,93,101,-0.0007246432073567836,0
159,93,102,-0.00322273813356447,0
159,93,103,-0.00285216614967097,0
159,93,104,0.000364833056084369,0
159,93,105,-0.001595325255751215,0
159,93,106,-0.001136772379041926,0
159,93,107,0.0004456113494493973,0
159,93,108,-0.0007635687997952807,0
159,93,109,-0.000448208189895135,0
159,93,110,0.0003099537668134388,0
159,93,111,-0.0003148008971677823,0
159,93,112,-0.0001382190723996455,0
159,93,113,0.0002020099092431434,0
159,93,114,5.717831915183468e-05,0
159,93,115,0.0001571057096181204,0
159,93,116,0.006829724038426836,0
159,93,117,0.0461112509520721,0
159,93,118,-0.07323575637886473,0
159,93,119,0.03380036458427872,0
159,93,120,-0.3207377977232534,0
159,93,121,-0.01097014099820209,0
159,93,122,-0.01766650807686999,0
159,93,123,-0.1566283164466723,0
159,93,124,-0.006828841133850542,0
159,93,125,-0.006127055840923791,0
159,93,126,-0.002982818096934085,0
159,93,127,-0.002757883824216033,0
159,93,128,-0.001435135937709138,0
159,93,129,-0.001222219360399437,0
159,93,130,-0.0006846354792802333,0
159,93,131,-0.0005554724053573069,0
159,93,132,-0.0002736876879221152,0
159,93,133,-0.0002278622097159251,0
159,93,134,-2.774346661818043e-05,0
159,93,135,0.002014053030250156,0
159,93,136,0.006545309337184153,0
159,93,137,0.01686485109742349,0
159,93,138,0.0005621760077218863,0
159,93,139,-0.0001346726539358312,0
159,93,140,-5.318785345584964e-05,0
159,93,141,-2.203425055952085e-05,0
159,93,142,-9.803734617113718e-06,0
159,93,143,-3.805442561572225e-06,0
159,93,144,-0.003665201278607636,0
159,93,145,-0.01179851968206776,0
159,93,146,-0.03864578455443448,0
159,93,147,-0.00297194459874279,0
159,93,148,-0.0002868342446219096,0
159,93,149,-8.233458580083167e-05,0
159,93,150,-3.408072037974656e-05,0
159,93,151,-1.476207828322409e-05,0
159,93,152,-5.72209442311299e-06,0
159,93,153,0.003298114998867456,0
159,93,154,0.01111748991719344,0
159,93,155,0.04385337469798306,0
159,93,156,0.003188886121748208,0
159,93,157,0.0001356978153876136,0
159,93,158,-3.347166325944184e-05,0
159,93,159,-2.630067449088907e-05,0
159,93,160,-1.360803565877024e-05,0
159,93,161,-5.518291162796208e-06,0
159,93,162,-0.001528381503236296,0
159,93,163,-0.005699044959583894,0
159,93,164,-0.02673294436938719,0
159,93,165,-0.001741198954316062,0
159,93,166,-0.0001879739135332488,0
159,93,167,-3.438398815857858e-05,0
159,93,168,-1.526073905066694e-05,0
159,93,169,-7.682446046963871e-06,0
159,93,170,-3.213284467365045e-06,0
160,90,0,0.6036586790326002,0
160,90,1,0.4618482916675609,0
160,90,2,0.7008517598226518,0
160,90,3,0.5351011566877243,0
160,90,4,0.4110448635404545,0
160,90,5,0.09238449607190723,0
160,90,6,-0.1046506369949409,0
160,90,7,-0.04393568455693111,0
160,90,8,-0.4903834155998849,0
160,90,9,-0.009337418297397593,0
160,90,10,-0.02721530899246557,0
160,90,11,0.01921931899185982,0
160,90,12,0.009783260848023717,0
160,90,13,-0.000560265411130611,0
160,90,14,-0.005332783458763458,0
160,90,15,0.00996956440735818,0
160,90,16,0.004351398507463628,0
160,90,17,-0.007149449373121321,0
160,90,18,0.006645652180764353,0
160,90,19,0.00374864178061922,0
160,90,20,-0.005166383411820414,0
160,90,21,0.003676942322961601,0
160,90,22,0.002281622581673599,0
160,90,23,-0.003210509253290465,0
160,90,24,0.001595477509509518,0
160,90,25,0.001043380245882832,0
160,90,26,-0.001936304868291339,0
160,90,27,1.917053512193926e-05,0
160,90,28,-0.001377013334402737,0
160,90,29,0.3679140101646578,0
160,90,30,0.761870543617294,0
160,90,31,1,0
160,90,32,0.3019797611625623,0
160,90,33,0.273860639083982,0
160,90,34,0.01500361928938769,0
160,90,35,-0.009381201450259299,0
160,90,36,-0.3580975812095236,0
160,90,37,-0.7620309348744291,0
160,90,38,0.005577260200127969,0
160,90,39,0.005714224883753959,0
160,90,40,-7.072769992563851e-05,0
160,90,41,0.01032518726349321,0
160,90,42,-0.001489664313076464,0
160,90,43,-0.01337487005883264,0
160,90,44,0.007872588930803427,0
160,90,45,-0.001396281413437081,0
160,90,46,-0.01292918847878896,0
160,90,47,0.004694680043261126,0
160,90,48,-0.001048836848126834,0
160,90,49,-0.008835605799544847,0
160,90,50,0.002471272157210373,0
160,90,51,-0.0007927847905421884,0
160,90,52,-0.005279830962753039,0
160,90,53,0.001037447179545852,0
160,90,54,-0.0007298476703108498,0
160,90,55,-0.003135598750513407,0
160,90,56,-0.0009894031392657793,0
160,90,57,-0.002194898630235425,0
160,90,58,0.005970291814721749,0
160,90,59,0.6866659509884963,0
160,90,60,0.8568183557423561,0
160,90,61,0.01158717503041339,0
160,90,62,-0.04295541665330275,0
160,90,63,-0.1645822353152066,0
160,90,64,0.01323527014422897,0
160,90,65,-0.5848378299259225,0
160,90,66,-0.8669853685195893,0
160,90,67,0.01781004273533393,0
160,90,68,0.007910301864497725,0
160,90,69,-0.005839383040400731,0
160,90,70,0.009159708014575996,0
160,90,71,-0.003764277604064992,0
160,90,72,-0.01833403691173205,0
160,90,73,0.004014584901867266,0
160,90,74,-0.00648972490221412,0
160,90,75,-0.01493659717753032,0
160,90,76,0.001656419656532098,0
160,90,77,-0.005167573266012139,0
160,90,78,-0.009551815550319719,0
160,90,79,0.0006830403113185959,0
160,90,80,-0.003309200766291176,0
160,90,81,-0.005477852055029518,0
160,90,82,0.0002522575400028782,0
160,90,83,-0.002076257980318572,0
160,90,84,-0.003193288514587287,0
160,90,85,-0.001571921851278889,0
160,90,86,-0.00222281666606888,0
160,90,87,-0.4054779616697358,0
160,90,88,0.3463504122678606,0
160,90,89,0.4874854773915586,0
160,90,90,-0.2930261343301824,0
160,90,91,-0.3769018621314667,0
160,90,92,-0.2085216359258538,0
160,90,93,0.08372379187431901,0
160,90,94,-0.6147311504904892,0
160,90,95,-0.6181703793380641,0
160,90,96,0.02603537079593065,0
160,90,97,0.02687703229549888,0
160,90,98,-0.002160799264917299,0
160,90,99,0.004450850671553092,0
160,90,100,-0.004389484261008977,0
160,90,101,-0.01355247947455378,0
160,90,102,-0.001318873011201413,0
160,90,103,-0.009402592667931706,0
160,90,104,-0.01045998844639649,0
160,90,105,-0.001870678432235507,0
160,90,106,-0.007339094804953357,0
160,90,107,-0.006354250809433743,0
160,90,108,-0.001274329519364549,0
160,90,109,-0.00453077024069555,0
160,90,110,-0.003536369160151133,0
160,90,111,-0.0005953841593864821,0
160,90,112,-0.002611468546315977,0
160,90,113,-0.00202945539559068,0
160,90,114,-0.001564603966542018,0
160,90,115,-0.001410651387311856,0
160,90,116,-0.7727080469401831,0
160,90,117,-0.09017412070926127,0
160,90,118,-0.5231168440598903,0
160,90,119,-0.51635464291633,0
160,90,120,0.1737250983023029,0
160,90,121,-0.3364832871235151,0
160,90,122,0.03151966454088193,0
160,90,123,0.05595348623706157,0
160,90,124,-0.00104124081842422,0
160,90,125,0.001477357001792379,0
160,90,126,-0.005822896600568644,0
160,90,127,-0.007332604738178253,0
160,90,128,-0.00455080881620908,0
160,90,129,-0.006212891852224606,0
160,90,130,-0.00269186255692763,0
160,90,131,-0.003864993786959116,0
160,90,132,-0.001206057394604428,0
160,90,133,-0.002100798520902492,0
160,90,134,-0.0009401549069600877,0
160,90,135,-0.05555318356822711,0
160,90,136,-0.05342395521130325,0
160,90,137,0.00262365499872425,0
160,90,138,0.001385366816092398,0
160,90,139,0.0007614863920722862,0
160,90,140,0.0004039667756497474,0
160,90,141,0.0002049937990661365,0
160,90,142,9.768590152376936e-05,0
160,90,143,3.917402758790453e-05,0
160,90,144,-0.08916293075885814,0
160,90,145,-0.07984272689659312,0
160,90,146,0.002807394775636329,0
160,90,147,0.002300494708438256,0
160,90,148,0.001304190080062695,0
160,90,149,0.0006726104707038003,0
160,90,150,0.000332816783535936,0
160,90,151,0.0001567127926682149,0
160,90,152,6.229891835549891e-05,0
160,90,153,-0.09150310170341741,0
160,90,154,-0.07705255510428055,0
160,90,155,0.006638545040657111,0
160,90,156,0.002995884148245841,0
160,90,157,0.001455880449740166,0
160,90,158,0.0007097554907085753,0
160,90,159,0.0003408900881081948,0
160,90,160,0.000158875028251769,0
160,90,161,6.28487110030654e-05,0
160,90,162,-0.06074600120335147,0
160,90,163,-0.04742080206559419,0
160,90,164,0.006745309708656064,0
160,90,165,0.002335478042700379,0
160,90,166,0.0009976215713647907,0
160,90,167,0.0004638867305841881,0
160,90,168,0.0002176429277117133,0
160,90,169,0.0001004488771950036,0
160,90,170,3.971991952488376e-05,0
161,89,0,0.0181499611651552,0
161,89,1,-0.3663520391167399,0
161,89,2,-0.9216454501823423,0
161,89,3,0.04518435992543566,0
161,89,4,-0.2160431422247702,0
161,89,5,-0.6257017151434668,0
161,89,6,0.0005306875420687568,0
161,89,7,-0.09037234183764842,0
161,89,8,-0.2924073968158137,0
161,89,9,0.01134952374704107,0
161,89,10,-0.00784395083616689,0
161,89,11,-0.038330162661605,0
161,89,12,-0.005835871566213412,0
161,89,13,-0.003170050120935955,0
161,89,14,-0.01165482462892099,0
161,89,15,-0.00974285845063658,0
161,89,16,-0.004964356651795763,0
161,89,17,0.001923041340654776,0
161,89,18,-0.007349001738490194,0
161,89,19,-0.004208081667311205,0
161,89,20,0.004480826787352774,0
161,89,21,-0.004227650581102649,0
161,89,22,-0.002587109664065477,0
161,89,23,0.003558803428205687,0
161,89,24,-0.001857347149402389,0
161,89,25,-0.001178829318469178,0
161,89,26,0.002312736199913391,0
161,89,27,5.537375438482455e-06,0
161,89,28,0.001681134451224991,0
161,89,29,0.1196945456975885,0
161,89,30,-0.5986560574939579,0
161,89,31,-0.6087553052303688,0
161,89,32,0.1755151770081551,0
161,89,33,-0.3128523375793394,0
161,89,34,-0.3405140703503047,0
161,89,35,0.03859873184730053,0
161,89,36,-0.1355573969988712,0
161,89,37,-0.1677421080464201,0
161,89,38,-0.01717302125396762,0
161,89,39,-0.01814482514083126,0
161,89,40,0.01410851549372043,0
161,89,41,-0.01745309750922208,0
161,89,42,-0.01382846987050393,0
161,89,43,0.01579483630729077,0
161,89,44,-0.01114794156983831,0
161,89,45,-0.004008112522547012,0
161,89,46,0.01491917893368974,0
161,89,47,-0.005975443611130657,0
161,89,48,-7.325450747570329e-05,0
161,89,49,0.01097447286971694,0
161,89,50,-0.002960021964745324,0
161,89,51,0.0008290344990854115,0
161,89,52,0.006694601919812576,0
161,89,53,-0.001203863572751455,0
161,89,54,0.0009499553523953375,0
161,89,55,0.003957750850980062,0
161,89,56,0.00124783917836329,0
161,89,57,0.002740566665975354,0
161,89,58,0.1905217828070452,0
161,89,59,0.0262567803633824,0
161,89,60,0.5461893249950638,0
161,89,61,0.2255458580584541,0
161,89,62,0.1847380350463329,0
161,89,63,0.5133875947021813,0
161,89,64,0.1066869613447536,0
161,89,65,0.1363919883117461,0
161,89,66,0.2768108499618452,0
161,89,67,-0.02735884685410914,0
161,89,68,0.04492130425915974,0
161,89,69,0.08313653429730596,0
161,89,70,-0.01923128003237435,0
161,89,71,0.008754931012397677,0
161,89,72,0.0564975599962475,0
161,89,73,-0.007101125579582136,0
161,89,74,0.008069850151895099,0
161,89,75,0.0305715576519099,0
161,89,76,-0.002162587006837973,0
161,89,77,0.006974347465927692,0
161,89,78,0.01581206316343412,0
161,89,79,-0.0006369472798632866,0
161,89,80,0.004575944140465837,0
161,89,81,0.007962272996963842,0
161,89,82,-0.0001781904879828127,0
161,89,83,0.002818528195294617,0
161,89,84,0.004286701916962162,0
161,89,85,0.002028919321831983,0
161,89,86,0.002848034344216901,0
161,89,87,0.05535367144280477,0
161,89,88,0.6468220489654466,0
161,89,89,1,0
161,89,90,0.01676380140664855,0
161,89,91,0.534216950391303,0
161,89,92,0.7462480767836662,0
161,89,93,-0.01554897609194681,0
161,89,94,0.2600302030926097,0
161,89,95,0.3304544467514653,0
161,89,96,-0.007190032075829872,0
161,89,97,0.0694395175161597,0
161,89,98,0.09479702551291748,0
161,89,99,0.002914642197516719,0
161,89,100,0.04463713546971709,0
161,89,101,0.05749627173516177,0
161,89,102,0.005628441644092388,0
161,89,103,0.02582228632586353,0
161,89,104,0.02812096221244281,0
161,89,105,0.004219069244287118,0
161,89,106,0.01420817215896019,0
161,89,107,0.01266134017687878,0
161,89,108,0.002407662224685162,0
161,89,109,0.007391505979288496,0
161,89,110,0.005701626399728026,0
161,89,111,0.001041504235404851,0
161,89,112,0.003842004873751702,0
161,89,113,0.002872146843898497,0
161,89,114,0.002104886151124777,0
161,89,115,0.001851834886408407,0
161,89,116,-0.3653218887320562,0
161,89,117,0.2864881293568887,0
161,89,118,-0.4358404410521408,0
161,89,119,0.04585880821134128,0
161,89,120,-0.1262074947771282,0
161,89,121,-0.02431596588095852,0
161,89,122,0.03480244288230323,0
161,89,123,0.03410698906431176,0
161,89,124,0.03507026994002874,0
161,89,125,0.05194061433083327,0
161,89,126,0.02000091560166829,0
161,89,127,0.03044578553530932,0
161,89,128,0.01015359588823062,0
161,89,129,0.0151576805602501,0
161,89,130,0.004916316821167967,0
161,89,131,0.007243242595346516,0
161,89,132,0.001993314882884242,0
161,89,133,0.003397712047116718,0
161,89,134,0.001361030448990695,0
161,89,135,0.01516903555046575,0
161,89,136,0.01803486106864624,0
161,89,137,0.0120953757840003,0
161,89,138,0.001486346157350109,0
161,89,139,-0.0002969666571976313,0
161,89,140,-0.0003915270670803473,0
161,89,141,-0.0002504723506576668,0
161,89,142,-0.0001289853805737687,0
161,89,143,-5.32241390768076e-05,0
161,89,144,0.01060455268601856,0
161,89,145,0.006985013472345709,0
161,89,146,0.004538265285430395,0
161,89,147,-0.001187314165659666,0
161,89,148,-0.001362750743150038,0
161,89,149,-0.0008360998072922011,0
161,89,150,-0.0004431624061931684,0
161,89,151,-0.0002142305000675322,0
161,89,152,-8.600089180696615e-05,0
161,89,153,-0.01305466587803894,0
161,89,154,-0.02510759659853057,0
161,89,155,-0.01946236234639915,0
161,89,156,-0.006384100802204222,0
161,89,157,-0.002538161128162365,0
161,89,158,-0.001107384532091907,0
161,89,159,-0.0004998419646547057,0
161,89,160,-0.0002264934527737608,0
161,89,161,-8.850129322893866e-05,0
161,89,162,-0.02819394817398512,0
161,89,163,-0.03854028188150381,0
161,89,164,-0.02372531107286688,0
161,89,165,-0.00659654735352411,0
161,89,166,-0.002208878900297069,0
161,89,167,-0.0008429183331296633,0
161,89,168,-0.0003449589385847692,0
161,89,169,-0.0001490061612738716,0
161,89,170,-5.719634863195246e-05,0
162,88,0,0.5273039305955094,0
162,88,1,0.2128586240558574,0
162,88,2,0.157273354276466,0
162,88,3,-0.1577587062802894,0
162,88,4,-0.1930973810431962,0
162,88,5,-0.8112934954165893,0
162,88,6,-0.1146863552138428,0
162,88,7,-0.2106801823528047,0
162,88,8,-0.3053834150272617,0
162,88,9,0.01649234441441848,0
162,88,10,-0.03911871011295212,0
162,88,11,-0.04163345623929287,0
162,88,12,0.02085404136102103,0
162,88,13,0.001819180733149894,0
162,88,14,-0.03365879379601344,0
162,88,15,0.01211410250491345,0
162,88,16,0.005144323776367974,0
162,88,17,-0.01677895530365505,0
162,88,18,0.006131164308382053,0
162,88,19,0.00332884856289876,0
162,88,20,-0.007663053084062505,0
162,88,21,0.002942402251632542,0
162,88,22,0.001758813361557175,0
162,88,23,-0.003464645031063966,0
162,88,24,0.001189267902656723,0
162,88,25,0.0007384154636814669,0
162,88,26,-0.001728938128092808,0
162,88,27,-1.401784030392342e-05,0
162,88,28,-0.001104379672579637,0
162,88,29,0.01743835558548625,0
162,88,30,0.1425209823862863,0
162,88,31,0.2896597187176381,0
162,88,32,-0.3782027432563375,0
162,88,33,-0.8157952515039043,0
162,88,34,-1,0
162,88,35,0.01813655855344125,0
162,88,36,-0.2339701168006412,0
162,88,37,0.0600353631873815,0
162,88,38,-5.151599412252522e-05,0
162,88,39,-0.03972287706884966,0
162,88,40,-0.0514148395680282,0
162,88,41,0.004237363097760734,0
162,88,42,-0.0263143220110398,0
162,88,43,-0.03509523654730673,0
162,88,44,0.003894916509167615,0
162,88,45,-0.01132787813233995,0
162,88,46,-0.02005232746883982,0
162,88,47,0.002586233678669453,0
162,88,48,-0.004473150689678465,0
162,88,49,-0.0100703372954815,0
162,88,50,0.001436176114574492,0
162,88,51,-0.001784805897165834,0
162,88,52,-0.00493906931908545,0
162,88,53,0.0006170719890107952,0
162,88,54,-0.0009276107452396266,0
162,88,55,-0.002609099039194152,0
162,88,56,-0.0008401155640940122,0
162,88,57,-0.001706297956701916,0
162,88,58,-0.3001408450618411,0
162,88,59,0.1558333282548995,0
162,88,60,0.3918682143020764,0
162,88,61,-0.247478822009094,0
162,88,62,-0.77927272072457,0
162,88,63,-0.6104728007275149,0
162,88,64,0.07252068993259689,0
162,88,65,0.1748161479716419,0
162,88,66,0.6043448299339543,0
162,88,67,-0.01549662503501715,0
162,88,68,-0.0208731315244342,0
162,88,69,-0.02039638404565264,0
162,88,70,-0.01204366341597662,0
162,88,71,-0.03000851549749762,0
162,88,72,-0.01339083933931139,0
162,88,73,-0.004663295025041761,0
162,88,74,-0.0177000031331934,0
162,88,75,-0.01130421858987593,0
162,88,76,-0.001489015847253675,0
162,88,77,-0.008605850901471727,0
162,88,78,-0.007338402621206185,0
162,88,79,-0.0004476439134752384,0
162,88,80,-0.004064861858941651,0
162,88,81,-0.00422170741504945,0
162,88,82,-0.0001177372477673993,0
162,88,83,-0.002064132467541383,0
162,88,84,-0.002428813778344784,0
162,88,85,-0.001293655021477281,0
162,88,86,-0.001661115583254063,0
162,88,87,-0.258100629892082,0
162,88,88,0.1885911776043123,0
162,88,89,0.2604431814694765,0
162,88,90,0.1576726485333594,0
162,88,91,-0.2996664731473659,0
162,88,92,-0.1781317903074147,0
162,88,93,0.0116797359591597,0
162,88,94,0.5280491339523091,0
162,88,95,0.644781964817114,0
162,88,96,-0.02086974467831992,0
162,88,97,-0.008847861147139638,0
162,88,98,0.004403055072336055,0
162,88,99,-0.01608749522989091,0
162,88,100,-0.01630157599484996,0
162,88,101,0.002872744431428361,0
162,88,102,-0.008605733201399507,0
162,88,103,-0.01337557550553649,0
162,88,104,-0.002370605378809212,0
162,88,105,-0.004227682391246429,0
162,88,106,-0.00820127667623319,0
162,88,107,-0.003120812211889162,0
162,88,108,-0.001986067756360912,0
162,88,109,-0.004495115158822445,0
162,88,110,-0.00226486857866359,0
162,88,111,-0.0007830050417868342,0
162,88,112,-0.002361019135746848,0
162,88,113,-0.001429728667533352,0
162,88,114,-0.001261120894625805,0
162,88,115,-0.001022230033426216,0
162,88,116,0.04419553342860934,0
162,88,117,0.1326853994958076,0
162,88,118,0.6088917336356713,0
162,88,119,0.1743089747929479,0
162,88,120,-0.06861136297854335,0
162,88,121,0.4331387196671482,0
162,88,122,-0.0152349316129199,0
162,88,123,-0.016547958434642,0
162,88,124,-0.01141351784298198,0
162,88,125,-0.006016663420335767,0
162,88,126,-0.008626863890123434,0
162,88,127,-0.007369320611910044,0
162,88,128,-0.005354261239681769,0
162,88,129,-0.005824473429987286,0
162,88,130,-0.002852679079301422,0
162,88,131,-0.003588191397687083,0
162,88,132,-0.001204442183403229,0
162,88,133,-0.001887849353599135,0
162,88,134,-0.0007837261854206389,0
162,88,135,-0.04423444572598806,0
162,88,136,0.008486389614563007,0
162,88,137,0.01492589400784265,0
162,88,138,0.004074065221857737,0
162,88,139,0.001342826762336689,0
162,88,140,0.0005094171861406539,0
162,88,141,0.0002085758382044733,0
162,88,142,8.985233328838096e-05,0
162,88,143,3.444720990120655e-05,0
162,88,144,-0.04493165929019584,0
162,88,145,0.03617333540396671,0
162,88,146,0.01127624149959993,0
162,88,147,0.003935606815350825,0
162,88,148,0.001570329394805155,0
162,88,149,0.0006816429797922739,0
162,88,150,0.0003048576779322153,0
162,88,151,0.0001372338906677573,0
162,88,152,5.346778709142395e-05,0
162,88,153,-0.02019755428921979,0
162,88,154,0.05303505603100252,0
162,88,155,-0.00196078109693664,0
162,88,156,0.0008430676069954602,0
162,88,157,0.0008524589276780485,0
162,88,158,0.0005156964340736104,0
162,88,159,0.0002706021864802537,0
162,88,160,0.0001306086000080983,0
162,88,161,5.234721940269713e-05,0
162,88,162,0.00189327387628313,0
162,88,163,0.04180773355855794,0
162,88,164,-0.007270695186548747,0
162,88,165,-0.0009227084640227352,0
162,88,166,0.0001755347644492682,0
162,88,167,0.0002361575571592842,0
162,88,168,0.0001516669316817214,0
162,88,169,7.848366117041039e-05,0
162,88,170,3.237582084490046e-05,0
163,87,0,0.4914907609306324,0
163,87,1,0.1520453502388059,0
163,87,2,0.03532989867119626,0
163,87,3,0.8707187835913198,0
163,87,4,0.4202517804850661,0
163,87,5,-0.06699407436623864,0
163,87,6,-0.1062471324338606,0
163,87,7,-0.1110970018390169,0
163,87,8,-1,0
163,87,9,-0.003173293643399188,0
163,87,10,-0.02428120422419808,0
163,87,11,0.02218795677015749,0
163,87,12,-0.008195641907736905,0
163,87,13,-0.005296505438953909,0
163,87,14,-0.002274049943137368,0
163,87,15,-0.01023957653200813,0
163,87,16,-0.00524027814455954,0
163,87,17,0.003842719880233924,0
163,87,18,-0.007442185016320618,0
163,87,19,-0.004219912775802143,0
163,87,20,0.005009670551484492,0
163,87,21,-0.004241667804937251,0
163,87,22,-0.002573807351812618,0
163,87,23,0.003699715992740326,0
163,87,24,-0.00185751756366982,0
163,87,25,-0.001168831689849197,0
163,87,26,0.002354491912394931,0
163,87,27,1.102829526945895e-05,0
163,87,28,0.00169655272489769,0
163,87,29,-0.2761871567048035,0
163,87,30,-0.1546163826403048,0
163,87,31,-0.1043986642623167,0
163,87,32,-0.001702414088358666,0
163,87,33,-0.03683461775657542,0
163,87,34,0.2705133032322967,0
163,87,35,0.1643844048497718,0
163,87,36,-0.547729873013868,0
163,87,37,-0.6075339182830634,0
163,87,38,-0.004037715797280873,0
163,87,39,0.04685983705360425,0
163,87,40,0.02588918388407853,0
163,87,41,-0.01560241847786594,0
163,87,42,-0.003845018313977846,0
163,87,43,0.02280320646881612,0
163,87,44,-0.01059628297207228,0
163,87,45,-0.001831499016739069,0
163,87,46,0.01711631872533107,0
163,87,47,-0.005803337517995669,0
163,87,48,0.0005429577663366814,0
163,87,49,0.01154370585978521,0
163,87,50,-0.002900567775961311,0
163,87,51,0.001010771120017358,0
163,87,52,0.006859225881811836,0
163,87,53,-0.001184180159009644,0
163,87,54,0.001009039676108147,0
163,87,55,0.004010986590348033,0
163,87,56,0.001267322389523758,0
163,87,57,0.002761669449502354,0
163,87,58,-0.6519292150974217,0
163,87,59,-0.3554674934647782,0
163,87,60,-0.2646822356445589,0
163,87,61,-0.4786383657615791,0
163,87,62,0.02023447135490576,0
163,87,63,0.8003800618018849,0
163,87,64,0.1767030024064438,0
163,87,65,-0.2131469265521639,0
163,87,66,0.2969730859020709,0
163,87,67,-0.005092299262628197,0
163,87,68,0.07403292959243993,0
163,87,69,0.06119228902843511,0
163,87,70,-0.01353562696735482,0
163,87,71,0.01949880373171259,0
163,87,72,0.0533653241502394,0
163,87,73,-0.005576599624423898,0
163,87,74,0.01121529938155936,0
163,87,75,0.03057610468786317,0
163,87,76,-0.001719146440104205,0
163,87,77,0.007849381512931859,0
163,87,78,0.01591887523515013,0
163,87,79,-0.0004938988419509592,0
163,87,80,0.004848797273006675,0
163,87,81,0.008035962074953456,0
163,87,82,-0.0001338872605142641,0
163,87,83,0.002909728415970301,0
163,87,84,0.004320994386671731,0
163,87,85,0.002056783504735589,0
163,87,86,0.002864565062127547,0
163,87,87,-0.2557173393521702,0
163,87,88,-0.2789604163346524,0
163,87,89,-0.3367607338344157,0
163,87,90,-0.3944538881283632,0
163,87,91,0.3950362398884089,0
163,87,92,0.8069294809716673,0
163,87,93,-0.002733174477541535,0
163,87,94,0.2186933132098219,0
163,87,95,0.6074995595136015,0
163,87,96,0.003258021864644567,0
163,87,97,0.05717597573620629,0
163,87,98,0.05813762002037946,0
163,87,99,0.007257812514097334,0
163,87,100,0.04546683141667171,0
163,87,101,0.04895065968332893,0
163,87,102,0.007030890895110205,0
163,87,103,0.02706378904430803,0
163,87,104,0.02636195138205297,0
163,87,105,0.004707347557014773,0
163,87,106,0.01475872036479996,0
163,87,107,0.01239241596276456,0
163,87,108,0.002586236398765684,0
163,87,109,0.007627103454771758,0
163,87,110,0.005690423235480469,0
163,87,111,0.001100559666390942,0
163,87,112,0.003933933705997048,0
163,87,113,0.002883460109934153,0
163,87,114,0.002132803875530997,0
163,87,115,0.00186030403662109,0
163,87,116,0.6301564032676158,0
163,87,117,0.09842678173239576,0
163,87,118,-0.0008120178416290343,0
163,87,119,0.5096378802459942,0
163,87,120,-0.175103308578248,0
163,87,121,0.1764652351625689,0
163,87,122,0.0246747309955514,0
163,87,123,-1.183026554407221e-05,0
163,87,124,0.03413207038799711,0
163,87,125,0.04500100965391349,0
163,87,126,0.02045779647459642,0
163,87,127,0.0296308672361453,0
163,87,128,0.01052024513927667,0
163,87,129,0.01532178756222384,0
163,87,130,0.00509179663300601,0
163,87,131,0.007411390779622096,0
163,87,132,0.00205789772064767,0
163,87,133,0.0034776980989982,0
163,87,134,0.001384614243087135,0
163,87,135,-0.03751534849825598,0
163,87,136,-0.06154159149379481,0
163,87,137,0.01448894967907008,0
163,87,138,0.001694725875626928,0
163,87,139,-0.0003274239334517774,0
163,87,140,-0.0004177842719733113,0
163,87,141,-0.0002636740057928506,0
163,87,142,-0.0001353688600073364,0
163,87,143,-5.580130572107929e-05,0
163,87,144,-0.01084923946650731,0
163,87,145,-0.05210856206529111,0
163,87,146,0.000242328515280764,0
163,87,147,-0.001842560126223816,0
163,87,148,-0.00150388118916238,0
163,87,149,-0.0008858471087803424,0
163,87,150,-0.0004658406228999467,0
163,87,151,-0.0002247677744796233,0
163,87,152,-9.01766772027017e-05,0
163,87,153,0.0430508565886338,0
163,87,154,-0.01407511997420371,0
163,87,155,-0.01974285177526652,0
163,87,156,-0.006673752768327526,0
163,87,157,-0.002655625451155229,0
163,87,158,-0.001158723547125296,0
163,87,159,-0.000523901834959014,0
163,87,160,-0.0002375064097990491,0
163,87,161,-9.281116947618873e-05,0
163,87,162,0.06036672088995828,0
163,87,163,0.009579078469250133,0
163,87,164,-0.0206528159103953,0
163,87,165,-0.006286333170983744,0
163,87,166,-0.002222996127940563,0
163,87,167,-0.0008699811479707657,0
163,87,168,-0.000360323796753633,0
163,87,169,-0.0001561769921677249,0
163,87,170,-6.000588875434952e-05,0
164,86,0,0.6718626796949313,0
164,86,1,0.2050752496510702,0
164,86,2,-0.1570796508867097,0
164,86,3,0.6251561039110664,0
164,86,4,0.619966058159968,0
164,86,5,0.2759282606365877,0
164,86,6,0.3487844385977033,0
164,86,7,0.6809325722455573,0
164,86,8,0.8623580273594305,0
164,86,9,-0.1199495654615344,0
164,86,10,0.1150382008103217,0
164,86,11,0.208439012865223,0
164,86,12,-0.1501029254469186,0
164,86,13,-0.04271907577991342,0
164,86,14,0.1576033216794499,0
164,86,15,-0.1012843191665914,0
164,86,16,-0.05111649619651983,0
164,86,17,0.0962005609350547,0
164,86,18,-0.05711171343171385,0
164,86,19,-0.03357139217882691,0
164,86,20,0.05381131988655311,0
164,86,21,-0.02901004201300473,0
164,86,22,-0.01823667743833479,0
164,86,23,0.02855154872096393,0
164,86,24,-0.01203765407757352,0
164,86,25,-0.007841458368253196,0
164,86,26,0.01570039766857803,0
164,86,27,-6.979667207644806e-05,0
164,86,28,0.01056950081242466,0
164,86,29,0.8605417491698155,0
164,86,30,0.2397966358136094,0
164,86,31,0.02685720742417646,0
164,86,32,0.7694393584383632,0
164,86,33,0.7949299562564657,0
164,86,34,0.2354464604512144,0
164,86,35,0.1413486796865004,0
164,86,36,1,0
164,86,37,0.8481703257189187,0
164,86,38,-0.06963037244626089,0
164,86,39,0.2273856638893367,0
164,86,40,0.3479221456109914,0
164,86,41,-0.0894742777966656,0
164,86,42,0.09510534022728959,0
164,86,43,0.2452621764363481,0
164,86,44,-0.06023448092134534,0
164,86,45,0.04244153311118171,0
164,86,46,0.1530327751411955,0
164,86,47,-0.03392356675621609,0
164,86,48,0.02052526330181072,0
164,86,49,0.08575932270420555,0
164,86,50,-0.01723995222342171,0
164,86,51,0.01054325684308171,0
164,86,52,0.04547486645955994,0
164,86,53,-0.007085675802802926,0
164,86,54,0.007097861776747824,0
164,86,55,0.02505639551387248,0
164,86,56,0.007819423058530011,0
164,86,57,0.0167344994489955,0
164,86,58,0.04814688716124774,0
164,86,59,-0.05910746271104812,0
164,86,60,-0.1004318815837445,0
164,86,61,-0.04662306607559619,0
164,86,62,0.08998654640833705,0
164,86,63,-0.02335914007396152,0
164,86,64,0.02612959887366084,0
164,86,65,0.6717611319282166,0
164,86,66,0.8246716203519163,0
164,86,67,0.003840125911927257,0
164,86,68,0.2760048761310843,0
164,86,69,0.3162388616180782,0
164,86,70,-0.001575748016285328,0
164,86,71,0.1872406114943856,0
164,86,72,0.2366116059618446,0
164,86,73,-0.001331568068410132,0
164,86,74,0.1147513531016071,0
164,86,75,0.1515708407960686,0
164,86,76,-0.0007098245649400181,0
164,86,77,0.06390813354551257,0
164,86,78,0.08569995034289425,0
164,86,79,-0.0003789017922014131,0
164,86,80,0.03376570357354256,0
164,86,81,0.04552122559638343,0
164,86,82,-0.0001971173192553427,0
164,86,83,0.01856745627588576,0
164,86,84,0.02510672577086144,0
164,86,85,0.01245987981901375,0
164,86,86,0.01681992052189548,0
164,86,87,-0.9081676986931598,0
164,86,88,-0.5769844007172373,0
164,86,89,-0.4337729262247181,0
164,86,90,-0.7739490142095511,0
164,86,91,-0.6555099233746366,0
164,86,92,-0.09926668403793268,0
164,86,93,-0.1437648160391786,0
164,86,94,0.3023427356997161,0
164,86,95,0.7555906552404739,0
164,86,96,0.07067264643377956,0
164,86,97,0.195143923237944,0
164,86,98,0.1664345039568868,0
164,86,99,0.08592966098480123,0
164,86,100,0.2070471861566155,0
164,86,101,0.1428849543406073,0
164,86,102,0.05850522887030942,0
164,86,103,0.1440307456483365,0
164,86,104,0.09475291177483042,0
164,86,105,0.03315255094374289,0
164,86,106,0.08378855620514021,0
164,86,107,0.05394031693481086,0
164,86,108,0.01685273421053622,0
164,86,109,0.04464414295432791,0
164,86,110,0.02866020735479727,0
164,86,111,0.006914031014362029,0
164,86,112,0.02325002577899656,0
164,86,113,0.01581220170146642,0
164,86,114,0.01256059539486507,0
164,86,115,0.01064309692943908,0
164,86,116,-0.7696077724683684,0
164,86,117,-0.4852102311523981,0
164,86,118,-0.5790868546839972,0
164,86,119,-0.5763354413475859,0
164,86,120,-0.349957796123438,0
164,86,121,-0.04905701178016283,0
164,86,122,0.1146637477884202,0
164,86,123,0.03506805476770785,0
164,86,124,0.1498465442629918,0
164,86,125,0.1572294620900721,0
164,86,126,0.1011999460223761,0
164,86,127,0.1235879889064474,0
164,86,128,0.05693762247635788,0
164,86,129,0.07412790327047469,0
164,86,130,0.0289030420585469,0
164,86,131,0.03963929981203532,0
164,86,132,0.01193915979157145,0
164,86,133,0.0195904529290284,0
164,86,134,0.007972026273804471,0
164,86,135,0.008036216340247867,0
164,86,136,0.001058037527202357,0
164,86,137,-0.03877262055828328,0
164,86,138,-0.01712495038267415,0
164,86,139,-0.008357376414920669,0
164,86,140,-0.004108082078528007,0
164,86,141,-0.0019799956613285,0
164,86,142,-0.0009230986418222847,0
164,86,143,-0.0003665189143421976,0
164,86,144,-0.02727133474118328,0
164,86,145,-0.03117794907141456,0
164,86,146,-0.05372814718659085,0
164,86,147,-0.02633393062196825,0
164,86,148,-0.0132346516906496,0
164,86,149,-0.006530181395810956,0
164,86,150,-0.003148252351616896,0
164,86,151,-0.001466101101264258,0
164,86,152,-0.000579618111820418,0
164,86,153,-0.03212943103125063,0
164,86,154,-0.02339988541968241,0
164,86,155,-0.05197430284154618,0
164,86,156,-0.02583002923225791,0
164,86,157,-0.01315043131788485,0
164,86,158,-0.006525726469140182,0
164,86,159,-0.003151890043763173,0
164,86,160,-0.001471543828230032,0
164,86,161,-0.0005820458719878962,0
164,86,162,0.00490191831929995,0
164,86,163,0.01067254732450277,0
164,86,164,-0.0337291036491687,0
164,86,165,-0.01618692885771454,0
164,86,166,-0.008243763249386769,0
164,86,167,-0.004101806831969761,0
164,86,168,-0.001983713824102317,0
164,86,169,-0.0009276938913275589,0
164,86,170,-0.0003683035270355054,0
165,85,0,-0.988511016152637,0
165,85,1,-0.6346874529752253,0
165,85,2,-0.7932841130745317,0
165,85,3,-0.6117698534438559,0
165,85,4,-0.5412311668077765,0
165,85,5,0.07780282771232895,0
165,85,6,-0.05606252186541224,0
165,85,7,-0.219004772697099,0
165,85,8,0.06048717171472798,0
165,85,9,0.05839155335046719,0
165,85,10,-0.03367365660837875,0
165,85,11,-0.1328986847587249,0
165,85,12,0.06161217008280946,0
165,85,13,0.01875743130193767,0
165,85,14,-0.06979744372212436,0
165,85,15,0.04004004558842285,0
165,85,16,0.02042704270661319,0
165,85,17,-0.03944942028279486,0
165,85,18,0.02200856263992415,0
165,85,19,0.01302764819452927,0
165,85,20,-0.0213198907275676,0
165,85,21,0.01100650434989686,0
165,85,22,0.006958541364099032,0
165,85,23,-0.01099197120470403,0
165,85,24,0.004529029415847866,0
165,85,25,0.002965688725684362,0
165,85,26,-0.005932587623970164,0
165,85,27,3.404117805148056e-05,0
165,85,28,-0.003952128435162,0
165,85,29,0.7162045680762718,0
165,85,30,0.002155022720434273,0
165,85,31,0.1965061212956563,0
165,85,32,0.5928237881817827,0
165,85,33,0.4087419018597814,0
165,85,34,-0.02192916945896758,0
165,85,35,-0.2374914764003684,0
165,85,36,-0.2634362823548247,0
165,85,37,-1,0
165,85,38,0.01783977215786833,0
165,85,39,-0.1509766114351704,0
165,85,40,-0.1112008675636773,0
165,85,41,0.0343612421895937,0
165,85,42,-0.0447067340085782,0
165,85,43,-0.1004113067628898,0
165,85,44,0.02263573618073497,0
165,85,45,-0.01841770396367076,0
165,85,46,-0.06113492997276487,0
165,85,47,0.01262818854573925,0
165,85,48,-0.008565718115701707,0
165,85,49,-0.03320729972916443,0
165,85,50,0.006402136826472228,0
165,85,51,-0.004190525749369959,0
165,85,52,-0.01724378500597984,0
165,85,53,0.002629523688393682,0
165,85,54,-0.002708081221778221,0
165,85,55,-0.009391009207971585,0
165,85,56,-0.002921511299452755,0
165,85,57,-0.006233007977978218,0
165,85,58,0.2498183993394339,0
165,85,59,0.414390886199134,0
165,85,60,0.6672356778577384,0
165,85,61,-0.218663094239261,0
165,85,62,-0.06253209818512777,0
165,85,63,-0.1635868545247475,0
165,85,64,0.09722575297938249,0
165,85,65,-0.6296924512036073,0
165,85,66,-0.5375964938700957,0
165,85,67,-0.004319833004160878,0
165,85,68,-0.07514486211617534,0
165,85,69,-0.1084529062740649,0
165,85,70,-0.004659327244806794,0
165,85,71,-0.07731875726890644,0
165,85,72,-0.08514443733526475,0
165,85,73,-0.00172775832378051,0
165,85,74,-0.04688402328750201,0
165,85,75,-0.05592955015669431,0
165,85,76,-0.0004336872082150645,0
165,85,77,-0.02517649057720663,0
165,85,78,-0.03168305663874803,0
165,85,79,-5.991124760580206e-05,0
165,85,80,-0.01294912572815787,0
165,85,81,-0.01686313880010731,0
165,85,82,2.165261818770456e-05,0
165,85,83,-0.007002118897370702,0
165,85,84,-0.009308289442287879,0
165,85,85,-0.004646189733502906,0
165,85,86,-0.006235328603161405,0
165,85,87,-0.6893252672645761,0
165,85,88,-0.01404391670150246,0
165,85,89,-0.2082586944163699,0
165,85,90,-0.6472246396845754,0
165,85,91,-0.4584528934392341,0
165,85,92,0.0151754657035014,0
165,85,93,0.2044079761294963,0
165,85,94,-0.1262108728269248,0
165,85,95,0.6040565268984794,0
165,85,96,-0.02603846178297838,0
165,85,97,-0.03488092828014088,0
165,85,98,-0.08303936621719601,0
165,85,99,-0.03768109120580124,0
165,85,100,-0.07476478860368775,0
165,85,101,-0.04344403292681512,0
165,85,102,-0.02383002047999935,0
165,85,103,-0.05427999096844825,0
165,85,104,-0.03100289214557257,0
165,85,105,-0.01295248206845015,0
165,85,106,-0.03147752096845145,0
165,85,107,-0.01885041523875711,0
165,85,108,-0.006446469586521582,0
165,85,109,-0.01671353473814156,0
165,85,110,-0.01035922896975563,0
165,85,111,-0.002617943939067555,0
165,85,112,-0.008675529680436654,0
165,85,113,-0.005802767890747176,0
165,85,114,-0.004667188095251267,0
165,85,115,-0.003929359797707909,0
165,85,116,0.7773102561485187,0
165,85,117,0.2181826374288937,0
165,85,118,0.8869492218463698,0
165,85,119,0.6001348121270712,0
165,85,120,-0.02447829538904082,0
165,85,121,0.5169506750156347,0
165,85,122,-0.05142057952936894,0
165,85,123,-0.05502571160879586,0
165,85,124,-0.05468008308443667,0
165,85,125,-0.05389106968778435,0
165,85,126,-0.03721358927251268,0
165,85,127,-0.04332758372953378,0
165,85,128,-0.02113668289534984,0
165,85,129,-0.02686056993109948,0
165,85,130,-0.01076808175143041,0
165,85,131,-0.01460086236957877,0
165,85,132,-0.004451200866272306,0
165,85,133,-0.00726040685673101,0
165,85,134,-0.002956432523098523,0
165,85,135,0.06219345087176538,0
165,85,136,0.0356355675753821,0
165,85,137,0.01123824230648847,0
165,85,138,0.006799080747527767,0
165,85,139,0.003416631689746843,0
165,85,140,0.001634681069739954,0
165,85,141,0.000770462326887713,0
165,85,142,0.0003550682898021314,0
165,85,143,0.0001402455452072418,0
165,85,144,-0.01490595611507302,0
165,85,145,-0.03085749664320492,0
165,85,146,0.03168446312826676,0
165,85,147,0.01184292713560078,0
165,85,148,0.005354396896659195,0
165,85,149,0.002548947918434189,0
165,85,150,0.00121032387746182,0
165,85,151,0.0005604458733750228,0
165,85,152,0.0002210651887500888,0
165,85,153,-0.03630959629888234,0
165,85,154,-0.01351711499634535,0
165,85,155,0.02009147496672866,0
165,85,156,0.009552866475010852,0
165,85,157,0.004874956238783735,0
165,85,158,0.002448698267718659,0
165,85,159,0.001191424483762687,0
165,85,160,0.0005583141080072505,0
165,85,161,0.0002211952302922935,0
165,85,162,0.04160685778769421,0
165,85,163,0.05390284148540175,0
165,85,164,-0.001121307361586322,0
165,85,165,0.003679521937615927,0
165,85,166,0.00267035017842329,0
165,85,167,0.00146626635188936,0
165,85,168,0.0007367849718849334,0
165,85,169,0.0003495845151202152,0
165,85,170,0.0001395323744031798,0
166,84,0,0.4157392569383348,0
166,84,1,0.2804114776138387,0
166,84,2,0.3928892768968303,0
166,84,3,-0.8308047472586081,0
166,84,4,-0.4750528317995034,0
166,84,5,-0.9518120306783063,0
166,84,6,0.07096193557431976,0
166,84,7,0.05311490773024152,0
166,84,8,0.8360833779609543,0
166,84,9,0.001749902271626996,0
166,84,10,0.01319100639156061,0
166,84,11,-0.02345432684555958,0
166,84,12,0.00164304012957786,0
166,84,13,0.001561512962408312,0
166,84,14,0.0004894185998136668,0
166,84,15,0.002680131745064403,0
166,84,16,0.001364455444208086,0
166,84,17,-0.0007239254017342934,0
166,84,18,0.002025447401484094,0
166,84,19,0.001152093355477881,0
166,84,20,-0.001280194293027652,0
166,84,21,0.001158225871699684,0
166,84,22,0.0007097558547847672,0
166,84,23,-0.0009844707594003691,0
166,84,24,0.0005057532727147598,0
166,84,25,0.0003229458302805021,0
166,84,26,-0.0006283516870999242,0
166,84,27,5.163604422278498e-07,0
166,84,28,-0.0004512863268208482,0
166,84,29,0.03272273632079133,0
166,84,30,0.3243943812458084,0
166,84,31,0.456729125838696,0
166,84,32,0.5035246499330677,0
166,84,33,-0.3754448219388727,0
166,84,34,-0.5912816415727657,0
166,84,35,-0.1342287485328868,0
166,84,36,0.4945875186933065,0
166,84,37,0.1920247101768483,0
166,84,38,-0.004793141777221634,0
166,84,39,-0.03894714261297173,0
166,84,40,0.005419760843164969,0
166,84,41,0.004364579878279955,0
166,84,42,-2.026418259220965e-05,0
166,84,43,-0.006087669952221962,0
166,84,44,0.003027771742876605,0
166,84,45,0.0007325947632405215,0
166,84,46,-0.004763213977581746,0
166,84,47,0.00162406193030915,0
166,84,48,-5.24217373003608e-05,0
166,84,49,-0.003139647747199707,0
166,84,50,0.0007996937169084963,0
166,84,51,-0.0002437729233188656,0
166,84,52,-0.001847338370088909,0
166,84,53,0.0003237234603919275,0
166,84,54,-0.0002601496956613721,0
166,84,55,-0.001071955246013359,0
166,84,56,-0.0003343686879420666,0
166,84,57,-0.0007338071814275095,0
166,84,58,-0.6571333134823071,0
166,84,59,-0.0996845781013324,0
166,84,60,-0.1468469830439772,0
166,84,61,0.753535130124747,0
166,84,62,-0.004133160119449514,0
166,84,63,0.4924287872107235,0
166,84,64,-0.04475950822012909,0
166,84,65,0.1128025959039818,0
166,84,66,-0.5193080337324897,0
166,84,67,0.0005601867372441314,0
166,84,68,-0.0143067128676588,0
166,84,69,-0.008927351727537548,0
166,84,70,0.003841883150039752,0
166,84,71,-0.005565197806046006,0
166,84,72,-0.01387402697827745,0
166,84,73,0.001614454627467129,0
166,84,74,-0.003095046479997708,0
166,84,75,-0.008407883974258817,0
166,84,76,0.0004998855981518559,0
166,84,77,-0.002103564615533191,0
166,84,78,-0.00433121834213943,0
166,84,79,0.0001435617634656926,0
166,84,80,-0.001293091288813465,0
166,84,81,-0.00216352664447125,0
166,84,82,3.88899194470376e-05,0
166,84,83,-0.0007733697528469406,0
166,84,84,-0.001153501726416027,0
166,84,85,-0.0005454446356139112,0
166,84,86,-0.0007601804894278906,0
166,84,87,-0.4961034193733092,0
166,84,88,-0.4508387171024316,0
166,84,89,-0.6495488140585384,0
166,84,90,0.1290913812029405,0
166,84,91,0.4133520409402915,0
166,84,92,1,0
166,84,93,0.04545703806800977,0
166,84,94,-0.3324438430117841,0
166,84,95,-0.5435810725696019,0
166,84,96,0.002884288653515794,0
166,84,97,-0.00056201660915833,0
166,84,98,-0.01743363763791967,0
166,84,99,-0.001915347585885925,0
166,84,100,-0.01091941521600293,0
166,84,101,-0.01202063626153965,0
166,84,102,-0.001915122814390182,0
166,84,103,-0.007295811152740693,0
166,84,104,-0.006778064797443258,0
166,84,105,-0.001272739661370564,0
166,84,106,-0.003992148871883158,0
166,84,107,-0.003288840152025583,0
166,84,108,-0.0006960965720062495,0
166,84,109,-0.002051772084475598,0
166,84,110,-0.00151964536064397,0
166,84,111,-0.0002951838590218086,0
166,84,112,-0.001051792271423677,0
166,84,113,-0.0007677738961999995,0
166,84,114,-0.0005668961299790416,0
166,84,115,-0.0004931215295545412,0
166,84,116,0.7250401813164701,0
166,84,117,0.001727848807200829,0
166,84,118,-0.5441579427346334,0
166,84,119,0.4170887860003717,0
166,84,120,0.05024658928166653,0
166,84,121,-0.3618046629422267,0
166,84,122,-0.003021081506655243,0
166,84,123,0.002917336215442335,0
166,84,124,-0.008384245193024921,0
166,84,125,-0.01012368574021847,0
166,84,126,-0.005413014345587965,0
166,84,127,-0.007569727246806515,0
166,84,128,-0.002830802046419463,0
166,84,129,-0.004077734763668143,0
166,84,130,-0.001371263048971364,0
166,84,131,-0.001989299210034355,0
166,84,132,-0.000552597819961966,0
166,84,133,-0.0009318665748363426,0
166,84,134,-0.0003692395968441067,0
166,84,135,-0.03354072273224346,0
166,84,136,0.06619393891338902,0
166,84,137,-0.007061392386451196,0
166,84,138,-0.0008332693971500363,0
166,84,139,7.182543214080143e-05,0
166,84,140,0.0001244854909522782,0
166,84,141,7.999496810820908e-05,0
166,84,142,4.107189942149578e-05,0
166,84,143,1.69131575967185e-05,0
166,84,144,-0.03852641962794664,0
166,84,145,0.02140848091042378,0
166,84,146,0.002459128257336764,0
166,84,147,0.0008892468391284346,0
166,84,148,0.0004911277396348931,0
166,84,149,0.0002717720458604705,0
166,84,150,0.0001413605048301937,0
166,84,151,6.80395848493932e-05,0
166,84,152,2.727670802481955e-05,0
166,84,153,0.01409851319517644,0
166,84,154,-0.03754675923084419,0
166,84,155,0.006642564307259703,0
166,84,156,0.00213433737255404,0
166,84,157,0.0008149966222833995,0
166,84,158,0.0003512883765220199,0
166,84,159,0.0001582461509025852,0
166,84,160,7.171516659940304e-05,0
166,84,161,2.803240447482891e-05,0
166,84,162,0.05771426791706438,0
166,84,163,-0.0452709023842029,0
166,84,164,0.003707667366576812,0
166,84,165,0.001527414539698351,0
166,84,166,0.0006210059167280358,0
166,84,167,0.0002559737496679265,0
166,84,168,0.0001078868374666195,0
166,84,169,4.703075837132826e-05,0
166,84,170,1.810461853828262e-05,0
167,83,0,-0.3221939974400486,0
167,83,1,-0.2275383370796276,0
167,83,2,-0.3334709535937798,0
167,83,3,-0.1438890171905242,0
167,83,4,-0.1037626801095937,0
167,83,5,0.1472630766447177,0
167,83,6,0.03065967376051292,0
167,83,7,0.02469511977135652,0
167,83,8,0.1756419974716472,0
167,83,9,0.004677119278502034,0
167,83,10,0.005636240623194726,0
167,83,11,-0.01572116205903261,0
167,83,12,0.001582279581577177,0
167,83,13,0.001431293776401099,0
167,83,14,-0.001808024454139391,0
167,83,15,0.0006624604797131903,0
167,83,16,0.0005822238613007121,0
167,83,17,-0.0003954787737847214,0
167,83,18,0.0002544863000726921,0
167,83,19,0.0002269534301693914,0
167,83,20,-0.0001759236132409983,0
167,83,21,0.0001014342016268171,0
167,83,22,8.9712881038662e-05,0
167,83,23,-6.417517162344489e-05,0
167,83,24,3.657168239595044e-05,0
167,83,25,3.305325700533516e-05,0
167,83,26,-3.004726587482809e-05,0
167,83,27,4.594883979891884e-06,0
167,83,28,-1.924099239321505e-05,0
167,83,29,0.8838994346241102,0
167,83,30,0.3721152652508203,0
167,83,31,0.5548660989274494,0
167,83,32,0.5806379731553709,0
167,83,33,0.4950042790082056,0
167,83,34,-0.1172538215976832,0
167,83,35,-0.08359338572069422,0
167,83,36,0.05266571088643315,0
167,83,37,-0.4884079311049119,0
167,83,38,-0.001801015528746477,0
167,83,39,-0.01905737552165325,0
167,83,40,0.02898676424523647,0
167,83,41,0.0009032978677086861,0
167,83,42,-0.0007071938775299309,0
167,83,43,0.0007251798004037321,0
167,83,44,0.000342708670260538,0
167,83,45,6.245990261637569e-05,0
167,83,46,-0.0003640053433805021,0
167,83,47,0.0001633848202885285,0
167,83,48,3.310326042072225e-05,0
167,83,49,-0.0001470714280820958,0
167,83,50,7.027920811843013e-05,0
167,83,51,2.006093150392452e-05,0
167,83,52,-7.877541318821963e-05,0
167,83,53,2.564476032867236e-05,0
167,83,54,3.040900192651887e-06,0
167,83,55,-4.328305155264463e-05,0
167,83,56,-9.910456591272737e-06,0
167,83,57,-2.920852332515655e-05,0
167,83,58,-1,0
167,83,59,-0.2975659374852528,0
167,83,60,-0.4655855711914844,0
167,83,61,-0.9083720055817043,0
167,83,62,-0.6796890987629789,0
167,83,63,-0.02570429325113141,0
167,83,64,0.1707394448069078,0
167,83,65,-0.201570299640922,0
167,83,66,0.6044969304140385,0
167,83,67,0.009939317707897461,0
167,83,68,0.04412001765258529,0
167,83,69,-0.03950469626293086,0
167,83,70,0.0006385386576014633,0
167,83,71,0.002586552403398819,0
167,83,72,-0.0007794999898209904,0
167,83,73,0.0002474444540139185,0
167,83,74,0.0001673823481178239,0
167,83,75,0.0001765156130320299,0
167,83,76,0.0001034084059567325,0
167,83,77,3.036818466141669e-05,0
167,83,78,-4.653598976466336e-05,0
167,83,79,4.10514271176161e-05,0
167,83,80,-7.936323491134282e-06,0
167,83,81,-5.754554933109203e-05,0
167,83,82,1.376520056854826e-05,0
167,83,83,-1.44213428293963e-05,0
167,83,84,-3.956224568616091e-05,0
167,83,85,-1.73832897458096e-05,0
167,83,86,-2.849778244661802e-05,0
167,83,87,0.6632858211024101,0
167,83,88,0.1210855523894179,0
167,83,89,0.1960633738965244,0
167,83,90,0.7775500179371099,0
167,83,91,0.4815604431490543,0
167,83,92,0.04270847069287571,0
167,83,93,-0.1596872025373349,0
167,83,94,0.2977600585525751,0
167,83,95,-0.3476179697108711,0
167,83,96,-0.004839538341531806,0
167,83,97,-0.04341208625228347,0
167,83,98,0.03130561741968581,0
167,83,99,0.000987888162737888,0
167,83,100,-0.0002697442768986131,0
167,83,101,0.0004536529558933531,0
167,83,102,0.00037567226458523,0
167,83,103,0.000525384982233513,0
167,83,104,-6.745536774604173e-05,0
167,83,105,9.914498940859898e-05,0
167,83,106,0.0001030584798565679,0
167,83,107,-6.228600931539251e-05,0
167,83,108,2.043152911336971e-05,0
167,83,109,-2.994025520824402e-06,0
167,83,110,-4.023726585143063e-05,0
167,83,111,2.882941543900643e-06,0
167,83,112,-1.812728783053234e-05,0
167,83,113,-2.424040411216899e-05,0
167,83,114,-1.672241139496242e-05,0
167,83,115,-1.757847864109341e-05,0
167,83,116,-0.1971072815076868,0
167,83,117,0.003869604848692415,0
167,83,118,-0.2525411241997293,0
167,83,119,-0.1355319302625272,0
167,83,120,0.07844221395396093,0
167,83,121,-0.1826469884865992,0
167,83,122,0.006650187822706388,0
167,83,123,0.03095445064448783,0
167,83,124,0.001414671666282265,0
167,83,125,0.001874971893086329,0
167,83,126,0.0003306707044377471,0
167,83,127,0.0004040754845527419,0
167,83,128,6.714204967392508e-05,0
167,83,129,8.176166786607938e-05,0
167,83,130,5.025746795210955e-06,0
167,83,131,1.893615493687528e-06,0
167,83,132,-4.186864602162326e-06,0
167,83,133,-1.090107874675315e-05,0
167,83,134,-8.459926704904159e-06,0
167,83,135,0.02931206751846782,0
167,83,136,0.01343272743195658,0
167,83,137,-0.001902385737334149,0
167,83,138,-3.732324733673883e-06,0
167,83,139,3.279500866558325e-05,0
167,83,140,1.187671451572759e-05,0
167,83,141,4.204433497115629e-06,0
167,83,142,1.841698518115778e-06,0
167,83,143,7.209916640071717e-07,0
167,83,144,-0.04741583267301037,0
167,83,145,-0.0354364477910099,0
167,83,146,0.006083821209691581,0
167,83,147,0.0005177164605880075,0
167,83,148,5.148961758799866e-05,0
167,83,149,1.396210366921458e-05,0
167,83,150,6.360455248757618e-06,0
167,83,151,2.849398785495628e-06,0
167,83,152,1.118852451696892e-06,0
167,83,153,0.03962253201482282,0
167,83,154,0.04336690266220668,0
167,83,155,-0.008142770763462469,0
167,83,156,-0.0007425390347794658,0
167,83,157,-4.121001271158852e-05,0
167,83,158,6.216654891981577e-06,0
167,83,159,5.361248839996588e-06,0
167,83,160,2.7710718187265e-06,0
167,83,161,1.112862029373542e-06,0
167,83,162,-0.01777191799046814,0
167,83,163,-0.02407735022165752,0
167,83,164,0.005467338175110846,0
167,83,165,0.000525877161394548,0
167,83,166,5.747134511871258e-05,0
167,83,167,1.014976958885564e-05,0
167,83,168,3.728453733354443e-06,0
167,83,169,1.685037185080888e-06,0
167,83,170,6.835362411792677e-07,0
168,80,0,-0.4968568264923081,0
168,80,1,-0.3104764762999218,0
168,80,2,-0.4259733168294327,0
168,80,3,0.5557132017558792,0
168,80,4,0.3580744533803046,0
168,80,5,0.9543345836517297,0
168,80,6,-0.03947680012742508,0
168,80,7,-0.01785845491354163,0
168,80,8,-0.5241167712825072,0
168,80,9,-0.003322591480461077,0
168,80,10,-0.004712254572922171,0
168,80,11,0.02465322775219013,0
168,80,12,-0.001546055407146928,0
168,80,13,-0.0006285818868737417,0
168,80,14,0.003401296463367899,0
168,80,15,-0.0009648477784400825,0
168,80,16,-0.0004483453279898957,0
168,80,17,0.001234323262455208,0
168,80,18,-0.0004644671210529794,0
168,80,19,-0.0002628606403866081,0
168,80,20,0.0005949855567300254,0
168,80,21,-0.0002058379744244934,0
168,80,22,-0.0001285833639820695,0
168,80,23,0.0002541373003673559,0
168,80,24,-7.848657803630673e-05,0
168,80,25,-5.132087564077314e-05,0
168,80,26,0.0001151056107661258,0
168,80,27,-6.361078665064834e-07,0
168,80,28,6.804901922644555e-05,0
168,80,29,0.6945369085336597,0
168,80,30,0.1295820255678777,0
168,80,31,0.1639226765331296,0
168,80,32,-1,0
168,80,33,0.04282875640906027,0
168,80,34,-0.5583872390964374,0
168,80,35,0.1188287010797026,0
168,80,36,-0.2909714880334034,0
168,80,37,0.4977051829209447,0
168,80,38,0.005773582561817782,0
168,80,39,0.03527579052009346,0
168,80,40,-0.01818349679102118,0
168,80,41,-0.0006808527650274922,0
168,80,42,0.00348865326912918,0
168,80,43,0.003186431692455251,0
168,80,44,-0.0003598412150445206,0
168,80,45,0.0008614112209112024,0
168,80,46,0.001981159452806534,0
168,80,47,-0.0001679812066156644,0
168,80,48,0.000363851592533706,0
168,80,49,0.0008317317995264905,0
168,80,50,-8.535428379802175e-05,0
168,80,51,0.0001405666276723166,0
168,80,52,0.0003464124160262592,0
168,80,53,-3.62359458738004e-05,0
168,80,54,6.374655481517042e-05,0
168,80,55,0.0001646790892025766,0
168,80,56,5.110183957375507e-05,0
168,80,57,0.0001016447007190987,0
168,80,58,0.2359677091319948,0
168,80,59,0.2743702584451001,0
168,80,60,0.3927931002566019,0
168,80,61,0.1603427770768152,0
168,80,62,-0.2993764167147006,0
168,80,63,-0.64787559513894,0
168,80,64,-0.07475959678810438,0
168,80,65,0.2864669848633025,0
168,80,66,0.227824347039499,0
168,80,67,-0.002065048870002917,0
168,80,68,-0.02143544580104127,0
168,80,69,0.00360846019124493,0
168,80,70,0.001337698000485074,0
168,80,71,0.002458117249709866,0
168,80,72,0.0006477944782240469,0
168,80,73,0.0006446924603349909,0
168,80,74,0.001815020567105032,0
168,80,75,0.0007227929373404357,0
168,80,76,0.0002057666747170885,0
168,80,77,0.0007604714742319194,0
168,80,78,0.0004187183336908009,0
168,80,79,5.782141956596126e-05,0
168,80,80,0.0003040649880124035,0
168,80,81,0.000236608231827025,0
168,80,82,1.406438332979597e-05,0
168,80,83,0.0001356441164231491,0
168,80,84,0.0001372290865128742,0
168,80,85,7.751121927469097e-05,0
168,80,86,9.427434414857392e-05,0
168,80,87,-0.922000073487767,0
168,80,88,-0.3161367684534866,0
168,80,89,-0.4461121016613318,0
168,80,90,0.8237055576690515,0
168,80,91,0.05750784314900542,0
168,80,92,0.9068010003027384,0
168,80,93,-0.05769191645577386,0
168,80,94,0.1303200408071817,0
168,80,95,-0.5495805394438223,0
168,80,96,-0.0008554332155154753,0
168,80,97,-0.01076034935556417,0
168,80,98,0.01169139499062572,0
168,80,99,0.00221193629266839,0
168,80,100,0.0002500769555062831,0
168,80,101,-0.002101966207789525,0
168,80,102,0.0009427113354738469,0
168,80,103,0.000981346861712517,0
168,80,104,-0.0008542527910689752,0
168,80,105,0.0003614457206309955,0
168,80,106,0.0005480841944263111,0
168,80,107,-8.275135788285918e-05,0
168,80,108,0.0001432434080178639,0
168,80,109,0.0002787938769259416,0
168,80,110,7.04644128979969e-05,0
168,80,111,5.152565701000673e-05,0
168,80,112,0.0001406162399922139,0
168,80,113,6.902745063777044e-05,0
168,80,114,7.264413068293011e-05,0
168,80,115,5.513120039868077e-05,0
168,80,116,0.4815813243643764,0
168,80,117,-0.0029892690969669,0
168,80,118,-0.5417559444840595,0
168,80,119,0.3001205906730289,0
168,80,120,0.06418153172642184,0
168,80,121,-0.351111384808498,0
168,80,122,0.004911148739643794,0
168,80,123,0.01937677551312094,0
168,80,124,0.0004434568255804296,0
168,80,125,-0.0003188465026964961,0
168,80,126,0.0003554489518925477,0
168,80,127,-0.0002329730563306122,0
168,80,128,0.000275653551636421,0
168,80,129,0.0001550422166071333,0
168,80,130,0.0001592184706534541,0
168,80,131,0.0001677327173585005,0
168,80,132,6.885635106019572e-05,0
168,80,133,0.0001010828618205538,0
168,80,134,4.343605348559975e-05,0
168,80,135,0.0418713341266262,0
168,80,136,-0.04704052974358039,0
168,80,137,0.00289727278255584,0
168,80,138,5.166689841284502e-05,0
168,80,139,-0.000103125632461431,0
168,80,140,-4.641268367431631e-05,0
168,80,141,-1.812270111073392e-05,0
168,80,142,-7.260244179141531e-06,0
168,80,143,-2.659491864547114e-06,0
168,80,144,-0.01673146093427743,0
168,80,145,0.03733036521872813,0
168,80,146,-0.005642167081398905,0
168,80,147,-0.0009569056827923497,0
168,80,148,-0.0002062909935478826,0
168,80,149,-6.46045240635444e-05,0
168,80,150,-2.471666084188139e-05,0
168,80,151,-1.047966311577282e-05,0
168,80,152,-3.98880295980076e-06,0
168,80,153,-0.03640584227648774,0
168,80,154,0.023448505410092,0
168,80,155,-0.0002042159376837513,0
168,80,156,-8.9655093160485e-05,0
168,80,157,-5.1231241290329e-05,0
168,80,158,-3.325934873392103e-05,0
168,80,159,-1.839926074115601e-05,0
168,80,160,-9.20777236328051e-06,0
168,80,161,-3.757180091106951e-06,0
168,80,162,0.04145169681822498,0
168,80,163,-0.04575269842478213,0
168,80,164,0.004522603816862153,0
168,80,165,0.0007664732828386436,0
168,80,166,0.0001064559910715274,0
168,80,167,4.310094793783161e-06,0
168,80,168,-7.237200255805193e-06,0
168,80,169,-5.03528333871331e-06,0
168,80,170,-2.238674829697335e-06,0
169,76,0,-0.3054953812967172,0
169,76,1,-0.2020310124735157,0
169,76,2,-0.2907236327172543,0
169,76,3,0.2336762881571439,0
169,76,4,0.1508639218412009,0
169,76,5,0.4969596746428794,0
169,76,6,-0.01513081788126941,0
169,76,7,-0.01105252592749257,0
169,76,8,-0.2331892245593563,0
169,76,9,0.000282757624526044,0
169,76,10,-0.001803561935505879,0
169,76,11,0.007621848061053539,0
169,76,12,0.0005692211419525996,0
169,76,13,0.0002336201729783604,0
169,76,14,-1.892806327527667e-05,0
169,76,15,0.0002667460188555538,0
169,76,16,0.0001698440218323364,0
169,76,17,-0.0002609999353001027,0
169,76,18,0.0001270952273541869,0
169,76,19,8.621757370792779e-05,0
169,76,20,-0.0001164313919471237,0
169,76,21,5.650170202286385e-05,0
169,76,22,3.913931214074278e-05,0
169,76,23,-5.708127169762855e-05,0
169,76,24,2.158350334289875e-05,0
169,76,25,1.522671785137839e-05,0
169,76,26,-2.800183081945365e-05,0
169,76,27,6.268499040089231e-07,0
169,76,28,-1.737022303388343e-05,0
169,76,29,0.7710793434579644,0
169,76,30,0.2969353381794672,0
169,76,31,0.4353932204609395,0
169,76,32,-0.7188566406741934,0
169,76,33,-0.1228873805641252,0
169,76,34,-0.8902985275287502,0
169,76,35,0.05928198867096835,0
169,76,36,-0.1280956697271159,0
169,76,37,0.4712047794032906,0
169,76,38,0.003341193619945536,0
169,76,39,0.01298180123882147,0
169,76,40,-0.01883818686190883,0
169,76,41,0.000366585324337284,0
169,76,42,0.0005349686381733279,0
169,76,43,-0.001416480497986914,0
169,76,44,0.0001762738370027402,0
169,76,45,-4.509707381732006e-05,0
169,76,46,-0.0003546583238305009,0
169,76,47,6.885452046873964e-05,0
169,76,48,-3.534952854829591e-05,0
169,76,49,-0.0001921878696502489,0
169,76,50,2.992584881209914e-05,0
169,76,51,-2.110306450138428e-05,0
169,76,52,-8.557100420713934e-05,0
169,76,53,1.154763014908831e-05,0
169,76,54,-1.265216202098588e-05,0
169,76,55,-4.244991957068366e-05,0
169,76,56,-1.258930497161176e-05,0
169,76,57,-2.664629295334356e-05,0
169,76,58,-0.8967213920752861,0
169,76,59,-0.2670629800993113,0
169,76,60,-0.3775964733078071,0
169,76,61,1,0
169,76,62,0.02441973855974835,0
169,76,63,0.8659212790726961,0
169,76,64,-0.09907717151403328,0
169,76,65,0.265202175695261,0
169,76,66,-0.5389524294478359,0
169,76,67,-0.004422144964209705,0
169,76,68,-0.02540636457025904,0
169,76,69,0.02298452332408597,0
169,76,70,6.849537103728502e-06,0
169,76,71,-0.001568512104396061,0
169,76,72,-3.387897410141199e-05,0
169,76,73,-2.551805320880799e-05,0
169,76,74,-0.000303965770661905,0
169,76,75,-0.0004336808393324912,0
169,76,76,-1.39438778426637e-05,0
169,76,77,-0.0001517101991893742,0
169,76,78,-0.0001732105212016379,0
169,76,79,-5.180438524155129e-06,0
169,76,80,-6.716713322419802e-05,0
169,76,81,-7.730858234976001e-05,0
169,76,82,-1.309165192639571e-06,0
169,76,83,-3.264622959623901e-05,0
169,76,84,-3.94966808028169e-05,0
169,76,85,-1.995548548678806e-05,0
169,76,86,-2.577328697166103e-05,0
169,76,87,0.6157812866114812,0
169,76,88,0.1296494276568859,0
169,76,89,0.186132204196368,0
169,76,90,-0.8139557583683289,0
169,76,91,0.07990240739013375,0
169,76,92,-0.4595790282552197,0
169,76,93,0.1103053024361009,0
169,76,94,-0.2972071618874507,0
169,76,95,0.3348372981878412,0
169,76,96,0.004633742983883042,0
169,76,97,0.02945302134935785,0
169,76,98,-0.01952653806931744,0
169,76,99,-0.0004180280965510511,0
169,76,100,0.0004720958377761175,0
169,76,101,-0.0001719200156331031,0
169,76,102,-0.0002425539954629519,0
169,76,103,-0.0004249509525437545,0
169,76,104,8.273940576546125e-06,0
169,76,105,-9.255209075537537e-05,0
169,76,106,-0.0001898366727284255,0
169,76,107,-3.875536795351227e-05,0
169,76,108,-3.578467185591824e-05,0
169,76,109,-8.311895092508093e-05,0
169,76,110,-3.38649701613774e-05,0
169,76,111,-1.289968756787293e-05,0
169,76,112,-3.886458406787169e-05,0
169,76,113,-2.219252299945982e-05,0
169,76,114,-1.968481328546913e-05,0
169,76,115,-1.568516166509012e-05,0
169,76,116,-0.1996076141738123,0
169,76,117,0.001062368924959677,0
169,76,118,0.298729757242885,0
169,76,119,-0.1287076782821425,0
169,76,120,-0.04921429968628715,0
169,76,121,0.1995165517138646,0
169,76,122,-0.003068234060930042,0
169,76,123,-0.01834416032539442,0
169,76,124,-0.0005398291899013722,0
169,76,125,-0.0005939660711412084,0
169,76,126,-0.0002008312619795703,0
169,76,127,-0.0001582829980347368,0
169,76,128,-9.98549647607051e-05,0
169,76,129,-0.0001048312576273215,0
169,76,130,-4.871603981719628e-05,0
169,76,131,-6.068996784884629e-05,0
169,76,132,-1.95980985959931e-05,0
169,76,133,-3.073144003643443e-05,0
169,76,134,-1.233265875540748e-05,0
169,76,135,0.02570906938526007,0
169,76,136,-0.02066764861682338,0
169,76,137,0.001588859045921933,0
169,76,138,0.0001348902513132186,0
169,76,139,2.468355715804187e-05,0
169,76,140,9.944756935570099e-06,0
169,76,141,4.452469004313201e-06,0
169,76,142,1.890124066948501e-06,0
169,76,143,7.146210275771009e-07,0
169,76,144,-0.0403003296461735,0
169,76,145,0.04094719487098968,0
169,76,146,-0.003256425506498298,0
169,76,147,-0.0001925064280515146,0
169,76,148,2.018416911254251e-05,0
169,76,149,1.432241878601777e-05,0
169,76,150,6.250257592397996e-06,0
169,76,151,2.814242383761669e-06,0
169,76,152,1.090732143673782e-06,0
169,76,153,0.03596323795015494,0
169,76,154,-0.04361888863976217,0
169,76,155,0.004829494153220353,0
169,76,156,0.0004974161374137103,0
169,76,157,5.559805121325872e-05,0
169,76,158,1.34806272140849e-05,0
169,76,159,5.709115611711105e-06,0
169,76,160,2.639475968557831e-06,0
169,76,161,1.056594272186399e-06,0
169,76,162,-0.01767119377283908,0
169,76,163,0.02571386474304514,0
169,76,164,-0.00349392117411952,0
169,76,165,-0.0003691650340084409,0
169,76,166,-3.165127644802316e-05,0
169,76,167,1.354027160456131e-06,0
169,76,168,2.699423701562187e-06,0
169,76,169,1.558313985346901e-06,0
169,76,170,6.511738302813175e-07,0
170,63,0,0.476964475819124,0
170,63,1,-0.06539840589883017,0
170,63,2,-0.6108546564551013,0
170,63,3,0.6704027627967447,0
170,63,4,0.2325941688921865,0
170,63,5,-0.4781595892530193,0
170,63,6,0.3426749926291994,0
170,63,7,0.2532167052643649,0
170,63,8,-0.3329177846850189,0
170,63,9,0.1310801926013342,0
170,63,10,0.1141139977478878,0
170,63,11,-0.09194892746784424,0
170,63,12,0.05747727862835792,0
170,63,13,0.04525227948020379,0
170,63,14,-0.04027832779411135,0
170,63,15,0.02658216258226798,0
170,63,16,0.01963621807523325,0
170,63,17,-0.0203187336087015,0
170,63,18,0.01230984695151095,0
170,63,19,0.008760666051812704,0
170,63,20,-0.01051205232761343,0
170,63,21,0.005627434449697218,0
170,63,22,0.00393698425497966,0
170,63,23,-0.005169706980300311,0
170,63,24,0.002215909027153174,0
170,63,25,0.001551850030376705,0
170,63,26,-0.002719862270926833,0
170,63,27,5.811870710111888e-05,0
170,63,28,-0.001789061827776892,0
170,63,29,0.3546061780215807,0
170,63,30,-0.4998941739078767,0
170,63,31,-1,0
170,63,32,0.4941623654115656,0
170,63,33,-0.1794259289226352,0
170,63,34,-0.7804423944190952,0
170,63,35,0.245237413772454,0
170,63,36,-0.05718841052486841,0
170,63,37,-0.5467420310360956,0
170,63,38,0.08840807893232094,0
170,63,39,0.01398420724981902,0
170,63,40,-0.1485820421673977,0
170,63,41,0.03652964845355806,0
170,63,42,0.000242576524231252,0
170,63,43,-0.06498332272210262,0
170,63,44,0.01595569887242585,0
170,63,45,-0.002940591421402209,0
170,63,46,-0.03264771924216287,0
170,63,47,0.007314699610920532,0
170,63,48,-0.002546982562294291,0
170,63,49,-0.01651362530248413,0
170,63,50,0.00333856836434847,0
170,63,51,-0.001509625431016849,0
170,63,52,-0.008173027817741279,0
170,63,53,0.001302231348563108,0
170,63,54,-0.001113810162810072,0
170,63,55,-0.004325486310797239,0
170,63,56,-0.001296133756367822,0
170,63,57,-0.002823337385617025,0
170,63,58,0.1852087591618246,0
170,63,59,-0.7129554000778997,0
170,63,60,-0.997529602890509,0
170,63,61,0.2399015511854994,0
170,63,62,-0.4542289148746252,0
170,63,63,-0.7825999710813092,0
170,63,64,0.1129912106077539,0
170,63,65,-0.2897920288405947,0
170,63,66,-0.5557674736708246,0
170,63,67,0.02911672899603098,0
170,63,68,-0.0702706752137046,0
170,63,69,-0.1506179425987207,0
170,63,70,0.007623060726200533,0
170,63,71,-0.03853329508958114,0
170,63,72,-0.06630998641968601,0
170,63,73,0.001817567170215258,0
170,63,74,-0.02192378330745437,0
170,63,75,-0.03319310624613481,0
170,63,76,0.000472347370841177,0
170,63,77,-0.0117254184236477,0
170,63,78,-0.01656415169343156,0
170,63,79,0.0001395202709228661,0
170,63,80,-0.005948909692896888,0
170,63,81,-0.00818690361838984,0
170,63,82,5.020944292904535e-05,0
170,63,83,-0.00318473840838071,0
170,63,84,-0.004332155784630891,0
170,63,85,-0.0021025777389166,0
170,63,86,-0.00283534583940746,0
170,63,87,-0.0005874030563558538,0
170,63,88,-0.6312066029335555,0
170,63,89,-0.6165043637967801,0
170,63,90,-0.03394761719618508,0
170,63,91,-0.5073992096018426,0
170,63,92,-0.4818409171953188,0
170,63,93,-0.02631683065029736,0
170,63,94,-0.3709465391862516,0
170,63,95,-0.3448668810486336,0
170,63,96,-0.03361432382696283,0
170,63,97,-0.1160587055281465,0
170,63,98,-0.09428005588598605,0
170,63,99,-0.02245421626000603,0
170,63,100,-0.06052448068709248,0
170,63,101,-0.04231521579082052,0
170,63,102,-0.01265415739924698,0
170,63,103,-0.03234207452513819,0
170,63,104,-0.02139112433034112,0
170,63,105,-0.0064985200219399,0
170,63,106,-0.01655515561583391,0
170,63,107,-0.01056969389032236,0
170,63,108,-0.003113949319357964,0
170,63,109,-0.008193899552401367,0
170,63,110,-0.005181103308408853,0
170,63,111,-0.001234725192035028,0
170,63,112,-0.004083063811538235,0
170,63,113,-0.002736965396041229,0
170,63,114,-0.002141746850284242,0
170,63,115,-0.001796381317465256,0
170,63,116,-0.1141561943886662,0
170,63,117,-0.2835032055416137,0
170,63,118,-0.2122386987662271,0
170,63,119,-0.3107629227374307,0
170,63,120,-0.1241614536896552,0
170,63,121,-0.266149034048777,0
170,63,122,-0.07892886855930972,0
170,63,123,-0.1066706642160099,0
170,63,124,-0.04459676803225419,0
170,63,125,-0.05792646590685636,0
170,63,126,-0.02304063728600099,0
170,63,127,-0.03064536445992435,0
170,63,128,-0.01136734896543354,0
170,63,129,-0.01539367157942836,0
170,63,130,-0.005375302042846379,0
170,63,131,-0.007483995620285766,0
170,63,132,-0.002136804321541805,0
170,63,133,-0.003509656131255154,0
170,63,134,-0.001382051987182604,0
170,63,135,0.001570403189543268,0
170,63,136,0.003755954318078681,0
170,63,137,0.009233260246802103,0
170,63,138,0.004180558870194549,0
170,63,139,0.00214018660041618,0
170,63,140,0.001068397561807506,0
170,63,141,0.000506853021235963,0
170,63,142,0.0002353755232354781,0
170,63,143,9.332140938146527e-05,0
170,63,144,0.002820971554048847,0
170,63,145,0.006372386426223474,0
170,63,146,0.01510323383749864,0
170,63,147,0.00672303968348916,0
170,63,148,0.00337611748263674,0
170,63,149,0.00166845937521632,0
170,63,150,0.0008000065113965828,0
170,63,151,0.0003723115252427429,0
170,63,152,0.0001471279938633274,0
170,63,153,0.002700263667566144,0
170,63,154,0.006226498056370799,0
170,63,155,0.01532618504838772,0
170,63,156,0.006848637576838384,0
170,63,157,0.003402862363290022,0
170,63,158,0.001668960297365358,0
170,63,159,0.000801036036859029,0
170,63,160,0.0003735284741992566,0
170,63,161,0.0001476698998423761,0
170,63,162,0.001693916262610446,0
170,63,163,0.00374136315744867,0
170,63,164,0.009551722972462443,0
170,63,165,0.004379024260561077,0
170,63,166,0.002179713919988727,0
170,63,167,0.001058974423243075,0
170,63,168,0.0005055417385071619,0
170,63,169,0.0002358710414742786,0
170,63,170,9.351918782637961e-05,0
171,62,0,0.6206746284177541,0
171,62,1,0.2909716700866636,0
171,62,2,0.1806856614388336,0
171,62,3,0.7521992396930069,0
171,62,4,0.5365117499737946,0
171,62,5,0.1250982078852274,0
171,62,6,0.3407429915044827,0
171,62,7,0.4177440400236279,0
171,62,8,0.08381044793783853,0
171,62,9,0.07192816532495966,0
171,62,10,0.1255015795204514,0
171,62,11,0.03194931413379619,0
171,62,12,0.01144924181631382,0
171,62,13,0.02689133617464733,0
171,62,14,0.01346215430458858,0
171,62,15,-0.0002749700100995818,0
171,62,16,0.00455024761775405,0
171,62,17,0.00603494681387652,0
171,62,18,-0.001634544373451455,0
171,62,19,5.666341537781036e-05,0
171,62,20,0.00275135756367128,0
171,62,21,-0.001115583091259026,0
171,62,22,-0.0004714285796543543,0
171,62,23,0.001385678170154989,0
171,62,24,-0.0005087127486813939,0
171,62,25,-0.0002775005266712548,0
171,62,26,0.0007395257025525352,0
171,62,27,1.161034934525417e-05,0
171,62,28,0.0004886047712292898,0
171,62,29,0.6233629472861899,0
171,62,30,0.3982365293258671,0
171,62,31,0.2710780144842534,0
171,62,32,0.7702414833115747,0
171,62,33,0.6223434170851248,0
171,62,34,0.1976751142967807,0
171,62,35,0.3570882531146259,0
171,62,36,0.4863204115390853,0
171,62,37,0.1445297589503368,0
171,62,38,0.07908633854978882,0
171,62,39,0.1519139575046244,0
171,62,40,0.05146107047529735,0
171,62,41,0.01503281345291378,0
171,62,42,0.03872173796216462,0
171,62,43,0.02232201513780798,0
171,62,44,0.001620941224370854,0
171,62,45,0.01016331029549362,0
171,62,46,0.01017002103831918,0
171,62,47,-0.00053160245780959,0
171,62,48,0.00281342632070608,0
171,62,49,0.004712932033875066,0
171,62,50,-0.0005534338133340259,0
171,62,51,0.0009335571028704666,0
171,62,52,0.002281641888038087,0
171,62,53,-0.0002737633874322069,0
171,62,54,0.0004325922872571521,0
171,62,55,0.00119707932249858,0
171,62,56,0.0003796460067514141,0
171,62,57,0.000778029679173522,0
171,62,58,0.685202742238166,0
171,62,59,0.4565941438126197,0
171,62,60,0.2734992999372429,0
171,62,61,0.8604608804146062,0
171,62,62,0.7040442816348558,0
171,62,63,0.1946190096436604,0
171,62,64,0.4011175302275469,0
171,62,65,0.5570202692761839,0
171,62,66,0.1384625538833092,0
171,62,67,0.09745403033953864,0
171,62,68,0.1790176000258755,0
171,62,69,0.05125727968018486,0
171,62,70,0.0235593206753182,0
171,62,71,0.05108448018113516,0
171,62,72,0.02302909020662532,0
171,62,73,0.005715901535186553,0
171,62,74,0.01600515662791252,0
171,62,75,0.01056480255515932,0
171,62,76,0.001373765885085641,0
171,62,77,0.005568623586708746,0
171,62,78,0.004828134909795657,0
171,62,79,0.0003250140857908345,0
171,62,80,0.002200011929763609,0
171,62,81,0.002318974081833501,0
171,62,82,6.947947079544198e-05,0
171,62,83,0.001011201419619383,0
171,62,84,0.001209178609935145,0
171,62,85,0.0006043411367045317,0
171,62,86,0.0007849439425749668,0
171,62,87,0.7183754333495878,0
171,62,88,0.4264994284649464,0
171,62,89,0.1611046084169398,0
171,62,90,0.9200125362154508,0
171,62,91,0.7070895166206383,0
171,62,92,0.1146861509447279,0
171,62,93,0.4374172672580799,0
171,62,94,0.57278042579752,0
171,62,95,0.08860947915791882,0
171,62,96,0.1148247866765135,0
171,62,97,0.1912607903699391,0
171,62,98,0.03759774479330748,0
171,62,99,0.03185865071902629,0
171,62,100,0.05727110159643723,0
171,62,101,0.01624400273102244,0
171,62,102,0.009714361640079244,0
171,62,103,0.01899886339107312,0
171,62,104,0.007318329199654676,0
171,62,105,0.003309905409578724,0
171,62,106,0.006962814271654164,0
171,62,107,0.003204881368094146,0
171,62,108,0.001224671135274333,0
171,62,109,0.002840037110023291,0
171,62,110,0.001493197277331951,0
171,62,111,0.0004240276064072929,0
171,62,112,0.001265108932338915,0
171,62,113,0.0007723471700190502,0
171,62,114,0.0006172431416426233,0
171,62,115,0.0005001175109943585,0
171,62,116,0.764592728267651,0
171,62,117,0.336535013355712,0
171,62,118,1,0
171,62,119,0.6766093507630804,0
171,62,120,0.486296465262502,0
171,62,121,0.5682545336937723,0
171,62,122,0.1326491021474095,0
171,62,123,0.193831800315796,0
171,62,124,0.0394538109542606,0
171,62,125,0.05716217119918293,0
171,62,126,0.01289480860222904,0
171,62,127,0.01864351032062852,0
171,62,128,0.004718072706924389,0
171,62,129,0.006679540862000235,0
171,62,130,0.001868175999115842,0
171,62,131,0.002651597059139522,0
171,62,132,0.0006780462752067792,0
171,62,133,0.00111052081042954,0
171,62,134,0.0004084248802045267,0
171,62,135,-0.0007863260226757234,0
171,62,136,-0.001341839963389493,0
171,62,137,-0.002475645224703924,0
171,62,138,-0.001168024319442577,0
171,62,139,-0.0005659434445414494,0
171,62,140,-0.0002733995764498516,0
171,62,141,-0.0001366709301412093,0
171,62,142,-6.444232308455675e-05,0
171,62,143,-2.567792438020011e-05,0
171,62,144,-0.0007756315945731408,0
171,62,145,-0.001640563449415802,0
171,62,146,-0.004229430698812761,0
171,62,147,-0.002006632786585147,0
171,62,148,-0.0009650800367896903,0
171,62,149,-0.0004632393273984086,0
171,62,150,-0.0002217826953656978,0
171,62,151,-0.0001032200136376975,0
171,62,152,-4.080792350783004e-05,0
171,62,153,-0.000934112705500881,0
171,62,154,-0.001792281156419164,0
171,62,155,-0.0041996729246031,0
171,62,156,-0.002070001438565032,0
171,62,157,-0.0009905316182023016,0
171,62,158,-0.0004694507723325496,0
171,62,159,-0.0002244398330933298,0
171,62,160,-0.0001041991003020656,0
171,62,161,-4.111586492854009e-05,0
171,62,162,-0.0003439956352725172,0
171,62,163,-0.0007542971650988598,0
171,62,164,-0.002782354612556429,0
171,62,165,-0.001437694240223055,0
171,62,166,-0.0006743929113529004,0
171,62,167,-0.0003057333614525817,0
171,62,168,-0.0001432637156790233,0
171,62,169,-6.644252284153696e-05,0
171,62,170,-2.620249144192457e-05,0
