section,index,value
nrows,0,36
ncols,0,135
nnz,0,2216
row_ptr,0,0
row_ptr,1,45
row_ptr,2,101
row_ptr,3,168
row_ptr,4,246
row_ptr,5,317
row_ptr,6,376
row_ptr,7,423
row_ptr,8,479
row_ptr,9,505
row_ptr,10,558
row_ptr,11,625
row_ptr,12,706
row_ptr,13,801
row_ptr,14,885
row_ptr,15,955
row_ptr,16,1011
row_ptr,17,1076
row_ptr,18,1104
row_ptr,19,1155
row_ptr,20,1220
row_ptr,21,1301
row_ptr,22,1396
row_ptr,23,1481
row_ptr,24,1553
row_ptr,25,1611
row_ptr,26,1678
row_ptr,27,1706
row_ptr,28,1747
row_ptr,29,1800
row_ptr,30,1866
row_ptr,31,1944
row_ptr,32,2017
row_ptr,33,2080
row_ptr,34,2131
row_ptr,35,2190
row_ptr,36,2216
col_idx,0,0
col_idx,1,1
col_idx,2,2
col_idx,3,3
col_idx,4,4
col_idx,5,5
col_idx,6,6
col_idx,7,7
col_idx,8,8
col_idx,9,9
col_idx,10,10
col_idx,11,11
col_idx,12,29
col_idx,13,30
col_idx,14,31
col_idx,15,32
col_idx,16,33
col_idx,17,34
col_idx,18,35
col_idx,19,36
col_idx,20,37
col_idx,21,38
col_idx,22,39
col_idx,23,40
col_idx,24,58
col_idx,25,59
col_idx,26,60
col_idx,27,61
col_idx,28,62
col_idx,29,63
col_idx,30,64
col_idx,31,65
col_idx,32,66
col_idx,33,67
col_idx,34,68
col_idx,35,69
col_idx,36,87
col_idx,37,88
col_idx,38,89
col_idx,39,90
col_idx,40,91
col_idx,41,92
col_idx,42,93
col_idx,43,94
col_idx,44,95
col_idx,45,0
col_idx,46,1
col_idx,47,2
col_idx,48,3
col_idx,49,4
col_idx,50,5
col_idx,51,6
col_idx,52,7
col_idx,53,8
col_idx,54,9
col_idx,55,10
col_idx,56,11
col_idx,57,12
col_idx,58,13
col_idx,59,14
col_idx,60,29
col_idx,61,30
col_idx,62,31
col_idx,63,32
col_idx,64,33
col_idx,65,34
col_idx,66,35
col_idx,67,36
col_idx,68,37
col_idx,69,38
col_idx,70,39
col_idx,71,40
col_idx,72,41
col_idx,73,42
col_idx,74,43
col_idx,75,58
col_idx,76,59
col_idx,77,60
col_idx,78,61
col_idx,79,62
col_idx,80,63
col_idx,81,64
col_idx,82,65
col_idx,83,66
col_idx,84,67
col_idx,85,68
col_idx,86,69
col_idx,87,70
col_idx,88,71
col_idx,89,72
col_idx,90,87
col_idx,91,88
col_idx,92,90
col_idx,93,91
col_idx,94,92
col_idx,95,93
col_idx,96,94
col_idx,97,95
col_idx,98,96
col_idx,99,97
col_idx,100,98
col_idx,101,0
col_idx,102,1
col_idx,103,2
col_idx,104,3
col_idx,105,4
col_idx,106,5
col_idx,107,6
col_idx,108,7
col_idx,109,8
col_idx,110,9
col_idx,111,10
col_idx,112,11
col_idx,113,12
col_idx,114,13
col_idx,115,14
col_idx,116,15
col_idx,117,16
col_idx,118,17
col_idx,119,23
col_idx,120,29
col_idx,121,30
col_idx,122,31
col_idx,123,32
col_idx,124,33
col_idx,125,34
col_idx,126,35
col_idx,127,36
col_idx,128,37
col_idx,129,38
col_idx,130,39
col_idx,131,40
col_idx,132,41
col_idx,133,42
col_idx,134,43
col_idx,135,44
col_idx,136,45
col_idx,137,46
col_idx,138,50
col_idx,139,51
col_idx,140,58
col_idx,141,59
col_idx,142,61
col_idx,143,62
col_idx,144,63
col_idx,145,64
col_idx,146,65
col_idx,147,66
col_idx,148,67
col_idx,149,68
col_idx,150,69
col_idx,151,70
col_idx,152,71
col_idx,153,72
col_idx,154,73
col_idx,155,74
col_idx,156,75
col_idx,157,90
col_idx,158,91
col_idx,159,93
col_idx,160,94
col_idx,161,95
col_idx,162,96
col_idx,163,97
col_idx,164,98
col_idx,165,99
col_idx,166,100
col_idx,167,101
col_idx,168,0
col_idx,169,3
col_idx,170,4
col_idx,171,5
col_idx,172,6
col_idx,173,7
col_idx,174,8
col_idx,175,9
col_idx,176,10
col_idx,177,11
col_idx,178,12
col_idx,179,13
col_idx,180,14
col_idx,181,15
col_idx,182,16
col_idx,183,17
col_idx,184,18
col_idx,185,19
col_idx,186,20
col_idx,187,21
col_idx,188,22
col_idx,189,23
col_idx,190,29
col_idx,191,32
col_idx,192,33
col_idx,193,34
col_idx,194,35
col_idx,195,36
col_idx,196,37
col_idx,197,38
col_idx,198,39
col_idx,199,40
col_idx,200,41
col_idx,201,42
col_idx,202,43
col_idx,203,44
col_idx,204,45
col_idx,205,46
col_idx,206,47
col_idx,207,48
col_idx,208,49
col_idx,209,50
col_idx,210,51
col_idx,211,52
col_idx,212,61
col_idx,213,62
col_idx,214,64
col_idx,215,65
col_idx,216,66
col_idx,217,67
col_idx,218,68
col_idx,219,69
col_idx,220,70
col_idx,221,71
col_idx,222,72
col_idx,223,73
col_idx,224,74
col_idx,225,75
col_idx,226,76
col_idx,227,77
col_idx,228,78
col_idx,229,79
col_idx,230,80
col_idx,231,81
col_idx,232,93
col_idx,233,94
col_idx,234,96
col_idx,235,97
col_idx,236,98
col_idx,237,99
col_idx,238,100
col_idx,239,101
col_idx,240,102
col_idx,241,103
col_idx,242,104
col_idx,243,108
col_idx,244,109
col_idx,245,131
col_idx,246,3
col_idx,247,6
col_idx,248,7
col_idx,249,8
col_idx,250,9
col_idx,251,10
col_idx,252,11
col_idx,253,12
col_idx,254,13
col_idx,255,14
col_idx,256,15
col_idx,257,16
col_idx,258,17
col_idx,259,18
col_idx,260,19
col_idx,261,20
col_idx,262,21
col_idx,263,22
col_idx,264,23
col_idx,265,32
col_idx,266,35
col_idx,267,36
col_idx,268,37
col_idx,269,38
col_idx,270,39
col_idx,271,40
col_idx,272,41
col_idx,273,42
col_idx,274,43
col_idx,275,44
col_idx,276,45
col_idx,277,46
col_idx,278,47
col_idx,279,48
col_idx,280,49
col_idx,281,50
col_idx,282,51
col_idx,283,52
col_idx,284,64
col_idx,285,65
col_idx,286,67
col_idx,287,68
col_idx,288,69
col_idx,289,70
col_idx,290,71
col_idx,291,72
col_idx,292,73
col_idx,293,74
col_idx,294,75
col_idx,295,76
col_idx,296,77
col_idx,297,78
col_idx,298,79
col_idx,299,80
col_idx,300,81
col_idx,301,96
col_idx,302,97
col_idx,303,99
col_idx,304,100
col_idx,305,101
col_idx,306,102
col_idx,307,103
col_idx,308,104
col_idx,309,105
col_idx,310,106
col_idx,311,107
col_idx,312,108
col_idx,313,109
col_idx,314,110
col_idx,315,130
col_idx,316,131
col_idx,317,6
col_idx,318,9
col_idx,319,10
col_idx,320,11
col_idx,321,12
col_idx,322,13
col_idx,323,14
col_idx,324,15
col_idx,325,16
col_idx,326,17
col_idx,327,18
col_idx,328,19
col_idx,329,20
col_idx,330,21
col_idx,331,22
col_idx,332,23
col_idx,333,35
col_idx,334,38
col_idx,335,39
col_idx,336,40
col_idx,337,41
col_idx,338,42
col_idx,339,43
col_idx,340,44
col_idx,341,45
col_idx,342,46
col_idx,343,47
col_idx,344,48
col_idx,345,49
col_idx,346,50
col_idx,347,51
col_idx,348,52
col_idx,349,67
col_idx,350,68
col_idx,351,70
col_idx,352,71
col_idx,353,72
col_idx,354,73
col_idx,355,74
col_idx,356,75
col_idx,357,76
col_idx,358,77
col_idx,359,78
col_idx,360,79
col_idx,361,80
col_idx,362,81
col_idx,363,99
col_idx,364,100
col_idx,365,102
col_idx,366,103
col_idx,367,104
col_idx,368,105
col_idx,369,106
col_idx,370,107
col_idx,371,108
col_idx,372,109
col_idx,373,110
col_idx,374,130
col_idx,375,131
col_idx,376,9
col_idx,377,12
col_idx,378,13
col_idx,379,14
col_idx,380,15
col_idx,381,16
col_idx,382,17
col_idx,383,18
col_idx,384,19
col_idx,385,20
col_idx,386,21
col_idx,387,22
col_idx,388,23
col_idx,389,38
col_idx,390,41
col_idx,391,42
col_idx,392,43
col_idx,393,44
col_idx,394,45
col_idx,395,46
col_idx,396,47
col_idx,397,48
col_idx,398,49
col_idx,399,50
col_idx,400,51
col_idx,401,52
col_idx,402,70
col_idx,403,71
col_idx,404,73
col_idx,405,74
col_idx,406,75
col_idx,407,76
col_idx,408,77
col_idx,409,78
col_idx,410,79
col_idx,411,80
col_idx,412,81
col_idx,413,102
col_idx,414,103
col_idx,415,105
col_idx,416,106
col_idx,417,107
col_idx,418,108
col_idx,419,109
col_idx,420,110
col_idx,421,130
col_idx,422,131
col_idx,423,12
col_idx,424,15
col_idx,425,16
col_idx,426,17
col_idx,427,18
col_idx,428,19
col_idx,429,20
col_idx,430,21
col_idx,431,22
col_idx,432,23
col_idx,433,24
col_idx,434,25
col_idx,435,26
col_idx,436,27
col_idx,437,28
col_idx,438,41
col_idx,439,44
col_idx,440,45
col_idx,441,46
col_idx,442,47
col_idx,443,48
col_idx,444,49
col_idx,445,50
col_idx,446,51
col_idx,447,52
col_idx,448,53
col_idx,449,54
col_idx,450,55
col_idx,451,56
col_idx,452,57
col_idx,453,73
col_idx,454,74
col_idx,455,76
col_idx,456,77
col_idx,457,78
col_idx,458,79
col_idx,459,80
col_idx,460,81
col_idx,461,82
col_idx,462,83
col_idx,463,84
col_idx,464,85
col_idx,465,86
col_idx,466,105
col_idx,467,106
col_idx,468,108
col_idx,469,109
col_idx,470,110
col_idx,471,111
col_idx,472,112
col_idx,473,113
col_idx,474,114
col_idx,475,115
col_idx,476,130
col_idx,477,131
col_idx,478,133
col_idx,479,21
col_idx,480,24
col_idx,481,25
col_idx,482,26
col_idx,483,27
col_idx,484,28
col_idx,485,50
col_idx,486,53
col_idx,487,54
col_idx,488,55
col_idx,489,56
col_idx,490,57
col_idx,491,79
col_idx,492,82
col_idx,493,83
col_idx,494,84
col_idx,495,85
col_idx,496,86
col_idx,497,108
col_idx,498,111
col_idx,499,112
col_idx,500,113
col_idx,501,114
col_idx,502,115
col_idx,503,130
col_idx,504,133
col_idx,505,0
col_idx,506,1
col_idx,507,2
col_idx,508,3
col_idx,509,4
col_idx,510,5
col_idx,511,6
col_idx,512,7
col_idx,513,8
col_idx,514,10
col_idx,515,11
col_idx,516,29
col_idx,517,30
col_idx,518,31
col_idx,519,32
col_idx,520,33
col_idx,521,34
col_idx,522,35
col_idx,523,36
col_idx,524,37
col_idx,525,38
col_idx,526,39
col_idx,527,40
col_idx,528,58
col_idx,529,59
col_idx,530,60
col_idx,531,61
col_idx,532,62
col_idx,533,63
col_idx,534,64
col_idx,535,65
col_idx,536,66
col_idx,537,67
col_idx,538,68
col_idx,539,69
col_idx,540,87
col_idx,541,88
col_idx,542,89
col_idx,543,90
col_idx,544,91
col_idx,545,92
col_idx,546,93
col_idx,547,94
col_idx,548,95
col_idx,549,96
col_idx,550,97
col_idx,551,98
col_idx,552,116
col_idx,553,117
col_idx,554,118
col_idx,555,119
col_idx,556,120
col_idx,557,121
col_idx,558,0
col_idx,559,1
col_idx,560,2
col_idx,561,3
col_idx,562,4
col_idx,563,5
col_idx,564,6
col_idx,565,7
col_idx,566,8
col_idx,567,9
col_idx,568,10
col_idx,569,11
col_idx,570,13
col_idx,571,14
col_idx,572,29
col_idx,573,30
col_idx,574,31
col_idx,575,32
col_idx,576,33
col_idx,577,34
col_idx,578,35
col_idx,579,36
col_idx,580,37
col_idx,581,38
col_idx,582,39
col_idx,583,40
col_idx,584,41
col_idx,585,42
col_idx,586,43
col_idx,587,58
col_idx,588,59
col_idx,589,60
col_idx,590,61
col_idx,591,62
col_idx,592,63
col_idx,593,64
col_idx,594,65
col_idx,595,66
col_idx,596,67
col_idx,597,68
col_idx,598,69
col_idx,599,70
col_idx,600,71
col_idx,601,72
col_idx,602,87
col_idx,603,88
col_idx,604,89
col_idx,605,90
col_idx,606,91
col_idx,607,92
col_idx,608,93
col_idx,609,94
col_idx,610,95
col_idx,611,96
col_idx,612,97
col_idx,613,98
col_idx,614,99
col_idx,615,100
col_idx,616,101
col_idx,617,116
col_idx,618,117
col_idx,619,118
col_idx,620,119
col_idx,621,120
col_idx,622,121
col_idx,623,122
col_idx,624,123
col_idx,625,0
col_idx,626,1
col_idx,627,2
col_idx,628,3
col_idx,629,4
col_idx,630,5
col_idx,631,6
col_idx,632,7
col_idx,633,8
col_idx,634,9
col_idx,635,10
col_idx,636,11
col_idx,637,12
col_idx,638,13
col_idx,639,14
col_idx,640,16
col_idx,641,17
col_idx,642,29
col_idx,643,30
col_idx,644,31
col_idx,645,32
col_idx,646,33
col_idx,647,34
col_idx,648,35
col_idx,649,36
col_idx,650,37
col_idx,651,38
col_idx,652,39
col_idx,653,40
col_idx,654,41
col_idx,655,42
col_idx,656,43
col_idx,657,44
col_idx,658,45
col_idx,659,46
col_idx,660,52
col_idx,661,58
col_idx,662,59
col_idx,663,60
col_idx,664,61
col_idx,665,62
col_idx,666,63
col_idx,667,64
col_idx,668,65
col_idx,669,66
col_idx,670,67
col_idx,671,68
col_idx,672,69
col_idx,673,70
col_idx,674,71
col_idx,675,72
col_idx,676,73
col_idx,677,74
col_idx,678,75
col_idx,679,79
col_idx,680,80
col_idx,681,87
col_idx,682,88
col_idx,683,90
col_idx,684,91
col_idx,685,92
col_idx,686,93
col_idx,687,94
col_idx,688,95
col_idx,689,96
col_idx,690,97
col_idx,691,98
col_idx,692,99
col_idx,693,100
col_idx,694,101
col_idx,695,102
col_idx,696,103
col_idx,697,104
col_idx,698,118
col_idx,699,119
col_idx,700,120
col_idx,701,121
col_idx,702,122
col_idx,703,123
col_idx,704,124
col_idx,705,125
col_idx,706,0
col_idx,707,3
col_idx,708,4
col_idx,709,5
col_idx,710,6
col_idx,711,7
col_idx,712,8
col_idx,713,9
col_idx,714,10
col_idx,715,11
col_idx,716,12
col_idx,717,13
col_idx,718,14
col_idx,719,15
col_idx,720,16
col_idx,721,17
col_idx,722,19
col_idx,723,20
col_idx,724,21
col_idx,725,22
col_idx,726,23
col_idx,727,29
col_idx,728,32
col_idx,729,33
col_idx,730,34
col_idx,731,35
col_idx,732,36
col_idx,733,37
col_idx,734,38
col_idx,735,39
col_idx,736,40
col_idx,737,41
col_idx,738,42
col_idx,739,43
col_idx,740,44
col_idx,741,45
col_idx,742,46
col_idx,743,47
col_idx,744,48
col_idx,745,49
col_idx,746,50
col_idx,747,51
col_idx,748,52
col_idx,749,58
col_idx,750,61
col_idx,751,62
col_idx,752,63
col_idx,753,64
col_idx,754,65
col_idx,755,66
col_idx,756,67
col_idx,757,68
col_idx,758,69
col_idx,759,70
col_idx,760,71
col_idx,761,72
col_idx,762,73
col_idx,763,74
col_idx,764,75
col_idx,765,76
col_idx,766,77
col_idx,767,78
col_idx,768,79
col_idx,769,80
col_idx,770,81
col_idx,771,90
col_idx,772,91
col_idx,773,93
col_idx,774,94
col_idx,775,95
col_idx,776,96
col_idx,777,97
col_idx,778,98
col_idx,779,99
col_idx,780,100
col_idx,781,101
col_idx,782,102
col_idx,783,103
col_idx,784,104
col_idx,785,105
col_idx,786,106
col_idx,787,107
col_idx,788,108
col_idx,789,109
col_idx,790,110
col_idx,791,120
col_idx,792,121
col_idx,793,122
col_idx,794,123
col_idx,795,124
col_idx,796,125
col_idx,797,126
col_idx,798,127
col_idx,799,130
col_idx,800,131
col_idx,801,3
col_idx,802,6
col_idx,803,7
col_idx,804,8
col_idx,805,9
col_idx,806,10
col_idx,807,11
col_idx,808,12
col_idx,809,13
col_idx,810,14
col_idx,811,15
col_idx,812,16
col_idx,813,17
col_idx,814,18
col_idx,815,19
col_idx,816,20
col_idx,817,21
col_idx,818,22
col_idx,819,23
col_idx,820,32
col_idx,821,35
col_idx,822,36
col_idx,823,37
col_idx,824,38
col_idx,825,39
col_idx,826,40
col_idx,827,41
col_idx,828,42
col_idx,829,43
col_idx,830,44
col_idx,831,45
col_idx,832,46
col_idx,833,47
col_idx,834,48
col_idx,835,49
col_idx,836,50
col_idx,837,51
col_idx,838,52
col_idx,839,61
col_idx,840,64
col_idx,841,65
col_idx,842,66
col_idx,843,67
col_idx,844,68
col_idx,845,69
col_idx,846,70
col_idx,847,71
col_idx,848,72
col_idx,849,73
col_idx,850,74
col_idx,851,75
col_idx,852,76
col_idx,853,77
col_idx,854,78
col_idx,855,79
col_idx,856,80
col_idx,857,81
col_idx,858,93
col_idx,859,94
col_idx,860,96
col_idx,861,97
col_idx,862,98
col_idx,863,99
col_idx,864,100
col_idx,865,101
col_idx,866,102
col_idx,867,103
col_idx,868,104
col_idx,869,105
col_idx,870,106
col_idx,871,107
col_idx,872,108
col_idx,873,109
col_idx,874,110
col_idx,875,122
col_idx,876,123
col_idx,877,124
col_idx,878,125
col_idx,879,126
col_idx,880,127
col_idx,881,128
col_idx,882,129
col_idx,883,130
col_idx,884,131
col_idx,885,6
col_idx,886,9
col_idx,887,10
col_idx,888,11
col_idx,889,12
col_idx,890,13
col_idx,891,14
col_idx,892,15
col_idx,893,16
col_idx,894,17
col_idx,895,18
col_idx,896,19
col_idx,897,20
col_idx,898,21
col_idx,899,22
col_idx,900,23
col_idx,901,35
col_idx,902,38
col_idx,903,39
col_idx,904,40
col_idx,905,41
col_idx,906,42
col_idx,907,43
col_idx,908,44
col_idx,909,45
col_idx,910,46
col_idx,911,47
col_idx,912,48
col_idx,913,49
col_idx,914,50
col_idx,915,51
col_idx,916,52
col_idx,917,64
col_idx,918,67
col_idx,919,68
col_idx,920,69
col_idx,921,70
col_idx,922,71
col_idx,923,72
col_idx,924,73
col_idx,925,74
col_idx,926,75
col_idx,927,76
col_idx,928,77
col_idx,929,78
col_idx,930,79
col_idx,931,80
col_idx,932,81
col_idx,933,96
col_idx,934,97
col_idx,935,99
col_idx,936,100
col_idx,937,101
col_idx,938,102
col_idx,939,103
col_idx,940,104
col_idx,941,105
col_idx,942,106
col_idx,943,107
col_idx,944,108
col_idx,945,109
col_idx,946,110
col_idx,947,124
col_idx,948,125
col_idx,949,126
col_idx,950,127
col_idx,951,128
col_idx,952,129
col_idx,953,130
col_idx,954,131
col_idx,955,9
col_idx,956,12
col_idx,957,13
col_idx,958,14
col_idx,959,15
col_idx,960,16
col_idx,961,17
col_idx,962,18
col_idx,963,19
col_idx,964,20
col_idx,965,21
col_idx,966,22
col_idx,967,23
col_idx,968,38
col_idx,969,41
col_idx,970,42
col_idx,971,43
col_idx,972,44
col_idx,973,45
col_idx,974,46
col_idx,975,47
col_idx,976,48
col_idx,977,49
col_idx,978,50
col_idx,979,51
col_idx,980,52
col_idx,981,67
col_idx,982,70
col_idx,983,71
col_idx,984,72
col_idx,985,73
col_idx,986,74
col_idx,987,75
col_idx,988,76
col_idx,989,77
col_idx,990,78
col_idx,991,79
col_idx,992,80
col_idx,993,81
col_idx,994,99
col_idx,995,100
col_idx,996,102
col_idx,997,103
col_idx,998,104
col_idx,999,105
col_idx,1000,106
col_idx,1001,107
col_idx,1002,108
col_idx,1003,109
col_idx,1004,110
col_idx,1005,126
col_idx,1006,127
col_idx,1007,128
col_idx,1008,129
col_idx,1009,130
col_idx,1010,131
col_idx,1011,12
col_idx,1012,15
col_idx,1013,16
col_idx,1014,17
col_idx,1015,18
col_idx,1016,19
col_idx,1017,20
col_idx,1018,21
col_idx,1019,22
col_idx,1020,23
col_idx,1021,24
col_idx,1022,25
col_idx,1023,26
col_idx,1024,27
col_idx,1025,28
col_idx,1026,41
col_idx,1027,44
col_idx,1028,45
col_idx,1029,46
col_idx,1030,47
col_idx,1031,48
col_idx,1032,49
col_idx,1033,50
col_idx,1034,51
col_idx,1035,52
col_idx,1036,53
col_idx,1037,54
col_idx,1038,55
col_idx,1039,56
col_idx,1040,57
col_idx,1041,70
col_idx,1042,73
col_idx,1043,74
col_idx,1044,75
col_idx,1045,76
col_idx,1046,77
col_idx,1047,78
col_idx,1048,79
col_idx,1049,80
col_idx,1050,81
col_idx,1051,82
col_idx,1052,83
col_idx,1053,84
col_idx,1054,85
col_idx,1055,86
col_idx,1056,102
col_idx,1057,103
col_idx,1058,105
col_idx,1059,106
col_idx,1060,107
col_idx,1061,108
col_idx,1062,109
col_idx,1063,110
col_idx,1064,111
col_idx,1065,112
col_idx,1066,113
col_idx,1067,114
col_idx,1068,115
col_idx,1069,128
col_idx,1070,129
col_idx,1071,130
col_idx,1072,131
col_idx,1073,132
col_idx,1074,133
col_idx,1075,134
col_idx,1076,21
col_idx,1077,24
col_idx,1078,25
col_idx,1079,26
col_idx,1080,27
col_idx,1081,28
col_idx,1082,50
col_idx,1083,53
col_idx,1084,54
col_idx,1085,55
col_idx,1086,56
col_idx,1087,57
col_idx,1088,79
col_idx,1089,82
col_idx,1090,83
col_idx,1091,84
col_idx,1092,85
col_idx,1093,86
col_idx,1094,108
col_idx,1095,111
col_idx,1096,112
col_idx,1097,113
col_idx,1098,114
col_idx,1099,115
col_idx,1100,130
col_idx,1101,132
col_idx,1102,133
col_idx,1103,134
col_idx,1104,0
col_idx,1105,1
col_idx,1106,2
col_idx,1107,3
col_idx,1108,4
col_idx,1109,5
col_idx,1110,7
col_idx,1111,8
col_idx,1112,29
col_idx,1113,30
col_idx,1114,31
col_idx,1115,32
col_idx,1116,33
col_idx,1117,34
col_idx,1118,35
col_idx,1119,36
col_idx,1120,37
col_idx,1121,39
col_idx,1122,40
col_idx,1123,58
col_idx,1124,59
col_idx,1125,60
col_idx,1126,61
col_idx,1127,62
col_idx,1128,63
col_idx,1129,64
col_idx,1130,65
col_idx,1131,66
col_idx,1132,67
col_idx,1133,68
col_idx,1134,69
col_idx,1135,87
col_idx,1136,88
col_idx,1137,89
col_idx,1138,90
col_idx,1139,91
col_idx,1140,92
col_idx,1141,93
col_idx,1142,94
col_idx,1143,95
col_idx,1144,96
col_idx,1145,97
col_idx,1146,98
col_idx,1147,116
col_idx,1148,117
col_idx,1149,118
col_idx,1150,119
col_idx,1151,120
col_idx,1152,121
col_idx,1153,122
col_idx,1154,123
col_idx,1155,0
col_idx,1156,1
col_idx,1157,2
col_idx,1158,3
col_idx,1159,4
col_idx,1160,5
col_idx,1161,6
col_idx,1162,7
col_idx,1163,8
col_idx,1164,10
col_idx,1165,11
col_idx,1166,29
col_idx,1167,30
col_idx,1168,31
col_idx,1169,32
col_idx,1170,33
col_idx,1171,34
col_idx,1172,35
col_idx,1173,36
col_idx,1174,37
col_idx,1175,38
col_idx,1176,39
col_idx,1177,40
col_idx,1178,42
col_idx,1179,43
col_idx,1180,58
col_idx,1181,59
col_idx,1182,60
col_idx,1183,61
col_idx,1184,62
col_idx,1185,63
col_idx,1186,64
col_idx,1187,65
col_idx,1188,66
col_idx,1189,67
col_idx,1190,68
col_idx,1191,69
col_idx,1192,70
col_idx,1193,71
col_idx,1194,72
col_idx,1195,87
col_idx,1196,88
col_idx,1197,89
col_idx,1198,90
col_idx,1199,91
col_idx,1200,92
col_idx,1201,93
col_idx,1202,94
col_idx,1203,95
col_idx,1204,96
col_idx,1205,97
col_idx,1206,98
col_idx,1207,99
col_idx,1208,100
col_idx,1209,101
col_idx,1210,116
col_idx,1211,117
col_idx,1212,118
col_idx,1213,119
col_idx,1214,120
col_idx,1215,121
col_idx,1216,122
col_idx,1217,123
col_idx,1218,124
col_idx,1219,125
col_idx,1220,0
col_idx,1221,2
col_idx,1222,3
col_idx,1223,4
col_idx,1224,5
col_idx,1225,6
col_idx,1226,7
col_idx,1227,8
col_idx,1228,9
col_idx,1229,10
col_idx,1230,11
col_idx,1231,13
col_idx,1232,14
col_idx,1233,29
col_idx,1234,30
col_idx,1235,31
col_idx,1236,32
col_idx,1237,33
col_idx,1238,34
col_idx,1239,35
col_idx,1240,36
col_idx,1241,37
col_idx,1242,38
col_idx,1243,39
col_idx,1244,40
col_idx,1245,41
col_idx,1246,42
col_idx,1247,43
col_idx,1248,45
col_idx,1249,46
col_idx,1250,58
col_idx,1251,59
col_idx,1252,60
col_idx,1253,61
col_idx,1254,62
col_idx,1255,63
col_idx,1256,64
col_idx,1257,65
col_idx,1258,66
col_idx,1259,67
col_idx,1260,68
col_idx,1261,69
col_idx,1262,70
col_idx,1263,71
col_idx,1264,72
col_idx,1265,73
col_idx,1266,74
col_idx,1267,75
col_idx,1268,81
col_idx,1269,87
col_idx,1270,88
col_idx,1271,89
col_idx,1272,90
col_idx,1273,91
col_idx,1274,92
col_idx,1275,93
col_idx,1276,94
col_idx,1277,95
col_idx,1278,96
col_idx,1279,97
col_idx,1280,98
col_idx,1281,99
col_idx,1282,100
col_idx,1283,101
col_idx,1284,102
col_idx,1285,103
col_idx,1286,104
col_idx,1287,108
col_idx,1288,109
col_idx,1289,116
col_idx,1290,117
col_idx,1291,118
col_idx,1292,119
col_idx,1293,120
col_idx,1294,121
col_idx,1295,122
col_idx,1296,123
col_idx,1297,124
col_idx,1298,125
col_idx,1299,126
col_idx,1300,127
col_idx,1301,3
col_idx,1302,5
col_idx,1303,6
col_idx,1304,7
col_idx,1305,8
col_idx,1306,9
col_idx,1307,10
col_idx,1308,11
col_idx,1309,12
col_idx,1310,13
col_idx,1311,14
col_idx,1312,16
col_idx,1313,17
col_idx,1314,21
col_idx,1315,22
col_idx,1316,23
col_idx,1317,29
col_idx,1318,32
col_idx,1319,33
col_idx,1320,34
col_idx,1321,35
col_idx,1322,36
col_idx,1323,37
col_idx,1324,38
col_idx,1325,39
col_idx,1326,40
col_idx,1327,41
col_idx,1328,42
col_idx,1329,43
col_idx,1330,44
col_idx,1331,45
col_idx,1332,46
col_idx,1333,48
col_idx,1334,49
col_idx,1335,50
col_idx,1336,51
col_idx,1337,52
col_idx,1338,58
col_idx,1339,61
col_idx,1340,62
col_idx,1341,63
col_idx,1342,64
col_idx,1343,65
col_idx,1344,66
col_idx,1345,67
col_idx,1346,68
col_idx,1347,69
col_idx,1348,70
col_idx,1349,71
col_idx,1350,72
col_idx,1351,73
col_idx,1352,74
col_idx,1353,75
col_idx,1354,76
col_idx,1355,77
col_idx,1356,78
col_idx,1357,79
col_idx,1358,80
col_idx,1359,81
col_idx,1360,87
col_idx,1361,90
col_idx,1362,91
col_idx,1363,92
col_idx,1364,93
col_idx,1365,94
col_idx,1366,95
col_idx,1367,96
col_idx,1368,97
col_idx,1369,98
col_idx,1370,99
col_idx,1371,100
col_idx,1372,101
col_idx,1373,102
col_idx,1374,103
col_idx,1375,104
col_idx,1376,105
col_idx,1377,106
col_idx,1378,107
col_idx,1379,108
col_idx,1380,109
col_idx,1381,110
col_idx,1382,118
col_idx,1383,119
col_idx,1384,120
col_idx,1385,121
col_idx,1386,122
col_idx,1387,123
col_idx,1388,124
col_idx,1389,125
col_idx,1390,126
col_idx,1391,127
col_idx,1392,128
col_idx,1393,129
col_idx,1394,130
col_idx,1395,131
col_idx,1396,6
col_idx,1397,8
col_idx,1398,9
col_idx,1399,10
col_idx,1400,11
col_idx,1401,12
col_idx,1402,13
col_idx,1403,14
col_idx,1404,15
col_idx,1405,16
col_idx,1406,17
col_idx,1407,19
col_idx,1408,20
col_idx,1409,21
col_idx,1410,22
col_idx,1411,23
col_idx,1412,32
col_idx,1413,35
col_idx,1414,36
col_idx,1415,37
col_idx,1416,38
col_idx,1417,39
col_idx,1418,40
col_idx,1419,41
col_idx,1420,42
col_idx,1421,43
col_idx,1422,44
col_idx,1423,45
col_idx,1424,46
col_idx,1425,47
col_idx,1426,48
col_idx,1427,49
col_idx,1428,50
col_idx,1429,51
col_idx,1430,52
col_idx,1431,61
col_idx,1432,64
col_idx,1433,65
col_idx,1434,66
col_idx,1435,67
col_idx,1436,68
col_idx,1437,69
col_idx,1438,70
col_idx,1439,71
col_idx,1440,72
col_idx,1441,73
col_idx,1442,74
col_idx,1443,75
col_idx,1444,76
col_idx,1445,77
col_idx,1446,78
col_idx,1447,79
col_idx,1448,80
col_idx,1449,81
col_idx,1450,90
col_idx,1451,93
col_idx,1452,94
col_idx,1453,95
col_idx,1454,96
col_idx,1455,97
col_idx,1456,98
col_idx,1457,99
col_idx,1458,100
col_idx,1459,101
col_idx,1460,102
col_idx,1461,103
col_idx,1462,104
col_idx,1463,105
col_idx,1464,106
col_idx,1465,107
col_idx,1466,108
col_idx,1467,109
col_idx,1468,110
col_idx,1469,120
col_idx,1470,121
col_idx,1471,122
col_idx,1472,123
col_idx,1473,124
col_idx,1474,125
col_idx,1475,126
col_idx,1476,127
col_idx,1477,128
col_idx,1478,129
col_idx,1479,130
col_idx,1480,131
col_idx,1481,9
col_idx,1482,11
col_idx,1483,12
col_idx,1484,13
col_idx,1485,14
col_idx,1486,15
col_idx,1487,16
col_idx,1488,17
col_idx,1489,18
col_idx,1490,19
col_idx,1491,20
col_idx,1492,21
col_idx,1493,22
col_idx,1494,23
col_idx,1495,35
col_idx,1496,38
col_idx,1497,39
col_idx,1498,40
col_idx,1499,41
col_idx,1500,42
col_idx,1501,43
col_idx,1502,44
col_idx,1503,45
col_idx,1504,46
col_idx,1505,47
col_idx,1506,48
col_idx,1507,49
col_idx,1508,50
col_idx,1509,51
col_idx,1510,52
col_idx,1511,64
col_idx,1512,67
col_idx,1513,68
col_idx,1514,69
col_idx,1515,70
col_idx,1516,71
col_idx,1517,72
col_idx,1518,73
col_idx,1519,74
col_idx,1520,75
col_idx,1521,76
col_idx,1522,77
col_idx,1523,78
col_idx,1524,79
col_idx,1525,80
col_idx,1526,81
col_idx,1527,93
col_idx,1528,96
col_idx,1529,97
col_idx,1530,98
col_idx,1531,99
col_idx,1532,100
col_idx,1533,101
col_idx,1534,102
col_idx,1535,103
col_idx,1536,104
col_idx,1537,105
col_idx,1538,106
col_idx,1539,107
col_idx,1540,108
col_idx,1541,109
col_idx,1542,110
col_idx,1543,122
col_idx,1544,123
col_idx,1545,124
col_idx,1546,125
col_idx,1547,126
col_idx,1548,127
col_idx,1549,128
col_idx,1550,129
col_idx,1551,130
col_idx,1552,131
col_idx,1553,12
col_idx,1554,14
col_idx,1555,15
col_idx,1556,16
col_idx,1557,17
col_idx,1558,18
col_idx,1559,19
col_idx,1560,20
col_idx,1561,21
col_idx,1562,22
col_idx,1563,23
col_idx,1564,38
col_idx,1565,41
col_idx,1566,42
col_idx,1567,43
col_idx,1568,44
col_idx,1569,45
col_idx,1570,46
col_idx,1571,47
col_idx,1572,48
col_idx,1573,49
col_idx,1574,50
col_idx,1575,51
col_idx,1576,52
col_idx,1577,67
col_idx,1578,70
col_idx,1579,71
col_idx,1580,72
col_idx,1581,73
col_idx,1582,74
col_idx,1583,75
col_idx,1584,76
col_idx,1585,77
col_idx,1586,78
col_idx,1587,79
col_idx,1588,80
col_idx,1589,81
col_idx,1590,96
col_idx,1591,99
col_idx,1592,100
col_idx,1593,101
col_idx,1594,102
col_idx,1595,103
col_idx,1596,104
col_idx,1597,105
col_idx,1598,106
col_idx,1599,107
col_idx,1600,108
col_idx,1601,109
col_idx,1602,110
col_idx,1603,124
col_idx,1604,125
col_idx,1605,126
col_idx,1606,127
col_idx,1607,128
col_idx,1608,129
col_idx,1609,130
col_idx,1610,131
col_idx,1611,15
col_idx,1612,17
col_idx,1613,18
col_idx,1614,19
col_idx,1615,20
col_idx,1616,21
col_idx,1617,22
col_idx,1618,23
col_idx,1619,24
col_idx,1620,25
col_idx,1621,26
col_idx,1622,27
col_idx,1623,28
col_idx,1624,41
col_idx,1625,44
col_idx,1626,45
col_idx,1627,46
col_idx,1628,47
col_idx,1629,48
col_idx,1630,49
col_idx,1631,50
col_idx,1632,51
col_idx,1633,52
col_idx,1634,53
col_idx,1635,54
col_idx,1636,55
col_idx,1637,56
col_idx,1638,57
col_idx,1639,70
col_idx,1640,73
col_idx,1641,74
col_idx,1642,75
col_idx,1643,76
col_idx,1644,77
col_idx,1645,78
col_idx,1646,79
col_idx,1647,80
col_idx,1648,81
col_idx,1649,82
col_idx,1650,83
col_idx,1651,84
col_idx,1652,85
col_idx,1653,86
col_idx,1654,99
col_idx,1655,102
col_idx,1656,103
col_idx,1657,104
col_idx,1658,105
col_idx,1659,106
col_idx,1660,107
col_idx,1661,108
col_idx,1662,109
col_idx,1663,110
col_idx,1664,111
col_idx,1665,112
col_idx,1666,113
col_idx,1667,114
col_idx,1668,115
col_idx,1669,126
col_idx,1670,127
col_idx,1671,128
col_idx,1672,129
col_idx,1673,130
col_idx,1674,131
col_idx,1675,132
col_idx,1676,133
col_idx,1677,134
col_idx,1678,21
col_idx,1679,24
col_idx,1680,25
col_idx,1681,26
col_idx,1682,27
col_idx,1683,28
col_idx,1684,50
col_idx,1685,53
col_idx,1686,54
col_idx,1687,55
col_idx,1688,56
col_idx,1689,57
col_idx,1690,79
col_idx,1691,82
col_idx,1692,83
col_idx,1693,84
col_idx,1694,85
col_idx,1695,86
col_idx,1696,108
col_idx,1697,111
col_idx,1698,112
col_idx,1699,113
col_idx,1700,114
col_idx,1701,115
col_idx,1702,130
col_idx,1703,132
col_idx,1704,133
col_idx,1705,134
col_idx,1706,2
col_idx,1707,5
col_idx,1708,29
col_idx,1709,30
col_idx,1710,31
col_idx,1711,32
col_idx,1712,33
col_idx,1713,34
col_idx,1714,36
col_idx,1715,37
col_idx,1716,58
col_idx,1717,59
col_idx,1718,60
col_idx,1719,61
col_idx,1720,62
col_idx,1721,63
col_idx,1722,64
col_idx,1723,65
col_idx,1724,66
col_idx,1725,68
col_idx,1726,69
col_idx,1727,87
col_idx,1728,88
col_idx,1729,89
col_idx,1730,90
col_idx,1731,91
col_idx,1732,92
col_idx,1733,93
col_idx,1734,94
col_idx,1735,95
col_idx,1736,96
col_idx,1737,97
col_idx,1738,98
col_idx,1739,116
col_idx,1740,117
col_idx,1741,118
col_idx,1742,119
col_idx,1743,120
col_idx,1744,121
col_idx,1745,122
col_idx,1746,123
col_idx,1747,2
col_idx,1748,5
col_idx,1749,8
col_idx,1750,29
col_idx,1751,30
col_idx,1752,31
col_idx,1753,32
col_idx,1754,33
col_idx,1755,34
col_idx,1756,35
col_idx,1757,36
col_idx,1758,37
col_idx,1759,39
col_idx,1760,40
col_idx,1761,58
col_idx,1762,59
col_idx,1763,60
col_idx,1764,61
col_idx,1765,62
col_idx,1766,63
col_idx,1767,64
col_idx,1768,65
col_idx,1769,66
col_idx,1770,67
col_idx,1771,68
col_idx,1772,69
col_idx,1773,71
col_idx,1774,72
col_idx,1775,87
col_idx,1776,88
col_idx,1777,89
col_idx,1778,90
col_idx,1779,91
col_idx,1780,92
col_idx,1781,93
col_idx,1782,94
col_idx,1783,95
col_idx,1784,96
col_idx,1785,97
col_idx,1786,98
col_idx,1787,99
col_idx,1788,100
col_idx,1789,101
col_idx,1790,116
col_idx,1791,117
col_idx,1792,118
col_idx,1793,119
col_idx,1794,120
col_idx,1795,121
col_idx,1796,122
col_idx,1797,123
col_idx,1798,124
col_idx,1799,125
col_idx,1800,5
col_idx,1801,8
col_idx,1802,11
col_idx,1803,29
col_idx,1804,31
col_idx,1805,32
col_idx,1806,33
col_idx,1807,34
col_idx,1808,35
col_idx,1809,36
col_idx,1810,37
col_idx,1811,38
col_idx,1812,39
col_idx,1813,40
col_idx,1814,42
col_idx,1815,43
col_idx,1816,58
col_idx,1817,59
col_idx,1818,60
col_idx,1819,61
col_idx,1820,62
col_idx,1821,63
col_idx,1822,64
col_idx,1823,65
col_idx,1824,66
col_idx,1825,67
col_idx,1826,68
col_idx,1827,69
col_idx,1828,70
col_idx,1829,71
col_idx,1830,72
col_idx,1831,74
col_idx,1832,75
col_idx,1833,87
col_idx,1834,88
col_idx,1835,89
col_idx,1836,90
col_idx,1837,91
col_idx,1838,92
col_idx,1839,93
col_idx,1840,94
col_idx,1841,95
col_idx,1842,96
col_idx,1843,97
col_idx,1844,98
col_idx,1845,99
col_idx,1846,100
col_idx,1847,101
col_idx,1848,102
col_idx,1849,103
col_idx,1850,104
col_idx,1851,110
col_idx,1852,116
col_idx,1853,117
col_idx,1854,118
col_idx,1855,119
col_idx,1856,120
col_idx,1857,121
col_idx,1858,122
col_idx,1859,123
col_idx,1860,124
col_idx,1861,125
col_idx,1862,126
col_idx,1863,127
col_idx,1864,130
col_idx,1865,131
col_idx,1866,8
col_idx,1867,11
col_idx,1868,14
col_idx,1869,23
col_idx,1870,32
col_idx,1871,34
col_idx,1872,35
col_idx,1873,36
col_idx,1874,37
col_idx,1875,38
col_idx,1876,39
col_idx,1877,40
col_idx,1878,41
col_idx,1879,42
col_idx,1880,43
col_idx,1881,45
col_idx,1882,46
col_idx,1883,50
col_idx,1884,51
col_idx,1885,52
col_idx,1886,58
col_idx,1887,61
col_idx,1888,62
col_idx,1889,63
col_idx,1890,64
col_idx,1891,65
col_idx,1892,66
col_idx,1893,67
col_idx,1894,68
col_idx,1895,69
col_idx,1896,70
col_idx,1897,71
col_idx,1898,72
col_idx,1899,73
col_idx,1900,74
col_idx,1901,75
col_idx,1902,77
col_idx,1903,78
col_idx,1904,79
col_idx,1905,80
col_idx,1906,81
col_idx,1907,87
col_idx,1908,90
col_idx,1909,91
col_idx,1910,92
col_idx,1911,93
col_idx,1912,94
col_idx,1913,95
col_idx,1914,96
col_idx,1915,97
col_idx,1916,98
col_idx,1917,99
col_idx,1918,100
col_idx,1919,101
col_idx,1920,102
col_idx,1921,103
col_idx,1922,104
col_idx,1923,105
col_idx,1924,106
col_idx,1925,107
col_idx,1926,108
col_idx,1927,109
col_idx,1928,110
col_idx,1929,116
col_idx,1930,118
col_idx,1931,119
col_idx,1932,120
col_idx,1933,121
col_idx,1934,122
col_idx,1935,123
col_idx,1936,124
col_idx,1937,125
col_idx,1938,126
col_idx,1939,127
col_idx,1940,128
col_idx,1941,129
col_idx,1942,130
col_idx,1943,131
col_idx,1944,11
col_idx,1945,14
col_idx,1946,17
col_idx,1947,21
col_idx,1948,22
col_idx,1949,23
col_idx,1950,35
col_idx,1951,37
col_idx,1952,38
col_idx,1953,39
col_idx,1954,40
col_idx,1955,41
col_idx,1956,42
col_idx,1957,43
col_idx,1958,44
col_idx,1959,45
col_idx,1960,46
col_idx,1961,48
col_idx,1962,49
col_idx,1963,50
col_idx,1964,51
col_idx,1965,52
col_idx,1966,61
col_idx,1967,64
col_idx,1968,65
col_idx,1969,66
col_idx,1970,67
col_idx,1971,68
col_idx,1972,69
col_idx,1973,70
col_idx,1974,71
col_idx,1975,72
col_idx,1976,73
col_idx,1977,74
col_idx,1978,75
col_idx,1979,76
col_idx,1980,77
col_idx,1981,78
col_idx,1982,79
col_idx,1983,80
col_idx,1984,81
col_idx,1985,90
col_idx,1986,93
col_idx,1987,94
col_idx,1988,95
col_idx,1989,96
col_idx,1990,97
col_idx,1991,98
col_idx,1992,99
col_idx,1993,100
col_idx,1994,101
col_idx,1995,102
col_idx,1996,103
col_idx,1997,104
col_idx,1998,105
col_idx,1999,106
col_idx,2000,107
col_idx,2001,108
col_idx,2002,109
col_idx,2003,110
col_idx,2004,118
col_idx,2005,120
col_idx,2006,121
col_idx,2007,122
col_idx,2008,123
col_idx,2009,124
col_idx,2010,125
col_idx,2011,126
col_idx,2012,127
col_idx,2013,128
col_idx,2014,129
col_idx,2015,130
col_idx,2016,131
col_idx,2017,14
col_idx,2018,17
col_idx,2019,20
col_idx,2020,21
col_idx,2021,22
col_idx,2022,23
col_idx,2023,38
col_idx,2024,40
col_idx,2025,41
col_idx,2026,42
col_idx,2027,43
col_idx,2028,44
col_idx,2029,45
col_idx,2030,46
col_idx,2031,47
col_idx,2032,48
col_idx,2033,49
col_idx,2034,50
col_idx,2035,51
col_idx,2036,52
col_idx,2037,64
col_idx,2038,67
col_idx,2039,68
col_idx,2040,69
col_idx,2041,70
col_idx,2042,71
col_idx,2043,72
col_idx,2044,73
col_idx,2045,74
col_idx,2046,75
col_idx,2047,76
col_idx,2048,77
col_idx,2049,78
col_idx,2050,79
col_idx,2051,80
col_idx,2052,81
col_idx,2053,93
col_idx,2054,96
col_idx,2055,97
col_idx,2056,98
col_idx,2057,99
col_idx,2058,100
col_idx,2059,101
col_idx,2060,102
col_idx,2061,103
col_idx,2062,104
col_idx,2063,105
col_idx,2064,106
col_idx,2065,107
col_idx,2066,108
col_idx,2067,109
col_idx,2068,110
col_idx,2069,120
col_idx,2070,122
col_idx,2071,123
col_idx,2072,124
col_idx,2073,125
col_idx,2074,126
col_idx,2075,127
col_idx,2076,128
col_idx,2077,129
col_idx,2078,130
col_idx,2079,131
col_idx,2080,17
col_idx,2081,20
col_idx,2082,21
col_idx,2083,22
col_idx,2084,23
col_idx,2085,41
col_idx,2086,43
col_idx,2087,44
col_idx,2088,45
col_idx,2089,46
col_idx,2090,47
col_idx,2091,48
col_idx,2092,49
col_idx,2093,50
col_idx,2094,51
col_idx,2095,52
col_idx,2096,67
col_idx,2097,70
col_idx,2098,71
col_idx,2099,72
col_idx,2100,73
col_idx,2101,74
col_idx,2102,75
col_idx,2103,76
col_idx,2104,77
col_idx,2105,78
col_idx,2106,79
col_idx,2107,80
col_idx,2108,81
col_idx,2109,96
col_idx,2110,99
col_idx,2111,100
col_idx,2112,101
col_idx,2113,102
col_idx,2114,103
col_idx,2115,104
col_idx,2116,105
col_idx,2117,106
col_idx,2118,107
col_idx,2119,108
col_idx,2120,109
col_idx,2121,110
col_idx,2122,122
col_idx,2123,124
col_idx,2124,125
col_idx,2125,126
col_idx,2126,127
col_idx,2127,128
col_idx,2128,129
col_idx,2129,130
col_idx,2130,131
col_idx,2131,20
col_idx,2132,21
col_idx,2133,22
col_idx,2134,23
col_idx,2135,25
col_idx,2136,26
col_idx,2137,44
col_idx,2138,46
col_idx,2139,47
col_idx,2140,48
col_idx,2141,49
col_idx,2142,50
col_idx,2143,51
col_idx,2144,52
col_idx,2145,53
col_idx,2146,54
col_idx,2147,55
col_idx,2148,56
col_idx,2149,57
col_idx,2150,70
col_idx,2151,73
col_idx,2152,74
col_idx,2153,75
col_idx,2154,76
col_idx,2155,77
col_idx,2156,78
col_idx,2157,79
col_idx,2158,80
col_idx,2159,81
col_idx,2160,82
col_idx,2161,83
col_idx,2162,84
col_idx,2163,85
col_idx,2164,86
col_idx,2165,99
col_idx,2166,102
col_idx,2167,103
col_idx,2168,104
col_idx,2169,105
col_idx,2170,106
col_idx,2171,107
col_idx,2172,108
col_idx,2173,109
col_idx,2174,110
col_idx,2175,111
col_idx,2176,112
col_idx,2177,113
col_idx,2178,114
col_idx,2179,115
col_idx,2180,124
col_idx,2181,126
col_idx,2182,127
col_idx,2183,128
col_idx,2184,129
col_idx,2185,130
col_idx,2186,131
col_idx,2187,132
col_idx,2188,133
col_idx,2189,134
col_idx,2190,21
col_idx,2191,25
col_idx,2192,26
col_idx,2193,28
col_idx,2194,50
col_idx,2195,53
col_idx,2196,54
col_idx,2197,55
col_idx,2198,56
col_idx,2199,57
col_idx,2200,79
col_idx,2201,82
col_idx,2202,83
col_idx,2203,84
col_idx,2204,85
col_idx,2205,86
col_idx,2206,108
col_idx,2207,111
col_idx,2208,112
col_idx,2209,113
col_idx,2210,114
col_idx,2211,115
col_idx,2212,130
col_idx,2213,132
col_idx,2214,133
col_idx,2215,134
values,0,0.04774440923964661
values,1,0.03369074688488632
values,2,0.04522857795125627
values,3,0.008128166683398908
values,4,0.002912121340149109
values,5,-0.04413929731959512
values,6,0.00102798918218093
values,7,-0.0005940714268508603
values,8,-0.001236337900116364
values,9,1.389119521936552e-06
values,10,-0.0001360016738134445
values,11,-9.881664007407658e-05
values,12,-0.04603716943875306
values,13,-0.0005516577740256358
values,14,0.009178944332238054
values,15,0.002059638213778868
values,16,-0.03159647070040912
values,17,0.00336633821665841
values,18,0.000504650261317911
values,19,-0.001464041676327414
values,20,-0.0003027876398065242
values,21,2.239024931117577e-06
values,22,-9.069975005754714e-05
values,23,-9.490338658519843e-05
values,24,-0.001780486745389866
values,25,-0.00131481540902744
values,26,0.001576556841691756
values,27,-0.000535014830438965
values,28,-0.00218037851372476
values,29,0.0009524377147868148
values,30,-9.998778267285666e-05
values,31,-0.000568205750864137
values,32,-5.979663253729898e-05
values,33,-5.697545165097804e-08
values,34,8.748343875722934e-06
values,35,-4.907818580341193e-06
values,36,-0.0002934816973494595
values,37,-0.0003028207269893492
values,38,5.308831781887588e-05
values,39,-0.0002153153643799326
values,40,-0.0003241860291564444
values,41,4.636275310392941e-05
values,42,-1.579956550333119e-05
values,43,1.043801378673666e-05
values,44,-1.458558778117546e-06
values,45,-0.001749817548487572
values,46,0.001924279233291634
values,47,0.001368178202303181
values,48,0.04794521144982916
values,49,0.03294874049199905
values,50,0.04381980204481763
values,51,0.008228116714047549
values,52,0.003064955580909753
values,53,-0.04405000739158125
values,54,0.001031638811602487
values,55,-0.0006266754796384899
values,56,-0.001257715098611649
values,57,1.38911952193793e-06
values,58,-0.0001360016738134978
values,59,-9.881664007408829e-05
values,60,-0.007493238195055049
values,61,0.001158341095128635
values,62,0.001188395794191434
values,63,-0.04599779568725805
values,64,-0.001650624571866374
values,65,0.00860939064732252
values,66,0.002065619985076489
values,67,-0.03172894924289342
values,68,0.003508308597694754
values,69,0.0005043662066441347
values,70,-0.00146734367000384
values,71,-0.0003110302680740788
values,72,2.239024931115962e-06
values,73,-9.069975005750872e-05
values,74,-9.49033865852954e-05
values,75,-0.001473532437338833
values,76,3.54966866945374e-05
values,77,0.0002997857058634772
values,78,-0.001727850393194788
values,79,-0.001554071348280327
values,80,0.001444438000267316
values,81,-0.0005462425025687403
values,82,-0.002189794666926387
values,83,0.0009494851966683068
values,84,-9.998778267295121e-05
values,85,-0.0005682057508647596
values,86,-5.979663253753091e-05
values,87,-5.697545165070163e-08
values,88,8.748343875732809e-06
values,89,-4.907818580340454e-06
values,90,-9.077091235226622e-05
values,91,-1.198778076310635e-05
values,92,-0.0003042986719412063
values,93,-0.0003089780169292994
values,94,5.589329271182044e-05
values,95,-0.0002135305658555023
values,96,-0.0003261361720594508
values,97,4.629143579107508e-05
values,98,-1.579956550332912e-05
values,99,1.043791358209154e-05
values,100,-1.458628963250384e-06
values,101,-0.0005149856793123211
values,102,0.0001010272036312338
values,103,8.502920519745372e-05
values,104,-0.001374020733317661
values,105,0.001791542910585027
values,106,0.00119878176218569
values,107,0.04789863718148464
values,108,0.03292331679605701
values,109,0.04369232683583239
values,110,0.008238356300640563
values,111,0.003020324483187199
values,112,-0.04407054502787246
values,113,0.001031638811602641
values,114,-0.0006266754796386944
values,115,-0.00125771509861058
values,116,1.389119521934702e-06
values,117,-0.0001360016738134904
values,118,-9.881664007410614e-05
values,119,1.458521707680088e-10
values,120,-0.0008926925930451135
values,121,0.0001341881906521549
values,122,-1.442301798938403e-05
values,123,-0.007326330314916324
values,124,0.0008744817533761141
values,125,0.001283550987751395
values,126,-0.04594472752798381
values,127,-0.001687933348623073
values,128,0.008591587420714782
values,129,0.002064592420464555
values,130,-0.03171858175393717
values,131,0.00349017161766498
values,132,0.0005043662066442123
values,133,-0.001467343670003044
values,134,-0.0003110302680757832
values,135,2.239024931119579e-06
values,136,-9.069975005750593e-05
values,137,-9.490338658526971e-05
values,138,-1.418013343300285e-11
values,139,2.933936334517322e-11
values,140,-0.0003398678862646885
values,141,7.054422491857421e-06
values,142,-0.001478427681988717
values,143,-5.719614540922246e-05
values,144,0.000404624131315879
values,145,-0.001732920380284794
values,146,-0.00157462671623204
values,147,0.00142034531373195
values,148,-0.0005462425025690793
values,149,-0.002189794666927887
values,150,0.0009494851966674614
values,151,-9.998778267264734e-05
values,152,-0.0005682057508647273
values,153,-5.979663253839456e-05
values,154,-5.697545165096805e-08
values,155,8.74834387572321e-06
values,156,-4.907818580344032e-06
values,157,-0.000104148433481192
values,158,-2.139127603366309e-05
values,159,-0.0003024840936161722
values,160,-0.0003072257900802382
values,161,5.728129961022631e-05
values,162,-0.0002135305658551941
values,163,-0.00032619902723798
values,164,4.623953574312815e-05
values,165,-1.579956550332905e-05
values,166,1.043791358212543e-05
values,167,-1.458628963246492e-06
values,168,-2.250852392221013e-06
values,169,-0.0004700678759851923
values,170,9.424129295533098e-05
values,171,9.770298731673926e-05
values,172,-0.001387285772332472
values,173,0.001769862906102717
values,174,0.001145725811325832
values,175,0.04789060364019774
values,176,0.03296399016732999
values,177,0.04371510708192212
values,178,0.008238356300640338
values,179,0.003020324483189365
values,180,-0.04407054502782411
values,181,0.001031638927535693
values,182,-0.000626675479638479
values,183,-0.001257715098609663
values,184,1.389002858252178e-06
values,185,-0.0001360019952856349
values,186,-9.881645101692717e-05
values,187,-3.310300096845783e-06
values,188,2.504529812447581e-05
values,189,1.169678474291107e-05
values,190,-1.806030502282059e-06
values,191,-0.0008834970301835224
values,192,0.0001289291576382335
values,193,-4.728842489252154e-06
values,194,-0.007320449468114059
values,195,0.0008783826780961756
values,196,0.001264225191009226
values,197,-0.0459446010658732
values,198,-0.001693570049867269
values,199,0.008595534927746581
values,200,0.002064592420463973
values,201,-0.03171858175393281
values,202,0.003490171617658292
values,203,0.0005043662845506211
values,204,-0.001467343670003634
values,205,-0.0003110302680749639
values,206,2.238922273161131e-06
values,207,-9.069943656579731e-05
values,208,-9.490347995602937e-05
values,209,-6.456347712671456e-06
values,210,2.023017356303126e-05
values,211,1.141769501167571e-05
values,212,-0.0003406137557731095
values,213,7.489011408602679e-06
values,214,-0.001478086820437605
values,215,-5.578489112917008e-05
values,216,0.0004043253932524412
values,217,-0.001732920380285392
values,218,-0.001574626716232376
values,219,0.00142034531373088
values,220,-0.0005462425025664643
values,221,-0.002189794666928064
values,222,0.0009494851966655521
values,223,-9.998778267366376e-05
values,224,-0.0005682057508645521
values,225,-5.979663253770125e-05
values,226,-5.697545165000706e-08
values,227,8.748343875725914e-06
values,228,-4.907818580343198e-06
values,229,-2.211604262756597e-06
values,230,1.469165761906891e-05
values,231,2.895333408121573e-06
values,232,-0.0001045073068479409
values,233,-2.152352059941424e-05
values,234,-0.0003024840936154118
values,235,-0.0003072316674727746
values,236,5.727784586258871e-05
values,237,-0.000213530565855048
values,238,-0.0003261990272378761
values,239,4.623953574313441e-05
values,240,-1.579956550333511e-05
values,241,1.043791358206783e-05
values,242,-1.458628963252567e-06
values,243,1.913390063995961e-07
values,244,5.402743542514088e-06
values,245,2.288164969151513e-14
values,246,-1.879323031084626e-06
values,247,-0.00046960936854944
values,248,9.165921764290756e-05
values,249,9.518540318091338e-05
values,250,-0.001390020812264334
values,251,0.001782038402265259
values,252,0.001148794895171968
values,253,0.04789060364017523
values,254,0.03296399016733074
values,255,0.04371510708195896
values,256,0.008238968796760201
values,257,0.003020324483191519
values,258,-0.0440705450278053
values,259,0.001033643684128945
values,260,-0.0006387871848215125
values,261,-0.001271113978119172
values,262,0.000118964119079249
values,263,-0.0002061399876222313
values,264,-0.0002306643551799932
values,265,-1.745609222823101e-06
values,266,-0.0008838248671809749
values,267,0.0001292539415043817
values,268,-5.022791816240968e-06
values,269,-0.007320399386375771
values,270,0.0008775110113024441
values,271,0.001265074308615134
values,272,-0.04594460106590904
values,273,-0.001693570049869227
values,274,0.008595534927735975
values,275,0.002064851693610481
values,276,-0.03171858175393524
values,277,0.003490171617666039
values,278,0.0005279410952803677
values,279,-0.001480112725005944
values,280,-0.0003130767671374912
values,281,8.438821328474602e-05
values,282,-0.0002485122228089462
values,283,-0.0001395603676699954
values,284,-0.000340609597561474
values,285,7.490451185903029e-06
values,286,-0.001478086820437776
values,287,-5.578489112895563e-05
values,288,0.0004043253932521021
values,289,-0.001732920380279849
values,290,-0.00157462671623318
values,291,0.001420345313730585
values,292,-0.0005462204473155345
values,293,-0.002189794666927914
values,294,0.0009494851966671935
values,295,-0.0001003924931726037
values,296,-0.000569949072556563
values,297,-5.985389395686836e-05
values,298,1.960574202603359e-05
values,299,-7.556498174940922e-05
values,300,2.409790312164189e-05
values,301,-0.0001045073068476929
values,302,-2.152352059941662e-05
values,303,-0.0003024840936158155
values,304,-0.0003072316674727523
values,305,5.727784586258326e-05
values,306,-0.0002135305658560784
values,307,-0.0003261990272377759
values,308,4.623953574312282e-05
values,309,-1.579201991161379e-05
values,310,1.044619169694107e-05
values,311,-1.458628963234527e-06
values,312,-2.098145996189982e-05
values,313,-1.886989112092972e-05
values,314,1.310595255210781e-05
values,315,-9.741843110129057e-07
values,316,2.970083882891669e-06
values,317,-1.876690571996314e-06
values,318,-0.0004696107172202472
values,319,9.16539518593968e-05
values,320,9.51799507178007e-05
values,321,-0.00139002081226622
values,322,0.001782038402265316
values,323,0.001148794895172159
values,324,0.04789317902455318
values,325,0.03296399016733329
values,326,0.04371510708188922
values,327,0.008426312736633659
values,328,0.002957473576346297
values,329,-0.04413411319349581
values,330,0.0007211358625074214
values,331,-0.001287935995030685
values,332,-0.001499828426900169
values,333,-1.745609222820629e-06
values,334,-0.0008838245377345852
values,335,0.0001292544860343626
values,336,-5.022791816227437e-06
values,337,-0.007320399386379085
values,338,0.0008775110113011383
values,339,0.001265074308611133
values,340,-0.04594410667174639
values,341,-0.001693570049866297
values,342,0.008595534927753244
values,343,0.002386091345929395
values,344,-0.03178656779718362
values,345,0.003476329169031607
values,346,0.0004737929698596899
values,347,-0.001730637608328581
values,348,-0.0008171842382971834
values,349,-0.000340609597561507
values,350,7.490451185908336e-06
values,351,-0.001478086820435788
values,352,-5.578489112942513e-05
values,353,0.0004043253932525006
values,354,-0.001732901208459514
values,355,-0.001574626716233219
values,356,0.001420345313731757
values,357,-0.0004064318606305771
values,358,-0.002210360945281179
values,359,0.0009498495870226597
values,360,0.000130422581011695
values,361,-0.0007055214330273541
values,362,-0.0001850892714381331
values,363,-0.0001045073068480736
values,364,-2.152352059941281e-05
values,365,-0.000302483156753684
values,366,-0.0003072316674727171
values,367,5.727784586258593e-05
values,368,-0.0002094574408769469
values,369,-0.0003269720159717369
values,370,4.623834780992251e-05
values,371,-4.888253306658067e-06
values,372,-0.0001763842523623122
values,373,6.13972362987095e-05
values,374,-3.455098557641712e-05
values,375,-5.007748148978084e-05
values,376,-1.876690572000611e-06
values,377,-0.0004696107172203205
values,378,9.165395185939312e-05
values,379,9.5179950717675e-05
values,380,-0.001396492071881125
values,381,0.001782038402264548
values,382,0.001148794895167226
values,383,0.0480262168251827
values,384,0.03299457593443456
values,385,0.04379918007928965
values,386,0.00636497305614066
values,387,0.00144242652944068
values,388,-0.0446202871223222
values,389,-1.745609222825726e-06
values,390,-0.0008838245377350191
values,391,0.0001292544860342272
values,392,-5.0227918163494e-06
values,393,-0.007321292980321919
values,394,0.0008775110113029235
values,395,0.001265074308617651
values,396,-0.04583784912792124
values,397,-0.00157685226554387
values,398,0.00860325886483927
values,399,0.002324984272118172
values,400,-0.03144247685214607
values,401,0.00257943316704517
values,402,-0.0003406095975614318
values,403,7.490451185900035e-06
values,404,-0.001478264990932411
values,405,-5.578489112932016e-05
values,406,0.0004043253932526971
values,407,-0.001693509910380883
values,408,-0.001566634139258735
values,409,0.001420779777716764
values,410,-0.0001660197159569194
values,411,-0.001975322834950905
values,412,0.0006676296397098323
values,413,-0.0001045091553325419
values,414,-2.152352059946377e-05
values,415,-0.0002995044208530058
values,416,-0.0003071373224287339
values,417,5.728006193934978e-05
values,418,-4.934834344540274e-05
values,419,-0.0003733046908677356
values,420,0.0001219274803461935
values,421,-6.672290122976092e-05
values,422,-0.000140581335889851
values,423,-1.876690571993966e-06
values,424,-0.0004705735498973764
values,425,9.165395185925706e-05
values,426,9.51799507170775e-05
values,427,-0.002074320244371645
values,428,0.001888765868013871
values,429,0.001218312536604343
values,430,0.04906507059591834
values,431,0.03466393003757292
values,432,0.04724358212296637
values,433,0.01028203359340482
values,434,0.001211500587829945
values,435,-0.04863975253977627
values,436,-0.0009208621202329621
values,437,-0.001560960115727202
values,438,-1.74560922282068e-06
values,439,-0.0008842917392736496
values,440,0.0001292544860344062
values,441,-5.022791816205723e-06
values,442,-0.008966416000949034
values,443,0.0009755794566248487
values,444,0.001281571833700827
values,445,-0.04648249898108339
values,446,-3.410699247412448e-05
values,447,0.01031395188217376
values,448,0.003178594346057382
values,449,-0.03411354938009109
values,450,0.003299351201291852
values,451,-0.001687856010563633
values,452,-0.0006081434128343275
values,453,-0.0003406639178898424
values,454,7.490451185916289e-06
values,455,-0.001809336314242199
values,456,-2.746413680193979e-05
values,457,0.0004032192195457826
values,458,-0.002097014186719459
values,459,-0.001435688150782395
values,460,0.001599306494799931
values,461,-0.0004824504777754876
values,462,-0.002747567435782055
values,463,0.00122369315524028
values,464,-0.0005343100072080474
values,465,-0.0001574447105646483
values,466,-0.0001274522718715492
values,467,-2.10719288557607e-05
values,468,-0.0004607512700178095
values,469,-0.0002786449491791064
values,470,0.0001457132980688154
values,471,-0.0002555558791588597
values,472,-0.0006216368147025913
values,473,0.0002567586481562666
values,474,2.071363253792023e-05
values,475,-2.779492197322645e-06
values,476,-9.542248669195424e-05
values,477,-0.000127348572778256
values,478,-4.387311400144034e-05
values,479,-0.002195555421730755
values,480,0.04836184945758572
values,481,0.03253249406820111
values,482,0.04542384506634971
values,483,0.001925548721394932
values,484,-0.04623038234129343
values,485,-0.006430055425973842
values,486,-0.04625919661389932
values,487,-0.0008350873062021999
values,488,0.00834871021970918
values,489,-0.03253595938931832
values,490,0.002832029289410487
values,491,-0.001300145951730342
values,492,-0.00177341662287417
values,493,-0.001408049465348258
values,494,0.001509232022529223
values,495,-0.002516228804062504
values,496,0.0009008155415818413
values,497,-0.0003385390854960049
values,498,-0.000311384560611828
values,499,-0.0003585239012020631
values,500,0.0003338685095708117
values,501,-0.0003296975196163612
values,502,4.660390664858677e-05
values,503,-1.057931776364481e-05
values,504,2.270372363855892e-06
values,505,0.002139665248060882
values,506,0.002912585291791446
values,507,-0.003277841671087954
values,508,0.001508461232705543
values,509,0.002152156904798988
values,510,-0.008880520542479176
values,511,0.0002617736850611648
values,512,0.0001557060524759877
values,513,-0.001268572363142577
values,514,-4.354954044468748e-06
values,515,9.337128340893628e-06
values,516,0.0456277067272329
values,517,0.03238738763821077
values,518,0.04536712021579242
values,519,0.007319830349935099
values,520,0.001418908288677876
values,521,-0.04394904798607609
values,522,0.0008960131571367878
values,523,-0.0008599352087594944
values,524,-0.001185154032624554
values,525,1.8323434577119e-06
values,526,-0.0001297181698077635
values,527,-9.643166106613162e-05
values,528,-0.04567093630962179
values,529,-0.0003446807748320705
values,530,0.009268610453201891
values,531,0.002229303472853583
values,532,-0.03159205327807918
values,533,0.003382576026888729
values,534,0.000512056234540042
values,535,-0.001449569213690942
values,536,-0.0003114748727130972
values,537,2.108522311285234e-06
values,538,-9.159946777872682e-05
values,539,-9.45313252096181e-05
values,540,-0.001870799492370804
values,541,-0.001393448513949523
values,542,0.001564343922850972
values,543,-0.0005884781973699919
values,544,-0.00224040254290996
values,545,0.001029183533132851
values,546,-0.0001035489646449265
values,547,-0.0005741396628052766
values,548,-5.48607301060685e-05
values,549,-5.697671041818898e-08
values,550,8.822507629763363e-06
values,551,-4.853636654616005e-06
values,552,-0.0001927761738800149
values,553,-0.0002809814716972625
values,554,-0.0002095293178858588
values,555,-0.0002725830157791613
values,556,-1.500803772413813e-05
values,557,2.145044049155329e-05
values,558,0.0007759134512235658
values,559,0.0004862916236464714
values,560,0.000383673827832607
values,561,0.002123099754846035
values,562,0.002680942511800575
values,563,-0.003999944983620272
values,564,0.001517282519725786
values,565,0.002164413733607473
values,566,-0.00887966021120204
values,567,0.0002626542880713021
values,568,0.000148490556912634
values,569,-0.001272611933901344
values,570,-4.354954044470972e-06
values,571,9.337128340902534e-06
values,572,-0.002482826490897549
values,573,0.001651870901402345
values,574,0.001357263855927189
values,575,0.0457509553481293
values,576,0.03176355262905892
values,577,0.0438496732591287
values,578,0.007357161827024114
values,579,0.001543242222629313
values,580,-0.04381018690937253
values,581,0.0008958410629521915
values,582,-0.0008645182838681734
values,583,-0.001190556540049247
values,584,1.832343457711153e-06
values,585,-0.0001297181698077351
values,586,-9.643166106645543e-05
values,587,-0.007439615791579843
values,588,0.001156843960270582
values,589,0.001183836980191738
values,590,-0.04549982691785451
values,591,-0.001358252736261602
values,592,0.00866433292924493
values,593,0.002204229308666346
values,594,-0.03156744650620923
values,595,0.003428670759688882
values,596,0.0005120562345401477
values,597,-0.001449569213692418
values,598,-0.0003114748727153507
values,599,2.108522311286672e-06
values,600,-9.159946777869835e-05
values,601,-9.4531325209878e-05
values,602,-0.001490333078013282
values,603,2.747552976417596e-05
values,604,0.0002660406618867621
values,605,-0.001839245911860247
values,606,-0.001616999327788245
values,607,0.001432059556519283
values,608,-0.0005769777837889062
values,609,-0.002247078811099157
values,610,0.001024251143654203
values,611,-0.0001035489646446726
values,612,-0.0005739115176753443
values,613,-5.470509533047537e-05
values,614,-5.697671041811534e-08
values,615,8.822507629772506e-06
values,616,-4.853636654614419e-06
values,617,-3.598659324085338e-05
values,618,-8.175876020261121e-06
values,619,-0.0002048039552081141
values,620,-0.0002955236871432753
values,621,-0.0002100837070202116
values,622,-0.0002766844508967596
values,623,-1.501201085874822e-05
values,624,2.153334687339797e-05
values,625,0.0001759352044800578
values,626,-2.170776050250106e-05
values,627,9.380546886406969e-05
values,628,0.0009057573281059066
values,629,0.0005559008201102481
values,630,0.0001470181229946813
values,631,0.002098477868249058
values,632,0.002642139871821513
values,633,-0.003994638664616247
values,634,0.001518109795372734
values,635,0.002167614986522399
values,636,-0.008876552389447158
values,637,0.0002626542880713137
values,638,0.000148490556912644
values,639,-0.001272611933900386
values,640,-4.354954044466879e-06
values,641,9.337128340900574e-06
values,642,-0.0005433252401710881
values,643,9.826046237942583e-05
values,644,8.495808942514276e-05
values,645,-0.002125924146231245
values,646,0.001481919939414383
values,647,0.001214454025266199
values,648,0.0457296891943331
values,649,0.03173292301523505
values,650,0.0437447188717178
values,651,0.00735730579903545
values,652,0.001543779675804079
values,653,-0.04380577135983004
values,654,0.0008958410629521218
values,655,-0.0008645182838676426
values,656,-0.001190556540053271
values,657,1.832343457711746e-06
values,658,-0.0001297181698077236
values,659,-9.643166106633568e-05
values,660,1.352305204172027e-10
values,661,-0.0008794084146854561
values,662,0.0001333091391435831
values,663,-1.652555448503849e-05
values,664,-0.007240824361903334
values,665,0.0008961685859225754
values,666,0.001291104313221868
values,667,-0.04549150823420449
values,668,-0.001399765494155548
values,669,0.00855141552570563
values,670,0.002204229308667926
values,671,-0.03156744650622351
values,672,0.003428670759680869
values,673,0.0005120562345407517
values,674,-0.001449569213692384
values,675,-0.0003114748727199924
values,676,2.108522311283982e-06
values,677,-9.159946777867707e-05
values,678,-9.453132520963845e-05
values,679,-1.315771369173271e-11
values,680,2.708215657702311e-11
values,681,-0.0003272914976048201
values,682,6.165140697695952e-06
values,683,-0.001534149225677893
values,684,-6.039931979754813e-05
values,685,0.0003806474262756892
values,686,-0.001802475122263732
values,687,-0.001630572516647158
values,688,0.001431157435403886
values,689,-0.0005769777837870966
values,690,-0.002247769104461058
values,691,0.001024370065798837
values,692,-0.0001035489646444467
values,693,-0.0005739115176750436
values,694,-5.470509533013545e-05
values,695,-5.697671041890392e-08
values,696,8.822507629737578e-06
values,697,-4.853636654618467e-06
values,698,-5.233366774857245e-05
values,699,-1.900767532639279e-05
values,700,-0.0002126345836866563
values,701,-0.0003027293508506393
values,702,-0.0002099872811960031
values,703,-0.0002780262651088492
values,704,-1.501201085874195e-05
values,705,2.153334687331332e-05
values,706,2.499569906573304e-07
values,707,0.0001788793072106865
values,708,-1.525813160621309e-05
values,709,9.455533193515595e-05
values,710,0.0008888649410608457
values,711,0.0005416236002660879
values,712,0.0001352804669895335
values,713,0.002096436827975311
values,714,0.002656686783014869
values,715,-0.003985900602582532
values,716,0.001518109795372793
values,717,0.00216761498652279
values,718,-0.008876552389442944
values,719,0.0002626542880710615
values,720,0.0001484905569127591
values,721,-0.001272611933900041
values,722,-4.354954044566746e-06
values,723,9.337236993593951e-06
values,724,-4.741950946042827e-06
values,725,6.168044607666609e-06
values,726,7.131748818115176e-06
values,727,-2.281997358173512e-06
values,728,-0.0005071358262931864
values,729,9.058948533607752e-05
values,730,9.700316177374728e-05
values,731,-0.002135201534143416
values,732,0.00148765996376002
values,733,0.001180905410164072
values,734,0.04573001868558022
values,735,0.03173412460443886
values,736,0.04375077476833134
values,737,0.007357305799034918
values,738,0.001543779675804624
values,739,-0.04380577135993588
values,740,0.0008958411483644788
values,741,-0.0008645182838682283
values,742,-0.001190556540051679
values,743,1.832251062495283e-06
values,744,-0.0001297184834647479
values,745,-9.643142715520991e-05
values,746,-5.541634405688621e-06
values,747,1.967870046249493e-05
values,748,1.266216754510722e-05
values,749,-1.743901714695865e-06
values,750,-0.0008739216955571155
values,751,0.0001284097202453239
values,752,-5.104805446553333e-06
values,753,-0.007237718748279398
values,754,0.0008908188063406117
values,755,0.001261523684498127
values,756,-0.04549150823422962
values,757,-0.001399765494155838
values,758,0.008551415525696666
values,759,0.002204229308672877
values,760,-0.03156744650622463
values,761,0.00342867075966779
values,762,0.0005120563121922248
values,763,-0.001449569213691738
values,764,-0.0003114748727154163
values,765,2.108417481262757e-06
values,766,-9.159916678303517e-05
values,767,-9.453141829755929e-05
values,768,-7.246922677742498e-06
values,769,2.070060330010643e-05
values,770,1.376024438546906e-05
values,771,-0.0003398700030168411
values,772,7.395161522128989e-06
values,773,-0.001518096623648415
values,774,-5.869484030592688e-05
values,775,0.0003941004588817299
values,776,-0.001802475122259268
values,777,-0.001631499663895231
values,778,0.001430906082657548
values,779,-0.0005769777837862789
values,780,-0.002247769104460422
values,781,0.001024370065800083
values,782,-0.0001035489646452451
values,783,-0.0005739115176754532
values,784,-5.470509533237136e-05
values,785,-5.697671041837009e-08
values,786,8.822507629734952e-06
values,787,-4.853636654606622e-06
values,788,-2.926951467015616e-06
values,789,1.507306933079863e-05
values,790,4.435588546762771e-06
values,791,-5.421927498533061e-05
values,792,-2.108548449048416e-05
values,793,-0.0002125086798337419
values,794,-0.0003030089612314544
values,795,-0.0002099872811970606
values,796,-0.0002780262651093269
values,797,-1.501201085874511e-05
values,798,2.15333468734828e-05
values,799,8.109718227219297e-08
values,800,5.209120084011765e-06
values,801,2.635916778402611e-07
values,802,0.0001801888426449786
values,803,-1.713150131816799e-05
values,804,9.401401997565143e-05
values,805,0.0008878492917174122
values,806,0.0005442667688306719
values,807,0.0001360018747677045
values,808,0.002096436827974848
values,809,0.002656686783015194
values,810,-0.003985900602579674
values,811,0.001518470517755817
values,812,0.002167614986523466
values,813,-0.008876552389440975
values,814,0.0002617749033719256
values,815,0.0001500440284627239
values,816,-0.001285347894909596
values,817,6.586484163714407e-05
values,818,2.563945720207814e-05
values,819,-0.0001371293613175342
values,820,-2.107857741898556e-06
values,821,-0.000508949941639613
values,822,9.181193892902281e-05
values,823,9.61867337011421e-05
values,824,-0.002135128540258017
values,825,0.001487824767796004
values,826,0.001181910187517604
values,827,0.04573001868558509
values,828,0.03173412460442942
values,829,0.04375077476812687
values,830,0.007357816212517064
values,831,0.001543779675804258
values,832,-0.04380577135991565
values,833,0.0008978999162899926
values,834,-0.0008745934533983185
values,835,-0.00120359174050235
values,836,0.0001089155001086789
values,837,-0.0002138170189972275
values,838,-0.0002144828928436285
values,839,-1.743965680392557e-06
values,840,-0.0008738641107803987
values,841,0.0001284437552964151
values,842,-5.095237173056444e-06
values,843,-0.007237718748277637
values,844,0.0008908188063412078
values,845,0.001261523684495407
values,846,-0.04549150823405981
values,847,-0.001399765494159772
values,848,0.008551415525698481
values,849,0.002204488429884818
values,850,-0.03156744650622324
values,851,0.003428670759683197
values,852,0.0005354608451276883
values,853,-0.001462216423860524
values,854,-0.0003135225201152512
values,855,8.000830226158784e-05
values,856,-0.000235600188067525
values,857,-0.000118417892229128
values,858,-0.0003398879902725229
values,859,7.411871182384439e-06
values,860,-0.001518096623646666
values,861,-5.871831438094705e-05
values,862,0.0003940770438739511
values,863,-0.001802475122263022
values,864,-0.001631499663893777
values,865,0.00143090608266022
values,866,-0.0005769556941371812
values,867,-0.002247769104460589
values,868,0.001024370065797239
values,869,-0.0001039523518327575
values,870,-0.0005756666519034652
values,871,-5.476461146764443e-05
values,872,1.141919845500201e-05
values,873,-7.296818745306389e-05
values,874,6.992022819781781e-05
values,875,-5.421927471644539e-05
values,876,-2.108548064868353e-05
values,877,-0.0002125086798361534
values,878,-0.0003030089612317791
values,879,-0.0002099872811976088
values,880,-0.0002780262651081252
values,881,-1.500400743513973e-05
values,882,2.154213933274298e-05
values,883,-4.045913613773283e-05
values,884,-2.185075316645687e-05
values,885,2.635916778399558e-07
values,886,0.0001801888426448712
values,887,-1.713150131816768e-05
values,888,9.40140194781311e-05
values,889,0.0008878492917169956
values,890,0.000544266768830695
values,891,0.0001360018747675084
values,892,0.002097577540713152
values,893,0.002656686783015364
values,894,-0.003985900602581601
values,895,0.001502182336728916
values,896,0.002148476272878033
values,897,-0.008930671889878034
values,898,0.0003773588417994788
values,899,5.796937078843812e-05
values,900,-0.001048713575539584
values,901,-2.107857741893606e-06
values,902,-0.0005089499417086661
values,903,9.181193874104195e-05
values,904,9.618673370121602e-05
values,905,-0.002135128540258431
values,906,0.001487824767794307
values,907,0.001181910187510109
values,908,0.045732152171172
values,909,0.03173412460444083
values,910,0.04375077476849915
values,911,0.007530884052630287
values,912,0.001492372199858206
values,913,-0.04386777388552612
values,914,0.0006255432527299845
values,915,-0.001245000355809538
values,916,-0.0013842490575573
values,917,-1.743965680393955e-06
values,918,-0.0008738641107802227
values,919,0.0001284437552964829
values,920,-5.09523717312619e-06
values,921,-0.007237718748275961
values,922,0.0008908188063396845
values,923,0.001261523684498679
values,924,-0.04549101353961299
values,925,-0.001399765494159288
values,926,0.008551415525710452
values,927,0.002523026527924258
values,928,-0.03163483271242455
values,929,0.003414780818147169
values,930,0.0004421854869640394
values,931,-0.00167514311873595
values,932,-0.0007624849772447827
values,933,-0.0003398879902723946
values,934,7.411871182388061e-06
values,935,-0.001518096623649848
values,936,-5.871831438008878e-05
values,937,0.0003940770438745459
values,938,-0.001802465762734405
values,939,-0.001631499663892425
values,940,0.001430906082661163
values,941,-0.0004382871677646658
values,942,-0.002268292379280289
values,943,0.001024413428024191
values,944,0.0001043126263881536
values,945,-0.0006952262370507815
values,946,-6.23667874687374e-05
values,947,-5.42192747167691e-05
values,948,-2.108548064867826e-05
values,949,-0.0002125066851546851
values,950,-0.000303008961231017
values,951,-0.0002049832383909518
values,952,-0.0002790097425824096
values,953,-7.512426912839204e-05
values,954,-0.0001878164650408788
values,955,2.635916778394068e-07
values,956,0.0001801888426448328
values,957,-1.713150131816967e-05
values,958,9.401401947804363e-05
values,959,0.0008878933213103175
values,960,0.0005442667688303532
values,961,0.0001360018747649072
values,962,0.00213509840239789
values,963,0.002652617417822186
values,964,-0.003900132049017955
values,965,0.001138518909273503
values,966,0.002054772635008059
values,967,-0.007620065367043689
values,968,-2.107857741901286e-06
values,969,-0.0005089499417086881
values,970,9.181193874089665e-05
values,971,9.618673370062344e-05
values,972,-0.002140691954137069
values,973,0.001487824767796791
values,974,0.001181910187521884
values,975,0.045865895185434
values,976,0.03176685154326368
values,977,0.04383344835056843
values,978,0.00566164108917883
values,979,0.0009779191087393977
values,980,-0.04398258133258639
values,981,-1.743965680396796e-06
values,982,-0.0008738641107801165
values,983,0.0001284437552963742
values,984,-5.095237172867865e-06
values,985,-0.007238610666172331
values,986,0.0008908188063397793
values,987,0.001261523684501817
values,988,-0.04537119762054365
values,989,-0.001284059699078855
values,990,0.008559156852248194
values,991,0.002175055980695226
values,992,-0.03105334017956108
values,993,0.002572943205186744
values,994,-0.0003398879902726717
values,995,7.411871182393224e-06
values,996,-0.001518297287786653
values,997,-5.87183143792199e-05
values,998,0.0003940770438753227
values,999,-0.001767454717565809
values,1000,-0.001623256647033695
values,1001,0.001430552502255222
values,1002,-0.0001973961544770162
values,1003,-0.001934580615042487
values,1004,0.0008708564829421621
values,1005,-5.422081159911412e-05
values,1006,-2.108548064866999e-05
values,1007,-0.0002051078319702841
values,1008,-0.000303373655496122
values,1009,-0.0001736875138967386
values,1010,-0.0003453677064019627
values,1011,2.635916778401262e-07
values,1012,0.0001797794151122458
values,1013,-1.713150131818257e-05
values,1014,9.401401947784339e-05
values,1015,0.0009591576727829583
values,1016,0.0005669931913794579
values,1017,0.0002107904205930457
values,1018,0.002417137418540456
values,1019,0.003306883764849306
values,1020,-0.003780549700855097
values,1021,0.001865625445487405
values,1022,0.001764697233465274
values,1023,-0.01072242944598718
values,1024,1.431366976046737e-05
values,1025,-0.001202421795917276
values,1026,-2.107857741894673e-06
values,1027,-0.0005097320676712577
values,1028,9.181193874117608e-05
values,1029,9.61867337014583e-05
values,1030,-0.002852760951149254
values,1031,0.001579496642464462
values,1032,0.001251023695239739
values,1033,0.04666802727631459
values,1034,0.03372512353394477
values,1035,0.04754087321500988
values,1036,0.00919848714079053
values,1037,-0.0002768503301466396
values,1038,-0.04814365714637184
values,1039,-0.001200604251548361
values,1040,-0.001415631520892472
values,1041,-1.743965680397493e-06
values,1042,-0.0008743309341880557
values,1043,0.000128443755296418
values,1044,-5.095237172859232e-06
values,1045,-0.00885973042065828
values,1046,0.000988295376842698
values,1047,0.001278079899220043
values,1048,-0.04588921509935163
values,1049,0.0001979760718389158
values,1050,0.01025206304383738
values,1051,0.003257751850435778
values,1052,-0.03387762586012347
values,1053,0.00305267395684805
values,1054,-0.001693375732911983
values,1055,-0.0006178796688706864
values,1056,-0.0003399461849755536
values,1057,7.411871182379239e-06
values,1058,-0.001852400934539935
values,1059,-3.018910668066565e-05
values,1060,0.0003927425459121011
values,1061,-0.002038862683597732
values,1062,-0.001388241748935279
values,1063,0.001760963562065445
values,1064,-0.0005128810539995714
values,1065,-0.002833241264078635
values,1066,0.001200679298605912
values,1067,-0.0005375143670048138
values,1068,-0.0001532352140235813
values,1069,-7.625462360122503e-05
values,1070,-2.064261220068999e-05
values,1071,-0.000567377968475176
values,1072,-0.0002534493686713758
values,1073,-0.0002532303569171287
values,1074,-0.0007983313094786495
values,1075,3.147250692982954e-05
values,1076,0.0004429302930640693
values,1077,0.002174239792520329
values,1078,0.002358576952817301
values,1079,-0.002997736577414548
values,1080,0.001844406298676813
values,1081,-0.009708901624799678
values,1082,-0.002147754672271905
values,1083,0.04597601399393008
values,1084,0.03108316229826584
values,1085,0.04442931895586429
values,1086,0.0004648129701539597
values,1087,-0.04557862464902286
values,1088,-0.005871739714546403
values,1089,-0.04554709287797022
values,1090,-0.000566471040360396
values,1091,0.007728558078984996
values,1092,-0.03228393052827971
values,1093,0.002654933719738493
values,1094,-0.001201494347814914
values,1095,-0.001845940316740644
values,1096,-0.001497609399335611
values,1097,0.001379864481708937
values,1098,-0.002513861821012767
values,1099,0.0009771335975656888
values,1100,-0.0002884058843920833
values,1101,-0.0002210274325014497
values,1102,-0.0005397112786672848
values,1103,-0.0002852738369685248
values,1104,0.0002217964918030912
values,1105,0.0002875732362858155
values,1106,-0.0009829381695689139
values,1107,5.441730542333901e-05
values,1108,0.0003042943161352141
values,1109,-0.001439112246543581
values,1110,2.112316466673395e-05
values,1111,-0.0003941282593364368
values,1112,0.001799173254728271
values,1113,0.002513861779593935
values,1114,-0.002737866310968531
values,1115,0.001519787899771964
values,1116,0.001616319518460552
values,1117,-0.008563656585102596
values,1118,0.0003399097329564793
values,1119,5.944967954000946e-05
values,1120,-0.001260886383347336
values,1121,-7.411871182390881e-06
values,1122,5.095237173071519e-06
values,1123,0.04547944263841916
values,1124,0.03225120507763855
values,1125,0.04550498700361973
values,1126,0.007235699176181522
values,1127,0.001303374320397059
values,1128,-0.04396661982600902
values,1129,0.0008738641107802426
values,1130,-0.0008908188063401928
values,1131,-0.001181910187512968
values,1132,1.74396568039336e-06
values,1133,-0.0001284437552964167
values,1134,-9.618673370123866e-05
values,1135,-0.04615219123605952
values,1136,-0.0005806254832834527
values,1137,0.009710875072849108
values,1138,0.002211386316472543
values,1139,-0.03170877632490571
values,1140,0.004008867161228655
values,1141,0.0005089499417078952
values,1142,-0.001489646643436672
values,1143,-0.0001365504480129743
values,1144,2.107857741899783e-06
values,1145,-9.181193874102038e-05
values,1146,-9.40140194781356e-05
values,1147,-0.00222320338646138
values,1148,-0.001852780078323484
values,1149,-0.0008872616480022561
values,1150,-0.002644995623187598
values,1151,-0.0001799907521691892
values,1152,-0.0005544893514425101
values,1153,-2.635916778400345e-07
values,1154,1.713150131817751e-05
values,1155,0.0002092658835317068
values,1156,-3.011519439800883e-05
values,1157,0.000130860779094624
values,1158,0.0002170701190505392
values,1159,0.0002849266233068975
values,1160,-0.001039301393381647
values,1161,5.422170689235347e-05
values,1162,0.0003022864220747899
values,1163,-0.001431420321586106
values,1164,2.108548064867895e-05
values,1165,-0.0003940770438739959
values,1166,0.0004456218501454135
values,1167,0.0005158295623555036
values,1168,0.0005420622490894824
values,1169,0.001819345557795062
values,1170,0.002253602477681183
values,1171,-0.003399466795839578
values,1172,0.001518034465517956
values,1173,0.001630322709280272
values,1174,-0.008553535852793679
values,1175,0.0003398879902725735
values,1176,5.8718314380604e-05
values,1177,-0.001261523684496214
values,1178,-7.411871182387642e-06
values,1179,5.095237172992622e-06
values,1180,-0.002534486734425215
values,1181,0.001598036177258019
values,1182,0.00135625434353073
values,1183,0.04548423646056148
values,1184,0.03162199604449056
values,1185,0.04398158625628044
values,1186,0.007237718748278649
values,1187,0.001399765494156317
values,1188,-0.04375077476821346
values,1189,0.0008738641107808768
values,1190,-0.0008908188063411604
values,1191,-0.001181910187517752
values,1192,1.743965680393274e-06
values,1193,-0.0001284437552964054
values,1194,-9.618673370182841e-05
values,1195,-0.007544214489740825
values,1196,0.001095889599763758
values,1197,0.001194048353678788
values,1198,-0.04583604992861429
values,1199,-0.001510670543558583
values,1200,0.008939170894579357
values,1201,0.002135128540252919
values,1202,-0.03173285564097997
values,1203,0.003983785460534986
values,1204,0.0005089499417082441
values,1205,-0.001487824767795486
values,1206,-0.0001360018747671887
values,1207,2.107857741900929e-06
values,1208,-9.181193874097778e-05
values,1209,-9.40140194779355e-05
values,1210,-0.00149966600533197
values,1211,-5.117041316794311e-05
values,1212,-0.002106653988430885
values,1213,-0.002097331247031028
values,1214,-0.0008881494759917711
values,1215,-0.002648623681199513
values,1216,-0.0001801888426448033
values,1217,-0.0005442667688300732
values,1218,-2.635916778384951e-07
values,1219,1.713150131816102e-05
values,1220,1.563129680764149e-05
values,1221,4.624808826758315e-06
values,1222,0.0002105812022881204
values,1223,-1.880513713865157e-05
values,1224,4.94039678259968e-05
values,1225,0.0002126374361704497
values,1226,0.0002776791556465579
values,1227,-0.00102472086192115
values,1228,5.421927471645947e-05
values,1229,0.0003030089612315305
values,1230,-0.001430906082658004
values,1231,2.108548064868643e-05
values,1232,-0.0003940770438738811
values,1233,9.981772947956121e-05
values,1234,-1.392608075350607e-05
values,1235,9.320740860682683e-05
values,1236,0.0005877128450892089
values,1237,0.0005706116598784594
values,1238,0.0003257347745002144
values,1239,0.001802363069995131
values,1240,0.00224609595846685
values,1241,-0.003431172651001851
values,1242,0.001518096623648788
values,1243,0.001631499663894682
values,1244,-0.008551415525697463
values,1245,0.0003398879902725161
values,1246,5.871831438061401e-05
values,1247,-0.001261523684498497
values,1248,-7.411871182385235e-06
values,1249,5.095237173045901e-06
values,1250,-0.0005376317885305561
values,1251,9.623597006180254e-05
values,1252,7.94943937627081e-05
values,1253,-0.002207048017878646
values,1254,0.001457032366635311
values,1255,0.001238598619337708
values,1256,0.04549150823420401
values,1257,0.03156744650621465
values,1258,0.04380577135998772
values,1259,0.00723771874828557
values,1260,0.001399765494152529
values,1261,-0.04375077476830607
values,1262,0.0008738641107808337
values,1263,-0.0008908188063411946
values,1264,-0.001181910187525039
values,1265,1.743965680392105e-06
values,1266,-0.0001284437552963977
values,1267,-9.618673370121207e-05
values,1268,1.3552281568564e-10
values,1269,-0.000886973294503118
values,1270,0.0001314249613214351
values,1271,-2.35253197115181e-05
values,1272,-0.007403904504217838
values,1273,0.0008628109826811153
values,1274,0.001275096257591184
values,1275,-0.0457300186856315
values,1276,-0.00154131679215099
values,1277,0.008876557916124678
values,1278,0.002135128540256246
values,1279,-0.03173412460443489
values,1280,0.003985900602582047
values,1281,0.0005089499417093316
values,1282,-0.00148782476779513
values,1283,-0.0001360018747661118
values,1284,2.107857741895634e-06
values,1285,-9.18119387411153e-05
values,1286,-9.401401947862473e-05
values,1287,-1.318964793924375e-11
values,1288,2.709956847067723e-11
values,1289,-0.0002387528047268491
values,1290,2.049679238745311e-06
values,1291,-0.001525369468233388
values,1292,-0.0001385914219070799
values,1293,-0.002097166475616871
values,1294,-0.002152350464179375
values,1295,-0.0008878492917161629
values,1296,-0.002656686783011674
values,1297,-0.0001801888426454956
values,1298,-0.0005442667688308159
values,1299,-2.635916778389816e-07
values,1300,1.713150131818644e-05
values,1301,1.501810490858605e-05
values,1302,4.940281424042134e-06
values,1303,0.0002099872811962343
values,1304,-2.152819052456582e-05
values,1305,5.46787672397532e-05
values,1306,0.0002125086798340072
values,1307,0.0002780262651090372
values,1308,-0.001024370065798746
values,1309,5.421927471649232e-05
values,1310,0.0003030089612315988
values,1311,-0.001430906082657295
values,1312,2.108548064869294e-05
values,1313,-0.0003940770438738996
values,1314,-1.051241026164289e-08
values,1315,-3.443596110456908e-08
values,1316,3.124836452753329e-06
values,1317,4.053727139785553e-08
values,1318,0.0001036448910218151
values,1319,-8.653523605711159e-06
values,1320,9.466525937654387e-05
values,1321,0.0005769712516494515
values,1322,0.0005738679120632311
values,1323,0.0003114646647860361
values,1324,0.001802475122261877
values,1325,0.002247769104461125
values,1326,-0.003428670759679813
values,1327,0.001518096623648735
values,1328,0.00163149966389426
values,1329,-0.008551415525704922
values,1330,0.0003398879902724204
values,1331,5.871831438050523e-05
values,1332,-0.001261523684497831
values,1333,-7.41187118246998e-06
values,1334,5.095345271369807e-06
values,1335,-2.860533385221626e-06
values,1336,5.316011702402417e-06
values,1337,6.151228080405735e-06
values,1338,-2.109442871822651e-06
values,1339,-0.0005120784691726402
values,1340,9.158157559671656e-05
values,1341,9.653868064621107e-05
values,1342,-0.002204229308667584
values,1343,0.0014495692136917
values,1344,0.001190556540052741
values,1345,0.04549150823441424
values,1346,0.03156744650621864
values,1347,0.04380577135977398
values,1348,0.007237718748283417
values,1349,0.001399765494149859
values,1350,-0.04375077476853657
values,1351,0.0008738641957415064
values,1352,-0.000890818806340537
values,1353,-0.001181910187516055
values,1354,1.743873734477977e-06
values,1355,-0.000128444069354771
values,1356,-9.618649888970466e-05
values,1357,-5.358872316601992e-06
values,1358,1.775584633731751e-05
values,1359,1.338319687362691e-05
values,1360,-1.67417574839552e-06
values,1361,-0.00089763114079891
values,1362,0.0001311505806063199
values,1363,-1.141003782895339e-05
values,1364,-0.00735730579903415
values,1365,0.000864981684246566
values,1366,0.001272964636872712
values,1367,-0.04573001868545677
values,1368,-0.001543779675809296
values,1369,0.008876552389443741
values,1370,0.002135128540262383
values,1371,-0.03173412460442956
values,1372,0.003985900602592806
values,1373,0.0005089500195735349
values,1374,-0.001487824767796753
values,1375,-0.0001360018747758945
values,1376,2.107752597497458e-06
values,1377,-9.181163830401077e-05
values,1378,-9.401411283715925e-05
values,1379,-7.932785458329174e-06
values,1380,2.075602088755734e-05
values,1381,2.069244678809681e-05
values,1382,-0.0002622789900996064
values,1383,3.737143660516324e-06
values,1384,-0.001518287614975864
values,1385,-0.0001484707391394003
values,1386,-0.002096436827971846
values,1387,-0.00216761498651972
values,1388,-0.0008878492917251956
values,1389,-0.002656686783015332
values,1390,-0.0001801888426459131
values,1391,-0.0005442667688291379
values,1392,-2.635916778394197e-07
values,1393,1.71315013180768e-05
values,1394,-5.487862059823545e-06
values,1395,1.446356647596818e-05
values,1396,1.50120108587476e-05
values,1397,4.853636654615641e-06
values,1398,0.0002099872811961169
values,1399,-2.153334687334777e-05
values,1400,5.470509533065916e-05
values,1401,0.0002125086798340438
values,1402,0.0002780262651090902
values,1403,-0.001024370065798424
values,1404,5.421805078601234e-05
values,1405,0.0003030089612316598
values,1406,-0.001430906082657012
values,1407,2.108230523543468e-05
values,1408,-0.0003946914049971321
values,1409,-1.057502581056623e-05
values,1410,1.219207611824916e-05
values,1411,-9.062089290587541e-05
values,1412,5.697671041833803e-08
values,1413,0.0001035489646446289
values,1414,-8.822507629757127e-06
values,1415,9.453132520959708e-05
values,1416,0.0005769777837867951
values,1417,0.0005739115176754565
values,1418,0.0003114748727153187
values,1419,0.001802475122262541
values,1420,0.002247769104459818
values,1421,-0.003428670759692124
values,1422,0.001518392071419675
values,1423,0.001631499663893763
values,1424,-0.008551415525699674
values,1425,0.0003390165100382736
values,1426,6.015063468257997e-05
values,1427,-0.001273986632542889
values,1428,7.016245118033145e-05
values,1429,-2.997660567390652e-05
values,1430,-0.000139175800044396
values,1431,-2.108522311281513e-06
values,1432,-0.0005120562345402218
values,1433,9.159946777870717e-05
values,1434,9.6431661066266e-05
values,1435,-0.002204229308659547
values,1436,0.00144956921369218
values,1437,0.001190556540047057
values,1438,0.04549150823428103
values,1439,0.03156744650620015
values,1440,0.04380577135999637
values,1441,0.007238228851342355
values,1442,0.001399765494154397
values,1443,-0.04375077476833882
values,1444,0.0008757565408309168
values,1445,-0.0009008287645754667
values,1446,-0.001194989592011444
values,1447,0.0001093018371965264
values,1448,-0.0002238685645617291
values,1449,-0.0002079470620724774
values,1450,-1.83234345770633e-06
values,1451,-0.0008958410629518656
values,1452,0.0001297181698077589
values,1453,-9.337128340955536e-06
values,1454,-0.007357305799031409
values,1455,0.0008645182838663474
values,1456,0.001272611933900038
values,1457,-0.04573001868563748
values,1458,-0.001543779675792329
values,1459,0.008876552389464797
values,1460,0.002135397259611625
values,1461,-0.03173412460443149
values,1462,0.003985900602569413
values,1463,0.0005322351151256505
values,1464,-0.001500448215390516
values,1465,-0.0001385303170292735
values,1466,8.083934344226579e-05
values,1467,-0.0002431648839539918
values,1468,-6.231569743715869e-05
values,1469,-0.0002626542880711495
values,1470,4.354954044468508e-06
values,1471,-0.001518109795371083
values,1472,-0.0001484905569122936
values,1473,-0.002096436827994169
values,1474,-0.002167614986518949
values,1475,-0.0008878205439000579
values,1476,-0.002656686783009819
values,1477,-0.0001805806285275042
values,1478,-0.0005465348900896235
values,1479,-1.508518747923244e-05
values,1480,-8.78008358515679e-05
values,1481,1.501201085874469e-05
values,1482,4.853636654615284e-06
values,1483,0.0002099872811961072
values,1484,-2.153334687335415e-05
values,1485,5.470509533052403e-05
values,1486,0.0002127139021876019
values,1487,0.0002780262651090808
values,1488,-0.001024370065798687
values,1489,4.535433344493783e-05
values,1490,0.000303446818701641
values,1491,-0.00144644092434237
values,1492,0.0001030846601318387
values,1493,6.98935323239844e-05
values,1494,-0.0004204555787493056
values,1495,5.697671041873574e-08
values,1496,0.0001035489646445726
values,1497,-8.822507629773133e-06
values,1498,9.453132520961664e-05
values,1499,0.00057697778378744
values,1500,0.0005739115176747542
values,1501,0.0003114748727116127
values,1502,0.001803333168208506
values,1503,0.002247769104460676
values,1504,-0.003428670759674303
values,1505,0.001505325829050387
values,1506,0.00161740595050623
values,1507,-0.008604658599688579
values,1508,0.0003643145968471054
values,1509,-0.0001515966768970024
values,1510,-0.00107601915980407
values,1511,-2.108522311286159e-06
values,1512,-0.0005120562345395826
values,1513,9.159946777875783e-05
values,1514,9.643166106589877e-05
values,1515,-0.002204229308663115
values,1516,0.001449569213690208
values,1517,0.001190556540055625
values,1518,0.04549364070140642
values,1519,0.03156744650620574
values,1520,0.04380577136024946
values,1521,0.00740578216881302
values,1522,0.001348629156269278
values,1523,-0.04381294426208518
values,1524,0.000615220442406482
values,1525,-0.001257869645845347
values,1526,-0.001352675833692467
values,1527,-1.832343457711106e-06
values,1528,-0.0008958410629516856
values,1529,0.000129718169807685
values,1530,-9.337128340882212e-06
values,1531,-0.007357305799030421
values,1532,0.0008645182838717462
values,1533,0.001272611933910219
values,1534,-0.04572952600431156
values,1535,-0.001543779675774191
values,1536,0.008876552389473364
values,1537,0.002445745818574909
values,1538,-0.03180129347180042
values,1539,0.003966706123726023
values,1540,0.0004316359325289983
values,1541,-0.001736243066632539
values,1542,-0.0005744257659024597
values,1543,-0.0002626542880713155
values,1544,4.354954044472825e-06
values,1545,-0.001518109795380852
values,1546,-0.0001484905569099634
values,1547,-0.002096454110682947
values,1548,-0.002167614986516889
values,1549,-0.000731478409117723
values,1550,-0.00268413451248993
values,1551,8.456544946765903e-06
values,1552,-0.0006904655673848397
values,1553,1.501201085874514e-05
values,1554,4.853636654615629e-06
values,1555,0.0002100448080466961
values,1556,-2.15333468733862e-05
values,1557,5.470509533011598e-05
values,1558,0.0002127964719726121
values,1559,0.0002759911300355481
values,1560,-0.001017672141100504
values,1561,0.000266119538202125
values,1562,0.0005458154221872065
values,1563,-0.001310048099061041
values,1564,5.697671041809607e-08
values,1565,0.0001035489646447204
values,1566,-8.822507629759606e-06
values,1567,9.453132520942907e-05
values,1568,0.0005768233397432883
values,1569,0.0005739115176757418
values,1570,0.0003114748727171846
values,1571,0.001850115706040168
values,1572,0.002248906859366784
values,1573,-0.003342960090176065
values,1574,0.001120676196559685
values,1575,0.001595585653228042
values,1576,-0.007466525980059227
values,1577,-2.108522311290088e-06
values,1578,-0.0005120562345397862
values,1579,9.159946777861726e-05
values,1580,9.643166106687149e-05
values,1581,-0.002209792130317588
values,1582,0.001449569213690693
values,1583,0.001190556540064093
values,1584,0.0456138828413121
values,1585,0.03160004210990382
values,1586,0.04388868398771705
values,1587,0.005631230135222701
values,1588,0.0009296666881484731
values,1589,-0.04400474594640486
values,1590,-1.832343457710627e-06
values,1591,-0.0008958410629515379
values,1592,0.0001297181698079325
values,1593,-9.337128340801855e-06
values,1594,-0.00735828291913991
values,1595,0.000864518283878023
values,1596,0.001272611933913237
values,1597,-0.04562835405700104
values,1598,-0.001426760563480752
values,1599,0.008880873987128904
values,1600,0.002049838195344125
values,1601,-0.03117933419553189
values,1602,0.00301632880762609
values,1603,-0.0002626542880714784
values,1604,4.354954044457615e-06
values,1605,-0.00151838884906687
values,1606,-0.0001484905569107619
values,1607,-0.002042773181761944
values,1608,-0.002162540993163012
values,1609,-0.0004316552944868187
values,1610,-0.002273533410949031
values,1611,1.495865703696875e-05
values,1612,4.853636654614526e-06
values,1613,0.0002541818718041819
values,1614,-2.230055407660303e-05
values,1615,7.566801529511967e-05
values,1616,0.0006018301398785593
values,1617,0.0007696846716124299
values,1618,-0.001205530786858884
values,1619,5.955317341731801e-05
values,1620,0.0002467763498625049
values,1621,-0.001820871433450322
values,1622,7.537773769029309e-06
values,1623,-0.0002620491500880342
values,1624,5.697671041866725e-08
values,1625,0.0001031469905027394
values,1626,-8.822507629750846e-06
values,1627,9.453132520964331e-05
values,1628,0.000646737935042726
values,1629,0.0005953245657036253
values,1630,0.0003860244153478714
values,1631,0.002083530753255616
values,1632,0.002810087572802805
values,1633,-0.003228618722072628
values,1634,0.001836853345697674
values,1635,0.001383934749434787
values,1636,-0.01041234541019266
values,1637,-5.95013287780638e-05
values,1638,-0.001192863725039749
values,1639,-2.108522311291864e-06
values,1640,-0.0005128381150780072
values,1641,9.159946777863644e-05
values,1642,9.643166106726778e-05
values,1643,-0.002917950397908261
values,1644,0.001540817767028324
values,1645,0.001259974848001193
values,1646,0.04622151062014536
values,1647,0.03352474560840181
values,1648,0.04776815872707302
values,1649,0.009085789322718649
values,1650,-0.0004240087921806961
values,1651,-0.04792593250749798
values,1652,-0.001262401806190085
values,1653,-0.001420211808865044
values,1654,-1.832343457703044e-06
values,1655,-0.0008963460221333785
values,1656,0.000129718169808252
values,1657,-9.337128340514538e-06
values,1658,-0.008989044895176069
values,1659,0.0009625033930658262
values,1660,0.001290768191494482
values,1661,-0.04626783751733507
values,1662,1.703238703961623e-05
values,1663,0.01057444432999191
values,1664,0.003213159184751469
values,1665,-0.03406101505547939
values,1666,0.003591117328978623
values,1667,-0.001749125569519794
values,1668,-0.0004603214728811707
values,1669,-0.0002626384519692783
values,1670,4.354954044480718e-06
values,1671,-0.001869509416051011
values,1672,-0.0001164863865843398
values,1673,-0.002337696417149299
values,1674,-0.001832519977302825
values,1675,-0.0008410662550408856
values,1676,-0.003384489224145926
values,1677,-0.0005102609541787677
values,1678,0.0001821188796585852
values,1679,0.0001862471534908625
values,1680,0.0003701788424989942
values,1681,-0.0008889619262358384
values,1682,0.0002811663801784163
values,1683,-0.001562694628650007
values,1684,0.0002055654247896666
values,1685,0.001838722334594378
values,1686,0.002011419629512022
values,1687,-0.002495556653697232
values,1688,0.001382987725058085
values,1689,-0.009271155534697893
values,1690,-0.002246321178904738
values,1691,0.04551286475494007
values,1692,0.03095765940712905
values,1693,0.04437585627378523
values,1694,0.0002289175140149961
values,1695,-0.04544254822656976
values,1696,-0.005847871242143848
values,1697,-0.04572403668486148
values,1698,-0.000629278113319689
values,1699,0.007826118319206921
values,1700,-0.03242268751100725
values,1701,0.003193233648183272
values,1702,-0.001205290355856348
values,1703,-0.002175291924855635
values,1704,-0.001990592982151736
values,1705,-0.00290690043111952
values,1706,-4.652105409343382e-05
values,1707,-5.795700288857855e-05
values,1708,0.0003079784869310002
values,1709,0.0003307403221458079
values,1710,-0.0009064366000722488
values,1711,0.0001053998969205534
values,1712,0.0003072276210584835
values,1713,-0.001421074027003209
values,1714,2.152127540499657e-05
values,1715,-0.0004043282582379842
values,1716,0.001734414603781935
values,1717,0.002515954799719729
values,1718,-0.002909159043742153
values,1719,0.001477155352913235
values,1720,0.001574576630586431
values,1721,-0.008841429603697333
values,1722,0.0003406095975614687
values,1723,5.578489112920078e-05
values,1724,-0.001265074308612717
values,1725,-7.490451185901902e-06
values,1726,5.022791816236462e-06
values,1727,0.0461785120081819
values,1728,0.03251831277996969
values,1729,0.04614913334320204
values,1730,0.00752847428879738
values,1731,0.001629449371475752
values,1732,-0.04412931681628916
values,1733,0.0008838245377342571
values,1734,-0.0008804233039046994
values,1735,-0.00114790396249944
values,1736,1.745609222823112e-06
values,1737,-0.0001292544860343449
values,1738,-9.517995071786282e-05
values,1739,-0.04859816909604349
values,1740,-0.002039238137055335
values,1741,0.001518612193364102
values,1742,-0.03307410052690457
values,1743,0.0004703655514896473
values,1744,-0.001832894405562102
values,1745,1.876690571997693e-06
values,1746,-9.165395185933323e-05
values,1747,2.426177768088696e-06
values,1748,-4.770543089415002e-05
values,1749,-5.727783530836156e-05
values,1750,0.0002110142282373433
values,1751,-1.965046915103396e-05
values,1752,0.0001352410133037503
values,1753,0.0003056228002888653
values,1754,0.0003272575588723474
values,1755,-0.0009468569450118095
values,1756,0.000104507304631085
values,1757,0.0003069935307369742
values,1758,-0.001420578840485169
values,1759,2.152352059941256e-05
values,1760,-0.0004043253932522482
values,1761,0.0004181573569339457
values,1762,0.000513320422139548
values,1763,0.000534552966780069
values,1764,0.001731236439262311
values,1765,0.002212306928347964
values,1766,-0.003538099565474817
values,1767,0.001478086820437495
values,1768,0.001574626716232205
values,1769,-0.008595534927737873
values,1770,0.0003406095975616497
values,1771,5.578489112903759e-05
values,1772,-0.00126507430861538
values,1773,-7.490451185896787e-06
values,1774,5.022791816159797e-06
values,1775,-0.002491650348329764
values,1776,0.001595809154155121
values,1777,0.001493228375353766
values,1778,0.04603362922365695
values,1779,0.03172729120568336
values,1780,0.04438121572339251
values,1781,0.007320399386374198
values,1782,0.001686128765447959
values,1783,-0.04371207389236944
values,1784,0.0008838245377338321
values,1785,-0.0008775110113020325
values,1786,-0.001148794895172087
values,1787,1.745609222823853e-06
values,1788,-0.0001292544860343732
values,1789,-9.517995071747135e-05
values,1790,-0.008535879824644365
values,1791,0.0008005354144731188
values,1792,-0.04799536230282881
values,1793,-0.002890909589241086
values,1794,0.001393666791772377
values,1795,-0.03298065774841374
values,1796,0.000469610717220043
values,1797,-0.001782038402263696
values,1798,1.876690572008327e-06
values,1799,-9.165395185933592e-05
values,1800,1.377710799101111e-06
values,1801,-4.623953574312422e-05
values,1802,-5.727784586258754e-05
values,1803,1.597115183106137e-05
values,1804,4.422747681061392e-06
values,1805,0.0002140416333908781
values,1806,-1.085358128524532e-05
values,1807,6.015684693655975e-05
values,1808,0.0003024840936154074
values,1809,0.000326192292922139
values,1810,-0.0009495153502628058
values,1811,0.000104507306847949
values,1812,0.0003072316674727688
values,1813,-0.001420345313730851
values,1814,2.152352059940747e-05
values,1815,-0.0004043253932525001
values,1816,0.0001005412215172362
values,1817,-1.554421771620314e-05
values,1818,9.203698061312299e-05
values,1819,0.00054609318307343
values,1820,0.0005697162200269045
values,1821,0.0003299266670209398
values,1822,0.001732920380284721
values,1823,0.002189794666926992
values,1824,-0.003490171617655744
values,1825,0.001478086820441015
values,1826,0.001574626716231714
values,1827,-0.008595534927747532
values,1828,0.0003406095975615226
values,1829,5.578489112903528e-05
values,1830,-0.001265074308618252
values,1831,-7.49045118589688e-06
values,1832,5.022791816299443e-06
values,1833,-0.0005353078167044245
values,1834,9.287839436614227e-05
values,1835,7.467508389507628e-05
values,1836,-0.002095742892606099
values,1837,0.001461757667451959
values,1838,0.001303549764738264
values,1839,0.04594460106591376
values,1840,0.03172033659066854
values,1841,0.04407020752616464
values,1842,0.00732039938636957
values,1843,0.001693570049864783
values,1844,-0.04371510708197711
values,1845,0.0008838245377359267
values,1846,-0.0008775110113016067
values,1847,-0.00114879489517037
values,1848,1.745609222824186e-06
values,1849,-0.0001292544860344677
values,1850,-9.517995071901609e-05
values,1851,1.448617114946782e-10
values,1852,-0.0009998903162515207
values,1853,0.0001346326089939309
values,1854,-0.008310965929768646
values,1855,0.0006297770642392226
values,1856,-0.04789206896169389
values,1857,-0.002979753615335765
values,1858,0.001390020812266748
values,1859,-0.03296399016731577
values,1860,0.0004696107172215274
values,1861,-0.001782038402265702
values,1862,1.876690572003805e-06
values,1863,-9.165395185929567e-05
values,1864,-1.407417504193816e-11
values,1865,2.925385106769407e-11
values,1866,1.458628963251219e-06
values,1867,-4.623953574312753e-05
values,1868,-5.72778458625868e-05
values,1869,3.112327416388585e-08
values,1870,1.579956550332974e-05
values,1871,4.907818580341939e-06
values,1872,0.0002135305658551108
values,1873,-1.043791358207882e-05
values,1874,5.979663253752553e-05
values,1875,0.0003024840936158222
values,1876,0.0003261990272379713
values,1877,-0.0009494851966672754
values,1878,0.0001045073068479383
values,1879,0.00030723166747263
values,1880,-0.001420345313732014
values,1881,2.15235205994109e-05
values,1882,-0.0004043253932524137
values,1883,-4.959915204998686e-09
values,1884,-1.558778412291747e-08
values,1885,1.222970775625253e-06
values,1886,5.697187379398974e-08
values,1887,9.99877826727507e-05
values,1888,-8.748358188631082e-06
values,1889,9.567079672872806e-05
values,1890,0.0005462425025686275
values,1891,0.0005682057508644875
values,1892,0.0003110302680757628
values,1893,0.001732920380292949
values,1894,0.002189794666926909
values,1895,-0.00349017161766945
values,1896,0.001478086820439238
values,1897,0.001574626716231169
values,1898,-0.008595534927752002
values,1899,0.000340609597561074
values,1900,5.578489112924238e-05
values,1901,-0.001265074308613378
values,1902,-7.490451185988691e-06
values,1903,5.022900174572288e-06
values,1904,-1.666372604212197e-06
values,1905,5.320912919025139e-06
values,1906,1.533163271254124e-06
values,1907,-2.496891981879167e-06
values,1908,-0.0005069230442317545
values,1909,9.126353273025415e-05
values,1910,9.494866991016352e-05
values,1911,-0.002064592420463232
values,1912,0.001467763148350371
values,1913,0.001257978631679242
values,1914,0.04594460106570859
values,1915,0.03171858175390609
values,1916,0.04407054502778769
values,1917,0.007320399386391214
values,1918,0.001693570049876918
values,1919,-0.04371510708176302
values,1920,0.0008838246172388624
values,1921,-0.0008775110113022301
values,1922,-0.001148794895183691
values,1923,1.745517046337925e-06
values,1924,-0.0001292548152542737
values,1925,-9.517964995454716e-05
values,1926,-3.043370360935194e-06
values,1927,1.824935656781727e-05
values,1928,1.073116804616935e-05
values,1929,-8.154680037517017e-07
values,1930,-0.001033305258437536
values,1931,0.0001336542660275804
values,1932,-0.008238699197851503
values,1933,0.000633801840408351
values,1934,-0.04789060364014006
values,1935,-0.00302032448319108
values,1936,0.00139002081227138
values,1937,-0.03296399016733102
values,1938,0.0004696108123829311
values,1939,-0.001782038402264021
values,1940,1.876561592812757e-06
values,1941,-9.165364308693098e-05
values,1942,-6.982264411502417e-06
values,1943,2.207449842922247e-05
values,1944,1.458628963250813e-06
values,1945,-4.62395357431294e-05
values,1946,-5.727784586259137e-05
values,1947,-5.677938303111891e-07
values,1948,1.790329674742758e-08
values,1949,-1.792577001499876e-05
values,1950,1.579956550332789e-05
values,1951,4.90781858034097e-06
values,1952,0.0002135305658551658
values,1953,-1.043791358211306e-05
values,1954,5.979663253753576e-05
values,1955,0.0003024840936160299
values,1956,0.000326199027237745
values,1957,-0.0009494851966686561
values,1958,0.0001045061588831811
values,1959,0.0003072316674726618
values,1960,-0.001420345313731256
values,1961,2.152056428078102e-05
values,1962,-0.0004049433785142247
values,1963,1.327452906712216e-05
values,1964,1.025952810496559e-06
values,1965,-0.0001030681566022063
values,1966,5.697545165141819e-08
values,1967,9.998778267283307e-05
values,1968,-8.748343875725179e-06
values,1969,9.49033865852296e-05
values,1970,0.000546242502572293
values,1971,0.0005682057508645918
values,1972,0.000311030268072496
values,1973,0.001732920380289297
values,1974,0.002189794666925133
values,1975,-0.003490171617658215
values,1976,0.001478382130027149
values,1977,0.001574626716232217
values,1978,-0.008595534927733475
values,1979,0.0003397496518659035
values,1980,5.721807377200704e-05
values,1981,-0.001277607324368687
values,1982,8.135578022307359e-05
values,1983,-4.556977569654834e-05
values,1984,-0.0001626920096140057
values,1985,-2.239024931191321e-06
values,1986,-0.0005043662066439284
values,1987,9.069975005751219e-05
values,1988,9.881673144875765e-05
values,1989,-0.002064592420466037
values,1990,0.001467343670000784
values,1991,0.001257715098608731
values,1992,0.04594460106636434
values,1993,0.03171858175401616
values,1994,0.04407054502827396
values,1995,0.007320944880064112
values,1996,0.001693570049887023
values,1997,-0.04371510708238228
values,1998,0.0008852716281879095
values,1999,-0.0008873840494914003
values,2000,-0.001164540958761142
values,2001,0.0001318092535017716
values,2002,-0.0002369200323512918
values,2003,-0.0002210264494567557
values,2004,-1.389046040646299e-06
values,2005,-0.001031638888040867
values,2006,0.0001360016728944758
values,2007,-0.008238356300636913
values,2008,0.0006266754796366248
values,2009,-0.04789060364048713
values,2010,-0.003020324483158588
values,2011,0.001390453500943755
values,2012,-0.03296399016729887
values,2013,0.000497294277194991
values,2014,-0.00179842729844703
values,2015,0.0001121190704048473
values,2016,-0.0002777675383611499
values,2017,1.458628963249119e-06
values,2018,-4.623953574313586e-05
values,2019,-5.772680327792665e-05
values,2020,-1.698159274088825e-05
values,2021,-1.289005429587002e-05
values,2022,-0.0001614143473690611
values,2023,1.579956550333096e-05
values,2024,4.907818580338664e-06
values,2025,0.0002135305658553479
values,2026,-1.043791358210638e-05
values,2027,5.979663253701522e-05
values,2028,0.0003026397805251342
values,2029,0.0003261990272378941
values,2030,-0.0009494851966669299
values,2031,9.587680887978534e-05
values,2032,0.0003078539008538583
values,2033,-0.001435755714850459
values,2034,0.0001422830389185304
values,2035,-1.645128971495892e-05
values,2036,-0.0004667737596534171
values,2037,5.69754516508259e-08
values,2038,9.998778267315719e-05
values,2039,-8.748343875746424e-06
values,2040,9.490338658511129e-05
values,2041,0.0005462425025711336
values,2042,0.0005682057508637074
values,2043,0.000311030268077958
values,2044,0.001733778067751453
values,2045,0.002189794666926463
values,2046,-0.003490171617631609
values,2047,0.00146319356326919
values,2048,0.001560610350574505
values,2049,-0.008649112662637499
values,2050,0.0003916200327863513
values,2051,-0.0001919565396138673
values,2052,-0.001159762208263623
values,2053,-2.239024931119257e-06
values,2054,-0.0005043662066440743
values,2055,9.069975005734153e-05
values,2056,9.881664007392566e-05
values,2057,-0.002064592420437174
values,2058,0.001467343670010579
values,2059,0.001257715098632809
values,2060,0.04594690423459158
values,2061,0.03171858175413815
values,2062,0.04407054502873718
values,2063,0.007481826700648843
values,2064,0.00164323454130028
values,2065,-0.04379053882681528
values,2066,0.0006888083935237504
values,2067,-0.001273790525190457
values,2068,-0.001403126854764531
values,2069,-1.389119521951418e-06
values,2070,-0.001031638811602228
values,2071,0.000136001673813271
values,2072,-0.008238356300633534
values,2073,0.0006266754796508114
values,2074,-0.0478899178815725
values,2075,-0.003020324483166644
values,2076,0.001730935920331434
values,2077,-0.03305014685958477
values,2078,0.0004925167724358661
values,2079,-0.002064525668358971
values,2080,1.458628963249066e-06
values,2081,-4.627032112492114e-05
values,2082,5.557190719773377e-06
values,2083,2.214928532474016e-06
values,2084,-0.0003100506550952203
values,2085,1.579956550333231e-05
values,2086,4.907818580342086e-06
values,2087,0.0002135372587223329
values,2088,-1.043791358207654e-05
values,2089,5.979663253775656e-05
values,2090,0.0003068418259846434
values,2091,0.0003252553884643927
values,2092,-0.0009427964763986629
values,2093,0.0003093969680356001
values,2094,0.0003853550759271136
values,2095,-0.001415781236515985
values,2096,5.697545165045364e-08
values,2097,9.998778267310627e-05
values,2098,-8.748343875741001e-06
values,2099,9.490338658551629e-05
values,2100,0.0005460879564300191
values,2101,0.0005682057508642488
values,2102,0.0003110302680841673
values,2103,0.001775767754296907
values,2104,0.002190932795057807
values,2105,-0.003404283297115985
values,2106,0.00119180714265324
values,2107,0.001518185586651498
values,2108,-0.008004864280025482
values,2109,-2.239024931120773e-06
values,2110,-0.0005043662066411286
values,2111,9.069975005795973e-05
values,2112,9.881664007576385e-05
values,2113,-0.002070389125087643
values,2114,0.001467343670022901
values,2115,0.001257715098637617
values,2116,0.04608435771082989
values,2117,0.03174684012607747
values,2118,0.0441632204738657
values,2119,0.006074496491647043
values,2120,0.001238434939792344
values,2121,-0.04480491890549735
values,2122,-1.389119521951347e-06
values,2123,-0.001031638811601208
values,2124,0.0001360016738140944
values,2125,-0.008239638237516465
values,2126,0.0006266754796448793
values,2127,-0.0477682601665855
values,2128,-0.002898207627313912
values,2129,0.002032488013632681
values,2130,-0.03240026228398687
values,2131,1.740046273816011e-06
values,2132,0.000103448544793154
values,2133,3.966121505225812e-05
values,2134,-0.0002558378303794179
values,2135,0.0001275205891944787
values,2136,-0.0001600577512368767
values,2137,1.574546876684551e-05
values,2138,4.907818580342249e-06
values,2139,0.0002581742609790817
values,2140,-1.089368752128819e-05
values,2141,8.064599081610673e-05
values,2142,0.0004772788798681513
values,2143,0.0006169384984013317
values,2144,-0.0012142255845858
values,2145,0.0001150498337207938
values,2146,0.000288557075179386
values,2147,-0.001657856730316737
values,2148,1.137141433922773e-05
values,2149,-0.0002965964993152054
values,2150,5.697545165040301e-08
values,2151,9.958583856988544e-05
values,2152,-8.748343875699527e-06
values,2153,9.490338658565941e-05
values,2154,0.0006142449834134962
values,2155,0.0005895572737100971
values,2156,0.0003859423488698083
values,2157,0.002115770761030559
values,2158,0.002733661794770081
values,2159,-0.003463608256168617
values,2160,0.001812023467062212
values,2161,0.001474810831449531
values,2162,-0.01044222990912149
values,2163,-6.714346531268844e-05
values,2164,-0.00119910209663203
values,2165,-2.239024931105939e-06
values,2166,-0.0005051948787079244
values,2167,9.069975005885263e-05
values,2168,9.881664007592034e-05
values,2169,-0.002749966633090706
values,2170,0.001558635111449007
values,2171,0.001339958442708938
values,2172,0.04676686240259857
values,2173,0.03390811711591188
values,2174,0.04813608242738475
values,2175,0.009174780039900436
values,2176,-0.0001399106886622817
values,2177,-0.04763153361789822
values,2178,-0.001265436159362677
values,2179,-0.001432240776159459
values,2180,-1.38911952195239e-06
values,2181,-0.001032362406165435
values,2182,0.0001360016738138146
values,2183,-0.009975253697792907
values,2184,0.0007397803917425924
values,2185,-0.04859845186643098
values,2186,-0.001602608434977108
values,2187,0.002467064426118035
values,2188,-0.03502423462017845
values,2189,-0.002040813039129602
values,2190,7.088153763022808e-05
values,2191,0.0001463844383108757
values,2192,-0.0001313509321658427
values,2193,-5.308924697489307e-05
values,2194,5.334527099098646e-05
values,2195,0.0002913120319582474
values,2196,0.0003988002166467531
values,2197,-0.0006717763512319749
values,2198,0.0003026388823043851
values,2199,-0.001575916572622897
values,2200,0.0001786667974480867
values,2201,0.001741979802051766
values,2202,0.002089347550135139
values,2203,-0.002490524329083219
values,2204,0.001305472087620117
values,2205,-0.009181714993242452
values,2206,-0.002392619937438885
values,2207,0.04592062675322725
values,2208,0.03128227117924588
values,2209,0.04501273055533158
values,2210,0.0004326090082687186
values,2211,-0.04530607890306295
values,2212,-0.006513491206491212
values,2213,-0.04783962311445839
values,2214,-0.001130587969837123
values,2215,-0.03372876539798831
