section,index,value
nrows,0,861
ncols,0,861
nnz,0,4121
row_ptr,0,0
row_ptr,1,3
row_ptr,2,8
row_ptr,3,13
row_ptr,4,18
row_ptr,5,21
row_ptr,6,24
row_ptr,7,29
row_ptr,8,34
row_ptr,9,39
row_ptr,10,42
row_ptr,11,47
row_ptr,12,52
row_ptr,13,57
row_ptr,14,60
row_ptr,15,65
row_ptr,16,70
row_ptr,17,75
row_ptr,18,78
row_ptr,19,83
row_ptr,20,88
row_ptr,21,93
row_ptr,22,96
row_ptr,23,101
row_ptr,24,106
row_ptr,25,111
row_ptr,26,114
row_ptr,27,119
row_ptr,28,124
row_ptr,29,129
row_ptr,30,132
row_ptr,31,137
row_ptr,32,142
row_ptr,33,147
row_ptr,34,150
row_ptr,35,155
row_ptr,36,160
row_ptr,37,165
row_ptr,38,168
row_ptr,39,171
row_ptr,40,176
row_ptr,41,181
row_ptr,42,186
row_ptr,43,191
row_ptr,44,196
row_ptr,45,199
row_ptr,46,204
row_ptr,47,209
row_ptr,48,214
row_ptr,49,219
row_ptr,50,224
row_ptr,51,229
row_ptr,52,234
row_ptr,53,239
row_ptr,54,244
row_ptr,55,249
row_ptr,56,254
row_ptr,57,259
row_ptr,58,264
row_ptr,59,269
row_ptr,60,274
row_ptr,61,279
row_ptr,62,284
row_ptr,63,289
row_ptr,64,294
row_ptr,65,299
row_ptr,66,304
row_ptr,67,309
row_ptr,68,314
row_ptr,69,319
row_ptr,70,322
row_ptr,71,327
row_ptr,72,332
row_ptr,73,337
row_ptr,74,342
row_ptr,75,347
row_ptr,76,350
row_ptr,77,355
row_ptr,78,360
row_ptr,79,365
row_ptr,80,370
row_ptr,81,375
row_ptr,82,380
row_ptr,83,385
row_ptr,84,390
row_ptr,85,395
row_ptr,86,400
row_ptr,87,405
row_ptr,88,410
row_ptr,89,415
row_ptr,90,420
row_ptr,91,425
row_ptr,92,430
row_ptr,93,435
row_ptr,94,440
row_ptr,95,445
row_ptr,96,450
row_ptr,97,455
row_ptr,98,460
row_ptr,99,465
row_ptr,100,470
row_ptr,101,473
row_ptr,102,478
row_ptr,103,483
row_ptr,104,488
row_ptr,105,493
row_ptr,106,498
row_ptr,107,501
row_ptr,108,506
row_ptr,109,511
row_ptr,110,516
row_ptr,111,521
row_ptr,112,526
row_ptr,113,531
row_ptr,114,536
row_ptr,115,541
row_ptr,116,546
row_ptr,117,551
row_ptr,118,556
row_ptr,119,561
row_ptr,120,566
row_ptr,121,571
row_ptr,122,576
row_ptr,123,581
row_ptr,124,586
row_ptr,125,591
row_ptr,126,596
row_ptr,127,601
row_ptr,128,606
row_ptr,129,611
row_ptr,130,616
row_ptr,131,621
row_ptr,132,624
row_ptr,133,629
row_ptr,134,634
row_ptr,135,639
row_ptr,136,644
row_ptr,137,649
row_ptr,138,652
row_ptr,139,657
row_ptr,140,662
row_ptr,141,667
row_ptr,142,672
row_ptr,143,677
row_ptr,144,682
row_ptr,145,687
row_ptr,146,692
row_ptr,147,697
row_ptr,148,702
row_ptr,149,707
row_ptr,150,712
row_ptr,151,717
row_ptr,152,722
row_ptr,153,727
row_ptr,154,732
row_ptr,155,737
row_ptr,156,742
row_ptr,157,747
row_ptr,158,752
row_ptr,159,757
row_ptr,160,762
row_ptr,161,767
row_ptr,162,772
row_ptr,163,775
row_ptr,164,780
row_ptr,165,785
row_ptr,166,790
row_ptr,167,795
row_ptr,168,800
row_ptr,169,803
row_ptr,170,808
row_ptr,171,813
row_ptr,172,818
row_ptr,173,823
row_ptr,174,828
row_ptr,175,833
row_ptr,176,838
row_ptr,177,843
row_ptr,178,848
row_ptr,179,853
row_ptr,180,858
row_ptr,181,863
row_ptr,182,868
row_ptr,183,873
row_ptr,184,878
row_ptr,185,883
row_ptr,186,888
row_ptr,187,893
row_ptr,188,898
row_ptr,189,903
row_ptr,190,908
row_ptr,191,913
row_ptr,192,918
row_ptr,193,923
row_ptr,194,926
row_ptr,195,931
row_ptr,196,936
row_ptr,197,941
row_ptr,198,946
row_ptr,199,951
row_ptr,200,954
row_ptr,201,959
row_ptr,202,964
row_ptr,203,969
row_ptr,204,974
row_ptr,205,979
row_ptr,206,984
row_ptr,207,989
row_ptr,208,994
row_ptr,209,999
row_ptr,210,1004
row_ptr,211,1009
row_ptr,212,1014
row_ptr,213,1019
row_ptr,214,1024
row_ptr,215,1029
row_ptr,216,1034
row_ptr,217,1039
row_ptr,218,1044
row_ptr,219,1049
row_ptr,220,1054
row_ptr,221,1059
row_ptr,222,1064
row_ptr,223,1069
row_ptr,224,1074
row_ptr,225,1077
row_ptr,226,1082
row_ptr,227,1087
row_ptr,228,1092
row_ptr,229,1097
row_ptr,230,1102
row_ptr,231,1105
row_ptr,232,1110
row_ptr,233,1115
row_ptr,234,1120
row_ptr,235,1125
row_ptr,236,1130
row_ptr,237,1135
row_ptr,238,1140
row_ptr,239,1145
row_ptr,240,1150
row_ptr,241,1155
row_ptr,242,1160
row_ptr,243,1165
row_ptr,244,1170
row_ptr,245,1175
row_ptr,246,1180
row_ptr,247,1185
row_ptr,248,1190
row_ptr,249,1195
row_ptr,250,1200
row_ptr,251,1205
row_ptr,252,1210
row_ptr,253,1215
row_ptr,254,1220
row_ptr,255,1225
row_ptr,256,1228
row_ptr,257,1233
row_ptr,258,1238
row_ptr,259,1243
row_ptr,260,1248
row_ptr,261,1253
row_ptr,262,1256
row_ptr,263,1261
row_ptr,264,1266
row_ptr,265,1271
row_ptr,266,1276
row_ptr,267,1281
row_ptr,268,1286
row_ptr,269,1291
row_ptr,270,1296
row_ptr,271,1301
row_ptr,272,1306
row_ptr,273,1311
row_ptr,274,1316
row_ptr,275,1321
row_ptr,276,1326
row_ptr,277,1331
row_ptr,278,1336
row_ptr,279,1341
row_ptr,280,1346
row_ptr,281,1351
row_ptr,282,1356
row_ptr,283,1361
row_ptr,284,1366
row_ptr,285,1371
row_ptr,286,1376
row_ptr,287,1379
row_ptr,288,1384
row_ptr,289,1389
row_ptr,290,1394
row_ptr,291,1399
row_ptr,292,1404
row_ptr,293,1407
row_ptr,294,1412
row_ptr,295,1417
row_ptr,296,1422
row_ptr,297,1427
row_ptr,298,1432
row_ptr,299,1437
row_ptr,300,1442
row_ptr,301,1447
row_ptr,302,1452
row_ptr,303,1457
row_ptr,304,1462
row_ptr,305,1467
row_ptr,306,1472
row_ptr,307,1477
row_ptr,308,1482
row_ptr,309,1487
row_ptr,310,1492
row_ptr,311,1497
row_ptr,312,1502
row_ptr,313,1507
row_ptr,314,1512
row_ptr,315,1517
row_ptr,316,1522
row_ptr,317,1527
row_ptr,318,1530
row_ptr,319,1535
row_ptr,320,1540
row_ptr,321,1545
row_ptr,322,1550
row_ptr,323,1555
row_ptr,324,1558
row_ptr,325,1563
row_ptr,326,1568
row_ptr,327,1573
row_ptr,328,1578
row_ptr,329,1583
row_ptr,330,1588
row_ptr,331,1593
row_ptr,332,1598
row_ptr,333,1603
row_ptr,334,1608
row_ptr,335,1613
row_ptr,336,1618
row_ptr,337,1623
row_ptr,338,1628
row_ptr,339,1633
row_ptr,340,1638
row_ptr,341,1643
row_ptr,342,1648
row_ptr,343,1653
row_ptr,344,1658
row_ptr,345,1663
row_ptr,346,1668
row_ptr,347,1673
row_ptr,348,1678
row_ptr,349,1681
row_ptr,350,1686
row_ptr,351,1691
row_ptr,352,1696
row_ptr,353,1701
row_ptr,354,1706
row_ptr,355,1709
row_ptr,356,1714
row_ptr,357,1719
row_ptr,358,1724
row_ptr,359,1729
row_ptr,360,1734
row_ptr,361,1739
row_ptr,362,1744
row_ptr,363,1749
row_ptr,364,1754
row_ptr,365,1759
row_ptr,366,1764
row_ptr,367,1769
row_ptr,368,1774
row_ptr,369,1779
row_ptr,370,1784
row_ptr,371,1789
row_ptr,372,1794
row_ptr,373,1799
row_ptr,374,1804
row_ptr,375,1809
row_ptr,376,1814
row_ptr,377,1819
row_ptr,378,1824
row_ptr,379,1829
row_ptr,380,1832
row_ptr,381,1837
row_ptr,382,1842
row_ptr,383,1847
row_ptr,384,1852
row_ptr,385,1857
row_ptr,386,1860
row_ptr,387,1865
row_ptr,388,1870
row_ptr,389,1875
row_ptr,390,1880
row_ptr,391,1885
row_ptr,392,1890
row_ptr,393,1895
row_ptr,394,1900
row_ptr,395,1905
row_ptr,396,1910
row_ptr,397,1915
row_ptr,398,1920
row_ptr,399,1925
row_ptr,400,1930
row_ptr,401,1935
row_ptr,402,1940
row_ptr,403,1945
row_ptr,404,1950
row_ptr,405,1955
row_ptr,406,1960
row_ptr,407,1965
row_ptr,408,1970
row_ptr,409,1975
row_ptr,410,1980
row_ptr,411,1983
row_ptr,412,1988
row_ptr,413,1993
row_ptr,414,1998
row_ptr,415,2003
row_ptr,416,2008
row_ptr,417,2011
row_ptr,418,2016
row_ptr,419,2021
row_ptr,420,2026
row_ptr,421,2031
row_ptr,422,2036
row_ptr,423,2041
row_ptr,424,2046
row_ptr,425,2051
row_ptr,426,2056
row_ptr,427,2061
row_ptr,428,2066
row_ptr,429,2071
row_ptr,430,2076
row_ptr,431,2081
row_ptr,432,2086
row_ptr,433,2091
row_ptr,434,2096
row_ptr,435,2101
row_ptr,436,2106
row_ptr,437,2111
row_ptr,438,2116
row_ptr,439,2121
row_ptr,440,2126
row_ptr,441,2131
row_ptr,442,2134
row_ptr,443,2139
row_ptr,444,2144
row_ptr,445,2149
row_ptr,446,2154
row_ptr,447,2159
row_ptr,448,2162
row_ptr,449,2167
row_ptr,450,2172
row_ptr,451,2177
row_ptr,452,2182
row_ptr,453,2187
row_ptr,454,2192
row_ptr,455,2197
row_ptr,456,2202
row_ptr,457,2207
row_ptr,458,2212
row_ptr,459,2217
row_ptr,460,2222
row_ptr,461,2227
row_ptr,462,2232
row_ptr,463,2237
row_ptr,464,2242
row_ptr,465,2247
row_ptr,466,2252
row_ptr,467,2257
row_ptr,468,2262
row_ptr,469,2267
row_ptr,470,2272
row_ptr,471,2277
row_ptr,472,2282
row_ptr,473,2285
row_ptr,474,2290
row_ptr,475,2295
row_ptr,476,2300
row_ptr,477,2305
row_ptr,478,2310
row_ptr,479,2313
row_ptr,480,2318
row_ptr,481,2323
row_ptr,482,2328
row_ptr,483,2333
row_ptr,484,2338
row_ptr,485,2343
row_ptr,486,2348
row_ptr,487,2353
row_ptr,488,2358
row_ptr,489,2363
row_ptr,490,2368
row_ptr,491,2373
row_ptr,492,2378
row_ptr,493,2383
row_ptr,494,2388
row_ptr,495,2393
row_ptr,496,2398
row_ptr,497,2403
row_ptr,498,2408
row_ptr,499,2413
row_ptr,500,2418
row_ptr,501,2423
row_ptr,502,2428
row_ptr,503,2433
row_ptr,504,2436
row_ptr,505,2441
row_ptr,506,2446
row_ptr,507,2451
row_ptr,508,2456
row_ptr,509,2461
row_ptr,510,2464
row_ptr,511,2469
row_ptr,512,2474
row_ptr,513,2479
row_ptr,514,2484
row_ptr,515,2489
row_ptr,516,2494
row_ptr,517,2499
row_ptr,518,2504
row_ptr,519,2509
row_ptr,520,2514
row_ptr,521,2519
row_ptr,522,2524
row_ptr,523,2529
row_ptr,524,2534
row_ptr,525,2539
row_ptr,526,2544
row_ptr,527,2549
row_ptr,528,2554
row_ptr,529,2559
row_ptr,530,2564
row_ptr,531,2569
row_ptr,532,2574
row_ptr,533,2579
row_ptr,534,2584
row_ptr,535,2587
row_ptr,536,2592
row_ptr,537,2597
row_ptr,538,2602
row_ptr,539,2607
row_ptr,540,2612
row_ptr,541,2615
row_ptr,542,2620
row_ptr,543,2625
row_ptr,544,2630
row_ptr,545,2635
row_ptr,546,2640
row_ptr,547,2645
row_ptr,548,2650
row_ptr,549,2655
row_ptr,550,2660
row_ptr,551,2665
row_ptr,552,2670
row_ptr,553,2675
row_ptr,554,2680
row_ptr,555,2685
row_ptr,556,2690
row_ptr,557,2695
row_ptr,558,2700
row_ptr,559,2705
row_ptr,560,2710
row_ptr,561,2715
row_ptr,562,2720
row_ptr,563,2725
row_ptr,564,2730
row_ptr,565,2735
row_ptr,566,2738
row_ptr,567,2743
row_ptr,568,2748
row_ptr,569,2753
row_ptr,570,2758
row_ptr,571,2763
row_ptr,572,2766
row_ptr,573,2771
row_ptr,574,2776
row_ptr,575,2781
row_ptr,576,2786
row_ptr,577,2791
row_ptr,578,2796
row_ptr,579,2801
row_ptr,580,2806
row_ptr,581,2811
row_ptr,582,2816
row_ptr,583,2821
row_ptr,584,2826
row_ptr,585,2831
row_ptr,586,2836
row_ptr,587,2841
row_ptr,588,2846
row_ptr,589,2851
row_ptr,590,2856
row_ptr,591,2861
row_ptr,592,2866
row_ptr,593,2871
row_ptr,594,2876
row_ptr,595,2881
row_ptr,596,2886
row_ptr,597,2889
row_ptr,598,2894
row_ptr,599,2899
row_ptr,600,2904
row_ptr,601,2909
row_ptr,602,2912
row_ptr,603,2915
row_ptr,604,2920
row_ptr,605,2925
row_ptr,606,2928
row_ptr,607,2933
row_ptr,608,2938
row_ptr,609,2941
row_ptr,610,2946
row_ptr,611,2951
row_ptr,612,2954
row_ptr,613,2959
row_ptr,614,2964
row_ptr,615,2967
row_ptr,616,2972
row_ptr,617,2977
row_ptr,618,2980
row_ptr,619,2985
row_ptr,620,2990
row_ptr,621,2993
row_ptr,622,2998
row_ptr,623,3003
row_ptr,624,3006
row_ptr,625,3011
row_ptr,626,3016
row_ptr,627,3019
row_ptr,628,3022
row_ptr,629,3027
row_ptr,630,3030
row_ptr,631,3033
row_ptr,632,3037
row_ptr,633,3041
row_ptr,634,3045
row_ptr,635,3049
row_ptr,636,3053
row_ptr,637,3057
row_ptr,638,3061
row_ptr,639,3065
row_ptr,640,3069
row_ptr,641,3072
row_ptr,642,3076
row_ptr,643,3081
row_ptr,644,3086
row_ptr,645,3091
row_ptr,646,3096
row_ptr,647,3101
row_ptr,648,3106
row_ptr,649,3111
row_ptr,650,3116
row_ptr,651,3121
row_ptr,652,3125
row_ptr,653,3129
row_ptr,654,3134
row_ptr,655,3139
row_ptr,656,3144
row_ptr,657,3149
row_ptr,658,3154
row_ptr,659,3159
row_ptr,660,3164
row_ptr,661,3169
row_ptr,662,3174
row_ptr,663,3178
row_ptr,664,3182
row_ptr,665,3187
row_ptr,666,3192
row_ptr,667,3197
row_ptr,668,3202
row_ptr,669,3207
row_ptr,670,3212
row_ptr,671,3217
row_ptr,672,3222
row_ptr,673,3227
row_ptr,674,3231
row_ptr,675,3235
row_ptr,676,3240
row_ptr,677,3245
row_ptr,678,3250
row_ptr,679,3255
row_ptr,680,3260
row_ptr,681,3265
row_ptr,682,3270
row_ptr,683,3275
row_ptr,684,3280
row_ptr,685,3284
row_ptr,686,3288
row_ptr,687,3293
row_ptr,688,3298
row_ptr,689,3303
row_ptr,690,3308
row_ptr,691,3313
row_ptr,692,3318
row_ptr,693,3323
row_ptr,694,3328
row_ptr,695,3333
row_ptr,696,3337
row_ptr,697,3341
row_ptr,698,3346
row_ptr,699,3351
row_ptr,700,3356
row_ptr,701,3361
row_ptr,702,3366
row_ptr,703,3371
row_ptr,704,3376
row_ptr,705,3381
row_ptr,706,3386
row_ptr,707,3390
row_ptr,708,3394
row_ptr,709,3399
row_ptr,710,3404
row_ptr,711,3409
row_ptr,712,3414
row_ptr,713,3419
row_ptr,714,3424
row_ptr,715,3429
row_ptr,716,3434
row_ptr,717,3439
row_ptr,718,3443
row_ptr,719,3447
row_ptr,720,3452
row_ptr,721,3457
row_ptr,722,3462
row_ptr,723,3467
row_ptr,724,3472
row_ptr,725,3477
row_ptr,726,3482
row_ptr,727,3487
row_ptr,728,3492
row_ptr,729,3496
row_ptr,730,3500
row_ptr,731,3505
row_ptr,732,3510
row_ptr,733,3515
row_ptr,734,3520
row_ptr,735,3525
row_ptr,736,3530
row_ptr,737,3535
row_ptr,738,3540
row_ptr,739,3545
row_ptr,740,3549
row_ptr,741,3553
row_ptr,742,3558
row_ptr,743,3563
row_ptr,744,3568
row_ptr,745,3573
row_ptr,746,3578
row_ptr,747,3583
row_ptr,748,3588
row_ptr,749,3593
row_ptr,750,3598
row_ptr,751,3602
row_ptr,752,3606
row_ptr,753,3611
row_ptr,754,3616
row_ptr,755,3621
row_ptr,756,3626
row_ptr,757,3631
row_ptr,758,3636
row_ptr,759,3641
row_ptr,760,3646
row_ptr,761,3651
row_ptr,762,3655
row_ptr,763,3659
row_ptr,764,3664
row_ptr,765,3669
row_ptr,766,3674
row_ptr,767,3679
row_ptr,768,3684
row_ptr,769,3689
row_ptr,770,3694
row_ptr,771,3699
row_ptr,772,3704
row_ptr,773,3708
row_ptr,774,3712
row_ptr,775,3717
row_ptr,776,3722
row_ptr,777,3727
row_ptr,778,3732
row_ptr,779,3737
row_ptr,780,3742
row_ptr,781,3747
row_ptr,782,3752
row_ptr,783,3757
row_ptr,784,3761
row_ptr,785,3765
row_ptr,786,3770
row_ptr,787,3775
row_ptr,788,3780
row_ptr,789,3785
row_ptr,790,3790
row_ptr,791,3795
row_ptr,792,3800
row_ptr,793,3805
row_ptr,794,3810
row_ptr,795,3814
row_ptr,796,3818
row_ptr,797,3823
row_ptr,798,3828
row_ptr,799,3833
row_ptr,800,3838
row_ptr,801,3843
row_ptr,802,3848
row_ptr,803,3853
row_ptr,804,3858
row_ptr,805,3863
row_ptr,806,3867
row_ptr,807,3871
row_ptr,808,3876
row_ptr,809,3881
row_ptr,810,3886
row_ptr,811,3891
row_ptr,812,3896
row_ptr,813,3901
row_ptr,814,3906
row_ptr,815,3911
row_ptr,816,3916
row_ptr,817,3920
row_ptr,818,3924
row_ptr,819,3929
row_ptr,820,3934
row_ptr,821,3939
row_ptr,822,3944
row_ptr,823,3949
row_ptr,824,3954
row_ptr,825,3959
row_ptr,826,3964
row_ptr,827,3969
row_ptr,828,3973
row_ptr,829,3977
row_ptr,830,3982
row_ptr,831,3987
row_ptr,832,3992
row_ptr,833,3997
row_ptr,834,4002
row_ptr,835,4007
row_ptr,836,4012
row_ptr,837,4017
row_ptr,838,4022
row_ptr,839,4026
row_ptr,840,4030
row_ptr,841,4035
row_ptr,842,4040
row_ptr,843,4045
row_ptr,844,4050
row_ptr,845,4055
row_ptr,846,4060
row_ptr,847,4065
row_ptr,848,4070
row_ptr,849,4075
row_ptr,850,4079
row_ptr,851,4082
row_ptr,852,4086
row_ptr,853,4090
row_ptr,854,4094
row_ptr,855,4098
row_ptr,856,4102
row_ptr,857,4106
row_ptr,858,4110
row_ptr,859,4114
row_ptr,860,4118
row_ptr,861,4121
col_idx,0,0
col_idx,1,1
col_idx,2,2
col_idx,3,0
col_idx,4,1
col_idx,5,2
col_idx,6,7
col_idx,7,8
col_idx,8,0
col_idx,9,1
col_idx,10,2
col_idx,11,3
col_idx,12,4
col_idx,13,2
col_idx,14,3
col_idx,15,4
col_idx,16,41
col_idx,17,42
col_idx,18,2
col_idx,19,3
col_idx,20,4
col_idx,21,5
col_idx,22,6
col_idx,23,7
col_idx,24,5
col_idx,25,6
col_idx,26,7
col_idx,27,11
col_idx,28,12
col_idx,29,1
col_idx,30,5
col_idx,31,6
col_idx,32,7
col_idx,33,8
col_idx,34,1
col_idx,35,7
col_idx,36,8
col_idx,37,45
col_idx,38,46
col_idx,39,9
col_idx,40,10
col_idx,41,11
col_idx,42,9
col_idx,43,10
col_idx,44,11
col_idx,45,15
col_idx,46,16
col_idx,47,6
col_idx,48,9
col_idx,49,10
col_idx,50,11
col_idx,51,12
col_idx,52,6
col_idx,53,11
col_idx,54,12
col_idx,55,48
col_idx,56,49
col_idx,57,13
col_idx,58,14
col_idx,59,15
col_idx,60,13
col_idx,61,14
col_idx,62,15
col_idx,63,19
col_idx,64,20
col_idx,65,10
col_idx,66,13
col_idx,67,14
col_idx,68,15
col_idx,69,16
col_idx,70,10
col_idx,71,15
col_idx,72,16
col_idx,73,51
col_idx,74,52
col_idx,75,17
col_idx,76,18
col_idx,77,19
col_idx,78,17
col_idx,79,18
col_idx,80,19
col_idx,81,23
col_idx,82,24
col_idx,83,14
col_idx,84,17
col_idx,85,18
col_idx,86,19
col_idx,87,20
col_idx,88,14
col_idx,89,19
col_idx,90,20
col_idx,91,54
col_idx,92,55
col_idx,93,21
col_idx,94,22
col_idx,95,23
col_idx,96,21
col_idx,97,22
col_idx,98,23
col_idx,99,27
col_idx,100,28
col_idx,101,18
col_idx,102,21
col_idx,103,22
col_idx,104,23
col_idx,105,24
col_idx,106,18
col_idx,107,23
col_idx,108,24
col_idx,109,57
col_idx,110,58
col_idx,111,25
col_idx,112,26
col_idx,113,27
col_idx,114,25
col_idx,115,26
col_idx,116,27
col_idx,117,31
col_idx,118,32
col_idx,119,22
col_idx,120,25
col_idx,121,26
col_idx,122,27
col_idx,123,28
col_idx,124,22
col_idx,125,27
col_idx,126,28
col_idx,127,60
col_idx,128,61
col_idx,129,29
col_idx,130,30
col_idx,131,31
col_idx,132,29
col_idx,133,30
col_idx,134,31
col_idx,135,35
col_idx,136,36
col_idx,137,26
col_idx,138,29
col_idx,139,30
col_idx,140,31
col_idx,141,32
col_idx,142,26
col_idx,143,31
col_idx,144,32
col_idx,145,63
col_idx,146,64
col_idx,147,33
col_idx,148,34
col_idx,149,35
col_idx,150,33
col_idx,151,34
col_idx,152,35
col_idx,153,39
col_idx,154,40
col_idx,155,30
col_idx,156,33
col_idx,157,34
col_idx,158,35
col_idx,159,36
col_idx,160,30
col_idx,161,35
col_idx,162,36
col_idx,163,66
col_idx,164,67
col_idx,165,37
col_idx,166,38
col_idx,167,39
col_idx,168,37
col_idx,169,38
col_idx,170,39
col_idx,171,34
col_idx,172,37
col_idx,173,38
col_idx,174,39
col_idx,175,40
col_idx,176,34
col_idx,177,39
col_idx,178,40
col_idx,179,69
col_idx,180,70
col_idx,181,3
col_idx,182,41
col_idx,183,42
col_idx,184,46
col_idx,185,47
col_idx,186,3
col_idx,187,41
col_idx,188,42
col_idx,189,43
col_idx,190,44
col_idx,191,42
col_idx,192,43
col_idx,193,44
col_idx,194,72
col_idx,195,73
col_idx,196,42
col_idx,197,43
col_idx,198,44
col_idx,199,8
col_idx,200,45
col_idx,201,46
col_idx,202,49
col_idx,203,50
col_idx,204,8
col_idx,205,41
col_idx,206,45
col_idx,207,46
col_idx,208,47
col_idx,209,41
col_idx,210,46
col_idx,211,47
col_idx,212,76
col_idx,213,77
col_idx,214,12
col_idx,215,48
col_idx,216,49
col_idx,217,52
col_idx,218,53
col_idx,219,12
col_idx,220,45
col_idx,221,48
col_idx,222,49
col_idx,223,50
col_idx,224,45
col_idx,225,49
col_idx,226,50
col_idx,227,79
col_idx,228,80
col_idx,229,16
col_idx,230,51
col_idx,231,52
col_idx,232,55
col_idx,233,56
col_idx,234,16
col_idx,235,48
col_idx,236,51
col_idx,237,52
col_idx,238,53
col_idx,239,48
col_idx,240,52
col_idx,241,53
col_idx,242,82
col_idx,243,83
col_idx,244,20
col_idx,245,54
col_idx,246,55
col_idx,247,58
col_idx,248,59
col_idx,249,20
col_idx,250,51
col_idx,251,54
col_idx,252,55
col_idx,253,56
col_idx,254,51
col_idx,255,55
col_idx,256,56
col_idx,257,85
col_idx,258,86
col_idx,259,24
col_idx,260,57
col_idx,261,58
col_idx,262,61
col_idx,263,62
col_idx,264,24
col_idx,265,54
col_idx,266,57
col_idx,267,58
col_idx,268,59
col_idx,269,54
col_idx,270,58
col_idx,271,59
col_idx,272,88
col_idx,273,89
col_idx,274,28
col_idx,275,60
col_idx,276,61
col_idx,277,64
col_idx,278,65
col_idx,279,28
col_idx,280,57
col_idx,281,60
col_idx,282,61
col_idx,283,62
col_idx,284,57
col_idx,285,61
col_idx,286,62
col_idx,287,91
col_idx,288,92
col_idx,289,32
col_idx,290,63
col_idx,291,64
col_idx,292,67
col_idx,293,68
col_idx,294,32
col_idx,295,60
col_idx,296,63
col_idx,297,64
col_idx,298,65
col_idx,299,60
col_idx,300,64
col_idx,301,65
col_idx,302,94
col_idx,303,95
col_idx,304,36
col_idx,305,66
col_idx,306,67
col_idx,307,70
col_idx,308,71
col_idx,309,36
col_idx,310,63
col_idx,311,66
col_idx,312,67
col_idx,313,68
col_idx,314,63
col_idx,315,67
col_idx,316,68
col_idx,317,97
col_idx,318,98
col_idx,319,40
col_idx,320,69
col_idx,321,70
col_idx,322,40
col_idx,323,66
col_idx,324,69
col_idx,325,70
col_idx,326,71
col_idx,327,66
col_idx,328,70
col_idx,329,71
col_idx,330,100
col_idx,331,101
col_idx,332,43
col_idx,333,72
col_idx,334,73
col_idx,335,77
col_idx,336,78
col_idx,337,43
col_idx,338,72
col_idx,339,73
col_idx,340,74
col_idx,341,75
col_idx,342,73
col_idx,343,74
col_idx,344,75
col_idx,345,103
col_idx,346,104
col_idx,347,73
col_idx,348,74
col_idx,349,75
col_idx,350,47
col_idx,351,76
col_idx,352,77
col_idx,353,80
col_idx,354,81
col_idx,355,47
col_idx,356,72
col_idx,357,76
col_idx,358,77
col_idx,359,78
col_idx,360,72
col_idx,361,77
col_idx,362,78
col_idx,363,107
col_idx,364,108
col_idx,365,50
col_idx,366,79
col_idx,367,80
col_idx,368,83
col_idx,369,84
col_idx,370,50
col_idx,371,76
col_idx,372,79
col_idx,373,80
col_idx,374,81
col_idx,375,76
col_idx,376,80
col_idx,377,81
col_idx,378,110
col_idx,379,111
col_idx,380,53
col_idx,381,82
col_idx,382,83
col_idx,383,86
col_idx,384,87
col_idx,385,53
col_idx,386,79
col_idx,387,82
col_idx,388,83
col_idx,389,84
col_idx,390,79
col_idx,391,83
col_idx,392,84
col_idx,393,113
col_idx,394,114
col_idx,395,56
col_idx,396,85
col_idx,397,86
col_idx,398,89
col_idx,399,90
col_idx,400,56
col_idx,401,82
col_idx,402,85
col_idx,403,86
col_idx,404,87
col_idx,405,82
col_idx,406,86
col_idx,407,87
col_idx,408,116
col_idx,409,117
col_idx,410,59
col_idx,411,88
col_idx,412,89
col_idx,413,92
col_idx,414,93
col_idx,415,59
col_idx,416,85
col_idx,417,88
col_idx,418,89
col_idx,419,90
col_idx,420,85
col_idx,421,89
col_idx,422,90
col_idx,423,119
col_idx,424,120
col_idx,425,62
col_idx,426,91
col_idx,427,92
col_idx,428,95
col_idx,429,96
col_idx,430,62
col_idx,431,88
col_idx,432,91
col_idx,433,92
col_idx,434,93
col_idx,435,88
col_idx,436,92
col_idx,437,93
col_idx,438,122
col_idx,439,123
col_idx,440,65
col_idx,441,94
col_idx,442,95
col_idx,443,98
col_idx,444,99
col_idx,445,65
col_idx,446,91
col_idx,447,94
col_idx,448,95
col_idx,449,96
col_idx,450,91
col_idx,451,95
col_idx,452,96
col_idx,453,125
col_idx,454,126
col_idx,455,68
col_idx,456,97
col_idx,457,98
col_idx,458,101
col_idx,459,102
col_idx,460,68
col_idx,461,94
col_idx,462,97
col_idx,463,98
col_idx,464,99
col_idx,465,94
col_idx,466,98
col_idx,467,99
col_idx,468,128
col_idx,469,129
col_idx,470,71
col_idx,471,100
col_idx,472,101
col_idx,473,71
col_idx,474,97
col_idx,475,100
col_idx,476,101
col_idx,477,102
col_idx,478,97
col_idx,479,101
col_idx,480,102
col_idx,481,131
col_idx,482,132
col_idx,483,74
col_idx,484,103
col_idx,485,104
col_idx,486,108
col_idx,487,109
col_idx,488,74
col_idx,489,103
col_idx,490,104
col_idx,491,105
col_idx,492,106
col_idx,493,104
col_idx,494,105
col_idx,495,106
col_idx,496,134
col_idx,497,135
col_idx,498,104
col_idx,499,105
col_idx,500,106
col_idx,501,78
col_idx,502,107
col_idx,503,108
col_idx,504,111
col_idx,505,112
col_idx,506,78
col_idx,507,103
col_idx,508,107
col_idx,509,108
col_idx,510,109
col_idx,511,103
col_idx,512,108
col_idx,513,109
col_idx,514,138
col_idx,515,139
col_idx,516,81
col_idx,517,110
col_idx,518,111
col_idx,519,114
col_idx,520,115
col_idx,521,81
col_idx,522,107
col_idx,523,110
col_idx,524,111
col_idx,525,112
col_idx,526,107
col_idx,527,111
col_idx,528,112
col_idx,529,141
col_idx,530,142
col_idx,531,84
col_idx,532,113
col_idx,533,114
col_idx,534,117
col_idx,535,118
col_idx,536,84
col_idx,537,110
col_idx,538,113
col_idx,539,114
col_idx,540,115
col_idx,541,110
col_idx,542,114
col_idx,543,115
col_idx,544,144
col_idx,545,145
col_idx,546,87
col_idx,547,116
col_idx,548,117
col_idx,549,120
col_idx,550,121
col_idx,551,87
col_idx,552,113
col_idx,553,116
col_idx,554,117
col_idx,555,118
col_idx,556,113
col_idx,557,117
col_idx,558,118
col_idx,559,147
col_idx,560,148
col_idx,561,90
col_idx,562,119
col_idx,563,120
col_idx,564,123
col_idx,565,124
col_idx,566,90
col_idx,567,116
col_idx,568,119
col_idx,569,120
col_idx,570,121
col_idx,571,116
col_idx,572,120
col_idx,573,121
col_idx,574,150
col_idx,575,151
col_idx,576,93
col_idx,577,122
col_idx,578,123
col_idx,579,126
col_idx,580,127
col_idx,581,93
col_idx,582,119
col_idx,583,122
col_idx,584,123
col_idx,585,124
col_idx,586,119
col_idx,587,123
col_idx,588,124
col_idx,589,153
col_idx,590,154
col_idx,591,96
col_idx,592,125
col_idx,593,126
col_idx,594,129
col_idx,595,130
col_idx,596,96
col_idx,597,122
col_idx,598,125
col_idx,599,126
col_idx,600,127
col_idx,601,122
col_idx,602,126
col_idx,603,127
col_idx,604,156
col_idx,605,157
col_idx,606,99
col_idx,607,128
col_idx,608,129
col_idx,609,132
col_idx,610,133
col_idx,611,99
col_idx,612,125
col_idx,613,128
col_idx,614,129
col_idx,615,130
col_idx,616,125
col_idx,617,129
col_idx,618,130
col_idx,619,159
col_idx,620,160
col_idx,621,102
col_idx,622,131
col_idx,623,132
col_idx,624,102
col_idx,625,128
col_idx,626,131
col_idx,627,132
col_idx,628,133
col_idx,629,128
col_idx,630,132
col_idx,631,133
col_idx,632,162
col_idx,633,163
col_idx,634,105
col_idx,635,134
col_idx,636,135
col_idx,637,139
col_idx,638,140
col_idx,639,105
col_idx,640,134
col_idx,641,135
col_idx,642,136
col_idx,643,137
col_idx,644,135
col_idx,645,136
col_idx,646,137
col_idx,647,165
col_idx,648,166
col_idx,649,135
col_idx,650,136
col_idx,651,137
col_idx,652,109
col_idx,653,138
col_idx,654,139
col_idx,655,142
col_idx,656,143
col_idx,657,109
col_idx,658,134
col_idx,659,138
col_idx,660,139
col_idx,661,140
col_idx,662,134
col_idx,663,139
col_idx,664,140
col_idx,665,169
col_idx,666,170
col_idx,667,112
col_idx,668,141
col_idx,669,142
col_idx,670,145
col_idx,671,146
col_idx,672,112
col_idx,673,138
col_idx,674,141
col_idx,675,142
col_idx,676,143
col_idx,677,138
col_idx,678,142
col_idx,679,143
col_idx,680,172
col_idx,681,173
col_idx,682,115
col_idx,683,144
col_idx,684,145
col_idx,685,148
col_idx,686,149
col_idx,687,115
col_idx,688,141
col_idx,689,144
col_idx,690,145
col_idx,691,146
col_idx,692,141
col_idx,693,145
col_idx,694,146
col_idx,695,175
col_idx,696,176
col_idx,697,118
col_idx,698,147
col_idx,699,148
col_idx,700,151
col_idx,701,152
col_idx,702,118
col_idx,703,144
col_idx,704,147
col_idx,705,148
col_idx,706,149
col_idx,707,144
col_idx,708,148
col_idx,709,149
col_idx,710,178
col_idx,711,179
col_idx,712,121
col_idx,713,150
col_idx,714,151
col_idx,715,154
col_idx,716,155
col_idx,717,121
col_idx,718,147
col_idx,719,150
col_idx,720,151
col_idx,721,152
col_idx,722,147
col_idx,723,151
col_idx,724,152
col_idx,725,181
col_idx,726,182
col_idx,727,124
col_idx,728,153
col_idx,729,154
col_idx,730,157
col_idx,731,158
col_idx,732,124
col_idx,733,150
col_idx,734,153
col_idx,735,154
col_idx,736,155
col_idx,737,150
col_idx,738,154
col_idx,739,155
col_idx,740,184
col_idx,741,185
col_idx,742,127
col_idx,743,156
col_idx,744,157
col_idx,745,160
col_idx,746,161
col_idx,747,127
col_idx,748,153
col_idx,749,156
col_idx,750,157
col_idx,751,158
col_idx,752,153
col_idx,753,157
col_idx,754,158
col_idx,755,187
col_idx,756,188
col_idx,757,130
col_idx,758,159
col_idx,759,160
col_idx,760,163
col_idx,761,164
col_idx,762,130
col_idx,763,156
col_idx,764,159
col_idx,765,160
col_idx,766,161
col_idx,767,156
col_idx,768,160
col_idx,769,161
col_idx,770,190
col_idx,771,191
col_idx,772,133
col_idx,773,162
col_idx,774,163
col_idx,775,133
col_idx,776,159
col_idx,777,162
col_idx,778,163
col_idx,779,164
col_idx,780,159
col_idx,781,163
col_idx,782,164
col_idx,783,193
col_idx,784,194
col_idx,785,136
col_idx,786,165
col_idx,787,166
col_idx,788,170
col_idx,789,171
col_idx,790,136
col_idx,791,165
col_idx,792,166
col_idx,793,167
col_idx,794,168
col_idx,795,166
col_idx,796,167
col_idx,797,168
col_idx,798,196
col_idx,799,197
col_idx,800,166
col_idx,801,167
col_idx,802,168
col_idx,803,140
col_idx,804,169
col_idx,805,170
col_idx,806,173
col_idx,807,174
col_idx,808,140
col_idx,809,165
col_idx,810,169
col_idx,811,170
col_idx,812,171
col_idx,813,165
col_idx,814,170
col_idx,815,171
col_idx,816,200
col_idx,817,201
col_idx,818,143
col_idx,819,172
col_idx,820,173
col_idx,821,176
col_idx,822,177
col_idx,823,143
col_idx,824,169
col_idx,825,172
col_idx,826,173
col_idx,827,174
col_idx,828,169
col_idx,829,173
col_idx,830,174
col_idx,831,203
col_idx,832,204
col_idx,833,146
col_idx,834,175
col_idx,835,176
col_idx,836,179
col_idx,837,180
col_idx,838,146
col_idx,839,172
col_idx,840,175
col_idx,841,176
col_idx,842,177
col_idx,843,172
col_idx,844,176
col_idx,845,177
col_idx,846,206
col_idx,847,207
col_idx,848,149
col_idx,849,178
col_idx,850,179
col_idx,851,182
col_idx,852,183
col_idx,853,149
col_idx,854,175
col_idx,855,178
col_idx,856,179
col_idx,857,180
col_idx,858,175
col_idx,859,179
col_idx,860,180
col_idx,861,209
col_idx,862,210
col_idx,863,152
col_idx,864,181
col_idx,865,182
col_idx,866,185
col_idx,867,186
col_idx,868,152
col_idx,869,178
col_idx,870,181
col_idx,871,182
col_idx,872,183
col_idx,873,178
col_idx,874,182
col_idx,875,183
col_idx,876,212
col_idx,877,213
col_idx,878,155
col_idx,879,184
col_idx,880,185
col_idx,881,188
col_idx,882,189
col_idx,883,155
col_idx,884,181
col_idx,885,184
col_idx,886,185
col_idx,887,186
col_idx,888,181
col_idx,889,185
col_idx,890,186
col_idx,891,215
col_idx,892,216
col_idx,893,158
col_idx,894,187
col_idx,895,188
col_idx,896,191
col_idx,897,192
col_idx,898,158
col_idx,899,184
col_idx,900,187
col_idx,901,188
col_idx,902,189
col_idx,903,184
col_idx,904,188
col_idx,905,189
col_idx,906,218
col_idx,907,219
col_idx,908,161
col_idx,909,190
col_idx,910,191
col_idx,911,194
col_idx,912,195
col_idx,913,161
col_idx,914,187
col_idx,915,190
col_idx,916,191
col_idx,917,192
col_idx,918,187
col_idx,919,191
col_idx,920,192
col_idx,921,221
col_idx,922,222
col_idx,923,164
col_idx,924,193
col_idx,925,194
col_idx,926,164
col_idx,927,190
col_idx,928,193
col_idx,929,194
col_idx,930,195
col_idx,931,190
col_idx,932,194
col_idx,933,195
col_idx,934,224
col_idx,935,225
col_idx,936,167
col_idx,937,196
col_idx,938,197
col_idx,939,201
col_idx,940,202
col_idx,941,167
col_idx,942,196
col_idx,943,197
col_idx,944,198
col_idx,945,199
col_idx,946,197
col_idx,947,198
col_idx,948,199
col_idx,949,227
col_idx,950,228
col_idx,951,197
col_idx,952,198
col_idx,953,199
col_idx,954,171
col_idx,955,200
col_idx,956,201
col_idx,957,204
col_idx,958,205
col_idx,959,171
col_idx,960,196
col_idx,961,200
col_idx,962,201
col_idx,963,202
col_idx,964,196
col_idx,965,201
col_idx,966,202
col_idx,967,231
col_idx,968,232
col_idx,969,174
col_idx,970,203
col_idx,971,204
col_idx,972,207
col_idx,973,208
col_idx,974,174
col_idx,975,200
col_idx,976,203
col_idx,977,204
col_idx,978,205
col_idx,979,200
col_idx,980,204
col_idx,981,205
col_idx,982,234
col_idx,983,235
col_idx,984,177
col_idx,985,206
col_idx,986,207
col_idx,987,210
col_idx,988,211
col_idx,989,177
col_idx,990,203
col_idx,991,206
col_idx,992,207
col_idx,993,208
col_idx,994,203
col_idx,995,207
col_idx,996,208
col_idx,997,237
col_idx,998,238
col_idx,999,180
col_idx,1000,209
col_idx,1001,210
col_idx,1002,213
col_idx,1003,214
col_idx,1004,180
col_idx,1005,206
col_idx,1006,209
col_idx,1007,210
col_idx,1008,211
col_idx,1009,206
col_idx,1010,210
col_idx,1011,211
col_idx,1012,240
col_idx,1013,241
col_idx,1014,183
col_idx,1015,212
col_idx,1016,213
col_idx,1017,216
col_idx,1018,217
col_idx,1019,183
col_idx,1020,209
col_idx,1021,212
col_idx,1022,213
col_idx,1023,214
col_idx,1024,209
col_idx,1025,213
col_idx,1026,214
col_idx,1027,243
col_idx,1028,244
col_idx,1029,186
col_idx,1030,215
col_idx,1031,216
col_idx,1032,219
col_idx,1033,220
col_idx,1034,186
col_idx,1035,212
col_idx,1036,215
col_idx,1037,216
col_idx,1038,217
col_idx,1039,212
col_idx,1040,216
col_idx,1041,217
col_idx,1042,246
col_idx,1043,247
col_idx,1044,189
col_idx,1045,218
col_idx,1046,219
col_idx,1047,222
col_idx,1048,223
col_idx,1049,189
col_idx,1050,215
col_idx,1051,218
col_idx,1052,219
col_idx,1053,220
col_idx,1054,215
col_idx,1055,219
col_idx,1056,220
col_idx,1057,249
col_idx,1058,250
col_idx,1059,192
col_idx,1060,221
col_idx,1061,222
col_idx,1062,225
col_idx,1063,226
col_idx,1064,192
col_idx,1065,218
col_idx,1066,221
col_idx,1067,222
col_idx,1068,223
col_idx,1069,218
col_idx,1070,222
col_idx,1071,223
col_idx,1072,252
col_idx,1073,253
col_idx,1074,195
col_idx,1075,224
col_idx,1076,225
col_idx,1077,195
col_idx,1078,221
col_idx,1079,224
col_idx,1080,225
col_idx,1081,226
col_idx,1082,221
col_idx,1083,225
col_idx,1084,226
col_idx,1085,255
col_idx,1086,256
col_idx,1087,198
col_idx,1088,227
col_idx,1089,228
col_idx,1090,232
col_idx,1091,233
col_idx,1092,198
col_idx,1093,227
col_idx,1094,228
col_idx,1095,229
col_idx,1096,230
col_idx,1097,228
col_idx,1098,229
col_idx,1099,230
col_idx,1100,258
col_idx,1101,259
col_idx,1102,228
col_idx,1103,229
col_idx,1104,230
col_idx,1105,202
col_idx,1106,231
col_idx,1107,232
col_idx,1108,235
col_idx,1109,236
col_idx,1110,202
col_idx,1111,227
col_idx,1112,231
col_idx,1113,232
col_idx,1114,233
col_idx,1115,227
col_idx,1116,232
col_idx,1117,233
col_idx,1118,262
col_idx,1119,263
col_idx,1120,205
col_idx,1121,234
col_idx,1122,235
col_idx,1123,238
col_idx,1124,239
col_idx,1125,205
col_idx,1126,231
col_idx,1127,234
col_idx,1128,235
col_idx,1129,236
col_idx,1130,231
col_idx,1131,235
col_idx,1132,236
col_idx,1133,265
col_idx,1134,266
col_idx,1135,208
col_idx,1136,237
col_idx,1137,238
col_idx,1138,241
col_idx,1139,242
col_idx,1140,208
col_idx,1141,234
col_idx,1142,237
col_idx,1143,238
col_idx,1144,239
col_idx,1145,234
col_idx,1146,238
col_idx,1147,239
col_idx,1148,268
col_idx,1149,269
col_idx,1150,211
col_idx,1151,240
col_idx,1152,241
col_idx,1153,244
col_idx,1154,245
col_idx,1155,211
col_idx,1156,237
col_idx,1157,240
col_idx,1158,241
col_idx,1159,242
col_idx,1160,237
col_idx,1161,241
col_idx,1162,242
col_idx,1163,271
col_idx,1164,272
col_idx,1165,214
col_idx,1166,243
col_idx,1167,244
col_idx,1168,247
col_idx,1169,248
col_idx,1170,214
col_idx,1171,240
col_idx,1172,243
col_idx,1173,244
col_idx,1174,245
col_idx,1175,240
col_idx,1176,244
col_idx,1177,245
col_idx,1178,274
col_idx,1179,275
col_idx,1180,217
col_idx,1181,246
col_idx,1182,247
col_idx,1183,250
col_idx,1184,251
col_idx,1185,217
col_idx,1186,243
col_idx,1187,246
col_idx,1188,247
col_idx,1189,248
col_idx,1190,243
col_idx,1191,247
col_idx,1192,248
col_idx,1193,277
col_idx,1194,278
col_idx,1195,220
col_idx,1196,249
col_idx,1197,250
col_idx,1198,253
col_idx,1199,254
col_idx,1200,220
col_idx,1201,246
col_idx,1202,249
col_idx,1203,250
col_idx,1204,251
col_idx,1205,246
col_idx,1206,250
col_idx,1207,251
col_idx,1208,280
col_idx,1209,281
col_idx,1210,223
col_idx,1211,252
col_idx,1212,253
col_idx,1213,256
col_idx,1214,257
col_idx,1215,223
col_idx,1216,249
col_idx,1217,252
col_idx,1218,253
col_idx,1219,254
col_idx,1220,249
col_idx,1221,253
col_idx,1222,254
col_idx,1223,283
col_idx,1224,284
col_idx,1225,226
col_idx,1226,255
col_idx,1227,256
col_idx,1228,226
col_idx,1229,252
col_idx,1230,255
col_idx,1231,256
col_idx,1232,257
col_idx,1233,252
col_idx,1234,256
col_idx,1235,257
col_idx,1236,286
col_idx,1237,287
col_idx,1238,229
col_idx,1239,258
col_idx,1240,259
col_idx,1241,263
col_idx,1242,264
col_idx,1243,229
col_idx,1244,258
col_idx,1245,259
col_idx,1246,260
col_idx,1247,261
col_idx,1248,259
col_idx,1249,260
col_idx,1250,261
col_idx,1251,289
col_idx,1252,290
col_idx,1253,259
col_idx,1254,260
col_idx,1255,261
col_idx,1256,233
col_idx,1257,262
col_idx,1258,263
col_idx,1259,266
col_idx,1260,267
col_idx,1261,233
col_idx,1262,258
col_idx,1263,262
col_idx,1264,263
col_idx,1265,264
col_idx,1266,258
col_idx,1267,263
col_idx,1268,264
col_idx,1269,293
col_idx,1270,294
col_idx,1271,236
col_idx,1272,265
col_idx,1273,266
col_idx,1274,269
col_idx,1275,270
col_idx,1276,236
col_idx,1277,262
col_idx,1278,265
col_idx,1279,266
col_idx,1280,267
col_idx,1281,262
col_idx,1282,266
col_idx,1283,267
col_idx,1284,296
col_idx,1285,297
col_idx,1286,239
col_idx,1287,268
col_idx,1288,269
col_idx,1289,272
col_idx,1290,273
col_idx,1291,239
col_idx,1292,265
col_idx,1293,268
col_idx,1294,269
col_idx,1295,270
col_idx,1296,265
col_idx,1297,269
col_idx,1298,270
col_idx,1299,299
col_idx,1300,300
col_idx,1301,242
col_idx,1302,271
col_idx,1303,272
col_idx,1304,275
col_idx,1305,276
col_idx,1306,242
col_idx,1307,268
col_idx,1308,271
col_idx,1309,272
col_idx,1310,273
col_idx,1311,268
col_idx,1312,272
col_idx,1313,273
col_idx,1314,302
col_idx,1315,303
col_idx,1316,245
col_idx,1317,274
col_idx,1318,275
col_idx,1319,278
col_idx,1320,279
col_idx,1321,245
col_idx,1322,271
col_idx,1323,274
col_idx,1324,275
col_idx,1325,276
col_idx,1326,271
col_idx,1327,275
col_idx,1328,276
col_idx,1329,305
col_idx,1330,306
col_idx,1331,248
col_idx,1332,277
col_idx,1333,278
col_idx,1334,281
col_idx,1335,282
col_idx,1336,248
col_idx,1337,274
col_idx,1338,277
col_idx,1339,278
col_idx,1340,279
col_idx,1341,274
col_idx,1342,278
col_idx,1343,279
col_idx,1344,308
col_idx,1345,309
col_idx,1346,251
col_idx,1347,280
col_idx,1348,281
col_idx,1349,284
col_idx,1350,285
col_idx,1351,251
col_idx,1352,277
col_idx,1353,280
col_idx,1354,281
col_idx,1355,282
col_idx,1356,277
col_idx,1357,281
col_idx,1358,282
col_idx,1359,311
col_idx,1360,312
col_idx,1361,254
col_idx,1362,283
col_idx,1363,284
col_idx,1364,287
col_idx,1365,288
col_idx,1366,254
col_idx,1367,280
col_idx,1368,283
col_idx,1369,284
col_idx,1370,285
col_idx,1371,280
col_idx,1372,284
col_idx,1373,285
col_idx,1374,314
col_idx,1375,315
col_idx,1376,257
col_idx,1377,286
col_idx,1378,287
col_idx,1379,257
col_idx,1380,283
col_idx,1381,286
col_idx,1382,287
col_idx,1383,288
col_idx,1384,283
col_idx,1385,287
col_idx,1386,288
col_idx,1387,317
col_idx,1388,318
col_idx,1389,260
col_idx,1390,289
col_idx,1391,290
col_idx,1392,294
col_idx,1393,295
col_idx,1394,260
col_idx,1395,289
col_idx,1396,290
col_idx,1397,291
col_idx,1398,292
col_idx,1399,290
col_idx,1400,291
col_idx,1401,292
col_idx,1402,320
col_idx,1403,321
col_idx,1404,290
col_idx,1405,291
col_idx,1406,292
col_idx,1407,264
col_idx,1408,293
col_idx,1409,294
col_idx,1410,297
col_idx,1411,298
col_idx,1412,264
col_idx,1413,289
col_idx,1414,293
col_idx,1415,294
col_idx,1416,295
col_idx,1417,289
col_idx,1418,294
col_idx,1419,295
col_idx,1420,324
col_idx,1421,325
col_idx,1422,267
col_idx,1423,296
col_idx,1424,297
col_idx,1425,300
col_idx,1426,301
col_idx,1427,267
col_idx,1428,293
col_idx,1429,296
col_idx,1430,297
col_idx,1431,298
col_idx,1432,293
col_idx,1433,297
col_idx,1434,298
col_idx,1435,327
col_idx,1436,328
col_idx,1437,270
col_idx,1438,299
col_idx,1439,300
col_idx,1440,303
col_idx,1441,304
col_idx,1442,270
col_idx,1443,296
col_idx,1444,299
col_idx,1445,300
col_idx,1446,301
col_idx,1447,296
col_idx,1448,300
col_idx,1449,301
col_idx,1450,330
col_idx,1451,331
col_idx,1452,273
col_idx,1453,302
col_idx,1454,303
col_idx,1455,306
col_idx,1456,307
col_idx,1457,273
col_idx,1458,299
col_idx,1459,302
col_idx,1460,303
col_idx,1461,304
col_idx,1462,299
col_idx,1463,303
col_idx,1464,304
col_idx,1465,333
col_idx,1466,334
col_idx,1467,276
col_idx,1468,305
col_idx,1469,306
col_idx,1470,309
col_idx,1471,310
col_idx,1472,276
col_idx,1473,302
col_idx,1474,305
col_idx,1475,306
col_idx,1476,307
col_idx,1477,302
col_idx,1478,306
col_idx,1479,307
col_idx,1480,336
col_idx,1481,337
col_idx,1482,279
col_idx,1483,308
col_idx,1484,309
col_idx,1485,312
col_idx,1486,313
col_idx,1487,279
col_idx,1488,305
col_idx,1489,308
col_idx,1490,309
col_idx,1491,310
col_idx,1492,305
col_idx,1493,309
col_idx,1494,310
col_idx,1495,339
col_idx,1496,340
col_idx,1497,282
col_idx,1498,311
col_idx,1499,312
col_idx,1500,315
col_idx,1501,316
col_idx,1502,282
col_idx,1503,308
col_idx,1504,311
col_idx,1505,312
col_idx,1506,313
col_idx,1507,308
col_idx,1508,312
col_idx,1509,313
col_idx,1510,342
col_idx,1511,343
col_idx,1512,285
col_idx,1513,314
col_idx,1514,315
col_idx,1515,318
col_idx,1516,319
col_idx,1517,285
col_idx,1518,311
col_idx,1519,314
col_idx,1520,315
col_idx,1521,316
col_idx,1522,311
col_idx,1523,315
col_idx,1524,316
col_idx,1525,345
col_idx,1526,346
col_idx,1527,288
col_idx,1528,317
col_idx,1529,318
col_idx,1530,288
col_idx,1531,314
col_idx,1532,317
col_idx,1533,318
col_idx,1534,319
col_idx,1535,314
col_idx,1536,318
col_idx,1537,319
col_idx,1538,348
col_idx,1539,349
col_idx,1540,291
col_idx,1541,320
col_idx,1542,321
col_idx,1543,325
col_idx,1544,326
col_idx,1545,291
col_idx,1546,320
col_idx,1547,321
col_idx,1548,322
col_idx,1549,323
col_idx,1550,321
col_idx,1551,322
col_idx,1552,323
col_idx,1553,351
col_idx,1554,352
col_idx,1555,321
col_idx,1556,322
col_idx,1557,323
col_idx,1558,295
col_idx,1559,324
col_idx,1560,325
col_idx,1561,328
col_idx,1562,329
col_idx,1563,295
col_idx,1564,320
col_idx,1565,324
col_idx,1566,325
col_idx,1567,326
col_idx,1568,320
col_idx,1569,325
col_idx,1570,326
col_idx,1571,355
col_idx,1572,356
col_idx,1573,298
col_idx,1574,327
col_idx,1575,328
col_idx,1576,331
col_idx,1577,332
col_idx,1578,298
col_idx,1579,324
col_idx,1580,327
col_idx,1581,328
col_idx,1582,329
col_idx,1583,324
col_idx,1584,328
col_idx,1585,329
col_idx,1586,358
col_idx,1587,359
col_idx,1588,301
col_idx,1589,330
col_idx,1590,331
col_idx,1591,334
col_idx,1592,335
col_idx,1593,301
col_idx,1594,327
col_idx,1595,330
col_idx,1596,331
col_idx,1597,332
col_idx,1598,327
col_idx,1599,331
col_idx,1600,332
col_idx,1601,361
col_idx,1602,362
col_idx,1603,304
col_idx,1604,333
col_idx,1605,334
col_idx,1606,337
col_idx,1607,338
col_idx,1608,304
col_idx,1609,330
col_idx,1610,333
col_idx,1611,334
col_idx,1612,335
col_idx,1613,330
col_idx,1614,334
col_idx,1615,335
col_idx,1616,364
col_idx,1617,365
col_idx,1618,307
col_idx,1619,336
col_idx,1620,337
col_idx,1621,340
col_idx,1622,341
col_idx,1623,307
col_idx,1624,333
col_idx,1625,336
col_idx,1626,337
col_idx,1627,338
col_idx,1628,333
col_idx,1629,337
col_idx,1630,338
col_idx,1631,367
col_idx,1632,368
col_idx,1633,310
col_idx,1634,339
col_idx,1635,340
col_idx,1636,343
col_idx,1637,344
col_idx,1638,310
col_idx,1639,336
col_idx,1640,339
col_idx,1641,340
col_idx,1642,341
col_idx,1643,336
col_idx,1644,340
col_idx,1645,341
col_idx,1646,370
col_idx,1647,371
col_idx,1648,313
col_idx,1649,342
col_idx,1650,343
col_idx,1651,346
col_idx,1652,347
col_idx,1653,313
col_idx,1654,339
col_idx,1655,342
col_idx,1656,343
col_idx,1657,344
col_idx,1658,339
col_idx,1659,343
col_idx,1660,344
col_idx,1661,373
col_idx,1662,374
col_idx,1663,316
col_idx,1664,345
col_idx,1665,346
col_idx,1666,349
col_idx,1667,350
col_idx,1668,316
col_idx,1669,342
col_idx,1670,345
col_idx,1671,346
col_idx,1672,347
col_idx,1673,342
col_idx,1674,346
col_idx,1675,347
col_idx,1676,376
col_idx,1677,377
col_idx,1678,319
col_idx,1679,348
col_idx,1680,349
col_idx,1681,319
col_idx,1682,345
col_idx,1683,348
col_idx,1684,349
col_idx,1685,350
col_idx,1686,345
col_idx,1687,349
col_idx,1688,350
col_idx,1689,379
col_idx,1690,380
col_idx,1691,322
col_idx,1692,351
col_idx,1693,352
col_idx,1694,356
col_idx,1695,357
col_idx,1696,322
col_idx,1697,351
col_idx,1698,352
col_idx,1699,353
col_idx,1700,354
col_idx,1701,352
col_idx,1702,353
col_idx,1703,354
col_idx,1704,382
col_idx,1705,383
col_idx,1706,352
col_idx,1707,353
col_idx,1708,354
col_idx,1709,326
col_idx,1710,355
col_idx,1711,356
col_idx,1712,359
col_idx,1713,360
col_idx,1714,326
col_idx,1715,351
col_idx,1716,355
col_idx,1717,356
col_idx,1718,357
col_idx,1719,351
col_idx,1720,356
col_idx,1721,357
col_idx,1722,386
col_idx,1723,387
col_idx,1724,329
col_idx,1725,358
col_idx,1726,359
col_idx,1727,362
col_idx,1728,363
col_idx,1729,329
col_idx,1730,355
col_idx,1731,358
col_idx,1732,359
col_idx,1733,360
col_idx,1734,355
col_idx,1735,359
col_idx,1736,360
col_idx,1737,389
col_idx,1738,390
col_idx,1739,332
col_idx,1740,361
col_idx,1741,362
col_idx,1742,365
col_idx,1743,366
col_idx,1744,332
col_idx,1745,358
col_idx,1746,361
col_idx,1747,362
col_idx,1748,363
col_idx,1749,358
col_idx,1750,362
col_idx,1751,363
col_idx,1752,392
col_idx,1753,393
col_idx,1754,335
col_idx,1755,364
col_idx,1756,365
col_idx,1757,368
col_idx,1758,369
col_idx,1759,335
col_idx,1760,361
col_idx,1761,364
col_idx,1762,365
col_idx,1763,366
col_idx,1764,361
col_idx,1765,365
col_idx,1766,366
col_idx,1767,395
col_idx,1768,396
col_idx,1769,338
col_idx,1770,367
col_idx,1771,368
col_idx,1772,371
col_idx,1773,372
col_idx,1774,338
col_idx,1775,364
col_idx,1776,367
col_idx,1777,368
col_idx,1778,369
col_idx,1779,364
col_idx,1780,368
col_idx,1781,369
col_idx,1782,398
col_idx,1783,399
col_idx,1784,341
col_idx,1785,370
col_idx,1786,371
col_idx,1787,374
col_idx,1788,375
col_idx,1789,341
col_idx,1790,367
col_idx,1791,370
col_idx,1792,371
col_idx,1793,372
col_idx,1794,367
col_idx,1795,371
col_idx,1796,372
col_idx,1797,401
col_idx,1798,402
col_idx,1799,344
col_idx,1800,373
col_idx,1801,374
col_idx,1802,377
col_idx,1803,378
col_idx,1804,344
col_idx,1805,370
col_idx,1806,373
col_idx,1807,374
col_idx,1808,375
col_idx,1809,370
col_idx,1810,374
col_idx,1811,375
col_idx,1812,404
col_idx,1813,405
col_idx,1814,347
col_idx,1815,376
col_idx,1816,377
col_idx,1817,380
col_idx,1818,381
col_idx,1819,347
col_idx,1820,373
col_idx,1821,376
col_idx,1822,377
col_idx,1823,378
col_idx,1824,373
col_idx,1825,377
col_idx,1826,378
col_idx,1827,407
col_idx,1828,408
col_idx,1829,350
col_idx,1830,379
col_idx,1831,380
col_idx,1832,350
col_idx,1833,376
col_idx,1834,379
col_idx,1835,380
col_idx,1836,381
col_idx,1837,376
col_idx,1838,380
col_idx,1839,381
col_idx,1840,410
col_idx,1841,411
col_idx,1842,353
col_idx,1843,382
col_idx,1844,383
col_idx,1845,387
col_idx,1846,388
col_idx,1847,353
col_idx,1848,382
col_idx,1849,383
col_idx,1850,384
col_idx,1851,385
col_idx,1852,383
col_idx,1853,384
col_idx,1854,385
col_idx,1855,413
col_idx,1856,414
col_idx,1857,383
col_idx,1858,384
col_idx,1859,385
col_idx,1860,357
col_idx,1861,386
col_idx,1862,387
col_idx,1863,390
col_idx,1864,391
col_idx,1865,357
col_idx,1866,382
col_idx,1867,386
col_idx,1868,387
col_idx,1869,388
col_idx,1870,382
col_idx,1871,387
col_idx,1872,388
col_idx,1873,417
col_idx,1874,418
col_idx,1875,360
col_idx,1876,389
col_idx,1877,390
col_idx,1878,393
col_idx,1879,394
col_idx,1880,360
col_idx,1881,386
col_idx,1882,389
col_idx,1883,390
col_idx,1884,391
col_idx,1885,386
col_idx,1886,390
col_idx,1887,391
col_idx,1888,420
col_idx,1889,421
col_idx,1890,363
col_idx,1891,392
col_idx,1892,393
col_idx,1893,396
col_idx,1894,397
col_idx,1895,363
col_idx,1896,389
col_idx,1897,392
col_idx,1898,393
col_idx,1899,394
col_idx,1900,389
col_idx,1901,393
col_idx,1902,394
col_idx,1903,423
col_idx,1904,424
col_idx,1905,366
col_idx,1906,395
col_idx,1907,396
col_idx,1908,399
col_idx,1909,400
col_idx,1910,366
col_idx,1911,392
col_idx,1912,395
col_idx,1913,396
col_idx,1914,397
col_idx,1915,392
col_idx,1916,396
col_idx,1917,397
col_idx,1918,426
col_idx,1919,427
col_idx,1920,369
col_idx,1921,398
col_idx,1922,399
col_idx,1923,402
col_idx,1924,403
col_idx,1925,369
col_idx,1926,395
col_idx,1927,398
col_idx,1928,399
col_idx,1929,400
col_idx,1930,395
col_idx,1931,399
col_idx,1932,400
col_idx,1933,429
col_idx,1934,430
col_idx,1935,372
col_idx,1936,401
col_idx,1937,402
col_idx,1938,405
col_idx,1939,406
col_idx,1940,372
col_idx,1941,398
col_idx,1942,401
col_idx,1943,402
col_idx,1944,403
col_idx,1945,398
col_idx,1946,402
col_idx,1947,403
col_idx,1948,432
col_idx,1949,433
col_idx,1950,375
col_idx,1951,404
col_idx,1952,405
col_idx,1953,408
col_idx,1954,409
col_idx,1955,375
col_idx,1956,401
col_idx,1957,404
col_idx,1958,405
col_idx,1959,406
col_idx,1960,401
col_idx,1961,405
col_idx,1962,406
col_idx,1963,435
col_idx,1964,436
col_idx,1965,378
col_idx,1966,407
col_idx,1967,408
col_idx,1968,411
col_idx,1969,412
col_idx,1970,378
col_idx,1971,404
col_idx,1972,407
col_idx,1973,408
col_idx,1974,409
col_idx,1975,404
col_idx,1976,408
col_idx,1977,409
col_idx,1978,438
col_idx,1979,439
col_idx,1980,381
col_idx,1981,410
col_idx,1982,411
col_idx,1983,381
col_idx,1984,407
col_idx,1985,410
col_idx,1986,411
col_idx,1987,412
col_idx,1988,407
col_idx,1989,411
col_idx,1990,412
col_idx,1991,441
col_idx,1992,442
col_idx,1993,384
col_idx,1994,413
col_idx,1995,414
col_idx,1996,418
col_idx,1997,419
col_idx,1998,384
col_idx,1999,413
col_idx,2000,414
col_idx,2001,415
col_idx,2002,416
col_idx,2003,414
col_idx,2004,415
col_idx,2005,416
col_idx,2006,444
col_idx,2007,445
col_idx,2008,414
col_idx,2009,415
col_idx,2010,416
col_idx,2011,388
col_idx,2012,417
col_idx,2013,418
col_idx,2014,421
col_idx,2015,422
col_idx,2016,388
col_idx,2017,413
col_idx,2018,417
col_idx,2019,418
col_idx,2020,419
col_idx,2021,413
col_idx,2022,418
col_idx,2023,419
col_idx,2024,448
col_idx,2025,449
col_idx,2026,391
col_idx,2027,420
col_idx,2028,421
col_idx,2029,424
col_idx,2030,425
col_idx,2031,391
col_idx,2032,417
col_idx,2033,420
col_idx,2034,421
col_idx,2035,422
col_idx,2036,417
col_idx,2037,421
col_idx,2038,422
col_idx,2039,451
col_idx,2040,452
col_idx,2041,394
col_idx,2042,423
col_idx,2043,424
col_idx,2044,427
col_idx,2045,428
col_idx,2046,394
col_idx,2047,420
col_idx,2048,423
col_idx,2049,424
col_idx,2050,425
col_idx,2051,420
col_idx,2052,424
col_idx,2053,425
col_idx,2054,454
col_idx,2055,455
col_idx,2056,397
col_idx,2057,426
col_idx,2058,427
col_idx,2059,430
col_idx,2060,431
col_idx,2061,397
col_idx,2062,423
col_idx,2063,426
col_idx,2064,427
col_idx,2065,428
col_idx,2066,423
col_idx,2067,427
col_idx,2068,428
col_idx,2069,457
col_idx,2070,458
col_idx,2071,400
col_idx,2072,429
col_idx,2073,430
col_idx,2074,433
col_idx,2075,434
col_idx,2076,400
col_idx,2077,426
col_idx,2078,429
col_idx,2079,430
col_idx,2080,431
col_idx,2081,426
col_idx,2082,430
col_idx,2083,431
col_idx,2084,460
col_idx,2085,461
col_idx,2086,403
col_idx,2087,432
col_idx,2088,433
col_idx,2089,436
col_idx,2090,437
col_idx,2091,403
col_idx,2092,429
col_idx,2093,432
col_idx,2094,433
col_idx,2095,434
col_idx,2096,429
col_idx,2097,433
col_idx,2098,434
col_idx,2099,463
col_idx,2100,464
col_idx,2101,406
col_idx,2102,435
col_idx,2103,436
col_idx,2104,439
col_idx,2105,440
col_idx,2106,406
col_idx,2107,432
col_idx,2108,435
col_idx,2109,436
col_idx,2110,437
col_idx,2111,432
col_idx,2112,436
col_idx,2113,437
col_idx,2114,466
col_idx,2115,467
col_idx,2116,409
col_idx,2117,438
col_idx,2118,439
col_idx,2119,442
col_idx,2120,443
col_idx,2121,409
col_idx,2122,435
col_idx,2123,438
col_idx,2124,439
col_idx,2125,440
col_idx,2126,435
col_idx,2127,439
col_idx,2128,440
col_idx,2129,469
col_idx,2130,470
col_idx,2131,412
col_idx,2132,441
col_idx,2133,442
col_idx,2134,412
col_idx,2135,438
col_idx,2136,441
col_idx,2137,442
col_idx,2138,443
col_idx,2139,438
col_idx,2140,442
col_idx,2141,443
col_idx,2142,472
col_idx,2143,473
col_idx,2144,415
col_idx,2145,444
col_idx,2146,445
col_idx,2147,449
col_idx,2148,450
col_idx,2149,415
col_idx,2150,444
col_idx,2151,445
col_idx,2152,446
col_idx,2153,447
col_idx,2154,445
col_idx,2155,446
col_idx,2156,447
col_idx,2157,475
col_idx,2158,476
col_idx,2159,445
col_idx,2160,446
col_idx,2161,447
col_idx,2162,419
col_idx,2163,448
col_idx,2164,449
col_idx,2165,452
col_idx,2166,453
col_idx,2167,419
col_idx,2168,444
col_idx,2169,448
col_idx,2170,449
col_idx,2171,450
col_idx,2172,444
col_idx,2173,449
col_idx,2174,450
col_idx,2175,479
col_idx,2176,480
col_idx,2177,422
col_idx,2178,451
col_idx,2179,452
col_idx,2180,455
col_idx,2181,456
col_idx,2182,422
col_idx,2183,448
col_idx,2184,451
col_idx,2185,452
col_idx,2186,453
col_idx,2187,448
col_idx,2188,452
col_idx,2189,453
col_idx,2190,482
col_idx,2191,483
col_idx,2192,425
col_idx,2193,454
col_idx,2194,455
col_idx,2195,458
col_idx,2196,459
col_idx,2197,425
col_idx,2198,451
col_idx,2199,454
col_idx,2200,455
col_idx,2201,456
col_idx,2202,451
col_idx,2203,455
col_idx,2204,456
col_idx,2205,485
col_idx,2206,486
col_idx,2207,428
col_idx,2208,457
col_idx,2209,458
col_idx,2210,461
col_idx,2211,462
col_idx,2212,428
col_idx,2213,454
col_idx,2214,457
col_idx,2215,458
col_idx,2216,459
col_idx,2217,454
col_idx,2218,458
col_idx,2219,459
col_idx,2220,488
col_idx,2221,489
col_idx,2222,431
col_idx,2223,460
col_idx,2224,461
col_idx,2225,464
col_idx,2226,465
col_idx,2227,431
col_idx,2228,457
col_idx,2229,460
col_idx,2230,461
col_idx,2231,462
col_idx,2232,457
col_idx,2233,461
col_idx,2234,462
col_idx,2235,491
col_idx,2236,492
col_idx,2237,434
col_idx,2238,463
col_idx,2239,464
col_idx,2240,467
col_idx,2241,468
col_idx,2242,434
col_idx,2243,460
col_idx,2244,463
col_idx,2245,464
col_idx,2246,465
col_idx,2247,460
col_idx,2248,464
col_idx,2249,465
col_idx,2250,494
col_idx,2251,495
col_idx,2252,437
col_idx,2253,466
col_idx,2254,467
col_idx,2255,470
col_idx,2256,471
col_idx,2257,437
col_idx,2258,463
col_idx,2259,466
col_idx,2260,467
col_idx,2261,468
col_idx,2262,463
col_idx,2263,467
col_idx,2264,468
col_idx,2265,497
col_idx,2266,498
col_idx,2267,440
col_idx,2268,469
col_idx,2269,470
col_idx,2270,473
col_idx,2271,474
col_idx,2272,440
col_idx,2273,466
col_idx,2274,469
col_idx,2275,470
col_idx,2276,471
col_idx,2277,466
col_idx,2278,470
col_idx,2279,471
col_idx,2280,500
col_idx,2281,501
col_idx,2282,443
col_idx,2283,472
col_idx,2284,473
col_idx,2285,443
col_idx,2286,469
col_idx,2287,472
col_idx,2288,473
col_idx,2289,474
col_idx,2290,469
col_idx,2291,473
col_idx,2292,474
col_idx,2293,503
col_idx,2294,504
col_idx,2295,446
col_idx,2296,475
col_idx,2297,476
col_idx,2298,480
col_idx,2299,481
col_idx,2300,446
col_idx,2301,475
col_idx,2302,476
col_idx,2303,477
col_idx,2304,478
col_idx,2305,476
col_idx,2306,477
col_idx,2307,478
col_idx,2308,506
col_idx,2309,507
col_idx,2310,476
col_idx,2311,477
col_idx,2312,478
col_idx,2313,450
col_idx,2314,479
col_idx,2315,480
col_idx,2316,483
col_idx,2317,484
col_idx,2318,450
col_idx,2319,475
col_idx,2320,479
col_idx,2321,480
col_idx,2322,481
col_idx,2323,475
col_idx,2324,480
col_idx,2325,481
col_idx,2326,510
col_idx,2327,511
col_idx,2328,453
col_idx,2329,482
col_idx,2330,483
col_idx,2331,486
col_idx,2332,487
col_idx,2333,453
col_idx,2334,479
col_idx,2335,482
col_idx,2336,483
col_idx,2337,484
col_idx,2338,479
col_idx,2339,483
col_idx,2340,484
col_idx,2341,513
col_idx,2342,514
col_idx,2343,456
col_idx,2344,485
col_idx,2345,486
col_idx,2346,489
col_idx,2347,490
col_idx,2348,456
col_idx,2349,482
col_idx,2350,485
col_idx,2351,486
col_idx,2352,487
col_idx,2353,482
col_idx,2354,486
col_idx,2355,487
col_idx,2356,516
col_idx,2357,517
col_idx,2358,459
col_idx,2359,488
col_idx,2360,489
col_idx,2361,492
col_idx,2362,493
col_idx,2363,459
col_idx,2364,485
col_idx,2365,488
col_idx,2366,489
col_idx,2367,490
col_idx,2368,485
col_idx,2369,489
col_idx,2370,490
col_idx,2371,519
col_idx,2372,520
col_idx,2373,462
col_idx,2374,491
col_idx,2375,492
col_idx,2376,495
col_idx,2377,496
col_idx,2378,462
col_idx,2379,488
col_idx,2380,491
col_idx,2381,492
col_idx,2382,493
col_idx,2383,488
col_idx,2384,492
col_idx,2385,493
col_idx,2386,522
col_idx,2387,523
col_idx,2388,465
col_idx,2389,494
col_idx,2390,495
col_idx,2391,498
col_idx,2392,499
col_idx,2393,465
col_idx,2394,491
col_idx,2395,494
col_idx,2396,495
col_idx,2397,496
col_idx,2398,491
col_idx,2399,495
col_idx,2400,496
col_idx,2401,525
col_idx,2402,526
col_idx,2403,468
col_idx,2404,497
col_idx,2405,498
col_idx,2406,501
col_idx,2407,502
col_idx,2408,468
col_idx,2409,494
col_idx,2410,497
col_idx,2411,498
col_idx,2412,499
col_idx,2413,494
col_idx,2414,498
col_idx,2415,499
col_idx,2416,528
col_idx,2417,529
col_idx,2418,471
col_idx,2419,500
col_idx,2420,501
col_idx,2421,504
col_idx,2422,505
col_idx,2423,471
col_idx,2424,497
col_idx,2425,500
col_idx,2426,501
col_idx,2427,502
col_idx,2428,497
col_idx,2429,501
col_idx,2430,502
col_idx,2431,531
col_idx,2432,532
col_idx,2433,474
col_idx,2434,503
col_idx,2435,504
col_idx,2436,474
col_idx,2437,500
col_idx,2438,503
col_idx,2439,504
col_idx,2440,505
col_idx,2441,500
col_idx,2442,504
col_idx,2443,505
col_idx,2444,534
col_idx,2445,535
col_idx,2446,477
col_idx,2447,506
col_idx,2448,507
col_idx,2449,511
col_idx,2450,512
col_idx,2451,477
col_idx,2452,506
col_idx,2453,507
col_idx,2454,508
col_idx,2455,509
col_idx,2456,507
col_idx,2457,508
col_idx,2458,509
col_idx,2459,537
col_idx,2460,538
col_idx,2461,507
col_idx,2462,508
col_idx,2463,509
col_idx,2464,481
col_idx,2465,510
col_idx,2466,511
col_idx,2467,514
col_idx,2468,515
col_idx,2469,481
col_idx,2470,506
col_idx,2471,510
col_idx,2472,511
col_idx,2473,512
col_idx,2474,506
col_idx,2475,511
col_idx,2476,512
col_idx,2477,541
col_idx,2478,542
col_idx,2479,484
col_idx,2480,513
col_idx,2481,514
col_idx,2482,517
col_idx,2483,518
col_idx,2484,484
col_idx,2485,510
col_idx,2486,513
col_idx,2487,514
col_idx,2488,515
col_idx,2489,510
col_idx,2490,514
col_idx,2491,515
col_idx,2492,544
col_idx,2493,545
col_idx,2494,487
col_idx,2495,516
col_idx,2496,517
col_idx,2497,520
col_idx,2498,521
col_idx,2499,487
col_idx,2500,513
col_idx,2501,516
col_idx,2502,517
col_idx,2503,518
col_idx,2504,513
col_idx,2505,517
col_idx,2506,518
col_idx,2507,547
col_idx,2508,548
col_idx,2509,490
col_idx,2510,519
col_idx,2511,520
col_idx,2512,523
col_idx,2513,524
col_idx,2514,490
col_idx,2515,516
col_idx,2516,519
col_idx,2517,520
col_idx,2518,521
col_idx,2519,516
col_idx,2520,520
col_idx,2521,521
col_idx,2522,550
col_idx,2523,551
col_idx,2524,493
col_idx,2525,522
col_idx,2526,523
col_idx,2527,526
col_idx,2528,527
col_idx,2529,493
col_idx,2530,519
col_idx,2531,522
col_idx,2532,523
col_idx,2533,524
col_idx,2534,519
col_idx,2535,523
col_idx,2536,524
col_idx,2537,553
col_idx,2538,554
col_idx,2539,496
col_idx,2540,525
col_idx,2541,526
col_idx,2542,529
col_idx,2543,530
col_idx,2544,496
col_idx,2545,522
col_idx,2546,525
col_idx,2547,526
col_idx,2548,527
col_idx,2549,522
col_idx,2550,526
col_idx,2551,527
col_idx,2552,556
col_idx,2553,557
col_idx,2554,499
col_idx,2555,528
col_idx,2556,529
col_idx,2557,532
col_idx,2558,533
col_idx,2559,499
col_idx,2560,525
col_idx,2561,528
col_idx,2562,529
col_idx,2563,530
col_idx,2564,525
col_idx,2565,529
col_idx,2566,530
col_idx,2567,559
col_idx,2568,560
col_idx,2569,502
col_idx,2570,531
col_idx,2571,532
col_idx,2572,535
col_idx,2573,536
col_idx,2574,502
col_idx,2575,528
col_idx,2576,531
col_idx,2577,532
col_idx,2578,533
col_idx,2579,528
col_idx,2580,532
col_idx,2581,533
col_idx,2582,562
col_idx,2583,563
col_idx,2584,505
col_idx,2585,534
col_idx,2586,535
col_idx,2587,505
col_idx,2588,531
col_idx,2589,534
col_idx,2590,535
col_idx,2591,536
col_idx,2592,531
col_idx,2593,535
col_idx,2594,536
col_idx,2595,565
col_idx,2596,566
col_idx,2597,508
col_idx,2598,537
col_idx,2599,538
col_idx,2600,542
col_idx,2601,543
col_idx,2602,508
col_idx,2603,537
col_idx,2604,538
col_idx,2605,539
col_idx,2606,540
col_idx,2607,538
col_idx,2608,539
col_idx,2609,540
col_idx,2610,568
col_idx,2611,569
col_idx,2612,538
col_idx,2613,539
col_idx,2614,540
col_idx,2615,512
col_idx,2616,541
col_idx,2617,542
col_idx,2618,545
col_idx,2619,546
col_idx,2620,512
col_idx,2621,537
col_idx,2622,541
col_idx,2623,542
col_idx,2624,543
col_idx,2625,537
col_idx,2626,542
col_idx,2627,543
col_idx,2628,572
col_idx,2629,573
col_idx,2630,515
col_idx,2631,544
col_idx,2632,545
col_idx,2633,548
col_idx,2634,549
col_idx,2635,515
col_idx,2636,541
col_idx,2637,544
col_idx,2638,545
col_idx,2639,546
col_idx,2640,541
col_idx,2641,545
col_idx,2642,546
col_idx,2643,575
col_idx,2644,576
col_idx,2645,518
col_idx,2646,547
col_idx,2647,548
col_idx,2648,551
col_idx,2649,552
col_idx,2650,518
col_idx,2651,544
col_idx,2652,547
col_idx,2653,548
col_idx,2654,549
col_idx,2655,544
col_idx,2656,548
col_idx,2657,549
col_idx,2658,578
col_idx,2659,579
col_idx,2660,521
col_idx,2661,550
col_idx,2662,551
col_idx,2663,554
col_idx,2664,555
col_idx,2665,521
col_idx,2666,547
col_idx,2667,550
col_idx,2668,551
col_idx,2669,552
col_idx,2670,547
col_idx,2671,551
col_idx,2672,552
col_idx,2673,581
col_idx,2674,582
col_idx,2675,524
col_idx,2676,553
col_idx,2677,554
col_idx,2678,557
col_idx,2679,558
col_idx,2680,524
col_idx,2681,550
col_idx,2682,553
col_idx,2683,554
col_idx,2684,555
col_idx,2685,550
col_idx,2686,554
col_idx,2687,555
col_idx,2688,584
col_idx,2689,585
col_idx,2690,527
col_idx,2691,556
col_idx,2692,557
col_idx,2693,560
col_idx,2694,561
col_idx,2695,527
col_idx,2696,553
col_idx,2697,556
col_idx,2698,557
col_idx,2699,558
col_idx,2700,553
col_idx,2701,557
col_idx,2702,558
col_idx,2703,587
col_idx,2704,588
col_idx,2705,530
col_idx,2706,559
col_idx,2707,560
col_idx,2708,563
col_idx,2709,564
col_idx,2710,530
col_idx,2711,556
col_idx,2712,559
col_idx,2713,560
col_idx,2714,561
col_idx,2715,556
col_idx,2716,560
col_idx,2717,561
col_idx,2718,590
col_idx,2719,591
col_idx,2720,533
col_idx,2721,562
col_idx,2722,563
col_idx,2723,566
col_idx,2724,567
col_idx,2725,533
col_idx,2726,559
col_idx,2727,562
col_idx,2728,563
col_idx,2729,564
col_idx,2730,559
col_idx,2731,563
col_idx,2732,564
col_idx,2733,593
col_idx,2734,594
col_idx,2735,536
col_idx,2736,565
col_idx,2737,566
col_idx,2738,536
col_idx,2739,562
col_idx,2740,565
col_idx,2741,566
col_idx,2742,567
col_idx,2743,562
col_idx,2744,566
col_idx,2745,567
col_idx,2746,596
col_idx,2747,597
col_idx,2748,539
col_idx,2749,568
col_idx,2750,569
col_idx,2751,573
col_idx,2752,574
col_idx,2753,539
col_idx,2754,568
col_idx,2755,569
col_idx,2756,570
col_idx,2757,571
col_idx,2758,569
col_idx,2759,570
col_idx,2760,571
col_idx,2761,599
col_idx,2762,600
col_idx,2763,569
col_idx,2764,570
col_idx,2765,571
col_idx,2766,543
col_idx,2767,572
col_idx,2768,573
col_idx,2769,576
col_idx,2770,577
col_idx,2771,543
col_idx,2772,568
col_idx,2773,572
col_idx,2774,573
col_idx,2775,574
col_idx,2776,568
col_idx,2777,573
col_idx,2778,574
col_idx,2779,603
col_idx,2780,604
col_idx,2781,546
col_idx,2782,575
col_idx,2783,576
col_idx,2784,579
col_idx,2785,580
col_idx,2786,546
col_idx,2787,572
col_idx,2788,575
col_idx,2789,576
col_idx,2790,577
col_idx,2791,572
col_idx,2792,576
col_idx,2793,577
col_idx,2794,606
col_idx,2795,607
col_idx,2796,549
col_idx,2797,578
col_idx,2798,579
col_idx,2799,582
col_idx,2800,583
col_idx,2801,549
col_idx,2802,575
col_idx,2803,578
col_idx,2804,579
col_idx,2805,580
col_idx,2806,575
col_idx,2807,579
col_idx,2808,580
col_idx,2809,609
col_idx,2810,610
col_idx,2811,552
col_idx,2812,581
col_idx,2813,582
col_idx,2814,585
col_idx,2815,586
col_idx,2816,552
col_idx,2817,578
col_idx,2818,581
col_idx,2819,582
col_idx,2820,583
col_idx,2821,578
col_idx,2822,582
col_idx,2823,583
col_idx,2824,612
col_idx,2825,613
col_idx,2826,555
col_idx,2827,584
col_idx,2828,585
col_idx,2829,588
col_idx,2830,589
col_idx,2831,555
col_idx,2832,581
col_idx,2833,584
col_idx,2834,585
col_idx,2835,586
col_idx,2836,581
col_idx,2837,585
col_idx,2838,586
col_idx,2839,615
col_idx,2840,616
col_idx,2841,558
col_idx,2842,587
col_idx,2843,588
col_idx,2844,591
col_idx,2845,592
col_idx,2846,558
col_idx,2847,584
col_idx,2848,587
col_idx,2849,588
col_idx,2850,589
col_idx,2851,584
col_idx,2852,588
col_idx,2853,589
col_idx,2854,618
col_idx,2855,619
col_idx,2856,561
col_idx,2857,590
col_idx,2858,591
col_idx,2859,594
col_idx,2860,595
col_idx,2861,561
col_idx,2862,587
col_idx,2863,590
col_idx,2864,591
col_idx,2865,592
col_idx,2866,587
col_idx,2867,591
col_idx,2868,592
col_idx,2869,621
col_idx,2870,622
col_idx,2871,564
col_idx,2872,593
col_idx,2873,594
col_idx,2874,597
col_idx,2875,598
col_idx,2876,564
col_idx,2877,590
col_idx,2878,593
col_idx,2879,594
col_idx,2880,595
col_idx,2881,590
col_idx,2882,594
col_idx,2883,595
col_idx,2884,624
col_idx,2885,625
col_idx,2886,567
col_idx,2887,596
col_idx,2888,597
col_idx,2889,567
col_idx,2890,593
col_idx,2891,596
col_idx,2892,597
col_idx,2893,598
col_idx,2894,593
col_idx,2895,597
col_idx,2896,598
col_idx,2897,627
col_idx,2898,628
col_idx,2899,570
col_idx,2900,599
col_idx,2901,600
col_idx,2902,604
col_idx,2903,605
col_idx,2904,570
col_idx,2905,599
col_idx,2906,600
col_idx,2907,601
col_idx,2908,602
col_idx,2909,600
col_idx,2910,601
col_idx,2911,602
col_idx,2912,600
col_idx,2913,601
col_idx,2914,602
col_idx,2915,574
col_idx,2916,603
col_idx,2917,604
col_idx,2918,607
col_idx,2919,608
col_idx,2920,574
col_idx,2921,599
col_idx,2922,603
col_idx,2923,604
col_idx,2924,605
col_idx,2925,599
col_idx,2926,604
col_idx,2927,605
col_idx,2928,577
col_idx,2929,606
col_idx,2930,607
col_idx,2931,610
col_idx,2932,611
col_idx,2933,577
col_idx,2934,603
col_idx,2935,606
col_idx,2936,607
col_idx,2937,608
col_idx,2938,603
col_idx,2939,607
col_idx,2940,608
col_idx,2941,580
col_idx,2942,609
col_idx,2943,610
col_idx,2944,613
col_idx,2945,614
col_idx,2946,580
col_idx,2947,606
col_idx,2948,609
col_idx,2949,610
col_idx,2950,611
col_idx,2951,606
col_idx,2952,610
col_idx,2953,611
col_idx,2954,583
col_idx,2955,612
col_idx,2956,613
col_idx,2957,616
col_idx,2958,617
col_idx,2959,583
col_idx,2960,609
col_idx,2961,612
col_idx,2962,613
col_idx,2963,614
col_idx,2964,609
col_idx,2965,613
col_idx,2966,614
col_idx,2967,586
col_idx,2968,615
col_idx,2969,616
col_idx,2970,619
col_idx,2971,620
col_idx,2972,586
col_idx,2973,612
col_idx,2974,615
col_idx,2975,616
col_idx,2976,617
col_idx,2977,612
col_idx,2978,616
col_idx,2979,617
col_idx,2980,589
col_idx,2981,618
col_idx,2982,619
col_idx,2983,622
col_idx,2984,623
col_idx,2985,589
col_idx,2986,615
col_idx,2987,618
col_idx,2988,619
col_idx,2989,620
col_idx,2990,615
col_idx,2991,619
col_idx,2992,620
col_idx,2993,592
col_idx,2994,621
col_idx,2995,622
col_idx,2996,625
col_idx,2997,626
col_idx,2998,592
col_idx,2999,618
col_idx,3000,621
col_idx,3001,622
col_idx,3002,623
col_idx,3003,618
col_idx,3004,622
col_idx,3005,623
col_idx,3006,595
col_idx,3007,624
col_idx,3008,625
col_idx,3009,628
col_idx,3010,629
col_idx,3011,595
col_idx,3012,621
col_idx,3013,624
col_idx,3014,625
col_idx,3015,626
col_idx,3016,621
col_idx,3017,625
col_idx,3018,626
col_idx,3019,598
col_idx,3020,627
col_idx,3021,628
col_idx,3022,598
col_idx,3023,624
col_idx,3024,627
col_idx,3025,628
col_idx,3026,629
col_idx,3027,624
col_idx,3028,628
col_idx,3029,629
col_idx,3030,630
col_idx,3031,631
col_idx,3032,641
col_idx,3033,630
col_idx,3034,631
col_idx,3035,632
col_idx,3036,642
col_idx,3037,631
col_idx,3038,632
col_idx,3039,633
col_idx,3040,643
col_idx,3041,632
col_idx,3042,633
col_idx,3043,634
col_idx,3044,644
col_idx,3045,633
col_idx,3046,634
col_idx,3047,635
col_idx,3048,645
col_idx,3049,634
col_idx,3050,635
col_idx,3051,636
col_idx,3052,646
col_idx,3053,635
col_idx,3054,636
col_idx,3055,637
col_idx,3056,647
col_idx,3057,636
col_idx,3058,637
col_idx,3059,638
col_idx,3060,648
col_idx,3061,637
col_idx,3062,638
col_idx,3063,639
col_idx,3064,649
col_idx,3065,638
col_idx,3066,639
col_idx,3067,640
col_idx,3068,650
col_idx,3069,639
col_idx,3070,640
col_idx,3071,651
col_idx,3072,630
col_idx,3073,641
col_idx,3074,642
col_idx,3075,652
col_idx,3076,631
col_idx,3077,641
col_idx,3078,642
col_idx,3079,643
col_idx,3080,653
col_idx,3081,632
col_idx,3082,642
col_idx,3083,643
col_idx,3084,644
col_idx,3085,654
col_idx,3086,633
col_idx,3087,643
col_idx,3088,644
col_idx,3089,645
col_idx,3090,655
col_idx,3091,634
col_idx,3092,644
col_idx,3093,645
col_idx,3094,646
col_idx,3095,656
col_idx,3096,635
col_idx,3097,645
col_idx,3098,646
col_idx,3099,647
col_idx,3100,657
col_idx,3101,636
col_idx,3102,646
col_idx,3103,647
col_idx,3104,648
col_idx,3105,658
col_idx,3106,637
col_idx,3107,647
col_idx,3108,648
col_idx,3109,649
col_idx,3110,659
col_idx,3111,638
col_idx,3112,648
col_idx,3113,649
col_idx,3114,650
col_idx,3115,660
col_idx,3116,639
col_idx,3117,649
col_idx,3118,650
col_idx,3119,651
col_idx,3120,661
col_idx,3121,640
col_idx,3122,650
col_idx,3123,651
col_idx,3124,662
col_idx,3125,641
col_idx,3126,652
col_idx,3127,653
col_idx,3128,663
col_idx,3129,642
col_idx,3130,652
col_idx,3131,653
col_idx,3132,654
col_idx,3133,664
col_idx,3134,643
col_idx,3135,653
col_idx,3136,654
col_idx,3137,655
col_idx,3138,665
col_idx,3139,644
col_idx,3140,654
col_idx,3141,655
col_idx,3142,656
col_idx,3143,666
col_idx,3144,645
col_idx,3145,655
col_idx,3146,656
col_idx,3147,657
col_idx,3148,667
col_idx,3149,646
col_idx,3150,656
col_idx,3151,657
col_idx,3152,658
col_idx,3153,668
col_idx,3154,647
col_idx,3155,657
col_idx,3156,658
col_idx,3157,659
col_idx,3158,669
col_idx,3159,648
col_idx,3160,658
col_idx,3161,659
col_idx,3162,660
col_idx,3163,670
col_idx,3164,649
col_idx,3165,659
col_idx,3166,660
col_idx,3167,661
col_idx,3168,671
col_idx,3169,650
col_idx,3170,660
col_idx,3171,661
col_idx,3172,662
col_idx,3173,672
col_idx,3174,651
col_idx,3175,661
col_idx,3176,662
col_idx,3177,673
col_idx,3178,652
col_idx,3179,663
col_idx,3180,664
col_idx,3181,674
col_idx,3182,653
col_idx,3183,663
col_idx,3184,664
col_idx,3185,665
col_idx,3186,675
col_idx,3187,654
col_idx,3188,664
col_idx,3189,665
col_idx,3190,666
col_idx,3191,676
col_idx,3192,655
col_idx,3193,665
col_idx,3194,666
col_idx,3195,667
col_idx,3196,677
col_idx,3197,656
col_idx,3198,666
col_idx,3199,667
col_idx,3200,668
col_idx,3201,678
col_idx,3202,657
col_idx,3203,667
col_idx,3204,668
col_idx,3205,669
col_idx,3206,679
col_idx,3207,658
col_idx,3208,668
col_idx,3209,669
col_idx,3210,670
col_idx,3211,680
col_idx,3212,659
col_idx,3213,669
col_idx,3214,670
col_idx,3215,671
col_idx,3216,681
col_idx,3217,660
col_idx,3218,670
col_idx,3219,671
col_idx,3220,672
col_idx,3221,682
col_idx,3222,661
col_idx,3223,671
col_idx,3224,672
col_idx,3225,673
col_idx,3226,683
col_idx,3227,662
col_idx,3228,672
col_idx,3229,673
col_idx,3230,684
col_idx,3231,663
col_idx,3232,674
col_idx,3233,675
col_idx,3234,685
col_idx,3235,664
col_idx,3236,674
col_idx,3237,675
col_idx,3238,676
col_idx,3239,686
col_idx,3240,665
col_idx,3241,675
col_idx,3242,676
col_idx,3243,677
col_idx,3244,687
col_idx,3245,666
col_idx,3246,676
col_idx,3247,677
col_idx,3248,678
col_idx,3249,688
col_idx,3250,667
col_idx,3251,677
col_idx,3252,678
col_idx,3253,679
col_idx,3254,689
col_idx,3255,668
col_idx,3256,678
col_idx,3257,679
col_idx,3258,680
col_idx,3259,690
col_idx,3260,669
col_idx,3261,679
col_idx,3262,680
col_idx,3263,681
col_idx,3264,691
col_idx,3265,670
col_idx,3266,680
col_idx,3267,681
col_idx,3268,682
col_idx,3269,692
col_idx,3270,671
col_idx,3271,681
col_idx,3272,682
col_idx,3273,683
col_idx,3274,693
col_idx,3275,672
col_idx,3276,682
col_idx,3277,683
col_idx,3278,684
col_idx,3279,694
col_idx,3280,673
col_idx,3281,683
col_idx,3282,684
col_idx,3283,695
col_idx,3284,674
col_idx,3285,685
col_idx,3286,686
col_idx,3287,696
col_idx,3288,675
col_idx,3289,685
col_idx,3290,686
col_idx,3291,687
col_idx,3292,697
col_idx,3293,676
col_idx,3294,686
col_idx,3295,687
col_idx,3296,688
col_idx,3297,698
col_idx,3298,677
col_idx,3299,687
col_idx,3300,688
col_idx,3301,689
col_idx,3302,699
col_idx,3303,678
col_idx,3304,688
col_idx,3305,689
col_idx,3306,690
col_idx,3307,700
col_idx,3308,679
col_idx,3309,689
col_idx,3310,690
col_idx,3311,691
col_idx,3312,701
col_idx,3313,680
col_idx,3314,690
col_idx,3315,691
col_idx,3316,692
col_idx,3317,702
col_idx,3318,681
col_idx,3319,691
col_idx,3320,692
col_idx,3321,693
col_idx,3322,703
col_idx,3323,682
col_idx,3324,692
col_idx,3325,693
col_idx,3326,694
col_idx,3327,704
col_idx,3328,683
col_idx,3329,693
col_idx,3330,694
col_idx,3331,695
col_idx,3332,705
col_idx,3333,684
col_idx,3334,694
col_idx,3335,695
col_idx,3336,706
col_idx,3337,685
col_idx,3338,696
col_idx,3339,697
col_idx,3340,707
col_idx,3341,686
col_idx,3342,696
col_idx,3343,697
col_idx,3344,698
col_idx,3345,708
col_idx,3346,687
col_idx,3347,697
col_idx,3348,698
col_idx,3349,699
col_idx,3350,709
col_idx,3351,688
col_idx,3352,698
col_idx,3353,699
col_idx,3354,700
col_idx,3355,710
col_idx,3356,689
col_idx,3357,699
col_idx,3358,700
col_idx,3359,701
col_idx,3360,711
col_idx,3361,690
col_idx,3362,700
col_idx,3363,701
col_idx,3364,702
col_idx,3365,712
col_idx,3366,691
col_idx,3367,701
col_idx,3368,702
col_idx,3369,703
col_idx,3370,713
col_idx,3371,692
col_idx,3372,702
col_idx,3373,703
col_idx,3374,704
col_idx,3375,714
col_idx,3376,693
col_idx,3377,703
col_idx,3378,704
col_idx,3379,705
col_idx,3380,715
col_idx,3381,694
col_idx,3382,704
col_idx,3383,705
col_idx,3384,706
col_idx,3385,716
col_idx,3386,695
col_idx,3387,705
col_idx,3388,706
col_idx,3389,717
col_idx,3390,696
col_idx,3391,707
col_idx,3392,708
col_idx,3393,718
col_idx,3394,697
col_idx,3395,707
col_idx,3396,708
col_idx,3397,709
col_idx,3398,719
col_idx,3399,698
col_idx,3400,708
col_idx,3401,709
col_idx,3402,710
col_idx,3403,720
col_idx,3404,699
col_idx,3405,709
col_idx,3406,710
col_idx,3407,711
col_idx,3408,721
col_idx,3409,700
col_idx,3410,710
col_idx,3411,711
col_idx,3412,712
col_idx,3413,722
col_idx,3414,701
col_idx,3415,711
col_idx,3416,712
col_idx,3417,713
col_idx,3418,723
col_idx,3419,702
col_idx,3420,712
col_idx,3421,713
col_idx,3422,714
col_idx,3423,724
col_idx,3424,703
col_idx,3425,713
col_idx,3426,714
col_idx,3427,715
col_idx,3428,725
col_idx,3429,704
col_idx,3430,714
col_idx,3431,715
col_idx,3432,716
col_idx,3433,726
col_idx,3434,705
col_idx,3435,715
col_idx,3436,716
col_idx,3437,717
col_idx,3438,727
col_idx,3439,706
col_idx,3440,716
col_idx,3441,717
col_idx,3442,728
col_idx,3443,707
col_idx,3444,718
col_idx,3445,719
col_idx,3446,729
col_idx,3447,708
col_idx,3448,718
col_idx,3449,719
col_idx,3450,720
col_idx,3451,730
col_idx,3452,709
col_idx,3453,719
col_idx,3454,720
col_idx,3455,721
col_idx,3456,731
col_idx,3457,710
col_idx,3458,720
col_idx,3459,721
col_idx,3460,722
col_idx,3461,732
col_idx,3462,711
col_idx,3463,721
col_idx,3464,722
col_idx,3465,723
col_idx,3466,733
col_idx,3467,712
col_idx,3468,722
col_idx,3469,723
col_idx,3470,724
col_idx,3471,734
col_idx,3472,713
col_idx,3473,723
col_idx,3474,724
col_idx,3475,725
col_idx,3476,735
col_idx,3477,714
col_idx,3478,724
col_idx,3479,725
col_idx,3480,726
col_idx,3481,736
col_idx,3482,715
col_idx,3483,725
col_idx,3484,726
col_idx,3485,727
col_idx,3486,737
col_idx,3487,716
col_idx,3488,726
col_idx,3489,727
col_idx,3490,728
col_idx,3491,738
col_idx,3492,717
col_idx,3493,727
col_idx,3494,728
col_idx,3495,739
col_idx,3496,718
col_idx,3497,729
col_idx,3498,730
col_idx,3499,740
col_idx,3500,719
col_idx,3501,729
col_idx,3502,730
col_idx,3503,731
col_idx,3504,741
col_idx,3505,720
col_idx,3506,730
col_idx,3507,731
col_idx,3508,732
col_idx,3509,742
col_idx,3510,721
col_idx,3511,731
col_idx,3512,732
col_idx,3513,733
col_idx,3514,743
col_idx,3515,722
col_idx,3516,732
col_idx,3517,733
col_idx,3518,734
col_idx,3519,744
col_idx,3520,723
col_idx,3521,733
col_idx,3522,734
col_idx,3523,735
col_idx,3524,745
col_idx,3525,724
col_idx,3526,734
col_idx,3527,735
col_idx,3528,736
col_idx,3529,746
col_idx,3530,725
col_idx,3531,735
col_idx,3532,736
col_idx,3533,737
col_idx,3534,747
col_idx,3535,726
col_idx,3536,736
col_idx,3537,737
col_idx,3538,738
col_idx,3539,748
col_idx,3540,727
col_idx,3541,737
col_idx,3542,738
col_idx,3543,739
col_idx,3544,749
col_idx,3545,728
col_idx,3546,738
col_idx,3547,739
col_idx,3548,750
col_idx,3549,729
col_idx,3550,740
col_idx,3551,741
col_idx,3552,751
col_idx,3553,730
col_idx,3554,740
col_idx,3555,741
col_idx,3556,742
col_idx,3557,752
col_idx,3558,731
col_idx,3559,741
col_idx,3560,742
col_idx,3561,743
col_idx,3562,753
col_idx,3563,732
col_idx,3564,742
col_idx,3565,743
col_idx,3566,744
col_idx,3567,754
col_idx,3568,733
col_idx,3569,743
col_idx,3570,744
col_idx,3571,745
col_idx,3572,755
col_idx,3573,734
col_idx,3574,744
col_idx,3575,745
col_idx,3576,746
col_idx,3577,756
col_idx,3578,735
col_idx,3579,745
col_idx,3580,746
col_idx,3581,747
col_idx,3582,757
col_idx,3583,736
col_idx,3584,746
col_idx,3585,747
col_idx,3586,748
col_idx,3587,758
col_idx,3588,737
col_idx,3589,747
col_idx,3590,748
col_idx,3591,749
col_idx,3592,759
col_idx,3593,738
col_idx,3594,748
col_idx,3595,749
col_idx,3596,750
col_idx,3597,760
col_idx,3598,739
col_idx,3599,749
col_idx,3600,750
col_idx,3601,761
col_idx,3602,740
col_idx,3603,751
col_idx,3604,752
col_idx,3605,762
col_idx,3606,741
col_idx,3607,751
col_idx,3608,752
col_idx,3609,753
col_idx,3610,763
col_idx,3611,742
col_idx,3612,752
col_idx,3613,753
col_idx,3614,754
col_idx,3615,764
col_idx,3616,743
col_idx,3617,753
col_idx,3618,754
col_idx,3619,755
col_idx,3620,765
col_idx,3621,744
col_idx,3622,754
col_idx,3623,755
col_idx,3624,756
col_idx,3625,766
col_idx,3626,745
col_idx,3627,755
col_idx,3628,756
col_idx,3629,757
col_idx,3630,767
col_idx,3631,746
col_idx,3632,756
col_idx,3633,757
col_idx,3634,758
col_idx,3635,768
col_idx,3636,747
col_idx,3637,757
col_idx,3638,758
col_idx,3639,759
col_idx,3640,769
col_idx,3641,748
col_idx,3642,758
col_idx,3643,759
col_idx,3644,760
col_idx,3645,770
col_idx,3646,749
col_idx,3647,759
col_idx,3648,760
col_idx,3649,761
col_idx,3650,771
col_idx,3651,750
col_idx,3652,760
col_idx,3653,761
col_idx,3654,772
col_idx,3655,751
col_idx,3656,762
col_idx,3657,763
col_idx,3658,773
col_idx,3659,752
col_idx,3660,762
col_idx,3661,763
col_idx,3662,764
col_idx,3663,774
col_idx,3664,753
col_idx,3665,763
col_idx,3666,764
col_idx,3667,765
col_idx,3668,775
col_idx,3669,754
col_idx,3670,764
col_idx,3671,765
col_idx,3672,766
col_idx,3673,776
col_idx,3674,755
col_idx,3675,765
col_idx,3676,766
col_idx,3677,767
col_idx,3678,777
col_idx,3679,756
col_idx,3680,766
col_idx,3681,767
col_idx,3682,768
col_idx,3683,778
col_idx,3684,757
col_idx,3685,767
col_idx,3686,768
col_idx,3687,769
col_idx,3688,779
col_idx,3689,758
col_idx,3690,768
col_idx,3691,769
col_idx,3692,770
col_idx,3693,780
col_idx,3694,759
col_idx,3695,769
col_idx,3696,770
col_idx,3697,771
col_idx,3698,781
col_idx,3699,760
col_idx,3700,770
col_idx,3701,771
col_idx,3702,772
col_idx,3703,782
col_idx,3704,761
col_idx,3705,771
col_idx,3706,772
col_idx,3707,783
col_idx,3708,762
col_idx,3709,773
col_idx,3710,774
col_idx,3711,784
col_idx,3712,763
col_idx,3713,773
col_idx,3714,774
col_idx,3715,775
col_idx,3716,785
col_idx,3717,764
col_idx,3718,774
col_idx,3719,775
col_idx,3720,776
col_idx,3721,786
col_idx,3722,765
col_idx,3723,775
col_idx,3724,776
col_idx,3725,777
col_idx,3726,787
col_idx,3727,766
col_idx,3728,776
col_idx,3729,777
col_idx,3730,778
col_idx,3731,788
col_idx,3732,767
col_idx,3733,777
col_idx,3734,778
col_idx,3735,779
col_idx,3736,789
col_idx,3737,768
col_idx,3738,778
col_idx,3739,779
col_idx,3740,780
col_idx,3741,790
col_idx,3742,769
col_idx,3743,779
col_idx,3744,780
col_idx,3745,781
col_idx,3746,791
col_idx,3747,770
col_idx,3748,780
col_idx,3749,781
col_idx,3750,782
col_idx,3751,792
col_idx,3752,771
col_idx,3753,781
col_idx,3754,782
col_idx,3755,783
col_idx,3756,793
col_idx,3757,772
col_idx,3758,782
col_idx,3759,783
col_idx,3760,794
col_idx,3761,773
col_idx,3762,784
col_idx,3763,785
col_idx,3764,795
col_idx,3765,774
col_idx,3766,784
col_idx,3767,785
col_idx,3768,786
col_idx,3769,796
col_idx,3770,775
col_idx,3771,785
col_idx,3772,786
col_idx,3773,787
col_idx,3774,797
col_idx,3775,776
col_idx,3776,786
col_idx,3777,787
col_idx,3778,788
col_idx,3779,798
col_idx,3780,777
col_idx,3781,787
col_idx,3782,788
col_idx,3783,789
col_idx,3784,799
col_idx,3785,778
col_idx,3786,788
col_idx,3787,789
col_idx,3788,790
col_idx,3789,800
col_idx,3790,779
col_idx,3791,789
col_idx,3792,790
col_idx,3793,791
col_idx,3794,801
col_idx,3795,780
col_idx,3796,790
col_idx,3797,791
col_idx,3798,792
col_idx,3799,802
col_idx,3800,781
col_idx,3801,791
col_idx,3802,792
col_idx,3803,793
col_idx,3804,803
col_idx,3805,782
col_idx,3806,792
col_idx,3807,793
col_idx,3808,794
col_idx,3809,804
col_idx,3810,783
col_idx,3811,793
col_idx,3812,794
col_idx,3813,805
col_idx,3814,784
col_idx,3815,795
col_idx,3816,796
col_idx,3817,806
col_idx,3818,785
col_idx,3819,795
col_idx,3820,796
col_idx,3821,797
col_idx,3822,807
col_idx,3823,786
col_idx,3824,796
col_idx,3825,797
col_idx,3826,798
col_idx,3827,808
col_idx,3828,787
col_idx,3829,797
col_idx,3830,798
col_idx,3831,799
col_idx,3832,809
col_idx,3833,788
col_idx,3834,798
col_idx,3835,799
col_idx,3836,800
col_idx,3837,810
col_idx,3838,789
col_idx,3839,799
col_idx,3840,800
col_idx,3841,801
col_idx,3842,811
col_idx,3843,790
col_idx,3844,800
col_idx,3845,801
col_idx,3846,802
col_idx,3847,812
col_idx,3848,791
col_idx,3849,801
col_idx,3850,802
col_idx,3851,803
col_idx,3852,813
col_idx,3853,792
col_idx,3854,802
col_idx,3855,803
col_idx,3856,804
col_idx,3857,814
col_idx,3858,793
col_idx,3859,803
col_idx,3860,804
col_idx,3861,805
col_idx,3862,815
col_idx,3863,794
col_idx,3864,804
col_idx,3865,805
col_idx,3866,816
col_idx,3867,795
col_idx,3868,806
col_idx,3869,807
col_idx,3870,817
col_idx,3871,796
col_idx,3872,806
col_idx,3873,807
col_idx,3874,808
col_idx,3875,818
col_idx,3876,797
col_idx,3877,807
col_idx,3878,808
col_idx,3879,809
col_idx,3880,819
col_idx,3881,798
col_idx,3882,808
col_idx,3883,809
col_idx,3884,810
col_idx,3885,820
col_idx,3886,799
col_idx,3887,809
col_idx,3888,810
col_idx,3889,811
col_idx,3890,821
col_idx,3891,800
col_idx,3892,810
col_idx,3893,811
col_idx,3894,812
col_idx,3895,822
col_idx,3896,801
col_idx,3897,811
col_idx,3898,812
col_idx,3899,813
col_idx,3900,823
col_idx,3901,802
col_idx,3902,812
col_idx,3903,813
col_idx,3904,814
col_idx,3905,824
col_idx,3906,803
col_idx,3907,813
col_idx,3908,814
col_idx,3909,815
col_idx,3910,825
col_idx,3911,804
col_idx,3912,814
col_idx,3913,815
col_idx,3914,816
col_idx,3915,826
col_idx,3916,805
col_idx,3917,815
col_idx,3918,816
col_idx,3919,827
col_idx,3920,806
col_idx,3921,817
col_idx,3922,818
col_idx,3923,828
col_idx,3924,807
col_idx,3925,817
col_idx,3926,818
col_idx,3927,819
col_idx,3928,829
col_idx,3929,808
col_idx,3930,818
col_idx,3931,819
col_idx,3932,820
col_idx,3933,830
col_idx,3934,809
col_idx,3935,819
col_idx,3936,820
col_idx,3937,821
col_idx,3938,831
col_idx,3939,810
col_idx,3940,820
col_idx,3941,821
col_idx,3942,822
col_idx,3943,832
col_idx,3944,811
col_idx,3945,821
col_idx,3946,822
col_idx,3947,823
col_idx,3948,833
col_idx,3949,812
col_idx,3950,822
col_idx,3951,823
col_idx,3952,824
col_idx,3953,834
col_idx,3954,813
col_idx,3955,823
col_idx,3956,824
col_idx,3957,825
col_idx,3958,835
col_idx,3959,814
col_idx,3960,824
col_idx,3961,825
col_idx,3962,826
col_idx,3963,836
col_idx,3964,815
col_idx,3965,825
col_idx,3966,826
col_idx,3967,827
col_idx,3968,837
col_idx,3969,816
col_idx,3970,826
col_idx,3971,827
col_idx,3972,838
col_idx,3973,817
col_idx,3974,828
col_idx,3975,829
col_idx,3976,839
col_idx,3977,818
col_idx,3978,828
col_idx,3979,829
col_idx,3980,830
col_idx,3981,840
col_idx,3982,819
col_idx,3983,829
col_idx,3984,830
col_idx,3985,831
col_idx,3986,841
col_idx,3987,820
col_idx,3988,830
col_idx,3989,831
col_idx,3990,832
col_idx,3991,842
col_idx,3992,821
col_idx,3993,831
col_idx,3994,832
col_idx,3995,833
col_idx,3996,843
col_idx,3997,822
col_idx,3998,832
col_idx,3999,833
col_idx,4000,834
col_idx,4001,844
col_idx,4002,823
col_idx,4003,833
col_idx,4004,834
col_idx,4005,835
col_idx,4006,845
col_idx,4007,824
col_idx,4008,834
col_idx,4009,835
col_idx,4010,836
col_idx,4011,846
col_idx,4012,825
col_idx,4013,835
col_idx,4014,836
col_idx,4015,837
col_idx,4016,847
col_idx,4017,826
col_idx,4018,836
col_idx,4019,837
col_idx,4020,838
col_idx,4021,848
col_idx,4022,827
col_idx,4023,837
col_idx,4024,838
col_idx,4025,849
col_idx,4026,828
col_idx,4027,839
col_idx,4028,840
col_idx,4029,850
col_idx,4030,829
col_idx,4031,839
col_idx,4032,840
col_idx,4033,841
col_idx,4034,851
col_idx,4035,830
col_idx,4036,840
col_idx,4037,841
col_idx,4038,842
col_idx,4039,852
col_idx,4040,831
col_idx,4041,841
col_idx,4042,842
col_idx,4043,843
col_idx,4044,853
col_idx,4045,832
col_idx,4046,842
col_idx,4047,843
col_idx,4048,844
col_idx,4049,854
col_idx,4050,833
col_idx,4051,843
col_idx,4052,844
col_idx,4053,845
col_idx,4054,855
col_idx,4055,834
col_idx,4056,844
col_idx,4057,845
col_idx,4058,846
col_idx,4059,856
col_idx,4060,835
col_idx,4061,845
col_idx,4062,846
col_idx,4063,847
col_idx,4064,857
col_idx,4065,836
col_idx,4066,846
col_idx,4067,847
col_idx,4068,848
col_idx,4069,858
col_idx,4070,837
col_idx,4071,847
col_idx,4072,848
col_idx,4073,849
col_idx,4074,859
col_idx,4075,838
col_idx,4076,848
col_idx,4077,849
col_idx,4078,860
col_idx,4079,839
col_idx,4080,850
col_idx,4081,851
col_idx,4082,840
col_idx,4083,850
col_idx,4084,851
col_idx,4085,852
col_idx,4086,841
col_idx,4087,851
col_idx,4088,852
col_idx,4089,853
col_idx,4090,842
col_idx,4091,852
col_idx,4092,853
col_idx,4093,854
col_idx,4094,843
col_idx,4095,853
col_idx,4096,854
col_idx,4097,855
col_idx,4098,844
col_idx,4099,854
col_idx,4100,855
col_idx,4101,856
col_idx,4102,845
col_idx,4103,855
col_idx,4104,856
col_idx,4105,857
col_idx,4106,846
col_idx,4107,856
col_idx,4108,857
col_idx,4109,858
col_idx,4110,847
col_idx,4111,857
col_idx,4112,858
col_idx,4113,859
col_idx,4114,848
col_idx,4115,858
col_idx,4116,859
col_idx,4117,860
col_idx,4118,849
col_idx,4119,859
col_idx,4120,860
values,0,8
values,1,2
values,2,-8.246211251235321
values,3,2
values,4,1
values,5,-2.06155281280883
values,6,-2.06155281280883
values,7,2
values,8,-8.246211251235321
values,9,-2.06155281280883
values,10,17
values,11,-8.246211251235321
values,12,-2.06155281280883
values,13,-8.246211251235321
values,14,16
values,15,2
values,16,2
values,17,-8.246211251235321
values,18,-2.06155281280883
values,19,2
values,20,0.5
values,21,8
values,22,2
values,23,-8.246211251235321
values,24,2
values,25,1
values,26,-2.06155281280883
values,27,-2.06155281280883
values,28,2
values,29,-2.06155281280883
values,30,-8.246211251235321
values,31,-2.06155281280883
values,32,17
values,33,-8.246211251235321
values,34,2
values,35,-8.246211251235321
values,36,16
values,37,2
values,38,-8.246211251235321
values,39,7.999999999999997
values,40,2
values,41,-8.246211251235319
values,42,2
values,43,1
values,44,-2.06155281280883
values,45,-2.061552812808831
values,46,2
values,47,-2.06155281280883
values,48,-8.246211251235319
values,49,-2.06155281280883
values,50,17
values,51,-8.246211251235319
values,52,2
values,53,-8.246211251235319
values,54,15.99999999999999
values,55,2
values,56,-8.246211251235319
values,57,8.000000000000004
values,58,2
values,59,-8.246211251235325
values,60,2
values,61,1
values,62,-2.061552812808831
values,63,-2.06155281280883
values,64,2
values,65,-2.061552812808831
values,66,-8.246211251235325
values,67,-2.061552812808831
values,68,17
values,69,-8.246211251235325
values,70,2
values,71,-8.246211251235325
values,72,16.00000000000001
values,73,2
values,74,-8.246211251235325
values,75,7.999999999999997
values,76,2
values,77,-8.246211251235319
values,78,2
values,79,1
values,80,-2.06155281280883
values,81,-2.06155281280883
values,82,2
values,83,-2.06155281280883
values,84,-8.246211251235319
values,85,-2.06155281280883
values,86,17
values,87,-8.246211251235319
values,88,2
values,89,-8.246211251235319
values,90,15.99999999999999
values,91,2
values,92,-8.246211251235319
values,93,7.999999999999997
values,94,2
values,95,-8.246211251235319
values,96,2
values,97,1
values,98,-2.06155281280883
values,99,-2.06155281280883
values,100,2
values,101,-2.06155281280883
values,102,-8.246211251235319
values,103,-2.06155281280883
values,104,17
values,105,-8.246211251235319
values,106,2
values,107,-8.246211251235319
values,108,15.99999999999999
values,109,2
values,110,-8.246211251235319
values,111,7.999999999999997
values,112,2
values,113,-8.246211251235319
values,114,2
values,115,0.9999999999999998
values,116,-2.06155281280883
values,117,-2.06155281280883
values,118,2
values,119,-2.06155281280883
values,120,-8.246211251235319
values,121,-2.06155281280883
values,122,17
values,123,-8.246211251235319
values,124,2
values,125,-8.246211251235319
values,126,15.99999999999999
values,127,2
values,128,-8.246211251235319
values,129,8.000000000000007
values,130,2
values,131,-8.246211251235328
values,132,2
values,133,0.9999999999999998
values,134,-2.06155281280883
values,135,-2.06155281280883
values,136,2
values,137,-2.06155281280883
values,138,-8.246211251235328
values,139,-2.06155281280883
values,140,17.00000000000001
values,141,-8.246211251235328
values,142,2
values,143,-8.246211251235328
values,144,16.00000000000001
values,145,2
values,146,-8.246211251235328
values,147,7.999999999999997
values,148,2
values,149,-8.246211251235319
values,150,2
values,151,1
values,152,-2.06155281280883
values,153,-2.06155281280883
values,154,2
values,155,-2.06155281280883
values,156,-8.246211251235319
values,157,-2.06155281280883
values,158,17
values,159,-8.246211251235319
values,160,2
values,161,-8.246211251235319
values,162,15.99999999999999
values,163,2
values,164,-8.246211251235319
values,165,7.999999999999997
values,166,2
values,167,-8.246211251235319
values,168,2
values,169,0.5000000000000002
values,170,-2.06155281280883
values,171,-2.06155281280883
values,172,-8.246211251235319
values,173,-2.06155281280883
values,174,17
values,175,-8.246211251235319
values,176,2
values,177,-8.246211251235319
values,178,15.99999999999999
values,179,2
values,180,-8.246211251235319
values,181,2
values,182,1
values,183,-2.06155281280883
values,184,-2.06155281280883
values,185,2
values,186,-8.246211251235321
values,187,-2.06155281280883
values,188,17
values,189,-8.246211251235321
values,190,-2.06155281280883
values,191,-8.246211251235321
values,192,16
values,193,2
values,194,2
values,195,-8.246211251235325
values,196,-2.06155281280883
values,197,2
values,198,0.5
values,199,2
values,200,1
values,201,-2.06155281280883
values,202,-2.06155281280883
values,203,2
values,204,-8.246211251235321
values,205,-2.06155281280883
values,206,-2.06155281280883
values,207,17
values,208,-8.246211251235321
values,209,2
values,210,-8.246211251235321
values,211,16
values,212,2
values,213,-8.246211251235325
values,214,2
values,215,1
values,216,-2.06155281280883
values,217,-2.061552812808831
values,218,2
values,219,-8.246211251235319
values,220,-2.06155281280883
values,221,-2.06155281280883
values,222,17
values,223,-8.246211251235319
values,224,2
values,225,-8.246211251235319
values,226,16
values,227,2
values,228,-8.246211251235321
values,229,2
values,230,1
values,231,-2.061552812808831
values,232,-2.06155281280883
values,233,2
values,234,-8.246211251235325
values,235,-2.061552812808831
values,236,-2.061552812808831
values,237,17
values,238,-8.246211251235325
values,239,2
values,240,-8.246211251235325
values,241,16.00000000000001
values,242,2
values,243,-8.246211251235325
values,244,2
values,245,1
values,246,-2.06155281280883
values,247,-2.06155281280883
values,248,2
values,249,-8.246211251235319
values,250,-2.06155281280883
values,251,-2.06155281280883
values,252,17
values,253,-8.246211251235319
values,254,2
values,255,-8.246211251235319
values,256,16
values,257,2
values,258,-8.246211251235321
values,259,2
values,260,1
values,261,-2.06155281280883
values,262,-2.06155281280883
values,263,2
values,264,-8.246211251235319
values,265,-2.06155281280883
values,266,-2.06155281280883
values,267,17
values,268,-8.246211251235319
values,269,2
values,270,-8.246211251235319
values,271,16
values,272,2
values,273,-8.246211251235321
values,274,2
values,275,0.9999999999999998
values,276,-2.06155281280883
values,277,-2.06155281280883
values,278,2
values,279,-8.246211251235319
values,280,-2.06155281280883
values,281,-2.06155281280883
values,282,17
values,283,-8.246211251235319
values,284,2
values,285,-8.246211251235319
values,286,16
values,287,2
values,288,-8.246211251235321
values,289,2
values,290,0.9999999999999998
values,291,-2.06155281280883
values,292,-2.06155281280883
values,293,2
values,294,-8.246211251235328
values,295,-2.06155281280883
values,296,-2.06155281280883
values,297,17.00000000000001
values,298,-8.246211251235328
values,299,2
values,300,-8.246211251235328
values,301,16.00000000000001
values,302,2
values,303,-8.246211251235328
values,304,2
values,305,1
values,306,-2.06155281280883
values,307,-2.06155281280883
values,308,2
values,309,-8.246211251235319
values,310,-2.06155281280883
values,311,-2.06155281280883
values,312,17
values,313,-8.246211251235319
values,314,2
values,315,-8.246211251235319
values,316,16
values,317,2
values,318,-8.246211251235321
values,319,2
values,320,0.5000000000000002
values,321,-2.06155281280883
values,322,-8.246211251235319
values,323,-2.06155281280883
values,324,-2.06155281280883
values,325,17
values,326,-8.246211251235319
values,327,2
values,328,-8.246211251235319
values,329,16
values,330,2
values,331,-8.246211251235321
values,332,2
values,333,0.9999999999999997
values,334,-2.06155281280883
values,335,-2.06155281280883
values,336,2
values,337,-8.246211251235325
values,338,-2.06155281280883
values,339,17.00000000000001
values,340,-8.246211251235325
values,341,-2.06155281280883
values,342,-8.246211251235325
values,343,16
values,344,2
values,345,2
values,346,-8.246211251235321
values,347,-2.06155281280883
values,348,2
values,349,0.4999999999999998
values,350,2
values,351,0.9999999999999998
values,352,-2.06155281280883
values,353,-2.06155281280883
values,354,2
values,355,-8.246211251235325
values,356,-2.06155281280883
values,357,-2.06155281280883
values,358,17.00000000000001
values,359,-8.246211251235325
values,360,2
values,361,-8.246211251235325
values,362,16
values,363,2
values,364,-8.246211251235321
values,365,2
values,366,0.9999999999999997
values,367,-2.06155281280883
values,368,-2.06155281280883
values,369,2
values,370,-8.246211251235321
values,371,-2.06155281280883
values,372,-2.06155281280883
values,373,17
values,374,-8.246211251235321
values,375,2
values,376,-8.246211251235321
values,377,15.99999999999999
values,378,2
values,379,-8.246211251235316
values,380,2
values,381,0.9999999999999997
values,382,-2.06155281280883
values,383,-2.06155281280883
values,384,2
values,385,-8.246211251235325
values,386,-2.06155281280883
values,387,-2.06155281280883
values,388,17.00000000000001
values,389,-8.246211251235325
values,390,2
values,391,-8.246211251235325
values,392,16.00000000000001
values,393,2
values,394,-8.246211251235321
values,395,2
values,396,1
values,397,-2.06155281280883
values,398,-2.06155281280883
values,399,2
values,400,-8.246211251235321
values,401,-2.06155281280883
values,402,-2.06155281280883
values,403,17
values,404,-8.246211251235321
values,405,2
values,406,-8.246211251235321
values,407,15.99999999999999
values,408,2
values,409,-8.246211251235316
values,410,2
values,411,1
values,412,-2.06155281280883
values,413,-2.06155281280883
values,414,2
values,415,-8.246211251235321
values,416,-2.06155281280883
values,417,-2.06155281280883
values,418,17
values,419,-8.246211251235321
values,420,2
values,421,-8.246211251235321
values,422,15.99999999999999
values,423,2
values,424,-8.246211251235316
values,425,2
values,426,0.9999999999999994
values,427,-2.06155281280883
values,428,-2.06155281280883
values,429,2
values,430,-8.246211251235321
values,431,-2.06155281280883
values,432,-2.06155281280883
values,433,17
values,434,-8.246211251235321
values,435,2
values,436,-8.246211251235321
values,437,15.99999999999999
values,438,2
values,439,-8.246211251235316
values,440,2
values,441,0.9999999999999994
values,442,-2.06155281280883
values,443,-2.06155281280883
values,444,2
values,445,-8.246211251235328
values,446,-2.06155281280883
values,447,-2.06155281280883
values,448,17.00000000000001
values,449,-8.246211251235328
values,450,2
values,451,-8.246211251235328
values,452,16.00000000000001
values,453,2
values,454,-8.246211251235327
values,455,2
values,456,1
values,457,-2.06155281280883
values,458,-2.06155281280883
values,459,2
values,460,-8.246211251235321
values,461,-2.06155281280883
values,462,-2.06155281280883
values,463,17
values,464,-8.246211251235321
values,465,2
values,466,-8.246211251235321
values,467,15.99999999999999
values,468,2
values,469,-8.246211251235316
values,470,2
values,471,0.5
values,472,-2.06155281280883
values,473,-8.246211251235321
values,474,-2.06155281280883
values,475,-2.06155281280883
values,476,17
values,477,-8.246211251235321
values,478,2
values,479,-8.246211251235321
values,480,15.99999999999999
values,481,2
values,482,-8.246211251235316
values,483,2
values,484,1
values,485,-2.061552812808831
values,486,-2.061552812808831
values,487,2
values,488,-8.246211251235321
values,489,-2.061552812808831
values,490,17
values,491,-8.246211251235321
values,492,-2.061552812808831
values,493,-8.246211251235321
values,494,16
values,495,2
values,496,2
values,497,-8.246211251235325
values,498,-2.061552812808831
values,499,2
values,500,0.5000000000000002
values,501,2
values,502,1
values,503,-2.061552812808831
values,504,-2.06155281280883
values,505,2
values,506,-8.246211251235321
values,507,-2.061552812808831
values,508,-2.061552812808831
values,509,17
values,510,-8.246211251235321
values,511,2
values,512,-8.246211251235321
values,513,16
values,514,2
values,515,-8.246211251235325
values,516,2
values,517,1
values,518,-2.06155281280883
values,519,-2.06155281280883
values,520,2
values,521,-8.246211251235316
values,522,-2.06155281280883
values,523,-2.06155281280883
values,524,16.99999999999999
values,525,-8.246211251235316
values,526,2
values,527,-8.246211251235316
values,528,15.99999999999999
values,529,2
values,530,-8.246211251235321
values,531,2
values,532,1
values,533,-2.06155281280883
values,534,-2.06155281280883
values,535,2
values,536,-8.246211251235321
values,537,-2.06155281280883
values,538,-2.06155281280883
values,539,17
values,540,-8.246211251235321
values,541,2
values,542,-8.246211251235321
values,543,16.00000000000001
values,544,2
values,545,-8.246211251235325
values,546,2
values,547,1.000000000000001
values,548,-2.06155281280883
values,549,-2.06155281280883
values,550,2
values,551,-8.246211251235316
values,552,-2.06155281280883
values,553,-2.06155281280883
values,554,16.99999999999999
values,555,-8.246211251235316
values,556,2
values,557,-8.246211251235316
values,558,15.99999999999999
values,559,2
values,560,-8.246211251235321
values,561,2
values,562,1.000000000000001
values,563,-2.06155281280883
values,564,-2.06155281280883
values,565,2
values,566,-8.246211251235316
values,567,-2.06155281280883
values,568,-2.06155281280883
values,569,16.99999999999999
values,570,-8.246211251235316
values,571,2
values,572,-8.246211251235316
values,573,15.99999999999999
values,574,2
values,575,-8.246211251235321
values,576,2
values,577,1
values,578,-2.06155281280883
values,579,-2.06155281280883
values,580,2
values,581,-8.246211251235316
values,582,-2.06155281280883
values,583,-2.06155281280883
values,584,16.99999999999999
values,585,-8.246211251235316
values,586,2
values,587,-8.246211251235316
values,588,15.99999999999999
values,589,2
values,590,-8.246211251235321
values,591,2
values,592,1
values,593,-2.06155281280883
values,594,-2.06155281280883
values,595,2
values,596,-8.246211251235327
values,597,-2.06155281280883
values,598,-2.06155281280883
values,599,17.00000000000001
values,600,-8.246211251235327
values,601,2
values,602,-8.246211251235327
values,603,16.00000000000001
values,604,2
values,605,-8.246211251235328
values,606,2
values,607,1.000000000000001
values,608,-2.06155281280883
values,609,-2.06155281280883
values,610,2
values,611,-8.246211251235316
values,612,-2.06155281280883
values,613,-2.06155281280883
values,614,16.99999999999999
values,615,-8.246211251235316
values,616,2
values,617,-8.246211251235316
values,618,15.99999999999999
values,619,2
values,620,-8.246211251235321
values,621,2
values,622,0.5000000000000003
values,623,-2.06155281280883
values,624,-8.246211251235316
values,625,-2.06155281280883
values,626,-2.06155281280883
values,627,16.99999999999999
values,628,-8.246211251235316
values,629,2
values,630,-8.246211251235316
values,631,15.99999999999999
values,632,2
values,633,-8.246211251235321
values,634,2
values,635,0.9999999999999997
values,636,-2.06155281280883
values,637,-2.06155281280883
values,638,2
values,639,-8.246211251235325
values,640,-2.06155281280883
values,641,17.00000000000001
values,642,-8.246211251235325
values,643,-2.06155281280883
values,644,-8.246211251235325
values,645,16.00000000000001
values,646,2
values,647,2
values,648,-8.246211251235325
values,649,-2.06155281280883
values,650,2
values,651,0.4999999999999998
values,652,2
values,653,0.9999999999999998
values,654,-2.06155281280883
values,655,-2.06155281280883
values,656,2
values,657,-8.246211251235325
values,658,-2.06155281280883
values,659,-2.06155281280883
values,660,17.00000000000001
values,661,-8.246211251235325
values,662,2
values,663,-8.246211251235325
values,664,16.00000000000001
values,665,2
values,666,-8.246211251235325
values,667,2
values,668,0.9999999999999997
values,669,-2.06155281280883
values,670,-2.06155281280883
values,671,2
values,672,-8.246211251235321
values,673,-2.06155281280883
values,674,-2.06155281280883
values,675,17
values,676,-8.246211251235321
values,677,2
values,678,-8.246211251235321
values,679,16
values,680,2
values,681,-8.246211251235321
values,682,2
values,683,0.9999999999999997
values,684,-2.06155281280883
values,685,-2.06155281280883
values,686,2
values,687,-8.246211251235325
values,688,-2.06155281280883
values,689,-2.06155281280883
values,690,17.00000000000001
values,691,-8.246211251235325
values,692,2
values,693,-8.246211251235325
values,694,16.00000000000001
values,695,2
values,696,-8.246211251235325
values,697,2
values,698,1
values,699,-2.06155281280883
values,700,-2.06155281280883
values,701,2
values,702,-8.246211251235321
values,703,-2.06155281280883
values,704,-2.06155281280883
values,705,17
values,706,-8.246211251235321
values,707,2
values,708,-8.246211251235321
values,709,16
values,710,2
values,711,-8.246211251235321
values,712,2
values,713,1
values,714,-2.06155281280883
values,715,-2.06155281280883
values,716,2
values,717,-8.246211251235321
values,718,-2.06155281280883
values,719,-2.06155281280883
values,720,17
values,721,-8.246211251235321
values,722,2
values,723,-8.246211251235321
values,724,16
values,725,2
values,726,-8.246211251235321
values,727,2
values,728,0.9999999999999994
values,729,-2.06155281280883
values,730,-2.06155281280883
values,731,2
values,732,-8.246211251235321
values,733,-2.06155281280883
values,734,-2.06155281280883
values,735,17
values,736,-8.246211251235321
values,737,2
values,738,-8.246211251235321
values,739,16
values,740,2
values,741,-8.246211251235321
values,742,2
values,743,0.9999999999999994
values,744,-2.06155281280883
values,745,-2.06155281280883
values,746,2
values,747,-8.246211251235328
values,748,-2.06155281280883
values,749,-2.06155281280883
values,750,17.00000000000001
values,751,-8.246211251235328
values,752,2
values,753,-8.246211251235328
values,754,16.00000000000001
values,755,2
values,756,-8.246211251235328
values,757,2
values,758,1
values,759,-2.06155281280883
values,760,-2.06155281280883
values,761,2
values,762,-8.246211251235321
values,763,-2.06155281280883
values,764,-2.06155281280883
values,765,17
values,766,-8.246211251235321
values,767,2
values,768,-8.246211251235321
values,769,16
values,770,2
values,771,-8.246211251235321
values,772,2
values,773,0.5
values,774,-2.06155281280883
values,775,-8.246211251235321
values,776,-2.06155281280883
values,777,-2.06155281280883
values,778,17
values,779,-8.246211251235321
values,780,2
values,781,-8.246211251235321
values,782,16
values,783,2
values,784,-8.246211251235321
values,785,2
values,786,0.9999999999999997
values,787,-2.06155281280883
values,788,-2.06155281280883
values,789,2
values,790,-8.246211251235325
values,791,-2.06155281280883
values,792,17.00000000000001
values,793,-8.246211251235325
values,794,-2.06155281280883
values,795,-8.246211251235325
values,796,16.00000000000001
values,797,2
values,798,2
values,799,-8.246211251235325
values,800,-2.06155281280883
values,801,2
values,802,0.4999999999999998
values,803,2
values,804,0.9999999999999998
values,805,-2.06155281280883
values,806,-2.06155281280883
values,807,2
values,808,-8.246211251235325
values,809,-2.06155281280883
values,810,-2.06155281280883
values,811,17.00000000000001
values,812,-8.246211251235325
values,813,2
values,814,-8.246211251235325
values,815,16.00000000000001
values,816,2
values,817,-8.246211251235325
values,818,2
values,819,0.9999999999999997
values,820,-2.06155281280883
values,821,-2.06155281280883
values,822,2
values,823,-8.246211251235321
values,824,-2.06155281280883
values,825,-2.06155281280883
values,826,17
values,827,-8.246211251235321
values,828,2
values,829,-8.246211251235321
values,830,16
values,831,2
values,832,-8.246211251235321
values,833,2
values,834,0.9999999999999997
values,835,-2.06155281280883
values,836,-2.06155281280883
values,837,2
values,838,-8.246211251235325
values,839,-2.06155281280883
values,840,-2.06155281280883
values,841,17.00000000000001
values,842,-8.246211251235325
values,843,2
values,844,-8.246211251235325
values,845,16.00000000000001
values,846,2
values,847,-8.246211251235325
values,848,2
values,849,1
values,850,-2.06155281280883
values,851,-2.06155281280883
values,852,2
values,853,-8.246211251235321
values,854,-2.06155281280883
values,855,-2.06155281280883
values,856,17
values,857,-8.246211251235321
values,858,2
values,859,-8.246211251235321
values,860,16
values,861,2
values,862,-8.246211251235321
values,863,2
values,864,1
values,865,-2.06155281280883
values,866,-2.06155281280883
values,867,2
values,868,-8.246211251235321
values,869,-2.06155281280883
values,870,-2.06155281280883
values,871,17
values,872,-8.246211251235321
values,873,2
values,874,-8.246211251235321
values,875,16
values,876,2
values,877,-8.246211251235321
values,878,2
values,879,0.9999999999999994
values,880,-2.06155281280883
values,881,-2.06155281280883
values,882,2
values,883,-8.246211251235321
values,884,-2.06155281280883
values,885,-2.06155281280883
values,886,17
values,887,-8.246211251235321
values,888,2
values,889,-8.246211251235321
values,890,16
values,891,2
values,892,-8.246211251235321
values,893,2
values,894,0.9999999999999994
values,895,-2.06155281280883
values,896,-2.06155281280883
values,897,2
values,898,-8.246211251235328
values,899,-2.06155281280883
values,900,-2.06155281280883
values,901,17.00000000000001
values,902,-8.246211251235328
values,903,2
values,904,-8.246211251235328
values,905,16.00000000000001
values,906,2
values,907,-8.246211251235328
values,908,2
values,909,1
values,910,-2.06155281280883
values,911,-2.06155281280883
values,912,2
values,913,-8.246211251235321
values,914,-2.06155281280883
values,915,-2.06155281280883
values,916,17
values,917,-8.246211251235321
values,918,2
values,919,-8.246211251235321
values,920,16
values,921,2
values,922,-8.246211251235321
values,923,2
values,924,0.5
values,925,-2.06155281280883
values,926,-8.246211251235321
values,927,-2.06155281280883
values,928,-2.06155281280883
values,929,17
values,930,-8.246211251235321
values,931,2
values,932,-8.246211251235321
values,933,16
values,934,2
values,935,-8.246211251235321
values,936,2
values,937,0.9999999999999997
values,938,-2.06155281280883
values,939,-2.06155281280883
values,940,2
values,941,-8.246211251235325
values,942,-2.06155281280883
values,943,17.00000000000001
values,944,-8.246211251235325
values,945,-2.06155281280883
values,946,-8.246211251235325
values,947,16
values,948,2
values,949,2
values,950,-8.246211251235314
values,951,-2.06155281280883
values,952,2
values,953,0.4999999999999998
values,954,2
values,955,0.9999999999999998
values,956,-2.06155281280883
values,957,-2.06155281280883
values,958,2
values,959,-8.246211251235325
values,960,-2.06155281280883
values,961,-2.06155281280883
values,962,17.00000000000001
values,963,-8.246211251235325
values,964,2
values,965,-8.246211251235325
values,966,16
values,967,2
values,968,-8.246211251235314
values,969,2
values,970,0.9999999999999997
values,971,-2.06155281280883
values,972,-2.06155281280883
values,973,2
values,974,-8.246211251235321
values,975,-2.06155281280883
values,976,-2.06155281280883
values,977,17
values,978,-8.246211251235321
values,979,2
values,980,-8.246211251235321
values,981,15.99999999999999
values,982,2
values,983,-8.246211251235312
values,984,2
values,985,0.9999999999999997
values,986,-2.06155281280883
values,987,-2.06155281280883
values,988,2
values,989,-8.246211251235325
values,990,-2.06155281280883
values,991,-2.06155281280883
values,992,17.00000000000001
values,993,-8.246211251235325
values,994,2
values,995,-8.246211251235325
values,996,16
values,997,2
values,998,-8.246211251235316
values,999,2
values,1000,1
values,1001,-2.06155281280883
values,1002,-2.06155281280883
values,1003,2
values,1004,-8.246211251235321
values,1005,-2.06155281280883
values,1006,-2.06155281280883
values,1007,17
values,1008,-8.246211251235321
values,1009,2
values,1010,-8.246211251235321
values,1011,15.99999999999999
values,1012,2
values,1013,-8.246211251235312
values,1014,2
values,1015,1
values,1016,-2.06155281280883
values,1017,-2.06155281280883
values,1018,2
values,1019,-8.246211251235321
values,1020,-2.06155281280883
values,1021,-2.06155281280883
values,1022,17
values,1023,-8.246211251235321
values,1024,2
values,1025,-8.246211251235321
values,1026,15.99999999999999
values,1027,2
values,1028,-8.246211251235312
values,1029,2
values,1030,0.9999999999999994
values,1031,-2.06155281280883
values,1032,-2.06155281280883
values,1033,2
values,1034,-8.246211251235321
values,1035,-2.06155281280883
values,1036,-2.06155281280883
values,1037,17
values,1038,-8.246211251235321
values,1039,2
values,1040,-8.246211251235321
values,1041,15.99999999999999
values,1042,2
values,1043,-8.246211251235312
values,1044,2
values,1045,0.9999999999999994
values,1046,-2.06155281280883
values,1047,-2.06155281280883
values,1048,2
values,1049,-8.246211251235328
values,1050,-2.06155281280883
values,1051,-2.06155281280883
values,1052,17.00000000000001
values,1053,-8.246211251235328
values,1054,2
values,1055,-8.246211251235328
values,1056,16.00000000000001
values,1057,2
values,1058,-8.246211251235321
values,1059,2
values,1060,1
values,1061,-2.06155281280883
values,1062,-2.06155281280883
values,1063,2
values,1064,-8.246211251235321
values,1065,-2.06155281280883
values,1066,-2.06155281280883
values,1067,17
values,1068,-8.246211251235321
values,1069,2
values,1070,-8.246211251235321
values,1071,15.99999999999999
values,1072,2
values,1073,-8.246211251235312
values,1074,2
values,1075,0.5
values,1076,-2.06155281280883
values,1077,-8.246211251235321
values,1078,-2.06155281280883
values,1079,-2.06155281280883
values,1080,17
values,1081,-8.246211251235321
values,1082,2
values,1083,-8.246211251235321
values,1084,15.99999999999999
values,1085,2
values,1086,-8.246211251235312
values,1087,2
values,1088,1.000000000000001
values,1089,-2.061552812808831
values,1090,-2.061552812808831
values,1091,2
values,1092,-8.246211251235314
values,1093,-2.061552812808831
values,1094,16.99999999999999
values,1095,-8.246211251235314
values,1096,-2.061552812808831
values,1097,-8.246211251235314
values,1098,16
values,1099,2
values,1100,2
values,1101,-8.246211251235325
values,1102,-2.061552812808831
values,1103,2
values,1104,0.5000000000000004
values,1105,2
values,1106,1.000000000000001
values,1107,-2.061552812808831
values,1108,-2.06155281280883
values,1109,2
values,1110,-8.246211251235314
values,1111,-2.061552812808831
values,1112,-2.061552812808831
values,1113,16.99999999999999
values,1114,-8.246211251235314
values,1115,2
values,1116,-8.246211251235314
values,1117,16
values,1118,2
values,1119,-8.246211251235325
values,1120,2
values,1121,1.000000000000001
values,1122,-2.06155281280883
values,1123,-2.06155281280883
values,1124,2
values,1125,-8.246211251235312
values,1126,-2.06155281280883
values,1127,-2.06155281280883
values,1128,16.99999999999998
values,1129,-8.246211251235312
values,1130,2
values,1131,-8.246211251235312
values,1132,15.99999999999999
values,1133,2
values,1134,-8.246211251235321
values,1135,2
values,1136,1.000000000000001
values,1137,-2.06155281280883
values,1138,-2.06155281280883
values,1139,2
values,1140,-8.246211251235316
values,1141,-2.06155281280883
values,1142,-2.06155281280883
values,1143,16.99999999999999
values,1144,-8.246211251235316
values,1145,2
values,1146,-8.246211251235316
values,1147,16
values,1148,2
values,1149,-8.246211251235325
values,1150,2
values,1151,1.000000000000001
values,1152,-2.06155281280883
values,1153,-2.06155281280883
values,1154,2
values,1155,-8.246211251235312
values,1156,-2.06155281280883
values,1157,-2.06155281280883
values,1158,16.99999999999998
values,1159,-8.246211251235312
values,1160,2
values,1161,-8.246211251235312
values,1162,15.99999999999999
values,1163,2
values,1164,-8.246211251235321
values,1165,2
values,1166,1.000000000000001
values,1167,-2.06155281280883
values,1168,-2.06155281280883
values,1169,2
values,1170,-8.246211251235312
values,1171,-2.06155281280883
values,1172,-2.06155281280883
values,1173,16.99999999999998
values,1174,-8.246211251235312
values,1175,2
values,1176,-8.246211251235312
values,1177,15.99999999999999
values,1178,2
values,1179,-8.246211251235321
values,1180,2
values,1181,1
values,1182,-2.06155281280883
values,1183,-2.06155281280883
values,1184,2
values,1185,-8.246211251235312
values,1186,-2.06155281280883
values,1187,-2.06155281280883
values,1188,16.99999999999998
values,1189,-8.246211251235312
values,1190,2
values,1191,-8.246211251235312
values,1192,15.99999999999999
values,1193,2
values,1194,-8.246211251235321
values,1195,2
values,1196,1
values,1197,-2.06155281280883
values,1198,-2.06155281280883
values,1199,2
values,1200,-8.246211251235321
values,1201,-2.06155281280883
values,1202,-2.06155281280883
values,1203,17
values,1204,-8.246211251235321
values,1205,2
values,1206,-8.246211251235321
values,1207,16.00000000000001
values,1208,2
values,1209,-8.246211251235328
values,1210,2
values,1211,1.000000000000001
values,1212,-2.06155281280883
values,1213,-2.06155281280883
values,1214,2
values,1215,-8.246211251235312
values,1216,-2.06155281280883
values,1217,-2.06155281280883
values,1218,16.99999999999998
values,1219,-8.246211251235312
values,1220,2
values,1221,-8.246211251235312
values,1222,15.99999999999999
values,1223,2
values,1224,-8.246211251235321
values,1225,2
values,1226,0.5000000000000004
values,1227,-2.06155281280883
values,1228,-8.246211251235312
values,1229,-2.06155281280883
values,1230,-2.06155281280883
values,1231,16.99999999999998
values,1232,-8.246211251235312
values,1233,2
values,1234,-8.246211251235312
values,1235,15.99999999999999
values,1236,2
values,1237,-8.246211251235321
values,1238,2
values,1239,0.9999999999999997
values,1240,-2.06155281280883
values,1241,-2.06155281280883
values,1242,2
values,1243,-8.246211251235325
values,1244,-2.06155281280883
values,1245,17.00000000000001
values,1246,-8.246211251235325
values,1247,-2.06155281280883
values,1248,-8.246211251235325
values,1249,16.00000000000001
values,1250,2
values,1251,2
values,1252,-8.246211251235325
values,1253,-2.06155281280883
values,1254,2
values,1255,0.4999999999999998
values,1256,2
values,1257,0.9999999999999998
values,1258,-2.06155281280883
values,1259,-2.06155281280883
values,1260,2
values,1261,-8.246211251235325
values,1262,-2.06155281280883
values,1263,-2.06155281280883
values,1264,17.00000000000001
values,1265,-8.246211251235325
values,1266,2
values,1267,-8.246211251235325
values,1268,16.00000000000001
values,1269,2
values,1270,-8.246211251235325
values,1271,2
values,1272,0.9999999999999997
values,1273,-2.06155281280883
values,1274,-2.06155281280883
values,1275,2
values,1276,-8.246211251235321
values,1277,-2.06155281280883
values,1278,-2.06155281280883
values,1279,17
values,1280,-8.246211251235321
values,1281,2
values,1282,-8.246211251235321
values,1283,16
values,1284,2
values,1285,-8.246211251235321
values,1286,2
values,1287,0.9999999999999997
values,1288,-2.06155281280883
values,1289,-2.06155281280883
values,1290,2
values,1291,-8.246211251235325
values,1292,-2.06155281280883
values,1293,-2.06155281280883
values,1294,17.00000000000001
values,1295,-8.246211251235325
values,1296,2
values,1297,-8.246211251235325
values,1298,16.00000000000001
values,1299,2
values,1300,-8.246211251235325
values,1301,2
values,1302,1
values,1303,-2.06155281280883
values,1304,-2.06155281280883
values,1305,2
values,1306,-8.246211251235321
values,1307,-2.06155281280883
values,1308,-2.06155281280883
values,1309,17
values,1310,-8.246211251235321
values,1311,2
values,1312,-8.246211251235321
values,1313,16
values,1314,2
values,1315,-8.246211251235321
values,1316,2
values,1317,1
values,1318,-2.06155281280883
values,1319,-2.06155281280883
values,1320,2
values,1321,-8.246211251235321
values,1322,-2.06155281280883
values,1323,-2.06155281280883
values,1324,17
values,1325,-8.246211251235321
values,1326,2
values,1327,-8.246211251235321
values,1328,16
values,1329,2
values,1330,-8.246211251235321
values,1331,2
values,1332,0.9999999999999994
values,1333,-2.06155281280883
values,1334,-2.06155281280883
values,1335,2
values,1336,-8.246211251235321
values,1337,-2.06155281280883
values,1338,-2.06155281280883
values,1339,17
values,1340,-8.246211251235321
values,1341,2
values,1342,-8.246211251235321
values,1343,16
values,1344,2
values,1345,-8.246211251235321
values,1346,2
values,1347,0.9999999999999994
values,1348,-2.06155281280883
values,1349,-2.06155281280883
values,1350,2
values,1351,-8.246211251235328
values,1352,-2.06155281280883
values,1353,-2.06155281280883
values,1354,17.00000000000001
values,1355,-8.246211251235328
values,1356,2
values,1357,-8.246211251235328
values,1358,16.00000000000001
values,1359,2
values,1360,-8.246211251235328
values,1361,2
values,1362,1
values,1363,-2.06155281280883
values,1364,-2.06155281280883
values,1365,2
values,1366,-8.246211251235321
values,1367,-2.06155281280883
values,1368,-2.06155281280883
values,1369,17
values,1370,-8.246211251235321
values,1371,2
values,1372,-8.246211251235321
values,1373,16
values,1374,2
values,1375,-8.246211251235321
values,1376,2
values,1377,0.5
values,1378,-2.06155281280883
values,1379,-8.246211251235321
values,1380,-2.06155281280883
values,1381,-2.06155281280883
values,1382,17
values,1383,-8.246211251235321
values,1384,2
values,1385,-8.246211251235321
values,1386,16
values,1387,2
values,1388,-8.246211251235321
values,1389,2
values,1390,0.9999999999999997
values,1391,-2.06155281280883
values,1392,-2.06155281280883
values,1393,2
values,1394,-8.246211251235325
values,1395,-2.06155281280883
values,1396,17.00000000000001
values,1397,-8.246211251235325
values,1398,-2.06155281280883
values,1399,-8.246211251235325
values,1400,16
values,1401,2
values,1402,2
values,1403,-8.246211251235314
values,1404,-2.06155281280883
values,1405,2
values,1406,0.4999999999999998
values,1407,2
values,1408,0.9999999999999998
values,1409,-2.06155281280883
values,1410,-2.06155281280883
values,1411,2
values,1412,-8.246211251235325
values,1413,-2.06155281280883
values,1414,-2.06155281280883
values,1415,17.00000000000001
values,1416,-8.246211251235325
values,1417,2
values,1418,-8.246211251235325
values,1419,16
values,1420,2
values,1421,-8.246211251235314
values,1422,2
values,1423,0.9999999999999997
values,1424,-2.06155281280883
values,1425,-2.06155281280883
values,1426,2
values,1427,-8.246211251235321
values,1428,-2.06155281280883
values,1429,-2.06155281280883
values,1430,17
values,1431,-8.246211251235321
values,1432,2
values,1433,-8.246211251235321
values,1434,15.99999999999999
values,1435,2
values,1436,-8.246211251235312
values,1437,2
values,1438,0.9999999999999997
values,1439,-2.06155281280883
values,1440,-2.06155281280883
values,1441,2
values,1442,-8.246211251235325
values,1443,-2.06155281280883
values,1444,-2.06155281280883
values,1445,17.00000000000001
values,1446,-8.246211251235325
values,1447,2
values,1448,-8.246211251235325
values,1449,16
values,1450,2
values,1451,-8.246211251235316
values,1452,2
values,1453,1
values,1454,-2.06155281280883
values,1455,-2.06155281280883
values,1456,2
values,1457,-8.246211251235321
values,1458,-2.06155281280883
values,1459,-2.06155281280883
values,1460,17
values,1461,-8.246211251235321
values,1462,2
values,1463,-8.246211251235321
values,1464,15.99999999999999
values,1465,2
values,1466,-8.246211251235312
values,1467,2
values,1468,1
values,1469,-2.06155281280883
values,1470,-2.06155281280883
values,1471,2
values,1472,-8.246211251235321
values,1473,-2.06155281280883
values,1474,-2.06155281280883
values,1475,17
values,1476,-8.246211251235321
values,1477,2
values,1478,-8.246211251235321
values,1479,15.99999999999999
values,1480,2
values,1481,-8.246211251235312
values,1482,2
values,1483,0.9999999999999994
values,1484,-2.06155281280883
values,1485,-2.06155281280883
values,1486,2
values,1487,-8.246211251235321
values,1488,-2.06155281280883
values,1489,-2.06155281280883
values,1490,17
values,1491,-8.246211251235321
values,1492,2
values,1493,-8.246211251235321
values,1494,15.99999999999999
values,1495,2
values,1496,-8.246211251235312
values,1497,2
values,1498,0.9999999999999994
values,1499,-2.06155281280883
values,1500,-2.06155281280883
values,1501,2
values,1502,-8.246211251235328
values,1503,-2.06155281280883
values,1504,-2.06155281280883
values,1505,17.00000000000001
values,1506,-8.246211251235328
values,1507,2
values,1508,-8.246211251235328
values,1509,16.00000000000001
values,1510,2
values,1511,-8.246211251235321
values,1512,2
values,1513,1
values,1514,-2.06155281280883
values,1515,-2.06155281280883
values,1516,2
values,1517,-8.246211251235321
values,1518,-2.06155281280883
values,1519,-2.06155281280883
values,1520,17
values,1521,-8.246211251235321
values,1522,2
values,1523,-8.246211251235321
values,1524,15.99999999999999
values,1525,2
values,1526,-8.246211251235312
values,1527,2
values,1528,0.5
values,1529,-2.06155281280883
values,1530,-8.246211251235321
values,1531,-2.06155281280883
values,1532,-2.06155281280883
values,1533,17
values,1534,-8.246211251235321
values,1535,2
values,1536,-8.246211251235321
values,1537,15.99999999999999
values,1538,2
values,1539,-8.246211251235312
values,1540,2
values,1541,1.000000000000001
values,1542,-2.061552812808831
values,1543,-2.061552812808831
values,1544,2
values,1545,-8.246211251235314
values,1546,-2.061552812808831
values,1547,16.99999999999999
values,1548,-8.246211251235314
values,1549,-2.061552812808831
values,1550,-8.246211251235314
values,1551,16
values,1552,2
values,1553,2
values,1554,-8.246211251235332
values,1555,-2.061552812808831
values,1556,2
values,1557,0.5000000000000004
values,1558,2
values,1559,1.000000000000001
values,1560,-2.061552812808831
values,1561,-2.06155281280883
values,1562,2
values,1563,-8.246211251235314
values,1564,-2.061552812808831
values,1565,-2.061552812808831
values,1566,16.99999999999999
values,1567,-8.246211251235314
values,1568,2
values,1569,-8.246211251235314
values,1570,16
values,1571,2
values,1572,-8.246211251235332
values,1573,2
values,1574,1.000000000000001
values,1575,-2.06155281280883
values,1576,-2.06155281280883
values,1577,2
values,1578,-8.246211251235312
values,1579,-2.06155281280883
values,1580,-2.06155281280883
values,1581,16.99999999999998
values,1582,-8.246211251235312
values,1583,2
values,1584,-8.246211251235312
values,1585,16
values,1586,2
values,1587,-8.24621125123533
values,1588,2
values,1589,1.000000000000001
values,1590,-2.06155281280883
values,1591,-2.06155281280883
values,1592,2
values,1593,-8.246211251235316
values,1594,-2.06155281280883
values,1595,-2.06155281280883
values,1596,16.99999999999999
values,1597,-8.246211251235316
values,1598,2
values,1599,-8.246211251235316
values,1600,16.00000000000001
values,1601,2
values,1602,-8.246211251235334
values,1603,2
values,1604,1.000000000000001
values,1605,-2.06155281280883
values,1606,-2.06155281280883
values,1607,2
values,1608,-8.246211251235312
values,1609,-2.06155281280883
values,1610,-2.06155281280883
values,1611,16.99999999999998
values,1612,-8.246211251235312
values,1613,2
values,1614,-8.246211251235312
values,1615,16
values,1616,2
values,1617,-8.24621125123533
values,1618,2
values,1619,1.000000000000001
values,1620,-2.06155281280883
values,1621,-2.06155281280883
values,1622,2
values,1623,-8.246211251235312
values,1624,-2.06155281280883
values,1625,-2.06155281280883
values,1626,16.99999999999998
values,1627,-8.246211251235312
values,1628,2
values,1629,-8.246211251235312
values,1630,16
values,1631,2
values,1632,-8.24621125123533
values,1633,2
values,1634,1
values,1635,-2.06155281280883
values,1636,-2.06155281280883
values,1637,2
values,1638,-8.246211251235312
values,1639,-2.06155281280883
values,1640,-2.06155281280883
values,1641,16.99999999999998
values,1642,-8.246211251235312
values,1643,2
values,1644,-8.246211251235312
values,1645,16
values,1646,2
values,1647,-8.24621125123533
values,1648,2
values,1649,1
values,1650,-2.06155281280883
values,1651,-2.06155281280883
values,1652,2
values,1653,-8.246211251235321
values,1654,-2.06155281280883
values,1655,-2.06155281280883
values,1656,17
values,1657,-8.246211251235321
values,1658,2
values,1659,-8.246211251235321
values,1660,16.00000000000002
values,1661,2
values,1662,-8.246211251235339
values,1663,2
values,1664,1.000000000000001
values,1665,-2.06155281280883
values,1666,-2.06155281280883
values,1667,2
values,1668,-8.246211251235312
values,1669,-2.06155281280883
values,1670,-2.06155281280883
values,1671,16.99999999999998
values,1672,-8.246211251235312
values,1673,2
values,1674,-8.246211251235312
values,1675,16
values,1676,2
values,1677,-8.24621125123533
values,1678,2
values,1679,0.5000000000000004
values,1680,-2.06155281280883
values,1681,-8.246211251235312
values,1682,-2.06155281280883
values,1683,-2.06155281280883
values,1684,16.99999999999998
values,1685,-8.246211251235312
values,1686,2
values,1687,-8.246211251235312
values,1688,16
values,1689,2
values,1690,-8.24621125123533
values,1691,2
values,1692,0.9999999999999987
values,1693,-2.06155281280883
values,1694,-2.06155281280883
values,1695,2
values,1696,-8.246211251235332
values,1697,-2.06155281280883
values,1698,17.00000000000002
values,1699,-8.246211251235332
values,1700,-2.06155281280883
values,1701,-8.246211251235332
values,1702,16
values,1703,2
values,1704,2
values,1705,-8.246211251235314
values,1706,-2.06155281280883
values,1707,2
values,1708,0.4999999999999993
values,1709,2
values,1710,0.9999999999999989
values,1711,-2.06155281280883
values,1712,-2.061552812808831
values,1713,2
values,1714,-8.246211251235332
values,1715,-2.06155281280883
values,1716,-2.06155281280883
values,1717,17.00000000000002
values,1718,-8.246211251235332
values,1719,2
values,1720,-8.246211251235332
values,1721,16
values,1722,2
values,1723,-8.246211251235314
values,1724,2
values,1725,0.9999999999999987
values,1726,-2.061552812808831
values,1727,-2.06155281280883
values,1728,2
values,1729,-8.24621125123533
values,1730,-2.061552812808831
values,1731,-2.061552812808831
values,1732,17.00000000000002
values,1733,-8.24621125123533
values,1734,2
values,1735,-8.24621125123533
values,1736,16
values,1737,2
values,1738,-8.246211251235312
values,1739,2
values,1740,0.9999999999999987
values,1741,-2.06155281280883
values,1742,-2.061552812808831
values,1743,2
values,1744,-8.246211251235334
values,1745,-2.06155281280883
values,1746,-2.06155281280883
values,1747,17.00000000000002
values,1748,-8.246211251235334
values,1749,2
values,1750,-8.246211251235334
values,1751,16.00000000000001
values,1752,2
values,1753,-8.246211251235316
values,1754,2
values,1755,0.9999999999999992
values,1756,-2.061552812808831
values,1757,-2.061552812808831
values,1758,2
values,1759,-8.24621125123533
values,1760,-2.061552812808831
values,1761,-2.061552812808831
values,1762,17.00000000000002
values,1763,-8.24621125123533
values,1764,2
values,1765,-8.24621125123533
values,1766,16
values,1767,2
values,1768,-8.246211251235312
values,1769,2
values,1770,0.9999999999999992
values,1771,-2.061552812808831
values,1772,-2.061552812808831
values,1773,2
values,1774,-8.24621125123533
values,1775,-2.061552812808831
values,1776,-2.061552812808831
values,1777,17.00000000000002
values,1778,-8.24621125123533
values,1779,2
values,1780,-8.24621125123533
values,1781,16
values,1782,2
values,1783,-8.246211251235312
values,1784,2
values,1785,0.9999999999999986
values,1786,-2.061552812808831
values,1787,-2.06155281280883
values,1788,2
values,1789,-8.24621125123533
values,1790,-2.061552812808831
values,1791,-2.061552812808831
values,1792,17.00000000000002
values,1793,-8.24621125123533
values,1794,2
values,1795,-8.24621125123533
values,1796,16
values,1797,2
values,1798,-8.246211251235312
values,1799,2
values,1800,0.9999999999999986
values,1801,-2.06155281280883
values,1802,-2.061552812808831
values,1803,2
values,1804,-8.246211251235339
values,1805,-2.06155281280883
values,1806,-2.06155281280883
values,1807,17.00000000000003
values,1808,-8.246211251235339
values,1809,2
values,1810,-8.246211251235339
values,1811,16.00000000000002
values,1812,2
values,1813,-8.246211251235321
values,1814,2
values,1815,0.9999999999999992
values,1816,-2.061552812808831
values,1817,-2.061552812808831
values,1818,2
values,1819,-8.24621125123533
values,1820,-2.061552812808831
values,1821,-2.061552812808831
values,1822,17.00000000000002
values,1823,-8.24621125123533
values,1824,2
values,1825,-8.24621125123533
values,1826,16
values,1827,2
values,1828,-8.246211251235312
values,1829,2
values,1830,0.4999999999999996
values,1831,-2.061552812808831
values,1832,-8.24621125123533
values,1833,-2.061552812808831
values,1834,-2.061552812808831
values,1835,17.00000000000002
values,1836,-8.24621125123533
values,1837,2
values,1838,-8.24621125123533
values,1839,16
values,1840,2
values,1841,-8.246211251235312
values,1842,2
values,1843,1.000000000000001
values,1844,-2.061552812808831
values,1845,-2.061552812808831
values,1846,2
values,1847,-8.246211251235314
values,1848,-2.061552812808831
values,1849,16.99999999999999
values,1850,-8.246211251235314
values,1851,-2.061552812808831
values,1852,-8.246211251235314
values,1853,16
values,1854,2
values,1855,2
values,1856,-8.246211251235332
values,1857,-2.061552812808831
values,1858,2
values,1859,0.5000000000000004
values,1860,2
values,1861,1.000000000000001
values,1862,-2.061552812808831
values,1863,-2.06155281280883
values,1864,2
values,1865,-8.246211251235314
values,1866,-2.061552812808831
values,1867,-2.061552812808831
values,1868,16.99999999999999
values,1869,-8.246211251235314
values,1870,2
values,1871,-8.246211251235314
values,1872,16
values,1873,2
values,1874,-8.246211251235332
values,1875,2
values,1876,1.000000000000001
values,1877,-2.06155281280883
values,1878,-2.06155281280883
values,1879,2
values,1880,-8.246211251235312
values,1881,-2.06155281280883
values,1882,-2.06155281280883
values,1883,16.99999999999998
values,1884,-8.246211251235312
values,1885,2
values,1886,-8.246211251235312
values,1887,16
values,1888,2
values,1889,-8.24621125123533
values,1890,2
values,1891,1.000000000000001
values,1892,-2.06155281280883
values,1893,-2.06155281280883
values,1894,2
values,1895,-8.246211251235316
values,1896,-2.06155281280883
values,1897,-2.06155281280883
values,1898,16.99999999999999
values,1899,-8.246211251235316
values,1900,2
values,1901,-8.246211251235316
values,1902,16.00000000000001
values,1903,2
values,1904,-8.246211251235334
values,1905,2
values,1906,1.000000000000001
values,1907,-2.06155281280883
values,1908,-2.06155281280883
values,1909,2
values,1910,-8.246211251235312
values,1911,-2.06155281280883
values,1912,-2.06155281280883
values,1913,16.99999999999998
values,1914,-8.246211251235312
values,1915,2
values,1916,-8.246211251235312
values,1917,16
values,1918,2
values,1919,-8.24621125123533
values,1920,2
values,1921,1.000000000000001
values,1922,-2.06155281280883
values,1923,-2.06155281280883
values,1924,2
values,1925,-8.246211251235312
values,1926,-2.06155281280883
values,1927,-2.06155281280883
values,1928,16.99999999999998
values,1929,-8.246211251235312
values,1930,2
values,1931,-8.246211251235312
values,1932,16
values,1933,2
values,1934,-8.24621125123533
values,1935,2
values,1936,1
values,1937,-2.06155281280883
values,1938,-2.06155281280883
values,1939,2
values,1940,-8.246211251235312
values,1941,-2.06155281280883
values,1942,-2.06155281280883
values,1943,16.99999999999998
values,1944,-8.246211251235312
values,1945,2
values,1946,-8.246211251235312
values,1947,16
values,1948,2
values,1949,-8.24621125123533
values,1950,2
values,1951,1
values,1952,-2.06155281280883
values,1953,-2.06155281280883
values,1954,2
values,1955,-8.246211251235321
values,1956,-2.06155281280883
values,1957,-2.06155281280883
values,1958,17
values,1959,-8.246211251235321
values,1960,2
values,1961,-8.246211251235321
values,1962,16.00000000000002
values,1963,2
values,1964,-8.246211251235339
values,1965,2
values,1966,1.000000000000001
values,1967,-2.06155281280883
values,1968,-2.06155281280883
values,1969,2
values,1970,-8.246211251235312
values,1971,-2.06155281280883
values,1972,-2.06155281280883
values,1973,16.99999999999998
values,1974,-8.246211251235312
values,1975,2
values,1976,-8.246211251235312
values,1977,16
values,1978,2
values,1979,-8.24621125123533
values,1980,2
values,1981,0.5000000000000004
values,1982,-2.06155281280883
values,1983,-8.246211251235312
values,1984,-2.06155281280883
values,1985,-2.06155281280883
values,1986,16.99999999999998
values,1987,-8.246211251235312
values,1988,2
values,1989,-8.246211251235312
values,1990,16
values,1991,2
values,1992,-8.24621125123533
values,1993,2
values,1994,0.9999999999999987
values,1995,-2.06155281280883
values,1996,-2.06155281280883
values,1997,2
values,1998,-8.246211251235332
values,1999,-2.06155281280883
values,2000,17.00000000000002
values,2001,-8.246211251235332
values,2002,-2.06155281280883
values,2003,-8.246211251235332
values,2004,16
values,2005,2
values,2006,2
values,2007,-8.246211251235314
values,2008,-2.06155281280883
values,2009,2
values,2010,0.4999999999999993
values,2011,2
values,2012,0.9999999999999989
values,2013,-2.06155281280883
values,2014,-2.061552812808831
values,2015,2
values,2016,-8.246211251235332
values,2017,-2.06155281280883
values,2018,-2.06155281280883
values,2019,17.00000000000002
values,2020,-8.246211251235332
values,2021,2
values,2022,-8.246211251235332
values,2023,16
values,2024,2
values,2025,-8.246211251235314
values,2026,2
values,2027,0.9999999999999987
values,2028,-2.061552812808831
values,2029,-2.06155281280883
values,2030,2
values,2031,-8.24621125123533
values,2032,-2.061552812808831
values,2033,-2.061552812808831
values,2034,17.00000000000002
values,2035,-8.24621125123533
values,2036,2
values,2037,-8.24621125123533
values,2038,16
values,2039,2
values,2040,-8.246211251235312
values,2041,2
values,2042,0.9999999999999987
values,2043,-2.06155281280883
values,2044,-2.061552812808831
values,2045,2
values,2046,-8.246211251235334
values,2047,-2.06155281280883
values,2048,-2.06155281280883
values,2049,17.00000000000002
values,2050,-8.246211251235334
values,2051,2
values,2052,-8.246211251235334
values,2053,16.00000000000001
values,2054,2
values,2055,-8.246211251235316
values,2056,2
values,2057,0.9999999999999992
values,2058,-2.061552812808831
values,2059,-2.061552812808831
values,2060,2
values,2061,-8.24621125123533
values,2062,-2.061552812808831
values,2063,-2.061552812808831
values,2064,17.00000000000002
values,2065,-8.24621125123533
values,2066,2
values,2067,-8.24621125123533
values,2068,16
values,2069,2
values,2070,-8.246211251235312
values,2071,2
values,2072,0.9999999999999992
values,2073,-2.061552812808831
values,2074,-2.061552812808831
values,2075,2
values,2076,-8.24621125123533
values,2077,-2.061552812808831
values,2078,-2.061552812808831
values,2079,17.00000000000002
values,2080,-8.24621125123533
values,2081,2
values,2082,-8.24621125123533
values,2083,16
values,2084,2
values,2085,-8.246211251235312
values,2086,2
values,2087,0.9999999999999986
values,2088,-2.061552812808831
values,2089,-2.06155281280883
values,2090,2
values,2091,-8.24621125123533
values,2092,-2.061552812808831
values,2093,-2.061552812808831
values,2094,17.00000000000002
values,2095,-8.24621125123533
values,2096,2
values,2097,-8.24621125123533
values,2098,16
values,2099,2
values,2100,-8.246211251235312
values,2101,2
values,2102,0.9999999999999986
values,2103,-2.06155281280883
values,2104,-2.061552812808831
values,2105,2
values,2106,-8.246211251235339
values,2107,-2.06155281280883
values,2108,-2.06155281280883
values,2109,17.00000000000003
values,2110,-8.246211251235339
values,2111,2
values,2112,-8.246211251235339
values,2113,16.00000000000002
values,2114,2
values,2115,-8.246211251235321
values,2116,2
values,2117,0.9999999999999992
values,2118,-2.061552812808831
values,2119,-2.061552812808831
values,2120,2
values,2121,-8.24621125123533
values,2122,-2.061552812808831
values,2123,-2.061552812808831
values,2124,17.00000000000002
values,2125,-8.24621125123533
values,2126,2
values,2127,-8.24621125123533
values,2128,16
values,2129,2
values,2130,-8.246211251235312
values,2131,2
values,2132,0.4999999999999996
values,2133,-2.061552812808831
values,2134,-8.24621125123533
values,2135,-2.061552812808831
values,2136,-2.061552812808831
values,2137,17.00000000000002
values,2138,-8.24621125123533
values,2139,2
values,2140,-8.24621125123533
values,2141,16
values,2142,2
values,2143,-8.246211251235312
values,2144,2
values,2145,1.000000000000001
values,2146,-2.061552812808831
values,2147,-2.061552812808831
values,2148,2
values,2149,-8.246211251235314
values,2150,-2.061552812808831
values,2151,16.99999999999999
values,2152,-8.246211251235314
values,2153,-2.061552812808831
values,2154,-8.246211251235314
values,2155,15.99999999999999
values,2156,2
values,2157,2
values,2158,-8.246211251235314
values,2159,-2.061552812808831
values,2160,2
values,2161,0.5000000000000004
values,2162,2
values,2163,1.000000000000001
values,2164,-2.061552812808831
values,2165,-2.06155281280883
values,2166,2
values,2167,-8.246211251235314
values,2168,-2.061552812808831
values,2169,-2.061552812808831
values,2170,16.99999999999999
values,2171,-8.246211251235314
values,2172,2
values,2173,-8.246211251235314
values,2174,15.99999999999999
values,2175,2
values,2176,-8.246211251235314
values,2177,2
values,2178,1.000000000000001
values,2179,-2.06155281280883
values,2180,-2.06155281280883
values,2181,2
values,2182,-8.246211251235312
values,2183,-2.06155281280883
values,2184,-2.06155281280883
values,2185,16.99999999999998
values,2186,-8.246211251235312
values,2187,2
values,2188,-8.246211251235312
values,2189,15.99999999999998
values,2190,2
values,2191,-8.246211251235312
values,2192,2
values,2193,1.000000000000001
values,2194,-2.06155281280883
values,2195,-2.06155281280883
values,2196,2
values,2197,-8.246211251235316
values,2198,-2.06155281280883
values,2199,-2.06155281280883
values,2200,16.99999999999999
values,2201,-8.246211251235316
values,2202,2
values,2203,-8.246211251235316
values,2204,15.99999999999999
values,2205,2
values,2206,-8.246211251235316
values,2207,2
values,2208,1.000000000000001
values,2209,-2.06155281280883
values,2210,-2.06155281280883
values,2211,2
values,2212,-8.246211251235312
values,2213,-2.06155281280883
values,2214,-2.06155281280883
values,2215,16.99999999999998
values,2216,-8.246211251235312
values,2217,2
values,2218,-8.246211251235312
values,2219,15.99999999999998
values,2220,2
values,2221,-8.246211251235312
values,2222,2
values,2223,1.000000000000001
values,2224,-2.06155281280883
values,2225,-2.06155281280883
values,2226,2
values,2227,-8.246211251235312
values,2228,-2.06155281280883
values,2229,-2.06155281280883
values,2230,16.99999999999998
values,2231,-8.246211251235312
values,2232,2
values,2233,-8.246211251235312
values,2234,15.99999999999998
values,2235,2
values,2236,-8.246211251235312
values,2237,2
values,2238,1
values,2239,-2.06155281280883
values,2240,-2.06155281280883
values,2241,2
values,2242,-8.246211251235312
values,2243,-2.06155281280883
values,2244,-2.06155281280883
values,2245,16.99999999999998
values,2246,-8.246211251235312
values,2247,2
values,2248,-8.246211251235312
values,2249,15.99999999999998
values,2250,2
values,2251,-8.246211251235312
values,2252,2
values,2253,1
values,2254,-2.06155281280883
values,2255,-2.06155281280883
values,2256,2
values,2257,-8.246211251235321
values,2258,-2.06155281280883
values,2259,-2.06155281280883
values,2260,17
values,2261,-8.246211251235321
values,2262,2
values,2263,-8.246211251235321
values,2264,16
values,2265,2
values,2266,-8.246211251235321
values,2267,2
values,2268,1.000000000000001
values,2269,-2.06155281280883
values,2270,-2.06155281280883
values,2271,2
values,2272,-8.246211251235312
values,2273,-2.06155281280883
values,2274,-2.06155281280883
values,2275,16.99999999999998
values,2276,-8.246211251235312
values,2277,2
values,2278,-8.246211251235312
values,2279,15.99999999999998
values,2280,2
values,2281,-8.246211251235312
values,2282,2
values,2283,0.5000000000000004
values,2284,-2.06155281280883
values,2285,-8.246211251235312
values,2286,-2.06155281280883
values,2287,-2.06155281280883
values,2288,16.99999999999998
values,2289,-8.246211251235312
values,2290,2
values,2291,-8.246211251235312
values,2292,15.99999999999998
values,2293,2
values,2294,-8.246211251235312
values,2295,2
values,2296,1.000000000000001
values,2297,-2.061552812808831
values,2298,-2.061552812808831
values,2299,2
values,2300,-8.246211251235314
values,2301,-2.061552812808831
values,2302,16.99999999999999
values,2303,-8.246211251235314
values,2304,-2.061552812808831
values,2305,-8.246211251235314
values,2306,16
values,2307,2
values,2308,2
values,2309,-8.246211251235332
values,2310,-2.061552812808831
values,2311,2
values,2312,0.5000000000000004
values,2313,2
values,2314,1.000000000000001
values,2315,-2.061552812808831
values,2316,-2.06155281280883
values,2317,2
values,2318,-8.246211251235314
values,2319,-2.061552812808831
values,2320,-2.061552812808831
values,2321,16.99999999999999
values,2322,-8.246211251235314
values,2323,2
values,2324,-8.246211251235314
values,2325,16
values,2326,2
values,2327,-8.246211251235332
values,2328,2
values,2329,1.000000000000001
values,2330,-2.06155281280883
values,2331,-2.06155281280883
values,2332,2
values,2333,-8.246211251235312
values,2334,-2.06155281280883
values,2335,-2.06155281280883
values,2336,16.99999999999998
values,2337,-8.246211251235312
values,2338,2
values,2339,-8.246211251235312
values,2340,16
values,2341,2
values,2342,-8.24621125123533
values,2343,2
values,2344,1.000000000000001
values,2345,-2.06155281280883
values,2346,-2.06155281280883
values,2347,2
values,2348,-8.246211251235316
values,2349,-2.06155281280883
values,2350,-2.06155281280883
values,2351,16.99999999999999
values,2352,-8.246211251235316
values,2353,2
values,2354,-8.246211251235316
values,2355,16.00000000000001
values,2356,2
values,2357,-8.246211251235334
values,2358,2
values,2359,1.000000000000001
values,2360,-2.06155281280883
values,2361,-2.06155281280883
values,2362,2
values,2363,-8.246211251235312
values,2364,-2.06155281280883
values,2365,-2.06155281280883
values,2366,16.99999999999998
values,2367,-8.246211251235312
values,2368,2
values,2369,-8.246211251235312
values,2370,16
values,2371,2
values,2372,-8.24621125123533
values,2373,2
values,2374,1.000000000000001
values,2375,-2.06155281280883
values,2376,-2.06155281280883
values,2377,2
values,2378,-8.246211251235312
values,2379,-2.06155281280883
values,2380,-2.06155281280883
values,2381,16.99999999999998
values,2382,-8.246211251235312
values,2383,2
values,2384,-8.246211251235312
values,2385,16
values,2386,2
values,2387,-8.24621125123533
values,2388,2
values,2389,1
values,2390,-2.06155281280883
values,2391,-2.06155281280883
values,2392,2
values,2393,-8.246211251235312
values,2394,-2.06155281280883
values,2395,-2.06155281280883
values,2396,16.99999999999998
values,2397,-8.246211251235312
values,2398,2
values,2399,-8.246211251235312
values,2400,16
values,2401,2
values,2402,-8.24621125123533
values,2403,2
values,2404,1
values,2405,-2.06155281280883
values,2406,-2.06155281280883
values,2407,2
values,2408,-8.246211251235321
values,2409,-2.06155281280883
values,2410,-2.06155281280883
values,2411,17
values,2412,-8.246211251235321
values,2413,2
values,2414,-8.246211251235321
values,2415,16.00000000000002
values,2416,2
values,2417,-8.246211251235339
values,2418,2
values,2419,1.000000000000001
values,2420,-2.06155281280883
values,2421,-2.06155281280883
values,2422,2
values,2423,-8.246211251235312
values,2424,-2.06155281280883
values,2425,-2.06155281280883
values,2426,16.99999999999998
values,2427,-8.246211251235312
values,2428,2
values,2429,-8.246211251235312
values,2430,16
values,2431,2
values,2432,-8.24621125123533
values,2433,2
values,2434,0.5000000000000004
values,2435,-2.06155281280883
values,2436,-8.246211251235312
values,2437,-2.06155281280883
values,2438,-2.06155281280883
values,2439,16.99999999999998
values,2440,-8.246211251235312
values,2441,2
values,2442,-8.246211251235312
values,2443,16
values,2444,2
values,2445,-8.24621125123533
values,2446,2
values,2447,0.9999999999999987
values,2448,-2.06155281280883
values,2449,-2.06155281280883
values,2450,2
values,2451,-8.246211251235332
values,2452,-2.06155281280883
values,2453,17.00000000000002
values,2454,-8.246211251235332
values,2455,-2.06155281280883
values,2456,-8.246211251235332
values,2457,16
values,2458,2
values,2459,2
values,2460,-8.246211251235314
values,2461,-2.06155281280883
values,2462,2
values,2463,0.4999999999999993
values,2464,2
values,2465,0.9999999999999989
values,2466,-2.06155281280883
values,2467,-2.061552812808831
values,2468,2
values,2469,-8.246211251235332
values,2470,-2.06155281280883
values,2471,-2.06155281280883
values,2472,17.00000000000002
values,2473,-8.246211251235332
values,2474,2
values,2475,-8.246211251235332
values,2476,16
values,2477,2
values,2478,-8.246211251235314
values,2479,2
values,2480,0.9999999999999987
values,2481,-2.061552812808831
values,2482,-2.06155281280883
values,2483,2
values,2484,-8.24621125123533
values,2485,-2.061552812808831
values,2486,-2.061552812808831
values,2487,17.00000000000002
values,2488,-8.24621125123533
values,2489,2
values,2490,-8.24621125123533
values,2491,16
values,2492,2
values,2493,-8.246211251235312
values,2494,2
values,2495,0.9999999999999987
values,2496,-2.06155281280883
values,2497,-2.061552812808831
values,2498,2
values,2499,-8.246211251235334
values,2500,-2.06155281280883
values,2501,-2.06155281280883
values,2502,17.00000000000002
values,2503,-8.246211251235334
values,2504,2
values,2505,-8.246211251235334
values,2506,16.00000000000001
values,2507,2
values,2508,-8.246211251235316
values,2509,2
values,2510,0.9999999999999992
values,2511,-2.061552812808831
values,2512,-2.061552812808831
values,2513,2
values,2514,-8.24621125123533
values,2515,-2.061552812808831
values,2516,-2.061552812808831
values,2517,17.00000000000002
values,2518,-8.24621125123533
values,2519,2
values,2520,-8.24621125123533
values,2521,16
values,2522,2
values,2523,-8.246211251235312
values,2524,2
values,2525,0.9999999999999992
values,2526,-2.061552812808831
values,2527,-2.061552812808831
values,2528,2
values,2529,-8.24621125123533
values,2530,-2.061552812808831
values,2531,-2.061552812808831
values,2532,17.00000000000002
values,2533,-8.24621125123533
values,2534,2
values,2535,-8.24621125123533
values,2536,16
values,2537,2
values,2538,-8.246211251235312
values,2539,2
values,2540,0.9999999999999986
values,2541,-2.061552812808831
values,2542,-2.06155281280883
values,2543,2
values,2544,-8.24621125123533
values,2545,-2.061552812808831
values,2546,-2.061552812808831
values,2547,17.00000000000002
values,2548,-8.24621125123533
values,2549,2
values,2550,-8.24621125123533
values,2551,16
values,2552,2
values,2553,-8.246211251235312
values,2554,2
values,2555,0.9999999999999986
values,2556,-2.06155281280883
values,2557,-2.061552812808831
values,2558,2
values,2559,-8.246211251235339
values,2560,-2.06155281280883
values,2561,-2.06155281280883
values,2562,17.00000000000003
values,2563,-8.246211251235339
values,2564,2
values,2565,-8.246211251235339
values,2566,16.00000000000002
values,2567,2
values,2568,-8.246211251235321
values,2569,2
values,2570,0.9999999999999992
values,2571,-2.061552812808831
values,2572,-2.061552812808831
values,2573,2
values,2574,-8.24621125123533
values,2575,-2.061552812808831
values,2576,-2.061552812808831
values,2577,17.00000000000002
values,2578,-8.24621125123533
values,2579,2
values,2580,-8.24621125123533
values,2581,16
values,2582,2
values,2583,-8.246211251235312
values,2584,2
values,2585,0.4999999999999996
values,2586,-2.061552812808831
values,2587,-8.24621125123533
values,2588,-2.061552812808831
values,2589,-2.061552812808831
values,2590,17.00000000000002
values,2591,-8.24621125123533
values,2592,2
values,2593,-8.24621125123533
values,2594,16
values,2595,2
values,2596,-8.246211251235312
values,2597,2
values,2598,1.000000000000001
values,2599,-2.061552812808831
values,2600,-2.061552812808831
values,2601,2
values,2602,-8.246211251235314
values,2603,-2.061552812808831
values,2604,16.99999999999999
values,2605,-8.246211251235314
values,2606,-2.061552812808831
values,2607,-8.246211251235314
values,2608,16
values,2609,2
values,2610,2
values,2611,-8.246211251235332
values,2612,-2.061552812808831
values,2613,2
values,2614,0.5000000000000004
values,2615,2
values,2616,1.000000000000001
values,2617,-2.061552812808831
values,2618,-2.06155281280883
values,2619,2
values,2620,-8.246211251235314
values,2621,-2.061552812808831
values,2622,-2.061552812808831
values,2623,16.99999999999999
values,2624,-8.246211251235314
values,2625,2
values,2626,-8.246211251235314
values,2627,16
values,2628,2
values,2629,-8.246211251235332
values,2630,2
values,2631,1.000000000000001
values,2632,-2.06155281280883
values,2633,-2.06155281280883
values,2634,2
values,2635,-8.246211251235312
values,2636,-2.06155281280883
values,2637,-2.06155281280883
values,2638,16.99999999999998
values,2639,-8.246211251235312
values,2640,2
values,2641,-8.246211251235312
values,2642,16
values,2643,2
values,2644,-8.24621125123533
values,2645,2
values,2646,1.000000000000001
values,2647,-2.06155281280883
values,2648,-2.06155281280883
values,2649,2
values,2650,-8.246211251235316
values,2651,-2.06155281280883
values,2652,-2.06155281280883
values,2653,16.99999999999999
values,2654,-8.246211251235316
values,2655,2
values,2656,-8.246211251235316
values,2657,16.00000000000001
values,2658,2
values,2659,-8.246211251235334
values,2660,2
values,2661,1.000000000000001
values,2662,-2.06155281280883
values,2663,-2.06155281280883
values,2664,2
values,2665,-8.246211251235312
values,2666,-2.06155281280883
values,2667,-2.06155281280883
values,2668,16.99999999999998
values,2669,-8.246211251235312
values,2670,2
values,2671,-8.246211251235312
values,2672,16
values,2673,2
values,2674,-8.24621125123533
values,2675,2
values,2676,1.000000000000001
values,2677,-2.06155281280883
values,2678,-2.06155281280883
values,2679,2
values,2680,-8.246211251235312
values,2681,-2.06155281280883
values,2682,-2.06155281280883
values,2683,16.99999999999998
values,2684,-8.246211251235312
values,2685,2
values,2686,-8.246211251235312
values,2687,16
values,2688,2
values,2689,-8.24621125123533
values,2690,2
values,2691,1
values,2692,-2.06155281280883
values,2693,-2.06155281280883
values,2694,2
values,2695,-8.246211251235312
values,2696,-2.06155281280883
values,2697,-2.06155281280883
values,2698,16.99999999999998
values,2699,-8.246211251235312
values,2700,2
values,2701,-8.246211251235312
values,2702,16
values,2703,2
values,2704,-8.24621125123533
values,2705,2
values,2706,1
values,2707,-2.06155281280883
values,2708,-2.06155281280883
values,2709,2
values,2710,-8.246211251235321
values,2711,-2.06155281280883
values,2712,-2.06155281280883
values,2713,17
values,2714,-8.246211251235321
values,2715,2
values,2716,-8.246211251235321
values,2717,16.00000000000002
values,2718,2
values,2719,-8.246211251235339
values,2720,2
values,2721,1.000000000000001
values,2722,-2.06155281280883
values,2723,-2.06155281280883
values,2724,2
values,2725,-8.246211251235312
values,2726,-2.06155281280883
values,2727,-2.06155281280883
values,2728,16.99999999999998
values,2729,-8.246211251235312
values,2730,2
values,2731,-8.246211251235312
values,2732,16
values,2733,2
values,2734,-8.24621125123533
values,2735,2
values,2736,0.5000000000000004
values,2737,-2.06155281280883
values,2738,-8.246211251235312
values,2739,-2.06155281280883
values,2740,-2.06155281280883
values,2741,16.99999999999998
values,2742,-8.246211251235312
values,2743,2
values,2744,-8.246211251235312
values,2745,16
values,2746,2
values,2747,-8.24621125123533
values,2748,2
values,2749,0.9999999999999987
values,2750,-2.06155281280883
values,2751,-2.06155281280883
values,2752,2
values,2753,-8.246211251235332
values,2754,-2.06155281280883
values,2755,17.00000000000002
values,2756,-8.246211251235332
values,2757,-2.06155281280883
values,2758,-8.246211251235332
values,2759,16
values,2760,2
values,2761,2
values,2762,-8.246211251235314
values,2763,-2.06155281280883
values,2764,2
values,2765,0.4999999999999993
values,2766,2
values,2767,0.9999999999999989
values,2768,-2.06155281280883
values,2769,-2.061552812808831
values,2770,2
values,2771,-8.246211251235332
values,2772,-2.06155281280883
values,2773,-2.06155281280883
values,2774,17.00000000000002
values,2775,-8.246211251235332
values,2776,2
values,2777,-8.246211251235332
values,2778,16
values,2779,2
values,2780,-8.246211251235314
values,2781,2
values,2782,0.9999999999999987
values,2783,-2.061552812808831
values,2784,-2.06155281280883
values,2785,2
values,2786,-8.24621125123533
values,2787,-2.061552812808831
values,2788,-2.061552812808831
values,2789,17.00000000000002
values,2790,-8.24621125123533
values,2791,2
values,2792,-8.24621125123533
values,2793,16
values,2794,2
values,2795,-8.246211251235312
values,2796,2
values,2797,0.9999999999999987
values,2798,-2.06155281280883
values,2799,-2.061552812808831
values,2800,2
values,2801,-8.246211251235334
values,2802,-2.06155281280883
values,2803,-2.06155281280883
values,2804,17.00000000000002
values,2805,-8.246211251235334
values,2806,2
values,2807,-8.246211251235334
values,2808,16.00000000000001
values,2809,2
values,2810,-8.246211251235316
values,2811,2
values,2812,0.9999999999999992
values,2813,-2.061552812808831
values,2814,-2.061552812808831
values,2815,2
values,2816,-8.24621125123533
values,2817,-2.061552812808831
values,2818,-2.061552812808831
values,2819,17.00000000000002
values,2820,-8.24621125123533
values,2821,2
values,2822,-8.24621125123533
values,2823,16
values,2824,2
values,2825,-8.246211251235312
values,2826,2
values,2827,0.9999999999999992
values,2828,-2.061552812808831
values,2829,-2.061552812808831
values,2830,2
values,2831,-8.24621125123533
values,2832,-2.061552812808831
values,2833,-2.061552812808831
values,2834,17.00000000000002
values,2835,-8.24621125123533
values,2836,2
values,2837,-8.24621125123533
values,2838,16
values,2839,2
values,2840,-8.246211251235312
values,2841,2
values,2842,0.9999999999999986
values,2843,-2.061552812808831
values,2844,-2.06155281280883
values,2845,2
values,2846,-8.24621125123533
values,2847,-2.061552812808831
values,2848,-2.061552812808831
values,2849,17.00000000000002
values,2850,-8.24621125123533
values,2851,2
values,2852,-8.24621125123533
values,2853,16
values,2854,2
values,2855,-8.246211251235312
values,2856,2
values,2857,0.9999999999999986
values,2858,-2.06155281280883
values,2859,-2.061552812808831
values,2860,2
values,2861,-8.246211251235339
values,2862,-2.06155281280883
values,2863,-2.06155281280883
values,2864,17.00000000000003
values,2865,-8.246211251235339
values,2866,2
values,2867,-8.246211251235339
values,2868,16.00000000000002
values,2869,2
values,2870,-8.246211251235321
values,2871,2
values,2872,0.9999999999999992
values,2873,-2.061552812808831
values,2874,-2.061552812808831
values,2875,2
values,2876,-8.24621125123533
values,2877,-2.061552812808831
values,2878,-2.061552812808831
values,2879,17.00000000000002
values,2880,-8.24621125123533
values,2881,2
values,2882,-8.24621125123533
values,2883,16
values,2884,2
values,2885,-8.246211251235312
values,2886,2
values,2887,0.4999999999999996
values,2888,-2.061552812808831
values,2889,-8.24621125123533
values,2890,-2.061552812808831
values,2891,-2.061552812808831
values,2892,17.00000000000002
values,2893,-8.24621125123533
values,2894,2
values,2895,-8.24621125123533
values,2896,16
values,2897,2
values,2898,-8.246211251235312
values,2899,2
values,2900,1.000000000000001
values,2901,-2.061552812808831
values,2902,-2.061552812808831
values,2903,2
values,2904,-8.246211251235314
values,2905,-2.061552812808831
values,2906,16.99999999999999
values,2907,-8.246211251235314
values,2908,-2.061552812808831
values,2909,-8.246211251235314
values,2910,7.999999999999994
values,2911,2
values,2912,-2.061552812808831
values,2913,2
values,2914,0.5000000000000004
values,2915,2
values,2916,1.000000000000001
values,2917,-2.061552812808831
values,2918,-2.06155281280883
values,2919,2
values,2920,-8.246211251235314
values,2921,-2.061552812808831
values,2922,-2.061552812808831
values,2923,16.99999999999999
values,2924,-8.246211251235314
values,2925,2
values,2926,-8.246211251235314
values,2927,7.999999999999994
values,2928,2
values,2929,1.000000000000001
values,2930,-2.06155281280883
values,2931,-2.06155281280883
values,2932,2
values,2933,-8.246211251235312
values,2934,-2.06155281280883
values,2935,-2.06155281280883
values,2936,16.99999999999998
values,2937,-8.246211251235312
values,2938,2
values,2939,-8.246211251235312
values,2940,7.999999999999991
values,2941,2
values,2942,1.000000000000001
values,2943,-2.06155281280883
values,2944,-2.06155281280883
values,2945,2
values,2946,-8.246211251235316
values,2947,-2.06155281280883
values,2948,-2.06155281280883
values,2949,16.99999999999999
values,2950,-8.246211251235316
values,2951,2
values,2952,-8.246211251235316
values,2953,7.999999999999995
values,2954,2
values,2955,1.000000000000001
values,2956,-2.06155281280883
values,2957,-2.06155281280883
values,2958,2
values,2959,-8.246211251235312
values,2960,-2.06155281280883
values,2961,-2.06155281280883
values,2962,16.99999999999998
values,2963,-8.246211251235312
values,2964,2
values,2965,-8.246211251235312
values,2966,7.999999999999991
values,2967,2
values,2968,1.000000000000001
values,2969,-2.06155281280883
values,2970,-2.06155281280883
values,2971,2
values,2972,-8.246211251235312
values,2973,-2.06155281280883
values,2974,-2.06155281280883
values,2975,16.99999999999998
values,2976,-8.246211251235312
values,2977,2
values,2978,-8.246211251235312
values,2979,7.999999999999991
values,2980,2
values,2981,1
values,2982,-2.06155281280883
values,2983,-2.06155281280883
values,2984,2
values,2985,-8.246211251235312
values,2986,-2.06155281280883
values,2987,-2.06155281280883
values,2988,16.99999999999998
values,2989,-8.246211251235312
values,2990,2
values,2991,-8.246211251235312
values,2992,7.999999999999991
values,2993,2
values,2994,1
values,2995,-2.06155281280883
values,2996,-2.06155281280883
values,2997,2
values,2998,-8.246211251235321
values,2999,-2.06155281280883
values,3000,-2.06155281280883
values,3001,17
values,3002,-8.246211251235321
values,3003,2
values,3004,-8.246211251235321
values,3005,8
values,3006,2
values,3007,1.000000000000001
values,3008,-2.06155281280883
values,3009,-2.06155281280883
values,3010,2
values,3011,-8.246211251235312
values,3012,-2.06155281280883
values,3013,-2.06155281280883
values,3014,16.99999999999998
values,3015,-8.246211251235312
values,3016,2
values,3017,-8.246211251235312
values,3018,7.999999999999991
values,3019,2
values,3020,0.5000000000000004
values,3021,-2.06155281280883
values,3022,-8.246211251235312
values,3023,-2.06155281280883
values,3024,-2.06155281280883
values,3025,16.99999999999998
values,3026,-8.246211251235312
values,3027,2
values,3028,-8.246211251235312
values,3029,7.999999999999991
values,3030,2.125
values,3031,-0.125
values,3032,-2
values,3033,-0.125
values,3034,4.25
values,3035,-0.125
values,3036,-4
values,3037,-0.125
values,3038,4.249999999999999
values,3039,-0.1250000000000001
values,3040,-3.999999999999999
values,3041,-0.1250000000000001
values,3042,4.25
values,3043,-0.125
values,3044,-4
values,3045,-0.125
values,3046,4.25
values,3047,-0.1250000000000001
values,3048,-4
values,3049,-0.1250000000000001
values,3050,4.249999999999999
values,3051,-0.1250000000000001
values,3052,-3.999999999999999
values,3053,-0.1250000000000001
values,3054,4.249999999999999
values,3055,-0.1250000000000001
values,3056,-3.999999999999999
values,3057,-0.1250000000000001
values,3058,4.250000000000002
values,3059,-0.1249999999999999
values,3060,-4.000000000000001
values,3061,-0.1249999999999999
values,3062,4.250000000000001
values,3063,-0.1250000000000001
values,3064,-4.000000000000001
values,3065,-0.1250000000000001
values,3066,4.249999999999999
values,3067,-0.1250000000000001
values,3068,-3.999999999999999
values,3069,-0.1250000000000001
values,3070,2.125
values,3071,-1.999999999999999
values,3072,-2
values,3073,4.25
values,3074,-0.25
values,3075,-2
values,3076,-4
values,3077,-0.25
values,3078,8.5
values,3079,-0.25
values,3080,-4
values,3081,-3.999999999999999
values,3082,-0.25
values,3083,8.5
values,3084,-0.2500000000000001
values,3085,-3.999999999999999
values,3086,-4
values,3087,-0.2500000000000001
values,3088,8.5
values,3089,-0.2499999999999999
values,3090,-4
values,3091,-4
values,3092,-0.2499999999999999
values,3093,8.5
values,3094,-0.2500000000000001
values,3095,-4
values,3096,-3.999999999999999
values,3097,-0.2500000000000001
values,3098,8.499999999999998
values,3099,-0.2500000000000001
values,3100,-3.999999999999999
values,3101,-3.999999999999999
values,3102,-0.2500000000000001
values,3103,8.499999999999998
values,3104,-0.2500000000000001
values,3105,-3.999999999999999
values,3106,-4.000000000000001
values,3107,-0.2500000000000001
values,3108,8.500000000000004
values,3109,-0.2499999999999998
values,3110,-4.000000000000001
values,3111,-4.000000000000001
values,3112,-0.2499999999999998
values,3113,8.500000000000004
values,3114,-0.2500000000000001
values,3115,-4.000000000000001
values,3116,-3.999999999999999
values,3117,-0.2500000000000001
values,3118,8.499999999999998
values,3119,-0.2500000000000001
values,3120,-3.999999999999999
values,3121,-1.999999999999999
values,3122,-0.2500000000000001
values,3123,4.249999999999999
values,3124,-1.999999999999999
values,3125,-2
values,3126,4.250000000000001
values,3127,-0.2499999999999999
values,3128,-2.000000000000001
values,3129,-4
values,3130,-0.2499999999999999
values,3131,8.500000000000002
values,3132,-0.2499999999999999
values,3133,-4.000000000000002
values,3134,-3.999999999999999
values,3135,-0.2499999999999999
values,3136,8.5
values,3137,-0.2500000000000001
values,3138,-4.000000000000001
values,3139,-4
values,3140,-0.2500000000000001
values,3141,8.5
values,3142,-0.2499999999999999
values,3143,-4.000000000000001
values,3144,-4
values,3145,-0.2499999999999999
values,3146,8.5
values,3147,-0.2500000000000001
values,3148,-4.000000000000001
values,3149,-3.999999999999999
values,3150,-0.2500000000000001
values,3151,8.5
values,3152,-0.2500000000000001
values,3153,-4
values,3154,-3.999999999999999
values,3155,-0.2500000000000001
values,3156,8.5
values,3157,-0.2500000000000001
values,3158,-4
values,3159,-4.000000000000001
values,3160,-0.2500000000000001
values,3161,8.500000000000004
values,3162,-0.2499999999999998
values,3163,-4.000000000000002
values,3164,-4.000000000000001
values,3165,-0.2499999999999998
values,3166,8.500000000000004
values,3167,-0.2500000000000001
values,3168,-4.000000000000002
values,3169,-3.999999999999999
values,3170,-0.2500000000000001
values,3171,8.5
values,3172,-0.2500000000000001
values,3173,-4
values,3174,-1.999999999999999
values,3175,-0.2500000000000001
values,3176,4.25
values,3177,-2
values,3178,-2.000000000000001
values,3179,4.25
values,3180,-0.25
values,3181,-2
values,3182,-4.000000000000002
values,3183,-0.25
values,3184,8.500000000000002
values,3185,-0.25
values,3186,-3.999999999999999
values,3187,-4.000000000000001
values,3188,-0.25
values,3189,8.499999999999998
values,3190,-0.2500000000000001
values,3191,-3.999999999999998
values,3192,-4.000000000000001
values,3193,-0.2500000000000001
values,3194,8.5
values,3195,-0.2499999999999999
values,3196,-3.999999999999999
values,3197,-4.000000000000001
values,3198,-0.2499999999999999
values,3199,8.5
values,3200,-0.2500000000000001
values,3201,-3.999999999999999
values,3202,-4
values,3203,-0.2500000000000001
values,3204,8.499999999999996
values,3205,-0.2500000000000001
values,3206,-3.999999999999997
values,3207,-4
values,3208,-0.2500000000000001
values,3209,8.499999999999996
values,3210,-0.2500000000000001
values,3211,-3.999999999999997
values,3212,-4.000000000000002
values,3213,-0.2500000000000001
values,3214,8.5
values,3215,-0.2499999999999998
values,3216,-4
values,3217,-4.000000000000002
values,3218,-0.2499999999999998
values,3219,8.500000000000002
values,3220,-0.2500000000000001
values,3221,-4
values,3222,-4
values,3223,-0.2500000000000001
values,3224,8.499999999999996
values,3225,-0.2500000000000001
values,3226,-3.999999999999997
values,3227,-2
values,3228,-0.2500000000000001
values,3229,4.249999999999998
values,3230,-1.999999999999999
values,3231,-2
values,3232,4.25
values,3233,-0.25
values,3234,-2.000000000000001
values,3235,-3.999999999999999
values,3236,-0.25
values,3237,8.5
values,3238,-0.25
values,3239,-4.000000000000002
values,3240,-3.999999999999998
values,3241,-0.25
values,3242,8.5
values,3243,-0.2500000000000001
values,3244,-4.000000000000001
values,3245,-3.999999999999999
values,3246,-0.2500000000000001
values,3247,8.5
values,3248,-0.2499999999999999
values,3249,-4.000000000000001
values,3250,-3.999999999999999
values,3251,-0.2499999999999999
values,3252,8.5
values,3253,-0.2500000000000001
values,3254,-4.000000000000001
values,3255,-3.999999999999997
values,3256,-0.2500000000000001
values,3257,8.499999999999996
values,3258,-0.2500000000000001
values,3259,-4
values,3260,-3.999999999999997
values,3261,-0.2500000000000001
values,3262,8.499999999999996
values,3263,-0.2500000000000001
values,3264,-4
values,3265,-4
values,3266,-0.2500000000000001
values,3267,8.500000000000002
values,3268,-0.2499999999999998
values,3269,-4.000000000000002
values,3270,-4
values,3271,-0.2499999999999998
values,3272,8.500000000000002
values,3273,-0.2500000000000001
values,3274,-4.000000000000002
values,3275,-3.999999999999997
values,3276,-0.2500000000000001
values,3277,8.499999999999996
values,3278,-0.2500000000000001
values,3279,-4
values,3280,-1.999999999999999
values,3281,-0.2500000000000001
values,3282,4.249999999999998
values,3283,-2
values,3284,-2.000000000000001
values,3285,4.250000000000002
values,3286,-0.2499999999999999
values,3287,-2.000000000000001
values,3288,-4.000000000000002
values,3289,-0.2499999999999999
values,3290,8.500000000000004
values,3291,-0.2499999999999999
values,3292,-4.000000000000002
values,3293,-4.000000000000001
values,3294,-0.2499999999999999
values,3295,8.500000000000002
values,3296,-0.25
values,3297,-4.000000000000001
values,3298,-4.000000000000001
values,3299,-0.25
values,3300,8.500000000000002
values,3301,-0.2499999999999998
values,3302,-4.000000000000001
values,3303,-4.000000000000001
values,3304,-0.2499999999999998
values,3305,8.500000000000002
values,3306,-0.25
values,3307,-4.000000000000001
values,3308,-4
values,3309,-0.25
values,3310,8.5
values,3311,-0.25
values,3312,-4
values,3313,-4
values,3314,-0.25
values,3315,8.5
values,3316,-0.25
values,3317,-4
values,3318,-4.000000000000002
values,3319,-0.25
values,3320,8.500000000000004
values,3321,-0.2499999999999997
values,3322,-4.000000000000002
values,3323,-4.000000000000002
values,3324,-0.2499999999999997
values,3325,8.500000000000004
values,3326,-0.25
values,3327,-4.000000000000002
values,3328,-4
values,3329,-0.25
values,3330,8.5
values,3331,-0.25
values,3332,-4
values,3333,-2
values,3334,-0.25
values,3335,4.25
values,3336,-2
values,3337,-2.000000000000001
values,3338,4.250000000000002
values,3339,-0.2499999999999999
values,3340,-2.000000000000001
values,3341,-4.000000000000002
values,3342,-0.2499999999999999
values,3343,8.500000000000004
values,3344,-0.2499999999999999
values,3345,-4.000000000000002
values,3346,-4.000000000000001
values,3347,-0.2499999999999999
values,3348,8.500000000000002
values,3349,-0.25
values,3350,-4.000000000000001
values,3351,-4.000000000000001
values,3352,-0.25
values,3353,8.500000000000002
values,3354,-0.2499999999999998
values,3355,-4.000000000000001
values,3356,-4.000000000000001
values,3357,-0.2499999999999998
values,3358,8.500000000000002
values,3359,-0.25
values,3360,-4.000000000000001
values,3361,-4
values,3362,-0.25
values,3363,8.5
values,3364,-0.25
values,3365,-4
values,3366,-4
values,3367,-0.25
values,3368,8.5
values,3369,-0.25
values,3370,-4
values,3371,-4.000000000000002
values,3372,-0.25
values,3373,8.500000000000004
values,3374,-0.2499999999999997
values,3375,-4.000000000000002
values,3376,-4.000000000000002
values,3377,-0.2499999999999997
values,3378,8.500000000000004
values,3379,-0.25
values,3380,-4.000000000000002
values,3381,-4
values,3382,-0.25
values,3383,8.5
values,3384,-0.25
values,3385,-4
values,3386,-2
values,3387,-0.25
values,3388,4.25
values,3389,-2
values,3390,-2.000000000000001
values,3391,4.25
values,3392,-0.2500000000000001
values,3393,-1.999999999999999
values,3394,-4.000000000000002
values,3395,-0.2500000000000001
values,3396,8.499999999999998
values,3397,-0.2500000000000001
values,3398,-3.999999999999997
values,3399,-4.000000000000001
values,3400,-0.2500000000000001
values,3401,8.499999999999998
values,3402,-0.2500000000000001
values,3403,-3.999999999999996
values,3404,-4.000000000000001
values,3405,-0.2500000000000001
values,3406,8.499999999999996
values,3407,-0.25
values,3408,-3.999999999999996
values,3409,-4.000000000000001
values,3410,-0.25
values,3411,8.499999999999998
values,3412,-0.2500000000000001
values,3413,-3.999999999999996
values,3414,-4
values,3415,-0.2500000000000001
values,3416,8.499999999999996
values,3417,-0.2500000000000001
values,3418,-3.999999999999995
values,3419,-4
values,3420,-0.2500000000000001
values,3421,8.499999999999996
values,3422,-0.2500000000000001
values,3423,-3.999999999999995
values,3424,-4.000000000000002
values,3425,-0.2500000000000001
values,3426,8.5
values,3427,-0.2499999999999998
values,3428,-3.999999999999997
values,3429,-4.000000000000002
values,3430,-0.2499999999999998
values,3431,8.5
values,3432,-0.2500000000000001
values,3433,-3.999999999999997
values,3434,-4
values,3435,-0.2500000000000001
values,3436,8.499999999999996
values,3437,-0.2500000000000001
values,3438,-3.999999999999995
values,3439,-2
values,3440,-0.2500000000000001
values,3441,4.249999999999998
values,3442,-1.999999999999998
values,3443,-1.999999999999999
values,3444,4.25
values,3445,-0.2500000000000001
values,3446,-2.000000000000001
values,3447,-3.999999999999997
values,3448,-0.2500000000000001
values,3449,8.5
values,3450,-0.2500000000000001
values,3451,-4.000000000000002
values,3452,-3.999999999999996
values,3453,-0.2500000000000001
values,3454,8.499999999999996
values,3455,-0.2500000000000001
values,3456,-4.000000000000001
values,3457,-3.999999999999996
values,3458,-0.2500000000000001
values,3459,8.499999999999996
values,3460,-0.25
values,3461,-4.000000000000001
values,3462,-3.999999999999996
values,3463,-0.25
values,3464,8.499999999999996
values,3465,-0.2500000000000001
values,3466,-4.000000000000001
values,3467,-3.999999999999995
values,3468,-0.2500000000000001
values,3469,8.499999999999996
values,3470,-0.2500000000000001
values,3471,-4
values,3472,-3.999999999999995
values,3473,-0.2500000000000001
values,3474,8.499999999999996
values,3475,-0.2500000000000001
values,3476,-4
values,3477,-3.999999999999997
values,3478,-0.2500000000000001
values,3479,8.5
values,3480,-0.2499999999999998
values,3481,-4.000000000000002
values,3482,-3.999999999999997
values,3483,-0.2499999999999998
values,3484,8.5
values,3485,-0.2500000000000001
values,3486,-4.000000000000002
values,3487,-3.999999999999995
values,3488,-0.2500000000000001
values,3489,8.499999999999996
values,3490,-0.2500000000000001
values,3491,-4
values,3492,-1.999999999999998
values,3493,-0.2500000000000001
values,3494,4.249999999999998
values,3495,-2
values,3496,-2.000000000000001
values,3497,4.250000000000002
values,3498,-0.2499999999999999
values,3499,-2.000000000000001
values,3500,-4.000000000000002
values,3501,-0.2499999999999999
values,3502,8.500000000000004
values,3503,-0.2499999999999999
values,3504,-4.000000000000002
values,3505,-4.000000000000001
values,3506,-0.2499999999999999
values,3507,8.500000000000002
values,3508,-0.25
values,3509,-4.000000000000001
values,3510,-4.000000000000001
values,3511,-0.25
values,3512,8.500000000000002
values,3513,-0.2499999999999998
values,3514,-4.000000000000001
values,3515,-4.000000000000001
values,3516,-0.2499999999999998
values,3517,8.500000000000002
values,3518,-0.25
values,3519,-4.000000000000001
values,3520,-4
values,3521,-0.25
values,3522,8.5
values,3523,-0.25
values,3524,-4
values,3525,-4
values,3526,-0.25
values,3527,8.5
values,3528,-0.25
values,3529,-4
values,3530,-4.000000000000002
values,3531,-0.25
values,3532,8.500000000000004
values,3533,-0.2499999999999997
values,3534,-4.000000000000002
values,3535,-4.000000000000002
values,3536,-0.2499999999999997
values,3537,8.500000000000004
values,3538,-0.25
values,3539,-4.000000000000002
values,3540,-4
values,3541,-0.25
values,3542,8.5
values,3543,-0.25
values,3544,-4
values,3545,-2
values,3546,-0.25
values,3547,4.25
values,3548,-2
values,3549,-2.000000000000001
values,3550,4.25
values,3551,-0.2500000000000001
values,3552,-1.999999999999999
values,3553,-4.000000000000002
values,3554,-0.2500000000000001
values,3555,8.499999999999998
values,3556,-0.2500000000000001
values,3557,-3.999999999999997
values,3558,-4.000000000000001
values,3559,-0.2500000000000001
values,3560,8.499999999999998
values,3561,-0.2500000000000001
values,3562,-3.999999999999996
values,3563,-4.000000000000001
values,3564,-0.2500000000000001
values,3565,8.499999999999996
values,3566,-0.25
values,3567,-3.999999999999996
values,3568,-4.000000000000001
values,3569,-0.25
values,3570,8.499999999999998
values,3571,-0.2500000000000001
values,3572,-3.999999999999996
values,3573,-4
values,3574,-0.2500000000000001
values,3575,8.499999999999996
values,3576,-0.2500000000000001
values,3577,-3.999999999999995
values,3578,-4
values,3579,-0.2500000000000001
values,3580,8.499999999999996
values,3581,-0.2500000000000001
values,3582,-3.999999999999995
values,3583,-4.000000000000002
values,3584,-0.2500000000000001
values,3585,8.5
values,3586,-0.2499999999999998
values,3587,-3.999999999999997
values,3588,-4.000000000000002
values,3589,-0.2499999999999998
values,3590,8.5
values,3591,-0.2500000000000001
values,3592,-3.999999999999997
values,3593,-4
values,3594,-0.2500000000000001
values,3595,8.499999999999996
values,3596,-0.2500000000000001
values,3597,-3.999999999999995
values,3598,-2
values,3599,-0.2500000000000001
values,3600,4.249999999999998
values,3601,-1.999999999999998
values,3602,-1.999999999999999
values,3603,4.250000000000002
values,3604,-0.2499999999999999
values,3605,-2.000000000000003
values,3606,-3.999999999999997
values,3607,-0.2499999999999999
values,3608,8.500000000000004
values,3609,-0.2499999999999999
values,3610,-4.000000000000005
values,3611,-3.999999999999996
values,3612,-0.2499999999999999
values,3613,8.500000000000002
values,3614,-0.25
values,3615,-4.000000000000005
values,3616,-3.999999999999996
values,3617,-0.25
values,3618,8.500000000000002
values,3619,-0.2499999999999999
values,3620,-4.000000000000005
values,3621,-3.999999999999996
values,3622,-0.2499999999999999
values,3623,8.500000000000002
values,3624,-0.25
values,3625,-4.000000000000005
values,3626,-3.999999999999995
values,3627,-0.25
values,3628,8.5
values,3629,-0.25
values,3630,-4.000000000000004
values,3631,-3.999999999999995
values,3632,-0.25
values,3633,8.5
values,3634,-0.25
values,3635,-4.000000000000004
values,3636,-3.999999999999997
values,3637,-0.25
values,3638,8.500000000000004
values,3639,-0.2499999999999997
values,3640,-4.000000000000007
values,3641,-3.999999999999997
values,3642,-0.2499999999999997
values,3643,8.500000000000005
values,3644,-0.25
values,3645,-4.000000000000007
values,3646,-3.999999999999995
values,3647,-0.25
values,3648,8.5
values,3649,-0.25
values,3650,-4.000000000000004
values,3651,-1.999999999999998
values,3652,-0.25
values,3653,4.25
values,3654,-2.000000000000002
values,3655,-2.000000000000003
values,3656,4.250000000000002
values,3657,-0.2499999999999999
values,3658,-1.999999999999999
values,3659,-4.000000000000005
values,3660,-0.2499999999999999
values,3661,8.500000000000002
values,3662,-0.2499999999999999
values,3663,-3.999999999999997
values,3664,-4.000000000000005
values,3665,-0.2499999999999999
values,3666,8.500000000000002
values,3667,-0.25
values,3668,-3.999999999999996
values,3669,-4.000000000000005
values,3670,-0.25
values,3671,8.500000000000002
values,3672,-0.2499999999999999
values,3673,-3.999999999999996
values,3674,-4.000000000000005
values,3675,-0.2499999999999999
values,3676,8.500000000000002
values,3677,-0.25
values,3678,-3.999999999999996
values,3679,-4.000000000000004
values,3680,-0.25
values,3681,8.5
values,3682,-0.25
values,3683,-3.999999999999995
values,3684,-4.000000000000004
values,3685,-0.25
values,3686,8.5
values,3687,-0.25
values,3688,-3.999999999999995
values,3689,-4.000000000000007
values,3690,-0.25
values,3691,8.500000000000005
values,3692,-0.2499999999999997
values,3693,-3.999999999999997
values,3694,-4.000000000000007
values,3695,-0.2499999999999997
values,3696,8.500000000000004
values,3697,-0.25
values,3698,-3.999999999999997
values,3699,-4.000000000000004
values,3700,-0.25
values,3701,8.5
values,3702,-0.25
values,3703,-3.999999999999995
values,3704,-2.000000000000002
values,3705,-0.25
values,3706,4.25
values,3707,-1.999999999999998
values,3708,-1.999999999999999
values,3709,4.250000000000002
values,3710,-0.2499999999999999
values,3711,-2.000000000000003
values,3712,-3.999999999999997
values,3713,-0.2499999999999999
values,3714,8.500000000000004
values,3715,-0.2499999999999999
values,3716,-4.000000000000005
values,3717,-3.999999999999996
values,3718,-0.2499999999999999
values,3719,8.500000000000002
values,3720,-0.25
values,3721,-4.000000000000005
values,3722,-3.999999999999996
values,3723,-0.25
values,3724,8.500000000000002
values,3725,-0.2499999999999999
values,3726,-4.000000000000005
values,3727,-3.999999999999996
values,3728,-0.2499999999999999
values,3729,8.500000000000002
values,3730,-0.25
values,3731,-4.000000000000005
values,3732,-3.999999999999995
values,3733,-0.25
values,3734,8.5
values,3735,-0.25
values,3736,-4.000000000000004
values,3737,-3.999999999999995
values,3738,-0.25
values,3739,8.5
values,3740,-0.25
values,3741,-4.000000000000004
values,3742,-3.999999999999997
values,3743,-0.25
values,3744,8.500000000000004
values,3745,-0.2499999999999997
values,3746,-4.000000000000007
values,3747,-3.999999999999997
values,3748,-0.2499999999999997
values,3749,8.500000000000005
values,3750,-0.25
values,3751,-4.000000000000007
values,3752,-3.999999999999995
values,3753,-0.25
values,3754,8.5
values,3755,-0.25
values,3756,-4.000000000000004
values,3757,-1.999999999999998
values,3758,-0.25
values,3759,4.25
values,3760,-2.000000000000002
values,3761,-2.000000000000003
values,3762,4.250000000000002
values,3763,-0.2499999999999999
values,3764,-1.999999999999999
values,3765,-4.000000000000005
values,3766,-0.2499999999999999
values,3767,8.500000000000002
values,3768,-0.2499999999999999
values,3769,-3.999999999999997
values,3770,-4.000000000000005
values,3771,-0.2499999999999999
values,3772,8.500000000000002
values,3773,-0.25
values,3774,-3.999999999999996
values,3775,-4.000000000000005
values,3776,-0.25
values,3777,8.500000000000002
values,3778,-0.2499999999999999
values,3779,-3.999999999999996
values,3780,-4.000000000000005
values,3781,-0.2499999999999999
values,3782,8.500000000000002
values,3783,-0.25
values,3784,-3.999999999999996
values,3785,-4.000000000000004
values,3786,-0.25
values,3787,8.5
values,3788,-0.25
values,3789,-3.999999999999995
values,3790,-4.000000000000004
values,3791,-0.25
values,3792,8.5
values,3793,-0.25
values,3794,-3.999999999999995
values,3795,-4.000000000000007
values,3796,-0.25
values,3797,8.500000000000005
values,3798,-0.2499999999999997
values,3799,-3.999999999999997
values,3800,-4.000000000000007
values,3801,-0.2499999999999997
values,3802,8.500000000000004
values,3803,-0.25
values,3804,-3.999999999999997
values,3805,-4.000000000000004
values,3806,-0.25
values,3807,8.5
values,3808,-0.25
values,3809,-3.999999999999995
values,3810,-2.000000000000002
values,3811,-0.25
values,3812,4.25
values,3813,-1.999999999999998
values,3814,-1.999999999999999
values,3815,4.249999999999997
values,3816,-0.2500000000000002
values,3817,-1.999999999999999
values,3818,-3.999999999999997
values,3819,-0.2500000000000002
values,3820,8.499999999999995
values,3821,-0.2500000000000002
values,3822,-3.999999999999997
values,3823,-3.999999999999996
values,3824,-0.2500000000000002
values,3825,8.499999999999993
values,3826,-0.2500000000000003
values,3827,-3.999999999999996
values,3828,-3.999999999999996
values,3829,-0.2500000000000003
values,3830,8.499999999999993
values,3831,-0.2500000000000001
values,3832,-3.999999999999996
values,3833,-3.999999999999996
values,3834,-0.2500000000000001
values,3835,8.499999999999993
values,3836,-0.2500000000000003
values,3837,-3.999999999999996
values,3838,-3.999999999999995
values,3839,-0.2500000000000003
values,3840,8.499999999999991
values,3841,-0.2500000000000003
values,3842,-3.999999999999995
values,3843,-3.999999999999995
values,3844,-0.2500000000000003
values,3845,8.499999999999991
values,3846,-0.2500000000000003
values,3847,-3.999999999999995
values,3848,-3.999999999999997
values,3849,-0.2500000000000003
values,3850,8.499999999999996
values,3851,-0.25
values,3852,-3.999999999999997
values,3853,-3.999999999999997
values,3854,-0.25
values,3855,8.499999999999996
values,3856,-0.2500000000000003
values,3857,-3.999999999999997
values,3858,-3.999999999999995
values,3859,-0.2500000000000003
values,3860,8.499999999999991
values,3861,-0.2500000000000003
values,3862,-3.999999999999995
values,3863,-1.999999999999998
values,3864,-0.2500000000000003
values,3865,4.249999999999996
values,3866,-1.999999999999998
values,3867,-1.999999999999999
values,3868,4.250000000000002
values,3869,-0.2499999999999999
values,3870,-2.000000000000003
values,3871,-3.999999999999997
values,3872,-0.2499999999999999
values,3873,8.500000000000004
values,3874,-0.2499999999999999
values,3875,-4.000000000000005
values,3876,-3.999999999999996
values,3877,-0.2499999999999999
values,3878,8.500000000000002
values,3879,-0.25
values,3880,-4.000000000000005
values,3881,-3.999999999999996
values,3882,-0.25
values,3883,8.500000000000002
values,3884,-0.2499999999999999
values,3885,-4.000000000000005
values,3886,-3.999999999999996
values,3887,-0.2499999999999999
values,3888,8.500000000000002
values,3889,-0.25
values,3890,-4.000000000000005
values,3891,-3.999999999999995
values,3892,-0.25
values,3893,8.5
values,3894,-0.25
values,3895,-4.000000000000004
values,3896,-3.999999999999995
values,3897,-0.25
values,3898,8.5
values,3899,-0.25
values,3900,-4.000000000000004
values,3901,-3.999999999999997
values,3902,-0.25
values,3903,8.500000000000004
values,3904,-0.2499999999999997
values,3905,-4.000000000000007
values,3906,-3.999999999999997
values,3907,-0.2499999999999997
values,3908,8.500000000000005
values,3909,-0.25
values,3910,-4.000000000000007
values,3911,-3.999999999999995
values,3912,-0.25
values,3913,8.5
values,3914,-0.25
values,3915,-4.000000000000004
values,3916,-1.999999999999998
values,3917,-0.25
values,3918,4.25
values,3919,-2.000000000000002
values,3920,-2.000000000000003
values,3921,4.250000000000002
values,3922,-0.2499999999999999
values,3923,-1.999999999999999
values,3924,-4.000000000000005
values,3925,-0.2499999999999999
values,3926,8.500000000000002
values,3927,-0.2499999999999999
values,3928,-3.999999999999997
values,3929,-4.000000000000005
values,3930,-0.2499999999999999
values,3931,8.500000000000002
values,3932,-0.25
values,3933,-3.999999999999996
values,3934,-4.000000000000005
values,3935,-0.25
values,3936,8.500000000000002
values,3937,-0.2499999999999999
values,3938,-3.999999999999996
values,3939,-4.000000000000005
values,3940,-0.2499999999999999
values,3941,8.500000000000002
values,3942,-0.25
values,3943,-3.999999999999996
values,3944,-4.000000000000004
values,3945,-0.25
values,3946,8.5
values,3947,-0.25
values,3948,-3.999999999999995
values,3949,-4.000000000000004
values,3950,-0.25
values,3951,8.5
values,3952,-0.25
values,3953,-3.999999999999995
values,3954,-4.000000000000007
values,3955,-0.25
values,3956,8.500000000000005
values,3957,-0.2499999999999997
values,3958,-3.999999999999997
values,3959,-4.000000000000007
values,3960,-0.2499999999999997
values,3961,8.500000000000004
values,3962,-0.25
values,3963,-3.999999999999997
values,3964,-4.000000000000004
values,3965,-0.25
values,3966,8.5
values,3967,-0.25
values,3968,-3.999999999999995
values,3969,-2.000000000000002
values,3970,-0.25
values,3971,4.25
values,3972,-1.999999999999998
values,3973,-1.999999999999999
values,3974,4.250000000000002
values,3975,-0.2499999999999999
values,3976,-2.000000000000003
values,3977,-3.999999999999997
values,3978,-0.2499999999999999
values,3979,8.500000000000004
values,3980,-0.2499999999999999
values,3981,-4.000000000000005
values,3982,-3.999999999999996
values,3983,-0.2499999999999999
values,3984,8.500000000000002
values,3985,-0.25
values,3986,-4.000000000000005
values,3987,-3.999999999999996
values,3988,-0.25
values,3989,8.500000000000002
values,3990,-0.2499999999999999
values,3991,-4.000000000000005
values,3992,-3.999999999999996
values,3993,-0.2499999999999999
values,3994,8.500000000000002
values,3995,-0.25
values,3996,-4.000000000000005
values,3997,-3.999999999999995
values,3998,-0.25
values,3999,8.5
values,4000,-0.25
values,4001,-4.000000000000004
values,4002,-3.999999999999995
values,4003,-0.25
values,4004,8.5
values,4005,-0.25
values,4006,-4.000000000000004
values,4007,-3.999999999999997
values,4008,-0.25
values,4009,8.500000000000004
values,4010,-0.2499999999999997
values,4011,-4.000000000000007
values,4012,-3.999999999999997
values,4013,-0.2499999999999997
values,4014,8.500000000000005
values,4015,-0.25
values,4016,-4.000000000000007
values,4017,-3.999999999999995
values,4018,-0.25
values,4019,8.5
values,4020,-0.25
values,4021,-4.000000000000004
values,4022,-1.999999999999998
values,4023,-0.25
values,4024,4.25
values,4025,-2.000000000000002
values,4026,-2.000000000000003
values,4027,4.250000000000002
values,4028,-0.2499999999999999
values,4029,-1.999999999999999
values,4030,-4.000000000000005
values,4031,-0.2499999999999999
values,4032,8.500000000000002
values,4033,-0.2499999999999999
values,4034,-3.999999999999997
values,4035,-4.000000000000005
values,4036,-0.2499999999999999
values,4037,8.500000000000002
values,4038,-0.25
values,4039,-3.999999999999996
values,4040,-4.000000000000005
values,4041,-0.25
values,4042,8.500000000000002
values,4043,-0.2499999999999999
values,4044,-3.999999999999996
values,4045,-4.000000000000005
values,4046,-0.2499999999999999
values,4047,8.500000000000002
values,4048,-0.25
values,4049,-3.999999999999996
values,4050,-4.000000000000004
values,4051,-0.25
values,4052,8.5
values,4053,-0.25
values,4054,-3.999999999999995
values,4055,-4.000000000000004
values,4056,-0.25
values,4057,8.5
values,4058,-0.25
values,4059,-3.999999999999995
values,4060,-4.000000000000007
values,4061,-0.25
values,4062,8.500000000000005
values,4063,-0.2499999999999997
values,4064,-3.999999999999997
values,4065,-4.000000000000007
values,4066,-0.2499999999999997
values,4067,8.500000000000004
values,4068,-0.25
values,4069,-3.999999999999997
values,4070,-4.000000000000004
values,4071,-0.25
values,4072,8.5
values,4073,-0.25
values,4074,-3.999999999999995
values,4075,-2.000000000000002
values,4076,-0.25
values,4077,4.25
values,4078,-1.999999999999998
values,4079,-1.999999999999999
values,4080,2.124999999999999
values,4081,-0.1250000000000001
values,4082,-3.999999999999997
values,4083,-0.1250000000000001
values,4084,4.249999999999997
values,4085,-0.1250000000000001
values,4086,-3.999999999999996
values,4087,-0.1250000000000001
values,4088,4.249999999999996
values,4089,-0.1250000000000001
values,4090,-3.999999999999996
values,4091,-0.1250000000000001
values,4092,4.249999999999996
values,4093,-0.1250000000000001
values,4094,-3.999999999999996
values,4095,-0.1250000000000001
values,4096,4.249999999999996
values,4097,-0.1250000000000001
values,4098,-3.999999999999995
values,4099,-0.1250000000000001
values,4100,4.249999999999996
values,4101,-0.1250000000000001
values,4102,-3.999999999999995
values,4103,-0.1250000000000001
values,4104,4.249999999999996
values,4105,-0.1250000000000001
values,4106,-3.999999999999997
values,4107,-0.1250000000000001
values,4108,4.249999999999998
values,4109,-0.125
values,4110,-3.999999999999997
values,4111,-0.125
values,4112,4.249999999999998
values,4113,-0.1250000000000001
values,4114,-3.999999999999995
values,4115,-0.1250000000000001
values,4116,4.249999999999996
values,4117,-0.1250000000000001
values,4118,-1.999999999999998
values,4119,-0.1250000000000001
values,4120,2.124999999999998
